Angle,Frequency_GHz,S11_TE_Re,S11_TE_Im,S11_TM_Re,S11_TM_Im,S21_TE_Re,S21_TE_Im,S21_TM_Re,S21_TM_Im
0.0,0.0,1.8524744517510436e-07,-2.1583869373559727e-06,2.008083833031284e-07,-2.11769162475327e-06,0.9999996411778976,-7.181885923268159e-07,0.999999674936472,-6.416110289895033e-07
0.0,0.02,-5.095394108666296e-07,-0.0008073240932952279,-4.974210787998863e-07,-0.0008074375966982741,0.9999990284290317,-0.0008229468424038826,0.9999990553749619,-0.0008230335550597457
0.0,0.04,-2.51079181341905e-06,-0.0016125009290494333,-2.5025666305482254e-06,-0.0016127682949261092,0.999997089448241,-0.0016451854829510955,0.9999971092443952,-0.0016454349230238293
0.0,0.06,-5.8186484458253175e-06,-0.0024176960015865616,-5.8147228683933595e-06,-0.002418116633180852,0.9999938241627927,-0.0024674407959042553,0.9999938364718685,-0.002467852374883437
0.0,0.08,-1.043326439791003e-05,-0.0032229155392852634,-1.0434053829869656e-05,-0.00322348961109955,0.9999892324444065,-0.0032897198014300625,0.9999892369291785,-0.0032902928078123546
0.0,0.1,-1.6354879338903148e-05,-0.004028167029406308,-1.636085191590606e-05,-0.00402889333055401,0.9999833141121268,-0.004112028820908273,0.9999833104341725,-0.004112762891430902
0.0,0.12,-2.3583794188305402e-05,-0.004833456677602062,-2.3595253735529394e-05,-0.004834335392180161,0.9999760689288303,-0.004934374768234999,0.9999760567497321,-0.00493526936427853
0.0,0.14,-3.2120302828608866e-05,-0.0056387910809179665,-3.213779091681719e-05,-0.00563982202241183,0.9999674966024028,-0.0057567643816472235,0.9999674755834279,-0.005757818963766137
0.0,0.16,-4.1964726331899316e-05,-0.006444177462700832,-4.198862719546742e-05,-0.006445360075589718,0.9999575967876105,-0.006579204398035359,0.9999575665895929,-0.006580418425955695
0.0,0.18,-5.311764695003255e-05,-0.007249622503485738,-5.3148307624483375e-05,-0.00725095706848401,0.9999463690835688,-0.007401701552699478,0.9999463293676221,-0.007403074310788996
0.0,0.2,-6.557942595740481e-05,-0.008055133782279303,-6.561738787002578e-05,-0.008056618446299148,0.9999338130333962,-0.008224262579110958,0.9999337634594802,-0.00822579369996697
0.0,0.22,-7.935065518030219e-05,-0.008860716387195518,-7.93962363125144e-05,-0.008862351525669823,0.9999199281288218,-0.009046894208717127,0.9999198683558744,-0.00904858314956398
0.0,0.24,-9.443208489116734e-05,-0.009666378073467291,-9.448564653369155e-05,-0.009668164062726595,0.9999047138021271,-0.009869603170643549,0.9999046434915175,-0.009871449387895753
0.0,0.26,-0.00011082401682520108,-0.010472125349098901,-0.00011088618977675819,-0.01047406135760928,0.9998881694334905,-0.010692396366054504,0.9998880882439753,-0.010694399140736714
0.0,0.28,-0.00012852754188085507,-0.011277965182298294,-0.00012859857307979543,-0.01128005140368414,0.9998702943502521,-0.011515280169789779,0.9998702019385646,-0.011517439305667688
0.0,0.3,-0.00014754328587831872,-0.012083905762855358,-0.00014762374341304664,-0.012086140996695555,0.9998510878175979,-0.01233826182629221,0.9998509838438873,-0.012340576602732049
0.0,0.32,-0.0001678719639413547,-0.01288995118271278,-0.0001679622038672937,-0.012892335437317751,0.9998305490533369,-0.013161347704205227,0.9998304331771538,-0.013163817574264816
0.0,0.34,-0.00018951447907387885,-0.01369610976094438,-0.00018961481550133265,-0.01369864304646801,0.9998086772177236,-0.013984544692295599,0.9998085490928371,-0.013987169282649314
0.0,0.36,-0.00021247183861879785,-0.014502387163745672,-0.00021258279687465844,-0.014505069488120645,0.9997854714135856,-0.014807859501077141,0.9997853306957465,-0.014810638437577565
0.0,0.38,-0.00023674496389700133,-0.015308792070137174,-0.0002368670423149184,-0.015311621679392982,0.9997609306861924,-0.015631299011631905,0.9997607770351333,-0.01563423157027905
0.0,0.4,-0.0002623351015431104,-0.016115330444069927,-0.0002624685388434732,-0.016118307166294078,0.9997350540438159,-0.016454869752102454,0.9997348871060044,-0.016457955556907097
0.0,0.42,-0.0002892430529998815,-0.016922008830337353,-0.00028938804545642233,-0.016925132495495352,0.9997078404038071,-0.017278578769268922,0.9997076598548689,-0.017281817269339732
0.0,0.44,-0.0003174699634334112,-0.017728834289472764,-0.00031762732046376063,-0.01773210676003277,0.9996792886465479,-0.018102433454610652,0.9996790941509475,-0.018105822876313845
0.0,0.46,-0.0003470170569620253,-0.018535813663005277,-0.0003471875204108653,-0.01853923067608695,0.9996493976369409,-0.01892643875200536,0.9996491887989374,-0.018929981334023117
0.0,0.48,-0.0003778859736294117,-0.01934295357758758,-0.00037806942429187965,-0.019346517013478105,0.999618166133349,-0.019750601693744017,0.9996179426308388,-0.01975429566094847
0.0,0.5,-0.00041007780294526855,-0.020150261394462184,-0.00041027435211796263,-0.020153971088778224,0.9995855927955392,-0.02057493227292581,0.9995853543106701,-0.02057877584947489
0.0,0.52,-0.00044359360916220727,-0.020957741968329145,-0.00044380405739139877,-0.020961597743226312,0.9995516763508188,-0.02139943349813574,0.9995514224837938,-0.021403428396333638
0.0,0.54,-0.00047843496344427414,-0.021765405030869715,-0.00047866009842102974,-0.021769404201618874,0.9995164154131065,-0.022224111861752563,0.9995161458215649,-0.022228258048844655
0.0,0.56,-0.0005146037890077493,-0.022573254427475622,-0.0005148433646262754,-0.022577399254053467,0.9994798084283179,-0.023048979083573704,0.9994795228157644,-0.023053273036313337
0.0,0.58,-0.0005521010609756579,-0.02338130024573662,-0.0005523555115878009,-0.02338559056063042,0.9994418540047674,-0.023874036409871333,0.9994415519812938,-0.023878479838084696
0.0,0.6,-0.0005909283947716003,-0.024189545002752506,-0.0005911985769201418,-0.024193980628027453,0.9994025505167029,-0.024699293803084305,0.999402231751219,-0.024703884926379927
0.0,0.62,-0.0006310876737232545,-0.02499799910569274,-0.0006313740499412683,-0.02500257987366983,0.9993618963671643,-0.025524755984763524,0.9993615604782461,-0.025529496511339175
0.0,0.64,-0.0006725807768936145,-0.025806669169772763,-0.0006728832817698231,-0.025811391953439667,0.9993198898716964,-0.026350431159366992,0.9993195365309963,-0.026355319307161663
0.0,0.66,-0.0007154087032051011,-0.026615560594467527,-0.000715728308050877,-0.02662042809456944,0.9992765292467577,-0.02717632752287475,0.9992761581301718,-0.027181361509114713
0.0,0.68,-0.0007595744004084733,-0.02742468121997935,-0.0007599110889573587,-0.02742969328379321,0.9992318128138726,-0.02800244803201533,0.999231423515305,-0.02800762956152673
0.0,0.7,-0.0008050785616358141,-0.028234039293692007,-0.0008054331680621515,-0.02823919249246914,0.999185738561219,-0.028828804354894613,0.9991853307707915,-0.028834131643545383
0.0,0.72,-0.0008519241508221285,-0.029043636796431672,-0.0008522962109429209,-0.029048934152452778,0.9991383047804543,-0.02965539768957079,0.9991378781292923,-0.02966087069605382
0.0,0.74,-0.0009001125030853449,-0.029853484879610707,-0.000900502840108483,-0.029858922778838917,0.9990895093450419,-0.03048223968759022,0.9990890634641609,-0.030487858369663917
0.0,0.76,-0.0009496459250362576,-0.030663591981381588,-0.0009500549616807298,-0.0306691700758489,0.9990393503054462,-0.03130933501729702,0.9990388848919431,-0.03131509758849517
0.0,0.78,-0.0010005260220235259,-0.03147395898703209,-0.001000954845135985,-0.03147968053500901,0.9989878255915469,-0.032136690081780904,0.9989873402230625,-0.03214259824175323
0.0,0.8,-0.0010527558819635834,-0.032284597427040915,-0.001053204269047827,-0.03229045856710372,0.9989349330399351,-0.032964313019274494,0.9989344273932643,-0.032970364979143366
0.0,0.82,-0.0011063367228127535,-0.03309551012751393,-0.0011068052228662445,-0.033101514323349596,0.9988806704586484,-0.03379221021421123,0.9988801441788415,-0.03379840592856732
0.0,0.84,-0.0011612712094904712,-0.03390670882046702,-0.0011617601227327907,-0.03391285200868745,0.9988250356199817,-0.03462038804220782,0.998824488389429,-0.034626725720660355
0.0,0.86,-0.0012175619100445194,-0.034718199627157054,-0.0012180716576357374,-0.034724481462345004,0.9987680262259938,-0.03544885286867811,0.9987674576075672,-0.035455334206525045
0.0,0.88,-0.001275210671240204,-0.03552998359866046,-0.0012757418207286866,-0.0355364078261544,0.9987096398682006,-0.03627761279244019,0.9987090495699764,-0.03628423599839495
0.0,0.9,-0.0013342210987166887,-0.03634207487258364,-0.0013347739306387124,-0.036348637150498006,0.998649874138375,-0.03710667415861169,0.998649261708625,-0.03711344092544918
0.0,0.92,-0.0013945940615514413,-0.03715447948372296,-0.0013951689960602026,-0.0371611794683474,0.9985887265148659,-0.037936045045029856,0.9985880917075725,-0.03794295183605119
0.0,0.94,-0.0014563334361962247,-0.037967197691921244,-0.0014569310610553258,-0.0379740394107648,0.998526194591511,-0.03876572828912766,0.9985255369662525,-0.03877277679558341
0.0,0.96,-0.0015194410101109525,-0.038780241135864195,-0.0015200617594818865,-0.03878722443311939,0.9984622755810055,-0.039595735431759094,0.9984615947849829,-0.03960292560186608
0.0,0.98,-0.0015839199004331886,-0.03959362043261871,-0.0015845640263524793,-0.0396007405945462,0.99839696693669,-0.04042607103233372,0.9983962626415952,-0.040433401069002284
0.0,1.0,-0.00164977292160828,-0.04040733640843338,-0.00165044013816977,-0.04041459312141079,0.998330265869034,-0.04125674312212033,0.9983295377017577,-0.04126421297093983
0.0,1.02,-0.0017170026178346801,-0.0412213991453246,-0.001717694035382152,-0.0412287920403443,0.9982621696204934,-0.04208775797864935,0.9982614172927778,-0.04209536584242814
0.0,1.04,-0.0017856114489624467,-0.04203581583509125,-0.0017863274863614458,-0.04204334457132504,0.9981926753863648,-0.042919121867809815,0.99819189842987,-0.04292686943164005
0.0,1.06,-0.001855603125281272,-0.0428505872709599,-0.001856344414966365,-0.04285825644117541,0.9981217802918102,-0.04375084104262779,0.9981209784094607,-0.04375872650711222
0.0,1.08,-0.0019269806298980918,-0.04366572960241345,-0.0019277466227028586,-0.04367353406051907,0.9980494812477415,-0.0445829252273191,0.9980486540573569,-0.0445909485338677
0.0,1.1,-0.0019997454803398545,-0.04448124237521334,-0.0020005375727804907,-0.04448918687066243,0.9979757754233836,-0.04541537716548483,0.9979749224634158,-0.04542353999630227
0.0,1.12,-0.0020739030263176774,-0.04529714078628731,-0.0020747211762147996,-0.04530521473681103,0.9979006595144098,-0.046248208295857816,0.9978997805724752,-0.04625650710728651
0.0,1.14,-0.0021494548376892837,-0.046113423270118685,-0.0021502999408305923,-0.04612163676834549,0.9978241305036155,-0.04708142307757803,0.9978232251064085,-0.04708985954928217
0.0,1.16,-0.0022264046269535936,-0.046930100016777845,-0.00222727604325563,-0.04693844754734523,0.9977461852144254,-0.047915027696938076,0.9977452529907728,-0.04792360176685005
0.0,1.18,-0.0023047559341484126,-0.04774717563687685,-0.0023056551518914775,-0.04775566232207332,0.9976668202530203,-0.04874903180929463,0.9976658609788157,-0.04875773993072421
0.0,1.2,-0.0023845111165906037,-0.04856466366289085,-0.0023854382971064633,-0.04857328376211343,0.9975860324149981,-0.04958343983128905,0.9975850455691593,-0.04959228367840664
0.0,1.22,-0.0024656743682346326,-0.049382562631218624,-0.002466629929191012,-0.04939131580674968,0.9975038182557634,-0.05041825964696573,0.997502803527048,-0.05042723915777463
0.0,1.24,-0.002548249981172217,-0.05020088802892923,-0.002549233464014808,-0.05020977398944775,0.9974201743673076,-0.05125349738472192,0.9974191314098776,-0.05126261249461147
0.0,1.26,-0.0026322396313942747,-0.05101963701521387,-0.0026332526185398834,-0.05102866125543777,0.9973350971462693,-0.05208916089616303,0.9973340255902369,-0.05209840979291293
0.0,1.28,-0.002717647814458373,-0.05183882708344459,-0.0027186904299538834,-0.051847983487925894,0.9972485831666005,-0.05292525628419051,0.9972474825763787,-0.05293464064195424
0.0,1.3,-0.002804478316106643,-0.052658460106408796,-0.0028055500581366916,-0.05266774838874515,0.9971606286547401,-0.05376179136627933,0.997159498663098,-0.05377130937088094
0.0,1.32,-0.0028927353436024902,-0.053478544450400074,-0.0028938375345031603,-0.05348796422840272,0.9970712298072909,-0.054598773944963326,0.9970700701855222,-0.054608425534250125
0.0,1.34,-0.0029824209353727918,-0.054299081930518196,-0.0029835543356163787,-0.05430863912142413,0.9969803832140884,-0.05543620834032986,0.9969791932741994,-0.05544599342596988
0.0,1.36,-0.0030735405721464327,-0.055120084987694815,-0.0030747043038001774,-0.055129773153210236,0.9968880846930039,-0.056274104053059895,0.9968868644190022,-0.05628402083740859
0.0,1.38,-0.0031660974499356,-0.05594155741217741,-0.003167293242718709,-0.05595138260775153,0.9967943304551821,-0.057112467100722326,0.9967930792765131,-0.05712251549968618
0.0,1.4,-0.0032600953134454638,-0.05676351221006203,-0.0032613232307295817,-0.056773467755975665,0.9966991165730261,-0.057951303479341965,0.9966978341621359,-0.057961485166891376
0.0,1.42,-0.0033555393320966824,-0.05758595136023719,-0.003356798786114481,-0.05759603698183481,0.9966024391071239,-0.0587906209157242,0.9966011251076384,-0.058800934072333444
0.0,1.44,-0.0034524321946551835,-0.05840888460250214,-0.0034537241958953573,-0.058419093184712285,0.9965042938587614,-0.05963042710712853,0.996502947814471,-0.05964087165176235
0.0,1.46,-0.0035507788864076006,-0.059232308370778086,-0.003552103613381606,-0.059242653093130336,0.996404676484747,-0.060470729727107826,0.9964032981595766,-0.06048130384539569
0.0,1.48,-0.003650582979368806,-0.060056245939120866,-0.0036519414713698578,-0.06006671968481569,0.9963035831702989,-0.061311532975346604,0.9963021722254098,-0.0613222365913715
0.0,1.5,-0.0037518499506030865,-0.0608806991297611,-0.00375324156235104,-0.06089130163289455,0.996201009406798,-0.062152844485451726,0.9961995652799891,-0.062163679253879604
0.0,1.52,-0.0038545831184752404,-0.06170566774312582,-0.0038560093155520507,-0.06171639860760697,0.9960969508900518,-0.062994673633343,0.9960954732344831,-0.06300563773001605
0.0,1.54,-0.003958786534763022,-0.06253116305660579,-0.003960248190350571,-0.06254202915152271,0.995991403044336,-0.06383702627118135,0.9959898915206837,-0.06384811961691447
0.0,1.56,-0.004064465213387635,-0.0633571933276909,-0.0040659623011112195,-0.06336818721688632,0.9958843616141493,-0.06467990825552933,0.9958828158829275,-0.0646911307701753
0.0,1.58,-0.004171624498556497,-0.06418377045083097,-0.0041731563158252175,-0.06419489187743965,0.9957758218621011,-0.06552332888686663,0.995774241583358,-0.06553467874380584
0.0,1.6,-0.004280268580377999,-0.06501088717489942,-0.0042818360089153995,-0.06502214329673055,0.9956657793627384,-0.06636729223302183,0.9956641639691276,-0.06637877108047406
0.0,1.62,-0.004390401536595035,-0.06583856855107836,-0.004392005128700557,-0.06584994399489322,0.995554229206184,-0.06721180754958513,0.9955525784750426,-0.06722341356652504
0.0,1.64,-0.0045020274190589234,-0.0666668041231766,-0.004503668603763363,-0.06667831372024607,0.9954411667992132,-0.06805688060515869,0.9954394803933327,-0.06806861370754355
0.0,1.66,-0.004615152487951004,-0.06749561527247493,-0.004616831177874971,-0.06750725111299721,0.9953265871697232,-0.06890252061647728,0.995324864757374,-0.06891437897417847
0.0,1.68,-0.004729781642533871,-0.06832500170671037,-0.004731497063263914,-0.0683367635436571,0.9952104856752888,-0.06974873156893653,0.9952087266855526,-0.06976071682509796
0.0,1.7,-0.004845919786440266,-0.06915497955977791,-0.004847673534710973,-0.06916686698476258,0.9950928571714794,-0.07059552263193992,0.9950910611520692,-0.07060763469105208
0.0,1.72,-0.004963571452222017,-0.06998554153022087,-0.004965362724715187,-0.06999755429981537,0.9949736966132215,-0.07144289947239442,0.9949718633408199,-0.07145513825411753
0.0,1.74,-0.005082741684181076,-0.07081670415995099,-0.00508457210670633,-0.07082884186130879,0.9948529989085798,-0.07229087122648623,0.9948511279421954,-0.07230323488845967
0.0,1.76,-0.005203435649516349,-0.07164846747671737,-0.005205304390038792,-0.07166072987141245,0.9947307588418153,-0.0731394435117481,0.9947288499607025,-0.0731519319720606
0.0,1.78,-0.005325658465260603,-0.07248084720865042,-0.005327567792268388,-0.07249324222644378,0.9946069712735457,-0.0739886236778984,0.9946050240423537,-0.07400123509246302
0.0,1.8,-0.005449417191419675,-0.07331384975980897,-0.005451365017811503,-0.07332636047608652,0.9944816309203339,-0.07483841904503441,0.9944796447612652,-0.07485115504883832
0.0,1.82,-0.005574714401673156,-0.07414747180504236,-0.005576702372711028,-0.07416011477909742,0.9943547321258013,-0.07568883688554351,0.9943527069496613,-0.0757016956580981
0.0,1.84,-0.00570155702504332,-0.07498173348047653,-0.0057035862126562035,-0.07499449984846825,0.9942262697956891,-0.07653988274889201,0.9942242050213701,-0.07655286592254021
0.0,1.86,-0.005829950670418108,-0.07581663596364696,-0.005832020171028161,-0.07582952549979033,0.994096238198628,-0.07739156560725075,0.9940941333961307,-0.07740467133339278
0.0,1.88,-0.005959900160359941,-0.07665218668889326,-0.005962011702847174,-0.07666519896628621,0.9939646317266134,-0.07824389093041384,0.9939624866770317,-0.07825711912135147
0.0,1.9,-0.00609141149420035,-0.07748839029980131,-0.0060935654987968975,-0.0775015249907762,0.9938314448154378,-0.07909686766210586,0.9938292589563394,-0.07911021820209281
0.0,1.92,-0.006224491226736065,-0.07832525735462328,-0.006226688114104323,-0.07833851413219306,0.9936966714329661,-0.07995050294233219,0.9936944446845833,-0.07996397400729993
0.0,1.94,-0.006359145767383132,-0.07916279528158773,-0.006361383194774477,-0.07917617404095675,0.9935603060020742,-0.08080480218032951,0.9935580379190567,-0.08081839366167233
0.0,1.96,-0.0064953778922756,-0.0800010175140249,-0.006497660411561951,-0.08001451759884172,0.9934223426371944,-0.08165977423040743,0.9934200326596427,-0.08167348600879444
0.0,1.98,-0.0066331969619309135,-0.080839914627639,-0.006635520790352911,-0.08085353605214367,0.9932827752480387,-0.08251542441693871,0.9932804230446832,-0.08252925639042114
0.0,2.0,-0.006772606721456841,-0.08167951072138221,-0.006774975073616569,-0.08169325293338907,0.9931415977731924,-0.08337176153526842,0.9931392030125364,-0.08338571360085939
0.0,2.02,-0.006913613960185258,-0.08251979728988795,-0.006916027257829369,-0.08253365996141472,0.9929988042956673,-0.08422879087931659,0.9929963664173883,-0.08424286291359574
0.0,2.04,-0.0070562246520325675,-0.08336078961930876,-0.007058682674795395,-0.08337478214587686,0.9928543882011187,-0.08508652289788625,0.9928519071361871,-0.08510071307232352
0.0,2.06,-0.007200446749277607,-0.08420250806971696,-0.007202949735251475,-0.0842166108085829,0.9927083436627335,-0.08594496110105351,0.9927058187034852,-0.0859592710226469
0.0,2.08,-0.007346285416138666,-0.08504493908011479,-0.007348833116166113,-0.0850591614306743,0.9925606640019291,-0.0868041158848534,0.9925580948533751,-0.08681854370349038
0.0,2.1,-0.007493744895504008,-0.08588809287036701,-0.007496339202190808,-0.08590243437976096,0.9924113431110719,-0.08766399068845673,0.9924087292908191,-0.0876785380277105
0.0,2.12,-0.007642834362838962,-0.0867319838486779,-0.007645475066053335,-0.08674645431144044,0.992260373864484,-0.08852459756519866,0.9922577153489428,-0.08853926085132659
0.0,2.14,-0.007793561160322954,-0.08757662108212366,-0.007796247791898759,-0.0875912102880609,0.9921077503264729,-0.08938593992099356,0.9921050465604068,-0.08940071902330649
0.0,2.16,-0.007945929117001609,-0.0884220080083963,-0.00794866270000888,-0.08843670531630131,0.9919534656581528,-0.09024802454825778,0.9919507159995565,-0.09026292281775132
0.0,2.18,-0.008099947058191198,-0.08926815159074995,-0.0081027273566473,-0.08928296690005569,0.9917975129021589,-0.09111086169399839,0.991794717221729,-0.09112587554443358
0.0,2.2,-0.008255620233838131,-0.09011505266597804,-0.008258450166782085,-0.09012999588721317,0.9916398851528435,-0.0919744580925519,0.9916370431232251,-0.09198958741000675
0.0,2.22,-0.00841295777025267,-0.09096273650203043,-0.008415834274049289,-0.09097778670448256,0.9914805758660895,-0.09283881874032969,0.9914776869314519,-0.09285406338842978
0.0,2.24,-0.008571963820824447,-0.09181119067910101,-0.008574889844746166,-0.09182635776757263,0.9913195776418615,-0.09370395376479648,0.9913166416380566,-0.09371931189687836
0.0,2.26,-0.008732647417975564,-0.09266043755922143,-0.008735621770944883,-0.09267572136094968,0.991156883927787,-0.09456986636372103,0.9911539002507715,-0.09458533958178464
0.0,2.28,-0.00889501669951493,-0.09351047118139866,-0.008898039778660733,-0.09352587137453673,0.9909924869796332,-0.09543656832318778,0.9909894554678818,-0.09545215477875012
0.0,2.3,-0.009059075702180917,-0.09436131092487737,-0.009062149551893196,-0.0943768270314914,0.990826379906889,-0.09630406450028303,0.9908233001210556,-0.09631976406285846
0.0,2.32,-0.009224832256041957,-0.09521294648419447,-0.00922795730346768,-0.09522857817579983,0.9906585553986542,-0.0971723614300361,0.9906554267851928,-0.09718817395654879
0.0,2.34,-0.009392297199238299,-0.09606541461372685,-0.009395471114431859,-0.09608115066879958,0.9904890057732315,-0.0980414690740702,0.9904858281205554,-0.0980573944535941
0.0,2.36,-0.009561475391772132,-0.09691868938971457,-0.009564700736500087,-0.09693455160834127,0.9903177238261271,-0.09891139217525417,0.9903144967530322,-0.09892742853346355
0.0,2.38,-0.009732374060758213,-0.09777280345610032,-0.009735650152526393,-0.09778878045728318,0.9901447017540838,-0.09978213887963115,0.9901414247634389,-0.09979828782060325
0.0,2.4,-0.009905002643533698,-0.09862775883956477,-0.009908328741468766,-0.09864383894631704,0.9899699322369974,-0.10065371560665735,0.9899666047746599,-0.10066997698144388
0.0,2.42,-0.010079366371096079,-0.09948354924529511,-0.010082745732141218,-0.09949974321744644,0.9897934070020102,-0.10152613214104415,0.9897900290960557,-0.10154250236730833
0.0,2.44,-0.010255474828974086,-0.10034019374223833,-0.010258906131941319,-0.10035650143199377,0.9896151186138719,-0.10239939308521558,0.9896116895863467,-0.10241587549015026
0.0,2.46,-0.010433335114496038,-0.1011977031738989,-0.010436820526794045,-0.10121412407889036,0.9894350588464679,-0.10327350816714516,0.9894315786171979,-0.10329009915549041
0.0,2.48,-0.010612955798281504,-0.10205606740298034,-0.010616493969549766,-0.10207260137905785,0.9892532200924739,-0.10414848191094113,0.9892496879310343,-0.10416518305560284
0.0,2.5,-0.010794344114043586,-0.10291531450246212,-0.010797935446206669,-0.10293196122974521,0.9890695938308792,-0.10502432395102583,0.9890660095965347,-0.1050411333938832
0.0,2.52,-0.010977510610268986,-0.10377545142542496,-0.010981156053418338,-0.10379219844263927,0.9888841720978017,-0.10590104045690055,0.9888805353554958,-0.1059179580533774
0.0,2.54,-0.011162460049635602,-0.10463646396691456,-0.011166159452639053,-0.10465332298919273,0.9886969466010121,-0.10677863927706463,0.9886932569155266,-0.10679566488112287
0.0,2.56,-0.011349203115296165,-0.10549837596372486,-0.011352958723168136,-0.10551534647163695,0.9885079087864935,-0.10765712819897309,0.9885041658362553,-0.10767426167549878
0.0,2.58,-0.011537748324147466,-0.10636118976499628,-0.011541556857602395,-0.10637827183259424,0.9883170503694583,-0.10853651326031849,0.9883132539083763,-0.10855375273560144
0.0,2.6,-0.01172810400388799,-0.10722492250110911,-0.0117319695808421,-0.10724211540468352,0.9881243625415057,-0.10941680389957403,0.9881205121369105,-0.10943414922401735
0.0,2.62,-0.011920277996980127,-0.10808956887117886,-0.011924197792783964,-0.10810686004286474,0.9879298370316572,-0.1102980043432494,0.9879259322507853,-0.11031545536578766
0.0,2.64,-0.012114277908647652,-0.10895513820710997,-0.01211825507420965,-0.1089725522165604,0.9877334649651744,-0.11118012395425947,0.987729505181002,-0.11119768224624538
0.0,2.66,-0.012310115488008372,-0.10982164172126856,-0.01231414763918225,-0.10983915315403014,0.9875352372817567,-0.11206317029353556,0.9875312225630322,-0.11208083226598488
0.0,2.68,-0.01250779713311917,-0.1106890935845237,-0.012511888003773189,-0.11070671444649659,0.9873351453119578,-0.11294714918496676,0.9873310750313392,-0.11296491640643778
0.0,2.7,-0.012707332433484497,-0.11155748398074444,-0.012711480513469925,-0.11157521416216866,0.9871331798477319,-0.11383206984721404,0.9871290537704785,-0.11384994043796745
0.0,2.72,-0.012908733760960201,-0.11242684369314533,-0.012912937972113245,-0.11244466992715302,0.9869293317277886,-0.11471793972185798,0.986925149423397,-0.11473591352421018
0.0,2.74,-0.013112005987325719,-0.11329715433543049,-0.01311626820083494,-0.11331508914198479,0.9867235919590557,-0.11560476448769039,0.9867193529969107,-0.11562284134244694
0.0,2.76,-0.01331715867678046,-0.11416843816043012,-0.013321479301336314,-0.11418648121606238,0.9865159512042386,-0.11649255149243219,0.9865116551535839,-0.11651073123887178
0.0,2.78,-0.013524202681235624,-0.11504069288764071,-0.013528582126227904,-0.1150588438670453,0.9863063997742274,-0.11738130975015248,0.9863020463176873,-0.1173995922395265
0.0,2.8,-0.013733148298050097,-0.11591394501960205,-0.013737585392427492,-0.11593219025305711,0.9860949282603813,-0.11827104652374663,0.9860905171732938,-0.11828942987140142
0.0,2.82,-0.013944003458345915,-0.11678818294231323,-0.013948500170009868,-0.11680653535051479,0.9858815269937039,-0.11916176900652933,0.9858770580559341,-0.11918025132737693
0.0,2.84,-0.014156777492121249,-0.11766342364043889,-0.014161336286182371,-0.1176818826515241,0.9856661865950893,-0.12005348264208111,0.9856616589623762,-0.12007206721153485
0.0,2.86,-0.014371482549728325,-0.11853967204475906,-0.014376100144628345,-0.11855822392716908,0.9854488967982932,-0.12094619796433283,0.9854443105747861,-0.12096488118819383
0.0,2.88,-0.014588124900838167,-0.1194169355277399,-0.01459280542361625,-0.11943559324955053,0.9852296479295994,-0.12183992030130102,0.985225002576408,-0.12185870199743297
0.0,2.9,-0.014806719411712932,-0.12029522216663674,-0.014811459106887546,-0.12031398591104853,0.9850084300743949,-0.122734656657179,0.9850037252793891,-0.1227535366698398
0.0,2.92,-0.015027272942929059,-0.1211745427803577,-0.015032072578294779,-0.1211933980138414,0.9847852328426503,-0.1236304156816674,0.9847804679642869,-0.1236493955583729
0.0,2.94,-0.015249795078703415,-0.12205489537215282,-0.015254656773592484,-0.12207385561848032,0.9845600459187877,-0.1245272059913143,0.9845552209627989,-0.12454628212169476
0.0,2.96,-0.015474297433444868,-0.12293629344556319,-0.01547922160302509,-0.12295535837740981,0.9843328594916445,-0.1254250309868672,0.9843279738162878,-0.1254442049152801
0.0,2.98,-0.0157007919828437,-0.12381875227036479,-0.01570577723524386,-0.123837907303855,0.9841036624010472,-0.12632390258456153,0.9840987159139856,-0.1263431724319423
0.0,3.0,-0.015929285230272955,-0.12470226046096754,-0.015934333763443574,-0.12472151942194863,0.9838724446636798,-0.12722382582337138,0.9838674368285052,-0.12724319139845855
0.0,3.02,-0.01615979156117805,-0.12558685072159115,-0.016164904124023056,-0.12560619854055347,0.9836391952564382,-0.12812480905693746,0.983634126100076,-0.12814426849403518
0.0,3.04,-0.016392318310018156,-0.12647249972841634,-0.016397494977362072,-0.12649195071079047,0.983403903569537,-0.12902685890149157,0.9833987723332619,-0.12904641372328582
0.0,3.06,-0.01662688054746749,-0.12735924340484314,-0.01663211982362113,-0.12737878255776702,0.9831665589609995,-0.12992998192465618,0.9831613652213409,-0.1299496319496905
0.0,3.08,-0.016863488038959644,-0.12824707562056162,-0.016868789992329936,-0.1282667174708565,0.9829271500736827,-0.13083418804607366,0.9829218938637715,-0.13085392966019768
0.0,3.1,-0.017102148214278287,-0.12913600673728604,-0.017107513518004634,-0.1291557357946428,0.9826856658526556,-0.13173948368656774,0.9826803466382558,-0.1317593184369906
0.0,3.12,-0.017342873510977987,-0.13002603272067714,-0.017348306796953122,-0.130045863116723,0.9824420952112638,-0.13264587521612803,0.9824367126847753,-0.1326658029327934
0.0,3.14,-0.017585678410743464,-0.13091718102115335,-0.017591173536068667,-0.1309370979564745,0.9821964269111726,-0.1335533706832256,0.9821909806586846,-0.13357338943435684
0.0,3.16,-0.017830573739661435,-0.13180945062076535,-0.01783613539350943,-0.13182946843242122,0.9819486492237804,-0.13446197802162943,0.9819431390536827,-0.1344820876501958
0.0,3.18,-0.018077568241949823,-0.132702841888859,-0.01808319244837723,-0.1327229452783669,0.9816987508350107,-0.13537170517263844,0.9816931762163483,-0.13539190547381688
0.0,3.2,-0.018326672950488787,-0.13359737167494426,-0.01833236681899818,-0.13361757485550735,0.9814467199527065,-0.13628255821696705,0.9814410808184222,-0.1363028473023976
0.0,3.22,-0.018577904102577036,-0.13449304189363906,-0.018583661254069555,-0.1345133296842876,0.981192544853282,-0.13719454494061817,0.9811868405489721,-0.13721492433109742
0.0,3.24,-0.018831271033286794,-0.13538987242888276,-0.01883709416678604,-0.13541024397006118,0.9809362136626935,-0.13810767305823357,0.9809304440112382,-0.13812814084744315
0.0,3.26,-0.019086783696367512,-0.13628785267802132,-0.01909267537640034,-0.1363083231194954,0.9806777142437308,-0.13902195019619515,0.9806718789429323,-0.13904250620507005
0.0,3.28,-0.01934445904794601,-0.13718700399783884,-0.019350417473657466,-0.13720755720778,0.9804170345349945,-0.1399373839395323,0.9804111334138772,-0.13995802626037235
0.0,3.3,-0.01960430276067295,-0.13808731850355813,-0.019610330556450072,-0.13810796983686535,0.9801541620994233,-0.14085398176720873,0.9801481947458566,-0.1408747102026589
0.0,3.32,-0.01986633482564699,-0.138988819689413,-0.019872427706112465,-0.13900955315233832,0.9798890850491311,-0.14177174943786455,0.9798830508034708,-0.1417925654990962
0.0,3.34,-0.020130558931711007,-0.13989150212395496,-0.02013672199275003,-0.13991233293546645,0.9796217901545943,-0.14269069770098045,0.9796156892122617,-0.14271159778319584
0.0,3.36,-0.020396998198789908,-0.14079539145810796,-0.02040322706434878,-0.14081630342507429,0.9793522654779715,-0.14361083045405712,0.979346097317058,-0.14363181433937539
0.0,3.38,-0.020665656771023458,-0.14170048440802951,-0.02067195425120177,-0.14172147663133336,0.9790804979627066,-0.1445321566151107,0.9790742620344514,-0.14455322582568647
0.0,3.4,-0.020936548751699667,-0.14260677704498118,-0.02094291762592884,-0.14262786539474145,0.9788064745096227,-0.14545468503881634,0.9788001709092717,-0.1454758359522062
0.0,3.42,-0.021209690884388697,-0.14351429960487508,-0.021216129142538245,-0.1435354672166591,0.9785301823752762,-0.14637842108350765,0.9785238105538407,-0.1463996552188084
0.0,3.44,-0.02148509294908103,-0.1444230340539102,-0.021491600913368117,-0.14444429737951983,0.9782516083851915,-0.14730337347847325,0.9782451681903022,-0.14732468892020903
0.0,3.46,-0.02176276978991658,-0.14533301329950357,-0.021769347893101545,-0.14535435489327456,0.9779707395021013,-0.14822954742344185,0.97796423064008,-0.1482509439797886
0.0,3.48,-0.022042736690489655,-0.14624423745497755,-0.02204938275027323,-0.1462656571491666,0.9776875619912785,-0.14915695319210548,0.9776809839431236,-0.14917843063542507
0.0,3.5,-0.022325001517399242,-0.1471567085824354,-0.022331718440431567,-0.14717820544267673,0.9774020623683287,-0.15008559754353334,0.9773954149896232,-0.15010715395549615
0.0,3.52,-0.022609582577070325,-0.14807042801159026,-0.022616368149168998,-0.14809200187595745,0.9771142270011448,-0.15101548715379434,0.977107510113697,-0.15103712235594324
0.0,3.54,-0.022896488138077993,-0.14898539944431233,-0.02290334793462978,-0.14900706651983744,0.9768240424475477,-0.15194662866748856,0.9768172552703368,-0.1519683441326111
0.0,3.56,-0.023185739770137645,-0.14990166074509687,-0.023192671559472508,-0.14992340342702293,0.976531494584114,-0.15287903205433953,0.9765246364572807,-0.15290082403286562
0.0,3.58,-0.0234773488815692,-0.15081919974919733,-0.0234843504025321,-0.1508410178882257,0.9762365678656636,-0.15381270350434287,0.9762296414679128,-0.15383457051627047
0.0,3.6,-0.023771327090067414,-0.1517380225887363,-0.023778398681921036,-0.15175991563452354,0.9759392511418467,-0.15474764808870153,0.9759322523888816,-0.15476959282751301
0.0,3.62,-0.024067688874092337,-0.1526581358378683,-0.0240748308762719,-0.1526801032387506,0.9756395275391528,-0.1556838768979416,0.9756324590428996,-0.1557058961281691
0.0,3.64,-0.024366448978584285,-0.15357954691899625,-0.02437366441159273,-0.1536015876966931,0.9753373845948098,-0.15662139467085812,0.9753302436630199,-0.15664348955097632
0.0,3.66,-0.02466762242103336,-0.1545022641093088,-0.024674914497792598,-0.15452439548959027,0.9750328056241361,-0.15756021064466016,0.975025593754214,-0.1575823777628793
0.0,3.68,-0.024971230085236867,-0.15542631400554438,-0.024978588071683388,-0.1554485007165545,0.9747257766954782,-0.15850033093663882,0.9747184934412241,-0.1585225718075551
0.0,3.7,-0.02527727642841511,-0.15635167179847217,-0.02528470911267098,-0.15637394864467533,0.9744162835646846,-0.15944176329476176,0.9744089279095594,-0.15946407584525724
0.0,3.72,-0.025585780114333077,-0.15727836617205737,-0.02559328770690458,-0.1573007142536228,0.9741043108254296,-0.1603845152097333,0.9740968826002055,-0.16040689924864207
0.0,3.74,-0.025896757043926775,-0.1582063902370112,-0.025904337156407553,-0.15822880943531056,0.9737898430322269,-0.16132859409481504,0.9737823423490937,-0.16135104773018105
0.0,3.76,-0.02621022660015426,-0.1591357746409121,-0.02621787957472006,-0.15915826439797545,0.9734728647005467,-0.1622740072853266,0.9734652913931908,-0.1622965303246446
0.0,3.78,-0.02652619387100761,-0.16006649699284667,-0.026533922841882947,-0.16008905628216863,0.9731533617121908,-0.16322076052758572,0.9731457144937706,-0.163243352589228
0.0,3.8,-0.026844684349662695,-0.16099858871979814,-0.026852486881392194,-0.16102121743740624,0.9728313168156774,-0.16416886421129598,0.9728235966402214,-0.16419152528714445
0.0,3.82,-0.027165712219720653,-0.16193204619970383,-0.027173588654385968,-0.1619547437810887,0.9725067135736319,-0.16511832354580316,0.972498920850745,-0.1651410500449788
0.0,3.84,-0.027489286159268045,-0.16286686724994115,-0.027497240003610878,-0.16288965188135038,0.9721795385861935,-0.16606914592872093,0.9721716717463328,-0.16609193916164003
0.0,3.86,-0.0278154298805679,-0.16380308647842562,-0.02782345514609489,-0.16382592008832328,0.9718497750553959,-0.16702133810907302,0.971841833935441,-0.16704419787601962
0.0,3.88,-0.02814415829544359,-0.1647407023812736,-0.02815225849067267,-0.1647636031555081,0.9715174055601346,-0.1679749101417414,0.9715093902899476,-0.1679978345460932
0.0,3.9,-0.02847548323204796,-0.16567969487538065,-0.028483658698639808,-0.16570266224115068,0.9711824135138499,-0.16892986690591988,0.9711743242281877,-0.1689528540515404
0.0,3.92,-0.028809426513864124,-0.1666201014928222,-0.028817677595193294,-0.16664313488002744,0.9708447842391014,-0.16988621528227651,0.9708366204844783,-0.1699092666624335
0.0,3.94,-0.029146003764179668,-0.16756192255359478,-0.029154330803506896,-0.16758502138963988,0.9705045004861419,-0.17084396337375068,0.9704962612830033,-0.17086707689425729
0.0,3.96,-0.029485227873969184,-0.1685051594015525,-0.02949363121405816,-0.16852832311155472,0.9701615447449528,-0.17180311391579672,0.9701532292545163,-0.17182629972796332
0.0,3.98,-0.029827121229962797,-0.16944983238535438,-0.02983560121488405,-0.16947306039458793,0.9698158980992075,-0.17276369026573626,0.969807509249129,-0.17278692426139708
0.0,4.0,-0.030171690791297945,-0.1703959251279037,-0.03018026263518319,-0.1704192142232445,0.9694675481985832,-0.1737256784475024,0.9694590828267067,-0.17374897734817793
0.0,4.02,-0.030518977912969994,-0.17134347630571137,-0.03052760870408403,-0.1713668114481012,0.9691164734920924,-0.17468910293002454,0.969107934483946,-0.174712449609222
0.0,4.04,-0.03086897459459869,-0.172292452970782,-0.030877671538924064,-0.17231587309593194,0.9687626584522836,-0.17565395424477434,0.968754042611879,-0.17567736540919274
0.0,4.06,-0.031221705438092735,-0.1732429189803518,-0.03123049184515305,-0.17326637844404066,0.9684060847581623,-0.17662025726442077,0.9683973938895237,-0.17664371559395606
0.0,4.08,-0.03157717389133938,-0.17419481973666395,-0.03158605382330279,-0.1742183377278431,0.9680467346024628,-0.1775880019386238,0.9680379677054888,-0.17761152453169637
0.0,4.1,-0.03193543203747371,-0.17514819514139748,-0.031944375434544134,-0.1751717765870626,0.9676845895463074,-0.1785572129411238,0.9676757473444824,-0.17858078228189733
0.0,4.12,-0.032296494962536275,-0.17610305137958726,-0.03230550200496929,-0.17612669575492698,0.9673196339638684,-0.17952788044864254,0.9673107131940742,-0.1795515132113799
0.0,4.14,-0.03266034703568513,-0.17705940090851613,-0.032669414137777124,-0.17708308730186795,0.966951847993763,-0.18050001123230444,0.9669428516434072,-0.18052369031803078
0.0,4.16,-0.0330270304849566,-0.17801722499420994,-0.03303619261767121,-0.17804096738739875,0.9665812107951325,-0.1814736292463319,0.9665721366794136,-0.18149737152260814
0.0,4.18,-0.033396533446292245,-0.1789765576551121,-0.033405791118467934,-0.17900035539298598,0.966207704602371,-0.18244874145890283,0.9661985546288248,-0.18247252962897945
0.0,4.2,-0.03376893408073882,-0.17993739579876414,-0.0337782564005824,-0.17996125411608058,0.9658313125863545,-0.18342533746151327,0.9658220866254066,-0.18344917131164468
0.0,4.22,-0.034144217376302556,-0.18089975427906446,-0.03415360058927736,-0.18092365181593625,0.9654520169535122,-0.18440342404002383,0.965442710545176,-0.18442731999301146
0.0,4.24,-0.034522395624671735,-0.18186362184156804,-0.03453184379525325,-0.1818875787829102,0.9650697944121385,-0.1853830242987004,0.9650604117400774,-0.1854069654923943
0.0,4.26,-0.03490348919188726,-0.18282902948327626,-0.034913030390632996,-0.1828530181521283,0.964684625928628,-0.18636414458450198,0.9646751657521208,-0.18638813058641363
0.0,4.28,-0.03528751071132177,-0.18379596692722136,-0.03529714942568631,-0.18382000759483233,0.9642964945906057,-0.18734677409403233,0.9642869578910349,-0.18737080489852562
0.0,4.3,-0.0356745092153333,-0.18476443910251356,-0.035684213710004214,-0.1847885373238741,0.9639053791635105,-0.1883309360217809,0.9638957658107462,-0.18835501140828925
0.0,4.32,-0.036064502222037394,-0.18573445757030752,-0.036074272675161896,-0.18575861280644312,0.9635112582807267,-0.18931663596339607,0.9635015703399972,-0.1893407386756929
0.0,4.34,-0.036457474895048914,-0.18670604086575038,-0.03646733987227776,-0.18673022471611242,0.9631141171894779,-0.19030386324668805,0.9631043479227432,-0.19032802669193194
0.0,4.36,-0.036853477467802175,-0.1876791955513218,-0.03686340463459109,-0.18770341354769599,0.9627139267172017,-0.1912926566513909,0.9627040826385881,-0.19131684698377485
0.0,4.38,-0.03725251959036869,-0.18865389159607654,-0.03726254625003141,-0.18867815818648986,0.9623106742691417,-0.19228298826185228,0.9623007519280807,-0.19230722206256792
0.0,4.4,-0.03765462812996941,-0.18963018602134452,-0.037664717362304666,-0.18965448526312256,0.9619043372320892,-0.1932748804754291,0.9618943364994599,-0.19329915751477977
0.0,4.42,-0.03805981304761877,-0.19060804959637603,-0.03806996931618515,-0.1906324026641225,0.9614948895660651,-0.19426835488095703,0.9614848137034263,-0.1942926581465276
0.0,4.44,-0.03846809747193743,-0.19158751899215054,-0.038478349963751615,-0.19161189656484653,0.9610823186743063,-0.19526338326701542,0.9610721607709529,-0.1952877460885782
0.0,4.46,-0.03887949155070327,-0.1925685654544198,-0.038889845162616336,-0.19259298878472797,0.9606665972553674,-0.19626000421043382,0.9606563628927436,-0.19628439258015906
0.0,4.48,-0.039294057192186364,-0.19355124223844739,-0.03930447413487348,-0.1935756952074458,0.9602477025092075,-0.19725822214072683,0.9602373926992941,-0.1972826360624219
0.0,4.5,-0.03971180083043276,-0.19453549880274246,-0.03972228575543396,-0.1945600030263838,0.9598256172761921,-0.19825802506555398,0.9598152284643773,-0.19828248106903454
0.0,4.52,-0.04013271295302069,-0.19552138093312535,-0.04014329553875086,-0.19554590633952096,0.9594003209553915,-0.19925941764918023,0.9593898508038583,-0.1992839150373324
0.0,4.54,-0.040556847755761564,-0.19650889903002092,-0.040567494122670286,-0.1965334517697664,0.958971787209523,-0.20026242071379713,0.958961241294925,-0.20028694296621039
0.0,4.56,-0.040984216501255215,-0.19749802552623108,-0.04099493144289555,-0.1975226275515506,0.9585399907060138,-0.20126705515502263,0.9585293678304586,-0.20129160181340836
0.0,4.58,-0.0414148446501008,-0.19848880115155546,-0.04142565821725033,-0.1985134218197076,0.9581049166025483,-0.2022732915472237,0.9580942177767711,-0.2022978626146688
0.0,4.6,-0.04184874851829446,-0.1994812218162865,-0.041859631127955876,-0.19950589046152803,0.9576665395234467,-0.20328115054355797,0.9576557611055367,-0.2033057625052911
0.0,4.62,-0.042285944520096035,-0.20047528363382705,-0.04229692646660825,-0.20049996922654229,0.9572248339929431,-0.2042906526405609,0.9572139783178036,-0.20431528830885462
0.0,4.64,-0.042726494171479924,-0.20147102185606508,-0.04273754070890856,-0.20149573090942385,0.9567797769169236,-0.2053018012414849,0.956768842790438,-0.20532646014564282
0.0,4.66,-0.04317036964032819,-0.20246839438015482,-0.04318148083372693,-0.2024931260945013,0.9563313487749938,-0.2063145829257787,0.9563203372072575,-0.20633926506552602
0.0,4.68,-0.04361763320601576,-0.20346743717838395,-0.04362881414773268,-0.203492214182582,0.9558795228536962,-0.20732901753746236,0.9558684348530575,-0.20735372291444126
0.0,4.7,-0.04406827192159623,-0.20446817888415042,-0.04407955339518307,-0.20449296937482925,0.9554242770787764,-0.20834510831944425,0.9554131103523567,-0.20836983621775418
0.0,4.72,-0.044522333935473016,-0.20547058626927697,-0.044533680489900425,-0.20549539705546332,0.9549655860496464,-0.20936285766115847,0.9549543427057227,-0.20938760832068049
0.0,4.74,-0.044979842324438725,-0.20647468093598412,-0.04499129006451551,-0.20649950335936593,0.9545034250682836,-0.21038228543488913,0.9544921039150476,-0.21040705837427232
0.0,4.76,-0.04544085147748898,-0.20748045334813991,-0.04545233361984578,-0.20750532619267234,0.9540377734203389,-0.21140337732079603,0.9540263732682845,-0.21142817205392203
0.0,4.78,-0.0459053127319305,-0.2084879419040187,-0.045916896586263176,-0.2085128247222515,0.9535686019273492,-0.21242615193053482,0.953557124881921,-0.2124509686998571
0.0,4.8,-0.046373317277158856,-0.20949712984412552,-0.046384966689609064,-0.2095220297545265,0.9530958846114406,-0.21345062843229767,0.953084333208671,-0.21347545011396263
0.0,4.82,-0.046844853014689235,-0.21050804874263226,-0.04685656264782704,-0.21053294069415956,0.952619603336864,-0.21447677520646471,0.9526079737785351,-0.21450161819618024
0.0,4.84,-0.047319933514492,-0.2115206742314802,-0.04733175113236911,-0.2115455976218575,0.9521397234783325,-0.215504644136391,0.9521280194348839,-0.21552949156733867
0.0,4.86,-0.047798657459031016,-0.21253501395857338,-0.047810540983226554,-0.21255995190417803,0.9516562268771802,-0.21653420331717366,0.9516444445148139,-0.21655907156541643
0.0,4.88,-0.048280970664369066,-0.2135510847175313,-0.04829292014471976,-0.2135760363964492,0.9511690862989548,-0.21756547106379376,0.9511572282301122,-0.2175903430262597
0.0,4.9,-0.04876693563465562,-0.21456890337562784,-0.048778982961990965,-0.2145938347443015,0.9506782700372323,-0.21859846450750142,0.9506663373033641,-0.2186233401971314
0.0,4.92,-0.04925656698785004,-0.2155884461194666,-0.04926868049502678,-0.21561338936488472,0.9501837594372934,-0.21963316867860763,0.9501717481513049,-0.21965806444161193
0.0,4.94,-0.04974992852807183,-0.2166097300936682,-0.049762108267248285,-0.21663468438316502,0.9496855238171041,-0.22066960063577137,0.9496734377413512,-0.2206944996408445
0.0,4.96,-0.05024696541791326,-0.21763277405611464,-0.0502592552047275,-0.21765775484532704,0.9491835335014441,-0.22170777749781326,0.9491713764525719,-0.22173266293819405
0.0,4.98,-0.050747818205889875,-0.21865757858699422,-0.05076013054363934,-0.2186825524645747,0.948677770390168,-0.2227476665190458,0.9486655345762605,-0.22277257128555444
0.0,5.0,-0.05125238812742924,-0.2196841470143705,-0.05126480517308034,-0.21970912048298896,0.9481681969843263,-0.22378931761038623,0.9481558862225331,-0.2238142248933636
0.0,5.02,-0.05176081128820449,-0.22071245470010964,-0.05177330088159669,-0.22073746118569082,0.9476547901577338,-0.2248327139996737,0.9476424083206769,-0.22485760701498117
0.0,5.04,-0.052273044644661225,-0.22174257285668472,-0.05228559490263816,-0.22176756069314685,0.9471375239937799,-0.22587785557675272,0.9471250671238033,-0.2259027506268893
0.0,5.06,-0.052789136694190913,-0.22277444437408586,-0.05280179250017544,-0.22279942890904,0.946616367512385,-0.22692475833126521,0.9466038366480268,-0.2269496554299719
0.0,5.08,-0.053309121841460146,-0.22380812344951298,-0.05332184452727892,-0.2238331129607822,0.9460912936291493,-0.22797342153754427,0.9460786876292328,-0.22799832017580896
0.0,5.1,-0.05383305579904511,-0.22484357842591013,-0.053845839203323226,-0.22486854616897922,0.9455622701643452,-0.22902386054184884,0.9455495940644847,-0.2290487442298455
0.0,5.12,-0.05436092235617212,-0.22588082203123763,-0.0543737726482202,-0.2259057929195803,0.9450292761536382,-0.23007605828679073,0.945016524835631,-0.23010094302259265
0.0,5.14,-0.05489278397310971,-0.22691984845013205,-0.05490570118504097,-0.2269448216225452,0.9444922731542179,-0.23113004571532805,0.9444794506025395,-0.23115491476110578
0.0,5.16,-0.05542863083248117,-0.2279606973388158,-0.05544161499088057,-0.2279856719365355,0.9439512379934614,-0.23218580488671414,0.9439383452827734,-0.23221065827396242
0.0,5.18,-0.05596852632371145,-0.22900336355894618,-0.05598157101175033,-0.22902831235041984,0.9434061394238998,-0.23324335065718016,0.9433931724697947,-0.23326820461638315
0.0,5.2,-0.05651244795372835,-0.23004783509104346,-0.05652559972892014,-0.23007277359135972,0.9428569491219345,-0.23430268094623077,0.9428439108793012,-0.23432751849665193
0.0,5.22,-0.05706050658732111,-0.23109412340573549,-0.05707371893295149,-0.2311190339047358,0.9423036324834442,-0.2353638093987937,0.9422905251110839,-0.23538863084235948
0.0,5.24,-0.057612720708090474,-0.23214220660277027,-0.05762600015432273,-0.2321671147105772,0.9417461580858015,-0.23642675024777998,0.9417329804862997,-0.23645155507565124
0.0,5.26,-0.05816904074761866,-0.2331921365515376,-0.05818238730696898,-0.233217041395029,0.9411845005508939,-0.2374914841100861,0.9411712527134836,-0.2375162720821763
0.0,5.28,-0.05872957290872884,-0.23424389867335302,-0.05874297983664123,-0.2342687724009516,0.9406186314961598,-0.23855800814601857,0.9406053134107936,-0.23858277902101485
0.0,5.3,-0.05929434294338485,-0.23529749856459647,-0.059307810125534495,-0.23532234005067965,0.9400485067456542,-0.23962636772579674,0.9400351194840211,-0.23965112153628187
0.0,5.32,-0.05986332867969184,-0.23635292531745677,-0.05987690414091121,-0.23637775019614968,0.9394741072394907,-0.24069652702417493,0.9394606497096988,-0.24072126325140755
0.0,5.34,-0.060436645390270376,-0.23741019121909235,-0.06045023967309187,-0.23743499216461186,0.9388953928638558,-0.24176851454891654,0.9388818703578771,-0.24179321683884086
0.0,5.36,-0.06101422978191569,-0.2384692961896295,-0.06102793266068306,-0.23849407842212067,0.9383123371612068,-0.2428423096745253,0.9382987465487914,-0.2428669944590748
0.0,5.38,-0.061596205541979525,-0.23953028046091027,-0.06160992668241773,-0.2395550368097157,0.9377249031454511,-0.24391794127879995,0.9377112465144596,-0.2439425913865413
0.0,5.4,-0.06218253684072995,-0.2405930787558085,-0.06219636688630199,-0.24061781426928003,0.9371330589996781,-0.244995404409438,0.9371193374595674,-0.24502001989326222
0.0,5.42,-0.06277327207026984,-0.2416577809776074,-0.06278716198088034,-0.24168247768658824,0.9365367729201487,-0.24607469390814513,0.9365229875792574,-0.24609927482357855
0.0,5.44,-0.06336850163262302,-0.24272428898126885,-0.06338245856811993,-0.24274897367431883,0.9359360098812168,-0.2471558210292897,0.9359221607687818,-0.24718036714971925
0.0,5.46,-0.06396818346381622,-0.24379268757640515,-0.06398220004887405,-0.243817331277379,0.9353307391267509,-0.2482387804572604,0.9353168219399153,-0.24826330787938197
0.0,5.48,-0.06457238071481357,-0.24486294527904284,-0.06458645680097257,-0.24488754682802283,0.9347209234102134,-0.24932358241167898,0.9347069424937452,-0.2493480745714811
0.0,5.5,-0.06518112934088231,-0.24593509796469754,-0.0651952647767904,-0.24595965620137217,0.934106526504735,-0.25041023714188343,0.9340924862607328,-0.25043467750596776
0.0,5.52,-0.06579448622034498,-0.24700908547507655,-0.06580868842763545,-0.2470336276685763,0.9334875209046501,-0.25149872205689394,0.9334734136985813,-0.2515231432895779
0.0,5.54,-0.06641244501449256,-0.2480849553690124,-0.06642670632568592,-0.24810945203281015,0.9328638659740572,-0.25258906324011293,0.9328496995430635,-0.252613432235985
0.0,5.56,-0.06703503494872654,-0.24916271601627885,-0.0670493551976168,-0.24918716597779125,0.932235522152821,-0.25368126932606877,0.9322212987148742,-0.2537055864570383
0.0,5.58,-0.06766237286502934,-0.2502423524413912,-0.06767675188928754,-0.25026675451980723,0.931602463017995,-0.25477531732777203,0.9315881771235225,-0.254799598351992
0.0,5.6,-0.06829439406509435,-0.25132386780500054,-0.06830883168750489,-0.25134822081847674,0.9309646500955554,-0.2558712157028139,0.9309503062447329,-0.25589544413845833
0.0,5.62,-0.06893118035418884,-0.2524072879510114,-0.0689456763987206,-0.25243159071478305,0.9303220437934214,-0.2569689723393582,0.930307639715901,-0.25699316480246964
0.0,5.64,-0.06957279083533736,-0.2534925514985095,-0.06958735313361535,-0.25351683200365255,0.9296746087578148,-0.2580685960334167,0.9296601479200934,-0.25809273577002
0.0,5.66,-0.07021922853080381,-0.2545797376376646,-0.07023384087410875,-0.2546039363185384,0.9290223076869133,-0.25917007731391856,0.9290077957556211,-0.2591941481960264
0.0,5.68,-0.07087056135284485,-0.25566881424104443,-0.07088518693792654,-0.255692971456839,0.9283651030536343,-0.26027342386260477,0.9283505355967318,-0.2602974419052519
0.0,5.7,-0.07152676833900606,-0.2567597734653395,-0.07154149622078113,-0.2567838632691784,0.9277029607790267,-0.26137862659294464,0.9276883378702042,-0.2614025915847013
0.0,5.72,-0.07218792607265005,-0.2578526121856201,-0.07220271142476267,-0.2578766457402499,0.9270358401039542,-0.26248569175746705,0.9270211628849646,-0.26250960378799065
0.0,5.74,-0.07285412058267003,-0.25894735690160975,-0.07286891800746496,-0.2589713457129353,0.9263637023681199,-0.26359462592101407,0.9263489698461674,-0.26361848447570774
0.0,5.76,-0.07352528618401213,-0.26004401304333163,-0.07354014047537186,-0.2600679432975063,0.9256865056747974,-0.2647054344477145,0.9256717246777977,-0.2647292237653148
0.0,5.78,-0.0742015379679762,-0.2611425349474796,-0.07421644891337835,-0.26116640542124103,0.9250042159328276,-0.2658181071715908,0.9249893808690226,-0.2658418429034682
0.0,5.8,-0.07488291825764276,-0.2622429622968015,-0.07489788564111513,-0.2622667717663767,0.9243167912406522,-0.266932648894545,0.9243019079100474,-0.26695631500182304
0.0,5.82,-0.0755694066409157,-0.26334528810428587,-0.07558443023541835,-0.263369035342512,0.9236241954124439,-0.2680490482993517,0.9236092639302645,-0.2680726445938188
0.0,5.84,-0.07626109180600017,-0.2644495399022073,-0.07627616260352565,-0.26447319323018104,0.9229263829168932,-0.2691673260293132,0.9229114044614297,-0.2691908526315886
0.0,5.86,-0.07695803727257854,-0.2655556538047309,-0.07697311739115242,-0.2655792557363944,0.9222233154294618,-0.2702874695586868,0.9222082911779743,-0.27031092659264583
0.0,5.88,-0.0776601852731931,-0.26666366675545977,-0.0776753671722314,-0.26668718918225215,0.9215149520701272,-0.2714094828006826,0.9214998868748568,-0.27143285399756545
0.0,5.9,-0.07836771951788271,-0.2677735793945639,-0.07838290986910447,-0.26779704818286076,0.9208012556317521,-0.27253335297357906,0.9207861390740225,-0.2725566699999008
0.0,5.92,-0.07908052691743539,-0.26888541256226584,-0.0790957629039131,-0.2689087819504052,0.9200821772957842,-0.27365909851521536,0.920067021126652,-0.2736823296699225
0.0,5.94,-0.07979878399234168,-0.2699991358767669,-0.0798140651990619,-0.27002240435158575,0.9193576798630911,-0.27478670602453553,0.919342479442124,-0.27480986719329736
0.0,5.96,-0.08052247139392822,-0.27111474272635816,-0.08053775934233488,-0.2711379540431126,0.9186277144509309,-0.27591619326053207,0.9186124805850123,-0.2759392525092263
0.0,5.98,-0.08125157836142476,-0.27223225810341656,-0.08126696742455458,-0.27225538288800516,0.9178922476530207,-0.2770475298553446,0.9178769708668648,-0.2770705190914186
0.0,6.0,-0.08198623682773523,-0.2733516648585961,-0.08200166997274408,-0.27337468442431145,0.9171512305904149,-0.2781807329149341,0.917135921769066,-0.2782036202598614
0.0,6.02,-0.08272647530957015,-0.2744729423663593,-0.08274191370635095,-0.27449590122297346,0.9164046240508416,-0.27931578716703465,0.9163892736405155,-0.2793386044783006
0.0,6.04,-0.08347234156093088,-0.27559613321194265,-0.08348777492377274,-0.2756189986113388,0.9156523780550114,-0.28045270869097033,0.915636997018771,-0.2804754241461783
0.0,6.06,-0.08422380665680732,-0.27672119989179605,-0.08423929212378571,-0.27674398771447456,0.9148944534296735,-0.2815914815542982,0.9148790370500821,-0.28161411099258304
0.0,6.08,-0.08498096689753326,-0.2778481709661009,-0.08499649438639928,-0.27787084793679206,0.9141307980556161,-0.28273212046575946,0.9141153524788306,-0.28275464810264894
0.0,6.1,-0.08574390034573354,-0.27897701102155004,-0.08575947925373732,-0.2789996077084868,0.9133613788171849,-0.2838745932019804,0.913345899287042,-0.28389703485229145
0.0,6.12,-0.08651264694885165,-0.28010773120776483,-0.08652821811485954,-0.2801302291653329,0.9125861376081612,-0.2850189293736394,0.9125706303095718,-0.2850412692842708
0.0,6.14,-0.08728713881421488,-0.28124034103034196,-0.0873027504311396,-0.28126272373398403,0.9118050393107549,-0.2861650954433259,0.9117895054929932,-0.28618733381986483
0.0,6.16,-0.08806757318848174,-0.2823748389947258,-0.08808322475995115,-0.28239710487814473,0.9110180307891953,-0.2873131043328668,0.911002471699752,-0.2873352413844071
0.0,6.18,-0.08885392182655713,-0.28351118687208593,-0.08886957358593829,-0.2835333825161981,0.9102250670310872,-0.28846295364261065,0.9102094839159794,-0.28848498958213015
0.0,6.2,-0.08964622568025969,-0.28464939609756584,-0.08966191625393666,-0.2846714720413,0.9094260998991308,-0.2896146396095615,0.9094104919089337,-0.28963657398696196
0.0,6.22,-0.09044458638799152,-0.2857894954904303,-0.09046031525287501,-0.2858114501540797,0.9086210823313573,-0.29076815842422066,0.9086054557880973,-0.2907899755967408
0.0,6.24,-0.0912490255601952,-0.2869314309253885,-0.09126474209817524,-0.2869532786488354,0.9078099641580549,-0.29192350489053975,0.9077943213925511,-0.29194520544183883
0.0,6.26,-0.09205953539108251,-0.2880752298863839,-0.09207524925568945,-0.2880970025308518,0.9069927045427781,-0.29308065893555696,0.9069770406779798,-0.29310225861269423
0.0,6.28,-0.09287621933360268,-0.2892209215670759,-0.0928919588549435,-0.28924253527483645,0.9061692431790137,-0.29423964625805477,0.9061535697285926,-0.2942611136573431
0.0,6.3,-0.09369913928315779,-0.29036840166441447,-0.09371487460639,-0.2903899377860465,0.9053395413093953,-0.2954004291757699,0.9053238533972443,-0.2954217800474408
0.0,6.32,-0.09452830987245436,-0.2915177647807606,-0.09454406932971793,-0.2915391386370505,0.9045035448552053,-0.2965630170838458,0.9044878448045157,-0.2965842520313339
0.0,6.34,-0.09536380436336489,-0.2926689393494892,-0.0953795580603807,-0.29269023310339093,0.9036612028191447,-0.29772740246114476,0.9036454908680323,-0.2977485214106111
0.0,6.36,-0.09620561606825676,-0.29382195365593267,-0.09622140341045399,-0.2938431156282374,0.902812461123283,-0.29889359381796166,0.9027967437673186,-0.29891458128301485
0.0,6.38,-0.09705389237379454,-0.29497678601628446,-0.09706971276635104,-0.29499781458395546,0.9019572792945226,-0.300061551282094,0.9019415578522215,-0.30008240756788623
0.0,6.4,-0.0979086276616588,-0.2961334650814623,-0.09792441753403487,-0.29615434161514004,0.9010955950180648,-0.30123129724385395,0.9010798718431835,-0.30125202300653703
0.0,6.42,-0.09876989698163376,-0.297291917422778,-0.09878566648695751,-0.2973126745497466,0.9002273585136367,-0.3024028228189885,0.9002116328462115,-0.3024234176790336
0.0,6.44,-0.09963769460647137,-0.29845217169596594,-0.09965350627452185,-0.298472825052911,0.8993525222569191,-0.30357610195928275,0.8993368017468406,-0.3035965508863098
0.0,6.46,-0.10051218289545459,-0.29961423928231246,-0.1005279608514393,-0.29963473604632196,0.8984710345998191,-0.3047511242727772,0.8984553099617488,-0.30477145898358066
0.0,6.48,-0.10139328168855746,-0.30077809802576394,-0.1014090876778052,-0.3007984500593096,0.8975828322597418,-0.30592790991309204,0.897567115442152,-0.3059480993741073
0.0,6.5,-0.10228114555045881,-0.30194373125208207,-0.10229692266074425,-0.3019639442993452,0.8966878689867854,-0.30710643187037573,0.8966721603071318,-0.30712647609276894
0.0,6.52,-0.10317581472242678,-0.30311112600913365,-0.10319156417264094,-0.3031312055953092,0.8957860838103465,-0.3082866926068023,0.8957703910309134,-0.30830657667837374
0.0,6.54,-0.10407728011458821,-0.30428029788452154,-0.10409305148640677,-0.3043002174354239,0.894877429673917,-0.309468663889318,0.8948617487810893,-0.3094884038353891
0.0,6.56,-0.1049856908523307,-0.3054512046389771,-0.10500143126924205,-0.30547098421967905,0.8939618542755885,-0.3106523327009465,0.8939461811922418,-0.3106719445046454
0.0,6.58,-0.10590103863662761,-0.3066238617136402,-0.10591674448540975,-0.30664349282943676,0.8930392893847394,-0.311837714950444,0.8930236362982338,-0.31185716779275513
0.0,6.6,-0.1068233659254053,-0.3077982594794695,-0.10683909093035676,-0.3078177255372871,0.8921096827888706,-0.3130247965962784,0.8920940510817705,-0.31304409090059615
0.0,6.62,-0.10775277181549227,-0.3089743765312042,-0.10776845999809488,-0.3089936909910808,0.8911729837591286,-0.3142135461374674,0.8911573758387303,-0.3142326826950342
0.0,6.64,-0.10868935404301894,-0.310152183691517,-0.10870500415292846,-0.3101713450531655,0.8902291317892815,-0.31540396309399527,0.8902135480078393,-0.3154229419794773
0.0,6.66,-0.1096330509171167,-0.3113317156031497,-0.10964866042118011,-0.31135071878568843,0.8892780709154408,-0.31659603055495594,0.8892625136743911,-0.3166148525738426
0.0,6.68,-0.1105840150557849,-0.3125129238451432,-0.11059958392712817,-0.3125317709158454,0.888319737713423,-0.3177897458939141,0.8883042083861753,-0.3178084114955648
0.0,6.7,-0.11154223800310664,-0.3136958205855873,-0.11155781713067342,-0.31371448334778573,0.8873540729062801,-0.3189851073846083,0.8873385839994146,-0.31900358605020457
0.0,6.72,-0.11250787563807302,-0.31488035970788514,-0.1125234104224551,-0.3148988595248034,0.8863810279054439,-0.32018206412767597,0.886365570716003,-0.320200387695443
0.0,6.74,-0.11348086513177025,-0.3160665729183075,-0.11349640808668533,-0.3160848848076551,0.8854005350719235,-0.3213806277643232,0.8853851165747736,-0.3213987812516006
0.0,6.76,-0.11446141783383701,-0.31725438969345243,-0.11447685725004893,-0.31727255170134716,0.8844125313627261,-0.322580793487157,0.8843971529629034,-0.32259877740451504
0.0,6.78,-0.11544941569271527,-0.31844386190517,-0.11546485959060411,-0.318461828838871,0.8834169630789415,-0.3237825243237491,0.8834016328483638,-0.323800324143083
0.0,6.8,-0.11644507318817716,-0.31963492149937234,-0.11646040897519408,-0.31965273206167366,0.8824137607785922,-0.32498582942165305,0.8823984811737628,-0.32500344607837234
0.0,6.82,-0.11744838091645118,-0.32082757288027947,-0.11746366272696333,-0.3208452053175238,0.8814028710891599,-0.3261906707381488,0.8813876425320066,-0.32620810442802434
0.0,6.84,-0.11845938915247761,-0.32202181142232467,-0.11847461415904577,-0.32203926042442194,0.880384229475901,-0.3273970404997576,0.8803690544166775,-0.327414292175147
0.0,6.86,-0.11947820219004077,-0.32321760419352147,-0.11949336889254975,-0.3232348681262268,0.8793577742043198,-0.3286049138439455,0.8793426550877448,-0.32862198446849367
0.0,6.88,-0.12050481357111786,-0.3244149632216621,-0.12051997568646217,-0.32443201568214697,0.8783234352660714,-0.32981429715185767,0.8783083792760171,-0.3298311719909953
0.0,6.9,-0.12153938261232497,-0.32561382629547886,-0.1215544835704254,-0.32563069021910446,0.8772811559718535,-0.33102514865985183,0.877266160818175,-0.3310418444256934
0.0,6.92,-0.1225819634588338,-0.3268141911140827,-0.12259694325825553,-0.3268308824928991,0.8762308655668883,-0.33223747313753244,0.8762159374574594,-0.3322539747695512
0.0,6.94,-0.1236325477338399,-0.32801606187080634,-0.12364746019235473,-0.3280325540453537,0.8751725067661027,-0.3334512272954049,0.8751576491765554,-0.33346753621804176
0.0,6.96,-0.12469118534660403,-0.3292194253247005,-0.12470608629280994,-0.32923569483300197,0.8741060070931153,-0.3346664138788224,0.8740912263111414,-0.3346825151205376
0.0,6.98,-0.12575809949585587,-0.33042420224919483,-0.12577287236140822,-0.3304402909161201,0.8730313087029252,-0.335882988042482,0.8730166023717271,-0.3358988983261306
0.0,7.0,-0.1268331703662042,-0.3316304476629314,-0.12684786948321644,-0.33164632820589246,0.8719483374385056,-0.3371009504702564,0.8719337138908544,-0.3371166556539446
0.0,7.02,-0.12791656346205463,-0.3328380994487712,-0.12793118712267532,-0.3328537701343917,0.8708570251276618,-0.3383202859087344,0.8708424917509604,-0.3383357715301861
0.0,7.04,-0.12900838939557463,-0.33404712012757376,-0.1290228775708371,-0.33406260173755553,0.8697573126166434,-0.3395409469050177,0.8697428670098271,-0.3395562297099025
0.0,7.06,-0.13010858587284582,-0.33525754327310286,-0.13012299340999803,-0.33527280788790276,0.8686491252710468,-0.3407629317407107,0.8686347689058866,-0.3407780124884612
0.0,7.08,-0.13121731962186717,-0.3364693006604149,-0.1312316447326229,-0.33648434651438974,0.8675323915300647,-0.34198622161892767,0.8675181388121823,-0.34200107118901785
0.0,7.1,-0.1323346474773448,-0.3376823839786817,-0.13234888683027082,-0.3376972054177483,0.8664070530182173,-0.3432107671949165,0.8663929005037353,-0.34322540196209134
0.0,7.12,-0.13346062053040061,-0.33889676924350765,-0.13347471312042591,-0.33891138776807095,0.8652730327085633,-0.3444365634934001,0.8652589828939927,-0.34445098468485014
0.0,7.14,-0.13459529316903218,-0.3401124400092826,-0.13460929606096902,-0.3401268307255053,0.8641302577513708,-0.3456635888759258,0.8641163201541356,-0.3456777830484315
0.0,7.16,-0.13573878122044725,-0.34132935988622454,-0.13575269095901624,-0.3413435170666726,0.8629786635745733,-0.3468918067193692,0.8629648336689892,-0.3469057898322711
0.0,7.18,-0.13689113720698573,-0.34254750361181224,-0.1369048920639012,-0.3425614493243845,0.8618181698032267,-0.3481212082474897,0.8618044622161226,-0.3481349514856129
0.0,7.2,-0.1380524170324711,-0.34376685353006253,-0.13806607462188553,-0.3437805622559642,0.8606487165099246,-0.34935173960373633,0.8606351286879727,-0.34936525975336036
0.0,7.22,-0.13922267691142096,-0.3449873917857761,-0.13923623204431643,-0.34500085375515216,0.8594702167508345,-0.350583405154553,0.8594567644212999,-0.35059667395752153
0.0,7.24,-0.14040203217976777,-0.3462090718314889,-0.1404154844159761,-0.34622228914535796,0.8582826102263302,-0.35181614923930743,0.8582692888360811,-0.35182918270949604
0.0,7.26,-0.14159059928766352,-0.34743184602966865,-0.14160382529621632,-0.34744486625749604,0.8570858217994007,-0.3530499443167932,0.8570726287004274,-0.3530627592293146
0.0,7.28,-0.1427883165347539,-0.3486557484259338,-0.14280143180485153,-0.34866851267336574,0.8558797704477039,-0.3542847770186487,0.8558667142968353,-0.3542973598210387
0.0,7.3,-0.1439953585183756,-0.3498806979387487,-0.1440083625567981,-0.34989320832088244,0.8546643805889993,-0.3555206177968609,0.8546514772886197,-0.3555329405075426
0.0,7.32,-0.1452118471088125,-0.3511066529204394,-0.14522467481736812,-0.351118928854352,0.8534395831858426,-0.35675742142894024,0.8534268228656251,-0.3567695153837619
0.0,7.34,-0.14643771587432935,-0.3523336351953169,-0.14645042612006626,-0.35234564963763454,0.8522052961354012,-0.3579951713311687,0.8521926937802905,-0.358007008258318
0.0,7.36,-0.14767314881601792,-0.35356157706904406,-0.14768567596809262,-0.35357334981191224,0.8509614471880383,-0.359233819096927,0.8509490073234641,-0.35924540140110833
0.0,7.38,-0.148918201332114,-0.3547904445792668,-0.14893054268796654,-0.3548019741157864,0.8497079602099192,-0.36047333125444136,0.8496956790956284,-0.3604846753651268
0.0,7.4,-0.15017293416639227,-0.35602021563755526,-0.15018508526916788,-0.35603149636747716,0.848444752138181,-0.3617136879196083,0.8484326458763296,-0.36172476620891203
0.0,7.42,-0.1514374049080477,-0.3572508596736216,-0.15144942707275375,-0.35726186775306235,0.8471717445822163,-0.36295485268449557,0.8471598157459744,-0.36296566683162224
0.0,7.44,-0.1527117392050648,-0.35848233147320063,-0.1527235639989005,-0.35849308336629526,0.8458888639549861,-0.36419677270978207,0.8458771180298287,-0.3642073256691174
0.0,7.46,-0.15399599408672734,-0.35971459503208103,-0.15400768320420985,-0.3597250664564766,0.8445960273324951,-0.3654394251463805,0.8445844649188123,-0.3654497177984684
0.0,7.48,-0.1552902951038209,-0.3609475992636246,-0.15530178133065267,-0.3609578112054395,0.8432931600556297,-0.3666827546775836,0.8432817866073868,-0.3666927900226813
0.0,7.5,-0.15659464078021681,-0.3621813423837684,-0.1566059193972912,-0.3621912891396595,0.8419801697021766,-0.36792674972548156,0.8419689951323054,-0.36793651525135923
0.0,7.52,-0.1579091522803209,-0.36341575968787665,-0.15792022031542885,-0.36342543970032104,0.84065698345455,-0.3691713536517305,0.8406460112829317,-0.3691808516094449
0.0,7.54,-0.15923395729122186,-0.3646507976848905,-0.1592448117459921,-0.3646602094013756,0.839323513211077,-0.3704165370652185,0.8393127534073985,-0.3704257550792531
0.0,7.56,-0.16056905514016565,-0.365886453488644,-0.16057969113762133,-0.3658955911530701,0.8379796852073134,-0.37166224077413307,0.8379691413042634,-0.37167118118734743
0.0,7.58,-0.16191463307364076,-0.3671226315496526,-0.16192504939333874,-0.36713149782006615,0.8366254178205487,-0.3729084185421259,0.8366150868264403,-0.3729170983222128
0.0,7.6,-0.1632706305816086,-0.36835936489533727,-0.16328081849866682,-0.3683679455198564,0.8352606149564892,-0.37415505153162804,0.8352505143508214,-0.37416344429487647
0.0,7.62,-0.16463723438895003,-0.36959655197143193,-0.16464719448861861,-0.36960485384995145,0.8338851959058949,-0.3754020915590169,0.8338753292132922,-0.37541019976840645
0.0,7.64,-0.16601450933496237,-0.3708341595166971,-0.16602423653307297,-0.3708421768341064,0.8324990832323453,-0.37664947327223774,0.8324894549193735,-0.3766572998485901
0.0,7.66,-0.16740258741306532,-0.37207212893892644,-0.16741207654924553,-0.3720798558439903,0.8311021879213315,-0.37789715993281653,0.8310928014757804,-0.37790470739016346
0.0,7.68,-0.1688014637510572,-0.37331044205628855,-0.16881071152805205,-0.37331787696285046,0.8296944185792602,-0.37914511246855903,0.8296852916616019,-0.3791523548200534
0.0,7.7,-0.1702112712890781,-0.3745490389170687,-0.1702202724203839,-0.3745561759338506,0.828275699515156,-0.38039326272477836,0.8282668233371522,-0.38040023198489936
0.0,7.72,-0.17163207267166294,-0.3757878752015298,-0.1716408257424507,-0.37579471705624967,0.8268459319374548,-0.3816415832432301,0.8268373232491424,-0.38164825314285267
0.0,7.74,-0.17306400049137832,-0.3770268845268422,-0.1730724323231386,-0.3770334511822596,0.82540503756908,-0.3828900021825418,0.8253967017678665,-0.3828963763215693
0.0,7.76,-0.17450712046765512,-0.3782660251757931,-0.17451529517114595,-0.37827228942175495,0.823952924515311,-0.3841384751531659,0.8239448650725214,-0.38414455628130445
0.0,7.78,-0.17596156478084327,-0.3795052242178059,-0.17596940858170632,-0.37951120645685654,0.8224895005190416,-0.38538695624402675,0.8224817227805631,-0.3853927480242147
0.0,7.8,-0.1774273337958329,-0.38074446912613696,-0.17743490912840945,-0.38075013728462187,0.821014673926935,-0.3866353984561728,0.8210071948147126,-0.3866408750371024
0.0,7.82,-0.1789045585138828,-0.381983681035026,-0.17891186381853366,-0.3819890379046476,0.8195283702376074,-0.38788370900188723,0.8195211883617131,-0.38788888851748377
0.0,7.84,-0.18039331030157257,-0.3832228241873066,-0.18040033780540063,-0.3832278593770834,0.8180304828516336,-0.38913186612258854,0.818023610309236,-0.3891367381096976
0.0,7.86,-0.18189371751604483,-0.3844618085298461,-0.1819004634976785,-0.38446652042543156,0.8165209242188876,-0.3903798030832674,0.816514365387703,-0.3903843709948173
0.0,7.88,-0.18340591995080707,-0.3857005644485151,-0.18341224601834227,-0.38570501546884045,0.81499960756733,-0.39162745212343425,0.8149933736337643,-0.391631705220086
0.0,7.9,-0.18492991716929946,-0.3869390720137475,-0.18493595160615137,-0.3869431926215856,0.8134664372503133,-0.392874757296088,0.8134605335184445,-0.3928786996006816
0.0,7.92,-0.18646577576945372,-0.3881772791956021,-0.18647151471318713,-0.3881810677871418,0.8119213261749282,-0.39412164778331793,0.8119157569811664,-0.39412528290213444
0.0,7.94,-0.188013702757213,-0.38941507668097086,-0.18801907217959785,-0.38941855999492475,0.8103641705501785,-0.3953680781904416,0.8103589480361908,-0.39537139607430877
0.0,7.96,-0.18957376424394612,-0.390652405148152,-0.18957876192589965,-0.3906555866173328,0.8087948820648794,-0.3966139740606354,0.8087900124123865,-0.3966169793526157
0.0,7.98,-0.1911459624158601,-0.3918892469474888,-0.1911506501517708,-0.3918920876820239,0.807213370506069,-0.39785925849754095,0.8072088589273108,-0.3978619554250757
0.0,8.0,-0.1927305046492948,-0.3931254840180412,-0.19273480756269812,-0.3931280115512171,0.8056195345079361,-0.3991038825615686,0.8056153912904103,-0.3991062604105664
0.0,8.02,-0.1943274603632994,-0.39436105876567595,-0.1943313716672631,-0.39436326752077433,0.8040132818763317,-0.4003477651849482,0.8040095131373051,-0.40034982877051845
0.0,8.04,-0.19593683006855256,-0.3955959471092999,-0.19594034739374677,-0.39559784059736003,0.8023945083077622,-0.40159085266037875,0.8023911350642756,-0.401592579294501
0.0,8.06,-0.19755889058724294,-0.3968299874883453,-0.19756200703350818,-0.39683156014501375,0.8007631314117531,-0.40283304801938086,0.8007601509042939,-0.4028344557690211
0.0,8.08,-0.19919357637361387,-0.39806319264878504,-0.19919628723839922,-0.3980644434729816,0.7991190459781667,-0.40407429374585846,0.7991164703746483,-0.40407537319889286
0.0,8.1,-0.20084102712158056,-0.39929546720931675,-0.20084332535103974,-0.3992963906244946,0.7974621590681169,-0.40531450173124217,0.7974599953247943,-0.4053152584538756
0.0,8.12,-0.2025013811792003,-0.40052670931230716,-0.20250326195413648,-0.4005273043329343,0.7957923673911657,-0.4065536119052281,0.795790626760402,-0.4065540362195729
0.0,8.14,-0.20417471237974147,-0.4017568600363554,-0.20417616849002315,-0.4017571210748077,0.7941095773191289,-0.40779153229901416,0.794108259591783,-0.40779164377992966
0.0,8.16,-0.20586109238088493,-0.4029858551330308,-0.20586211888774655,-0.40298578122251016,0.7924136830091375,-0.4090281979117136,0.7924128083629685,-0.4090279741338602
0.0,8.18,-0.20756066111377322,-0.4042135887241628,-0.20756125303726286,-0.40421317892195974,0.7907045948387209,-0.4102635152182674,0.7907041664812855,-0.41026296016430047
0.0,8.2,-0.20927349104485174,-0.4054399941166102,-0.2092736409542172,-0.405439242837088,0.7889822000023323,-0.41149741186971905,0.7889822373758737,-0.411496520523417
0.0,8.22,-0.21099972572256862,-0.40666496701556776,-0.2109994285148563,-0.40666387333804416,0.7872464120376271,-0.4127297747406822,0.7872469174315619,-0.4127285683078688
0.0,8.24,-0.21273943601239143,-0.4078884335645647,-0.21273868654221087,-0.407886996594421,0.78549712056342,-0.4139605639012455,0.7854980997161071,-0.4139590129003717
0.0,8.26,-0.21449276913803433,-0.40911029103363294,-0.21449148834472923,-0.4091085426287598,0.783734241478295,-0.41518964617437526,0.7837357038558882,-0.41518775820496673
0.0,8.28,-0.21625972513673358,-0.4103305007488234,-0.2162579764489525,-0.4103283981885761,0.781957639615804,-0.416416964483957,0.7819596108785104,-0.41641473835741294
0.0,8.3,-0.21804051617685066,-0.4115489054915108,-0.21803822240966228,-0.4115464859643993,0.7801672443365478,-0.4176424063056864,0.7801697175266592,-0.41763985865129893
0.0,8.32,-0.2198351475139682,-0.4127654739675385,-0.21983237488303436,-0.4127626988936034,0.7783629464843248,-0.4188658892268594,0.7783659364944039,-0.41886299584816555
0.0,8.34,-0.2216437631163999,-0.4139800884462045,-0.22164043137230036,-0.41397699093654805,0.7765446365620798,-0.4200873109579084,0.7765481542800546,-0.42008409820479364
0.0,8.36,-0.2234665077885029,-0.4151926290220276,-0.2234626834399228,-0.41518916990716626,0.7747122080987062,-0.4213065861638183,0.7747162684248687,-0.4213030301343972
0.0,8.38,-0.22530345189119136,-0.4164030081128006,-0.22529905668527744,-0.4163992259439209,0.7728655706862129,-0.4225236010425689,0.7728701827780404,-0.4225197098949169
0.0,8.4,-0.22715467351886648,-0.4176111515601532,-0.22714970141075516,-0.4176070462433347,0.771004611755978,-0.4237382625964309,0.7710097832055992,-0.4237340262212045
0.0,8.42,-0.229020318727536,-0.41881693475109166,-0.2290148314502565,-0.4188124566183695,0.7691292276030418,-0.4249504628597448,0.7691349763382705,-0.4249458944801237
0.0,8.44,-0.23090052905805333,-0.4200202211315838,-0.23089437419604866,-0.4200154500561914,0.7672393174743555,-0.4261601107514094,0.7672456510423638,-0.42615520049714994
0.0,8.46,-0.23279523683720732,-0.42122101302474396,-0.23278855473616328,-0.42121586837747416,0.7653347793220411,-0.42736707714692634,0.765341690392234,-0.42736184198934535
0.0,8.48,-0.23470473065727385,-0.42241909025829355,-0.23469744169469126,-0.422413612351039,0.7634154979169219,-0.4285712582391816,0.7634230278793555,-0.4285656899060217
0.0,8.5,-0.23662908774734923,-0.42361436607323744,-0.2366211828364715,-0.42360855008491344,0.7614813772011151,-0.42977255852192164,0.7614895172779047,-0.42976665588406293
0.0,8.52,-0.23856837985650686,-0.42480674295504606,-0.23855977840195727,-0.42480063059409023,0.7595323126355488,-0.43097085782548955,0.7595410791005718,-0.4309646164073095
0.0,8.54,-0.24052268133055416,-0.4259961272030469,-0.24051344799664157,-0.4259896723855609,0.7575681851913318,-0.43216604277091014,0.7575776030087896,-0.4321594632447322
0.0,8.56,-0.24249206363265283,-0.4271824191561023,-0.2424822663828275,-0.42717557969723297,0.7555889014759742,-0.43335797694878847,0.7555989705463755,-0.43335106341108426
0.0,8.58,-0.2444768223278106,-0.428365390041828,-0.24446630540549458,-0.42835825077134604,0.7535943635191059,-0.43454655394910374,0.7536050923900613,-0.43453931552884617
0.0,8.6,-0.2464768111093621,-0.42954507378976514,-0.24646571451292415,-0.429537544653856,0.7515844414705525,-0.43573166390261436,0.751595846195244,-0.435724096682086
0.0,8.62,-0.24849239595512354,-0.4307211840683889,-0.24848049064662492,-0.43071339968401473,0.7495590475243752,-0.4369131659241292,0.7495711441168155,-0.4369052661618437
0.0,8.64,-0.2505235049728677,-0.4318937098804612,-0.2505109283337921,-0.43188557460227617,0.7475180710164301,-0.43809092079551415,0.7475308764095505,-0.43808270301845087
0.0,8.66,-0.2525702826107111,-0.43306249479721665,-0.25255695503562403,-0.43305405802025404,0.7454614061655152,-0.4392648419677253,0.7454749190358999,-0.4392562926331733
0.0,8.68,-0.2546328038670317,-0.4342274341682266,-0.25461886372445913,-0.4342185981423826,0.7433889367820464,-0.44043476384029395,0.7434031815792974,-0.4404258847163641
0.0,8.7,-0.25671128964433293,-0.4353883225711316,-0.2566965812387424,-0.4353791816006183,0.7413005755790971,-0.441600552600854,0.7413155603921223,-0.4415913535316164
0.0,8.72,-0.2588057364995791,-0.43654509094434724,-0.25879024936668826,-0.4365356412214175,0.7391961963222209,-0.44276208354025576,0.7392119291295628,-0.4427525744430252
0.0,8.74,-0.2609162896762844,-0.43769757434592027,-0.26090009262465763,-0.43768777159113026,0.7370756996958033,-0.44391922745156065,0.737092212345513,-0.44390939769749455
0.0,8.76,-0.26304310088131044,-0.43884561517365506,-0.2630261100879851,-0.4388355058738088,0.7349389871167781,-0.4450718176302033,0.7349562789307821,-0.44506167233264954
0.0,8.78,-0.26518624255868745,-0.4399890943493871,-0.26516844423666347,-0.43997866975738137,0.7327859475843996,-0.44621972948380223,0.7328040340668867,-0.44620926613757095
0.0,8.8,-0.2673457775890277,-0.44112787628425615,-0.26732716698793607,-0.44111714287563586,0.7306164710955576,-0.4473628008342937,0.7306353598841188,-0.4473520298729559
0.0,8.82,-0.2695218578118536,-0.4422617972778597,-0.2695024271025504,-0.4422507565455084,0.7284304513643532,-0.4485009036820562,0.7284501661907762,-0.44848982806286014
0.0,8.84,-0.27171455508405734,-0.44339073318248035,-0.2716942932609052,-0.4433793815823567,0.7262277833544345,-0.44963387255805815,0.7262483394497927,-0.44962249028948115
0.0,8.86,-0.2739240865925758,-0.44451444756861447,-0.27390298567536425,-0.4445027867117453,0.7240083651713277,-0.45076155826550773,0.7240297614978547,-0.4507498749931947
0.0,8.88,-0.27615037199867914,-0.4456329127373362,-0.27612842078302363,-0.44562093916713635,0.7217720808311326,-0.45188379955849295,0.7217943570036358,-0.4518718113755024
0.0,8.9,-0.2783937125477762,-0.4467458495834321,-0.2783709029019191,-0.44673356503080347,0.7195188415981144,-0.45300043132793083,0.7195419884932523,-0.4529881567432579
0.0,8.92,-0.2806540921627674,-0.44785315850777213,-0.2806303377455291,-0.4478406137522774,0.7172485290533663,-0.45411130158297847,0.717272577727561,-0.45409873192355216
0.0,8.94,-0.28293166297986044,-0.448954661872476,-0.28290703027500325,-0.448941805041719,0.7149610516752927,-0.45521623674873735,0.7149860010215409,-0.45520339588817493
0.0,8.96,-0.285226485863358,-0.4500502081664906,-0.28520088799469384,-0.45003709096886974,0.7126562884698057,-0.45631507613524397,0.7126821692829757,-0.4563019558393363
0.0,8.98,-0.2875387062398,-0.4511396045287672,-0.28751221649227165,-0.45112618479704375,0.7103341457470622,-0.45740765529502775,0.7103609643775323,-0.4573942495497824
0.0,9.0,-0.2898683907609753,-0.4522227056059276,-0.28984091849661575,-0.4522090308391055,0.7079945162359405,-0.45849377997261637,0.7080222953309919,-0.45848009347998286
0.0,9.02,-0.29221568456782704,-0.45329931356183567,-0.2921872933159569,-0.4532853253227508,0.7056373042024198,-0.45957327722593827,0.7056660501981873,-0.4595593395556042
0.0,9.04,-0.29458064681936,-0.4543692683739281,-0.29455125203518695,-0.4543550255144747,0.7032624008372088,-0.46064597945410013,0.7032921359055093,-0.460631778036341
0.0,9.06,-0.29696349818202017,-0.4554323099940058,-0.296933090859099,-0.45541781567490563,0.7008697004589233,-0.4617116996800747,0.7009004386741026,-0.4616972345017788
0.0,9.08,-0.2993641447557393,-0.4564883877085263,-0.29933279551722347,-0.4564735929293774,0.6984591168728823,-0.4627702423720502,0.6984908721759435,-0.4627555311383929
0.0,9.1,-0.30178288625589167,-0.4575371839998881,-0.30175042318984546,-0.4575221913336192,0.6960305350433265,-0.46382142416110383,0.6960633292296674,-0.46380647253996665
0.0,9.12,-0.30421970009062965,-0.4585785817787446,-0.3041861936710342,-0.45856334240204444,0.6935838514179737,-0.4648650651633583,0.6936176981082921,-0.46484987370871494
0.0,9.14,-0.30667472591724004,-0.4596123622286411,-0.3066401669016234,-0.4595968796647818,0.6911189902733346,-0.4659009475092055,0.6911539029791068,-0.46588551697582237
0.0,9.16,-0.3091480263755553,-0.46063836244624934,-0.30911240191854705,-0.46062263501405815,0.6886358313500118,-0.46692887200035843,0.6886718311779406,-0.466913226117671
0.0,9.18,-0.31163972951676017,-0.4616563422803846,-0.3116030338171557,-0.4616403790001753,0.6861342898586676,-0.4679486590959398,0.686171389942138,-0.46793279898667006
0.0,9.2,-0.3141499808874353,-0.462666084673269,-0.31411211658697247,-0.4626499335520736,0.6836142693602874,-0.46896008211487117,0.6836524827118412,-0.46894400910481937
0.0,9.22,-0.316678745904779,-0.46366745307546275,-0.3166397876893733,-0.4636510689577638,0.6810756529239089,-0.46996294854769793,0.681115008115901,-0.46994667498948056
0.0,9.24,-0.31922624592690746,-0.46466016513700664,-0.31918618427516743,-0.46464355205574714,0.6785183838908271,-0.47095703279010853,0.6785588853485452,-0.47094057230772984
0.0,9.26,-0.3217925291208185,-0.46564402953815487,-0.32175126949890276,-0.4656272424290214,0.6759423376770672,-0.4719421281487975,0.6759840138975474,-0.471925476275658
0.0,9.28,-0.3243777275213055,-0.46661880190770555,-0.3243352636576904,-0.46660185127815335,0.6733474420178225,-0.47291800698288416,0.6733902970644497,-0.4729011776875006
0.0,9.3,-0.32698189477738543,-0.4675842967431056,-0.32693820916203764,-0.46756717710497075,0.6707335808713653,-0.47388445908822885,0.6707776506028477,-0.4738674539074076
0.0,9.32,-0.32960507202291695,-0.46854031061550777,-0.32956024008660495,-0.4685229751995178,0.6681006988352669,-0.4748412420564784,0.6681459945685635,-0.47482408079145516
0.0,9.34,-0.33224738846206997,-0.46948659104120205,-0.3322013146594958,-0.4694690970095476,0.6654486886788326,-0.4757881424432731,0.6654952137788909,-0.4757708395206788
0.0,9.36,-0.33490897264537933,-0.4704228818883646,-0.3348616506192748,-0.4704052402741825,0.6627774567072977,-0.47672491628728336,0.6628252462381977,-0.47670747404042935
0.0,9.38,-0.3375899485378764,-0.4713489179156442,-0.3375412819528248,-0.47133118797938073,0.6600869368632307,-0.4776513345978721,0.6601360020594865,-0.47763375629415716
0.0,9.4,-0.3402902743836931,-0.4722645489055333,-0.340240335066155,-0.47224667808041865,0.6573770373386187,-0.4785671449878274,0.6574273884876314,-0.47854945108555397
0.0,9.42,-0.34301007141172746,-0.4731695049116468,-0.3429588530017165,-0.47315150466188993,0.6546476622026229,-0.47947212195721894,0.6546993335572447,-0.4794543156787431
0.0,9.44,-0.3457494638847107,-0.47406351765969457,-0.345696948143514,-0.4740453832487312,0.6518987539460682,-0.48036599271431757,0.6519517551710895,-0.4803480949191658
0.0,9.46,-0.34850856315774603,-0.4749462986932292,-0.34845466077088644,-0.47492810268759605,0.6491302182568073,-0.48124854014668816,0.6491845754970795,-0.48123054912850793
0.0,9.48,-0.3512873253230852,-0.47581769467972224,-0.3512321086318264,-0.4757993831763606,0.6463419855149796,-0.4821194721994017,0.6463977068799744,-0.4821014260276074
0.0,9.5,-0.3540859457320107,-0.4766773559754424,-0.3540293170404244,-0.476658991865956,0.6435339803036803,-0.48297855743967566,0.6435910923305979,-0.4829604381052982
0.0,9.52,-0.3569044564872544,-0.4775250571356007,-0.3568464049820774,-0.4775066481133683,0.640706128159992,-0.4838255070087686,0.6407646382586942,-0.4838073528756176
0.0,9.54,-0.3597428796243535,-0.478360559755006,-0.35968348210284673,-0.4783420563965662,0.6378583571616354,-0.4846600810756039,0.6379182976370789,-0.4846418970730131
0.0,9.56,-0.36260141071329394,-0.4791835078717319,-0.3625404852410023,-0.4791650382535996,0.6349906030927533,-0.48548200493044563,0.6350519827963743,-0.48546379630272074
0.0,9.58,-0.3654799890680967,-0.4799937254057155,-0.3654176124737921,-0.4799752404439542,0.632102793005021,-0.486290991509484,0.6321656351335609,-0.4862727749006447
0.0,9.6,-0.3683787149819169,-0.4807909021642516,-0.3683148722115709,-0.4807724046777375,0.6291948745897992,-0.48708676379499505,0.6292592019253496,-0.48706855610609673
0.0,9.62,-0.37129769563496146,-0.48157473498366693,-0.3712323757928967,-0.48155623347877796,0.6262667785514076,-0.48786904343388876,0.6263326049384291,-0.48785087275383665
0.0,9.64,-0.37423693964092025,-0.48234496534119115,-0.37417004764111594,-0.48232653379167933,0.6233184418209794,-0.48863755082806964,0.623385790512361,-0.48861941795969277
0.0,9.66,-0.3771964661881078,-0.4831013493150597,-0.37712815948102896,-0.48308286594286265,0.6203498161651341,-0.4893919943723454,0.6204187101184258,-0.4893739004969354
0.0,9.68,-0.38017652821120496,-0.48384341967011674,-0.38010654717715825,-0.4838250970666981,0.6173608455474632,-0.49013207027127764,0.6174312888619153,-0.49011405492064325
0.0,9.7,-0.38317697668254314,-0.48457106306679515,-0.3831054702748679,-0.4845527676335744,0.614351472117258,-0.49085748455252254,0.6144235011365944,-0.4908395606716808
0.0,9.72,-0.38619788692208856,-0.4852839326625132,-0.3861247683424634,-0.48526575231461944,0.6113216689913241,-0.49156792653023185,0.6113952882961865,-0.49155011751115113
0.0,9.74,-0.3892393542241203,-0.4859817053362797,-0.3891646927050246,-0.485963577184147,0.6082713607072159,-0.49226311048133836,0.6083466142589423,-0.49224541925736104
0.0,9.76,-0.3923014540125677,-0.48666403143954656,-0.39222515820688847,-0.48664603928263017,0.6052005272427492,-0.4929427184130217,0.6052774187458271,-0.4929251688388651
0.0,9.78,-0.39538418332149405,-0.4873306372863598,-0.3953062421441579,-0.4873127921315468,0.6021091331659354,-0.4936064311062831,0.6021876745246301,-0.4935890365758133
0.0,9.8,-0.39848762166929835,-0.4879811775821954,-0.3984079342943947,-0.4879635545548651,0.5989971279976128,-0.4942539278579702,0.5990773514203324,-0.4942367190446091
0.0,9.82,-0.4016116664808572,-0.48861543174368455,-0.4015303967393332,-0.48859790876743964,0.5958644912996337,-0.4948848882156591,0.5959463990578878,-0.49486788937211484
0.0,9.84,-0.4047565625361827,-0.48923290796420243,-0.4046734387935979,-0.4892157018170005,0.5927111878476942,-0.4954989902869453,0.5927948127238022,-0.49548221641941215
0.0,9.86,-0.4079221161955036,-0.4898334504928904,-0.4078373073171894,-0.4898164440681418,0.5895371902427105,-0.49609591162163474,0.5896225576350586,-0.496079372430369
0.0,9.88,-0.41110847689485436,-0.49041662454825097,-0.411021967235807,-0.4903998242269896,0.5863424914871035,-0.4966752871711708,0.586429608958061,-0.4966590132045476
0.0,9.9,-0.4143157060809339,-0.4909820611545782,-0.41422739422162497,-0.4909655458063802,0.5831270629988351,-0.4972368144830082,0.5832159616170062,-0.4972208217018193
0.0,9.92,-0.4175436812187499,-0.49152952146282486,-0.41745356558059304,-0.4915133159283497,0.579890892199548,-0.4977801269925113,0.5799815850276675,-0.49776445199405384
0.0,9.94,-0.42079254319180265,-0.4920585577931755,-0.42070061277004167,-0.49204267586316575,0.5766339798685796,-0.49830487987723926,0.5767264813317025,-0.49828954350373234
0.0,9.96,-0.42406216752750364,-0.4925689322597068,-0.42396849733462677,-0.4925533139253267,0.5733563112813913,-0.49881074272880405,0.5734506526528664,-0.4987957460015693
0.0,9.98,-0.4273526791355096,-0.4930601777832224,-0.4272570863300152,-0.4930449852720852,0.5700578955403374,-0.49929732787143805,0.5701540792768386,-0.49928271789442064
0.0,10.0,-0.4306640375182404,-0.4935319823278214,-0.43056659721183266,-0.4935171560946996,0.5667387292277414,-0.49976429945289974,0.5668367832070749,-0.4997500935070043
0.0,10.02,-0.4339961836899929,-0.49398401479516,-0.4338968900823181,-0.4939695751965786,0.56339881588011,-0.5002112846728096,0.5634987737829411,-0.5001975061641809
0.0,10.04,-0.43734923730424663,-0.49441580077202013,-0.4372479984766654,-0.49440184474802523,0.5600381879252412,-0.5006379285468823,0.560140052250607,-0.5006246092823936
0.0,10.05,-0.4390335460173447,-0.49462403994367926,-0.4389312823600562,-0.4946103644212475,0.5583501088325515,-0.5008434886850438,0.5584529371024457,-0.5008304111371202
0.0,10.06,-0.4407229693696938,-0.49482716685250344,-0.4406198508778126,-0.49481362241280996,0.5566568572342758,-0.5010438324813983,0.5567606449976137,-0.5010310003045702
0.0,10.08,-0.44411756330535496,-0.4952175377217512,-0.44401247833942686,-0.4952045091535693,0.5532548387107118,-0.5014286451492695,0.5533605813124254,-0.501416324191563
0.0,10.1,-0.44753295492346307,-0.49558658040074743,-0.4474258929785431,-0.49557408452795826,0.5498321681418391,-0.5017919907185389,0.5499398747144209,-0.5017802035089647
0.0,10.12,-0.4509689738986013,-0.495934021556663,-0.450859929753318,-0.495922081129941,0.5463888811820653,-0.5021334675443697,0.5464985640333291,-0.5021222578519137
0.0,10.14,-0.4544257259057002,-0.4962593732409682,-0.45431468408232256,-0.49624799987012985,0.5429250064853616,-0.5024526943464173,0.5430367033227554,-0.5024420774839492
0.0,10.16,-0.4579031134092785,-0.49656227207716913,-0.4577900742222289,-0.49655149475039917,0.5394406044617428,-0.5027492930943647,0.5395543195899413,-0.5027393073470638
0.0,10.18,-0.46140113667587074,-0.49684228941790304,-0.461285998133576,-0.4968322007522843,0.5359357237746659,-0.5030228489644383,0.5360514782450395,-0.5030135138472343
0.0,10.2,-0.4649196074942608,-0.49709914318207643,-0.46480245702971573,-0.4970896927690962,0.5324104040768128,-0.5032729826680219,0.5325282216283382,-0.5032643388827308
0.0,10.22,-0.4684586852440117,-0.49733223061813403,-0.468339426392335,-0.4973235185573137,0.5288647400210041,-0.5034992700747458,0.5289846223649045,-0.5034913560788841
0.0,10.24,-0.47201809083548785,-0.49754135169063995,-0.47189680081343793,-0.4975333154216945,0.5252987665697259,-0.5037013273892137,0.5254207470002391,-0.5036941598431429
0.0,10.26,-0.4755978820636478,-0.4977259718419026,-0.47547446458031956,-0.49771871319840433,0.5217125803287397,-0.5038787324737227,0.5218366736104508,-0.5038723467140047
0.0,10.28,-0.479197845697936,-0.4978857949855701,-0.4790723024350694,-0.49787934575754644,0.5181062540402025,-0.5040310666960267,0.5182324799272509,-0.5040255039411039
0.0,10.3,-0.482818127448712,-0.49802020601917235,-0.48269044380453563,-0.4980145811260529,0.5144798903693423,-0.5041579313375257,0.5146082468594373,-0.5041532302490871
0.0,10.32,-0.48645840568723625,-0.4981289764753306,-0.48632858388888806,-0.49812420824837644,0.5108335713207875,-0.5042588808403317,0.5109640848953393,-0.5042550737102186
0.0,10.34,-0.4901187232064062,-0.49821156215974655,-0.4899866676494459,-0.4982077572841942,0.507167403429336,-0.5043335195226557,0.5073000936020764,-0.5043306330706544
0.0,10.36,-0.4937988454221931,-0.4982676593236752,-0.4936646402467625,-0.4982647600578925,0.5034814881943337,-0.5043814021451972,0.5036163616477385,-0.5043794866918263
0.0,10.38,-0.4974987929835463,-0.49829670482761623,-0.4973624356854701,-0.4982947386136596,0.49977594878439197,-0.5044021131852694,0.4999130374499085,-0.5044011926925126
0.0,10.4,-0.5012184069071988,-0.4982983038969838,-0.5010798025469174,-0.4982973801511361,0.4960509158740251,-0.5043952001183423,0.4961902183837421,-0.5043953190995206
0.0,10.42,-0.504957522387046,-0.49827206038169536,-0.5048166689951812,-0.49827220836137087,0.49230651599976144,-0.504360231896002,0.4924480500688005,-0.5043614376655925
0.0,10.44,-0.5087159628672574,-0.498217571087591,-0.508572858805884,-0.4982188203134006,0.48854288358341447,-0.5042967756724135,0.48868666877250855,-0.5042991011672191
0.0,10.46,-0.5124937195370834,-0.4981342526912802,-0.5123483635074464,-0.4981366329954138,0.4847601755689295,-0.5042043943925418,0.4849062214230143,-0.5042078811484673
0.0,10.48,-0.5162905224011115,-0.4980217914698711,-0.5161429075062905,-0.4980253271857836,0.4809585261646133,-0.5040826351399724,0.48110685533451153,-0.5040873220221148
0.0,10.5,-0.5201062572147007,-0.49787968221795065,-0.5199562958703711,-0.4978844944486329,0.47713813260033566,-0.5039310480028194,0.47728874657776604,-0.5039369706934484
0.0,10.52,-0.5239407222218988,-0.49770751320778067,-0.5237885010278667,-0.49771354248245325,0.4732991381948982,-0.5037491871323796,0.47345204824927206,-0.5037563928054759
0.0,10.54,-0.5277937899370847,-0.49750477390107506,-0.5276393089413473,-0.49751205111324237,0.4694417385216689,-0.5035365987601045,0.4695969633162169,-0.5035451262455879
0.0,10.56,-0.5316652453090303,-0.4972710487027275,-0.5315084181427104,-0.49727969776323205,0.46556611363294664,-0.5032928201972354,0.4657236581992422,-0.5033027304105879
0.0,10.58,-0.53555494720522,-0.49700582200829324,-0.5353957747687077,-0.49701587569530437,0.4616724696548479,-0.5030174065295757,0.4618323497260405,-0.5030287380700895
0.0,10.6,-0.5394626606841041,-0.4967086689243451,-0.5393010575921814,-0.49672025439743245,0.4577610207705799,-0.5027098939498723,0.4579232365834718,-0.5027226876064066
0.0,10.62,-0.5433880508985662,-0.4963792530407916,-0.5432241860096577,-0.4963922095903787,0.4538319583394333,-0.5023698184288159,0.4539965332621754,-0.502384124191974
0.0,10.64,-0.5473311222713262,-0.49601685806176166,-0.5471648369826791,-0.49603142033240355,0.44988552834445067,-0.5019967302469327,0.45005245969383967,-0.5020125885375013
0.0,10.66,-0.551291451273249,-0.49562125149127056,-0.5511228285557298,-0.49563735273896187,0.44592195643096544,-0.5015901469545381,0.44609125045421005,-0.5016076094625784
0.0,10.68,-0.555268847961547,-0.49519189814475206,-0.5550978908494251,-0.4952095724201808,0.4419414865319193,-0.5011496135012634,0.4421131616938536,-0.5011687296390812
0.0,10.7,-0.5592631144043981,-0.49472825984613944,-0.5590897464740323,-0.4947476447419865,0.4379443915190397,-0.5006746619499313,0.4381184456655623,-0.5006954770740981
0.0,10.72,-0.5632739777441338,-0.49422991089044277,-0.563098196722023,-0.49425103665481146,0.43393090469216483,-0.5001648216142099,0.43410735787823357,-0.500187390409822
0.0,10.74,-0.5673011251415204,-0.49369639706804047,-0.5671229421648458,-0.49371930557059734,0.429901331802462,-0.4996196235338837,0.43008016983048836,-0.49964399818663746
0.0,10.76,-0.5713443478142397,-0.4931271873110726,-0.5711637680790727,-0.4931519149876423,0.42585594479791267,-0.49903860243399434,0.4260371742940017,-0.49906482535960167
0.0,10.78,-0.5754032371140682,-0.4925219317276518,-0.5752202729409251,-0.4925485208785094,0.4217950324506047,-0.4984212839647518,0.42197865934566364,-0.49844941614672184
0.0,10.8,-0.5794775548979424,-0.4918800870106645,-0.5792922125954437,-0.49190857450211056,0.41771891033704944,-0.4977671969654516,0.41790494247035026,-0.4977972857964042
0.0,10.82,-0.5835670543934816,-0.491201107464887,-0.5833792550610333,-0.4912316322281271,0.41362788907661413,-0.4970758714753373,0.41381631982181616,-0.4971079841527496
0.0,10.84,-0.5876713088565719,-0.4904846502438861,-0.5874811457155824,-0.4905171484635338,0.409522293115141,-0.4963468431700659,0.40971313988156377,-0.4963810245867108
0.0,10.86,-0.591790041026778,-0.4897301582192067,-0.5915974433238275,-0.4897647763110356,0.4054024735122929,-0.4955796339479405,0.40559572498991564,-0.49561593148965827
0.0,10.88,-0.5959228927070466,-0.4889371875567539,-0.5957278692763374,-0.4889739646638671,0.401268773643405,-0.4947737811619525,0.4014644306594094,-0.49481225864425854
0.0,10.9,-0.6000694833906144,-0.4881052841491666,-0.599872057459842,-0.48814427084853557,0.3971215596207187,-0.4939288040003773,0.3973196162619375,-0.4939695187612972
0.0,10.92,-0.6042294305908321,-0.4872340006823161,-0.6040296123538506,-0.4872752364580325,0.3929611867689916,-0.49304425043315486,0.3931616482237194,-0.4930872578322543
0.0,10.94,-0.6084024348989128,-0.48632279054592237,-0.6082002281493151,-0.4863663094952621,0.38878806009840045,-0.49211964911373607,0.3889909117831854,-0.49216499930506163
0.0,10.96,-0.6125880746462116,-0.48537119016681635,-0.6123834200760502,-0.48541715023556076,0.38460256493898315,-0.4911545289908313,0.38480781222926413,-0.49120228152426076
0.0,10.98,-0.616785947025593,-0.4843787599880406,-0.6165788570983158,-0.48442720264696626,0.38040511134133226,-0.4901484219703106,0.38061274010801877,-0.49019864890004733
0.0,11.0,-0.6209955274460653,-0.4833451482645466,-0.6207861139311711,-0.4833960178881453,0.3761961213266097,-0.48910088257450174,0.3764061235582961,-0.489153630286734
0.0,11.02,-0.6252165637200929,-0.4822697030803866,-0.6250047488360475,-0.48232314349252864,0.37197602014083475,-0.48801144135332336,0.37218838575644897,-0.4880667731618016
0.0,11.04,-0.6294484210719482,-0.48115218036516966,-0.6292342338271935,-0.48120824449757543,0.36774524583622525,-0.48687965258424165,0.3679599751329546,-0.48693762984154354
0.0,11.06,-0.6336908279229457,-0.4799919296170381,-0.6334742837204302,-0.4800506594732344,0.36350426633723687,-0.485705046656854,0.3637213443780119,-0.48576573044322063
0.0,11.08,-0.6379433055264057,-0.4787884973737092,-0.6377244278003218,-0.47884994058730923,0.3592535541507721,-0.4844871856237135,0.3594729636373429,-0.4845506357654445
0.0,11.1,-0.6422051985436731,-0.4775416570564293,-0.6419840189417673,-0.4776058667465289,0.35499357868188025,-0.48322561720235185,0.3552153081242832,-0.4832919033442449
0.0,11.12,-0.6464761983093975,-0.47625075606934814,-0.6462527346130049,-0.4763177744715242,0.3507248276444917,-0.48191990347799596,0.35094887567542987,-0.48198907601269875
0.0,11.14,-0.6507557892475935,-0.4749153440435335,-0.6505299845447273,-0.4749853324817238,0.346447819828568,-0.4805696038918797,0.34667415726390616,-0.48064173033735086
0.0,11.16,-0.655043385539763,-0.4735351046182259,-0.6548152671532331,-0.47360811235842093,0.34216306815873415,-0.4791742780525503,0.34239167961674766,-0.4792494292319682
0.0,11.18,-0.6593384523256021,-0.47210959637561256,-0.6591080484828526,-0.4721856726948272,0.3378710962973864,-0.47773350832149086,0.3381019680372447,-0.4778117419728675
0.0,11.2,-0.663640541926957,-0.4706382766293797,-0.6634078817772908,-0.47071747084301446,0.33357246042300476,-0.47624686035081315,0.33380557150332424,-0.47632824403612967
0.0,11.22,-0.6679490165986597,-0.46912082582549874,-0.6677141378878136,-0.4692031925918076,0.3292677156368183,-0.4747139247896297,0.3295030302383875,-0.4747985245373671
0.0,11.24,-0.6722634157702115,-0.467556713022192,-0.6720262602368338,-0.4676424134777767,0.3249574141627018,-0.47313427871357866,0.3251949261621954,-0.4732221523610323
0.0,11.26,-0.6765829928979592,-0.4659457411690984,-0.6763436743485967,-0.46603470790798546,0.3206421526905605,-0.47150751909484345,0.3208818364081401,-0.4715987341156055
0.0,11.28,-0.6809072519467965,-0.4642873780226086,-0.6806658189272884,-0.4643796708445873,0.31632252497865143,-0.4698332481763598,0.3165643518088869,-0.4699278699588256
0.0,11.3,-0.6852356855866487,-0.4625810929878788,-0.6849920834982529,-0.46267687510844374,0.3119991345636709,-0.4681110741295701,0.31224307298552884,-0.4682091659037762
0.0,11.32,-0.6895675179315053,-0.4608267077665275,-0.6893217901931359,-0.4609260348429512,0.3076726080324216,-0.4663405959650206,0.30791863071208686,-0.46644222945947256
0.0,11.34,-0.693902149186199,-0.45902382899849525,-0.6936544124995668,-0.4591266301577214,0.30334356889806924,-0.4645214532977576,0.30359164531754484,-0.4646266978159079
0.0,11.36,-0.6982390333437312,-0.4571719361555248,-0.6979892448403231,-0.4572783818040423,0.2990126656059638,-0.4626532626884713,0.2992627701528382,-0.46276217978807427
0.0,11.38,-0.7025774376487034,-0.4552707460520416,-0.7023256439870775,-0.4553808913275842,0.29468056044019847,-0.4607356725795388,0.29493264816968046,-0.4608483317439621
0.0,11.4,-0.7069167316106224,-0.45331988203801515,-0.7066628933311115,-0.45343389995366407,0.29034791731518633,-0.45876832692810565,0.2906019676225992,-0.4588847847995063
0.0,11.42,-0.7112561714922445,-0.4513190818926434,-0.711000416948935,-0.4514369045019828,0.28601543203673374,-0.4567508777151418,0.286271388959231,-0.4568712085337423
0.0,11.44,-0.7155950829036544,-0.44926796790804413,-0.7153374621473196,-0.44938964955500077,0.2816837873450785,-0.45468298545405034,0.28194163338222583,-0.4548072561098773
0.0,11.46,-0.7199328756516781,-0.44716605363326517,-0.7196733535775924,-0.44729176885522154,0.2773537004003435,-0.4525643419066507,0.2776133808957468,-0.4526926154176999
0.0,11.48,-0.7242686900135945,-0.44501322009657795,-0.7240073890227829,-0.44514289262138373,0.27302589832861746,-0.4503946145315757,0.2732873697144491,-0.4505269561778862
0.0,11.5,-0.7286018300627899,-0.44280911742620555,-0.7283388119301314,-0.4429428057499985,0.2687010943130709,-0.4481735134424673,0.26896432359168526,-0.4483099907976701
0.0,11.52,-0.7329316666756236,-0.4405532750455417,-0.7326668238394878,-0.4406912828556665,0.26438006008311804,-0.445900734584914,0.26464499182557144,-0.44604141593825153
0.0,11.54,-0.7372572361380929,-0.4382457314201281,-0.7369907789650962,-0.4383878569951478,0.2600635292568323,-0.4435760127256496,0.260330123114592,-0.4437209585532509
0.0,11.56,-0.7415779581385753,-0.4358858998431847,-0.7413097914227847,-0.4360324541277307,0.2557522886565973,-0.4411990620701406,0.2560204910244106,-0.4413483483543029
0.0,11.58,-0.7458929535025989,-0.433473726326813,-0.74562320416571,-0.4336246288371881,0.25144711001414205,-0.43876963924770074,0.25171687305748286,-0.4389233187852018
0.0,11.6,-0.7502014526930202,-0.4310088892408944,-0.7499301894983206,-0.43116419764677244,0.24714879278844504,-0.43628749281354084,0.24742005832192884,-0.43644563831481276
0.0,11.62,-0.7545027019015087,-0.42849109049846823,-0.7542299863061934,-0.4286508569398537,0.24285813982508228,-0.43375239319616277,0.24313085623803846,-0.4339150735175911
0.0,11.64,-0.7587958545759796,-0.4259201681899102,-0.7585216661432582,-0.42608457170275776,0.23857595527771358,-0.43116412897860285,0.23885007171344183,-0.4313313992626822
0.0,11.66,-0.7630800474128743,-0.42329596753068427,-0.7628045335167128,-0.4234649323503996,0.2343030855804349,-0.4285224928031428,0.23457853019586028,-0.428694425947724
0.0,11.68,-0.7673545001959504,-0.4206182218453492,-0.7670776524982081,-0.4207919321995961,0.23004035411365317,-0.42582730683698156,0.2303170709487091,-0.42600395342687053
0.0,11.7,-0.7716183415599199,-0.41788680367966735,-0.7713402914010494,-0.4180651712978433,0.2257886068136999,-0.4230783810763419,0.22606654155514042,-0.42325981528143425
0.0,11.72,-0.7758707561610088,-0.41510145808263316,-0.7755915074341555,-0.41528467220305365,0.22154870652539016,-0.4202755759784844,0.22182779015927045,-0.42046184707570705
0.0,11.74,-0.7801107842460625,-0.41226221725376677,-0.7798304066436414,-0.4124503276100061,0.21732152426869805,-0.41741873412192354,0.2176016866776392,-0.4176099091268657
0.0,11.76,-0.7843376752590161,-0.40936871883024484,-0.7840562397545391,-0.4095617744934908,0.21310793147641607,-0.41450773705488725,0.21338910805200545,-0.41470387801789116
0.0,11.78,-0.788550454816128,-0.406421020824349,-0.7882680426369509,-0.40661907470911157,0.2089088124627254,-0.41154247643626457,0.20919093420208373,-0.411743639372688
0.0,11.8,-0.7927482846323117,-0.40341892108097493,-0.7924649692667235,-0.4036220205821707,0.2047250722323285,-0.4085228532913553,0.20500806342098998,-0.408729101025268
0.0,11.82,-0.7969302506179742,-0.4003623688246058,-0.7966461040008843,-0.40057055910481765,0.20055760141917744,-0.4054487987353492,0.20084139847377305,-0.40566018502059387
0.0,11.84,-0.8010954222116964,-0.3972513222637246,-0.8008105266484632,-0.3974646522126708,0.1964073270178698,-0.4023202514084558,0.19669184761516734,-0.40253683030462223
0.0,11.86,-0.8052428745925676,-0.3940857598913167,-0.8049572420708405,-0.3943044165449468,0.19227515878811735,-0.3991371757700229,0.19256032298700335,-0.3993590080053615
0.0,11.88,-0.8093716715183805,-0.39086567190853316,-0.8090855226452511,-0.39108942029453914,0.18816202570897725,-0.39589954753345014,0.18844776282432563,-0.3961266796482262
0.0,11.9,-0.8134809433705686,-0.3875909234701357,-0.8131942249449555,-0.3878200905984724,0.18406887166368432,-0.39260736508972377,0.18435508990470706,-0.39283985499037993
0.0,11.92,-0.8175697420074927,-0.38426153262775603,-0.8172825415882015,-0.3844961643541207,0.1799966291909253,-0.3892606486493744,0.18028325688186483,-0.3894985454244263
0.0,11.94,-0.8216370532379439,-0.3808776785758147,-0.8213495242221796,-0.3811176753654895,0.1759462529604225,-0.38585942314371857,0.17623319514661795,-0.3861027814396675
0.0,11.96,-0.8256819892898638,-0.3774392690219842,-0.8253941536445927,-0.37768481670448106,0.17191868811466507,-0.38240375854128367,0.17220586062627716,-0.38265262239378883
0.0,11.98,-0.8297035276689597,-0.3739465152016464,-0.8294155419023383,-0.37419751142136803,0.16791490425083674,-0.37889372061802107,0.16820222383424047,-0.37914813826598953
0.0,12.0,-0.8337007733001983,-0.3703993557075879,-0.8334126648963304,-0.37065598620198636,0.163935855813827,-0.3753294096510789,0.16422323128119498,-0.37558943144146684
0.0,12.02,-0.8376726994304103,-0.36679803576581194,-0.837384561027295,-0.3670603400678298,0.1599825146092608,-0.37171094486804435,0.1602698561980388,-0.3719766083082208
0.0,12.04,-0.8416183405264416,-0.36314267193524724,-0.841330332257919,-0.36341054273497614,0.15605585844205108,-0.3680384591120997,0.15634306565591327,-0.36830981410911384
0.0,12.06,-0.8455367942613697,-0.3594332508993178,-0.8452490108278525,-0.3597067242539081,0.15215686318572716,-0.36431211750329245,0.15244384321136598,-0.36458919753890334
0.0,12.08,-0.8494270284699671,-0.3556700692675301,-0.8491395035127209,-0.35594932806789886,0.1482865001560985,-0.36053209382667206,0.1485731589029395,-0.36081494901269223
0.0,12.1,-0.8532880732233159,-0.35185329414412375,-0.8530009078772232,-0.35213837429321426,0.14444575449231128,-0.35669859820798794,0.14473198891819014,-0.35698725838164375
0.0,12.12,-0.8571189003448914,-0.347983260654337,-0.8568321948597144,-0.348274195769049,0.14063560799895977,-0.35281185573604207,0.14092132257869627,-0.35310635254839157
0.0,12.14,-0.8609185994683215,-0.3440600213454849,-0.860632456225417,-0.34435684404927236,0.1368570456836683,-0.34887210589560225,0.13714213947886386,-0.34917247694403547
0.0,12.16,-0.8646861439647952,-0.3400839473383526,-0.864400724787174,-0.34038653746401637,0.13311105602202278,-0.3448796232360152,0.13339542547093117,-0.34518590060493287
0.0,12.18,-0.8684205653067476,-0.3360552766830256,-0.8681359155397939,-0.3363638144186294,0.12939861574895586,-0.3408346975982857,0.12968215606433747,-0.3411469112079169
0.0,12.2,-0.8721208420233207,-0.3319744187225291,-0.8718370670984505,-0.3322889320590177,0.12572071906566706,-0.3367376398505952,0.12600331813628357,-0.3370558188751842
0.0,12.22,-0.8757860683544615,-0.32784149605949325,-0.8755032747618876,-0.3281620114645765,0.12207833489262172,-0.3325887967460268,0.12235989798785661,-0.3329129638911526
0.0,12.24,-0.8794151689462416,-0.32365710721197144,-0.8791334660661394,-0.3239836501991007,0.11847246211971056,-0.3283885209800247,0.11875286341925133,-0.3287187050180562
0.0,12.26,-0.8830072467707842,-0.319421412157678,-0.8827267429791912,-0.3197540058954581,0.11490406201084892,-0.32413720524789913,0.11518320816683161,-0.32447341687570974
0.0,12.28,-0.8865612374034192,-0.3151350494538239,-0.8862820979605022,-0.3154735610330224,0.11137412191582981,-0.319835243078584,0.11165189253025748,-0.3201775080444298
0.0,12.3,-0.8900762501864719,-0.31079821492982607,-0.8897985294093116,-0.3111428181899471,0.10788361276630991,-0.31548307540894577,0.10815989612868643,-0.31583140776308044
0.0,12.32,-0.893551286854923,-0.3064114311331681,-0.8932750987523299,-0.30676214514833733,0.10443349380991311,-0.3110811495882893,0.10470817771984899,-0.31143556213362084
0.0,12.34,-0.8969853601219056,-0.30197524205952025,-0.8967108702036839,-0.3023319268724482,0.10102473406863574,-0.3066299484339356,0.10129770547180615,-0.3069904514684531
0.0,12.36,-0.9003775409606452,-0.2974900541201064,-0.9001048081878775,-0.2978528800721989,0.09765829083361027,-0.30212996583646545,0.09792943130217309,-0.30249657104684413
0.0,12.38,-0.9037268559522103,-0.29295644963135753,-0.9034560457557562,-0.29332527197970787,0.09433511488480124,-0.29758174163989914,0.09460431280443556,-0.2979544451436842
0.0,12.4,-0.9070323902746158,-0.2883748723480612,-0.906763566675702,-0.28874985964531,0.09105613929748227,-0.29298579168224326,0.09132328029889207,-0.29336461705772165
0.0,12.42,-0.9102931871758009,-0.28374594291472327,-0.9100265164159167,-0.2841269458751569,0.08782230337811948,-0.28834268498216004,0.08808726935506284,-0.2887276432749744
0.0,12.44,-0.9135083498846415,-0.2790701427018196,-0.9132438988850793,-0.27945732725139943,0.08463455145544775,-0.2836530643605444,0.08489720688968684,-0.2840441072159583
0.0,12.46,-0.9166768932830458,-0.27434829050902687,-0.9164147777524733,-0.2747416616812734,0.08149377569290601,-0.2789174939443077,0.08175401208911565,-0.2793146425652429
0.0,12.48,-0.9197979418842992,-0.26958090609266794,-0.9195383284017753,-0.26998030746986373,0.0784009051122882,-0.27413666689305477,0.07865860510295852,-0.27453991210292994
0.0,12.5,-0.9228706285192634,-0.26476852634425724,-0.9226135870293375,-0.26517411937692037,0.07535681950526166,-0.26931117132646787,0.07561185667858411,-0.2697205067480194
0.0,12.52,-0.925893961835866,-0.2599121908720114,-0.9256397003335641,-0.26032365157502035,0.07236241886373307,-0.2644417676476437,0.07261468096894727,-0.26485718062039526
0.0,12.54,-0.928867189216207,-0.25501215087242585,-0.9286157360545112,-0.2554297994623689,0.06941856428783719,-0.25952909193450946,0.06966792877702783,-0.2599505674066501
0.0,12.56,-0.9317893926166438,-0.25006932230650153,-0.9315409095162157,-0.2504929913943559,0.0665261337300771,-0.2545739325754862,0.06677247244142442,-0.25500144911856015
0.0,12.58,-0.9346596666437513,-0.2450846404441337,-0.9344142722454997,-0.24551432272116278,0.0636859672244101,-0.24957701287380568,0.06392915488202683,-0.25001053747547003
0.0,12.6,-0.937477254421114,-0.24005857126518668,-0.9372350666898404,-0.2404942571901837,0.06089888793798089,-0.24453908488639836,0.06113881973730727,-0.24497862583540456
0.0,12.62,-0.9402413233586252,-0.23499192261600335,-0.9400024604629851,-0.23543360060902974,0.05816574367291666,-0.2394610097513977,0.05840227727476184,-0.23990647680296703
0.0,12.64,-0.9429510198984408,-0.22988568562914352,-0.9427155990022674,-0.2303333417563124,0.055487310954400605,-0.23434352080261217,0.055720338592074134,-0.23479494100590328
0.0,12.66,-0.9456055475067426,-0.22474070526431644,-0.9453737262682009,-0.22519415881376822,0.052864396120804,-0.22918750687350767,0.05309379133221191,-0.22964482629500374
0.0,12.68,-0.9482042042228911,-0.21955751293981848,-0.947976061015415,-0.22001691075925603,0.05029776165323327,-0.22399378475991025,0.05052340485921461,-0.22445697360350794
0.0,12.7,-0.9507461495424084,-0.21433731734375464,-0.95052180171009,-0.21480263934656577,0.04778817246849452,-0.21876327938906331,0.048009943267323094,-0.21923229931183563
0.0,12.72,-0.9532306785178762,-0.20908084833209145,-0.9530102800265855,-0.20955190608149307,0.04533635798169995,-0.21349684142956551,0.045554134142534786,-0.21397164005485989
0.0,12.74,-0.9556570661888194,-0.20378901715384998,-0.9554407325085141,-0.20426578563353476,0.0429430438338582,-0.20819541012839576,0.04315670689216534,-0.20867596465790347
0.0,12.76,-0.9580245714856708,-0.1984629179824921,-0.957812416758415,-0.1989453698748333,0.04060892724693956,-0.2028599027090329,0.040818353064744115,-0.20334613772636942
0.0,12.78,-0.9603325782210779,-0.193103159324896,-0.9601247176670856,-0.19359126559223844,0.03833468863110651,-0.19749128817020656,0.0385397620142188,-0.1979831647447176
0.0,12.8,-0.9625803520980403,-0.1877110336143013,-0.9623768994278648,-0.18820476289320243,0.03612098513224252,-0.19209050216224144,0.03632158810520118,-0.192587960456403
0.0,12.82,-0.9647672837364913,-0.18228734613719877,-0.9645683524588698,-0.18278666508621813,0.03396846494915381,-0.1866585619007199,0.03416448045165154,-0.18716155696921943
0.0,12.84,-0.9668927492135169,-0.17683308338169001,-0.9666984834571288,-0.17733778792599925,0.0318777372775533,-0.18119644542348076,0.03206904945164907,-0.18170491175852863
0.0,12.86,-0.968956116264732,-0.17134941470949125,-0.9687666257133213,-0.17185946653356285,0.029849409661744236,-0.1757052043971364,0.03003589951535818,-0.17621906685079472
0.0,12.88,-0.9709568385165894,-0.16583718561708166,-0.9707722034621789,-0.1663527139216251,0.027884046370283806,-0.17018582533112725,0.028065605761915708,-0.17070504341128093
0.0,12.9,-0.9728943589379495,-0.1602974225477039,-0.9727147159777829,-0.16081821569513732,0.02598220980941122,-0.16463939718429094,0.02615871916851813,-0.1651638692344301
0.0,12.92,-0.9747681149662465,-0.1547313341736177,-0.9745935734305211,-0.15525734821629084,0.024144417244762597,-0.1590669460186888,0.024315770827094164,-0.15959662565599822
0.0,12.94,-0.976577600248689,-0.1491399723000221,-0.9764082916437664,-0.149670990417005,0.022371183510044603,-0.15346957177710913,0.022537267757146533,-0.15400436903732448
0.0,12.96,-0.9783223544850601,-0.1435242287933707,-0.9781583326460525,-0.14406054374768185,0.02066298848305218,-0.1478483583367541,0.020823695342405038,-0.14838820561974353
0.0,12.98,-0.9800018916529808,-0.1378853474996776,-0.9798432866641925,-0.13842673870562452,0.01902028787061492,-0.14220440383578556,0.01917550775199368,-0.14274920751229445
0.0,13.0,-0.9816157527968704,-0.132224583443341,-0.981462713583037,-0.13277065618803013,0.017443512192880765,-0.13653881498204853,0.017593143310976014,-0.13708850443879073
0.0,13.02,-0.9831635516210501,-0.12654285915019858,-0.9830161539421628,-0.12709373000918087,0.015933069953691894,-0.13085271506490903,0.01607700526823108,-0.13140720090057353
0.0,13.04,-0.9846449020001384,-0.12084127700161508,-0.9845032442768741,-0.12139688968348851,0.01448934127444559,-0.1251472348829348,0.014627480239298196,-0.12570642256025893
0.0,13.06,-0.9860594430356128,-0.11512094787950597,-0.9859236222584136,-0.11568124428770439,0.01311268569106006,-0.11942352229352422,0.013244926905644144,-0.11998732864312783
0.0,13.08,-0.9874068200677546,-0.10938316290982175,-0.9872769316553422,-0.10994808315203118,0.01180342778176789,-0.11368271415508228,0.011929675930495877,-0.11425105171248681
0.0,13.1,-0.9886867260705573,-0.10362904888113282,-0.9885628821101619,-0.10419835879162316,0.010561875399434635,-0.10792598560324612,0.010682033381677112,-0.1084987479011174
0.0,13.12,-0.989898879976015,-0.09785973927401251,-0.9897811538458411,-0.09843354786865639,0.009388303263232114,-0.10215449753708278,0.009502275469867866,-0.10273158556484255
0.0,13.14,-0.9910430267275921,-0.09207637365132071,-0.9909315253406498,-0.09265444299197101,0.00828296221240608,-0.09636940724163058,0.008390658506317011,-0.09695073321296244
0.0,13.16,-0.992118922372039,-0.08628027021538259,-0.9920137479833482,-0.08686236015954951,0.007246075115932003,-0.09057190722045971,0.007347405919623899,-0.09115736206168086
0.0,13.18,-0.9931263954421513,-0.08047223274998623,-0.9930276173793209,-0.08105844772723216,0.006277838548598355,-0.08476316644390354,0.006372715946278381,-0.08535264786729764
0.0,13.2,-0.9940652277381137,-0.07465393542064251,-0.9939729426071834,-0.07524403186127436,0.005378421819524379,-0.07894438073094773,0.00546676015331562,-0.07953777799321778
0.0,13.22,-0.994935299603341,-0.06882618968347275,-0.9948495871798393,-0.06942009574518397,0.00454796606460006,-0.073116740815419,0.004629683750283596,-0.07371394005225793
0.0,13.24,-0.9957364772108265,-0.06299033016940206,-0.9956574152587736,-0.06358797259175913,0.0037865864968037893,-0.06728142651523436,0.003861603819043994,-0.06788231960215227
0.0,13.26,-0.9964686671082056,-0.05714752051081618,-0.9963963315646917,-0.05774882468380157,0.0030943689678456718,-0.061439636579476244,0.00316260891758427,-0.06204411116982029
0.0,13.28,-0.9971317938406682,-0.05129910013052858,-0.9970662676234713,-0.05190381609941921,0.002471374430899933,-0.05559256781589293,0.0025327607887060226,-0.05620050567802465
0.0,13.3,-0.9977258362442443,-0.04544588756624738,-0.9976671812252819,-0.0460541120659968,0.0019176347490148457,-0.04974141113082677,0.0019720967905613846,-0.050352694109290184
0.0,13.32,-0.9982507641680596,-0.03958939797788339,-0.9981990573474164,-0.0402008783937804,0.001433153822758329,-0.04388735571474497,0.0014806225270350944,-0.04450186987353389
0.0,13.34,-0.9987065941444894,-0.03373079851504974,-0.9986619011258338,-0.034345455110319084,0.0010179114589295298,-0.03803160031471159,0.0010583193358713252,-0.038649225159352096
0.0,13.36,-0.9990933691441265,-0.027871255527390712,-0.9990557584967668,-0.028488833119553626,0.0006718561402351081,-0.03217532482699045,0.0007051398380724655,-0.03279593667264536
0.0,13.38,-0.999411162552343,-0.022011759532558094,-0.9993806898303811,-0.022632350591149483,0.0003949120281930462,-0.026319726294335714,0.00042101116523511227,-0.02694320069187183
0.0,13.4,-0.9996600616221554,-0.01615382228284572,-0.9996367889069413,-0.01677716951486436,0.0001869758709984309,-0.020465979109663312,0.00020583182044774884,-0.021092194703787613
0.0,13.42,-0.9998401952435158,-0.010298255217335713,-0.999824177657369,-0.010924274813139049,4.791703126055786e-05,-0.01461526572797764,5.9475534705971065e-05,-0.015244093174706016
0.0,13.44,-0.999951707201282,-0.004446564430445997,-0.9999429983218363,-0.0050749972086643,-2.2421407008337553e-05,-0.008768756903396856,-1.821256431928071e-05,-0.009400069938573372
0.0,13.46,-0.999994774698773,0.0014002712572093237,-0.9999934231549023,0.0007693362262281188,-2.422248159523658e-05,-0.002927618855478547,-2.7411991080817483e-05,-0.0035612887275397304
0.0,13.48,-0.999969597941545,0.007241102948997333,-0.9999756508424174,0.006607926361810849,4.230461121500217e-05,0.0029069885221428707,3.1670761602057814e-05,0.0022710906845437653
0.0,13.5,-0.9998764027514605,0.013074786727674688,-0.9998899040290042,0.012439455404412969,0.00017692487458960675,0.008733912984441516,0.00015880373526785285,0.008095917363887744
0.0,13.52,-0.999715443648705,0.018900009746754674,-0.9997364316284932,0.018262785583269568,0.00037937730755899945,0.014552009250084872,0.00035372954758942584,0.01391204943694909
0.0,13.54,-0.999486995760366,0.02471581432722779,-0.9995155119048157,0.024076610745760132,0.0006493766583563279,0.02036014503000902,0.0006161651536739541,0.01971834988419189
0.0,13.56,-0.99919136036632,0.030521074941528347,-0.9992274416490798,0.02987998036173502,0.000986611855777241,0.026157189950642156,0.0009458035964027022,0.025513694293528358
0.0,13.58,-0.9988288697563892,0.03631449896387258,-0.9988725382155768,0.03567195089773538,0.0013907480657875978,0.03194203576663536,0.0013423119210397433,0.03129697207153675
0.0,13.6,-0.9983998698941113,0.042095150344925426,-0.9984511609763974,0.041451063453399134,0.0018614255673256718,0.03771357040886154,0.001805335324044576,0.03706707422728907
0.0,13.62,-0.9979047350999722,0.047861926892334844,-0.997963676696174,0.04721639051850024,0.0023982615901943696,0.04347070925541905,0.002334491865505464,0.04282290937890966
0.0,13.64,-0.9973438727440698,0.053613561163477,-0.9974104717422942,0.05296701302725973,0.0030008497426420454,0.0492123650598587,0.0029293808808745878,0.04856339873181488
0.0,13.66,-0.9967176866719039,0.059349317372099454,-0.9967919828403262,0.058701498851021806,0.003668760255036185,0.05493746945712765,0.003589573832185118,0.05428747441906963
0.0,13.68,-0.9960266409086556,0.06506777329053198,-0.9961086324544425,0.0644191219191468,0.004401542258248932,0.060644970336429516,0.004314624421948304,0.05999408464183538
0.0,13.7,-0.9952711809583455,0.07076821283709135,-0.9953608945691684,0.0701186442798919,0.005198723639779456,0.06633383709272717,0.0051040600172766945,0.06568218285621805
0.0,13.72,-0.99445180650567,0.07644940893671334,-0.9945492431473055,0.07579918639092345,0.006059805533344712,0.07200302163254668,0.005957390205808265,0.07135075112403391
0.0,13.74,-0.9935690290274107,0.08211031974492528,-0.993674198332187,0.08145953242532884,0.006984274568604856,0.07765153059443372,0.006874102576205808,0.07699876729705205
0.0,13.76,-0.9926233657255112,0.0877500883276129,-0.9927362601264842,0.08709899858702345,0.007971594807855588,0.08327836560903575,0.007853661839186232,0.08262523846203715
0.0,13.78,-0.9916153676980677,0.09336769615023108,-0.9917360066054848,0.09271621941367032,0.009021209504949146,0.08888254284042955,0.008895517231316067,0.0882291995974103
0.0,13.8,-0.9905456062313247,0.09896213712923073,-0.9906739754726901,0.09831053490084009,0.010132542016861657,0.094463098349347,0.00999909482116435,0.09380966708865372
0.0,13.82,-0.9894146733758344,0.10453241813553059,-0.9895507715688311,0.10388077829339272,0.011304997616416856,0.10001908418347699,0.011163803246886851,0.09936569534611105
0.0,13.84,-0.988223161132707,0.11007773175509786,-0.9883669657401765,0.10942631431594749,0.012537966020545573,0.10554958233082332,0.012389032372428216,0.10489637263879355
0.0,13.86,-0.9869716974314161,0.11559711114861645,-0.987123220766458,0.11494583044723737,0.013830816207263468,0.11105366873389179,0.013674157471858989,0.11040077284184527
0.0,13.88,-0.9856609289024814,0.1210896034406958,-0.9858201422141549,0.12043871812252917,0.015182901117139314,0.11653046734986217,0.015018532283327123,0.11587800142431004
0.0,13.9,-0.9842914986471014,0.12655444190285642,-0.9844583898330097,0.12590403752351786,0.0165935550225446,0.12197907728019886,0.016421495092096446,0.1213271817985898
0.0,13.92,-0.9828641096587862,0.13199053036323918,-0.9830386416025718,0.13134086342807363,0.018062099728507506,0.1273986632359943,0.01788237163403642,0.12674746945228976
0.0,13.94,-0.9813793901598403,0.1373974737426722,-0.9815615690294264,0.1367484568104092,0.01958784141889471,0.13278837736114,0.019400467416900574,0.13213802281746795
0.0,13.96,-0.9798380989994213,0.14277403402042488,-0.980027881339659,0.1421259216838156,0.021170072636155966,0.13814741703884367,0.020975078631314058,0.13749801385652538
0.0,13.98,-0.9782409406880573,0.1481195029254624,-0.9784382787798929,0.14747254830140025,0.02280806393617891,0.14347496810797974,0.022605485020895683,0.142826652567687
0.0,14.0,-0.9765886325579123,0.1534331869356736,-0.9767935270160176,0.1527873004908282,0.024501084898258623,0.14877025721280263,0.024290947288504186,0.14812315513644694
0.0,14.02,-0.9748819308754989,0.1587142371313257,-0.975094328402814,0.15806966978885753,0.026248381622995857,0.15403253180162138,0.026030725175963304,0.15338675568886118
0.0,14.04,-0.9731215493371943,0.16396216043621206,-0.9733414192159024,0.1633189912707815,0.028049198467809497,0.15926106198491796,0.027824058704775164,0.15861674562953176
0.0,14.06,-0.9713083279518908,0.16917579976279717,-0.971535639806392,0.168534107229603,0.02990275478320157,0.16445511294166312,0.029670170964524036,0.16381236399182664
0.0,14.08,-0.9694429754891041,0.1743548631466284,-0.9696776632843441,0.17371489341083007,0.031808270428456055,0.1696139923091453,0.031568287909067946,0.16897295310914398
0.0,14.1,-0.9675263257816488,0.1794983955001109,-0.967768354071589,0.17886022446016467,0.03376495201308536,0.1747370311652944,0.033517614287399376,0.17409780260056407
0.0,14.12,-0.9655591375945626,0.18460596649101074,-0.9658084987876087,0.1839694999935806,0.03577199668269177,0.17982357005453842,0.03551734932519463,0.1791862670173273
0.0,14.14,-0.9635422683512452,0.18967665448009444,-0.9637988584286655,0.1890423032400357,0.03782858886698488,0.18487297286457435,0.03756668950542572,0.18423774064037646
0.0,14.16,-0.9614764602681212,0.1947102286936224,-0.9617402685743316,0.19407789640983755,0.03993391051183959,0.18988464240207642,0.03966480403998398,0.18925156624208878
0.0,14.18,-0.9593626272348468,0.1997056334363059,-0.9596335749957978,0.19907555871423288,0.04208712822975954,0.1948579705950734,0.04181087576043178,0.19422716885393626
0.0,14.2,-0.9572015234648934,0.2046626689138769,-0.9574795642331402,0.2040349211861365,0.044287416159512566,0.1997924106219572,0.04400406708263064,0.19916398405789257
0.0,14.22,-0.9549940119000448,0.2095806480315235,-0.9552790971545768,0.20895529538075128,0.04653392403092954,0.2046873911572228,0.04624353593713464,0.20406145149136967
0.0,14.24,-0.95274096777994,0.21445890175170854,-0.9530330096422872,0.21383617720533138,0.048825802943596536,0.20954236863092596,0.048528444481285196,0.20891904820234272
0.0,14.26,-0.9504431579005466,0.21929727566319202,-0.950742140615696,0.21867707790708563,0.05116220390623494,0.214356880530414,0.05085793655078225,0.21373626869915388
0.0,14.28,-0.9481015449341037,0.22409480111293334,-0.9484073382727262,0.2234775255711198,0.053542265076844314,0.2191304054543111,0.053231147579648835,0.21851260394660105
0.0,14.3,-0.9457168664233101,0.2288515206352321,-0.9460294930009383,0.22823689854303986,0.05596513002327205,0.2238625038970548,0.055647228903117824,0.22324760464346338
0.0,14.32,-0.9432900998098677,0.23356650010751734,-0.9436094224729468,0.23295492235747173,0.05842992794995728,0.22855271769588295,0.058105318037478745,0.22794083587191877
0.0,14.34,-0.940822027222121,0.23823964716710633,-0.941147986406996,0.23763117247085774,0.060935798371594234,0.23320065037529156,0.060604540112329824,0.23259185207745012
0.0,14.36,-0.9383135570857816,0.24287039113679096,-0.9386460903552666,0.24226507635211816,0.06348185650020965,0.23780584630107146,0.06314402798679301,0.23720025763656388
0.0,14.38,-0.9357655156703492,0.24745850504900227,-0.9361045612086374,0.2468564061003282,0.06606723928456236,0.24236796621887102,0.06572290965438793,0.24176567072064561
0.0,14.4,-0.9331788168675674,0.25200345020868786,-0.9335243122094182,0.25140462169867805,0.06869106948779655,0.24688664684811357,0.06834031820090225,0.24628774160360498
0.0,14.42,-0.9305542939429446,0.25650503119972695,-0.9309061740683294,0.25590952593273547,0.07135247769722458,0.2513615479011794,0.07099537516298988,0.2507661228478614
0.0,14.44,-0.9278928660245999,0.2609627414378427,-0.9282510209620394,0.2603707731676367,0.07405058173432745,0.25579232596146695,0.07368720706075475,0.25520046167236865
0.0,14.46,-0.9251953667534326,0.2653764153968177,-0.9255597279511842,0.26478803309176885,0.07678451265164586,0.26017872500340794,0.07641494568948837,0.2595904972868709
0.0,14.48,-0.9224626732289002,0.2697457396466012,-0.9228331247706234,0.26916115200467305,0.07955339262288376,0.2645204298316031,0.07917770545337056,0.26393591511728626
0.0,14.5,-0.919695663868487,0.274070416235959,-0.9200721837366342,0.2734895083234625,0.08235634452139427,0.2688171654439227,0.08197462500268361,0.26823647009713497
0.0,14.52,-0.9168952191606168,0.2783501629386121,-0.9172776881885674,0.2777731394978487,0.08519251082454106,0.2730687392490086,0.08480483080175275,0.2724919109171362
0.0,14.54,-0.9140621678196352,0.282584871429726,-0.9144505146972387,0.2820117751667682,0.08806100047442335,0.2772748668935655,0.08766745931819683,0.2767020190411924
0.0,14.56,-0.9111973861342278,0.2867742875491485,-0.9115915371934487,0.28620515916719813,0.09096096625250229,0.2814354032616747,0.09056164294527067,0.28086659466884184
0.0,14.58,-0.9083017516436959,0.29091817254661406,-0.9087016330044674,0.29035305137836637,0.09389154751548984,0.2855501721629636,0.09348652515038375,0.2849854696213381
0.0,14.6,-0.905376085091039,0.29501645898979145,-0.9057815724341202,0.2944555415029637,0.09685186780246835,0.2896189453780398,0.09644122348714322,0.28905839276290446
0.0,14.62,-0.9024213126321919,0.29906877855953545,-0.9028323282270941,0.2985120996559821,0.0998410743888798,0.2936415958608315,0.09942491818673742,0.2930853137620147
0.0,14.64,-0.8994381977257645,0.30307524861331075,-0.8998546660149658,0.30252284264086154,0.10285832994523242,0.2976180167187822,0.10243672918354481,0.2970660442001133
0.0,14.66,-0.8964276067110603,0.30703568465141134,-0.8968495045066455,0.30648742771741,0.10590277507708912,0.301548077879674,0.10547582328089329,0.30100047656364726
0.0,14.68,-0.8933904571139057,0.3109497599501066,-0.8938176006014679,0.31040599631255084,0.1089735677311299,0.30543169091195194,0.10854135448920867,0.30488852309063025
0.0,14.7,-0.8903275020354996,0.3148176300011943,-0.8907598111343704,0.3142783878635866,0.11206987646962155,0.30926876940773,0.11163248626468468,0.3087300958785612
0.0,14.72,-0.8872395402362403,0.3186393041846875,-0.8876769925590203,0.31810445624592404,0.11519086733929346,0.3130592582809696,0.11474839592245373,0.3125251334668359
0.0,14.74,-0.8841274797365997,0.32241449538394246,-0.8845699394062714,0.32188422220626756,0.11833572003606967,0.3168031101605274,0.1178882559607108,0.316273581516129
0.0,14.76,-0.8809921113786084,0.3261432384830437,-0.8814395006010188,0.325617564986287,0.12150361137816372,0.32050028961586174,0.12105124274320915,0.3199754168376489
0.0,14.78,-0.8778342213213389,0.3298255797763583,-0.8782864594437878,0.3293045284942462,0.1246937332501678,0.3241507867438846,0.12423654525272414,0.32363061886126215
0.0,14.8,-0.8746546460640015,0.3334614229889484,-0.8751115964752393,0.3329451686057133,0.12790527354136164,0.32775459934266654,0.12744336570326842,0.3272391857236095
0.0,14.82,-0.8714541618425707,0.3370508375813913,-0.8719157420026371,0.33653939853082987,0.13113744225250656,0.3313117491501434,0.13067090455439595,0.3308011278750114
0.0,14.84,-0.868233534739787,0.3405939019338084,-0.8686997237672885,0.34008714454828637,0.13438945096557392,0.33482226071601084,0.13391837264670878,0.3343164821095863
0.0,14.86,-0.8649935856714018,0.3440905540801281,-0.8654642428017345,0.3435886463881604,0.13766050768632207,0.3382861826356913,0.13718498159918938,0.3377852863938339
0.0,14.88,-0.8617350679783493,0.3475408935791135,-0.8622101135097817,0.3470438509921437,0.1409498501187579,0.3417035676995752,0.1404699642177347,0.34120759579391413
0.0,14.9,-0.8584587315011116,0.3509450310275088,-0.8589380840914047,0.3504528669496423,0.1442567076060276,0.3450744956795044,0.14377255371527292,0.34458348024803753
0.0,14.92,-0.8551653763772028,0.35430293540553537,-0.8556488932209968,0.35381581129007084,0.147580317810939,0.3483990468886971,0.1470919925436961,0.34791302894463416
0.0,14.94,-0.8518556735809292,0.3576148847627111,-0.8523433352770317,0.3571326617020096,0.15091993679576796,0.3516773247519869,0.15042753173376391,0.3511963308422079
0.0,14.96,-0.8485304749508299,0.36088072018084383,-0.849022138271897,0.36040355601769547,0.15427482306003,0.35490943367763567,0.1537784227061425,0.3544335057589001
0.0,14.98,-0.8451904344644914,0.3641007368825697,-0.8456860194424137,0.3636286394598656,0.15764424172848865,0.35809550568493326,0.1571439502665041,0.35762466130546783
0.0,15.0,-0.8418362639370814,0.367275090884704,-0.8423357521680823,0.36680791862546974,0.1610274810502692,0.36123566918574124,0.16052337993697088,0.3607699396116477
0.0,15.02,-0.8384687279681897,0.3704037983630965,-0.8389719113398779,0.3699418503497376,0.16442382329193636,0.36433006651834715,0.16391600248411703,0.36386948394144064
0.0,15.025,-0.8376248556790805,0.37117882202485897,-0.8381289657014609,0.37071814365929456,0.1652748732751178,0.36509653555059896,0.16476613788753058,0.3646372415808961
0.0,15.04,-0.8350885220482089,0.3734870324016883,-0.8355953840413457,0.3730301651272927,0.1678325650404603,0.36737886593077795,0.16732110942489595,0.3669234498045775
0.0,15.06,-0.8316962668625185,0.3765251185805253,-0.8322066618989391,0.3760734797840315,0.1712530110881906,0.3703822300331821,0.17073802295554605,0.36993200243379176
0.0,15.08,-0.8282927706032716,0.37951795352296475,-0.8288066180688236,0.3790715432441207,0.1746844782210417,0.37334034036556557,0.17416604412824485,0.372895321177135
0.0,15.1,-0.8248785713692606,0.38246602225240783,-0.8253958571007098,0.3820246951358738,0.17812629880150707,0.37625338706592365,0.1776045041981397,0.3758135927238639
0.0,15.12,-0.8214543938492449,0.38536938071795046,-0.8219749732435556,0.3849332798550546,0.1815778023941114,0.37912156315445084,0.18105273378150163,0.3786870112717962
0.0,15.14,-0.8180209593596844,0.388228095493907,-0.8185447516520852,0.38779721686306834,0.185038339940676,0.3819450814550235,0.1845100850630458,0.38151579120550716
0.0,15.16,-0.814578774361326,0.39104266700611984,-0.815105701439552,0.39061700663055887,0.18850726132973053,0.38472416087508493,0.18797591179287582,0.38430014124182027
0.0,15.18,-0.8111285402496767,0.39381317310532277,-0.8116585245371207,0.3933927259183512,0.19198393843111417,0.387459022687445,0.19144958289005734,0.387040292407581
0.0,15.2,-0.8076709520451197,0.39653970035131014,-0.8082038464473077,0.3961246008148661,0.19546774173684336,0.39014991002638705,0.194930468485445,0.38973646905917075
0.0,15.22,-0.8042065570892271,0.39922262363341854,-0.8047422834266199,0.39881286306466157,0.1989580619744485,0.3927970633807953,0.19841795644318283,0.3923889220668897
0.0,15.24,-0.8007358934274856,0.4018623217796503,-0.8012744443335289,0.4014577507856894,0.20245429788165156,0.3954007291530822,0.2019114451014437,0.3949978963173623
0.0,15.26,-0.7972596979547039,0.4044587580645463,-0.7978009269211871,0.4040595064340106,0.2059558598718124,0.39796116656425023,0.2054103376141023,0.39756365332119853
0.0,15.28,-0.793778419621999,0.4070124607399098,-0.7943222496628921,0.4066185166113692,0.2094621599086274,0.4004786447716843,0.20891405715054687,0.40008644943773775
0.0,15.3,-0.7902927071845149,0.40952354330327395,-0.7908390683249272,0.4091348971137718,0.21297262438286998,0.40295343369983594,0.2124220253993228,0.40256656181006256
0.0,15.32,-0.7868030626804129,0.4119924033290074,-0.7873519475143894,0.41160890215220286,0.21648670079093071,0.40538581573169047,0.21593368731507892,0.4050042675174205
0.0,15.34,-0.783310123655734,0.4144191679702341,-0.7838613777161101,0.41404093094488953,0.2200038331238912,0.4077760727503639,0.2194484868330991,0.40739984792665546
0.0,15.36,-0.7798143521591278,0.4168042313464774,-0.7803678475477772,0.41643138934993945,0.22352347780334075,0.410124499357319,0.2229658849976183,0.4097535887125947
0.0,15.38,-0.7763163925497443,0.41914774310120145,-0.7768720378873593,0.418780269538476,0.22704510773405828,0.4124313926675796,0.22648534307332774,0.412065799267764
0.0,15.4,-0.7728166089149048,0.4214502360562036,-0.7733744141273762,0.42108798313900553,0.23056820449396304,0.414697054423849,0.23000635722677334,0.41433677357972026
0.0,15.42,-0.7693156037027581,0.4237118543739827,-0.7698754977183387,0.4233548048382638,0.23409225752301405,0.41692178942375385,0.23352839745754064,0.4165668151032201
0.0,15.44,-0.7658138337398587,0.4259330214551783,-0.766375663191923,0.425581286222061,0.23761676875133178,0.4191059136286372,0.23705097583995088,0.4187562409786035
0.0,15.46,-0.7623118611481078,0.4281138769610004,-0.762875639192211,0.42776730776481153,0.24114124935520084,0.42124974805131,0.2405735984714495,0.42090536309845705
0.0,15.48,-0.758810110000314,0.43025484174568723,-0.7593757015492862,0.4299135566715568,0.24466521342408892,0.42335360764369956,0.24409578541189608,0.42301450676831714
0.0,15.5,-0.7553090885641786,0.43235621637152877,-0.7558763319568328,0.43202031610598807,0.24818820882258139,0.4254178204454464,0.24761706923283175,0.4250839906092687
0.0,15.52,-0.7518091785438169,0.4344184116786967,-0.7523781653590237,0.4340876153998155,0.25170975545350294,0.42744272296756364,0.251136998353891,0.427114148872936
0.0,15.54,-0.7483109403864632,0.4364415984065461,-0.7488814432360889,0.43611614102456986,0.2552294271337732,0.42942863018923894,0.2546551043009199,0.4291053097527309
0.0,15.56,-0.7448146733938708,0.43842632826930106,-0.7453867867996876,0.43810593022394445,0.2587467676414972,0.43137589670054494,0.25817096887332774,0.43105780706215885
0.0,15.58,-0.7413209833309153,0.4403726389116493,-0.7418944886549372,0.4400575364071702,0.26226135603999445,0.433284856909459,0.26168414648194444,0.4329719849665192
0.0,15.6,-0.7378301714916544,0.4422810962904488,-0.7384049947375367,0.4419712586113128,0.2657727822423734,0.43515585118018213,0.26519422777229246,0.4348481855138588
0.0,15.62,-0.7343425816298059,0.44415212117818287,-0.7349188216072138,0.44384727073536656,0.2692806174602725,0.4369892289043388,0.26870080009319697,0.43668675053146094
0.0,15.64,-0.7308588084735272,0.44598576745491364,-0.7314362385005908,0.4456861299583216,0.27278447901133224,0.43878533514353907,0.2722034572366512,0.4384880210696055
0.0,15.66,-0.7273790962216242,0.4477825839913447,-0.7279577397576837,0.4474880102308693,0.2762839719928985,0.440544517332149,0.2757018191198103,0.44025235183711264
0.0,15.68,-0.7239038705267669,0.4495428853021584,-0.7244835791349856,0.4492534699415218,0.2797787208695737,0.44226712540596236,0.2791955005260241,0.4419800945960115
0.0,15.7,-0.7204335252717035,0.451266973015917,-0.7210142375046168,0.4509826876621141,0.2832683460444089,0.4439535255438647,0.2826841242710626,0.44367160265887096
0.0,15.72,-0.7169684479554983,0.4529551511023505,-0.7175501114090067,0.45267597206129717,0.28675249220048254,0.4456040595902009,0.2861673394980827,0.4453272251594809
0.0,15.74,-0.7135088692445748,0.45460798005612185,-0.7140914240589967,0.45433387816308873,0.2902308021064918,0.4472190890286418,0.2896447792639377,0.44694732582254476
0.0,15.76,-0.7100552499338812,0.4562256459594657,-0.7106386288057411,0.45595658621301854,0.29370293627311517,0.44879897440422034,0.2931161098845774,0.44853225751238635
0.0,15.78,-0.7066078613220236,0.45780857023612204,-0.707192094020515,0.45754440432735816,0.29716856141964276,0.45034407430135204,0.29658099612590016,0.45008237612694696
0.0,15.8,-0.7031670721633976,0.4593570668110703,-0.7037520215790323,0.45909788820152736,0.300627357755805,0.45185473930453285,0.3000391039172828,0.4515980453072337
0.0,15.82,-0.6997331563863483,0.4608715683126955,-0.7003187577483057,0.4606173407950696,0.3040789973497307,0.4533313478119764,0.3034901235312257,0.4530796201613056
0.0,15.84,-0.6963064454047708,0.46235237451054817,-0.6968926508680247,0.4621030720488985,0.3075231736360125,0.45477424805478245,0.30693373768477306,0.454527467418664
0.0,15.86,-0.6928872888028049,0.46379980267437104,-0.693474035216511,0.4635553881980233,0.31095959477942703,0.45618379883342264,0.31036966063981636,0.4559419382903843
0.0,15.88,-0.6894759170164738,0.46521427057106796,-0.6900631580310244,0.46497471738230745,0.31438797201347984,0.4575603692641938,0.3137975938475307,0.4573234050557241
0.0,15.9,-0.6860726591102431,0.4665960911936827,-0.6866603490270563,0.46636137226224667,0.3178080162914884,0.45890431713503615,0.31721724639189974,0.4586722234250349
0.0,15.92,-0.682677748675029,0.467945692636358,-0.6832657372481281,0.4677158838142361,0.32121945222189013,0.460216009335644,0.3206283490200126,0.4599887526593742
0.0,15.94,-0.6792914867130109,0.4692633778515914,-0.6798798111954839,0.4690383316535158,0.3246220228869362,0.4614957941444572,0.32403064239587587,0.4612733551764909
0.0,15.96,-0.6759141609191934,0.4705494454191184,-0.6765026957051016,0.470329251988725,0.3280154641095906,0.46274404991849494,0.3274238531280347,0.46252639682233054
0.0,15.98,-0.6725459121918705,0.4718044458801989,-0.673134680850386,0.47158894769108795,0.33139952181978344,0.4639611246619279,0.3308077409576069,0.46374822863361165
0.0,16.0,-0.669187015961892,0.4730286761516012,-0.669775968759267,0.4728178394308197,0.3347739538149876,0.46514738968952685,0.3341820582060199,0.46493921463461996
0.0,16.02,-0.6658378328959754,0.47422232315994384,-0.6664268380679388,0.47401623004693466,0.33813854302233626,0.4663031892092767,0.33754656977763775,0.4660997089172397
0.0,16.04,-0.6624984549920194,0.47538591283949694,-0.663087562095175,0.47518442312976455,0.3414930396929999,0.46742889729584436,0.34090105245069524,0.46723007153152185
0.0,16.06,-0.6591691567668602,0.4765197533876734,-0.6597582274206097,0.4763229422747345,0.3448372383956171,0.46852485333016636,0.344245282613,0.4683306687214511
0.0,16.08,-0.6558501922743449,0.47762414265541075,-0.6564392625656161,0.4774318596506797,0.34817091624099283,0.46959143095481265,0.3475790402223178,0.46940184443390015
0.0,16.1,-0.6525416359414361,0.4786996012368674,-0.653130659798257,0.4785118115405759,0.351493873873264,0.4706289743219742,0.35090212402557347,0.47044395804254646
0.0,16.12,-0.6492439057829871,0.4797462032669717,-0.6498326703871958,0.4795630984675935,0.354805914353302,0.4716378377517185,0.35421433548597314,0.47145736240642383
0.0,16.14,-0.6459569743474637,0.48076457497676595,-0.6465456021138526,0.48058589193180457,0.35810684704472756,0.47261837398978757,0.35751549061390164,0.47244240260835507
0.0,16.16,-0.6426811586383159,0.4817548983312957,-0.6432695363807969,0.4815807249250223,0.36139647900401356,0.4735709401253819,0.3608053866573938,0.4733994404666441
0.0,16.18,-0.6394166030575542,0.482717581015831,-0.6400046723356112,0.4825478694626827,0.36467463939621214,0.4744958784038861,0.3640838553701201,0.4743288223500553
0.0,16.2,-0.6361634319434692,0.4836530174748503,-0.6367512489747814,0.48348763097087766,0.36794115864958793,0.47539354002491935,0.36735071722957474,0.47523088723370616
0.0,16.22,-0.6329219410356797,0.4845613845695458,-0.6335093719922045,0.48440039219723424,0.3711958679732984,0.4762642676758596,0.3706058145366733,0.47610599294309514
0.0,16.24,-0.6296921680338617,0.48544319115208606,-0.6302791786831013,0.48528656147154486,0.37443860743436214,0.47710840611892097,0.37384899000373617,0.47695447104210575
0.0,16.26,-0.6264743147269711,0.4862987228616136,-0.6270609490418397,0.4861463092645077,0.37766922977794326,0.477926289807785,0.37708008259607406,0.4777766733097839
0.0,16.28,-0.6232684791608284,0.48712836283154853,-0.6238546194412914,0.4869802437175002,0.3808875838387792,0.4787182732437599,0.3802989476745604,0.47857292899017373
0.0,16.3,-0.6200749393799747,0.48793228655533544,-0.6206605460211757,0.4877884244889562,0.38409352624773474,0.47948469463511884,0.3835054363667684,0.47934358719370235
0.0,16.32,-0.616893621418007,0.4887110966325409,-0.6174787408296254,0.48857134658457985,0.38728693378925405,0.48022587402875594,0.38669942842717103,0.48008897243341253
0.0,16.34,-0.6137248727603775,0.48946485318893146,-0.6143093815524285,0.48932928589846575,0.39046766178522446,0.48094216441783255,0.3898807861999875,0.480809429849216
0.0,16.36,-0.6105686886698067,0.49019404110105136,-0.6111525492858013,0.4900626190748288,0.393635597494076,0.48163388104391885,0.39304938721030797,0.4815052804006313
0.0,16.38,-0.6074252379145134,0.49089893410100327,-0.6080084204485876,0.4907716253920896,0.39679062299671175,0.4823013581763213,0.3962051037545701,0.4821768643023679
0.0,16.4,-0.6042945925930379,0.49157990536998175,-0.6048771534677394,0.49145657249199354,0.39993263114466454,0.4829449174048833,0.39934783571382726,0.48282449540846023
0.0,16.42,-0.6011769065232159,0.49223722055180213,-0.6017587243238013,0.49211793197503667,0.4030614961213701,0.4835649008040542,0.4024774689885454,0.4834485134001274
0.0,16.44,-0.5980723367368642,0.49287115050164415,-0.5986532834465645,0.4927559673099338,0.4061771360127243,0.4841616092387922,0.40559390732977807,0.4840492196505867
0.0,16.46,-0.5949808505312617,0.49348216192449806,-0.5955609913645996,0.4933709528444548,0.40927944126031246,0.4847353706242546,0.40869703607922353,0.4846269539175429
0.0,16.48,-0.5919025833909736,0.4940705100436713,-0.5924819774603252,0.4939631397128238,0.4123683261047017,0.485286515988369,0.411786784118176,0.48518201384081827
0.0,16.5,-0.5888376809875835,0.4946364608936073,-0.5894162020209147,0.4945329898738919,0.41544369531048003,0.48581533990466574,0.41486304851076383,0.48571473694782047
0.0,16.52,-0.5857860990365529,0.495180473022137,-0.586363807523083,0.49508076712383636,0.4185054780024527,0.48632215756970365,0.41792574289029205,0.48622542108145594
0.0,16.54,-0.582748135290926,0.4957025932509542,-0.5833248262351524,0.4956068193725499,0.4215535869080794,0.4868072914227302,0.4209748089566983,0.4867143716316061
0.0,16.56,-0.5797236519652589,0.4962033778753512,-0.5802994735053449,0.49611130059300523,0.42458795552871503,0.4872710287976892,0.4240101499167221,0.48718191012682666
0.0,16.58,-0.5767128537916159,0.49668297354931895,-0.5772876883835097,0.4965946570372192,0.4276085112503956,0.4877136937500626,0.42703171619800556,0.4876283192066211
0.0,16.6,-0.5737157691603465,0.49714172858172184,-0.5742895863549016,0.4970571352821905,0.4306151834392166,0.4881355708314376,0.4300394202589832,0.48805391618463273
0.0,16.62,-0.5707324164711985,0.49757998272349896,-0.5713051995554435,0.49749908661869013,0.43360792550360905,0.4885369644292373,0.4330332143717392,0.48845900497616973
0.0,16.64,-0.5677629043649464,0.4979979795118126,-0.5683346173584528,0.4979207374049481,0.436586668151911,0.48891818016330424,0.4360130487073871,0.48884386227200266
0.0,16.66,-0.5648072449903233,0.49839605454913005,-0.5653778721121475,0.49832244053603575,0.43955137159650914,0.4892794981079494,0.4389788532239839,0.4892088035236584
0.0,16.68,-0.5618655409199836,0.49877444824317685,-0.5624351408322966,0.4987043268004508,0.4425019741700134,0.48962121820126797,0.44193059931244083,0.48955409753900814
0.0,16.7,-0.5589378789415987,0.499133388695704,-0.5595062497253609,0.4990669187975888,0.44543844333703103,0.4899436142232207,0.44486821407116683,0.48988004266895646
0.0,16.72,-0.5560241816840303,0.4994733087277239,-0.5565913895194028,0.4994103608174512,0.44836072423462103,0.4902469798359163,0.4477916825657183,0.49018692580649803
0.0,16.74,-0.5531245302038713,0.4997944316642875,-0.5536905546572836,0.49973497437751174,0.4512687925853681,0.4905316011246738,0.4507009469702548,0.4904750311839924
0.0,16.76,-0.5502389220989012,0.5000970817373476,-0.550803824108287,0.500040981950536,0.45416260826380406,0.49079775716428864,0.45359598833979187,0.49074462733152474
0.0,16.78,-0.5473675205200553,0.5003813834537796,-0.5479311933421311,0.5003287065003342,0.45704214239823915,0.49104571546316,0.45647677345150695,0.4909959947506267
0.0,16.8,-0.5445102305039685,0.500647753272905,-0.5450726550544975,0.5005984680868845,0.4599073653343713,0.4912757532979589,0.45934325783891294,0.491229412619462
0.0,16.82,-0.5416672164582483,0.5008963191348579,-0.5422283615740864,0.5008503830642542,0.4627582551538127,0.49148814978000127,0.46219543567845345,0.49144514361302927
0.0,16.84,-0.5388382720056243,0.5011275689027886,-0.5393982194305387,0.501084868556149,0.4655947987162378,0.4916831525140829,0.4650332863582595,0.4916434623256011
0.0,16.86,-0.5360236504275768,0.5013415388759412,-0.5365821950282015,0.5013022200756186,0.4684169752028014,0.491861046160958,0.4678567806318568,0.4918246279968362
0.0,16.88,-0.5332232342065542,0.501538623281445,-0.5337804461043519,0.5015025612065356,0.47122475815165654,0.4920220862129007,0.4706659071855201,0.49198891270282036
0.0,16.9,-0.5304369971106053,0.5017191246589074,-0.5309929469266439,0.5016861961121508,0.47401814753116506,0.49216653261175536,0.47346065425695155,0.4921365646855216
0.0,16.92,-0.5276650857817944,0.501883158451461,-0.5282197509318245,0.5018533280672242,0.47679713948347546,0.49229463508089477,0.4762410224638424,0.49226783897243276
0.0,16.94,-0.5249074574804385,0.5020310127231055,-0.5254607403234747,0.5020043485560599,0.47956171429350664,0.49240665543046486,0.47900699670405983,0.4923830026789916
0.0,16.96,-0.5221640915283061,0.5021629957341401,-0.5227159642282161,0.5021394559898645,0.4823118761062025,0.49250283994467103,0.4817585606282757,0.4924822988308629
0.0,16.98,-0.5194350225746875,0.502279293279209,-0.5199854757958126,0.5022588535748487,0.4850476271111897,0.49258344421391875,0.4844957437780094,0.4925659772613513
0.0,17.0,-0.5167202137515715,0.5023801976750673,-0.5172692265236748,0.5023628222354911,0.4877689678423096,0.4926486992494556,0.48721851749334044,0.4926342742013705
0.0,17.02,-0.5140196201800731,0.5024659925577524,-0.5145672715272066,0.5024515675384134,0.4904759077071501,0.49269885663922297,0.4899269100777122,0.49268744387167746
0.0,17.04,-0.5113333704836341,0.5025367801870084,-0.5118795525229469,0.5025253602467404,0.49316843686312384,0.49273416034975415,0.4926209109167479,0.492725729942682
0.0,17.06,-0.508661322485418,0.5025929242282785,-0.509206109030694,0.502584390929926,0.495846582944973,0.4927548349541918,0.4953005354635492,0.4927493453854029
0.0,17.08,-0.5060036129115931,0.5026345360183747,-0.5065468149773185,0.5026290375344693,0.4985103423628833,0.49276112004592715,0.4979657963813967,0.4927585465384191
0.0,17.1,-0.503359996600928,0.5026620502056399,-0.5039018641377702,0.5026592925664708,0.5011597460323672,0.4927532498240601,0.5006167037784067,0.4927535647495544
0.0,17.12,-0.500730688702206,0.5026754810696333,-0.501271027593633,0.5026756059995781,0.5037947990361342,0.4927314449031618,0.5032532762962061,0.49273461741993074
0.0,17.14,-0.4981156336215304,0.5026751005657626,-0.4986544313639041,0.5026780789449911,0.5064155235583762,0.4926959376790318,0.5058755295410888,0.4927019310416661
0.0,17.16,-0.4955146692381359,0.502661246915262,-0.4960520013652209,0.5026669633288013,0.5090219357052195,0.4926469495741005,0.508483484644345,0.4926557324898201
0.0,17.18,-0.4929279237270974,0.5026340245343272,-0.49346369063819695,0.5026425371758626,0.5116140714316523,0.4925846990648398,0.5110771623376871,0.4925962432888909
0.0,17.2,-0.4903553197276416,0.5025936808557231,-0.49088950985337526,0.5026049610789193,0.514191922660577,0.49250940893924905,0.5136565972732742,0.49252367626126087
0.0,17.22,-0.48779679552326377,0.5025404778554892,-0.4883294796952122,0.5025544061914655,0.5167555530210568,0.49242128013194586,0.5162217857674898,0.49243825427572346
0.0,17.24,-0.4852524521058449,0.5024744937531201,-0.48578353729259394,0.5024911332172141,0.5193049646035809,0.4923205358221766,0.5187727813290193,0.49234018150698566
0.0,17.26,-0.4827221371812337,0.5023960718447138,-0.4832516127208221,0.5024153942783849,0.5218401935575371,0.4922073927615857,0.5213096134707325,0.49222966873055835
0.0,17.28,-0.4802057736753939,0.5023054554972388,-0.4807337990010871,0.5023272593471576,0.5243612715532017,0.4920820415893308,0.5238322873940114,0.4921069337269226
0.0,17.3,-0.47770355179836516,0.5022026409816547,-0.47822985385348243,0.5022271503579878,0.5268682384522549,0.4919446932942283,0.5263408619687385,0.4919721543710106
0.0,17.32,-0.47521521665057204,0.5020880359659298,-0.47573996646599725,0.5021150620561474,0.529361126774121,0.4917955474830355,0.5288353639403706,0.49182555978204523
0.0,17.34,-0.4727407752085322,0.5019617943805478,-0.47326396320534614,0.5019913104970198,0.5318399527891328,0.4916348016321452,0.5313158175800415,0.4916673381410187
0.0,17.36,-0.47028033170176814,0.5018239986433606,-0.4708019431655626,0.501855972332405,0.5343047788531335,0.49146265724989097,0.5337822699111641,0.4914976944886401
0.0,17.38,-0.46783371543873453,0.5016749652808932,-0.4683536538204166,0.5017094518993809,0.5367556239920761,0.4912793059301966,0.53623476263108,0.49131680735398886
0.0,17.4,-0.46540092451968285,0.501514838183125,-0.46591926868084177,0.5015517292813094,0.5391925471361356,0.491084937377916,0.5386733245226281,0.49112487369752855
0.0,17.42,-0.4629819613915896,0.5013437660358603,-0.4634986206884252,0.5013831221089754,0.541615575786391,0.4908797428122471,0.5410980033858639,0.49092208661652265
0.0,17.44,-0.46057665778641516,0.5011620630805811,-0.4610917989522049,0.5012036964481527,0.5440247500759517,0.4906639038469461,0.5435088387870984,0.4907086276180129
0.0,17.46,-0.4581851015642951,0.5009697935498,-0.4586985363409149,0.5010138335262206,0.5464201204479697,0.4904376074248037,0.5459058657539695,0.4904846874264575
0.0,17.48,-0.45580719937258113,0.5007671757152726,-0.45631900750056964,0.5008135161589078,0.5488017265649172,0.49020104405866094,0.5482891552987581,0.4902504335215585
0.0,17.5,-0.45344294968213117,0.5005543518515261,-0.45395312889459,0.5006029729701085,0.5511696228103091,0.48995437915624634,0.5506587206802772,0.4900060637865353
0.0,17.52,-0.4510922626476142,0.5003315419981144,-0.4516007182950574,0.5003824972504094,0.5535238524334785,0.4896977815692702,0.5530146258309603,0.4897517488737157
0.0,17.54,-0.44875504244359854,0.5000989578382689,-0.44926194209759285,0.5001520644249003,0.5558644666004101,0.48943144068683986,0.5553569108215498,0.48948765160434576
0.0,17.56,-0.4464313773329938,0.4998566641654104,-0.4469365344169511,0.4999120480186406,0.5581915074839429,0.4891555343069797,0.5576856385064985,0.4892139512483226
0.0,17.58,-0.4441210723257185,0.49960493596682676,-0.4446245777722544,0.49966250534004814,0.560505016494622,0.48887021885194454,0.5600008541219873,0.48893082507470714
0.0,17.6,-0.44182421908319874,0.4993438415078179,-0.44232605625099797,0.499403560076426,0.5628050663555317,0.48857565729414826,0.5623025870640663,0.4886384331147026
0.0,17.62,-0.43954062642393715,0.4990736568547083,-0.4400407942199107,0.4991355058402829,0.5650917033444713,0.4882720203583287,0.5645909130078409,0.4883369378297636
0.0,17.64,-0.43727028203071444,0.4987945070918333,-0.4377687744568773,0.49885846207709467,0.5673649620979031,0.4879594826428411,0.5668658745943825,0.4880265038599614
0.0,17.66,-0.4350132598464352,0.4985064404766757,-0.4355100761418191,0.4985724828123052,0.5696249145900437,0.48763817871154314,0.5691275328039601,0.48770729110783884
0.0,17.68,-0.4327692900402085,0.4982098137966275,-0.43326442455822994,0.498277919462953,0.5718716085320257,0.48730828773876844,0.571375936857726,0.48737946321854453
0.0,17.7,-0.4305385321351241,0.49790459678898363,-0.43103197449594505,0.4979747359753585,0.574105098750404,0.48696995731040177,0.5736111344823224,0.48704316213887405
0.0,17.72,-0.4283207922116034,0.497591054708455,-0.42881254215931713,0.49766320936195746,0.5763254346314953,0.48662334442835786,0.5758331858873771,0.4866985717075716
0.0,17.74,-0.426116054691527,0.4972693058271921,-0.4266061120934003,0.4973434580001286,0.5785326922435118,0.4862685909876513,0.5780421486873195,0.4863458014134062
0.0,17.76,-0.42392430821076477,0.4969394732656123,-0.42441266328886174,0.4970155936723973,0.5807269119095927,0.4859058572442142,0.580238074129121,0.48598503841416957
0.0,17.78,-0.42174544426553534,0.4966017414301358,-0.4222320923544958,0.4966798067163592,0.5829081520499474,0.4855352984842246,0.5824210304901218,0.4856164121559877
0.0,17.8,-0.4195793540506265,0.4962562923590129,-0.420064382120293,0.49633621177054077,0.5850764707710554,0.4851570322353617,0.5845910736579267,0.485240055840123
0.0,17.82,-0.4174261111972359,0.4959031714558934,-0.41790942822443583,0.49598499555611314,0.5872319388785984,0.4847712179997136,0.5867482503501029,0.4848561438443472
0.0,17.84,-0.4152856010602794,0.4955425526066317,-0.41576720765711134,0.4956262641721836,0.5893745945824159,0.48437800262342084,0.588892623724929,0.4844647923868759
0.0,17.86,-0.4131577231160858,0.4951746244932545,-0.41363761047142367,0.4952601950871274,0.591504517657752,0.48397751269018824,0.5910242629824407,0.4840661541557157
0.0,17.88,-0.411042453315165,0.494799490330683,-0.411520708716358,0.49488683121660565,0.5936217584160973,0.4835698993619912,0.5931432212962241,0.48366034855958445
0.0,17.9,-0.4089397671394196,0.4944172525258357,-0.40941630044611277,0.49450641339359197,0.5957263729666786,0.48315528138986413,0.5952495579314979,0.4832475317315889
0.0,17.92,-0.40684946716284187,0.49402815469694134,-0.4073243610535048,0.4941190422347132,0.5978184404391431,0.48273379343357775,0.5973433379768465,0.48282782731194784
0.0,17.94,-0.4047717100021794,0.49363216553957245,-0.40524478864569063,0.49372489966325994,0.5998979966246787,0.482305584068298,0.5994246205469816,0.48240136860705823
0.0,17.96,-0.40270620212480285,0.493229584533817,-0.4031776392597916,0.49332400755983724,0.6019651287068755,0.4818707545262685,0.601493460281037,0.4819682827092497
0.0,17.98,-0.40065309451786957,0.4928203734826408,-0.40112280549938595,0.4929165398523373,0.6040198841864749,0.48142945763442613,0.6035499210961045,0.48152870159408334
0.0,18.0,-0.39861219332686887,0.4924047745446905,-0.39908017055496925,0.49250265689892503,0.6060623158558753,0.48098181357744085,0.6055940777052904,0.48108274597196776
0.0,18.02,-0.39658338152021655,0.49198294569889406,-0.39704979394145484,0.49208238395867787,0.6080925094667041,0.4805279317058011,0.6076259847846102,0.48063053523932014
0.0,18.04,-0.39456680399213967,0.4915548418454704,-0.3950314861525877,0.49165596510417986,0.6101105208929868,0.4800679467790527,0.6096457061910271,0.48017219363964586
0.0,18.06,-0.39256226179119613,0.4911206940038975,-0.393025211083764,0.4912234809888617,0.6121163941748465,0.47960198193620385,0.6116532925991636,0.47970784985398923
0.0,18.08,-0.39056964633962526,0.4906806671307339,-0.3910309414528313,0.4907850228692833,0.6141102217042753,0.4791301441614106,0.6136488276910345,0.47923762161104067
0.0,18.1,-0.38858901109931127,0.49023477711283775,-0.3890486540976785,0.4903406869123683,0.6160920446466529,0.4786525496117176,0.6156323606855306,0.47876161443505494
0.0,18.12,-0.38662023799829537,0.4897831754674579,-0.3870782309991515,0.48989062480948675,0.6180619428945183,0.47816932512775306,0.6176039640207542,0.478279949683807
0.0,18.14,-0.3846633032926113,0.4893259557669626,-0.3851195586371826,0.4894349918098811,0.6200199712127856,0.4776805584430584,0.6195636980077472,0.4777927369507714
0.0,18.16,-0.3827180930901756,0.48886327201576946,-0.3831726044136005,0.48897386858242325,0.6219661969028507,0.4771863965041684,0.6215116165627718,0.4773000959482103
0.0,18.18,-0.3807844847362297,0.488395264909462,-0.38123742954053175,0.4885072798265346,0.6239006785601504,0.47668692561160597,0.623447806550406,0.47680213500157054
0.0,18.2,-0.3788625391769378,0.48792195775109237,-0.3793138302317554,0.488035438235612,0.6258234897620197,0.47618225859526514,0.6253723125591442,0.47629894500351194
0.0,18.22,-0.37695221854392397,0.4874434234269053,-0.3774016882409086,0.48755848727817636,0.6277346915897215,0.47567249654945065,0.6272852085894608,0.4757906544963722
0.0,18.24,-0.37505324714800575,0.486959952977091,-0.3755011448090847,0.4870763774327522,0.6296343458411625,0.47515775628344165,0.6291865572689788,0.4752773639459501
0.0,18.26,-0.3731658378091092,0.48647141397172483,-0.3736120005126271,0.48658932197964105,0.6315225182053085,0.4746381209886911,0.6310764157031268,0.4747591676005981
0.0,18.28,-0.3712897104894719,0.48597808851959845,-0.3717342217299621,0.48609739553333664,0.633399273021718,0.47411372252827716,0.6329548572089396,0.47423616989331974
0.0,18.3,-0.3694248315208938,0.48548004950716384,-0.3698676899038473,0.48560073662378284,0.6352646876989192,0.47358463150290825,0.6348219568944977,0.4737084744667517
0.0,18.32,-0.3675712559407627,0.48497731062715294,-0.3680124602182566,0.4850993589743882,0.6371188081424064,0.47305096198108415,0.6366777458011091,0.4731761845993091
0.0,18.34,-0.36572877188180497,0.4844700609763394,-0.36616832508763114,0.4845934575188735,0.6389616984042314,0.4725128052282604,0.6385223262076037,0.4726393857507458
0.0,18.36,-0.3638974425424881,0.4839583238342197,-0.3643353478003659,0.48408305555249564,0.6407934388517544,0.47197026261277325,0.6403557479262051,0.47209817407471893
0.0,18.38,-0.36207714492951976,0.48344222720206176,-0.36251339704171254,0.48356827010527353,0.6426140893674022,0.47142341839992397,0.6421780614294123,0.47155266174668403
0.0,18.4,-0.3602678447795331,0.48292183991053445,-0.3607024511829245,0.4830491868151303,0.6444237178934082,0.4708723781936745,0.6439893516748918,0.4710029154621402
0.0,18.42,-0.35846942349303934,0.4823972927571335,-0.3589023833256105,0.48252592551398915,0.6462223724484412,0.4703172139792404,0.6457896722086366,0.47044904596841314
0.0,18.44,-0.35668185091056154,0.48186865799145867,-0.3571131634257328,0.4819985585573963,0.6480101388560805,0.46975804079125405,0.6475790945473583,0.4698911408738114
0.0,18.46,-0.35490509257597175,0.48133600171634305,-0.3553347612270103,0.48146715769579135,0.6497870680002867,0.4691949291674955,0.6493576842053927,0.4693292815921817
0.0,18.48,-0.35313902592828794,0.48079944555557397,-0.35356705011618716,0.4809318391752332,0.6515532269763586,0.46862795971687266,0.6511255005752632,0.4687635433709783
0.0,18.5,-0.3513836206568934,0.4802590590875919,-0.35181000394361944,0.4803926782098971,0.653308691110012,0.4680572344531785,0.6528826023619491,0.4681940510661888
0.0,18.52,-0.34963875448172105,0.47971496128263347,-0.35006358419426514,0.4798497328297321,0.6550535071017143,0.46748283315220135,0.6546290687163351,0.4676208389826712
0.0,18.54,-0.3479044847544837,0.4791671644754921,-0.3483276726807872,0.47930312684422477,0.6567877461276533,0.4669048342682587,0.6563649454445686,0.46704403665201927
0.0,18.56,-0.34618059765215337,0.47861583531798224,-0.34660223505300586,0.47875292180945334,0.6585114801151953,0.466323332330244,0.658090321176016,0.46646369899201096
0.0,18.58,-0.3444671504053201,0.47806098475030684,-0.34488715340172693,0.4781992389341363,0.6602247601282213,0.4657383881982059,0.6598052380363573,0.46587991522561295
0.0,18.6,-0.3427641083753855,0.4775026731515966,-0.3431824768414943,0.4776420779048902,0.6619276687544711,0.46515008343989833,0.6615097632121937,0.46529275634186384
0.0,18.62,-0.341071262497749,0.4769410684394721,-0.3414880002781547,0.47708161237625996,0.6636202426772343,0.4645585175011539,0.6632039803474026,0.46470230326093787
0.0,18.64,-0.3393885825751962,0.4763762336856721,-0.3398037767242898,0.47651784619544124,0.6653025756029741,0.4639637420603238,0.6648879194928465,0.46410864951763514
0.0,18.66,-0.33771611741345636,0.47580816700683276,-0.3381296808260174,0.4759508854343073,0.6669747146805542,0.4633658436522873,0.6665616676232057,0.46351184078299945
0.0,18.68,-0.3360537417205014,0.47523697353634015,-0.3364657691387372,0.475380738982129,0.6686367239806665,0.4627649019529971,0.6682252881489559,0.4629119736980883
0.0,18.7,-0.3344014289294545,0.4746627202881045,-0.33481175069774943,0.4748076282039738,0.6702886613750739,0.46216097363330033,0.6698788307015244,0.4623091166702834
0.0,18.72,-0.33275897527520387,0.4740855735032373,-0.3331678439484974,0.4742314380504268,0.671930600848946,0.4615541423063219,0.6715223771692568,0.4617033417224961
0.0,18.74,-0.3311265083847763,0.47350546550245987,-0.3315337585319792,0.47365238721283176,0.6735626020955481,0.46094448027398127,0.6731559715697449,0.46109471058084306
0.0,18.76,-0.3295038249300934,0.4729225604618245,-0.32990946068982946,0.47307052868146166,0.6751847258613608,0.46033205919383946,0.674779681863492,0.4604833173677104
0.0,18.78,-0.32789089484454814,0.47233691626076785,-0.3282950028550696,0.4724858631164435,0.6767970341652574,0.459716932971676,0.6763935782019052,0.4598691872173943
0.0,18.8,-0.3262876804255897,0.4717485794205203,-0.3266902609199924,0.4718984895397935,0.6783995817222743,0.4590991837470164,0.6779977146196504,0.4592524364851971
0.0,18.82,-0.32469414773675515,0.47115760144761054,-0.32509512251527667,0.47130852171595133,0.6799924561417096,0.4584788627947707,0.6795921551730714,0.458633100729215
0.0,18.84,-0.32311025535842897,0.4705640225498596,-0.32350962498051716,0.4707159372080826,0.6815756905179693,0.4578560522563519,0.6811769563943626,0.45801126090291117
0.0,18.86,-0.3215358090312704,0.46996801099830016,-0.32193365984815026,0.47012085374891344,0.6831493585493963,0.4572308086560685,0.6827521998019842,0.4573869616683291
0.0,18.88,-0.319970853614313,0.46936955404929703,-0.32036718976557493,0.46952331533294656,0.684713519018846,0.4566031944463865,0.684317928042565,0.45676028932933993
0.0,18.9,-0.31841526995715325,0.46876875078487434,-0.3188100955758383,0.46892342117910435,0.6862682395068106,0.45597327670146864,0.6858741927739341,0.4561313005882132
0.0,18.92,-0.31686910643941135,0.4681655935740444,-0.3172624184045533,0.4683211528729263,0.6878135727416658,0.4553410941057419,0.687421078198458,0.45550003803987704
0.0,18.94,-0.3153321625471103,0.4675602351526356,-0.31572396871367536,0.4677166795505017,0.6893495800776085,0.4547067416987828,0.6889586376223245,0.45486659150368286
0.0,18.96,-0.3138044831544165,0.46695266140581493,-0.31419470622621604,0.46711003653307964,0.6908763238758775,0.45407026218746505,0.690486925310988,0.45423099851140325
0.0,18.98,-0.3122859571660762,0.46634297863721236,-0.3126746758050406,0.4665012095802767,0.6923938752076699,0.4534317027893354,0.692006004217115,0.45359331843737705
0.0,19.0,-0.3107765407976848,0.46573121595695793,-0.31116376289345876,0.46589029910123264,0.6939022742452264,0.4527911411035684,0.6935159302325355,0.45295362212829066
0.0,19.02,-0.3092762011389577,0.4651174182132498,-0.3096619309847458,0.46527734463284937,0.6954015936939028,0.4521486231302336,0.6950167759166349,0.4523119556424845
0.0,19.04,-0.30778482773755234,0.46450168891210086,-0.3081690625274859,0.4646624391170317,0.6968918911329676,0.45150420109552203,0.696508590686823,0.4516683660564923
0.0,19.06,-0.3063023773489414,0.4638840552674591,-0.3066851214476167,0.46404562055499726,0.6983732170162547,0.4508579388100402,0.6979914330011293,0.4510229398150768
0.0,19.08,-0.30482881745302937,0.46326456018480083,-0.3052100787575101,0.46342693725258566,0.6998456382922883,0.45020987515333055,0.699465361510353,0.45037569333291905
0.0,19.1,-0.3033640347760133,0.4626432991246296,-0.303743810631487,0.46280646879506865,0.7013092149707835,0.44956007795320174,0.7009304440970383,0.44972669968524115
0.0,19.12,-0.30190806732194386,0.4620202447978558,-0.30228636912828927,0.4621842092125882,0.7027639914518733,0.4489085867340665,0.7023867171946845,0.44907601070441955
0.0,19.14,-0.3004608090960186,0.4613955020744413,-0.3008375537386299,0.46156029471609844,0.7042100532461048,0.44825546627857743,0.7038342659220004,0.4484236738612697
0.0,19.16,-0.29902213719248605,0.4607691478534732,-0.29939749019756134,0.4609346554659027,0.7056474220801328,0.447600756917301,0.7052731358900204,0.4477697275492858
0.0,19.18,-0.29759201993213563,0.46014122170175564,-0.29796590516914556,0.4603074886089782,0.7070761927354071,0.44694450993410284,0.7067033739323805,0.44711424458165716
0.0,19.2,-0.2961705058398357,0.45951171113230393,-0.2965429209519962,0.45967871856448567,0.7084963885157507,0.44628678208591144,0.7081250510322143,0.44645726028882604
0.0,19.22,-0.2947574726458356,0.4588806913250312,-0.2951284289384434,0.4590484418169826,0.7099080889219735,0.4456275956440521,0.7095382150692073,0.4457988289324032
0.0,19.24,-0.29335280885442794,0.4582482520270574,-0.29372230737553273,0.45841673236246644,0.7113113429612427,0.4449670217375721,0.7109429382914094,0.4451389846068251
0.0,19.26,-0.29195647992799006,0.45761442543059133,-0.2923246050474344,0.457783576723276,0.7127061999364591,0.44430511353305546,0.7123392538812874,0.4444777877684552
0.0,19.28,-0.2905685345073669,0.45697919795970154,-0.29093520738110445,0.45714905833918845,0.7140927330076174,0.44364188633061297,0.7137272435220725,0.44381527648404817
0.0,19.3,-0.28918877520224734,0.45634269757023616,-0.28955400032176787,0.45651325936344533,0.7154709848904519,0.4429774046137545,0.7151069411528629,0.4431514926440803
0.0,19.32,-0.2878172475722185,0.45570490455827983,-0.2881811090321969,0.4558761097880829,0.7168410066797006,0.4423117199752511,0.7164784136689912,0.44248648050278916
0.0,19.34,-0.2864538379617105,0.4550658998625737,-0.28681626059260207,0.4552377915044481,0.7182028654918883,0.44164485846141033,0.7178417049023301,0.44182030368350594
0.0,19.36,-0.2850985158350297,0.4544257186415444,-0.28545957692481344,0.4545982289025766,0.7195566212519019,0.4409768580113342,0.7191968818486972,0.4411529701403714
0.0,19.38,-0.2837512408743411,0.4537843800546978,-0.28411087209017444,0.4539575620229933,0.7209022947746712,0.44030778360264755,0.7205439900454411,0.44048456012143966
0.0,19.4,-0.28241198597226225,0.45314192389443775,-0.2827701853352072,0.453315759738325,0.7222399790547501,0.43963765720537706,0.7218830892181226,0.4398150753698136
0.0,19.42,-0.2810805530839072,0.4524984668792118,-0.2814374073713347,0.4526729055017047,0.7235697196705461,0.43896652269735587,0.7232142420538376,0.43914458764861697
0.0,19.44,-0.27975707038508546,0.45185394394799583,-0.28011250504903307,0.4520290274284005,0.7248915467131251,0.4382944311187676,0.7245374772357893,0.4384731126980631
0.0,19.46,-0.2784414257163525,0.4512084321724401,-0.2787954420927752,0.451384148156894,0.7262055303971225,0.43762140524180326,0.7258528745766555,0.43780071376678836
0.0,19.48,-0.27713350745311627,0.4505620074251701,-0.2774861100923266,0.4507383488864507,0.7275117337733462,0.4369474798787742,0.7271604636548484,0.4371274056171273
0.0,19.5,-0.275833279857114,0.4499146910734865,-0.27618454868590553,0.4500915976496538,0.7288101891608375,0.4362727224156922,0.728460317014359,0.4364532454342386
0.0,19.52,-0.2745407136577343,0.4492665145934929,-0.2748906530387826,0.44944397982856793,0.7301009674687916,0.4355971362642089,0.7297524742563289,0.4357782698001627
0.0,19.54,-0.2732557733197981,0.44861749883775814,-0.2736043876150185,0.4487955163216576,0.7313841019877204,0.4349207879499372,0.7310369905880643,0.4351024893685997
0.0,19.56,-0.27197842345450957,0.4479676644267455,-0.27232564194390524,0.448146280484266,0.7326596568893748,0.4342436925874016,0.7323139240822839,0.4344259675534234
0.0,19.58,-0.27070856009743877,0.4473170944481161,-0.27105445918087323,0.44749624475606614,0.73392768069907,0.43356587249079287,0.7335833148002185,0.4337487217738794
0.0,19.6,-0.26944614525947097,0.44666580319309335,-0.26979065441818684,0.44684553378936326,0.7351882250222675,0.43288740292416683,0.7348452133627289,0.43307080959261335
0.0,19.62,-0.2681911473320824,0.4460138150341412,-0.2685343490065402,0.4461940724493401,0.7364413299091428,0.4322082825329062,0.7360996851158474,0.43239224467011095
0.0,19.64,-0.2669435378690912,0.44536115922434877,-0.26728535556396177,0.44554197886561653,0.7376870629912957,0.43152856003425444,0.7373467722005775,0.43171306082207034
0.0,19.66,-0.2657031240472249,0.4447079421299456,-0.2660437175889583,0.44488922475903814,0.7389254744551332,0.4308482558683205,0.7385865256467032,0.43103329642138
0.0,19.68,-0.2644701108048023,0.4440540527557893,-0.26480932930091367,0.444235885171218,0.7401565922952242,0.4301674287387972,0.7398189884039221,0.4303529844503407
0.0,19.7,-0.26324423438621924,0.4433996529815857,-0.2635821567591682,0.44358197779758757,0.7413804909908048,0.4294860773637128,0.741044212328837,0.42967216243402734
0.0,19.72,-0.2620255385749903,0.4427447138617026,-0.26236209188529463,0.44292757102144154,0.7425972068183642,0.42880424667680134,0.7422622646792872,0.42899084155299205
0.0,19.74,-0.2608139125265305,0.44208929814468634,-0.2611491815311214,0.4422726409902533,0.743806785029708,0.4281219862238039,0.7434731660182661,0.42830907442675414
0.0,19.76,-0.259609329023246,0.4414334323934833,-0.25994339510573733,0.44161720984029745,0.7450092926029784,0.4274392882690895,0.7446769854193169,0.4276268892524791
0.0,19.78,-0.25841183186386957,0.44077708767035984,-0.2587445422272143,0.44096137964574855,0.746204752037984,0.42675622256772894,0.7458737580257286,0.42694429401838124
0.0,19.8,-0.2572213168274669,0.44012033560201885,-0.25755274991787813,0.44030508605317104,0.7473932309457042,0.4260727804586211,0.747063547298919,0.42626134690803064
0.0,19.82,-0.25603767134573424,0.43946323155614175,-0.2563678314848179,0.4396484349789668,0.7485747686353247,0.42538902285657987,0.7482463804264954,0.42557805017870803
0.0,19.84,-0.25486086596493074,0.4388057955465986,-0.2551897604113358,0.43899145153252705,0.7497494172926906,0.42470494829086536,0.7494223290790022,0.42489444813284666
0.0,19.86,-0.2536909477949376,0.4381480031035222,-0.254018577949268,0.4383341011122959,0.7509172169783521,0.4240206169495273,0.7505914222185376,0.42421056016283715
0.0,19.88,-0.25252780795863866,0.4374899134762886,-0.2528541810468276,0.4376764531646802,0.752078220470795,0.4233360265039537,0.7517536989496443,0.42352642820157144
0.0,19.9,-0.2513713439722838,0.4368315949852756,-0.2516964613545444,0.43701856602423816,0.7532324746451722,0.4226512052595766,0.7529092295609505,0.42284205931440005
0.0,19.92,-0.25022160034295726,0.4361730175289638,-0.2505454634467443,0.4363604095933517,0.7543800193348013,0.4219661942956341,0.7540580451552378,0.42215748974277184
0.0,19.94,-0.24907854525222622,0.43551419511320677,-0.24940116128188727,0.4357020079711363,0.7555209020920781,0.42128102119311084,0.7552002005561365,0.4214727339389345
0.0,19.96,-0.24794207398478127,0.4348551898558037,-0.24826344721236906,0.43504341834014987,0.7566551694130612,0.42059569509337436,0.7563357361662519,0.4207878322859334
0.0,19.98,-0.2468120823780141,0.43419606288829177,-0.24713221419541526,0.4343846969259198,0.7577828707948915,0.41991026082092064,0.7574646913583041,0.4201028067995154
0.0,20.0,-0.24568869099314117,0.4335367407351937,-0.24600758855557167,0.4337257801874254,0.7589040518792349,0.41922470864301337,0.7585871232269431,0.4194176887955964
20.0,0.0,2.133098483988e-09,-5.253956396828886e-06,1.048633992001735e-07,-7.194777645269281e-06,0.9999997295587162,-7.009176326969305e-06,0.9999998180881504,-7.315089301964872e-06
20.0,0.02,-6.979233032204292e-07,-0.0008330496717330777,-5.007809176256393e-07,-0.0007619669882482215,0.9999990737327632,-0.0008503971850602327,0.999999236857754,-0.00077871751372466
20.0,0.04,-2.778930219675204e-06,-0.001660885876711287,-2.254877211127907e-06,-0.001516780966019724,0.9999970206576159,-0.0016938348774525095,0.9999974906223021,-0.0015501699605180315
20.0,0.06,-6.241158714877474e-06,-0.0024887689762081084,-5.157692917937029e-06,-0.0022716432601769462,0.9999935700464211,-0.0025373282018761483,0.9999945791159183,-0.002321678473285794
20.0,0.08,-1.1084845396604683e-05,-0.003316704839928324,-9.209423871947556e-06,-0.003026559661539186,0.999988721560525,-0.0033808832858460785,0.9999905020274226,-0.0030932491613409416
20.0,0.1,-1.7310451445640157e-05,-0.0041446996292793985,-1.4410501115177651e-05,-0.003781536500115155,0.9999824748107906,-0.004224505714454295,0.9999852590007169,-0.0038648879583234957
20.0,0.12,-2.4918261741850576e-05,-0.004972759979026896,-2.0761160553355306e-05,-0.004536580297098909,0.9999748293531404,-0.005068202048563072,0.9999788496338479,-0.004636601110710603
20.0,0.14,-3.390884054300316e-05,-0.005800891337866668,-2.8261950878727753e-05,-0.005291696846328417,0.9999657846946759,-0.005911977800018872,0.999971273480459,-0.005408394514417692
20.0,0.16,-4.428260515813428e-05,-0.006629099848713614,-3.691328341909243e-05,-0.0060468926428280485,0.9999553402902177,-0.006755839176744717,0.9999625300485918,-0.006180274238213959
20.0,0.18,-5.604026864819154e-05,-0.0074573931211539,-4.671563886202119e-05,-0.006802173549785457,0.9999434955401826,-0.0075997920352972185,0.9999526188005862,-0.006952246523541175
20.0,0.2,-6.918222796216606e-05,-0.008285775502940617,-5.766958236735226e-05,-0.007557546993113322,0.9999302497924011,-0.008443842753309599,0.9999415391508433,-0.007724317435249222
20.0,0.22,-8.370934348516202e-05,-0.009114254126223263,-6.977577320960033e-05,-0.008313017641286613,0.9999156023466516,-0.009287997007571509,0.9999292904733036,-0.00849649303600274
20.0,0.24,-9.962242718028049e-05,-0.009942834292489884,-8.303481441516792e-05,-0.009068593719637969,0.9998995524492998,-0.010132260820962207,0.9999158720910853,-0.009268779386023987
20.0,0.26,-0.00011692202719576267,-0.010771524313670167,-9.744733187946285e-05,-0.009824278978075326,0.9998820992879878,-0.010976640387625344,0.9999012832850921,-0.010041182717511343
20.0,0.28,-0.0001356090203898697,-0.01160032821128814,-0.00011301417321778727,-0.010580081783622599,0.9998632420053847,-0.011821141723808347,0.9998855232897904,-0.010813708910825769
20.0,0.3,-0.0001556841815829139,-0.012429253168692025,-0.00012973615098567078,-0.011336008428184396,0.9998429796885067,-0.012665770842061578,0.9998685912881807,-0.011586364541447892
20.0,0.32,-0.0001771487507246759,-0.013258304439576171,-0.00014761375324623462,-0.012092062758099566,0.9998213113675122,-0.01351053392551163,0.9998504864262105,-0.012359155309151973
20.0,0.34,-0.00020000365891926955,-0.01408749048697722,-0.0001666484524514227,-0.012848254230546495,0.9997982360293906,-0.014355436804207903,0.9998312077978099,-0.013132087433927579
20.0,0.36,-0.0002242497856393998,-0.01491681418536463,-0.00018684069715537186,-0.013604586522217757,0.9997737525996194,-0.01520048565278634,0.9998107544500244,-0.013905167306778213
20.0,0.38,-0.00024988813529945207,-0.01574628541807759,-0.00020819148104304016,-0.014361069001500042,0.9997478599474449,-0.01604568664121791,0.9997891253865719,-0.014678400965985893
20.0,0.4,-0.0002769202114110955,-0.01657590707394582,-0.00023070203809816397,-0.015117703965836008,0.9997205569078954,-0.016891045585865357,0.9997663195637982,-0.01545179444594217
20.0,0.42,-0.00030534683153679245,-0.017405687510243534,-0.00025437356797970647,-0.01587450165013433,0.9996918422246809,-0.01773656969365537,0.999742335886164,-0.016225354125953568
20.0,0.44,-0.00033516971352909,-0.018235633505404462,-0.0002792066564906567,-0.016631465128766953,0.9996617146460917,-0.018582263200114878,0.9997171732253063,-0.016999086206757823
20.0,0.46,-0.000366389665975079,-0.019065749052335452,-0.00030520287189480074,-0.017388603873013678,0.9996301728527772,-0.01942813173132469,0.9996908303989414,-0.017772996186412853
20.0,0.48,-0.0003990082238933393,-0.01989604173664731,-0.00033236352336321823,-0.01814592298596768,0.9995972153607059,-0.020274185094209234,0.9996633061288253,-0.018547092699052393
20.0,0.5,-0.00043302733743310294,-0.020726517493224957,-0.00036068961980711967,-0.018903425382348134,0.999562840796909,-0.021120426111460203,0.9996345992060878,-0.019321378092859418
20.0,0.52,-0.00046844763551685175,-0.02155718428777548,-0.00039018238420882175,-0.019661124161436398,0.9995270476261213,-0.02196686283338963,0.9996047082745353,-0.020095860992431935
20.0,0.54,-0.0005052711144180255,-0.02238804515316539,-0.0004208431675120309,-0.02041901923974151,0.9994898343277142,-0.02281349981454987,0.9995736319393549,-0.020870548271905418
20.0,0.56,-0.0005434992350624103,-0.023219109311053154,-0.00045267363826859017,-0.02117712278102005,0.999451199286594,-0.023660343347235966,0.9995413688346682,-0.02164544331090644
20.0,0.58,-0.0005831337514584749,-0.024050379290032405,-0.0004856749364833958,-0.021935436159731456,0.9994111408285936,-0.02450739971659771,0.9995079174022715,-0.022420556461771077
20.0,0.6,-0.0006241762618297093,-0.02488186589724947,-0.0005198491665302132,-0.022693967927402758,0.999369657199239,-0.025354676945190578,0.9994732761999606,-0.02319589109317652
20.0,0.62,-0.0006666287104842345,-0.025713574393484928,-0.0005551968670359148,-0.02345272397345482,0.9993267466590336,-0.0262021795590689,0.9994374436733754,-0.023971452311839617
20.0,0.64,-0.0007104926157185728,-0.026545508441330436,-0.0005917206371015506,-0.024211711463023314,0.9992824074268494,-0.027049912076999878,0.9994004181203885,-0.024747250451902892
20.0,0.66,-0.0007557701188450069,-0.02737767633743772,-0.0006294214875890426,-0.024970936437202197,0.9992366375338619,-0.027897884242265178,0.999362197992644,-0.025523287119244908
20.0,0.68,-0.0008024624585059975,-0.028210086100396447,-0.0006683013570641118,-0.025730407254154892,0.999189435067873,-0.02874610055675556,0.9993227814934174,-0.026299572635002825
20.0,0.7,-0.0008505726889553729,-0.02904273936137736,-0.0007083616494280842,-0.026490126508118654,0.9991407980865837,-0.029594565514684666,0.9992821668642732,-0.027076112079548225
20.0,0.72,-0.0009001022664097674,-0.029875647858501435,-0.0007496044215481678,-0.027250102814808268,0.9990907244998328,-0.03044328708958179,0.9992403523631013,-0.027852910528067515
20.0,0.74,-0.0009510529477809026,-0.030708816168515854,-0.0007920317102557097,-0.028010341143273085,0.9990392121410183,-0.031292273245177124,0.999197336099103,-0.028629974791248323
20.0,0.76,-0.0010034274990090445,-0.03154224530526392,-0.0008356452211044956,-0.028770849882026762,0.9989862589583993,-0.0321415267051233,0.9991531161065458,-0.029407313416870324
20.0,0.78,-0.0010572275666589632,-0.03237595014309669,-0.0008804466800656509,-0.029531637120500748,0.9989318626803584,-0.03299105541458815,0.9991076905668774,-0.030184927969405435
20.0,0.8,-0.0011124560559406097,-0.0332099312612712,-0.0009264381649572501,-0.030292704218473,0.9988760210179268,-0.033840865564717874,0.9990610573184773,-0.03096283046900628
20.0,0.82,-0.0011691144025831224,-0.034044194811970435,-0.0009736220845615519,-0.031054061143494738,0.9988187316691628,-0.034690963338061376,0.9990132144462004,-0.031741022464537416
20.0,0.84,-0.0012272054231813948,-0.03487875247565982,-0.001022000319063304,-0.03181571598207038,0.9987599922891915,-0.03554135316206108,0.9989641597775576,-0.03251951247176132
20.0,0.86,-0.0012867323045420212,-0.035713606026552595,-0.001071574592747089,-0.032577671209966554,0.998699800312577,-0.036392044683869265,0.9989138911461288,-0.03329830725428655
20.0,0.88,-0.0013476960680528054,-0.0365487643285507,-0.0011223474383116033,-0.033339935673681834,0.9986381533095661,-0.03724304231044721,0.9988624063273808,-0.03407741356675444
20.0,0.9,-0.0014101006427534694,-0.03738422888943557,-0.0011743213806112648,-0.03410251553798121,0.9985750487309274,-0.03809435218087798,0.9988097031833405,-0.03485683466890008
20.0,0.92,-0.0014739472869291414,-0.038220013752065615,-0.0012274982582094831,-0.03486541261131093,0.9985104838890432,-0.03894598216511192,0.99875577928002,-0.035636580784470136
20.0,0.94,-0.0015392400497169446,-0.0390561187914986,-0.0012818804535160103,-0.03562864355292611,0.9984444561703681,-0.039797936635687925,0.9987006322936156,-0.03641665689725237
20.0,0.96,-0.0016059801467001008,-0.03989255561809612,-0.0013374704026096445,-0.03639220766765705,0.9983769628834461,-0.040650221697978245,0.9986442598821601,-0.03719706798282649
20.0,0.98,-0.0016741718490386264,-0.04072932532819467,-0.0013942708441766368,-0.03715611084750957,0.9983080012089749,-0.04150284344238449,0.9985866595069689,-0.037977822492456556
20.0,1.0,-0.0017438170591755975,-0.04156643742901853,-0.001452283572616596,-0.0379203669593116,0.998237568189908,-0.0423558114341311,0.9985278286449524,-0.03875892712441336
20.0,1.02,-0.0018149182115004445,-0.04240389702068439,-0.0015115117371488182,-0.03868497279133759,0.9981656610541192,-0.043209128254293266,0.9984677648529462,-0.039540385081170935
20.0,1.04,-0.0018874803154741906,-0.04324171570188378,-0.001571957965896506,-0.03944994412004529,0.9980922767748376,-0.04406280169888048,0.998406465393592,-0.04032220652691593
20.0,1.06,-0.0019615042562258563,-0.04407989402189716,-0.0016336248650279436,-0.04021527756477507,0.9980174122720046,-0.044916839550630666,0.9983439276412607,-0.04110439638538958
20.0,1.08,-0.002036993405900671,-0.04491843782797531,-0.0016965144327639645,-0.040980988524242125,0.9979410646174689,-0.045771244351973044,0.998280148879076,-0.04188696131334045
20.0,1.1,-0.00211395216673117,-0.045757356108200385,-0.0017606303960285231,-0.04174708150149486,0.9978632304408273,-0.046626027341078104,0.9982151263205855,-0.04266990795569182
20.0,1.12,-0.0021923818852380376,-0.04659665891464791,-0.00182597514442876,-0.04251356154459877,0.997783906803711,-0.04748118929214833,0.9981488572200848,-0.0434532412046557
20.0,1.14,-0.0022722873808350757,-0.04743634380449068,-0.0018925510172211047,-0.04328043208679578,0.997703090197754,-0.04833674141352189,0.998081338536149,-0.04423697116656267
20.0,1.16,-0.002353671983421576,-0.04827642616590009,-0.001960362416318789,-0.044047707948076095,0.9976207773469132,-0.04919268793073433,0.9980125674841375,-0.04502110096780664
20.0,1.18,-0.0024365373980701826,-0.04911690477202974,-0.0020294100849708226,-0.04481538888442007,0.9975369650532733,-0.050049034806771274,0.9979425410039455,-0.04580563894921368
20.0,1.2,-0.002520888618678805,-0.049957792731493755,-0.0020996992488035503,-0.0455834876750317,0.9974516496612603,-0.05090578971505167,0.9978712561345624,-0.0465905899554134
20.0,1.22,-0.0026067294363869655,-0.05079909373489327,-0.0021712322584938456,-0.046352003239691845,0.9973648276558564,-0.051762958577651966,0.9977987097085173,-0.04737596230233146
20.0,1.24,-0.0026940613242074692,-0.05164081750652844,-0.002244011141795531,-0.047120944992410804,0.9972764956126525,-0.05262054730865969,0.9977248985558895,-0.048161762549983014
20.0,1.26,-0.0027828895525334684,-0.05248296025190292,-0.0023180406283517634,-0.047890326648217914,0.9971866496452443,-0.053478563530328864,0.9976498195800926,-0.048947995506149075
20.0,1.28,-0.002873217902106163,-0.053325539316321266,-0.002393322971272216,-0.048660143014475445,0.9970952864859743,-0.05433701139368224,0.997573469412438,-0.049734669445677594
20.0,1.3,-0.0029650496819651046,-0.05416856221783591,-0.0024698615999217306,-0.04943041266087589,0.997002401967529,-0.055195898478795025,0.9974958447778035,-0.050521790891661485
20.0,1.32,-0.0030583885308675036,-0.05501202449404478,-0.0025476597802853137,-0.05020113238086854,0.9969079924664517,-0.05605523238119984,0.9974169424325796,-0.05130936461258326
20.0,1.34,-0.0031532381855021484,-0.0558559398359326,-0.0026267216790410563,-0.05097231548576441,0.9968120539693465,-0.05691501891546252,0.9973367586700576,-0.05209740057829141
20.0,1.36,-0.0032496029839081024,-0.0567003141600783,-0.002707049980889026,-0.05174396233098992,0.9967145827691117,-0.05777526215380345,0.997255290347829,-0.052885901794633566
20.0,1.38,-0.0033474865710184333,-0.057545157295874935,-0.002788649104174333,-0.05251608848586627,0.9966155746040317,-0.05863597135850463,0.997172533685429,-0.05367487645895613
20.0,1.4,-0.003446893043972624,-0.05839046871347694,-0.0028715218279052237,-0.05328869438777842,0.9965150253949147,-0.05949715404174157,0.9970884851029674,-0.054464332767079675
20.0,1.42,-0.003547827479631942,-0.059236263152733934,-0.002955671360202789,-0.05406178819391877,0.9964129312338056,-0.06035881247474574,0.9970031410695392,-0.055254275414787134
20.0,1.44,-0.0036502932848276877,-0.06008254324748752,-0.003041102919715891,-0.05483537912804967,0.9963092876586617,-0.06122095586207375,0.9969164977257897,-0.05604471255853212
20.0,1.46,-0.003754294954879596,-0.060929311701870985,-0.0031278186236460915,-0.05560947064563694,0.9962040905091857,-0.06208359166527887,0.9968285514964792,-0.05683564886726455
20.0,1.48,-0.0038598353098820894,-0.061776577826287586,-0.0032158228573689334,-0.05638407201137016,0.996097335585372,-0.06294672383713898,0.9967392984724112,-0.05762709246958667
20.0,1.5,-0.003966920364646459,-0.06262434970724792,-0.00330512065896513,-0.05715918491382832,0.9959890183318901,-0.06381035978305029,0.9966487347025464,-0.05841904973318033
20.0,1.52,-0.0040755550643832355,-0.06347263367310234,-0.0033957138060334837,-0.05793482259544494,0.9958791342781526,-0.06467450689711898,0.9965568563270802,-0.05921152701796396
20.0,1.54,-0.0041857420283312645,-0.06432143357545303,-0.0034876075923948647,-0.05871098928105445,0.9957676790377433,-0.0655391690715161,0.9964636592432117,-0.06000453240176897
20.0,1.56,-0.004297488013696687,-0.06517076462920163,-0.0035808066262148397,-0.05948769296946235,0.9956546477428305,-0.06640435713190167,0.9963691395399178,-0.06079807221495257
20.0,1.58,-0.004410794746255187,-0.06602061599961068,-0.0036753128607277495,-0.060264931327993376,0.9955400359532346,-0.06727007493294958,0.9962732930460113,-0.061592151013182043
20.0,1.6,-0.00452567012075904,-0.06687101735186612,-0.0037711332748896513,-0.06104273234331348,0.9954238388628449,-0.06813632803320241,0.9961761155898305,-0.06238677857450552
20.0,1.62,-0.00464211695592009,-0.06772195556362687,-0.003868268917731033,-0.06182107788608866,0.9953060516301334,-0.06900312546184532,0.9960776027268821,-0.06318196115470981
20.0,1.64,-0.004760141501846189,-0.06857345015226181,-0.003966726794240335,-0.0625999935548106,0.9951866696289048,-0.06987047100870304,0.9959777505595994,-0.06397770328429628
20.0,1.66,-0.004879747413310862,-0.0694254990852781,-0.004066510182754031,-0.06337947839854237,0.9950656876157483,-0.07073837363886816,0.9958765543746158,-0.06477401466394252
20.0,1.68,-0.0050009395560293496,-0.07027811732159313,-0.004167624493135111,-0.064159546907659,0.9949431005510168,-0.07160684056709485,0.9957740099966528,-0.06557089977745624
20.0,1.7,-0.005123724248134003,-0.07113130448529097,-0.0042700715751545154,-0.06494019240469953,0.9948189035037639,-0.07247587550620588,0.995670112655727,-0.0663683682913087
20.0,1.72,-0.005248106031162484,-0.07198506871337565,-0.004373858141381869,-0.06572143038639426,0.9946930914985075,-0.0733454856382141,0.9955648581308316,-0.06716642291093668
20.0,1.74,-0.005374089489546124,-0.07283941821206301,-0.004478988907344377,-0.06650326152617053,0.9945656589424291,-0.07421567982587002,0.9954582414809265,-0.06796507500572035
20.0,1.76,-0.005501680508292566,-0.07369436077295094,-0.004585467843907042,-0.0672857092416019,0.9944366009437,-0.075086461727391,0.9953502583194782,-0.06876432898463918
20.0,1.78,-0.005630883066153915,-0.0745498949827768,-0.004693298629015696,-0.06806875768475451,0.994305911851796,-0.075957840161058,0.9952409038914789,-0.06956419096143722
20.0,1.8,-0.005761705653973185,-0.07540604376852168,-0.004802488123999,-0.06885243647024292,0.994173586363223,-0.07682982045970543,0.995130173172922,-0.07036467050566166
20.0,1.82,-0.005894150209964382,-0.0762627945052521,-0.00491303928360462,-0.06963673491106,0.9940396190153775,-0.07770240966918666,0.995018061477858,-0.07116577195740412
20.0,1.84,-0.006028225874460316,-0.07712017594974446,-0.005024957824636984,-0.07042166408552948,0.9939040040872291,-0.07857561479425657,0.9949045638513273,-0.07196750311227189
20.0,1.86,-0.006163935659147903,-0.07797817102549774,-0.0051382500271016885,-0.07120724150151654,0.9937667360813868,-0.07944944109037556,0.9947896753093792,-0.07276987174680331
20.0,1.88,-0.006301285871044031,-0.07883680450725698,-0.005252919090249197,-0.07199345810863314,0.9936278091966901,-0.08032389725861765,0.9946733908529534,-0.07357288387380709
20.0,1.9,-0.0064402819222250845,-0.07969607155976792,-0.005368970425729765,-0.0727803351291779,0.9934872176510735,-0.08119898848851641,0.9945557052153242,-0.07437654721442276
20.0,1.92,-0.006580931259308955,-0.08055599158225414,-0.005486409380210425,-0.07356787457081782,0.993344955467111,-0.08207472342253054,0.9944366132320706,-0.0751808677338998
20.0,1.94,-0.006723237493177055,-0.08141655314612373,-0.005605241122566805,-0.07435607514141611,0.9932010170662008,-0.08295110547701483,0.9943161098117987,-0.07598585313080225
20.0,1.96,-0.00686720843389223,-0.08227777816223224,-0.005725472578467683,-0.07514495781192458,0.9930553960706887,-0.08382814321611552,0.9941941893762342,-0.07679151104849283
20.0,1.98,-0.007012849506105281,-0.08313967580686332,-0.005847106578841527,-0.07593452327822706,0.9929080867062535,-0.0847058417400248,0.9940708466826054,-0.07759784739173665
20.0,2.0,-0.00716016647028341,-0.08400224135606395,-0.005970148956260702,-0.07672477676080569,0.9927590823843467,-0.08558421129321621,0.9939460763279859,-0.07840486978002671
20.0,2.02,-0.007309166399990057,-0.08486548467917791,-0.006094607353590301,-0.077515728145695,0.9926083773072012,-0.0864632551815954,0.9938198727899145,-0.07921258405901777
20.0,2.04,-0.007459856077601935,-0.08572941105386457,-0.006220485133991188,-0.07830738344647283,0.9924559647456969,-0.08734298184338393,0.993692230243403,-0.08002099952192991
20.0,2.06,-0.00761223978913802,-0.08659403096028617,-0.006347788027260075,-0.07909974387989961,0.992301838700539,-0.08822339626471512,0.9935631432255075,-0.08083012198007954
20.0,2.08,-0.007766325306200707,-0.08745935962005294,-0.00647652366477524,-0.07989283325784169,0.9921459923401278,-0.08910450857045474,0.993432605993153,-0.08163995894823263
20.0,2.1,-0.007922118244932625,-0.08832538679234371,-0.006606695778680438,-0.0806866433282585,0.9919884195768355,-0.089986320198699,0.9933006126895878,-0.0824505161660771
20.0,2.12,-0.008079626472650385,-0.08919212667143345,-0.006738311353211191,-0.08148118805567313,0.9918291132467613,-0.0908688429387589,0.9931671574873618,-0.08326180284642334
20.0,2.14,-0.008238857467495617,-0.09005958782726356,-0.006871377056260377,-0.08227647627192594,0.9916680668933489,-0.09175208163536684,0.9930322345073225,-0.0840738229405079
20.0,2.16,-0.008399815077912296,-0.0909277730465453,-0.007005895477484538,-0.08307250194279359,0.9915052739231072,-0.09263604109526016,0.9928958374889639,-0.0848865873286444
20.0,2.18,-0.008562509284045425,-0.09179669929628027,-0.007141876283279122,-0.08386929097258089,0.9913407271160624,-0.09352073127715083,0.9927579605803271,-0.08570010166766359
20.0,2.2,-0.008726943824194727,-0.09266636713350766,-0.007279324262953523,-0.08466684473500008,0.9911744198195502,-0.09440615692887516,0.9926185974124594,-0.08651437329423932
20.0,2.22,-0.008893128252048936,-0.09353676947195083,-0.0074182466468156755,-0.085465157920894,0.9910063446833586,-0.09529232619631774,0.9924777418162857,-0.08732940954017251
20.0,2.24,-0.009061069155734116,-0.09440793580456562,-0.007558647629579066,-0.08626425860926697,0.9908364948864028,-0.09617924375676472,0.9923353877477885,-0.08814521598090294
20.0,2.26,-0.00923077210424174,-0.09527986718388222,-0.007700535822459927,-0.08706413835863952,0.990664863246269,-0.09706691771647881,0.9921915284866348,-0.08896180160096243
20.0,2.28,-0.009402246973898505,-0.09615255655244838,-0.007843915006870197,-0.08786480215040242,0.9904914423745343,-0.09795535438746414,0.9920461577057967,-0.08977917190542926
20.0,2.3,-0.009575497856530182,-0.09702602308012076,-0.007988794157820717,-0.08866627830483233,0.9903162247958619,-0.09884456178959705,0.9918992688093179,-0.0905973375891378
20.0,2.32,-0.009750536616504475,-0.09790027776573376,-0.008135178089486538,-0.08946854759377189,0.9901392031743059,-0.09973454618166283,0.9917508552283159,-0.09141630234338398
20.0,2.34,-0.009927366533715514,-0.09877531308031302,-0.008283075632294013,-0.09027163449964003,0.9899603699175277,-0.10062531376731115,0.9916009102364145,-0.09223607505820734
20.0,2.36,-0.010105998065430001,-0.09965115835995006,-0.008432490984463907,-0.09107554647700664,0.9897797177467923,-0.10151687075225577,0.9914494273976676,-0.09305666113553888
20.0,2.38,-0.010286436343424046,-0.10052778908974024,-0.008583432422787397,-0.09188028291351097,0.9895972386064942,-0.10240922497845144,0.9912963993051267,-0.09387807109911946
20.0,2.4,-0.010468690954549829,-0.10140524134148193,-0.008735907981669707,-0.0926858566077896,0.9894129246345872,-0.10330238427610275,0.9911418193501457,-0.09470031028550609
20.0,2.42,-0.010652768938446078,-0.10228350799133272,-0.00888992180659144,-0.09349227290248005,0.9892267684122172,-0.10419635299939362,0.9909856804536687,-0.0955233874533262
20.0,2.44,-0.010838677649740315,-0.1031625844090589,-0.009045483209925712,-0.09429953934216206,0.9890387616762361,-0.1050911388743316,0.9908279756105102,-0.09634730785151127
20.0,2.46,-0.011026426765128565,-0.10404250461308978,-0.009202598596531731,-0.0951076664625207,0.988848896357088,-0.10598674961466556,0.9906686978513451,-0.09717207845278626
20.0,2.48,-0.011216025003367682,-0.10492325768960493,-0.009361275281307736,-0.09591665631092947,0.9886571644236887,-0.10688319116021398,0.9905078396081517,-0.09799770963668136
20.0,2.5,-0.01140747850620774,-0.10580485984165296,-0.009521519201590745,-0.09672651346057119,0.9884635575151623,-0.10778047112817216,0.9903453933898961,-0.09882420827163595
20.0,2.52,-0.011600794810809983,-0.1066873053365349,-0.009683339378567711,-0.0975372559400457,0.9882680675400695,-0.10867859538598272,0.9901813524811265,-0.09965157778549308
20.0,2.54,-0.011795986350988575,-0.10757061522565384,-0.009846744110961307,-0.09834889323641174,0.9880706857691479,-0.10957757318899584,0.9900157088166219,-0.10047983017287519
20.0,2.56,-0.011993057679810728,-0.10845478926099282,-0.010011738011428144,-0.09916141461001628,0.9878714042042579,-0.11047740685620192,0.989848454929972,-0.10130897222326232
20.0,2.58,-0.012192017375609905,-0.109339829065632,-0.010178331105694353,-0.09997484539013626,0.9876702138603097,-0.11137810729124575,0.9896795833907548,-0.10213900895671867
20.0,2.6,-0.012392875788887776,-0.11022575124490866,-0.010346530297147036,-0.10078917894500963,0.9874671060663458,-0.11227968015990526,0.9895090862727411,-0.10296994880575679
20.0,2.62,-0.012595642272315806,-0.11111256233458192,-0.01051634336905706,-0.10160443396868116,0.9872620722377665,-0.11318213110247168,0.9893369558435386,-0.1038018001940922
20.0,2.64,-0.0128003250787807,-0.11200025831270774,-0.010687779004117699,-0.10242061970715842,0.9870551033643871,-0.11408546916637209,0.9891631840637157,-0.10463456973867188
20.0,2.66,-0.013006931808127906,-0.11288886355401452,-0.010860843165804003,-0.10323773587353856,0.9868461905702497,-0.11498969988632442,0.988987763137207,-0.10546826579840907
20.0,2.68,-0.013215471825315838,-0.11377836526101397,-0.011035545111442342,-0.10405579578664799,0.986635324952311,-0.1158948287573639,0.988810684736291,-0.10630289490036152
20.0,2.7,-0.013425955413598258,-0.11466879227560091,-0.011211893702568415,-0.1048747906232908,0.9864224968553581,-0.11680086638605212,0.9886319410013485,-0.10713846533716162
20.0,2.72,-0.013638392642244899,-0.11556013589500941,-0.011389896461207433,-0.10569475011579556,0.9862076975135948,-0.11770781646239385,0.9884515234304646,-0.10797498355616408
20.0,2.74,-0.013852789385498238,-0.1164524031520395,-0.011569562308953592,-0.10651568170807942,0.9859909174060162,-0.11861568778641891,0.9882694238729749,-0.10881245775746098
20.0,2.76,-0.014069157892016475,-0.11734560241976315,-0.011750895895269215,-0.1073375702132761,0.9857721470488757,-0.11952448563171648,0.9880856338029557,-0.10965089606894436
20.0,2.78,-0.014287508357492283,-0.11823975823293087,-0.011933913120067953,-0.1081604507809444,0.9855513771756347,-0.12043421700479504,0.9879001446261142,-0.11049030483312074
20.0,2.8,-0.014507844715069305,-0.11913484277328534,-0.012118615402424381,-0.10898431207445751,0.985328597821044,-0.12134489053322187,0.9877129476729827,-0.11133069384326741
20.0,2.82,-0.014730185685762093,-0.12003089742571632,-0.012305015154978144,-0.10980915553496003,0.9851037992941192,-0.1222565113455144,0.987524034398571,-0.11217206938257447
20.0,2.84,-0.01495453328454308,-0.12092791210267397,-0.01249312031867209,-0.11063501048941397,0.9848769717878979,-0.12316908800670971,0.9873333960027714,-0.11301443767266431
20.0,2.86,-0.015180901926522265,-0.12182589077287562,-0.012682940133420976,-0.11146188252496489,0.9846481055492573,-0.12408262555583835,0.9871410236014034,-0.11385780838370908
20.0,2.88,-0.015409299680844403,-0.12272485431522422,-0.012874482637224963,-0.11228976589731315,0.9844171902493247,-0.12499713240936075,0.9869469081029241,-0.11470218763643836
20.0,2.9,-0.01563973564441694,-0.12362479679570806,-0.013067757572937305,-0.1131186691146418,0.9841842160733543,-0.12591261351440594,0.986751040439487,-0.11554758501138467
20.0,2.92,-0.015872223152993026,-0.1245257276932824,-0.013262774518899907,-0.11394861565999642,0.9839491722899858,-0.1268290788958402,0.9865534114556761,-0.11639400655250395
20.0,2.94,-0.016106769392577117,-0.12542765909644937,-0.013459540747154322,-0.11477959117315226,0.9837120490147955,-0.12774653165984667,0.9863540118776537,-0.11724146000043963
20.0,2.96,-0.01634338872681873,-0.12633058923847315,-0.013658068381245747,-0.11561162211193396,0.9834728353345381,-0.12866498346507013,0.9861528325117732,-0.11808995306985696
20.0,2.98,-0.016582086718128893,-0.12723453381045777,-0.013858364737638667,-0.11644471041314981,0.9832315213020304,-0.12958443557602162,0.9859498634693228,-0.11893949510200422
20.0,3.0,-0.016822876135105077,-0.1281394944519894,-0.014060439363190728,-0.11727885907832988,0.9829880955909935,-0.13050489950655056,0.9857450955812146,-0.11979009199588886
20.0,3.02,-0.017065769807960787,-0.12904548936309054,-0.014264305757672489,-0.11811408576682372,0.9827425476255038,-0.13142638158503803,0.9855385187759998,-0.12064175299617849
20.0,3.04,-0.017310776988779843,-0.12995250867392896,-0.014469967860584493,-0.11895039714469134,0.9824948666895723,-0.13234888632959624,0.9853301238212053,-0.12149448392035743
20.0,3.06,-0.017557908880323894,-0.1308605739830494,-0.014677438465656336,-0.1197877861823476,0.9822450416902254,-0.13327242165274059,0.9851199002493141,-0.12234829563407086
20.0,3.08,-0.017807175249560436,-0.1317696781331441,-0.014886726058683986,-0.12062626144703727,0.9819930614966916,-0.13419699541399402,0.9849078386349744,-0.12320319210923907
20.0,3.1,-0.018058590229816512,-0.13267984557150372,-0.015097844943572292,-0.1214658605813131,0.9817389149502321,-0.1351226136749627,0.9846939286554772,-0.1240591824053362
20.0,3.12,-0.018312161854973346,-0.13359107220853053,-0.015310798960322634,-0.1223065532310876,0.9814825905106694,-0.13604928414183462,0.9844781600627066,-0.12491627555096516
20.0,3.14,-0.01856790280559225,-0.13450337021047803,-0.01552560297885125,-0.12314837989314813,0.9812240769525913,-0.13697701276868976,0.9842605226758979,-0.12577447879721243
20.0,3.16,-0.018825826309194396,-0.13541673733269927,-0.015742265122113627,-0.12399132612954787,0.9809633625531713,-0.13790580713652453,0.9840410059472274,-0.12663380105370017
20.0,3.18,-0.019085938759656813,-0.13633117341024764,-0.01596079730079137,-0.12483540687092254,0.9807004356654704,-0.13883567478586872,0.9838195995087432,-0.1274942477199221
20.0,3.2,-0.019348258312515014,-0.13724671001239536,-0.016181209551676668,-0.12568063874127602,0.9804352845107793,-0.13976662144140622,0.9835962928577742,-0.12835582762850709
20.0,3.22,-0.01961279434739136,-0.13816334952443077,-0.016403512820126764,-0.12652701009538325,0.9801678975059426,-0.1406986528040388,0.9833710751133005,-0.12921854952064035
20.0,3.24,-0.019879556584413843,-0.13908107912106019,-0.016627715399997408,-0.12737454012412938,0.9798982619574801,-0.14163177960083054,0.9831439355829518,-0.13008242037326082
20.0,3.26,-0.020148561852163877,-0.1399999350481453,-0.01685383252295832,-0.12822324860898263,0.9796263663666335,-0.14256600394701835,0.9829148630871462,-0.13094744880159354
20.0,3.28,-0.020419818104688393,-0.1409198906517379,-0.017081873645012038,-0.12907312734582846,0.9793521980783961,-0.14350133646695787,0.9826838468644875,-0.13181364168632168
20.0,3.3,-0.02069334038824281,-0.1418409852708094,-0.01731184582813476,-0.12992418437168002,0.9790757446671077,-0.1444377842707839,0.9824508756635003,-0.13268100754457507
20.0,3.32,-0.020969137068470558,-0.14276319416985714,-0.017543765404505942,-0.13077642760998337,0.9787969939531759,-0.14537535095773393,0.982215938194604,-0.13354955484303346
20.0,3.34,-0.021247228852972016,-0.1436865587410132,-0.017777641948423847,-0.13162988243521193,0.9785159329382894,-0.14631404693396113,0.9819790230255703,-0.13441929023727725
20.0,3.36,-0.02152761959681068,-0.14461105692605394,-0.018013488085329394,-0.13248454429597464,0.9782325492653501,-0.1472538756599446,0.9817401185593357,-0.13529022380585462
20.0,3.38,-0.02181032572934857,-0.14553669941953837,-0.018251312017142914,-0.1333404099736777,0.9779468295204354,-0.14819484736426378,0.9814992135286547,-0.13616236038800966
20.0,3.4,-0.022095361502205965,-0.14646351573427138,-0.018491128661833205,-0.13419750756318768,0.9776587615075047,-0.14913696541687677,0.9812562960362281,-0.1370357099269454
20.0,3.42,-0.022382738983323863,-0.14739148535519603,-0.018732949027194776,-0.1350558355788391,0.9773683310234011,-0.1500802415540996,0.9810113538020584,-0.13791028226355356
20.0,3.44,-0.022672473036390032,-0.14832064013387505,-0.01897678430907344,-0.13591539327040097,0.9770755258421482,-0.15102467727762278,0.9807643754551328,-0.1387860820791287
20.0,3.46,-0.02296457361740881,-0.14925096165031748,-0.019222647935174753,-0.13677621245944338,0.9767803319465613,-0.1519702824844778,0.9805153487728862,-0.13966311737871034
20.0,3.48,-0.02325905618281443,-0.15018248414326174,-0.019470551778695333,-0.13763827830992612,0.9764827362553885,-0.15291706366244678,0.9802642614759506,-0.14054139785490857
20.0,3.5,-0.02355593376428187,-0.15111519053253178,-0.019720505152273922,-0.13850160925261734,0.9761827240354035,-0.15386502872483554,0.9800111007900835,-0.1414209330782044
20.0,3.52,-0.023855219743159527,-0.15204909995614257,-0.019972527302599522,-0.13936622352106875,0.9758802830764882,-0.15481418242587994,0.9797558549814422,-0.14230172747920633
20.0,3.54,-0.024156930374744645,-0.15298421437937854,-0.020226623482219326,-0.14023210960634078,0.9755753986215372,-0.15576453080208844,0.9794985112032205,-0.14318379051487218
20.0,3.56,-0.024461076855671986,-0.15392053743989692,-0.020482806210270377,-0.14109927194445526,0.9752680573060323,-0.15671608528427386,0.9792390564528612,-0.14406713156577672
20.0,3.58,-0.02476767342357529,-0.15485809147177984,-0.020741095485173045,-0.14196774808370669,0.9749582439940223,-0.157668846477753,0.9789774781909134,-0.14495175653459455
20.0,3.6,-0.02507673992425446,-0.15579688086655016,-0.02100149967228832,-0.14283751173424028,0.974645943844967,-0.15862282718880574,0.9787137634510567,-0.1458376746997796
20.0,3.62,-0.025388282738211827,-0.15673689456079032,-0.021264031910543775,-0.1437086035259594,0.9743311436292331,-0.15957802994180412,0.9784478991421913,-0.14672489352037318
20.0,3.64,-0.025702316708191723,-0.15767813922487775,-0.021528705837058848,-0.1445810146696242,0.9740138289763519,-0.16053446399497184,0.9781798718792605,-0.14761342210185643
20.0,3.66,-0.02601886571597096,-0.15862065847226667,-0.021795532738274694,-0.14545473714816826,0.9736939851937492,-0.16149213324703615,0.977909668381327,-0.14850326776274947
20.0,3.68,-0.02633793355778846,-0.15956440671000177,-0.022064529097667682,-0.14632981428510308,0.9733715964297054,-0.16245104831863294,0.977637275070608,-0.14939443946583558
20.0,3.7,-0.02665954503273044,-0.1605094483604997,-0.022335709269376256,-0.14720623943045574,0.973046647921668,-0.16341121295426475,0.9773626784768227,-0.1502869443864195
20.0,3.72,-0.026983707045130926,-0.1614557385157008,-0.022609082640428275,-0.14808400713172024,0.9727191240217112,-0.16437263591715376,0.9770858648688364,-0.1511807896017157
20.0,3.74,-0.027310441768297375,-0.1624033061720448,-0.022884666549796505,-0.14896314628798277,0.9723890107338411,-0.16533532268484444,0.9768068201740364,-0.1520759855691401
20.0,3.76,-0.027639757317472834,-0.1633521647673526,-0.023162470739389537,-0.14984363529166864,0.9720562915009157,-0.16629927997531013,0.9765255300888318,-0.1529725409032726
20.0,3.78,-0.027971675913202883,-0.1643023068749933,-0.023442515771266666,-0.15072552198368763,0.9717209519670874,-0.16726451480677873,0.9762419817044432,-0.15387046088448694
20.0,3.8,-0.028306208984371743,-0.1652537469740394,-0.023724811827010393,-0.15160878605325134,0.9713829755007006,-0.16823103373360535,0.9759561589576455,-0.1547697537287022
20.0,3.82,-0.028643370661688046,-0.16620648037815955,-0.024009374751417085,-0.15249346032433583,0.9710423465521878,-0.1691988434190278,0.9756680485070361,-0.15567042976330536
20.0,3.84,-0.028983184848013724,-0.1671605408751531,-0.02429621771903072,-0.1533795250907041,0.9706990481201547,-0.1701679519425813,0.9753776349894455,-0.15657249718620908
20.0,3.86,-0.02932566001624953,-0.16811590656167283,-0.02458535697326385,-0.15426699663131493,0.9703530642780644,-0.17113836749145328,0.9750849055216242,-0.15747596278271606
20.0,3.88,-0.029670814389217277,-0.16907259403079877,-0.024876806357378056,-0.15515589253544387,0.9700043788400382,-0.17211009289026802,0.9747898424183593,-0.15838083424662672
20.0,3.9,-0.03001865467446685,-0.17003062291662177,-0.025170579792177336,-0.15604621289011414,0.9696529802479789,-0.1730831177401067,0.974492432166873,-0.15928712162344782
20.0,3.92,-0.03036922595832977,-0.1709899867957859,-0.025466694314252667,-0.15693797632798318,0.9692988430923535,-0.1740574832297383,0.9741926603634175,-0.16019483300542228
20.0,3.94,-0.03072253819096317,-0.17195068594858737,-0.025765164318803574,-0.15783118420373557,0.9689419554160255,-0.17503318047020405,0.9738905106017215,-0.16110397434295023
20.0,3.96,-0.03107857781722265,-0.1729127460113618,-0.026066004393848645,-0.1587258383588927,0.9685822988678425,-0.17601021681121265,0.9735859669988403,-0.1620145550935436
20.0,3.98,-0.03143738799827346,-0.17387616286969435,-0.026369232359855225,-0.1596219595030999,0.9682198592607413,-0.1769885828103482,0.9732790150306954,-0.16292658312516523
20.0,4.0,-0.03179898220671351,-0.17484093826224756,-0.026674863307363593,-0.16051955077392357,0.9678546131165299,-0.17796831963407492,0.9729696376058994,-0.1638400675540617
20.0,4.02,-0.032163347092940955,-0.1758071003390616,-0.026982912532814825,-0.1614186158090747,0.9674865503861064,-0.17894940096651163,0.9726578201157854,-0.1647550160945259
20.0,4.04,-0.03253055403273059,-0.17677462077713682,-0.027293395542462504,-0.1623191587504492,0.9671156472399784,-0.17993185026265934,0.9723435465022222,-0.16567143789353048
20.0,4.06,-0.032900590261620406,-0.17774352901462384,-0.02760632838587917,-0.16322120352149508,0.9667418927378272,-0.1809156583470235,0.9720267990046677,-0.16658933824086944
20.0,4.08,-0.03327350123485037,-0.17871382357498838,-0.027921729927007102,-0.164124755125741,0.9663652629375857,-0.18190084846418783,0.9717075623117692,-0.16750872800759065
20.0,4.1,-0.03364923918104043,-0.17968552091448486,-0.028239613555731166,-0.16502982004770542,0.9659857392097054,-0.1828874272839985,0.9713858194099609,-0.16842961420646618
20.0,4.12,-0.03402788127764817,-0.18065861483996695,-0.028559998618580246,-0.16593640431845294,0.9656033094307076,-0.18387538515683607,0.971061553774943,-0.1693520073506484
20.0,4.14,-0.03440944680798616,-0.18163313213635443,-0.02888289851990015,-0.16684449576721122,0.9652179494936096,-0.18486474499971936,0.9707347489017322,-0.170275910895156
20.0,4.16,-0.034793915542603485,-0.18260906465008173,-0.029208333910557518,-0.1677541407832279,0.9648296438973215,-0.1858554963399419,0.9704053887805384,-0.17120133179869257
20.0,4.18,-0.035181366767036655,-0.18358640735525994,-0.02953631866073284,-0.16866532837914874,0.9644383728709333,-0.18684766272409425,0.9700734533266674,-0.1721282867006092
20.0,4.2,-0.03557175248347932,-0.18456518011317055,-0.029866876092568967,-0.16957806616609877,0.9640441142623115,-0.18784124966951313,0.9697389241015538,-0.1730567889497717
20.0,4.22,-0.035965088301595095,-0.18554539137674847,-0.030200029904721867,-0.17049236224941186,0.9636468547306785,-0.18883624684322964,0.9694017876673695,-0.17398683000377368
20.0,4.24,-0.0363614551515646,-0.18652703751352423,-0.03053575930276465,-0.17140823322577908,0.9632465710109459,-0.18983267681192698,0.9690620264377646,-0.17491841796997926
20.0,4.26,-0.03676087009795242,-0.1875101277767889,-0.030874121116956508,-0.172325682535972,0.9628432475034876,-0.19083052861388933,0.968719618598767,-0.17585157757013925
20.0,4.28,-0.037163284631289935,-0.18849468500163774,-0.031215127347005166,-0.1732447015476227,0.9624368597298528,-0.19182982436268692,0.968374549515592,-0.17678629980737928
20.0,4.3,-0.03756878137582617,-0.18948070697495317,-0.031558797304315725,-0.1741653218861952,0.9620273897977827,-0.19283056990244896,0.968026797257595,-0.17772260920298133
20.0,4.32,-0.037977340463289586,-0.1904681894937848,-0.0319051469923827,-0.17508755602599282,0.9616148164559961,-0.19383277030433319,0.9676763471380103,-0.17866049658449698
20.0,4.34,-0.038389012634292764,-0.1914571374511231,-0.032254154480195585,-0.17601138212974854,0.9611991229286133,-0.19483641396970633,0.9673231782236549,-0.1795999864768058
20.0,4.36,-0.03880382043937803,-0.19244758500761264,-0.03260590474273718,-0.17693684275471447,0.9607802833284731,-0.19584153974689192,0.9669672735487086,-0.18054106911708623
20.0,4.38,-0.03922173504388454,-0.19343948517322027,-0.03296041112121429,-0.17786393148650845,0.9603582831243138,-0.19684811881655773,0.9666086120646683,-0.18148376882322526
20.0,4.4,-0.03964282184563358,-0.19443291098534118,-0.03331762077346906,-0.17879263312564136,0.9599330997452657,-0.19785617301585467,0.9662471746864673,-0.1824280927187518
20.0,4.42,-0.040067120096543965,-0.19542780220164147,-0.03367762431361803,-0.17972301266364538,0.9595047106725787,-0.19886570660745892,0.9658829422885102,-0.18337404782700759
20.0,4.44,-0.04049458521879403,-0.19642420920694723,-0.03404042389203489,-0.1806550027722233,0.9590730920791772,-0.1998767409270829,0.9655158989218672,-0.18432162421905457
20.0,4.46,-0.04092530481910379,-0.19742213278686674,-0.0344060489551419,-0.18158868135559755,0.9586382270478788,-0.20088926369970034,0.965146019974196,-0.18527084515361325
20.0,4.48,-0.04135925951383808,-0.19842157258464208,-0.0347744778227022,-0.18252402921897207,0.958200092970468,-0.2019032788210764,0.9647732851733251,-0.18622173461032437
20.0,4.5,-0.04179646410283896,-0.19942252144219727,-0.03514575615393539,-0.1834610360335887,0.9577586705196501,-0.2029187907594673,0.9643976806068614,-0.18717426530628262
20.0,4.52,-0.04223697816884301,-0.20042501117327227,-0.035519906334554284,-0.1843997400573079,0.9573139334695364,-0.20393581987197695,0.9640191782138741,-0.18812847698784985
20.0,4.54,-0.04268081258541259,-0.20142901228083684,-0.03589694291158394,-0.1853401379259677,0.9568658590739517,-0.20495436965413447,0.9636377618835313,-0.18908435921484051
20.0,4.56,-0.043127957671168046,-0.20243457244759389,-0.03627691302973728,-0.18628222013636786,0.9564144303578308,-0.20597442725222243,0.963253412215639,-0.1900419182806135
20.0,4.58,-0.04357849501313904,-0.203441647712696,-0.03665980344605792,-0.18722601146449389,0.9559596173481512,-0.20699602929928676,0.9628661042203401,-0.19100117673830241
20.0,4.6,-0.04403237996386544,-0.20445029457818312,-0.037045637632923796,-0.1881715527831425,0.9555014044264287,-0.2080191455257258,0.9624758172639671,-0.19196214042127374
20.0,4.62,-0.044489664315403056,-0.20546050071137287,-0.03743445528167504,-0.189118792411621,0.9550397636973306,-0.2090438127485225,0.9620825340431247,-0.1929247982596202
20.0,4.64,-0.044950400663713724,-0.20647225366948027,-0.037826280730396705,-0.1900677718575601,0.9545746736970105,-0.21007001664673303,0.9616862271330713,-0.19388918945238898
20.0,4.66,-0.04541457521587165,-0.20748558063610176,-0.038221092238787786,-0.19101847440070563,0.9541061137230268,-0.21109776041200093,0.9612868814346841,-0.19485528569515745
20.0,4.68,-0.04588224657118038,-0.2085004937813543,-0.03861898562296197,-0.1919709515505201,0.9536340523467531,-0.21212707966536984,0.9608844693847145,-0.195823125928818
20.0,4.7,-0.046353385218330524,-0.2095169494457121,-0.039019901538563787,-0.19292517196892187,0.9531584739533524,-0.2131579435228414,0.9604789724470838,-0.19679269840616226
20.0,4.72,-0.04682806105921484,-0.21053500842587164,-0.039423932558403915,-0.19388116597276833,0.9526793518342599,-0.2141903709116723,0.960070364111013,-0.19776402457339204
20.0,4.74,-0.04730624984621292,-0.21155465190028586,-0.03983106188685095,-0.19483894039966798,0.9521966607504814,-0.2152243634730203,0.9596586245494051,-0.1987371096600513
20.0,4.76,-0.047788048826021924,-0.21257588505915948,-0.04024130171690334,-0.1957984730209368,0.9517103787327994,-0.2162599234464171,0.9592437340705658,-0.19971194135117448
20.0,4.78,-0.04827343961850985,-0.2135987137951866,-0.04065471255229287,-0.19675980224617273,0.951220474013114,-0.21729708563984668,0.9588256625118464,-0.20068855743798988
20.0,4.8,-0.048762408869698105,-0.214623169272147,-0.04107131683346777,-0.19772295170473553,0.9507269288079163,-0.2183358180223469,0.9584043887897327,-0.20166696253519212
20.0,4.82,-0.049255082074356075,-0.21564919965472482,-0.0414910883128139,-0.1986878843076124,0.950229715070406,-0.2193761384870782,0.9579798966541055,-0.20264712723117398
20.0,4.84,-0.04975137706232532,-0.21667687876491992,-0.04191408880408833,-0.19965463990754262,0.9497288096040589,-0.2204180484230495,0.9575521510892732,-0.20362910537211582
20.0,4.86,-0.05025137694732547,-0.21770613853221732,-0.04234037156757804,-0.20062321298269345,0.949224183142087,-0.22146156513296672,0.9571211344364166,-0.20461288446663345
20.0,4.88,-0.05075511297722728,-0.21873702792034105,-0.042769880198402846,-0.2015935971235059,0.9487158151897713,-0.22250667286989523,0.9566868232806063,-0.20559846815500862
20.0,4.9,-0.051262611104964856,-0.21976957177205,-0.0432027181878975,-0.20256584942656297,0.9482036703291752,-0.22355340464804452,0.9562491894712155,-0.2065858763972759
20.0,4.92,-0.05177384124653594,-0.22080372841378162,-0.043638859432212844,-0.20353993364075312,0.9476877302032178,-0.2246017449164497,0.9558082120075369,-0.20757509562120788
20.0,4.94,-0.052288906487702076,-0.2218395050568941,-0.04407832273465233,-0.20451585255339366,0.947167967117604,-0.2256516932499295,0.9553638623107451,-0.20856616289002716
20.0,4.96,-0.052807795051673025,-0.22287693655681412,-0.04452117316025233,-0.20549364873299839,0.9466443526838233,-0.2267032663610049,0.9549161171068504,-0.2095590638733863
20.0,4.98,-0.05333052777457903,-0.22391602376088496,-0.04496743062580752,-0.2064733258817747,0.9461168602227736,-0.22775646373437725,0.9544649502153182,-0.21055381840933574
20.0,5.0,-0.05385712565298051,-0.22495676775913578,-0.04541710997573901,-0.20745486405560526,0.9455854630470276,-0.22881128469006995,0.954010340544446,-0.21155041238380254
20.0,5.02,-0.05438764302930243,-0.2259991343745754,-0.045870231285793255,-0.20843826709452162,0.9450501315376111,-0.2298677451414227,0.9535522548203819,-0.2125488812554634
20.0,5.04,-0.054922114237593765,-0.2270431768263119,-0.04632682545801821,-0.20942358730038282,0.9445108400226958,-0.2309258443177207,0.9530906718860755,-0.21354921061318405
20.0,5.06,-0.0554605551201979,-0.2280888707603611,-0.04678690243376879,-0.21041078122868323,0.9439675595612007,-0.23198558048412898,0.9526255604930608,-0.21455143606015356
20.0,5.08,-0.05600295434911825,-0.22913625412229868,-0.04725053055248987,-0.21139989387702343,0.9434202593162507,-0.2330469687298015,0.9521569009869209,-0.2155555257761345
20.0,5.1,-0.056549414306136,-0.23018530985959637,-0.047717694316907276,-0.21239093882729612,0.9428689135433502,-0.23411000774920654,0.9516846609070255,-0.21656151478970623
20.0,5.12,-0.05709991137157255,-0.23123602368121482,-0.04818844665023534,-0.21338388884900505,0.9423134984259172,-0.2351746790828499,0.9512088152240435,-0.21756940471277086
20.0,5.14,-0.05765446830206223,-0.23228839812719387,-0.048662809315474786,-0.2143787493490964,0.9417539737280357,-0.23624102988044218,0.9507293356024616,-0.2185791962538602
20.0,5.16,-0.05821316216941709,-0.23334247955935133,-0.04914080991279107,-0.21537555077951034,0.9411903186155807,-0.23730902458889996,0.9502461942349262,-0.21959090755439176
20.0,5.18,-0.05877596936814644,-0.234398254731903,-0.04962247073358938,-0.2163742993918913,0.9406224979305223,-0.2383786937668119,0.9497593626961597,-0.2206045389838666
20.0,5.2,-0.059342947681735196,-0.23545568984753493,-0.050107814257084986,-0.2173750016918176,0.940050483640162,-0.23945003462872183,0.9492688147323382,-0.22162009125653512
20.0,5.22,-0.059914134981319776,-0.2365148426278528,-0.05059686315320726,-0.21837766444061532,0.9394742508300121,-0.24052302753405955,0.9487745201856619,-0.22263758148873924
20.0,5.24,-0.06048954897497995,-0.23757568997101985,-0.051089678574972944,-0.2193822857403416,0.9388937609350692,-0.24159770157782218,0.9482764516213311,-0.22365700979593325
20.0,5.26,-0.061069255993318236,-0.23863822536074503,-0.05158628410965045,-0.2203888726092465,0.9383089869609699,-0.24267405366572226,0.9477745804984357,-0.2246783758707942
20.0,5.28,-0.061653190712634996,-0.23970244681751643,-0.0520867035462267,-0.22139743232277947,0.9377198986762625,-0.24375207968195975,0.9472688714761965,-0.2257017125619915
20.0,5.3,-0.06224147584929341,-0.240768392654838,-0.05259092206095853,-0.22240798159420208,0.937126462665991,-0.24483179195308338,0.9467593020184418,-0.22672700316983274
20.0,5.32,-0.06283413024794728,-0.24183604001442305,-0.053099041313817485,-0.22342050994962687,0.9365286497406471,-0.24591318622692734,0.9462458384266255,-0.2277542631109593
20.0,5.34,-0.06343113760966085,-0.24290540484303091,-0.053611014077248165,-0.22443506973343755,0.9359264231769743,-0.24699627354032946,0.9457284480113832,-0.22878350785143944
20.0,5.36,-0.06403261622953509,-0.2439764983302968,-0.05412697020708629,-0.22545158963575862,0.9353197602388512,-0.24808103345816876,0.9452071071120001,-0.2298147199170443
20.0,5.38,-0.06463849300323433,-0.24504929207082252,-0.054646829438468505,-0.22647015811066726,0.934708619844963,-0.24916749290955775,0.9446817789536069,-0.2308479308966752
20.0,5.4,-0.06524888736279262,-0.2461237972387993,-0.0551707292461854,-0.22749072956028935,0.9340929716696484,-0.2502556464970298,0.9441524376629998,-0.2318831224261257
20.0,5.42,-0.06586377615641115,-0.24720000248149968,-0.05569861622536674,-0.22851333200006949,0.9334727799420194,-0.25134550462312044,0.9436190452383258,-0.23292032540304944
20.0,5.44,-0.06648320172958788,-0.24827797079387853,-0.05623054948413518,-0.22953793858217617,0.9328480187209003,-0.2524370451660132,0.9430815727807603,-0.23395953781588516
20.0,5.46,-0.06710721985828315,-0.24935763988751125,-0.05676660843777484,-0.23056460151892771,0.9322186478116428,-0.25353029436150487,0.9425399902998832,-0.2350007572016459
20.0,5.48,-0.0677358664283635,-0.2504390446317805,-0.05730673289573658,-0.23159332387826792,0.9315846357772762,-0.2546252456275776,0.9419942667176033,-0.23604398063888854
20.0,5.5,-0.068369162122587,-0.25152216274597644,-0.05785102362469651,-0.23262406889498077,0.9309459490605122,-0.2557218915805451,0.9414443596259576,-0.23708925458047644
20.0,5.52,-0.06900714347421727,-0.2526070298835841,-0.058399514707418894,-0.23365687302734142,0.930302551794165,-0.2568202414409247,0.9408902471775376,-0.23813654306624144
20.0,5.54,-0.06964983153043214,-0.2536936240524887,-0.058952233940301156,-0.23469174645999102,0.9296544080599352,-0.25792030416906353,0.9403318940639007,-0.23918585898306702
20.0,5.56,-0.0702972998639066,-0.25478194009480193,-0.05950916137884971,-0.23572868289736099,0.9290014842709939,-0.25902207165272634,0.9397692596310123,-0.24023723110782755
20.0,5.58,-0.07094953375532362,-0.2558719974353313,-0.060070372830447714,-0.23676770978085102,0.9283437479431053,-0.26012553585101905,0.9392023125877055,-0.2412906554290887
20.0,5.6,-0.07160660768938867,-0.2569637912305423,-0.06063593138284702,-0.23780880015810107,0.927681156437413,-0.26123072058035673,0.9386310227274166,-0.24234612801466782
20.0,5.62,-0.07226854382565305,-0.25805729935288213,-0.06120582452511437,-0.238851975339896,0.9270136807329321,-0.26233760079536905,0.9380553555259559,-0.24340364361547737
20.0,5.64,-0.07293533585693275,-0.25915257184320234,-0.06178012302348951,-0.23989723574592572,0.9263412781295299,-0.2634461997683836,0.9374752679901901,-0.24446324697773059
20.0,5.66,-0.07360709661495746,-0.26024956152247,-0.06235881453851528,-0.2409446034387151,0.9256639150458432,-0.2645565081324682,0.9368907340204483,-0.24552489963719254
20.0,5.68,-0.07428385776186348,-0.2613482760585234,-0.0629420057341412,-0.24199404034745547,0.9249815558107378,-0.2656685156739395,0.9363017093959572,-0.24658864555101773
20.0,5.7,-0.07496561407242536,-0.2624487666873565,-0.06352965701296431,-0.24304563567636178,0.9242941586808474,-0.2667822451181405,0.9357081691389274,-0.24765444612006568
20.0,5.72,-0.07565238002919938,-0.2635509816708314,-0.06412181903218689,-0.24409930661146514,0.9236016868949233,-0.26789768538817355,0.9351100667302703,-0.24872234421428566
20.0,5.74,-0.07634427973647429,-0.26465490282159376,-0.06471857990438214,-0.24515510987363012,0.92290410693301,-0.26901482608153043,0.934507367446307,-0.24979233314074642
20.0,5.76,-0.07704126247153291,-0.2657605956374599,-0.06531996378612316,-0.24621302937967646,0.9222013784826155,-0.270133672028716,0.933900034354942,-0.25086442285785865
20.0,5.78,-0.07774344500006046,-0.2668680116499301,-0.06592595169490076,-0.24727306034404087,0.9214934601457486,-0.2712542274466971,0.9332880360351486,-0.2519385896160133
20.0,5.8,-0.07845080530586919,-0.2679771422491246,-0.06653662592971989,-0.24833523215355768,0.9207803163183894,-0.2723764804869455,0.9326713256494751,-0.2530148751702442
20.0,5.82,-0.07916339488811247,-0.26908805820360693,-0.06715201885347963,-0.24939955754716944,0.9200619029653933,-0.27350045147688457,0.9320498673132505,-0.2540932715338
20.0,5.84,-0.0798812673940046,-0.2702006620996874,-0.06777219124537685,-0.2504659800460299,0.9193381823603296,-0.2746261273523347,0.9314236273132925,-0.2551737710703254
20.0,5.86,-0.08060452297246525,-0.2713150109392275,-0.06839710416109782,-0.2515345936835178,0.9186091179005982,-0.2757534950977394,0.9307925642714071,-0.2562563812753537
20.0,5.88,-0.08133308344138734,-0.27243107964062546,-0.06902690670424554,-0.2526053180697497,0.9178746623265135,-0.27688257315383913,0.9301566378369521,-0.25734110965169776
20.0,5.9,-0.08206704028921938,-0.2735488948961309,-0.06966155264306131,-0.2536782191981875,0.9171347790507619,-0.2780133478929679,0.929515806543937,-0.25842796311854327
20.0,5.92,-0.08280646738574311,-0.2746684204309825,-0.07030111206274253,-0.2547532692570545,0.9163894256269283,-0.2791458210918955,0.9288700320933841,-0.25951694919820156
20.0,5.94,-0.08355135272740508,-0.2757896801254021,-0.07094566399747346,-0.2558304692307008,0.9156385644944511,-0.280279978219518,0.9282192753424585,-0.26060805743204873
20.0,5.96,-0.084301780526726,-0.276912669225732,-0.07159514580390348,-0.2569098278426942,0.9148821472911587,-0.28141583607988796,0.9275634947598848,-0.2617012938913541
20.0,5.98,-0.08505777780447474,-0.2780373655616128,-0.07224969842949017,-0.2579913931792245,0.9141201354394106,-0.28255337917921,0.9269026498439208,-0.26279666465084317
20.0,6.0,-0.08581939134043445,-0.2791638109949122,-0.07290933287102842,-0.2590750900081535,0.9133524854922447,-0.2836926076797313,0.9262366922483942,-0.2638941907434603
20.0,6.02,-0.08658662874329318,-0.2802919190987402,-0.0735740934383067,-0.2601609616894657,0.9125791529564874,-0.2848335210756643,0.9255655884619076,-0.2649938446843445
20.0,6.04,-0.08735960637623978,-0.2814217813104953,-0.07424401654544216,-0.2612490222874192,0.9118000943985014,-0.28597611884295077,0.9248892911630611,-0.2660956471989182
20.0,6.06,-0.08813828330712561,-0.2825533259428808,-0.07491913033307121,-0.2623392559468031,0.9110152693061842,-0.2871203835517854,0.9242077565234956,-0.2671996022145729
20.0,6.08,-0.08892280658842992,-0.2836865646421913,-0.0755995176665725,-0.26343166372821164,0.9102246332812971,-0.2882663136887347,0.9235209464357933,-0.2683056975288974
20.0,6.1,-0.08971311641233867,-0.28482153858653464,-0.07628516141396915,-0.26452624267201236,0.9094281358429621,-0.2894139229262598,0.9228288123762253,-0.2694139525730572
20.0,6.12,-0.09050929106644941,-0.285958210015174,-0.07697616303146416,-0.26562305494944916,0.9086257416651486,-0.29056317694438266,0.9221313119795714,-0.2705243532825459
20.0,6.14,-0.0913114096408407,-0.2870965403584961,-0.07767253448483032,-0.26672202356241254,0.9078173952401175,-0.29171410454989044,0.9214283987693332,-0.27163691902714787
20.0,6.16,-0.09211951232839334,-0.28823653948891065,-0.07837432324253472,-0.2678231936130125,0.9070030541706883,-0.29286668590628023,0.9207200303862899,-0.2727516350994303
20.0,6.18,-0.0929335998985119,-0.2893782670768877,-0.07908160619960018,-0.26892653526761,0.9061826772183056,-0.2940209011940645,0.9200061618796097,-0.27386850318252515
20.0,6.2,-0.09375374211843242,-0.29052165108608113,-0.07979437600485975,-0.27003207691176645,0.9053562119125399,-0.29517676153945405,0.9192867413695148,-0.27498754003246106
20.0,6.22,-0.09457999095164622,-0.29166673536528603,-0.0805127668886358,-0.27113980555391937,0.9045236129964879,-0.2963342625239743,0.9185617297040678,-0.27610873089329013
20.0,6.24,-0.09541241729168852,-0.29281344676780574,-0.08123672495427006,-0.2722497641903517,0.9036848310856115,-0.29749339798494717,0.9178310787313044,-0.27723207546393963
20.0,6.26,-0.09625101201726216,-0.29396181205398464,-0.08196631941025587,-0.2733618912488572,0.9028398230990463,-0.29865414594820966,0.9170947364991487,-0.27835758940906374
20.0,6.28,-0.09709593130704221,-0.29511184196759394,-0.0827016485303339,-0.27447621870541106,0.9019885376987377,-0.29981651627998435,0.916352655855486,-0.2794852719898416
20.0,6.3,-0.09794709308705646,-0.2962635129125385,-0.08344274479596593,-0.2755927299180214,0.901130928829306,-0.3009804852130033,0.9156047945482122,-0.28061510612582835
20.0,6.32,-0.09880459178246782,-0.2974168184291427,-0.08418960215434512,-0.27671145455680995,0.9002669441828738,-0.3021460614416241,0.9148510984671104,-0.28174710571105366
20.0,6.34,-0.09966847092933087,-0.2985717691141824,-0.08494235965672892,-0.27783237861706794,0.8993965346469733,-0.3033132368080721,0.914091518373311,-0.28288126825663235
20.0,6.36,-0.10053881522395251,-0.2997283237676126,-0.08570100241245544,-0.278955500074402,0.8985196491046283,-0.3044820020442522,0.9133260071460949,-0.2840175915485815
20.0,6.38,-0.10141567869811478,-0.3008865203562893,-0.08646556370423734,-0.2800808021001047,0.8976362428821553,-0.305652332144957,0.912554514523006,-0.285156072016952
20.0,6.4,-0.10229908434134469,-0.30204630363462476,-0.08723614605412922,-0.28120831714816164,0.8967462617838776,-0.3068242334034726,0.9117769852675947,-0.28629672161603315
20.0,6.42,-0.10318907856611612,-0.30320768740933435,-0.08801283329380291,-0.2823380129162705,0.8958496538864207,-0.30799769493573154,0.9109933741221986,-0.28743952005394874
20.0,6.44,-0.10408575539618403,-0.30437065010394737,-0.08879556170161901,-0.28346990280016615,0.8949463683846418,-0.30917270577895534,0.9102036308993937,-0.2885844625850486
20.0,6.46,-0.10498910329553367,-0.3055352061960281,-0.08958443570062306,-0.2846040196664527,0.8940363491435109,-0.3103492701426612,0.9094076953277713,-0.28973157581115255
20.0,6.48,-0.10589921359925117,-0.30670132326876653,-0.09037957997121752,-0.28574028216224573,0.8931195488533452,-0.31152735984538915,0.9086055252224898,-0.2908808217202875
20.0,6.5,-0.10681613103186284,-0.3078690045049792,-0.09118094121694739,-0.286878736753394,0.8921959159573217,-0.31270696225413813,0.907797054161195,-0.2920322415559812
20.0,6.52,-0.10773989448972482,-0.3090382354333713,-0.09198862640365624,-0.28801941628609,0.8912653979727037,-0.31388806393054075,0.9069822390172332,-0.2931857961570928
20.0,6.54,-0.10867060217965822,-0.31020899676752905,-0.09280265092382337,-0.2891622368697767,0.8903279305013765,-0.3150706817000415,0.9061610276439084,-0.2943414780219902
20.0,6.56,-0.10960824098645931,-0.3113812961529141,-0.09362313407091749,-0.2903072640738793,0.8893834666782372,-0.3162547855927627,0.9053333524713105,-0.29549932663121337
20.0,6.58,-0.11055290756356365,-0.3125551068135002,-0.0944501028022914,-0.2914544464761541,0.8884319577893315,-0.31744034451642,0.9044991685026881,-0.2966593009099544
20.0,6.6,-0.11150470220934539,-0.313730408504092,-0.09528360573081315,-0.29260379923130164,0.8874733330856232,-0.31862738893255277,0.903658423694082,-0.29782139202877905
20.0,6.62,-0.11246355632888869,-0.31490722476538785,-0.09612369195021477,-0.2937553377526725,0.8865075551903723,-0.3198158557935448,0.9028110472854919,-0.29898563696715597
20.0,6.64,-0.11342967830762014,-0.3160854886255439,-0.09697039987755537,-0.2949090437602187,0.8855345534937545,-0.32100577451189727,0.901956999776027,-0.30015197762473245
20.0,6.66,-0.11440300371731614,-0.3172652345312728,-0.09782383096648703,-0.2960649157137023,0.8845542777307398,-0.3221971113226831,0.9010962051701784,-0.3013204657180827
20.0,6.68,-0.1153836308787127,-0.3184464305509599,-0.09868407661396959,-0.2972229175122447,0.883566666580962,-0.32338986287992344,0.9002286231429901,-0.3024910419359796
20.0,6.7,-0.11637166050422126,-0.3196290476483449,-0.09955107289996674,-0.29838306429258776,0.8825716711408118,-0.3245839948404217,0.8993541829347965,-0.3036637412155552
20.0,6.72,-0.11736708107213004,-0.320813093318501,-0.10042498663471718,-0.2995453709835514,0.8815692216257073,-0.32577951709805714,0.8984728328364961,-0.3048385344225107
20.0,6.74,-0.11836999559072214,-0.3219985417395221,-0.10130580172428061,-0.30070982203224816,0.8805592694353178,-0.3269763942904261,0.8975845106335778,-0.30601542334078385
20.0,6.76,-0.11938039266175804,-0.3231854006174863,-0.10219361952838378,-0.30187640455633247,0.8795417507081648,-0.32817461981971807,0.8966891584564138,-0.30719439321055675
20.0,6.78,-0.12039843152320846,-0.324373618948311,-0.10308854024715403,-0.30304509815987046,0.8785166084432638,-0.32937417154221477,0.8957867067450898,-0.30837545969952596
20.0,6.8,-0.1214241583186963,-0.3255631828791947,-0.10399055902875337,-0.30421591809014514,0.8774837800536825,-0.330575042111034,0.8948771095594024,-0.30955857609244647
20.0,6.82,-0.12245756240611212,-0.32675409980470493,-0.10489977713065583,-0.305388843577186,0.876443211610703,-0.3317771918466363,0.8939602920566296,-0.3107437726114417
20.0,6.84,-0.12349874987500843,-0.3279463421613774,-0.10581618872970425,-0.30656388659003847,0.8753948282457059,-0.3329806424832887,0.8930361935422154,-0.31193103130755
20.0,6.86,-0.12454776480939353,-0.3291398882233172,-0.10673995106265101,-0.3077410108483346,0.8743385821897,-0.33418533793351934,0.8921047544808458,-0.31312033407626094
20.0,6.88,-0.12560471633093076,-0.33033471311830515,-0.10767105916030313,-0.30892022805849206,0.8732744095024659,-0.33539126782266304,0.8911659154690659,-0.3143116622996867
20.0,6.9,-0.12666959177681472,-0.33153081639611726,-0.10860961702407074,-0.3101015161388759,0.8722022433632596,-0.3365984199971088,0.8902196041762489,-0.31550502719182494
20.0,6.92,-0.1277425564336903,-0.33272814271041856,-0.10955567549487542,-0.31128487142776573,0.8711220191086605,-0.33780678244435774,0.8892657548047856,-0.31670042414754407
20.0,6.94,-0.12882354444225516,-0.3339267250620785,-0.11050933902599537,-0.3124702673287265,0.8700336810505792,-0.33901631098182183,0.8883043096501688,-0.3178978158601108
20.0,6.96,-0.12991271954988928,-0.33512649946226347,-0.11147060628655993,-0.3136577226013323,0.8689371580229228,-0.34022700721121746,0.8873352021616661,-0.31909719625004546
20.0,6.98,-0.13101007279862403,-0.3363274726659791,-0.11243952658416255,-0.31484722617703553,0.8678323868585732,-0.34143884015124,0.8863583592551815,-0.3202985737308137
20.0,7.0,-0.13211577290693247,-0.3375295867539617,-0.11341626242464693,-0.3160387345111826,0.8667193086535355,-0.34265177980897055,0.8853737160131462,-0.32150192401348743
20.0,7.02,-0.13322981016217011,-0.33873284411667487,-0.11440081223864668,-0.31723226252927,0.8655978537761978,-0.34386580875012535,0.8843812041099108,-0.32270723841735777
20.0,7.04,-0.13435223665330068,-0.33993723208235677,-0.11539328381430815,-0.3184277818306033,0.8644679537934967,-0.3450809092592587,0.8833807599554424,-0.3239144918390955
20.0,7.06,-0.13548315965312976,-0.34114270244382905,-0.11639373165440303,-0.31962528718884264,0.863329546520158,-0.34629704787647525,0.8823723067717961,-0.3251236886561909
20.0,7.08,-0.1366226339855086,-0.3423492455343897,-0.11740220793324387,-0.32082476591391246,0.862182563007439,-0.3475142051896489,0.8813557802249419,-0.32633480212966026
20.0,7.1,-0.13777070851060563,-0.3435568358023055,-0.11841882404074891,-0.32202619187391823,0.8610269325446392,-0.3487323602952064,0.8803311094577002,-0.32754781992401427
20.0,7.12,-0.13892743545935224,-0.3447654553462747,-0.11944357975937119,-0.32322957983517936,0.8598625937359958,-0.349951477787537,0.879298221720493,-0.32876272828216835
20.0,7.14,-0.14009298972287784,-0.34597504116754996,-0.1204765835045798,-0.32443489193499436,0.8586894734374634,-0.35117153421403496,0.8782570444105865,-0.32997951276698906
20.0,7.16,-0.14126730095749812,-0.34718561513423923,-0.12151795177399306,-0.3256421080788921,0.8575075027199359,-0.35239250701850794,0.8772075050773466,-0.331198158257004
20.0,7.18,-0.1424505438120887,-0.3483971090261954,-0.12256768124990043,-0.32685123142566663,0.8563166151332343,-0.3536143563632694,0.8761495314275694,-0.3324186489421175
20.0,7.2,-0.14364277287651805,-0.34960950291404247,-0.12362594406468262,-0.3280622122012387,0.855116740367528,-0.3548370575024998,0.8750830531241098,-0.3336409515097777
20.0,7.22,-0.14484398013183067,-0.3508227979030282,-0.12469268313010383,-0.3292750823047517,0.8539078054385247,-0.35606058373572047,0.8740079924393568,-0.3348650640535092
20.0,7.24,-0.14605427983072375,-0.3520369446960609,-0.12576807074425153,-0.3304897871600009,0.8526897386419459,-0.3572849080285219,0.8729242725753403,-0.33609096672050265
20.0,7.26,-0.14727379070058466,-0.3532519010209704,-0.12685222190560302,-0.3317062888397017,0.8514624666126677,-0.35851000177788056,0.8718318189464425,-0.33731863970065473
20.0,7.28,-0.14850256396295627,-0.35446763318475677,-0.12794507992949639,-0.3329246192434013,0.8502259225822764,-0.35973582078367766,0.870730561071845,-0.3385480464801946
20.0,7.3,-0.1497406578615933,-0.3556841234803209,-0.12904682155702576,-0.3341447253735205,0.8489800329160362,-0.360962334573411,0.8696204109831515,-0.3397791954134315
20.0,7.32,-0.15098812751866977,-0.3569013458100143,-0.13015744855617223,-0.3353666168525731,0.8477247170205433,-0.3621895262838268,0.8685012956193046,-0.3410120472999688
20.0,7.34,-0.15224502654603989,-0.3581192696658754,-0.13127713542902275,-0.33659022740217953,0.8464599135972886,-0.3634173338644658,0.8673731392734216,-0.342246578569525
20.0,7.36,-0.15351153770803258,-0.3593378188822184,-0.13240588482749255,-0.3378155659722345,0.8451855344759406,-0.36464575282555933,0.8662358634835929,-0.3434827637099211
20.0,7.38,-0.15478759405764161,-0.3605570233370585,-0.13354381881171723,-0.3390425993839901,0.8439015172371097,-0.3658747187873127,0.8650893770182377,-0.3447206062325186
20.0,7.4,-0.15607343577311866,-0.3617767615838706,-0.13469099669214663,-0.34027130526586025,0.8426077798291839,-0.36710421044618036,0.8639336119023251,-0.34596004798816543
20.0,7.42,-0.15736899975275967,-0.36299707140102516,-0.13584748118632242,-0.34150166877992766,0.841304246945432,-0.3683341909166545,0.8627684834319503,-0.3472010757657295
20.0,7.44,-0.15867440501535732,-0.36421789237146934,-0.13701339679476088,-0.34273365490129937,0.8399908407884186,-0.3695646212251717,0.8615939041269406,-0.34844367427315814
20.0,7.46,-0.15998970784042288,-0.3654391907125678,-0.13818880292606833,-0.3439672358971178,0.8386674859291743,-0.370795462420201,0.8604097999271991,-0.3496877976865162
20.0,7.48,-0.16131503054867635,-0.36666090832396414,-0.13937382588820785,-0.34520237520046054,0.8373341035167414,-0.37202667301346265,0.8592160768184841,-0.3509334436282379
20.0,7.5,-0.16265043422981482,-0.36788301846512644,-0.1405684691372394,-0.34643907631923,0.8359906226448994,-0.3732581965064035,0.8580126574081349,-0.3521805629843182
20.0,7.52,-0.1639959746235071,-0.36910548135843874,-0.14177285860551986,-0.3476772978079212,0.8346369533560399,-0.3744900193499416,0.8567994543767697,-0.3534291365974025
20.0,7.54,-0.1653517779439018,-0.3703282406968209,-0.14298711820092755,-0.3489169890941708,0.8332730227955548,-0.375722082028418,0.8555763839006515,-0.3546791282256454
20.0,7.56,-0.1667179028884653,-0.3715512594667141,-0.1442112524241459,-0.35015815274861695,0.8318987521244882,-0.37695433877109386,0.8543433625289537,-0.3559305007632833
20.0,7.58,-0.16809440834645173,-0.3727745002324751,-0.14544545092919747,-0.3514007197642053,0.8305140630225749,-0.3781867429351186,0.8531002937423716,-0.35718324560408626
20.0,7.6,-0.16948142062471913,-0.3739978998585852,-0.14668972087368612,-0.35264469593735337,0.8291188672579398,-0.3794192597263698,0.851847090812587,-0.3584373221158414
20.0,7.62,-0.17087893616274105,-0.3752214535090786,-0.14794418738384507,-0.35389002378456164,0.8277130875328272,-0.38065184065903923,0.8505836766496984,-0.3596926751617115
20.0,7.64,-0.17228714592473457,-0.37644506240031456,-0.14920891987048224,-0.3551366827914881,0.8262966413910529,-0.38188443372817427,0.8493099445783161,-0.36094930602082037
20.0,7.66,-0.17370604502831574,-0.3776687162834789,-0.1504839881652173,-0.35638465214550863,0.8248694488749841,-0.38311698689323326,0.8480258216747028,-0.3622071416131032
20.0,7.68,-0.17513576018654234,-0.3788923443114936,-0.15176958211933902,-0.3576338454020878,0.8234314287281449,-0.38434944631985546,0.8467312009997063,-0.3634661807594166
20.0,7.7,-0.17657635484767611,-0.38011590937122985,-0.1530656483161086,-0.35888429308368597,0.8219824859099576,-0.38558178549985217,0.8454260012929159,-0.3647263620505587
20.0,7.72,-0.17802795722368742,-0.3813393384736423,-0.15437244274477765,-0.36013588419715153,0.8205225528522366,-0.38681391950747746,0.8441101281248585,-0.36598765227078933
20.0,7.74,-0.17949056096493024,-0.3825626153840855,-0.15568991254166298,-0.3613886487468176,0.8190515328906174,-0.38804581852779774,0.8427834865145448,-0.3672500167383664
20.0,7.76,-0.18096436618958886,-0.38378564285355726,-0.15701818979201357,-0.3626425276747091,0.8175693502549121,-0.38927740877943956,0.8414459790103264,-0.36851341844408364
20.0,7.78,-0.18244936715678625,-0.38500840342275466,-0.15835747310575168,-0.3638974370893627,0.8160759095098564,-0.3905086583589748,0.8400975179811334,-0.3697778059156801
20.0,7.8,-0.18394569221193202,-0.3862308159018633,-0.15970770645973284,-0.36515339809943953,0.8145711325168191,-0.39173948974137535,0.8387379975963911,-0.3710431534243343
20.0,7.82,-0.18545340731850946,-0.3874528387793668,-0.16106908819677565,-0.3664103207737537,0.8130549310628336,-0.39296985426229314,0.8373673338662817,-0.37230939105314215
20.0,7.84,-0.1869726443792679,-0.3886743929742246,-0.16244169413265902,-0.3676681779585993,0.8115272119840418,-0.3941996994608496,0.8359854219988262,-0.37357649088982714
20.0,7.86,-0.18850346828518486,-0.3898954307143117,-0.16382559675747,-0.36892693361826284,0.8099878994276891,-0.39542894485702523,0.8345921641870737,-0.37484440924349655
20.0,7.88,-0.19004593973517345,-0.39111589468276575,-0.16522086888227314,-0.3701865512090377,0.8084368948542798,-0.39665755004959546,0.8331874602899425,-0.3761131000026879
20.0,7.9,-0.19160012608555627,-0.39233574045773045,-0.16662771329890166,-0.37144693551012664,0.8068741133364359,-0.39788544478969773,0.8317712154134187,-0.37738250052547584
20.0,7.92,-0.19316616140943643,-0.39355488488082274,-0.16804614360165085,-0.3727080853727743,0.8052994759034581,-0.39911254283899544,0.8303433316133157,-0.37865256290835514
20.0,7.94,-0.19474417856850781,-0.3947732385946428,-0.16947629569451997,-0.37396992383478117,0.8037128775206707,-0.4003388136129464,0.8289036925534663,-0.3799232644098922
20.0,7.96,-0.19633417315255847,-0.3959907790397489,-0.17091824696753152,-0.37523241506114363,0.8021142311099969,-0.40156418132279215,0.8274522175400759,-0.3811945095669989
20.0,7.98,-0.1979362809338276,-0.3972074196125784,-0.172372140912296,-0.3764954926317347,0.8005034584708539,-0.4027885556235416,0.8259887829398892,-0.38246628677541544
20.0,8.0,-0.1995506364099348,-0.39842306741673217,-0.17383805236065705,-0.37775911023929143,0.7988804594283517,-0.40401188613912076,0.8245133009304827,-0.38373851184481267
20.0,8.02,-0.20117723783961716,-0.39963770259299014,-0.1753160604393834,-0.3790232296632712,0.7972451389201178,-0.40523410589722814,0.8230256673298368,-0.3850111265433738
20.0,8.04,-0.2028162180562962,-0.40085122578603655,-0.1768063049352994,-0.3802877681599588,0.7955974179053077,-0.40645511943357326,0.8215257642610521,-0.386284099640421
20.0,8.06,-0.20446771781787593,-0.4020635496565752,-0.1783089349175533,-0.3815526587973003,0.7939371890647559,-0.4076748852887313,0.8200134947191615,-0.38755735551705495
20.0,8.08,-0.20613180146384924,-0.40327460718346436,-0.1798239609633942,-0.382817882637531,0.7922643698451401,-0.40889330291560566,0.8184887471037345,-0.388830845087792
20.0,8.1,-0.20780853573338612,-0.40448433524846467,-0.18135159621639393,-0.38408333058551386,0.7905788636437165,-0.41011029790437886,0.8169514213242028,-0.39010448803228953
20.0,8.12,-0.20949798744601353,-0.40569267003015164,-0.1828918520387937,-0.3853489820959093,0.7888805839716854,-0.41132579935397684,0.8154014045583337,-0.39137823131493943
20.0,8.14,-0.21120036796464164,-0.4068994779606024,-0.1844448783641191,-0.3866147615101559,0.7871694280920827,-0.41253972616692003,0.8138385847531576,-0.3926520205018769
20.0,8.16,-0.21291566945090595,-0.40810471980597113,-0.18601075228333167,-0.38788061055195766,0.7854453133832234,-0.41375198844993644,0.8122628597170919,-0.3939257691338146
20.0,8.18,-0.21464396445749492,-0.40930833806919265,-0.18758962330495196,-0.38914644637744433,0.7837081258314526,-0.414962513024648,0.8106741154152585,-0.39519941828623223
20.0,8.2,-0.21638545909204798,-0.4105101801891259,-0.18918164214363062,-0.39041218435393343,0.7819577868430169,-0.41617122599783957,0.8090722377329449,-0.39647290714086525
20.0,8.22,-0.2181401504907251,-0.41171021399917374,-0.190786892358749,-0.3916777713288613,0.7801941974745755,-0.4173780058675385,0.8074571166565081,-0.3977461575060065
20.0,8.24,-0.21990817913871313,-0.4129083310289124,-0.19240538260373524,-0.3929431734403988,0.778417257968374,-0.41858279880444205,0.8058286422598471,-0.3990190893661533
20.0,8.26,-0.22168961413282492,-0.41410445948914437,-0.19403740712257886,-0.3942082442944616,0.7766268736256587,-0.4197854991920672,0.8041866995987756,-0.4002916358289228
20.0,8.28,-0.2234845945255996,-0.4152984830171638,-0.19568290689703136,-0.3954729814489499,0.7748229527188907,-0.4209860185891899,0.8025311700753778,-0.4015637262042145
20.0,8.3,-0.22529326275354164,-0.4164902879353996,-0.19734210729400753,-0.39673726433512385,0.7730053958732565,-0.42218426243056406,0.8008619501778956,-0.4028352603259933
20.0,8.32,-0.2271155381914438,-0.41767986778192184,-0.19901509003371098,-0.3980010250825797,0.7711741050708305,-0.4233801348330343,0.7991789084856817,-0.4041061920656405
20.0,8.34,-0.2289517092168625,-0.4188670275635916,-0.2007020066785474,-0.3992641598923342,0.7693289836725848,-0.42457353859665903,0.7974819391035071,-0.40537641598275403
20.0,8.36,-0.23080170015029286,-0.42005176901631486,-0.20240294691101798,-0.4005266120307169,0.7674699276047342,-0.4257643703042989,0.7957709232468754,-0.4066458530893253
20.0,8.38,-0.2326657959139221,-0.4212338828819597,-0.20411799374837672,-0.4017883101319733,0.7655968607459241,-0.42695253991675836,0.7940457405393057,-0.4079144214229071
20.0,8.4,-0.2345439942421145,-0.4224133284943617,-0.20584730306917776,-0.40304915060657,0.763709656812754,-0.4281379448760184,0.792306278943313,-0.4091820236055175
20.0,8.42,-0.23643636053331746,-0.42359001460433643,-0.20759095889794466,-0.40430905933778166,0.7618082324675177,-0.4293204692541799,0.7905524070323723,-0.41044858507822934
20.0,8.44,-0.23834303963089828,-0.4247638171605157,-0.20934919178597577,-0.40556789750331984,0.759892490921136,-0.43050002247407415,0.7887840117684094,-0.4117140209718566
20.0,8.46,-0.24026410008008722,-0.42593464691910304,-0.21112194302559606,-0.4068256562857918,0.7579623269000383,-0.4316764893511363,0.7870009812686346,-0.4129782097636168
20.0,8.48,-0.2421997538289127,-0.42710231930181536,-0.2129095132194291,-0.4080821518894461,0.7560176455533364,-0.4328497582736737,0.785203179915903,-0.4142410852359095
20.0,8.5,-0.2441499264144314,-0.42826683610912186,-0.21471192003258263,-0.40933734570728986,0.7540583450037835,-0.43401971128065847,0.7833904932910681,-0.41550251979603453
20.0,8.52,-0.24611483026646497,-0.42942800939720804,-0.21652932128232816,-0.41059111910244533,0.7520843348671037,-0.43518625215580586,0.7815627975478436,-0.4167624485551645
20.0,8.54,-0.24809453453031008,-0.43058574389356724,-0.21836180389004892,-0.4118433892309441,0.7500955069808615,-0.4363492369758865,0.7797199649755663,-0.4180207495092099
20.0,8.56,-0.2500891835588865,-0.43173989966669324,-0.2202096016120586,-0.41309400007377706,0.7480917495889675,-0.43750856970059065,0.7778618874985336,-0.41927730866514873
20.0,8.58,-0.25209884099698,-0.43289036839779094,-0.22207265830828932,-0.4143429422619303,0.746072992773543,-0.4386641236574878,0.775988427669718,-0.42053204629293983
20.0,8.6,-0.2541235818410422,-0.43403706061267977,-0.22395127627756542,-0.41559000771753835,0.7440391178835742,-0.43981575870652506,0.7740994463738344,-0.4217848439513881
20.0,8.62,-0.2561634634054038,-0.4351798558378185,-0.22584547461903684,-0.4168351505169788,0.7419900195376232,-0.44096339233027787,0.7721948403625063,-0.4230355824996094
20.0,8.64,-0.25821871258590395,-0.4363185723443621,-0.22775541241603597,-0.41807823585217546,0.7399256232157604,-0.4421068525980047,0.7702744843767269,-0.4242841632727804
20.0,8.66,-0.26028939317307365,-0.4374530952745994,-0.22968118170103802,-0.4193191761160594,0.7378458017852608,-0.4432460387591801,0.768338243084262,-0.42553044423659403
20.0,8.68,-0.2623755685566167,-0.4385833085728847,-0.23162294272136755,-0.4205578324840861,0.7357504695548405,-0.4443808019167354,0.7663859873612019,-0.4267743364710361
20.0,8.7,-0.2644773108476532,-0.4397091101674394,-0.23358085923796246,-0.4217940683897617,0.7336395190351518,-0.4455110123980955,0.7644175870103417,-0.4280157125272189
20.0,8.72,-0.26659483362557973,-0.44083028357299375,-0.23555501665743828,-0.4230277760597424,0.731512869545332,-0.4466365364552209,0.7624329300788079,-0.4292544347594902
20.0,8.74,-0.26872812627995846,-0.4419467589418863,-0.2375455852197674,-0.42425882445902546,0.7293703932692489,-0.4477572438475493,0.7604318665668932,-0.4304903937928605
20.0,8.76,-0.27087733483890375,-0.44305837727277725,-0.2395526481760285,-0.425487097345662,0.7272120128260352,-0.4488729620712437,0.7584142885060875,-0.43172344831859716
20.0,8.78,-0.27304252202741375,-0.44416501434135636,-0.24157629963397398,-0.42671249669627376,0.7250376224144838,-0.44998358596056814,0.7563800499134565,-0.4329534850356639
20.0,8.8,-0.2752238278009779,-0.4452664966242837,-0.2436167747579874,-0.4279348234530957,0.7228471169306919,-0.45108895511085895,0.7543290219978203,-0.4341803621483182
20.0,8.82,-0.27742131447849067,-0.44636269621482305,-0.2456740911697447,-0.42915401280788806,0.720640410477283,-0.452188918031881,0.7522610858126567,-0.43540392285492996
20.0,8.84,-0.2796351283965881,-0.44745344541334303,-0.24774848810521635,-0.4303698653982651,0.7184173947883105,-0.45328330619445883,0.7501761029344098,-0.4366240660268203
20.0,8.86,-0.28186540658889914,-0.4485385582759158,-0.2498400528386024,-0.43158225980873793,0.7161779732598472,-0.45437199024171443,0.7480739416382094,-0.43784062093876264
20.0,8.88,-0.28411213251498185,-0.44961795027248797,-0.25194887530149934,-0.432791078130655,0.7139220513800132,-0.4554548214425791,0.7459544746884609,-0.43905345118597106
20.0,8.9,-0.286375448932012,-0.450691442337979,-0.2540751967596855,-0.4339961123367063,0.7116495285702559,-0.45653160890384337,0.7438175686012031,-0.44026241329046406
20.0,8.92,-0.2886554922209963,-0.45175884213512674,-0.2562189561601614,-0.4351973288414443,0.7093602997041152,-0.45760220804237883,0.7416630923463109,-0.44146736171830964
20.0,8.94,-0.2909523264651684,-0.45282001553156576,-0.25838054460352455,-0.43639441999177875,0.7070542864885723,-0.4586664531423601,0.7394909158138967,-0.4426681128787653
20.0,8.96,-0.29326608769408685,-0.4538747654360881,-0.2605599009854362,-0.4375873484305787,0.7047313811186647,-0.4597241911543436,0.7373008977899025,-0.443864543025094
20.0,8.98,-0.2955967531253059,-0.45492299488770027,-0.26275718600730635,-0.43877593064300857,0.7023914866086066,-0.4607752198879568,0.7350929143154425,-0.44505648245436735
20.0,9.0,-0.2979445440813503,-0.45596446161298293,-0.2649725668632099,-0.4399599900733205,0.7000345173728428,-0.46181939373108255,0.7328668280162934,-0.4462437671862938
20.0,9.02,-0.30030959263130985,-0.45699895532856616,-0.26720621131886324,-0.441139347062486,0.6976603665524005,-0.4628565144500889,0.7306225206143753,-0.4474262235093997
20.0,9.04,-0.30269180127150136,-0.4580264368759805,-0.2694582011844314,-0.4423138505585555,0.695268946576293,-0.463886427929208,0.7283598359165566,-0.4486036857334993
20.0,9.06,-0.3050914640227355,-0.4590465922341116,-0.27172870758264245,-0.4434833207430229,0.6928601650922511,-0.46490893817176826,0.7260786537545493,-0.4497759886538739
20.0,9.08,-0.3075086317576097,-0.46005925657130436,-0.27401781202165204,-0.4446476019895242,0.6904339248705411,-0.46592387722183487,0.7237788480785996,-0.45094294200395996
20.0,9.1,-0.30994327744849687,-0.46106432289227467,-0.2763256827153634,-0.4458065040394117,0.6879901405156481,-0.4669310286549123,0.7214602803118969,-0.4521043787206218
20.0,9.12,-0.31239554094761635,-0.46206158598285446,-0.2786524007029287,-0.44695986655523534,0.6855287137308228,-0.4679302160761583,0.7191228146518709,-0.4532601116809948
20.0,9.14,-0.31486562842369575,-0.463050761208704,-0.28099821245589646,-0.4481074447501415,0.6830495578325706,-0.4689212494745043,0.7167663186791283,-0.4544099515940344
20.0,9.16,-0.31735351058137756,-0.4640317356913113,-0.28336320230990836,-0.44924907741312625,0.6805525818457734,-0.46990393192974433,0.7143906795863495,-0.45555369979222704
20.0,9.18,-0.3198593224595653,-0.46500429043335306,-0.28574737206753803,-0.4503846461750389,0.6780377067174752,-0.47087805316886644,0.7119957395215162,-0.4566911771976673
20.0,9.2,-0.3223831877525809,-0.4659681870722739,-0.28815104382556994,-0.4515138416676052,0.6755048247296913,-0.4718434315409924,0.7095813683890718,-0.45782218267539515
20.0,9.22,-0.32492515180625103,-0.4669232458931038,-0.29057429777904153,-0.45263648937886064,0.6729538726994809,-0.47279984199541164,0.7071474559566271,-0.4589465058778672
20.0,9.24,-0.32748527009697936,-0.46786930170121005,-0.293017223415531,-0.4537524285045607,0.670384751179955,-0.47374708259682885,0.7046938554098712,-0.46006396085020296
20.0,9.26,-0.33006365627447454,-0.4688060978000049,-0.29547997208886534,-0.4548614186663099,0.6677973807598666,-0.4746849435502007,0.7022204478274177,-0.46117430479545996
20.0,9.28,-0.3326603602165513,-0.4697334590089206,-0.2979626289601041,-0.45596328867134667,0.6651916790717749,-0.47561319108426503,0.6997270862683891,-0.46227735945455073
20.0,9.3,-0.335275505200968,-0.4706511392170175,-0.3004653548226088,-0.45705780771501253,0.6625675584666914,-0.4765316358087299,0.697213651941167,-0.4633728899167454
20.0,9.32,-0.33790920996082485,-0.4715588833828062,-0.30298838339531836,-0.4581446778325522,0.6599249458645591,-0.477440024057759,0.6946800302560964,-0.46446067677281316
20.0,9.34,-0.3405615138709328,-0.4724564977678974,-0.3055317118877164,-0.45922376067399406,0.6572637621923482,-0.47833816350604613,0.6921260708027694,-0.46554048918623314
20.0,9.36,-0.3432324549431727,-0.4733437869326504,-0.30809549996874475,-0.46029481533589545,0.6545839199210174,-0.4792257983219146,0.6895516595628851,-0.46661211539072345
20.0,9.38,-0.3459222313511366,-0.4742204275271472,-0.31067982303658176,-0.4613576459888059,0.6518853656565908,-0.4801027104359996,0.68695666327478,-0.46767530789968026
20.0,9.4,-0.3486307961947845,-0.4750862786916196,-0.31328491322624274,-0.46241194001021635,0.6491679971266144,-0.4809686586901083,0.6843409610998884,-0.4687298397844792
20.0,9.42,-0.351358258552976,-0.47594106612602977,-0.31591092202560545,-0.46345743408061196,0.6464317637490447,-0.4818233999673647,0.6817044375011064,-0.4697754472718776
20.0,9.44,-0.35410465537090113,-0.4767845900883733,-0.3185578455733972,-0.46449398270874015,0.6436765806360869,-0.4826666959509195,0.6790469491282264,-0.4708119120696741
20.0,9.46,-0.3568701765867077,-0.47761650807326134,-0.32122583332663646,-0.4655213172679965,0.6409023838074362,-0.48349830125200904,0.6763683826214851,-0.4718389606021337
20.0,9.48,-0.35965476096279175,-0.478436660193285,-0.3239151118181011,-0.4665391031200709,0.6381091143606172,-0.4843179693082446,0.6736686289469388,-0.47285635180033303
20.0,9.5,-0.36245852046068416,-0.4792447711875123,-0.3266256702013111,-0.4675471813255456,0.6352966965830646,-0.48512543567738664,0.6709475531711933,-0.47386382063499993
20.0,9.52,-0.36528155755443675,-0.4800405510253812,-0.3293577371643826,-0.46854521474717836,0.6324650664218765,-0.4859204569611776,0.6682050496075053,-0.4748610990641336
20.0,9.54,-0.36812389364668713,-0.48082377564249607,-0.33211129164867964,-0.46953302860200136,0.629614167636468,-0.48670275532299095,0.6654409861022642,-0.475847929360251
20.0,9.56,-0.37098562806970026,-0.4815941488670532,-0.3348866387507979,-0.47051021386667563,0.626743947151564,-0.4874720851556081,0.6626552604330027,-0.4768240337652776
20.0,9.58,-0.3738667744790084,-0.48235143592436297,-0.3376837625456604,-0.4714765999004999,0.6238543371188299,-0.488228166336043,0.6598477449915484,-0.4777891276258144
20.0,9.6,-0.37676734446125065,-0.4830954001827939,-0.3405027981080389,-0.4724318805096825,0.6209452900673816,-0.4889707289771294,0.6570183410042282,-0.4787429406359538
20.0,9.62,-0.3796875207561514,-0.48382567619549394,-0.34334388717866743,-0.47337575595861126,0.6180167487369163,-0.4896995074495925,0.6541669413065926,-0.4796851725002099
20.0,9.64,-0.38262730714986276,-0.4845420150075029,-0.3462071624869406,-0.4743079111955722,0.6150686719206678,-0.490414207942464,0.6512934292163121,-0.4806155268754704
20.0,9.66,-0.38558662039425096,-0.48524423305394027,-0.3490926764732024,-0.4752280930473133,0.6121010005338827,-0.4911145517369101,0.6483976936304549,-0.4815337222137948
20.0,9.68,-0.38856572256924116,-0.48593188687169114,-0.3520004755938429,-0.4761360403712651,0.6091137045129467,-0.4918002598119953,0.6454796392614175,-0.4824394467142207
20.0,9.7,-0.39156452179364143,-0.48660478147069636,-0.3549308580550507,-0.4770313091462089,0.606106746085054,-0.4924710411538004,0.6425391533036229,-0.4833324036990235
20.0,9.72,-0.3945830172240828,-0.48726266437243126,-0.35788370483307036,-0.4779137589917482,0.6030800732303563,-0.4931265870742882,0.6395761551517127,-0.4842122608751244
20.0,9.74,-0.39762136679263416,-0.48790513121411627,-0.3608593030933317,-0.47878292519100235,0.6000336444817768,-0.4937666262308919,0.6365905301238887,-0.4850787233690236
20.0,9.76,-0.4006795699149197,-0.48853192819952024,-0.3638576087328027,-0.47963859370201006,0.5969674543900486,-0.4943908228903607,0.6335821972677917,-0.48593144424060386
20.0,9.78,-0.40375769043148313,-0.4891427066955691,-0.3668788220623847,-0.4804803523468653,0.5938814528502792,-0.4949989036934704,0.6305510492145165,-0.4867701192042695
20.0,9.8,-0.4068556327379199,-0.48973727289978214,-0.36992289852544946,-0.4813079868443601,0.5907756090899174,-0.495590551914728,0.6274970043229149,-0.4875944033714979
20.0,9.82,-0.40997345522271955,-0.4903152732805015,-0.3729901143703265,-0.48212100541263697,0.5876499238858983,-0.4961654356850399,0.624419964542258,-0.4884039665725364
20.0,9.84,-0.4131113087992652,-0.4908762894106513,-0.3760804119170477,-0.48291917523427896,0.5845043573407167,-0.4967232527190708,0.6213198725382413,-0.48919844990131855
20.0,9.86,-0.4162690802126356,-0.49142010889776744,-0.3791939033993482,-0.48370213616639657,0.5813389079581973,-0.4972636912704368,0.6181966163651818,-0.4899775139836109
20.0,9.88,-0.4194468293360198,-0.49194637891155674,-0.38233069454075663,-0.48446951766194274,0.5781535551249605,-0.4977864166355874,0.6150501466122815,-0.4907408078561532
20.0,9.9,-0.4226445129135556,-0.4924547993046558,-0.385490875415831,-0.4852209275201933,0.5749483017003562,-0.49829108978384395,0.6118803782617256,-0.4914879618502003
20.0,9.92,-0.4258622759261462,-0.4929449420654762,-0.3886744707983845,-0.4859560643232612,0.571723132535915,-0.4987774019456035,0.608687233675986,-0.49221862120171883
20.0,9.94,-0.42909998299897034,-0.49341657481678813,-0.39188156963907744,-0.4866745331968858,0.5684780536030745,-0.4992450028471514,0.6054706612900804,-0.49293240854029685
20.0,9.96,-0.43235767222768984,-0.4938693203146585,-0.39511226256195076,-0.4873759398527839,0.5652130641758337,-0.49969354682844874,0.6022305719553119,-0.49362896006260887
20.0,9.98,-0.4356352972871798,-0.4943028789135228,-0.398366547601882,-0.4880599488930853,0.5619281916491694,-0.5001227058750838,0.5989669342879981,-0.4943078799515538
20.0,10.0,-0.4389328948103347,-0.4947168725472652,-0.4016445991096563,-0.4887260931858276,0.5586234179825572,-0.5005321219331677,0.5956796885071634,-0.4949687755969885
20.0,10.02,-0.44225048299466213,-0.49511090194606966,-0.4049463188267373,-0.48937409340686183,0.5552987816569255,-0.5009214621662049,0.5923687742628475,-0.49561127985639764
20.0,10.04,-0.44558809172123365,-0.4954845807900629,-0.40827187016967664,-0.4900034672350652,0.5519543003693307,-0.5012903502490342,0.5890341466159243,-0.4962349763802781
20.0,10.05,-0.4472643024054719,-0.4956637517565123,-0.40994359886674586,-0.4903110408649212,0.5502746282070814,-0.5014670050101926,0.5873579305349734,-0.4965396449204439
20.0,10.06,-0.44894547240945115,-0.4958377365858181,-0.41162123307860715,-0.49061385733180585,0.5485900052954918,-0.5016384320152828,0.5856757691660511,-0.49683946427467035
20.0,10.08,-0.45232282571363924,-0.49616982786907515,-0.4149944787699714,-0.4912048424266634,0.5452059156254692,-0.5019653522254404,0.5822936024766561,-0.49742433063807506
20.0,10.1,-0.4557199765875746,-0.4964805939590017,-0.41839165582109017,-0.4917759734960648,0.5418020839991797,-0.50227074334991,0.5788876178959009,-0.4979891621016787
20.0,10.12,-0.45913693463447924,-0.4967696316735309,-0.4218127470593429,-0.49232689824968795,0.5383785453161237,-0.5025542313687543,0.5754577910343933,-0.4985335392363257
20.0,10.14,-0.46257360826817623,-0.4970366030444982,-0.42525787907548435,-0.4928570848732595,0.534935341993729,-0.502815458728237,0.5720040867691295,-0.49905704091006775
20.0,10.16,-0.46603008584614114,-0.497281017194256,-0.42872692605535495,-0.4933662297445754,0.5314725256716589,-0.5030540332112667,0.5685264967753711,-0.4995592414914733
20.0,10.18,-0.4695061806231281,-0.49750261114626293,-0.4322200159601126,-0.4938538025948906,0.5279901707357976,-0.5032695760584251,0.5650250156769687,-0.5000396726967402
20.0,10.2,-0.47300186946574596,-0.49770095188090513,-0.43573710033171625,-0.4943194176273364,0.5244883262036657,-0.5034617114834167,0.5614996348766104,-0.5004979234002174
20.0,10.22,-0.47651714108929855,-0.4978756195322998,-0.4392781108975138,-0.4947626692213322,0.520967063505927,-0.503630041419401,0.5579503429587159,-0.5009335340921192
20.0,10.24,-0.48005179508683765,-0.4980263463294491,-0.44284325384271533,-0.49518293992971946,0.5174264682680233,-0.5037741907884661,0.5543771628212835,-0.5013460476295893
20.0,10.26,-0.483605788977812,-0.49815268517150824,-0.4464323650065729,-0.4955798909937903,0.5138666073211811,-0.5038937578067877,0.5507801085242863,-0.5017350059076349
20.0,10.28,-0.4871791846481883,-0.49825412290834376,-0.45004545799651857,-0.49595303775195115,0.5102875738240173,-0.5039883400386291,0.5471591945318475,-0.5020999401461804
20.0,10.3,-0.4907717503841349,-0.498330368232838,-0.4536824496362287,-0.4963019638279089,0.5066894783172554,-0.5040575437477254,0.5435144487467578,-0.5024403826199823
20.0,10.32,-0.49438335871678446,-0.49838106759578954,-0.45734341937862605,-0.49662608484489673,0.503072396210864,-0.5041009668312534,0.5398459001819326,-0.5027558552918866
20.0,10.34,-0.4980140398440435,-0.49840568078958764,-0.4610282785330291,-0.496924981047849,0.4994364443080788,-0.5041182041325765,0.5361536006087337,-0.5030458722185529
20.0,10.36,-0.5016635519854982,-0.49840391815193624,-0.4647369221890344,-0.49719821865773894,0.4957817400072336,-0.5041088423724348,0.5324375860663899,-0.5033099563876289
20.0,10.38,-0.5053318276406309,-0.4983753206543698,-0.4684694131290794,-0.49744519782056507,0.49210839862723116,-0.5040724747518139,0.5286979185827513,-0.503547608156866
20.0,10.4,-0.5090187880189108,-0.49831941976710414,-0.47222562924891986,-0.49766547005562056,0.4884165656729829,-0.504008681077698,0.5249346601517257,-0.503758333618269
20.0,10.42,-0.5127241865078406,-0.49823593367634306,-0.47600553445543403,-0.4978585070466801,0.4847063505594562,-0.503917047720488,0.5211478846155465,-0.5039416205133105
20.0,10.44,-0.5164480141492225,-0.49812429444523465,-0.4798089940431027,-0.4980238534154922,0.4809779135058621,-0.5037971513249987,0.5173376637264434,-0.5040969774954371
20.0,10.46,-0.5201900879976451,-0.49798411521994007,-0.4836359592390925,-0.49816097272694176,0.47723140247258006,-0.5036485643311674,0.5135041022778443,-0.5042238625394555
20.0,10.48,-0.523950213171098,-0.4978150024371524,-0.487486363621611,-0.4982693120782731,0.4734669647443762,-0.5034708665066908,0.5096472831474312,-0.5043217878149815
20.0,10.5,-0.52772820687163,-0.4976165788239995,-0.4913600525222123,-0.4983484050893785,0.4696847843531993,-0.5032636318712099,0.5057673172322749,-0.5043902098112778
20.0,10.52,-0.5315239368301483,-0.49738834485657,-0.495256945625553,-0.498397690991012,0.46588502868389453,-0.5030264250326145,0.5018643147391363,-0.5044286067511663
20.0,10.54,-0.5353372824646678,-0.4971298147968261,-0.49917695541972706,-0.4984166041416351,0.4620678706597748,-0.5027588243230198,0.49793840020327823,-0.5044364405285765
20.0,10.56,-0.5391679371596195,-0.49684068202521114,-0.5031199000545995,-0.4984046618820339,0.4582335133070833,-0.5024603781715957,0.49398971558908966,-0.50441317759845
20.0,10.58,-0.5430157613743275,-0.4965204524444815,-0.5070856655093423,-0.498361279561296,0.4543821340067477,-0.5021306677121176,0.49001839779379014,-0.5043582660721708
20.0,10.6,-0.5468806088234536,-0.49616862874677226,-0.5110740604518602,-0.49828597423643073,0.45051396883862577,-0.50176924074912,0.48602459880602555,-0.5042711735749514
20.0,10.62,-0.5507621406142694,-0.49578489130774417,-0.5150849551794412,-0.4981781540026206,0.4466292094852001,-0.5013756743669587,0.4820084897499385,-0.5041513387792608
20.0,10.64,-0.5546602896236718,-0.4953686495816903,-0.5191182176834844,-0.49803722812782397,0.4427281016902393,-0.5009495078612421,0.4779702462319958,-0.5039982091101047
20.0,10.66,-0.5585747031250822,-0.49491958265384944,-0.523173614779014,-0.49786268695679853,0.43881086161423505,-0.5004903079353774,0.47391003772603696,-0.5038112291669804
20.0,10.68,-0.5625052005785266,-0.4944371815382327,-0.5272509916736333,-0.4976539272318875,0.43487773879650893,-0.49999763367147015,0.4698280743194155,-0.5035898195719278
20.0,10.7,-0.5664514216063314,-0.493921132162806,-0.5313500980202589,-0.49741043410405433,0.4309289886889663,-0.49947104107392326,0.4657245595856554,-0.5033334330071767
20.0,10.72,-0.5704133434881442,-0.49337072502303775,-0.5354707553606814,-0.4971315921683014,0.4269648681596215,-0.49891007771016055,0.46159970801254974,-0.5030414842985753
20.0,10.74,-0.5743904918253653,-0.49278573233322004,-0.5396126955106887,-0.49681688178574945,0.42298565074664385,-0.49831430035409596,0.45745376022305734,-0.50271340232386
20.0,10.76,-0.578382656371568,-0.4921656406343544,-0.5437758083639477,-0.49646558663351614,0.41899162565038356,-0.4976832565566357,0.45328695311501754,-0.5023486151972656
20.0,10.78,-0.5823895198778302,-0.4915100243469191,-0.5479597016516989,-0.49607725902373706,0.4149830633823026,-0.49701651438768446,0.44909953814861847,-0.5019465347251403
20.0,10.8,-0.5864107707810734,-0.4908184696997078,-0.5521640791522168,-0.4956513740694625,0.4109602856416963,-0.4963136044389599,0.44489178353556985,-0.5015065766028901
20.0,10.82,-0.5904462474900358,-0.4900903460929955,-0.5563888817959013,-0.49518710337725796,0.4069235882767131,-0.49557410446086964,0.4406639744803736,-0.5010281609044348
20.0,10.84,-0.5944954377956113,-0.4893254330555352,-0.5606336015035172,-0.49468409261532126,0.40287330069658783,-0.49479755190492997,0.43641641209875864,-0.5005106934405317
20.0,10.86,-0.598558170480659,-0.48852310438402413,-0.5648980721997761,-0.49414160423470815,0.3988097571144916,-0.49398349776175093,0.4321493742033444,-0.49995359111926635
20.0,10.88,-0.6026339960641142,-0.4876830334545271,-0.5691819380981932,-0.4935590873888119,0.3947332922057741,-0.4931315009716599,0.427863210761747,-0.49935625046424553
20.0,10.9,-0.6067226342151063,-0.4868046914568551,-0.5734848329663722,-0.4929359910592372,0.3906442718174799,-0.49224111378030716,0.42355824062690006,-0.49871808779049953
20.0,10.92,-0.6108237179892007,-0.4858876601702352,-0.5778063800210816,-0.49227176422062474,0.3865430367037946,-0.4913118996743299,0.41923481836715615,-0.4980384928915672
20.0,10.94,-0.6149368440165057,-0.4849315003701448,-0.5821463567117832,-0.49156564714243833,0.38242998110748816,-0.4903434087978078,0.41489329224677396,-0.49731688573326127
20.0,10.96,-0.6190616356464987,-0.4839358023347589,-0.5865043571597013,-0.49081707910627637,0.37830548361882116,-0.4893351968963701,0.4105340424093428,-0.49655265577550206
20.0,10.98,-0.6231976723364673,-0.48290013010503063,-0.5908799575365854,-0.4900254942645587,0.37416994663502395,-0.48828682254024053,0.4061574743411813,-0.4957452079586107
20.0,11.0,-0.6273446302873815,-0.48182395681315676,-0.595272743124327,-0.4891903444028774,0.3700237665734918,-0.48719786175742247,0.4017639783562296,-0.49489394882839954
20.0,11.02,-0.6315019940878324,-0.4807069640025861,-0.5996822537432469,-0.48831105400826225,0.3658673725715787,-0.48606787036262694,0.3973539704798874,-0.49399828287159986
20.0,11.04,-0.635669498580476,-0.47954851100140433,-0.6041082012014835,-0.4873868491241941,0.3617011844048325,-0.4848964172668708,0.39292790543765416,-0.4930575942296863
20.0,11.06,-0.6398465342095474,-0.47834840030712455,-0.6085500365297997,-0.48641727516011873,0.35752565520650453,-0.483683070604745,0.38848622136834776,-0.49207130178546377
20.0,11.08,-0.6440327192354358,-0.47710609450374386,-0.6130073550642839,-0.48540165694053466,0.3533412378820878,-0.48242740640733645,0.38402937866495696,-0.49103880120069016
20.0,11.1,-0.6482275936632004,-0.4758211800788989,-0.6174795630452572,-0.4843395279137392,0.3491483984799075,-0.4811289912162422,0.3795578741944718,-0.489959501485679
20.0,11.12,-0.6524306735419059,-0.4744932353737082,-0.6219663223033489,-0.48323011216502854,0.3449475952115368,-0.47978742390416834,0.37507221086982917,-0.48883280447876226
20.0,11.14,-0.6566414806855777,-0.4731218526930201,-0.6264670212798941,-0.48207295214173856,0.34073934608815903,-0.4784022706231346,0.3705728859496419,-0.48765812441659356
20.0,11.16,-0.6608595050838727,-0.471706611165491,-0.6309811900447878,-0.48086736454703494,0.3365241248644255,-0.4769731327540452,0.36606043442309566,-0.4864348737809299
20.0,11.18,-0.6650842500864769,-0.470247109647984,-0.635508275731487,-0.4796127876799501,0.3323024613961322,-0.4754995927094847,0.36153541642019676,-0.4851624656826497
20.0,11.2,-0.6693151868712587,-0.4687429342726417,-0.6400476980371023,-0.47830865173934384,0.32807487948274505,-0.4739812511086144,0.3569983799164312,-0.48384031720325343
20.0,11.22,-0.6735517924626416,-0.46719368578157067,-0.6445988708883736,-0.47695439569767334,0.32384190203359614,-0.47241771575690655,0.35244992460366226,-0.4824678468422983
20.0,11.24,-0.6777935267881103,-0.4655989634531668,-0.6491611951581708,-0.4755494620053773,0.31960409205420626,-0.4708085907209222,0.3478906394399712,-0.4810444792383155
20.0,11.26,-0.6820398324164484,-0.4639583653794939,-0.6537341187643237,-0.4740931663768326,0.3153620041298103,-0.46915349490561004,0.3433211405987157,-0.47956966128597395
20.0,11.28,-0.6862901501008098,-0.46227149939799794,-0.6583169401086638,-0.47258507709418696,0.3111162097619217,-0.46745204597750917,0.33874206906725646,-0.47804280677034894
20.0,11.3,-0.690543919011844,-0.4605379831896974,-0.662909087118223,-0.4710245221737719,0.3068672896475517,-0.4657038670668811,0.33415406063862924,-0.4764633783255861
20.0,11.32,-0.6948004569106301,-0.45875753922885715,-0.6675098013330262,-0.4694110587146884,0.30261584466158414,-0.46390860378874116,0.3295578056767214,-0.47483081314243775
20.0,11.34,-0.6990592643925698,-0.45692967517004557,-0.6721184901674495,-0.46774402824027295,0.2983624911491065,-0.46206588261111287,0.32495396742681737,-0.47314456645377795
20.0,11.36,-0.7033195688862334,-0.4550542532878681,-0.6767344571024116,-0.4660228869970466,0.2941078352002181,-0.46017535980570984,0.3203432636495349,-0.47140410492134155
20.0,11.38,-0.7075809313546226,-0.45313066898605914,-0.6813569106788177,-0.4642472157140851,0.2898525213417494,-0.4582366909297925,0.3157264158369814,-0.4696088875285509
20.0,11.4,-0.7118426317611188,-0.45115866911695957,-0.6859851923850695,-0.46241635411489407,0.28559719049744176,-0.4562495370800728,0.31110416405543984,-0.4677584050655293
20.0,11.42,-0.7161039578548366,-0.44913801987547197,-0.6906184831920832,-0.4605298967131786,0.28134249076197687,-0.4542135815306226,0.30647726208820636,-0.46585213799381503
20.0,11.44,-0.7203643535241965,-0.44706825018120433,-0.6952561034966632,-0.45858719977769646,0.2770891075926077,-0.45212849056044474,0.3018464845243185,-0.4638895853077515
20.0,11.46,-0.7246230021300167,-0.44494926131894835,-0.699897110997805,-0.4565879844424007,0.2728377026403883,-0.4499939747090404,0.2972126168352023,-0.46187025000360143
20.0,11.48,-0.728879389371777,-0.4427804582449996,-0.7045408853511862,-0.4545315042400587,0.2685889805294378,-0.4478097204480888,0.2925764940240196,-0.45979364673397743
20.0,11.5,-0.7331326974860322,-0.440561768742898,-0.7091864490019278,-0.45241749315169555,0.26434363582486375,-0.44557544588048337,0.287938924253644,-0.4576593079418228
20.0,11.52,-0.7373822215565484,-0.4382928557698126,-0.7138330649344823,-0.4502453363267609,0.26010238953590803,-0.4432908730170621,0.28330076308208757,-0.4554667759675705
20.0,11.54,-0.7416272047323075,-0.4359735392500434,-0.7184798157979153,-0.44801466952874325,0.2558659601786534,-0.4409557330963348,0.2786628700678819,-0.45321558908222664
20.0,11.56,-0.7458670925054626,-0.43360324880017664,-0.7231258492546507,-0.445725014217104,0.25163509652122945,-0.4385697698155156,0.2740261357040436,-0.4509053253625172
20.0,11.58,-0.7501009412482644,-0.43118207039475814,-0.7277702129111172,-0.44337602277467625,0.24741053828613335,-0.43613274351969705,0.26939144991012764,-0.448535552376413
20.0,11.6,-0.7543280274663743,-0.42870971181998696,-0.7324120955060007,-0.44096710463379457,0.24319304485059762,-0.43364441017190347,0.26475973632287375,-0.44610586636071603
20.0,11.62,-0.7585476927504933,-0.42618575660110447,-0.7370505335870899,-0.4384979431899818,0.23898339727079723,-0.43110456206619785,0.26013192928871026,-0.4436158732805127
20.0,11.64,-0.7627590458557618,-0.4236101930612616,-0.7416845258890052,-0.43596821997494856,0.23478235578400938,-0.42851298768599116,0.25550898569081054,-0.44106519183556403
20.0,11.66,-0.7669614104096918,-0.42098262240770534,-0.746313159886621,-0.4333775151275709,0.2305907306223977,-0.4258694934536128,0.25089185973070677,-0.4384534642414558
20.0,11.68,-0.7711538801053358,-0.41830305550318125,-0.7509353909356574,-0.43072552572056605,0.2264093081740649,-0.4231738950539189,0.24628155574201469,-0.4357803421494182
20.0,11.7,-0.7753356884946022,-0.41557124745384905,-0.7555502884730677,-0.42801186139103575,0.22223891513400965,-0.42042602937600476,0.24167906087715652,-0.4330454950660985
20.0,11.72,-0.7795059792858134,-0.41278709391822255,-0.760156864893039,-0.4252361185596289,0.21808035624570254,-0.4176257461406136,0.237085395969475,-0.43024861131057446
20.0,11.74,-0.7836640594074658,-0.4099502436818842,-0.7647539884990895,-0.42239818258884076,0.21393446971122942,-0.41477290600475625,0.2325015979962508,-0.4273894044628341
20.0,11.76,-0.7878088960358133,-0.40706087863738166,-0.76934072870554,-0.4194975499778342,0.20980209323064394,-0.41186738868825357,0.22792872511581938,-0.4244675885027655
20.0,11.78,-0.7919397811124195,-0.4041186700612867,-0.7739158750922156,-0.4165342815903357,0.20568408170469277,-0.4089090746564418,0.22336782140369552,-0.4214829199156525
20.0,11.8,-0.7960558327521103,-0.40112356208606703,-0.778478526603386,-0.41350775754581526,0.2015812769912911,-0.4058978929145481,0.21881999171978211,-0.41843516081357784
20.0,11.82,-0.8001561628706825,-0.39807551216334436,-0.7830274420334304,-0.4104180677192105,0.19749456100562293,-0.40283374976751013,0.21428631844256832,-0.41532410252503743
20.0,11.84,-0.8042398848026094,-0.394974494904872,-0.7875615689977815,-0.4072649034701394,0.19342479246836913,-0.39971659889481875,0.209767907329325,-0.41214954573643175
20.0,11.86,-0.8083061718535989,-0.3918203560992424,-0.792079851269,-0.40404797516056473,0.18937286681161228,-0.39654638585044777,0.20526588364981813,-0.4089113310354746
20.0,11.88,-0.8123541227418442,-0.38861309478152467,-0.7965810636234715,-0.40076727748776264,0.18533965600489602,-0.39332310337645676,0.20078139989759688,-0.4056093034350475
20.0,11.9,-0.8163828318573589,-0.38535272446860663,-0.801064064207786,-0.3974226978114514,0.18132607053557484,-0.39004672577154653,0.1963155805162563,-0.402243345179882
20.0,11.92,-0.8203913876284542,-0.3820392724484136,-0.805527757345698,-0.394013994871449,0.17733299956435009,-0.3867172799203186,0.1918696081890777,-0.39881335502933957
20.0,11.94,-0.8243789426239461,-0.3786726378455783,-0.8099709709097268,-0.3905410863486268,0.17336135673217928,-0.38333478342655763,0.18744463865375813,-0.39531925518956973
20.0,11.96,-0.8283445096309013,-0.375253019842313,-0.814392455022868,-0.3870040507903446,0.16941205742045184,-0.37989928664117134,0.1830418758181812,-0.3917610054915024
20.0,11.98,-0.83228723216901,-0.3717803459083868,-0.818791089075989,-0.3834027044090742,0.1654860204785892,-0.37641085946653713,0.1786624965069366,-0.38813857227984994
20.0,12.0,-0.8362061187737196,-0.3682548475424345,-0.8231655425476777,-0.37973731116560777,0.1615841637881193,-0.37286958213606725,0.17430772571750153,-0.3844519654475931
20.0,12.02,-0.8401003049682803,-0.36467648119662066,-0.827514810958308,-0.37600743952456545,0.15770741966178153,-0.36927556377321713,0.1699787653923662,-0.38070121201911983
20.0,12.04,-0.8439687962199989,-0.36104551123905554,-0.831837487235408,-0.3722135416668437,0.15385672456149255,-0.36562892098374145,0.1656768406869505,-0.3768863687580189
20.0,12.06,-0.8478107231012266,-0.3573619245242992,-0.8361324201051311,-0.36835551491704427,0.15003300053918464,-0.3619298059526349,0.1614031951411396,-0.37300751552326217
20.0,12.08,-0.851625086318552,-0.35362601755041695,-0.8403983242652012,-0.36443356921256626,0.14623720388875378,-0.35817838096794924,0.15715905146046652,-0.3690647744138941
20.0,12.1,-0.8554110136325659,-0.3498378085097981,-0.8446339754446883,-0.3604477921105403,0.14247026714324998,-0.35437482420502026,0.1529456750257132,-0.36505827966282695
20.0,12.12,-0.8591675071416588,-0.3459976285331215,-0.8488382064456576,-0.3563981448952848,0.13873313794092412,-0.35051935306217763,0.14876430123301046,-0.3609882070738936
20.0,12.14,-0.8628936891070654,-0.3421055259642511,-0.8530096580385731,-0.3522850547052568,0.13502675452510363,-0.3466121831991662,0.14461620359556784,-0.35685475857066856
20.0,12.16,-0.8665885043418509,-0.3381620177836187,-0.8571470362071849,-0.3481088284710376,0.13135206824738677,-0.3426535687011349,0.14050263161762874,-0.3526581584586327
20.0,12.18,-0.8702511362180448,-0.33416703491587046,-0.8612492252516676,-0.34386934716277545,0.1277100248674641,-0.3386437744828007,0.13642485673095106,-0.3483986778131154
20.0,12.2,-0.8738805321075539,-0.33012112970394614,-0.8653148069231914,-0.33956726510319996,0.12410157571592444,-0.3345830888488542,0.13238415025262376,-0.3440766015664821
20.0,12.22,-0.8774757612622898,-0.3260245705199279,-0.8693426033124946,-0.3352026610949965,0.1205276532978761,-0.33047183120147516,0.12838178519244267,-0.33969225322606866
20.0,12.24,-0.8810358957661338,-0.3218776429989055,-0.8733312620944605,-0.3307760929988334,0.11698922021921612,-0.3263103247810288,0.12441901998422789,-0.3352459896172998
20.0,12.26,-0.8845600622787385,-0.317680494209708,-0.8772796043646421,-0.3262876872891334,0.11348720206332436,-0.32209893033425424,0.12049713863405956,-0.33073820240041185
20.0,12.28,-0.8880471712347133,-0.31343390685191486,-0.8811862825430126,-0.3217380539125803,0.11002254904230305,-0.31783802024811486,0.1166174042482182,-0.32616930488633317
20.0,12.3,-0.8914964146838936,-0.30913790988898265,-0.8850501250114172,-0.31712736971737804,0.10659620382991396,-0.3135280000385016,0.11278109623004791,-0.3215397460594989
20.0,12.32,-0.8949068223770218,-0.30479301300979933,-0.8888697378249948,-0.31245645250888543,0.1032090868425197,-0.30916928306003183,0.10898946734290896,-0.3168500193387913
20.0,12.34,-0.8982774307462346,-0.30039974526176083,-0.8926439026949273,-0.30772568567048925,0.09986213543458097,-0.3047623170848622,0.1052437909280957,-0.3121006371988994
20.0,12.36,-0.901607285427242,-0.2959586556631829,-0.8963714057030174,-0.30293547717137503,0.09655627795034902,-0.30030756521487506,0.10154531997309524,-0.3072921432028495
20.0,12.38,-0.9048955922730777,-0.2914698385976987,-0.9000509317497872,-0.29808657308405795,0.09329243123880915,-0.29580553483608746,0.09789530456434127,-0.30242512848964376
20.0,12.4,-0.9081413063344715,-0.286934193558565,-0.9036812824926714,-0.29317943445124495,0.0900714960352064,-0.29125667290883855,0.09429500173425774,-0.29750021279545763
20.0,12.42,-0.9113435945410673,-0.2823520073573541,-0.9072611631135499,-0.28821486286459286,0.08689439756164141,-0.28666158851365625,0.09074562467414302,-0.2925179967111697
20.0,12.44,-0.9145015314262286,-0.2777239011369364,-0.910789394571284,-0.28319337243907167,0.08376202832265078,-0.2820207825082858,0.08724842935250106,-0.2874792478132266
20.0,12.46,-0.917614201859952,-0.2730505151591629,-0.9142647536424339,-0.27811566022782697,0.08067527023906795,-0.2773348433500533,0.08380461877435917,-0.2823846178946184
20.0,12.48,-0.920680749401223,-0.2683323482610097,-0.9176859853182804,-0.2729826114414781,0.07763503608046991,-0.27260441317974377,0.08041540756647454,-0.27723485309241663
20.0,12.5,-0.923700279549624,-0.2635700771448271,-0.9210518941443909,-0.26779497843567995,0.07464216170250126,-0.26783003463519006,0.07708198325713515,-0.27203075982825947
20.0,12.52,-0.9266719525085286,-0.25876423480087857,-0.9243613478081707,-0.26255337974495907,0.07169752877248176,-0.26301237850095377,0.0738055483620398,-0.2667731553205646
20.0,12.54,-0.9295948971592849,-0.25391553405651984,-0.9276131342946333,-0.2572587814301788,0.06880199070360851,-0.2581521163875487,0.07058725016413424,-0.2614628584827238
20.0,12.56,-0.9324682527918903,-0.24902470537999025,-0.9308060608005192,-0.25191217790459386,0.06595638917685816,-0.25324994317282856,0.06742825123306632,-0.256100743788829
20.0,12.58,-0.9352912175017087,-0.24409233487954354,-0.9339390846572126,-0.2465141028288004,0.06316155414162118,-0.2483065427178466,0.06432968467458856,-0.25068772958742963
20.0,12.6,-0.9380629554689769,-0.2391191876332424,-0.937010960021773,-0.24106592811538022,0.060418298261437,-0.24332262208056296,0.061292683514171144,-0.24522478410356857
20.0,12.62,-0.9407826479403864,-0.23410604711276134,-0.9400206799640708,-0.2355682380044011,0.05772743502769041,-0.23829896802785797,0.05831833823221405,-0.23971283643331961
20.0,12.64,-0.9434494915332203,-0.22905371431095958,-0.9429670875950271,-0.23002229556465384,0.055089744876104296,-0.2332363129744709,0.05540774027758596,-0.2341529146701445
20.0,12.66,-0.9460627355839818,-0.22396284180689172,-0.945849168090917,-0.2244288965283203,0.052506013272738475,-0.2281354560491158,0.05256194560414838,-0.22854603936754087
20.0,12.68,-0.9486216060556917,-0.2188342634185342,-0.9486658132347375,-0.21878935658114762,0.049976999034753514,-0.22299722577588826,0.04978199292367857,-0.22289326360026532
20.0,12.7,-0.9511253444425207,-0.2136688293600723,-0.9514160524305587,-0.21310452007912972,0.04750345300589277,-0.2178224155900511,0.04706891595675574,-0.21719571743563768
20.0,12.72,-0.9535732114671008,-0.20846740665667016,-0.9540988640747498,-0.20737558647906532,0.04508609132965067,-0.21261184717143686,0.0444236907856313,-0.2114544652641799
20.0,12.74,-0.9559645185867133,-0.20323071095446146,-0.9567132521950374,-0.20160377956555434,0.04272564211513249,-0.20736644096574333,0.0418472975613549,-0.20567069657311848
20.0,12.76,-0.9582985234259531,-0.1979598066332248,-0.9592582824008261,-0.19579017967669823,0.04042279866105245,-0.20208705916759456,0.03934068711864065,-0.19984558177575507
20.0,12.78,-0.9605745749877406,-0.19265544009434088,-0.9617330465119122,-0.1899358892036258,0.03817823169463722,-0.19677455885468298,0.03690476911103534,-0.1939803032762063
20.0,12.8,-0.9627919718165507,-0.18731870707153275,-0.9641366299418012,-0.18404220005507588,0.035992612585323,-0.19142991371946028,0.034540441458802675,-0.1880761146854017
20.0,12.82,-0.9649501282457955,-0.1819502136118142,-0.9664681141213212,-0.1781105944949172,0.033866572048496316,-0.18605400548075776,0.032248567071745816,-0.18213424609418863
20.0,12.84,-0.9670483505263614,-0.17655125262690913,-0.9687267403314006,-0.1721419025029653,0.03180074041207812,-0.1806478360162713,0.030029986605505266,-0.1761560132740115
20.0,12.86,-0.9690860938791738,-0.17112245741484525,-0.9709116206796999,-0.16613781690087104,0.029795714216730135,-0.1752123141507392,0.027885499631411372,-0.1701426777032694
20.0,12.88,-0.9710627370438872,-0.16566497967674437,-0.9730220230261906,-0.16009937497275128,0.027852072094436152,-0.1697484520961023,0.025815877980056197,-0.16409557803323485
20.0,12.9,-0.9729776852011266,-0.1601799856626107,-0.9750571556004446,-0.1540281404045178,0.02597038587802638,-0.16425725527053067,0.023821872640986688,-0.15801607121454037
20.0,12.92,-0.9748304502262163,-0.1546681449607255,-0.9770163203443066,-0.14792535656392905,0.02415118064533875,-0.158739701416251,0.021904187998783426,-0.1519055035722484
20.0,12.94,-0.9766204803876242,-0.1491306479334916,-0.978898845337797,-0.14179228266304372,0.02239498459585574,-0.1531968296581212,0.02006350828797711,-0.14576529218976012
20.0,12.96,-0.9783472736682355,-0.1435685267027681,-0.9807040449865569,-0.1356305364797937,0.020702284978194395,-0.14762966653222342,0.018300475520164016,-0.13959681904245314
20.0,12.98,-0.980010377614145,-0.13798265375518076,-0.9824313173584934,-0.12944141011080396,0.019073558625719512,-0.1420392799150364,0.01661570057053065,-0.1334015280423211
20.0,13.0,-0.9816092876965351,-0.1323744246282776,-0.9840800713501678,-0.12322638163046497,0.017509253760164233,-0.13642671446568136,0.015009762512375303,-0.12718085372333277
20.0,13.02,-0.9831436199423521,-0.12674456080615232,-0.9856497518116696,-0.11698694351127374,0.016009798768050358,-0.1307930566378444,0.013483196899583853,-0.12093626110226839
20.0,13.04,-0.9846129423540885,-0.12109430659214854,-0.9871398605273461,-0.11072442957427293,0.014575592996938325,-0.12513936524940497,0.012036511948717105,-0.11466921239002982
20.0,13.06,-0.9860168512651971,-0.1154249163189871,-0.9885498956380692,-0.104440530324094,0.013207013599916263,-0.11946674400396953,0.010670171632499491,-0.10838119596235449
20.0,13.08,-0.9873550283797456,-0.10973713662613944,-0.9898794317024794,-0.09813660342578807,0.011904418636397816,-0.11377630108391222,0.009384610021821357,-0.1020737087758635
20.0,13.1,-0.9886271175903791,-0.10403223780842383,-0.9911280773170238,-0.09181401642700442,0.010668132910158331,-0.1080691373463144,0.008180219882364751,-0.09574826904744736
20.0,13.12,-0.9898328087306915,-0.09831132560952133,-0.992295430289037,-0.08547466545528873,0.009498462714025411,-0.10234636863268073,0.00705735872514718,-0.08940640583486265
20.0,13.14,-0.9909718161674627,-0.092575512460714,-0.9933812051042162,-0.07911959021307462,0.008395687337359955,-0.0966091279725322,0.006016342446426837,-0.08304962999874002
20.0,13.16,-0.9920438647261544,-0.08682609014739166,-0.9943850661025263,-0.0727508774305306,0.007360061820719328,-0.09085853924356084,0.00505745175415995,-0.07667950030561663
20.0,13.18,-0.9930487505533855,-0.08106383674373258,-0.9953067996968578,-0.06636958052559898,0.00639181100114323,-0.0850957462261801,0.004180926685305186,-0.07029754410583074
20.0,13.2,-0.9939862346300415,-0.07529022789236155,-0.9961461763528868,-0.059977452372506616,0.005491141612759481,-0.0793218916086119,0.0033869708811731665,-0.06390531684201074
20.0,13.22,-0.9948561480773392,-0.06950622405522766,-0.9969030202467627,-0.05357607743450197,0.00465822881563317,-0.07353811388867446,0.002675747221483347,-0.0575043834772914
20.0,13.24,-0.9956583211868332,-0.06371313644153796,-0.9975772034685941,-0.047166869993101136,0.0038932225348752257,-0.06774557451175447,0.0020473808234443163,-0.051096292953374436
20.0,13.26,-0.9963926342780967,-0.05791193222538507,-0.9981686191448562,-0.040751595256312854,0.00319624833824304,-0.06194541252479271,0.0015019552712256766,-0.04468260509602224
20.0,13.28,-0.9970589803664069,-0.052103754731946415,-0.9986772169296969,-0.03433167217673652,0.0025674060563340433,-0.056138797475053,0.0010395188102562622,-0.038264879640443505
20.0,13.3,-0.9976572701675323,-0.046289923480197906,-0.9991029768651222,-0.02790869465865079,0.0020067681090931632,-0.05032688057984452,0.0006600772041627005,-0.031844682451615265
20.0,13.32,-0.9981874514132096,-0.04047158562473406,-0.999445922611014,-0.021484082119256287,0.0015143800304578353,-0.044510814062360904,0.00036359930416408713,-0.02542357030845239
20.0,13.34,-0.998649503561117,-0.034649714832088056,-0.9997061078570442,-0.01505960168964425,0.0010902629559685047,-0.0386917614504023,0.00015001424264378033,-0.01900309406687132
20.0,13.36,-0.999043417948782,-0.028825633457859434,-0.9998836319006351,-0.008636844118737165,0.0007344117232648569,-0.03287087248263743,1.9213138806640536e-05,-0.012584807992761396
20.0,13.38,-0.9993692237548749,-0.023000314941736728,-0.9999786343472236,-0.0022170480118269345,0.00044679456204845653,-0.027049311313570103,-2.8951942710768468e-05,-0.006170257224898447
20.0,13.4,-0.9996269658654829,-0.01717508052375119,-0.9999911882411323,0.00419802811910802,0.00022735414445928024,-0.021228223126253446,5.332994735028459e-06,0.00023901919289135833
20.0,13.42,-0.9998167208753571,-0.011351075603422103,-0.9999218047606779,0.010606806899446118,7.600663374529184e-05,-0.015408760912668419,0.00012184415692323403,0.00664149081812309
20.0,13.44,-0.9999385909396242,-0.005529443453437364,-0.999770433379808,0.01700806341877894,-7.356137316813883e-06,-0.009592069620945423,0.0003203201127762751,0.013035634433046919
20.0,13.46,-0.999992703659142,0.00028884989167596547,-0.9995374659448731,0.023399883244290324,-2.2868980751025926e-05,-0.0037792907022572574,0.0006004623734559864,0.019419938391519502
20.0,13.48,-0.9999792110905423,0.0061023180831510015,-0.9992232215486385,0.029781057293199555,2.9308327351171453e-05,0.0020284402612119347,0.0009619354268885171,0.025792903476491123
20.0,13.5,-0.9998982881967582,0.011910351244414592,-0.9988280672042341,0.03614986180348067,0.00014899093508911432,0.007829992407204407,0.0014043682474426382,0.03215303588875691
20.0,13.52,-0.9997501413461272,0.017711296742890358,-0.9983523896039158,0.04250510570428042,0.00033596889653427864,0.013624241818204999,0.0019273534055977968,0.038498867345545765
20.0,13.54,-0.9995349933653929,0.023504379494251364,-0.9977966206696403,0.04884525947804356,0.0005900080015183596,0.019410070078593213,0.002530448029156407,0.04482892940791466
20.0,13.56,-0.9992530989605595,0.029288306415507843,-0.9971612385867824,0.05516863093306016,0.0009108496975544523,0.025186373346446175,0.003213174534393537,0.05114178227423006
20.0,13.58,-0.998904729022708,0.03506213935866786,-0.9964467300285548,0.06147406237348212,0.001298210678785934,0.03095204394324662,0.0039750228852786776,0.057435995982037816
20.0,13.6,-0.9984901888250202,0.0408245979638096,-0.9956536438814567,0.06775988687217674,0.0017517841777499373,0.036705997171078676,0.004815448612229109,0.06371015193203214
20.0,13.62,-0.9980097953257654,0.046574757655597966,-0.9947825296508834,0.07402497285859919,0.002271241511919474,0.04244714980008241,0.005733873435745633,0.06996286676555198
20.0,13.64,-0.9974638942292087,0.052311527055102114,-0.9938339909571433,0.08026785534715673,0.00285622761615747,0.04817442815956524,0.006729687953484314,0.07619276083763998
20.0,13.66,-0.9968528544983402,0.05803382288972002,-0.9928086651381367,0.08648708478531789,0.003506368236921293,0.053886774631075954,0.007802252727981773,0.08239848400862368
20.0,13.68,-0.9961770683567517,0.06374057051300781,-0.9917072069424074,0.09268140096658023,0.0042212635132148155,0.05958313655045177,0.008950897030371165,0.08857870405526679
20.0,13.7,-0.9954369504285785,0.06943070436590809,-0.9905303165838346,0.09884938697566155,0.005000496738695988,0.06526249072540018,0.010174920674066163,0.09473210931113567
20.0,13.72,-0.9946329249630088,0.07510334209607222,-0.9892786896602429,0.10498998888979211,0.005843622871748723,0.07092379315718163,0.011473591312161838,0.10085740198054974
20.0,13.74,-0.9937654622322162,0.08075726389838714,-0.9879530836302077,0.11110182449433405,0.006750181262052043,0.07656605262743511,0.012846155218745565,0.10695332236614562
20.0,13.76,-0.9928350281545613,0.08639160764823603,-0.9865542866194,0.11718353050999565,0.00771968882231705,0.08218826666001033,0.014291827233762709,0.11301863859767226
20.0,13.78,-0.9918421218916494,0.09200534836968673,-0.9850830950063962,0.12323393517244383,0.00875164217603583,0.08778944745226465,0.015809794131319038,0.11905212710109117
20.0,13.8,-0.9907872637773737,0.0975974724456803,-0.98354030792974,0.12925205759373204,0.00984551766949306,0.09336862481891794,0.01739922455206628,0.12505260733440765
20.0,13.82,-0.989670976548326,0.10316715074116967,-0.9819268154841708,0.13523642130814462,0.011000777069521963,0.0989248576592396,0.019059250105287574,0.13101888862616207
20.0,13.84,-0.9884938181362507,0.10871339294461166,-0.9802434656184139,0.14118608551656417,0.012216855540828494,0.10445720670712545,0.020788996833336546,0.13694986276326424
20.0,13.86,-0.9872563662659035,0.11423522125991874,-0.9784911765645341,0.14709978735243928,0.013493178188840356,0.10996475489115433,0.022587552088957706,0.14284440720488012
20.0,13.88,-0.985959196997297,0.11973184286093022,-0.9766708393378863,0.1529766271743159,0.014829146931007802,0.11544659303872652,0.024453987978208996,0.14870143148131437
20.0,13.9,-0.9846029451662773,0.12520213355425222,-0.974783445158144,0.15881521510501276,0.01622414727929077,0.12090182890097383,0.02638735814704606,0.1545198926639164
20.0,13.92,-0.9831881995723365,0.1306454985129951,-0.9728298703815788,0.16461503477695566,0.017677552039165486,0.12632959121042436,0.028386689445594162,0.16029874093732568
20.0,13.94,-0.9817156066788091,0.13606101211505173,-0.9708111785151062,0.1703745714528619,0.019188716788789438,0.13172903674084488,0.030451001899163693,0.16603701445588426
20.0,13.96,-0.9801858304899842,0.1414477629186245,-0.9687283080057323,0.17609318214089892,0.020756979469898684,0.137099330152191,0.03257929000673721,0.17173372432690315
20.0,13.98,-0.9785995524079788,0.14680485403027244,-0.9665823060396002,0.1817697382725581,0.022381665579735262,0.14243966010038575,0.03477052307321077,0.17738790814452676
20.0,14.0,-0.9769574168513937,0.15213174431680937,-0.9643741725915603,0.18740347195590135,0.02406208581537359,0.14774921820069964,0.0370236767026073,0.18299870584386946
20.0,14.02,-0.9752601595785787,0.15742739475265016,-0.9621049902915199,0.19299330175543694,0.02579753601276288,0.1530272284984373,0.03933769330098495,0.188565197458793
20.0,14.04,-0.9735084798894594,0.16269112277289438,-0.9597757905103144,0.19853850612900192,0.027587300003079768,0.15827294575553835,0.04171151037487287,0.19408656109722033
20.0,14.06,-0.971703085182213,0.1679222595620968,-0.9573876176168234,0.2040383860722763,0.029430648902088595,0.16348559821762665,0.04414404218884647,0.19956194651853806
20.0,14.08,-0.9698447290154512,0.17311998232206188,-0.9549415982474677,0.20949193122880727,0.03132684526467434,0.1686644886849551,0.04663420918716179,0.20499059042736584
20.0,14.1,-0.9679341450854974,0.17828365264734944,-0.9524388377049883,0.21489832301655729,0.033275134699277044,0.17380891259847,0.04918090185700363,0.2103717127517668
20.0,14.12,-0.9659721097392504,0.18341247842046549,-0.949880380532694,0.2202570994391697,0.035274752438798164,0.17891817664047152,0.05178302264620322,0.2157046326219351
20.0,14.14,-0.9639593451523901,0.18850602001379946,-0.9472673919782026,0.2255673228312037,0.03732493342718501,0.1839916285928596,0.054439438817186686,0.22098859404995652
20.0,14.16,-0.9618966507856237,0.1935635164449235,-0.9446009710037734,0.23082841131772816,0.03942489214285186,0.18902863338854142,0.05714903117876383,0.2262229690910514
20.0,14.18,-0.9597848336669287,0.19858422239585,-0.9418822228993321,0.23603980547992565,0.04157383945164858,0.1940285578829435,0.0599106552485974,0.23140707656286827
20.0,14.2,-0.9576246813280158,0.203567577290577,-0.9391123051947721,0.24120080555074822,0.04377097601624587,0.19899080070919103,0.06272318919145924,0.23654036795071412
20.0,14.22,-0.9554169846260617,0.20851303498126647,-0.9362923788573461,0.2463107348339909,0.04601549613236466,0.20391479150059666,0.06558547659408492,0.2416222334743638
20.0,14.24,-0.9531625100815106,0.21342023228164314,-0.9334235735795515,0.2513691051264132,0.04830658752618839,0.20879995361024667,0.06849637557197301,0.24665215525072393
20.0,14.26,-0.9508621747694722,0.21828815487313316,-0.9305070210724586,0.2563754501500098,0.05064342376521739,0.21364575233259986,0.07145471898140429,0.25162957265721686
20.0,14.28,-0.9485166822931694,0.22311680286331598,-0.9275438556713008,0.26132932573387846,0.053025196918559656,0.21845169817629922,0.0744593696073475,0.2565540277189838
20.0,14.3,-0.9461269689999953,0.22790519576785057,-0.9245352624572684,0.2662301489651133,0.05545104849179795,0.22321722078261175,0.0775091501214198,0.26142504724272914
20.0,14.32,-0.9436937842515336,0.23265319730806505,-0.9214823831790329,0.2710775215200643,0.05792016776923321,0.22794190861227948,0.08060292824801531,0.2662422343990537
20.0,14.34,-0.9412179582404944,0.23736035468264563,-0.9183864110009701,0.27587090726411073,0.06043169740632075,0.23262526934309025,0.08373953616000923,0.2710051897782911
20.0,14.36,-0.9387004121159783,0.24202590337321103,-0.9152483950834863,0.2806102729066222,0.06298480248375124,0.23726685634152353,0.08691780449388868,0.27571349465868306
20.0,14.38,-0.9361419472279866,0.24664958774492557,-0.9120695763455939,0.28529496527642506,0.06557863757137755,0.24186626752736384,0.0901366041746206,0.28036687219959905
20.0,14.4,-0.9335433663753568,0.2512311661212852,-0.908851101877747,0.28992467465142474,0.06821234558406605,0.24642310908838594,0.0933947547630906,0.28496494372033065
20.0,14.42,-0.930905559612609,0.2557700848895727,-0.9055940656269243,0.29449927034230344,0.07088509024819631,0.25093701138737584,0.09669112812726921,0.2895074852942517
20.0,14.44,-0.9282293798873722,0.2602659702439717,-0.9022996094597354,0.2990184830020008,0.07359600167289702,0.25540758041615974,0.10002457514896106,0.2939942124141406
20.0,14.46,-0.925515683873573,0.26471846406488664,-0.8989689256995657,0.3034819069399329,0.07634423128738174,0.2598344769561324,0.10339395120810074,0.29842489175340936
20.0,14.48,-0.9227652804249308,0.2691273837172074,-0.8956031004006697,0.3078894721390807,0.0791289249063253,0.26421740088523804,0.1067981125526544,0.302799294812153
20.0,14.5,-0.9199790739437685,0.2734922390553611,-0.8922033201552223,0.3122408142344248,0.08194923021884629,0.2685560654145599,0.11023594086829445,0.3071172818976244
20.0,14.52,-0.9171578777301781,0.2778128775554493,-0.8887706082371631,0.3165360575904313,0.08480429037755872,0.27285014051121975,0.11370630990960766,0.3113786868845521
20.0,14.54,-0.9143025496160392,0.282088999331279,-0.8853061427787887,0.3207748768226116,0.08769325805518258,0.2770994314572088,0.11720810040877139,0.3155833755607898
20.0,14.56,-0.9114139497133805,0.28632031984820183,-0.881811044815695,0.3249571226442256,0.09061527004767386,0.28130362796833785,0.12074020934268097,0.31973125120257134
20.0,14.58,-0.9084928883565381,0.2905067281055755,-0.8782863732063942,0.3290828182457782,0.09356948270869186,0.2854625161816355,0.12430153499917745,0.3238222286456625
20.0,14.6,-0.9055402743915136,0.29464780916632183,-0.8747332360246687,0.33315185022189886,0.09655505474658349,0.28957593761511735,0.12789097931315951,0.3278562567727896
20.0,14.62,-0.9025569156684788,0.29874347997318557,-0.8711527350014614,0.3371641234150944,0.09957113497759898,0.2936436674786336,0.13150746692285417,0.3318332981577717
20.0,14.64,-0.8995436691195544,0.3027935127086983,-0.8675459066841249,0.3411197124436185,0.10261686961293161,0.2976655048037987,0.13514991898351675,0.3357533439878099
20.0,14.66,-0.8965012834345119,0.3067980066917848,-0.8639137779418882,0.3450187070915984,0.10569143877283503,0.30164135964812266,0.13881727890637025,0.33961641028037354
20.0,14.68,-0.8934307183489648,0.3107564476601379,-0.8602574865650434,0.34886091129020597,0.10879399937802647,0.30557105050185124,0.14250849295881607,0.3434225209825311
20.0,14.7,-0.8903327696530755,0.31466880468637304,-0.8565780444813162,0.3526464484095698,0.11192371833649999,0.3094544683857648,0.14622251086034482,0.34717174311896026
20.0,14.72,-0.8872081770564522,0.3185352147727216,-0.8528764503288365,0.3563754548275877,0.11507977590206159,0.31329151587001686,0.14995831882632013,0.3508641453140225
20.0,14.74,-0.8840578385436094,0.3223553602283913,-0.8491536952272167,0.36004808201998023,0.11826134514648996,0.3170820995775528,0.1537148856395563,0.35449982004843233
20.0,14.76,-0.8808825955944845,0.32612909279409513,-0.845410884639612,0.3636641990943971,0.12146761449823879,0.3208261572243445,0.15749121460123347,0.35807888669991755
20.0,14.78,-0.8776831730589301,0.3298565843224674,-0.8416489249931695,0.3672241338835031,0.12469777184076777,0.3245236299174261,0.16128630356232265,0.3616014816309103
20.0,14.8,-0.8744604023195957,0.3335377093946636,-0.8378687749455044,0.370728078673375,0.1279510100443141,0.32817447641379394,0.16509917695939805,0.3650677457677023
20.0,14.82,-0.8712151119233504,0.3371723556082415,-0.8340715098107154,0.37417594588030917,0.13122653638048082,0.33177867904115815,0.16892886988692216,0.3684778542748507
20.0,14.84,-0.8679480678903342,0.34076057491945916,-0.8302580027188122,0.37756810103015503,0.13452355460922408,0.3353362303390119,0.17277442666967033,0.3718319957199849
20.0,14.86,-0.8646600305029912,0.3443024297156397,-0.8264292450828759,0.380904629990627,0.13784128453318456,0.3388471310840733,0.17663490899727327,0.3751303718092702
20.0,14.88,-0.861351872608916,0.347797690760232,-0.8225860822391327,0.38418591869643937,0.1411789429556524,0.3423114092606323,0.18050938287802978,0.3783732023586317
20.0,14.9,-0.8580242217028016,0.35124674289381647,-0.8187295495463776,0.38741193337085195,0.1445357665939564,0.3457290908727335,0.1843969471061745,0.3815607164662226
20.0,14.92,-0.8546779419514665,0.35464937948984593,-0.8148604016150102,0.39058322497123965,0.14791098252845047,0.34910022889616715,0.18829668742774444,0.38469317429458855
20.0,14.94,-0.8513137056326009,0.35800585278696695,-0.8109796499584848,0.39369978255355825,0.1513038443833912,0.3524248876564909,0.1922077346187139,0.3877708338581479
20.0,14.96,-0.847932365556188,0.3613159781492128,-0.807088090042162,0.39676203296700746,0.15471360149594204,0.35570313597380465,0.19612921847384357,0.39079397346598793
20.0,14.98,-0.8445345818008007,0.3645800271407731,-0.8031865731971514,0.39977027007689364,0.15813951538570103,0.3589350686302423,0.2000602723785517,0.3937628848479914
20.0,15.0,-0.841121133026287,0.36779798401904545,-0.7992759371098371,0.4027247964236785,0.16158085763940505,0.36212078324005226,0.20400006826937206,0.39667787353293865
20.0,15.02,-0.8376927248840955,0.37096998881994675,-0.7953570766149121,0.4056257840674008,0.1650369012370333,0.3652603939966651,0.2079477696966195,0.39953926713821747
20.0,15.025,-0.836833317747897,0.37175594176582394,-0.7943762215263125,0.4063426081346426,0.16590312542736385,0.36603810315431196,0.20893584346503466,0.4002462716052882
20.0,15.04,-0.8342499948834085,0.37409633756641814,-0.791430802690079,0.4084735534702982,0.16850692977945897,0.3683540181230486,0.21190258075304144,0.4023473740185575
20.0,15.06,-0.830793762337395,0.37717689435858764,-0.7874977790586649,0.41126871285615935,0.1719902479207933,0.3714017973687672,0.21586369181436993,0.40510254808022306
20.0,15.08,-0.8273247151281228,0.3802118269169355,-0.7835589290731342,0.41401131920267287,0.1754861578452528,0.37440387951923365,0.2198303412527082,0.4078051354528996
20.0,15.1,-0.8238433965871093,0.3832015969073041,-0.7796149553595711,0.4167018540154641,0.17899397252817345,0.3773604132048555,0.22380174354830895,0.41045550878893866
20.0,15.12,-0.8203506749654039,0.3861459526784594,-0.7756666208666639,0.41934066888428845,0.18251301162972966,0.38027157249354676,0.22777716330651174,0.41305401754044346
20.0,15.14,-0.816847077183273,0.3890453699797476,-0.7717146597719173,0.4219281136296306,0.18604260966747221,0.38313753940223605,0.23175585636477214,0.41560106559683996
20.0,15.16,-0.8133333242291743,0.3918999013111366,-0.7677598221060351,0.4244645601783733,0.18958211075964487,0.38595849192054316,0.23573711717887455,0.4180970267262273
20.0,15.18,-0.8098100583928057,0.39470974801485736,-0.7638027369766358,0.4269505016413723,0.19313085800599927,0.3887346331308375,0.2397202209011939,0.4205423106389826
20.0,15.2,-0.8062779176196013,0.3974751198898364,-0.759844197400189,0.4293861847818295,0.1966882173967428,0.39146617137595785,0.2437044998504278,0.4229373108956204
20.0,15.22,-0.8027375289299881,0.4001962318378293,-0.7558848102103681,0.4317721149761534,0.20025356586223958,0.3941533117145286,0.2476892619730185,0.42528244810401566
20.0,15.24,-0.7991895102943556,0.40287330455314113,-0.7519251873877603,0.43410881116289984,0.2038262741205556,0.3967962900666184,0.25167386447542267,0.42757814467227273
20.0,15.26,-0.7956344724630234,0.40550656525271017,-0.747966148351156,0.4363963991638141,0.20740574717830773,0.3993953332029013,0.25565765434022114,0.4298248236653947
20.0,15.28,-0.7920729440530486,0.40809638386826314,-0.7440081051184765,0.4386356554563086,0.2109913655738517,0.40195068009081325,0.2596400037419576,0.4320229183871566
20.0,15.3,-0.7885056696720443,0.41064272631510024,-0.7400518650290491,0.4408267231601252,0.21458255194150355,0.40446257412807074,0.26362029139698145,0.43417287453725756
20.0,15.32,-0.7849331474955052,0.4131459667811425,-0.7360978845362534,0.4429702500098899,0.2181787263788876,0.40693127847436206,0.2675979319116072,0.4362751300867538
20.0,15.34,-0.7813558930290171,0.41560649643200487,-0.7321468738341885,0.4450665203431601,0.22177930945072244,0.4093570483835803,0.2715723263350686,0.43833013587922726
20.0,15.36,-0.7777745316469716,0.4180244237610536,-0.7281992578241215,0.4471161819482678,0.22538376300082993,0.4117401551003675,0.27554291467580594,0.4403383561484884
20.0,15.38,-0.7741896367667817,0.42040001466571336,-0.7242557173082932,0.4491195230261521,0.2289915093352107,0.4140808728920478,0.27950914266707855,0.44230023075563085
20.0,15.4,-0.7706016738688548,0.42273366037103083,-0.7203168204306905,0.4510769492935499,0.2326020351235532,0.4163794816201889,0.2834704505521397,0.44421624352689737
20.0,15.42,-0.7670112569647032,0.4250254917012341,-0.7163829755666623,0.45298912588865176,0.23621479802338569,0.41863626660057185,0.28742633045982136,0.4460868416176173
20.0,15.44,-0.7634188452930494,0.4272759133728051,-0.7124548084015565,0.4548563382170465,0.2398292777239387,0.4208515260613936,0.2913762646192583,0.44791250841604546
20.0,15.46,-0.7598249642589372,0.42948519972789845,-0.7085326888858783,0.45667924390948633,0.2434449646937927,0.42302555020624544,0.2953197433060356,0.44969370698920025
20.0,15.48,-0.7562301233453391,0.4316536247344579,-0.7046173112120866,0.4584580172487874,0.2470613660677182,0.42515864806402665,0.29925629092423806,0.4514309196323385
20.0,15.5,-0.7526347492703686,0.4337815980669096,-0.700708944474487,0.4601934423316426,0.25067799112053024,0.4272511219165246,0.303185433962061,0.45312461545643634
20.0,15.52,-0.74903941238307,0.43586926962810696,-0.6968081752216869,0.4618858170469323,0.25429436181379605,0.4293032855065284,0.3071067013302768,0.45477528578056964
20.0,15.54,-0.7454446095960655,0.43791693103694196,-0.6929153959361333,0.46353567089543224,0.2579099989723147,0.4313154575512438,0.31101966435639045,0.45638340074616257
20.0,15.56,-0.7418506514136153,0.4399251216833189,-0.6890310128340535,0.46514354935372054,0.261524454574348,0.43328794751977456,0.31492388856167275,0.45794943977642816
20.0,15.58,-0.7382580957425213,0.44189400824654157,-0.685155560899198,0.46670974259497083,0.26513727218063454,0.4352210913458029,0.31881893987540394,0.45947390171763236
20.0,15.6,-0.7346674003284357,0.44382388165187303,-0.6812893457854621,0.46823491869867456,0.26874800744011923,0.4371152176276999,0.32270442108605885,0.4609572548844456
20.0,15.62,-0.7310789298760013,0.445715158708724,-0.677432794556356,0.469719484612246,0.27235624585374263,0.43897064166393224,0.326579945943197,0.46239998434824425
20.0,15.64,-0.727493144381598,0.4475681454126354,-0.673586259117054,0.4711639776357838,0.27596155056082494,0.44078771720453314,0.3304451073877772,0.46380258166703636
20.0,15.66,-0.7239104634043678,0.44938313039622657,-0.669750156424431,0.4725688119828523,0.27956351489669984,0.4425667679062213,0.3342995640988198,0.46516553026338125
20.0,15.68,-0.7203313249567721,0.4511604207437191,-0.6659248949737337,0.47393440359001626,0.2831617471691766,0.44430813019625104,0.33814294499260716,0.46648930740026806
20.0,15.7,-0.7167559772982601,0.4529005610845934,-0.6621107919065058,0.47526128553359503,0.28675584058290143,0.4460121573238018,0.3419749032568401,0.46777440918371954
20.0,15.72,-0.713184993711685,0.45460360626235763,-0.6583080643655184,0.47655009908390966,0.29034541913366013,0.4476791890165067,0.3457951008072086,0.4690213115714159
20.0,15.74,-0.7096186164735829,0.45627010893334163,-0.6545171698510023,0.47780113876908326,0.29393011057964896,0.44930955989853283,0.3496032233162084,0.470230490720249
20.0,15.76,-0.7060572307743032,0.45790036752301577,-0.6507384676809068,0.4790148109655091,0.29750954704288773,0.450903634902024,0.3533989553186216,0.47140244049515767
20.0,15.78,-0.7025012317228523,0.45949469333390636,-0.6469720729033293,0.4801918728153668,0.3010833722920967,0.45246175195277805,0.35718199208558277,0.47253763745829475
20.0,15.8,-0.698950991772596,0.4610533893845855,-0.6432184113761767,0.4813326144038403,0.30465124599601284,0.4539842622681853,0.3609520512040536,0.4736365560700911
20.0,15.82,-0.6954067156970682,0.46257700351336917,-0.6394778033013102,0.4824374296796465,0.308212825128022,0.4554715194864315,0.3647088598404831,0.4746996686510793
20.0,15.84,-0.6918689319510037,0.4640656029176982,-0.6357503378601067,0.48350706825903234,0.31176777836459385,0.45692388428989167,0.3684521292546787,0.47572746402041044
20.0,15.86,-0.6883378239278014,0.4655197315057697,-0.6320364953214797,0.48454170429687576,0.3153157909701254,0.4583416969848419,0.3721816121980715,0.4767204023680783
20.0,15.88,-0.6848137300637784,0.4669396909183849,-0.6283364040736511,0.48554195058017585,0.31885654678064596,0.45972531950241396,0.3758970656364138,0.477678969199261
20.0,15.9,-0.681296998615215,0.46832579519655737,-0.6246502835397207,0.4865083171461537,0.32238974463453984,0.4610751080464773,0.37959824509289736,0.47860361710189026
20.0,15.92,-0.6777877921212174,0.46967858580580224,-0.6209784161515396,0.48744119209765063,0.32591509802952867,0.4623914121640756,0.38328493020972054,0.47949481548410466
20.0,15.94,-0.674286586526707,0.47099812458390833,-0.6173209995375316,0.4883410769655606,0.32943230239187915,0.4636745968325252,0.38695688594711347,0.48035303607711494
20.0,15.96,-0.6707935474780623,0.47228496415076465,-0.6136782951887535,0.48920835237588006,0.3329410948978169,0.4649250074669963,0.390613908698234,0.481178742328832
20.0,15.98,-0.6673090500185089,0.4735392824118602,-0.6100504867628236,0.49004351656560496,0.3364411938009119,0.46614300393055086,0.3942558042132212,0.4819723785654188
20.0,16.0,-0.6638332390654019,0.474761624736388,-0.6064377367698951,0.4908470537896144,0.3399323462250208,0.46732894198677793,0.3978823798821599,0.482734412183384
20.0,16.02,-0.6603663954007782,0.47595228583573723,-0.6028402079285635,0.49161945114777766,0.3434142958343189,0.46848317947301216,0.4014934514281714,0.4834652906336115
20.0,16.04,-0.6569087264370338,0.4771116869621931,-0.5992581283112937,0.49236107697766623,0.3468867904175732,0.4696060700152275,0.4050888345648611,0.48416546587282355
20.0,16.06,-0.6534605927041499,0.4782400142844465,-0.5956917338680152,0.4930723105044079,0.35034959362347645,0.47069796181311574,0.4086683746065548,0.48483537844058683
20.0,16.08,-0.650022182895589,0.479337684080038,-0.5921409822797472,0.49375382915185506,0.35380247233983964,0.4717592146780199,0.4122319161995257,0.48547547246054135
20.0,16.1,-0.6465936796804682,0.4804051109534678,-0.5886062555971247,0.49440578866979723,0.35724519649739384,0.4727901828416287,0.41577930283346853,0.48608619555661003
20.0,16.12,-0.6431754204426192,0.48144247772452303,-0.5850875059199818,0.49502886537102214,0.3606775633840599,0.47379121279379993,0.4193103970127034,0.4866679712202343
20.0,16.14,-0.6397674014688823,0.48245041677930367,-0.5815850109980361,0.49562331008905736,0.3640993561478022,0.47476265681869617,0.4228250554424514,0.4872212385299011
20.0,16.16,-0.6363700338862215,0.4834289985155889,-0.5780988838339622,0.49618958853199724,0.367510368151994,0.47570487126237954,0.42632315423783007,0.4877464301189889
20.0,16.18,-0.6329834017086271,0.4843787515489066,-0.5746291249707676,0.4967282463134995,0.37091040665350417,0.476618186788392,0.4298045788387059,0.48824396031144107
20.0,16.2,-0.6296077156336842,0.4852999524965231,-0.571176002770857,0.49723953568148344,0.37429927640357336,0.47750297295244803,0.4332692163282946,0.4887142508348604
20.0,16.22,-0.6262432108839685,0.4861929005369175,-0.5677395070787773,0.49772399618854096,0.3776767994979921,0.47835956082324177,0.43671695514961106,0.489157730831047
20.0,16.24,-0.6228900256041838,0.48705799823225226,-0.5643197222139947,0.4981820745707595,0.3810427947769125,0.47918830242732213,0.4401477003251622,0.4895748025509292
20.0,16.26,-0.6195483706694224,0.4878955322348423,-0.5609168882973175,0.4986140069137928,0.3843971023629316,0.4799895331977122,0.4435613625561935,0.48996588058064466
20.0,16.28,-0.6162182747840825,0.4887059987564244,-0.5575310669100095,0.49902022520977746,0.3877395582612196,0.480763591351902,0.44695785640342783,0.4903313728066285
20.0,16.3,-0.6129001171034052,0.48948947275351695,-0.5541622339820138,0.49940126042951044,0.3910699900188866,0.4815108302257351,0.45033708947423184,0.49067166883833657
20.0,16.32,-0.609593831473791,0.490246554515513,-0.5508105220358911,0.4997574339360082,0.3943882539613948,0.4822315786080061,0.45369901194964546,0.49098717700765293
20.0,16.34,-0.6062997027165851,0.49097742534444544,-0.547475972052814,0.5000891614503187,0.39769420972376734,0.4829261603840984,0.45704353372342826,0.49127828564167636
20.0,16.36,-0.6030179050972658,0.4916823570342245,-0.5441586331221173,0.5003968666636899,0.40098772145642986,0.4835949305062743,0.4603705963850118,0.4915453901413089
20.0,16.38,-0.5997484508821113,0.4923618418419835,-0.5408587057917027,0.5006807636434407,0.40426863310213784,0.4842382111410125,0.46368015221767894,0.4917888698674423
20.0,16.4,-0.5964915055773741,0.49301614769973506,-0.5375760495474317,0.5009414542879986,0.407536844075497,0.4848563312632528,0.4669721519774718,0.49200910958841976
20.0,16.42,-0.5932471652045505,0.4936456628381991,-0.5343108567892474,0.5011791477722918,0.41079222051351205,0.485449605700116,0.4702465423832368,0.49220648002027206
20.0,16.44,-0.5900156664886699,0.49425054426475074,-0.5310631474120299,0.501394245357443,0.4140346369369473,0.4860183856571335,0.47350329043741674,0.4923813463477892
20.0,16.46,-0.5867969974076318,0.49483126947790645,-0.5278328436823733,0.5015872310270866,0.4172639940310925,0.48656297627920525,0.4767423544805747,0.4925341067151104
20.0,16.48,-0.5835914006886979,0.49538800553587936,-0.5246201327367603,0.5017583139696417,0.4204801815949203,0.48708369606399016,0.4799637057831242,0.4926650945596125
20.0,16.5,-0.5803988426323842,0.49592121379043635,-0.5214249233067999,0.50190796568214,0.4236830916352484,0.4875808754331072,0.48316732587465017,0.4927746789293197
20.0,16.52,-0.5772194785847391,0.4964311662976308,-0.5182473077368223,0.5020364824372888,0.42687264255239155,0.4880548157929972,0.4863531876150237,0.4928632280410646
20.0,16.54,-0.5740534402435657,0.49691811749484016,-0.5150872752838835,0.5021442374208209,0.43004871919395865,0.4885058410129357,0.4895212749272234,0.49293107807879694
20.0,16.56,-0.5709006889126113,0.49738252626528484,-0.5119448118960901,0.5022316001622471,0.4332112555429881,0.48893425471425156,0.4926715790720459,0.49297858097470787
20.0,16.58,-0.5677614359436874,0.4978245435224065,-0.5088199938181158,0.5022988535183406,0.4363601601719024,0.4893403754372844,0.49580408452881386,0.4930060731832692
20.0,16.6,-0.5646357288298947,0.49824453032679933,-0.5057128005359844,0.5023463613548144,0.4394953584834668,0.4897244989059126,0.49891879424672436,0.4930139182972893
20.0,16.62,-0.5615236789121131,0.4986427297273249,-0.5026232026568368,0.5023744780993703,0.44261677692283546,0.49008693174186846,0.5020157067357132,0.4930024153726311
20.0,16.64,-0.5584252267475225,0.49901958475888536,-0.4995512670989025,0.5023834789137348,0.44572434121409804,0.49042797251632336,0.5050948329038937,0.4929719189899125
20.0,16.66,-0.555340583523685,0.49937525417424017,-0.49649687089810535,0.5023737991999048,0.4488179914764487,0.4907479285144229,0.508156172791396,0.4929227476985788
20.0,16.68,-0.5522697574590313,0.4997100679679115,-0.49346015707383567,0.5023456160061218,0.45189766492959094,0.4910470794565188,0.5111997413275481,0.4928552266029956
20.0,16.7,-0.5492127727608466,0.5000243704963221,-0.49044099149149145,0.5022993522122439,0.45496331469407497,0.4913257325012198,0.5142255592784861,0.4927696612439169
20.0,16.72,-0.5461697250470737,0.5003183964040592,-0.4874394185042098,0.5022352606050927,0.4580148713846859,0.4915841634971957,0.5172336243819827,0.49266637901080723
20.0,16.74,-0.5431406260231406,0.5005924801119799,-0.4844554033876019,0.5021536885707693,0.46105230899715616,0.491822671002533,0.520223980683332,0.49254569235647766
20.0,16.76,-0.5401255655088734,0.5008468531044679,-0.48148888094433734,0.502054950982694,0.46407555264547207,0.4920415460477647,0.5231966508332188,0.4924078855996249
20.0,16.78,-0.537124636795122,0.5010817518170257,-0.4785398936140493,0.5019392987350435,0.4670845837994669,0.49224104717864275,0.5261516517899189,0.4922532820825596
20.0,16.8,-0.534137743067929,0.5012975867606349,-0.4756083882014222,0.5018070584250968,0.4700793631609726,0.49242147287854116,0.529089016209289,0.4920821610927641
20.0,16.82,-0.531164965894194,0.5014945837838927,-0.4726942983262853,0.5016585415271392,0.4730598464875175,0.4925830928711233,0.532008785651759,0.4918948374301233
20.0,16.84,-0.5282063903396133,0.5016729736555308,-0.46979764857525536,0.5014939797548044,0.47602601128771493,0.492726176072228,0.5349109875294055,0.4916915884946999
20.0,16.86,-0.5252619930532529,0.5018330606176877,-0.46691837924675456,0.5013136905702894,0.4789778342489055,0.49285100127744397,0.5377956713371403,0.491472687948799
20.0,16.88,-0.5223317663735477,0.5019751632927406,-0.4640564178242367,0.5011179763644411,0.48191528314518195,0.49295783187583503,0.5406628767887052,0.4912384280218131
20.0,16.9,-0.5194158692280062,0.5020994102808443,-0.46121169529523814,0.5009071418007188,0.4848383386200225,0.49304693843380365,0.5435126384156134,0.4909890896481771
20.0,16.92,-0.5165141773973506,0.5022061844015067,-0.45838422815345,0.5006814080575774,0.4877469774706245,0.49311858156870975,0.5463450126117464,0.4907249498252637
20.0,16.94,-0.5136268511748238,0.5022956176867192,-0.45557402041325307,0.5004409832919183,0.4906411978281504,0.4931730203135381,0.5491600460977378,0.4904462530385154
20.0,16.96,-0.5107537736178513,0.5023680991145179,-0.4527809102162554,0.5001862437450448,0.49352098795274757,0.4932104976741844,0.5519577918026862,0.490153294685779
20.0,16.98,-0.5078949950270083,0.5024238296359963,-0.45000490347400185,0.49991739743305863,0.49638632272818817,0.4932312892387915,0.554738303339582,0.48984631281999635
20.0,17.0,-0.5050504876178308,0.502463108970452,-0.4472459992076196,0.49963464514898814,0.4992372125488224,0.4932356314890846,0.557501621310666,0.48952557963452226
20.0,17.02,-0.5022202974722542,0.5024861346769535,-0.444503948751168,0.4993384362116289,0.5020736428583239,0.4932237820579428,0.5602478247198229,0.4891913434321672
20.0,17.04,-0.49940446872246164,0.5024931033524102,-0.44177891729030133,0.49902880421778073,0.5048956141928214,0.49319599082001053,0.5629769623962231,0.4888438544369775
20.0,17.06,-0.49660296730977016,0.502484308863136,-0.4390707250875172,0.49870609741254085,0.5077031390566886,0.4931524793464051,0.5656891041504755,0.4884833581442725
20.0,17.08,-0.4938157399786823,0.5024600247870066,-0.4363793753928352,0.4983705179774919,0.5104962161508889,0.49309350192396867,0.5683842956521409,0.48811010790418047
20.0,17.1,-0.4910428307655294,0.50242044764892,-0.43370468094637005,0.49802240082931987,0.5132748531087301,0.493019299022689,0.571062613838811,0.48772432677052646
20.0,17.12,-0.488284276137466,0.5023657672082172,-0.43104672419980866,0.4976618615263859,0.5160390458045074,0.4929300946377843,0.5737241157258621,0.4873262668240972
20.0,17.14,-0.48553993543089335,0.5022963417187364,-0.4284054073381516,0.49728915987681,0.5187888196471245,0.49282613595199853,0.5763688894433378,0.48691614945779893
20.0,17.16,-0.48280992372577136,0.5022122660407935,-0.4257806265589414,0.49690454672189444,0.5215241907382393,0.4927076387594715,0.5789969849527439,0.48649419275431893
20.0,17.18,-0.48009419022253425,0.5021138151003006,-0.42317228688229325,0.49650828113509093,0.5242451635409303,0.4925748373202293,0.5816084755120128,0.4860606466112512
20.0,17.2,-0.47739267686655995,0.5020012551480955,-0.4205803642690269,0.4961005284408328,0.5269517652421714,0.49242794798275513,0.584203436607912,0.4856157230937026
20.0,17.22,-0.47470540067996736,0.5018747551515841,-0.41800476159316186,0.495681542712335,0.5296440138149637,0.4922671907132208,0.5867819334839182,0.4851596379046288
20.0,17.24,-0.4720323060272046,0.5017345828121538,-0.4154453711162488,0.4952515634476949,0.5323219239653725,0.4920927949452394,0.5893440599280889,0.4846925908952102
20.0,17.26,-0.46937340697018853,0.5015809037227655,-0.41290225705180394,0.49481068291039315,0.5349855267064866,0.49190496607803247,0.591889865499008,0.4842148267135258
20.0,17.28,-0.46672863946653803,0.5014139755025478,-0.41037522813025634,0.49435921438015457,0.5376348409955191,0.4917039281599121,0.5944194484058032,0.4837265217786124
20.0,17.3,-0.46409802551934304,0.5012339719334998,-0.4078641693827834,0.493897383723918,0.540269895602197,0.491489875260189,0.5969328691562809,0.48322790311015046
20.0,17.32,-0.46148156966545384,0.5010410484992833,-0.40536914219330156,0.493425277975331,0.5428907280086738,0.4912630220300575,0.5994302265496515,0.48271915522980785
20.0,17.34,-0.4588791216025136,0.5008355429550652,-0.4028899531743953,0.4929432012518737,0.5454973681403162,0.4910235717212122,0.6019115916079011,0.48220048723787795
20.0,17.36,-0.4562907760879442,0.5006175322233178,-0.40042657122880126,0.49245130180435237,0.5480898420812047,0.4907717370287772,0.6043770257813597,0.4816720962677588
20.0,17.38,-0.45371645707002806,0.5003872581999986,-0.39797896903236946,0.49194973231418226,0.5506681765015877,0.49050770975138475,0.6068266407444035,0.4811341634337841
20.0,17.4,-0.45115608215445185,0.5001449542443958,-0.39554694225741455,0.4914387766227596,0.5532324237795491,0.49023168312505855,0.6092604978288035,0.480586894303096
20.0,17.42,-0.44860966553209924,0.49989078418178295,-0.39313046241508615,0.49091858239261726,0.5557826109856941,0.4899438580615038,0.6116786875206845,0.48003046165693747
20.0,17.44,-0.44607711741225964,0.4996249714534641,-0.3907294100763528,0.4903893586183233,0.5583187780955596,0.4896444256228533,0.6140812887283146,0.4794650421778117
20.0,17.46,-0.44355844455754145,0.49934767087464066,-0.38834383645188053,0.4898511758807345,0.5608409608470546,0.4893335863339474,0.6164683970380871,0.4788908387188759
20.0,17.48,-0.44105364744227543,0.49905903055116,-0.3859735399124718,0.48930431297246707,0.5633492054137497,0.48901149414081757,0.6188400860543386,0.4783079984207655
20.0,17.5,-0.43856264346166185,0.49875927992073416,-0.38361848498756407,0.4887489046527022,0.5658435537498928,0.4886783642859381,0.6211964434166312,0.4777167271818935
20.0,17.52,-0.4360853440304901,0.49844863998227623,-0.3812785459481376,0.4881851454557752,0.5683240495818142,0.4883343751939886,0.6235375569464046,0.4771171753455782
20.0,17.54,-0.43362174170057144,0.4981272476535011,-0.37895360128362615,0.4876132327862644,0.5707907339936052,0.48797969921819906,0.6258635083530919,0.47650951924667995
20.0,17.56,-0.43117175117463197,0.4977953256502759,-0.37664370360147464,0.48703323544252874,0.5732436518506594,0.4876145082397131,0.6281743994253336,0.4758939122268437
20.0,17.58,-0.42873545005969554,0.4974529329263504,-0.3743486410627264,0.48644540749734755,0.5756828565176815,0.4872389949006713,0.6304702948536703,0.4752705447604003
20.0,17.6,-0.42631266439543,0.49710036388340195,-0.37206837175591945,0.485849868869547,0.5781083871977643,0.4868533189282098,0.632751304118121,0.47463955134068553
20.0,17.62,-0.4239034699825901,0.49673767521144857,-0.369802861814068,0.485246749592676,0.5805203066010928,0.4864576563141371,0.6350175003693835,0.4740010872149484
20.0,17.64,-0.42150768650030296,0.4963651507938689,-0.36755189060660437,0.4846362845712879,0.5829186543502006,0.48605216004464624,0.6372689817658261,0.47335532291577154
20.0,17.66,-0.41912529671587767,0.4959829125381452,-0.36531551258490585,0.4840185411768841,0.5853034766126923,0.4856370197327901,0.6395058276497455,0.47270241147621683
20.0,17.68,-0.41675630191592494,0.4955911043106848,-0.3630935112077398,0.48339375508483606,0.5876748350683046,0.4852123827169979,0.6417281285272364,0.4720424936265133
20.0,17.7,-0.4144005920089004,0.4951899128621576,-0.36088592742768677,0.4827619744882424,0.5900327862343014,0.48477840581425974,0.6439359769349968,0.47137572548820195
20.0,17.72,-0.41205816198068923,0.4947794733300333,-0.35869255304680625,0.48212344148037845,0.5923773661973294,0.4843352602634344,0.6461294699191459,0.470702228623449
20.0,17.74,-0.4097289964318008,0.4943599085619141,-0.35651334013368285,0.4814782585456908,0.5947086380011463,0.48388310175566007,0.648308681800813,0.4700221738404252
20.0,17.76,-0.4074129068251155,0.49393148275007404,-0.35434833256752196,0.4808264764548504,0.5970266610503654,0.483422079683392,0.6504737068679567,0.4693356916220754
20.0,17.78,-0.40510995825153917,0.49349423820564964,-0.35219722592356884,0.4801683757804688,0.5993314894163853,0.482952353163362,0.6526246420137358,0.4686429111493546
20.0,17.8,-0.40281996603004305,0.4930484402866931,-0.3500599841971357,0.4795040704954446,0.6016231748368581,0.4824740591035967,0.6547615709975366,0.46794396632990976
20.0,17.82,-0.40054308461251853,0.4925940649942477,-0.34793664241255745,0.4788335963192482,0.6039017857798066,0.48198734477232974,0.6568845876310085,0.4672389953065405
20.0,17.84,-0.39827903768794565,0.49213143822774097,-0.3458270679907177,0.47815711026805624,0.6061673615292291,0.48149238282978424,0.6589937725524396,0.46652814116326835
20.0,17.86,-0.3960278879580222,0.4916605981784609,-0.34373104922885905,0.47747483248242883,0.6084199793147854,0.4809892869741207,0.6610892332673287,0.46581151134697235
20.0,17.88,-0.393789620611612,0.4911816638493117,-0.34164862472464097,0.4767868003942467,0.6106596784610383,0.48047820688922915,0.6631710399556725,0.4650892358465761
20.0,17.9,-0.39156403530560496,0.490694873130003,-0.3395796582991996,0.47609315957130965,0.6128865388950575,0.47995928695966567,0.6652392884459895,0.46436144275424085
20.0,17.92,-0.3893511165418961,0.49020034106364546,-0.3375240258253922,0.4753940697386496,0.6151006054523873,0.4794326755959051,0.6672940769048429,0.46362825896103294
20.0,17.94,-0.3871509246903221,0.48969810302826855,-0.3354816745639422,0.4746896133426126,0.6173019435645215,0.4788984828489453,0.6693354903946556,0.46288979948838715
20.0,17.96,-0.3849632631531209,0.4891883967235606,-0.33345256322176475,0.47397988841063504,0.6194906102698629,0.4783568612428052,0.6713636083395466,0.4621461728847103
20.0,17.98,-0.382788114974265,0.48867133366272997,-0.33143655229712254,0.473265028139027,0.6216666831455235,0.47780792466480954,0.6733785434456342,0.46139749075587744
20.0,18.0,-0.380625445020969,0.4881470020755078,-0.3294335966763718,0.47254512240300284,0.623830201704027,0.4772518240260694,0.6753803551033691,0.4606438945711733
20.0,18.02,-0.378475150243502,0.48761557799812455,-0.32744348254517236,0.47182036911755887,0.6259812328832736,0.4766886770422953,0.6773691607375245,0.45988545943759956
20.0,18.04,-0.3763371993506268,0.4870771526668966,-0.32546624363392357,0.4710907922333801,0.628119853177439,0.4761186060237338,0.6793450395324585,0.45912231814722787
20.0,18.06,-0.37421148443319296,0.4865318931206832,-0.3235018309464332,0.47035647277590104,0.630246110366395,0.4755417434040321,0.6813080730491952,0.45835456824238957
20.0,18.08,-0.37209798227981744,0.48597989921888035,-0.32154994947419047,0.4696176593664621,0.6323600710662486,0.47495819895221675,0.683258360334075,0.4575823166761263
20.0,18.1,-0.369996656408662,0.48542125330837194,-0.31961071113991396,0.46887431149110015,0.6344618103757814,0.474368103533185,0.6851959785914785,0.4568056706401277
20.0,18.12,-0.3679073939919967,0.4848561124448551,-0.3176839853608601,0.46812656237019606,0.6365513681736336,0.473771576483282,0.6871210226550057,0.4560247295825244
20.0,18.14,-0.365830175167467,0.48428457881901343,-0.31576964561224546,0.4673745485282388,0.6386288331676965,0.4731687194642662,0.689033581195884,0.4552395865329342
20.0,18.16,-0.36376487834072163,0.48370679507985903,-0.313867632702468,0.4666183281353758,0.6406942558342262,0.4725596723176459,0.6909337445440483,0.4544503333754667
20.0,18.18,-0.3617114748053256,0.4831228497897024,-0.31197782426876824,0.46585804002821596,0.6427476987469761,0.47194452984832225,0.6928215968062909,0.45365709025195106
20.0,18.2,-0.3596699396488342,0.4825328363808654,-0.3101000803765139,0.46509379418835833,0.6447892411740357,0.4713233968120218,0.6946972236183591,0.4528599243612056
20.0,18.22,-0.3576400669449438,0.4819369557693556,-0.3082344416371318,0.464325617851241,0.6468189323044631,0.47069640544521596,0.6965607202581545,0.4520589416151379
20.0,18.24,-0.355621999778734,0.4813351737809266,-0.30638085287170064,0.4635535709344855,0.648836832294807,0.4700636593991114,0.6984121676337208,0.4512542364675039
20.0,18.26,-0.35361553215412267,0.48072768862710175,-0.30453902020290796,0.46277787753549676,0.6508430270090435,0.46942524422098464,0.7002516401105924,0.4504458971877221
20.0,18.28,-0.3516206385302888,0.4801145889573714,-0.30270905457795927,0.46199849312024616,0.6528375638782016,0.46878128453079004,0.7020792453307965,0.44963399692613976
20.0,18.3,-0.3496371972069323,0.4794960072049558,-0.3008907508262664,0.46121559578095367,0.6548205242606028,0.46813187552303426,0.7038950526787513,0.44881863405737077
20.0,18.32,-0.34766526596941155,0.47887196901736717,-0.29908413204695145,0.46042918259725574,0.6567919598860565,0.4674771235702193,0.7056991567350119,0.44799988663645934
20.0,18.34,-0.34570472688772913,0.47824261041034266,-0.2972889940195857,0.4596394282163207,0.6587519323341113,0.46681712289075633,0.7074916534635834,0.4471778315814674
20.0,18.36,-0.3437554583207703,0.477608059925903,-0.29550528006544374,0.4588463798472482,0.6607005200357385,0.4661519776345072,0.7092726004893299,0.44635257153211666
20.0,18.38,-0.34181743009407467,0.4769683955071306,-0.29373302719096966,0.4580500540350361,0.6626377803334201,0.4654817750032358,0.711042096080833,0.44552416392515903
20.0,18.4,-0.33989061176687546,0.47632369448260414,-0.29197201887125857,0.4572505997386453,0.6645637873829149,0.4648066121156281,0.7128002241713502,0.444692689851372
20.0,18.42,-0.3379748818346796,0.47567408160341884,-0.2902222092684212,0.4564480774373527,0.6664785931362371,0.46412660315710197,0.7145470699792048,0.44385822941982866
20.0,18.44,-0.3360702098148894,0.4750196320233497,-0.28848346635507444,0.45564258689068254,0.6683822758635443,0.4634418097517495,0.7162827199901488,0.4430208617559132
20.0,18.46,-0.33417647449228843,0.4743604677024548,-0.28675582417802364,0.45483413652830407,0.6702748906081808,0.4627523445747062,0.7180072454071216,0.44218065481794316
20.0,18.48,-0.33229372805002677,0.47369660366850835,-0.2850391511558832,0.45402282446256614,0.6721565101669029,0.4620582962598201,0.7197207350799518,0.4413376858169672
20.0,18.5,-0.33042184924571893,0.47302816012347015,-0.28333331641805054,0.45320874712303716,0.6740271933269159,0.46135974196847607,0.721423278457591,0.4404920133133383
20.0,18.52,-0.3285607210285395,0.47235526088115865,-0.2816382752522069,0.45239196054116687,0.6758870157594806,0.46065676867915806,0.7231149507050342,0.4396437200404571
20.0,18.54,-0.3267103127663743,0.47167797632848424,-0.27995389767941214,0.45157255867528584,0.6777360229511723,0.4599494755778364,0.7247958274662241,0.43879287019722907
20.0,18.56,-0.32487058613134984,0.47099636544587486,-0.2782802085831081,0.4507505315303093,0.6795743094853978,0.4592379244395868,0.726465993041981,0.4379395143908858
20.0,18.58,-0.3230414206688254,0.47031054309893844,-0.27661708818618136,0.44992598714529386,0.6814019155848906,0.458522224819349,0.7281255265525193,0.43708375038894187
20.0,18.6,-0.3212227857267509,0.4696205771399478,-0.27496440138277045,0.4490990059897086,0.6832189148405704,0.45780243814828925,0.729774522024988,0.43622561420616907
20.0,18.62,-0.3194147249416291,0.46892646833228385,-0.2733221079241593,0.4482696451286354,0.6850253819448231,0.4570786421363327,0.7314130431195952,0.435365173998859
20.0,18.64,-0.3176169582045578,0.4682284453467336,-0.2716900737602911,0.4474379827544497,0.6868213611557658,0.4563509271110961,0.7330411704598587,0.4345024893734349
20.0,18.66,-0.31582953315792794,0.46752651210295104,-0.2700683309534196,0.44660401674076544,0.6886069297228546,0.455619369318455,0.7346589865011653,0.43363763683868833
20.0,18.68,-0.3140524081460192,0.4668207173427162,-0.26845675237439126,0.44576783422249494,0.690382150278739,0.45488403367267655,0.7362665729152775,0.4327706563984055
20.0,18.7,-0.3122855487670695,0.4661111201152899,-0.26685521470959406,0.44492952592942553,0.6921470866418565,0.45414501891299736,0.7378640055727844,0.4319016178011434
20.0,18.72,-0.310528761642184,0.4653978927354862,-0.2652636667193149,0.4440891245233843,0.6939018116703958,0.4534023590570777,0.73945135180274,0.43103056716496674
20.0,18.74,-0.3087820833048083,0.46468102148392637,-0.2636820634711587,0.44324667252948413,0.6956463756274224,0.4526561582433962,0.7410287052711768,0.4301575646345952
20.0,18.76,-0.3070454021290848,0.46396062203654953,-0.26211027989106256,0.4424022527093321,0.6973808378182118,0.45190649059440635,0.7425961274516429,0.4292826675386075
20.0,18.78,-0.3053186806484732,0.46323674440658985,-0.26054826872452164,0.44155590088485513,0.6991052903183508,0.4511533981380537,0.7441536977324088,0.42840594235065343
20.0,18.8,-0.30360188139627514,0.4625094381839656,-0.2589959798996796,0.4407076474426941,0.7008197707688625,0.45039697260883527,0.7457015016286048,0.42752740585491866
20.0,18.82,-0.3018948897873374,0.46177881054497616,-0.2574532897743291,0.43985757244850315,0.7025243576294977,0.4496372788963541,0.7472396040459619,0.42664713087271655
20.0,18.84,-0.3001976652289803,0.4610449040189525,-0.2559201550315949,0.43900571493040846,0.704219098288281,0.44887437783220785,0.7487680781999229,0.4257651765061772
20.0,18.86,-0.2985101740883732,0.46030777136281265,-0.2543965265915929,0.43815210344655,0.7059040651001356,0.44810832762229913,0.7502870043050375,0.4248815700173114
20.0,18.88,-0.2968322990378265,0.4595675114128911,-0.25288220878678686,0.43729686459721384,0.7075793235946477,0.4473391980088993,0.7517964570325146,0.4239963688636999
20.0,18.9,-0.2951640033601277,0.4588241699248313,-0.2513773003572157,0.4364399269128932,0.7092449325304538,0.44656707041509464,0.7532964944920596,0.42310962000412944
20.0,18.92,-0.29350516702550405,0.4580778382191731,-0.249881612386717,0.43558142535674704,0.7109009587035411,0.44579197819184896,0.7547872175571646,0.4222213759935345
20.0,18.94,-0.2918558403388944,0.45732852003304325,-0.24839509170471105,0.43472137563220453,0.712547454550959,0.44501399626056454,0.7562686683438192,0.42133167254062087
20.0,18.96,-0.2902159035513819,0.4565763053414643,-0.2469176211598439,0.4338598563291121,0.7141844894517315,0.4442331916389964,0.7577409477426686,0.4204405425160511
20.0,18.98,-0.2885853170928328,0.4558212322678301,-0.24544922979297548,0.43299684901958146,0.7158121172786316,0.44344962042776864,0.7592041018175191,0.4195480563031404
20.0,19.0,-0.2869639719799243,0.45506340440444526,-0.2439897954322921,0.4321324212101624,0.7174304164307866,0.44266331814494464,0.7606582080318491,0.41865424881112595
20.0,19.02,-0.2853518257865426,0.45430285305797136,-0.24253927759580232,0.43126660673444006,0.7190394352274794,0.4418743696089308,0.7621033429589348,0.41775913602622095
20.0,19.04,-0.2837488427978636,0.4535396196946955,-0.24109762757192835,0.4303994242332879,0.7206392300660522,0.4410828289553885,0.7635395793804175,0.41686278264330956
20.0,19.06,-0.282154990577385,0.45277375064250613,-0.23966465252907646,0.42953098569183334,0.7222298734967918,0.44028872446980316,0.7649669716815917,0.4159652249907639
20.0,19.08,-0.2805700691763937,0.4520053741707715,-0.23824038271608244,0.42866127114700187,0.7238114247170369,0.43949214422756405,0.7663855996345338,0.41506649495426434
20.0,19.1,-0.2789942077695786,0.45123444207816643,-0.23682470140296838,0.42779034899528057,0.7253839335093406,0.43869311762699104,0.7677955363383513,0.41416663701601897
20.0,19.12,-0.2774272038939041,0.45046107570471605,-0.23541763623250755,0.4269181943764711,0.7269474676752549,0.43789170120049614,0.7691968377898543,0.41326568543881825
20.0,19.14,-0.2758690260934349,0.4496853183921125,-0.23401899953542293,0.4260449204777512,0.7285020798172893,0.43708795848425136,0.7705895765264312,0.41236366516422224
20.0,19.16,-0.2743197180705007,0.44890716007912207,-0.2326287426585945,0.4251705374593992,0.7300478461729802,0.436281914254563,0.7719738272571808,0.4114606185881735
20.0,19.18,-0.2727790852436961,0.4481267291284872,-0.23124690200462208,0.42429503453885925,0.7315848055906705,0.43547365627197687,0.7733496403023006,0.41055659145172474
20.0,19.2,-0.27124709350907217,0.44734406194100573,-0.22987328381962177,0.42341850734848946,0.73311302729578,0.4346632029941353,0.7747170897128531,0.40965160665061895
20.0,19.22,-0.26972378364027594,0.4465591423948712,-0.22850792236280806,0.42254093953076965,0.7346325743513044,0.4338506026967211,0.7760762499813649,0.40874568633034253
20.0,19.24,-0.2682089625698967,0.44577209559219894,-0.22715069640549337,0.4216623801748723,0.7361434944855779,0.43303591087413645,0.777427172847183,0.4078388743309734
20.0,19.26,-0.2667026745071387,0.4449829097356223,-0.22580157211525118,0.4207828621279193,0.7376458521401225,0.43221917462095766,0.7787699355743913,0.4069312097553559
20.0,19.28,-0.26520480810355307,0.44419166635682844,-0.22446042690005114,0.4199024281025197,0.7391397039277477,0.4314004354201394,0.7801045890267957,0.4060227169911338
20.0,19.3,-0.2637153239252676,0.4433983894135339,-0.2231272225934389,0.4190211001750729,0.7406250995497312,0.4305797470738078,0.7814312004871501,0.4051134108869223
20.0,19.32,-0.2622341115123956,0.44260315860972654,-0.22180191862977736,0.4181388953971233,0.7421021129053967,0.4297571419238012,0.7827498485503989,0.40420332856337604
20.0,19.34,-0.2607612122265663,0.44180595622717506,-0.22048447465782042,0.41725583065194954,0.7435707863979619,0.4289326676429692,0.7840605782132812,0.40329250621048823
20.0,19.36,-0.2592965160341739,0.44100686092170305,-0.2191747753451741,0.41637195611612693,0.7450311865213779,0.42810635036009587,0.7853634509337087,0.40238097047631555
20.0,19.38,-0.25783998737113334,0.4402058999818913,-0.217872783781182,0.41548729247473143,0.746483357911554,0.42727825458172985,0.7866585446203661,0.40146873830200625
20.0,19.4,-0.256391587839202,0.43940309540407496,-0.21657845572519693,0.41460184589801785,0.7479273682130976,0.42644840524938016,0.7879459054330993,0.4005558441808236
20.0,19.42,-0.25495121147957683,0.43859852863623633,-0.21529168001427473,0.41371566958712386,0.7493632546566364,0.425616860934356,0.7892255959718911,0.399642312969236
20.0,19.44,-0.2535187412058381,0.4377922596616829,-0.21401241836316987,0.4128287783474788,0.7507911020153191,0.4247836372066303,0.7904976883059955,0.39872817352073553
20.0,19.46,-0.25209430115954695,0.4369842354519895,-0.2127405607948365,0.41194122397401195,0.7522109399755894,0.42394878666516705,0.7917622345217571,0.3978134264962907
20.0,19.48,-0.2506777011750168,0.43617456461429166,-0.21147620851369003,0.4110529370464273,0.7536228382512452,0.4231123318624318,0.7930192934898304,0.3968981271945681
20.0,19.5,-0.24926891011063612,0.435363276615653,-0.21021911112690186,0.41016404746928203,0.7550268362224036,0.4222743293200931,0.7942689179173782,0.3959822751952131
20.0,19.52,-0.2478678883179968,0.4345503856714523,-0.20896929875625603,0.4092745223215686,0.7564230046170427,0.42143480043650833,0.7955111904168389,0.39506590156696175
20.0,19.54,-0.2464746077464355,0.4337359258426104,-0.20772673711475398,0.40838437987337384,0.7578113838710552,0.4205938007464298,0.7967461413100888,0.394149027927458
20.0,19.56,-0.2450889563111216,0.43291995873668737,-0.20649131142507976,0.4074936555029908,0.7591920442845654,0.419751332412973,0.7979738447571179,0.39323167970705175
20.0,19.58,-0.24371097351151733,0.4321024597654493,-0.20526299067912898,0.40660237131212257,0.76056501116332,0.4189074583932056,0.7991943569002045,0.39231387268042683
20.0,19.6,-0.24234048100754016,0.43128354692986626,-0.20404173220421404,0.4057105258518884,0.7619303731558935,0.4180621893569102,0.8004077249327022,0.3913956175804724
20.0,19.62,-0.24097751588751468,0.43046319005662825,-0.20282743003965756,0.4048181670662338,0.7632881550642421,0.4172155692187172,0.8016140162024379,0.39047695167670854
20.0,19.64,-0.23962197045471487,0.42964145335173815,-0.201620117713399,0.40392526691631075,0.7646384157778482,0.41636764263620696,0.8028132871260428,0.3895578715778042
20.0,19.66,-0.23827381528963468,0.4288183632449281,-0.20041961734697403,0.4030319030797976,0.7659812204049294,0.41551842224078417,0.8040055840963782,0.3886384203325785
20.0,19.68,-0.2369330875440179,0.42799388981687125,-0.1992259631104722,0.402138047186501,0.7673166022570143,0.41466793724818024,0.805190971417924,0.38771859711684753
20.0,19.7,-0.23559960850584877,0.4271681420941155,-0.1980390487293891,0.4012437407724604,0.7686446143075951,0.41381624419670493,0.8063694982145857,0.38679842775490136
20.0,19.72,-0.2342733440979984,0.42634113543914715,-0.1968589108059596,0.40034896038550877,0.7699653212055828,0.41296333595132406,0.8075412224955746,0.3858779244322937
20.0,19.74,-0.23295426310312908,0.4255128899875779,-0.19568536958690408,0.3994537719671212,0.7712787679172601,0.41210926326679864,0.8087061929912798,0.38495711159780976
20.0,19.76,-0.23164233175302026,0.424683420823288,-0.19451839275192967,0.3985581857238767,0.7725849981937486,0.41125405830825273,0.8098644721143758,0.38403598500469655
20.0,19.78,-0.23033751910683262,0.42385274778724874,-0.19335801533761454,0.39766217345664884,0.7738840704884646,0.4103977258040832,0.8110161042291871,0.3831145831674176
20.0,19.8,-0.22903971787011426,0.4230209256657558,-0.19220412906122294,0.39676576569023336,0.7751760309880499,0.40954031518269823,0.8121611436443237,0.38219291413970025
20.0,19.82,-0.22774897149666332,0.4221879335855481,-0.19105670448938586,0.3958689770724836,0.7764609316914586,0.40868184369309124,0.8132996467305433,0.38127098636026496
20.0,19.84,-0.22646510235158027,0.42135386999725993,-0.18991563462642613,0.3949718370908238,0.7777388177815233,0.4078223416478801,0.8144316663039171,0.3803488060171326
20.0,19.86,-0.22518814907625148,0.42051870382238177,-0.18878088873001958,0.39407435515144185,0.7790097347979745,0.4069618389395921,0.8155572515462055,0.37942639436311365
20.0,19.88,-0.2239180086182663,0.4196824926324212,-0.18765242974501825,0.3931765270130778,0.7802737357205459,0.40610035142278594,0.8166764500059281,0.3785037713672928
20.0,19.9,-0.22265472482558601,0.4188452152506404,-0.18653022523340204,0.39227835752453316,0.7815308828140338,0.4052378991106047,0.8177893160547213,0.37758094232312034
20.0,19.92,-0.2213981171069285,0.4180069575396314,-0.1854141746642753,0.39137988387140366,0.7827811975317552,0.4043745148288777,0.8188958957696637,0.3766579254706081
20.0,19.94,-0.22014822976570492,0.4171676978878775,-0.18430424437787618,0.39048110577866507,0.7840247357323858,0.40351023140610215,0.8199962504471155,0.37573471090069444
20.0,19.96,-0.21890503396659022,0.4163274536307706,-0.18320040097727813,0.38958202299711886,0.7852615586800739,0.40264504916781163,0.8210904115286195,0.37481134375014197
20.0,19.98,-0.21766842345531334,0.4154862703941329,-0.18210261342218373,0.3886826397792752,0.7864917068101841,0.4017790090322298,0.8221784471972682,0.3738877989021084
20.0,20.0,-0.21643837014004544,0.41464416466279086,-0.18101077903057303,0.3877829830273566,0.7877152258687617,0.4009121194767378,0.8232603948809636,0.3729641059448137
40.0,0.0,-1.6754653681598357e-07,-5.413206246791634e-06,-1.036085911513343e-07,-4.659922349290319e-06,0.9999999723615951,6.271450063555894e-07,0.9999999010580818,1.5758918865184196e-06
40.0,0.02,-1.0061946498200583e-06,-0.0009323912669020885,-4.642060509389614e-07,-0.0006169289878388175,0.9999991053816114,-0.0009406367124807979,0.9999995186695025,-0.000628826411180494
40.0,0.04,-3.574163891395869e-06,-0.0018594099374265346,-1.5808640726636847e-06,-0.001229226575071229,0.999996490308622,-0.0018819029913354644,0.9999983621616183,-0.0012592231850198532
40.0,0.06,-7.871685960668846e-06,-0.002786474461837387,-3.453678509114106e-06,-0.0018415583592275822,0.9999921270768816,-0.002823177861074476,0.9999964315378721,-0.0018896207265912538
40.0,0.08,-1.3899053541798528e-05,-0.0037135900388028673,-6.082866408826961e-06,-0.0024539299756993643,0.9999860155581848,-0.003764467198131966,0.999993726766441,-0.0025200254032302
40.0,0.1,-2.1656782626202964e-05,-0.004640762799073026,-9.468517094744077e-06,-0.0030663475628759777,0.9999781555614982,-0.004705776808304836,0.9999902477809295,-0.0031504433377331905
40.0,0.12,-3.114521768848371e-05,-0.005567997811415413,-1.3610953830131622e-05,-0.0036788169394548617,0.9999685468303432,-0.005647113019839223,0.9999859944789197,-0.0037808810714676485
40.0,0.14,-4.236486592112556e-05,-0.006495299965309516,-1.8510348948453195e-05,-0.0042913433115260215,0.9999571890495345,-0.006588481461420799,0.999980966724325,-0.004411344621790012
40.0,0.16,-5.5316209602477136e-05,-0.007422675770768254,-2.416707103761571e-05,-0.0049039335464046265,0.9999440818347798,-0.007529888283535732,0.9999751643449853,-0.005041840354591435
40.0,0.18,-7.000012135390236e-05,-0.008350130062519869,-3.0581334467463285e-05,-0.00551659214923341,0.9999292247456716,-0.00847133928557505,0.9999685871330175,-0.00567237480965242
40.0,0.2,-8.641699024056327e-05,-0.009277668721692547,-3.77534917516212e-05,-0.006129326578628357,0.999912617270025,-0.009412840788072951,0.9999612348484961,-0.006302953827887273
40.0,0.22,-0.00010456773471196712,-0.010205295937829772,-4.568401067821172e-05,-0.006742140994255103,0.9998942588409765,-0.010354398410798774,0.999953107212261,-0.006933584121989802
40.0,0.24,-0.00012445314010344462,-0.011133019405082182,-5.437325740228773e-05,-0.007355041591762843,0.9998741488218709,-0.011296018294044913,0.9999442039118224,-0.007564271705555752
40.0,0.26,-0.00014607386236650244,-0.012060842601608971,-6.382154863749867e-05,-0.007968035664767736,0.9998522865157997,-0.01223770640026678,0.9999345246018856,-0.008195022940179566
40.0,0.28,-0.0001694310214862326,-0.012988770821633676,-7.402961976556116e-05,-0.008581127192528315,0.9998286711618278,-0.013179468688266525,0.999924068898272,-0.008825844186230196
40.0,0.3,-0.00019452574372155632,-0.013916812576474084,-8.499776928848118e-05,-0.009194323767279848,0.9998033019386174,-0.014121310938393262,0.9999128363858224,-0.009456741453735552
40.0,0.32,-0.00022135877372587824,-0.014844969954212712,-9.672666180919598e-05,-0.009807629015765089,0.999776177953591,-0.015063239450212686,0.999900826607782,-0.010087721449376351
40.0,0.34,-0.0002499310948305787,-0.01577325001762185,-0.00010921683147553394,-0.010421050490919978,0.9997472982613479,-0.01600526016978323,0.9998880390797124,-0.010718790180236542
40.0,0.36,-0.00028024423306080137,-0.016701659330975536,-0.00012246876881012652,-0.011034593871833894,0.9997166618312837,-0.01694737886337474,0.9998744732743724,-0.011349954175276499
40.0,0.38,-0.0003122994125098833,-0.01763019938198818,-0.00013648334470033331,-0.011648264938027387,0.9996842675964466,-0.017889602165126296,0.9998601286372146,-0.011981219438181943
40.0,0.4,-0.00034609740226679335,-0.01855888136733266,-0.00015126085937899953,-0.012262070520888825,0.9996501144546566,-0.01883193338807049,0.9998450045747265,-0.0126125923197966
40.0,0.42,-0.00038164006048485013,-0.019487706758839294,-0.00016680261366655515,-0.012876013147869403,0.9996142011277024,-0.019774382120519438,0.9998291004533346,-0.013244079343450302
40.0,0.44,-0.0004189287567530419,-0.02041668105439445,-0.00018310872739631253,-0.013490102394836563,0.9995765263602007,-0.020716953757317094,0.99981241560957,-0.01387568668137115
40.0,0.46,-0.0004579645533220795,-0.021345811537632722,-0.00020018038023841554,-0.014104343071247619,0.9995370888634069,-0.02165965194217809,0.9997949493472538,-0.014507420503615786
40.0,0.48,-0.0004987492535173175,-0.02227510523823434,-0.00021801809469301073,-0.014718740969011716,0.9994958872166193,-0.0226024838013024,0.9997767009290959,-0.015139287152371209
40.0,0.5,-0.0005412841859174801,-0.02320456201072329,-0.00023662287827043148,-0.015333300377769518,0.9994529199329292,-0.02354545645360826,0.9997576695795944,-0.015771293141869393
40.0,0.52,-0.0005855714096262552,-0.024134194198326277,-0.0002559955933122914,-0.015948030462850243,0.999408185533208,-0.024488573521527265,0.9997378544942194,-0.01640344463481352
40.0,0.54,-0.0006316124018946214,-0.02506400374689191,-0.00027613703881388015,-0.016562935140575316,0.9993616823751694,-0.02543184385338541,0.9997172548384984,-0.017035747965870603
40.0,0.56,-0.0006794086781501391,-0.025993993528432825,-0.0002970483353768825,-0.017178018936741025,0.9993134088473612,-0.02637527105567506,0.9996958697232895,-0.017668209641138424
40.0,0.58,-0.0007289625189516021,-0.0269241766608693,-0.00031873043350443193,-0.017793291114979966,0.9992633632130089,-0.027318862215630648,0.999673698244484,-0.018300834767887852
40.0,0.6,-0.0007802754282955551,-0.027854551588006194,-0.0003411842017050432,-0.018408755193275318,0.9992115436955274,-0.028262622667002406,0.999650739434318,-0.01893363228962368
40.0,0.62,-0.0008333491618031689,-0.028785125411919275,-0.0003644105918670602,-0.0190244185076036,0.9991579484193404,-0.029206559478811577,0.999626992312972,-0.01956660643470423
40.0,0.64,-0.0008881866070820511,-0.029715907252067932,-0.0003884112433255276,-0.01964028747641769,0.9991025754838976,-0.030150677966400377,0.9996024558881257,-0.020199763174063814
40.0,0.66,-0.0009447889699529155,-0.03064689821421869,-0.0004131864180531011,-0.02025636527138732,0.9990454229521737,-0.031094983436281073,0.9995771290688678,-0.020833110219382108
40.0,0.68,-0.0010031588129743726,-0.03157810908125169,-0.00043873789355192215,-0.020872661456867257,0.9989864887701717,-0.03203948118336099,0.9995510107696214,-0.021466653534306573
40.0,0.7,-0.0010632983486132124,-0.03250953648605567,-0.000465066284893381,-0.021489178745347826,0.9989257707783332,-0.03298417998145449,0.999524099865587,-0.022100399078827045
40.0,0.72,-0.0011252093047907751,-0.033441195620355975,-0.0004921734389329281,-0.022105924721846165,0.9988632667824211,-0.03392908510375682,0.999496395192737,-0.02273435280914844
40.0,0.74,-0.0011888948094542435,-0.034373090086154454,-0.0005200605082917636,-0.022722906647158068,0.9987989746586762,-0.034874200071672974,0.9994678955300406,-0.023368522422501897
40.0,0.76,-0.0012543561525998933,-0.03530521959159682,-0.0005487281401928855,-0.023340126780319173,0.9987328920595374,-0.035819531880646946,0.9994385996431854,-0.024002913867306543
40.0,0.78,-0.001321596874204469,-0.03623759506679077,-0.0005781784472006331,-0.023957597575272056,0.998665016571506,-0.036765087514181886,0.9994085062586157,-0.024637533087834354
40.0,0.8,-0.0013906192633740039,-0.03717022394793128,-0.0006084120433111104,-0.024575318149465643,0.9985953457266654,-0.037710873943939,0.9993776140865384,-0.025272386024663945
40.0,0.82,-0.0014614252414169506,-0.03810310315908989,-0.0006394310617762059,-0.025193297192120708,0.9985238771821149,-0.03865689290030756,0.9993459217296766,-0.025907480357619854
40.0,0.84,-0.0015340181475942177,-0.03903624844960213,-0.0006712363542319078,-0.02581154188702036,0.9984506081918064,-0.039603154814932914,0.9993134278279013,-0.026542822018553347
40.0,0.86,-0.0016084001427410209,-0.039969660359884175,-0.0007038297123557587,-0.02643006093097902,0.9983755362367215,-0.04054966313609853,0.9992801310062395,-0.027178415190035353
40.0,0.88,-0.0016845742399868293,-0.04090334252860921,-0.0007372122550245888,-0.02704885321659498,0.9982986585544175,-0.041496424782411154,0.9992460297207542,-0.02781426928246579
40.0,0.9,-0.0017625430580146889,-0.04183730453312253,-0.00077138594279806,-0.02766793052386918,0.9982199723626466,-0.04244344666039918,0.9992111224901657,-0.02845039021331905
40.0,0.92,-0.001842309793094002,-0.04277155097874616,-0.0008063520466367582,-0.028287295154146744,0.998139474907403,-0.04339073217573276,0.9991754078446723,-0.029086782151201418
40.0,0.94,-0.001923877666740756,-0.043706084982687715,-0.000842112099320687,-0.028906958131444855,0.9980571632733857,-0.04433828820639677,0.9991388841124885,-0.029723454491003068
40.0,0.96,-0.0020072485684210807,-0.04464091286682861,-0.0008786678528404805,-0.029526919519131653,0.9979730344336372,-0.045286121613411036,0.9991015497671162,-0.030360411391599208
40.0,0.98,-0.002092426910048993,-0.045576044544885126,-0.0009160214781343193,-0.030147191668802607,0.9978870853992153,-0.04623423750182476,0.9990634030503848,-0.03099766223682633
40.0,1.0,-0.002179415379241167,-0.04651148408106806,-0.000954173706681852,-0.030767772715129534,0.9977993130283299,-0.04718264270259849,0.9990244424227763,-0.0316352094313991
40.0,1.02,-0.002268216432072729,-0.04744723020466569,-0.0009931268760947436,-0.03138867834697469,0.9977097141975995,-0.048131342289349156,0.9989846660993653,-0.03227306060421392
40.0,1.04,-0.0023588342542789948,-0.04838329969275654,-0.00103288232208329,-0.0320099079016774,0.9976182855816135,-0.04908034305832601,0.9989440722400136,-0.0329112251230951
40.0,1.06,-0.0024512722848790687,-0.04931969152840714,-0.001073442960432459,-0.03263147407066009,0.9975250240260681,-0.05002965005536246,0.9989026591790531,-0.033549705375433295
40.0,1.08,-0.0025455325842303925,-0.05025641081042979,-0.0011148096078296725,-0.03325337531095724,0.9974299260421569,-0.05097926829620141,0.998860424958708,-0.03418851071579133
40.0,1.1,-0.0026416200389870366,-0.051193466064386114,-0.0011569839545615057,-0.03387561964956086,0.997332988302924,-0.051929206281494805,0.9988173677405046,-0.03482764700703906
40.0,1.12,-0.002739538536640347,-0.05213086087655306,-0.0011999690796171106,-0.034498219729579456,0.9972342070542441,-0.052879468984752584,0.9987734856236093,-0.03546712010503228
40.0,1.14,-0.002839289167724134,-0.053068596990217945,-0.001243765888678123,-0.03512117538815602,0.9971335789769991,-0.05383006138758097,0.9987287766678224,-0.0361069358592377
40.0,1.16,-0.0029408783843095964,-0.05400668994684363,-0.0012883766700409376,-0.035744491316439024,0.9970311002877494,-0.05478099017772191,0.9986832387882968,-0.03674710359950805
40.0,1.18,-0.0030443089938580136,-0.05494513678775384,-0.0013338034296382932,-0.03636818025761524,0.9969267671722314,-0.055732262025635304,0.9986368700898802,-0.037387625675790334
40.0,1.2,-0.0031495847131031286,-0.0558839507293777,-0.0013800484909992287,-0.03699224520953963,0.996820576098004,-0.056683880111282586,0.9985896683381085,-0.038028513147097986
40.0,1.22,-0.0032567087119792296,-0.0568231344115199,-0.001427114272820607,-0.037616690259399475,0.9967125229979609,-0.05763585455065574,0.9985416315831498,-0.038669768350653895
40.0,1.24,-0.0033656861926623437,-0.05776269030177109,-0.0014750022539298181,-0.03824152831704224,0.9966026041574816,-0.058588186736677435,0.998492757547281,-0.03931140058722699
40.0,1.26,-0.00347651932832147,-0.058702619251741334,-0.0015237147116873551,-0.038866758219334094,0.9964908153316148,-0.05954088674218192,0.9984430440783554,-0.03995341566584608
40.0,1.28,-0.003589214801643001,-0.0596429458608166,-0.0015732537163883327,-0.03949238984187857,0.9963771525390579,-0.0604939576568486,0.9983924889733031,-0.040595819387806105
40.0,1.3,-0.0037037750643770942,-0.060583656379342724,-0.0016236226473744881,-0.040118430061670665,0.9962616116814369,-0.061447406037411605,0.9983410899061514,-0.04123861928892938
40.0,1.32,-0.0038202053287288954,-0.061524764848229045,-0.0016748226882514579,-0.04074488169774928,0.9961441885150792,-0.06240123841447138,0.9982888445414785,-0.04188182289852246
40.0,1.34,-0.003938507847075048,-0.06246627102532465,-0.0017268560839586494,-0.04137175648107605,0.9960248788763514,-0.06335545956066174,0.9982357506138764,-0.04252543425189822
40.0,1.36,-0.004058689395477002,-0.06340819416226523,-0.0017797261312028337,-0.04199905553413815,0.9959036782386294,-0.064310077698656,0.9981818056952669,-0.04316946086216314
40.0,1.38,-0.00418075313083586,-0.06435052918732986,-0.0018334350541269447,-0.04262678751931431,0.9957805822652769,-0.06526509580848901,0.9981270073021138,-0.04381391023357863
40.0,1.4,-0.004304702870596091,-0.06529328119151069,-0.0018879844489019704,-0.04325496346720968,0.9956555863705474,-0.0662205220717865,0.9980713530189677,-0.044458788121455525
40.0,1.42,-0.004430544925215827,-0.06623645737335045,-0.00194337760488566,-0.04388358094897592,0.9955286860515252,-0.06717636116577488,0.9980148402547121,-0.0451041020121802
40.0,1.44,-0.004558283527303744,-0.06718006650263891,-0.0019996170500167394,-0.04451265334794205,0.9953998767773641,-0.0681326194923455,0.9979574665115265,-0.045749857644127846
40.0,1.46,-0.004687922454018566,-0.06812411008933682,-0.002056704907133978,-0.04514218433737676,0.9952691536431444,-0.06908930340841768,0.997899229125144,-0.04639606248672042
40.0,1.48,-0.0048194660040255825,-0.06906859688397353,-0.0021146451313879934,-0.045772182321701764,0.9951365119506582,-0.07004641751951148,0.9978401254332231,-0.04704272400239568
40.0,1.5,-0.004952922104905577,-0.07001353422916402,-0.0021734382658498974,-0.04640264975372474,0.9950019468543152,-0.07100396814631732,0.9977801528728637,-0.04768984616039679
40.0,1.52,-0.00508829258413708,-0.07095892785093796,-0.0022330884953392065,-0.04703359813901102,0.9948654532382812,-0.07196196331506022,0.9977193086544424,-0.0483374364029988
40.0,1.54,-0.005225583375065844,-0.07190477192372521,-0.0022935986867460532,-0.04766502639741324,0.9947270263318265,-0.0729204058194368,0.9976575899162071,-0.048985503906937906
40.0,1.56,-0.0053648001455013005,-0.0728510900707688,-0.0023549701698154404,-0.04829695298477502,0.9945866610897338,-0.07387930190346692,0.9975949939846984,-0.04963405261436795
40.0,1.58,-0.0055059465074377084,-0.07379787698628339,-0.0024172072813551126,-0.04892937135370148,0.9944443520772407,-0.07483865950601704,0.9975315178077381,-0.05028309167750608
40.0,1.6,-0.005649028894392952,-0.07474513010101565,-0.002480313107903782,-0.04956229955714526,0.9943000942021603,-0.07579848307827664,0.9974671586890086,-0.05093262502224861
40.0,1.62,-0.005794053428206894,-0.07569287571706991,-0.0025442888685499447,-0.050195735145674776,0.9941538823296762,-0.07675877879200833,0.9974019134892366,-0.051582661780669496
40.0,1.64,-0.005941023876643251,-0.07664110830221275,-0.0026091390562700224,-0.0508296883835701,0.9940057107229264,-0.07771955275008972,0.9973357793406036,-0.05223320759974777
40.0,1.66,-0.0060899461559830005,-0.0775898324624679,-0.0026748665624127077,-0.051464171078742404,0.9938555740732629,-0.07868081106507452,0.9972687531515068,-0.052884269852321544
40.0,1.68,-0.006240825014490877,-0.07853905424109314,-0.0027414734283488368,-0.05209917823362218,0.9937034670669249,-0.07964255808101964,0.9972008319239486,-0.05353585590793419
40.0,1.7,-0.006393668084817799,-0.07948878038093145,-0.002808962981973779,-0.05273472917203891,0.9935493837427386,-0.08060480155772798,0.9971320124834279,-0.05418796962752198
40.0,1.72,-0.006548481158328175,-0.08043902759343834,-0.0028773391929713056,-0.05337081946626863,0.99339331861692,-0.08156754577795548,0.9970622914900907,-0.0548406218361988
40.0,1.74,-0.006705265637578571,-0.08138977573607016,-0.0029466052164285857,-0.05400746290724718,0.9932352657805145,-0.08253079845662518,0.996991666075902,-0.0554938163944677
40.0,1.76,-0.006864033142500018,-0.08234105940260762,-0.003016763556178805,-0.05464466076685627,0.9930752195799467,-0.08349456381395007,0.9969201326075342,-0.05614756234833133
40.0,1.78,-0.007024785017320304,-0.08329285662183532,-0.003087817389079143,-0.055282426231639016,0.992913173963032,-0.08445884775745532,0.9968476879684509,-0.05680186527247316
40.0,1.8,-0.0071875301536297904,-0.08424520081854736,-0.003159771489196721,-0.055920765417695105,0.9927491229627692,-0.08542365617609579,0.9967743289105838,-0.057456730725501816
40.0,1.82,-0.007352273388991602,-0.0851980759858408,-0.003232627715199586,-0.05655968348648774,0.9925830604322373,-0.08638899666304227,0.9967000517367594,-0.05811216772195026
40.0,1.84,-0.0075190204079354965,-0.08615149296904642,-0.0033063898137244566,-0.0571991840739041,0.9924149804175507,-0.08735487156552953,0.9966248532854731,-0.05876818355241456
40.0,1.86,-0.007687779165192907,-0.08710547034364516,-0.003381061878920301,-0.057839275749837285,0.9922448761786625,-0.0883212918626419,0.9965487297890915,-0.05942478371720715
40.0,1.88,-0.007858553322834388,-0.08805999420990948,-0.003456646953686502,-0.058479965406804724,0.9920727420898847,-0.08928825813179295,0.9964716780467745,-0.06008197548601875
40.0,1.9,-0.008031351395940182,-0.08901508755106825,-0.003533147981583574,-0.05912125789493481,0.991898571158203,-0.0902557795289893,0.9963936940418843,-0.06073976781551697
40.0,1.92,-0.00820617899234223,-0.08997073958355029,-0.0036105692400821986,-0.059763162526730404,0.9917223572829276,-0.09122386002571789,0.9963147743974681,-0.06139816445432274
40.0,1.94,-0.00838304361990101,-0.0909269770585822,-0.0036889143062596203,-0.060405693253396855,0.991544093562899,-0.09219250698349928,0.9962349155076998,-0.06205717261848352
40.0,1.96,-0.008561948666313775,-0.09188378122597632,-0.0037681864148257863,-0.061048840478828886,0.9913637737293799,-0.09316172430238645,0.9961541134116749,-0.0627168029827822
40.0,1.98,-0.008742905835744172,-0.09284117020386704,-0.003848390815907683,-0.061692626509710136,0.9911813909349791,-0.09413151929113547,0.9960723644455901,-0.06337705924799096
40.0,2.0,-0.008925918540610837,-0.09379915870287771,-0.003929529181171278,-0.06233704980874648,0.9909969381208458,-0.09510189746289292,0.9959896648245414,-0.06403794858797407
40.0,2.02,-0.0091109925495993,-0.09475773453040785,-0.00401160758855071,-0.06298212672845002,0.9908104086563282,-0.09607286434160946,0.9959060105145325,-0.06469947989546398
40.0,2.04,-0.009298137964308367,-0.09571691237410575,-0.0040946284203989955,-0.0636278486820213,0.9906217953708776,-0.09704442711480914,0.9958213976835988,-0.06536165857426224
40.0,2.06,-0.00948736121293707,-0.09667670205625084,-0.00417859568570179,-0.06427423236693236,0.9904310914012424,-0.0980165894779967,0.9957358221377605,-0.06602449348456468
40.0,2.08,-0.009678667102461862,-0.09763709649477688,-0.00426351434917437,-0.06492129095094122,0.990238289690187,-0.09898935682264037,0.9956492802335595,-0.06668799002075583
40.0,2.1,-0.009872066617670884,-0.09859811571581094,-0.00434938706427956,-0.06556901878730871,0.9900433825756323,-0.09996273793921968,0.9955617675023106,-0.06735215700226554
40.0,2.12,-0.01006756401872221,-0.09955976301057899,-0.004436218847172668,-0.06621742830518816,0.9898463631106236,-0.10093673642088682,0.9954732799158363,-0.06801699977513118
40.0,2.14,-0.01026516516839493,-0.1005220230368461,-0.004524013349868181,-0.06686652784874572,0.9896472238074958,-0.10191135751987883,0.9953838134184496,-0.06868252716329612
40.0,2.16,-0.010464881186162017,-0.10148493119555287,-0.004612775123733128,-0.0675163211867595,0.989445957199353,-0.10288660820311567,0.99529336359724,-0.06934874446336733
40.0,2.18,-0.01066671911366366,-0.10244848153871262,-0.004702508341349061,-0.06816682302588593,0.9892425556244792,-0.10386249363842485,0.9952019263509002,-0.07001566047260291
40.0,2.2,-0.010870684681456843,-0.10341267241163592,-0.004793216999300577,-0.06881802756784879,0.9890370114386449,-0.10483902070712497,0.9951094969876649,-0.07068328218923724
40.0,2.22,-0.011076785347412419,-0.10437751833952473,-0.004884906992301717,-0.0694699554827983,0.9888293169204063,-0.10581619450271187,0.9950160714815547,-0.07135161664607576
40.0,2.24,-0.01128503152098566,-0.10534302597732699,-0.004977580397645419,-0.07012260680155243,0.9886194645075733,-0.10679401835588728,0.9949216450974905,-0.07202067081319904
40.0,2.26,-0.01149542921734573,-0.10630919436303607,-0.005071243725240008,-0.07077599198675914,0.988407445637736,-0.10777250243684311,0.9948262134100588,-0.07269045341553396
40.0,2.28,-0.011707986757544232,-0.1072760261768025,-0.0051658988894700865,-0.07143010818385453,0.9881932529915336,-0.10875164828656138,0.9947297719943953,-0.0733609696743793
40.0,2.3,-0.01192271247105878,-0.10824354064023729,-0.005261553517288718,-0.07208497946561065,0.9879768780152024,-0.10973146425826905,0.9946323159211263,-0.07403222825205423
40.0,2.32,-0.01213961488816685,-0.10921172320161081,-0.005358210630321483,-0.07274059981181212,0.9877583127286368,-0.11071195524008914,0.9945338408228896,-0.07470423609355288
40.0,2.34,-0.012358699556492849,-0.1101806012672751,-0.005455874649783764,-0.07339698215398532,0.9875375487839639,-0.11169312604256926,0.9944343418524706,-0.07537700009502436
40.0,2.36,-0.012579977873870591,-0.11115016723189952,-0.005554550892840926,-0.07405413348259256,0.9873145778376913,-0.1126749831847977,0.9943338138754434,-0.07605053060801689
40.0,2.38,-0.012803457393982268,-0.11212043016392953,-0.005654244930801429,-0.07471206318601609,0.9870893912857565,-0.11365753311819152,0.9942322526052327,-0.07672483105251802
40.0,2.4,-0.013029148117487295,-0.11309140252615867,-0.005754958643291329,-0.07537076592129924,0.9868619808912605,-0.1146407788066839,0.9941296528796538,-0.07739991000476121
40.0,2.42,-0.013257053574475507,-0.11406307461939065,-0.00585670067691566,-0.07603027290551707,0.9866323374773042,-0.11562473004912811,0.9940260096026385,-0.07807577777701004
40.0,2.44,-0.013487188670220474,-0.11503546509873712,-0.005959473308947627,-0.07669056565824948,0.9864004529516706,-0.11660938800293941,0.9939213179676969,-0.0787524377074244
40.0,2.46,-0.013719557794091054,-0.11600857053511295,-0.006063283715260816,-0.07735167140360966,0.9861663178431748,-0.11759476235220957,0.9938155728302471,-0.07942990007568346
40.0,2.48,-0.01395417130295638,-0.1169824033489232,-0.0061681352212140045,-0.07801358436602412,0.985929923689367,-0.11858085587683152,0.9937087690904995,-0.08010816991340261
40.0,2.5,-0.014191038460529177,-0.11795696569362982,-0.006274034092191604,-0.07867631840552293,0.9856912613647246,-0.1195676747286698,0.99360090118193,-0.08078725918196165
40.0,2.52,-0.014430166906285088,-0.11893226286728271,-0.0063809840982164,-0.07933988985719995,0.9854503213876582,-0.12055522671995318,0.9934919643271556,-0.0814671711632588
40.0,2.54,-0.014671568867235347,-0.11990830259241288,-0.006488992544529566,-0.0800042892588047,0.9852070953130563,-0.12154351276471745,0.9933819530773995,-0.08214791430658391
40.0,2.56,-0.014915249080609051,-0.12088508238449899,-0.006598062859539963,-0.0806695275430196,0.984961572947616,-0.1225325439943607,0.9932708619269678,-0.08282949878628412
40.0,2.58,-0.015161222413286927,-0.12186262958124285,-0.006708200048902952,-0.0813356175459691,0.984713745565971,-0.12352232120374501,0.9931586854328447,-0.08351192952902387
40.0,2.6,-0.015409495199480809,-0.12284091864934059,-0.00681941219341598,-0.08200257389768306,0.9844636033358003,-0.12451285198980644,0.9930454181839473,-0.08419521493952795
40.0,2.62,-0.0156600768627078,-0.12381998329290075,-0.006931702408683489,-0.08267038495179604,0.9842111367188079,-0.12550414219591025,0.9929310545136852,-0.08487936338481805
40.0,2.64,-0.01591297622681097,-0.12479981708756456,-0.0070450785830124115,-0.08333907846309035,0.9839563358054085,-0.1264961975733786,0.9928155888779916,-0.0855643814801948
40.0,2.66,-0.016168204657298808,-0.12578041549311172,-0.00715954417790564,-0.08400864600947794,0.9836991909947792,-0.12748902386754163,0.992699015560195,-0.08625027755528417
40.0,2.68,-0.01642577330625328,-0.1267618059004497,-0.007275105254823283,-0.08467910959336077,0.9834396926504414,-0.12848262328275173,0.9925813287024595,-0.08693705991049462
40.0,2.7,-0.01668568810879002,-0.12774397471050855,-0.007391769406170874,-0.08535047342591971,0.9831778303283961,-0.12947700485470784,0.9924625225343312,-0.08762473683665169
40.0,2.72,-0.01694795940153735,-0.1287269246446106,-0.0075095391038596075,-0.08602273370910452,0.9829135939955049,-0.13047217413351145,0.9923425913381566,-0.08831331312081492
40.0,2.74,-0.01721260415437062,-0.12971069024074808,-0.007628423175172158,-0.08669590743887129,0.9826469734780989,-0.13146813485756303,0.9922215287576444,-0.08900280045846237
40.0,2.76,-0.01747962316744574,-0.13069523487584928,-0.007748425297126999,-0.087370003798795,0.9823779586874588,-0.13246489247452836,0.9920993290980042,-0.08969320534898659
40.0,2.78,-0.017749034282331013,-0.1316805977651419,-0.007869554515196418,-0.08804502285714735,0.9821065391652876,-0.13346245233412812,0.9919759861853454,-0.09038453423106659
40.0,2.8,-0.01802084293845537,-0.13266677644288846,-0.007991813319541392,-0.08872097683393941,0.9818327040756867,-0.13446082143068397,0.9918514938931219,-0.09107679527496419
40.0,2.82,-0.01829506410987449,-0.13365376907690216,-0.008115210535134814,-0.08939787899002896,0.9815564427825603,-0.1354600049891328,0.9917258457933852,-0.09176999835039358
40.0,2.84,-0.01857170600105806,-0.1346415924843515,-0.008239751183741451,-0.09007573409071071,0.9812777450843934,-0.13646000649851867,0.9915990358632224,-0.0924641498541504
40.0,2.86,-0.018850777567799792,-0.13563023399526536,-0.008365442015543723,-0.09075454806097485,0.9809965997124485,-0.13746083274098414,0.9914710573897924,-0.09315925959144067
40.0,2.88,-0.019132292423007027,-0.1366197138661458,-0.008492289978496749,-0.0914343281353754,0.9807129958295776,-0.13846248876024683,0.9913419042984016,-0.09385533391624894
40.0,2.9,-0.019416262467654065,-0.13761003890658743,-0.008620301609162495,-0.09211509362597824,0.9804269223438409,-0.13946497951182313,0.9912115698704915,-0.09455238084840634
40.0,2.92,-0.019702693054425773,-0.13860118631246746,-0.008749480644066977,-0.0927968334510481,0.9801383684731769,-0.14046830994240792,0.9910800477027814,-0.09525040841769905
40.0,2.94,-0.0199916012641892,-0.1395931982944621,-0.008879835567496068,-0.09347956938782309,0.9798473221231091,-0.14147248824871636,0.9909473308550157,-0.09594942632816077
40.0,2.96,-0.020282997871218643,-0.14058607140764967,-0.009011374714365658,-0.09416330304687863,0.9795537728286109,-0.14247751582336393,0.9908134128063849,-0.09664944081215479
40.0,2.98,-0.02057689149083076,-0.1415798041115641,-0.009144101668761598,-0.094848037563094,0.9792577084320109,-0.1434834007430396,0.990678286673935,-0.09735046153797947
40.0,3.0,-0.02087329596847474,-0.1425743957170096,-0.009278025562888453,-0.09553379882881055,0.9789591175764997,-0.1444901476524425,0.9905419456567464,-0.0980524946694781
40.0,3.02,-0.02117222047283729,-0.14356986472466216,-0.009413152579888872,-0.09622058121128076,0.9786579889060116,-0.14549775939517673,0.9904043826425968,-0.09875555155582887
40.0,3.04,-0.02147367966494207,-0.14456619693555767,-0.009549489532114498,-0.09690840232909845,0.9783543101643456,-0.14650624386197214,0.9902655907748532,-0.09945963831273197
40.0,3.06,-0.021777683414387374,-0.14556341428708955,-0.009687042908960814,-0.09759725858288258,0.978048069198933,-0.14751560715372733,0.9901255629997171,-0.1001647627604948
40.0,3.08,-0.022084244532633128,-0.14656152318691826,-0.009825820462106796,-0.09828715847900107,0.9777392548261037,-0.14852585022153603,0.9899842920600417,-0.1008709344226471
40.0,3.1,-0.022393376210572927,-0.14756053166876995,-0.009965829562562742,-0.09897812320996632,0.9774278539816963,-0.1495369824025688,0.9898417706157756,-0.10157816104593358
40.0,3.12,-0.02270508680183146,-0.14856041519762206,-0.010107076639336809,-0.0996701639486419,0.9771138546800014,-0.15054900789878295,0.9896979913489773,-0.10228645210235776
40.0,3.14,-0.023019392763248353,-0.14956121924477422,-0.010249571179117147,-0.10036326936902508,0.9767972448360557,-0.1515619290914441,0.9895529468612376,-0.10299581528693025
40.0,3.16,-0.023336305692656812,-0.15056292173655625,-0.010393316423891628,-0.10105745280912709,0.9764780119555161,-0.1525757552212833,0.9894066297268073,-0.10370625826864685
40.0,3.18,-0.02365583489991525,-0.15156553746652957,-0.010538324007621756,-0.1017527397712617,0.9761561422084701,-0.15359048827331345,0.9892590324925596,-0.10441778869030634
40.0,3.2,-0.023977997879082183,-0.15256906371939521,-0.010684600427800995,-0.10244912203483757,0.9758316248042646,-0.15460613413766036,0.9891101470136153,-0.10513041933519204
40.0,3.22,-0.024302804636617773,-0.15357351834679756,-0.010832149925300903,-0.10314660416499905,0.9755044455480327,-0.155622698106262,0.9889599660264283,-0.10584415432624449
40.0,3.24,-0.024630268054314373,-0.15457890229738352,-0.010980986589838738,-0.10384521475322868,0.9751745916107317,-0.15664018387426482,0.9888084816920371,-0.10655900293878662
40.0,3.26,-0.02496040132936231,-0.1555852177757477,-0.011131111951572917,-0.10454494874652906,0.9748420507108171,-0.15765859865262866,0.988655685724138,-0.10727497612062054
40.0,3.28,-0.025293220716503063,-0.15659246781097577,-0.011282537986246335,-0.10524581281151628,0.974506807437776,-0.15867794733453464,0.9885015704036152,-0.10799208136359424
40.0,3.3,-0.025628737573212972,-0.1576006761708747,-0.011435272718686952,-0.10594782727577154,0.9741688513965913,-0.15969823206703562,0.9883461278321507,-0.10871032436931238
40.0,3.32,-0.02596696018273908,-0.1586098127320798,-0.011589321713743264,-0.10665098913750208,0.9738281665656199,-0.16071946099770393,0.9881893493616396,-0.10942971946035701
40.0,3.34,-0.026307908740734645,-0.1596199024084486,-0.011744693833479003,-0.10735530813816778,0.9734847413726638,-0.16174163594988028,0.9880312272222829,-0.11015027055447942
40.0,3.36,-0.026651592552514203,-0.16063095476164058,-0.011901399505828764,-0.10806080736919267,0.9731385611345319,-0.1627647634040717,0.9878717528528289,-0.11087198843897288
40.0,3.38,-0.02699802932996751,-0.16164296022071417,-0.012059443368327502,-0.1087674738075677,0.9727896111319554,-0.1637888497603365,0.9877109179302525,-0.11159488040877248
40.0,3.4,-0.02734723208779061,-0.16265594938498448,-0.012218836199248533,-0.10947533231261801,0.9724378797118678,-0.1648138966256283,0.9875487137119737,-0.11231895717594188
40.0,3.42,-0.027699210396183428,-0.16366989720455238,-0.01237958813229248,-0.1101843834142393,0.9720833495693528,-0.16583991156506378,0.9873851317287438,-0.11304422770969176
40.0,3.44,-0.028053983232889605,-0.16468481646649402,-0.012541703192704815,-0.11089464188600431,0.9717260101187793,-0.16686689622664472,0.9872201633361857,-0.11377069918558977
40.0,3.46,-0.028411564268923457,-0.16570072227341015,-0.01270519521488259,-0.11160612237272466,0.9713658439920506,-0.167894858012723,0.987053799889897,-0.11449838049690358
40.0,3.48,-0.028771967118077016,-0.16671761141392544,-0.012870069511556895,-0.11231881526125569,0.971002837725526,-0.1689238014249346,0.9868860320571519,-0.11522728217416794
40.0,3.5,-0.02913520608013052,-0.16773550139363305,-0.013036336395536946,-0.11303273705234781,0.9706369770053589,-0.16995372899922304,0.9867168511244336,-0.11595741304430114
40.0,3.52,-0.029501294916164527,-0.16875437123048037,-0.013204002440628804,-0.11374790567402805,0.9702682466021724,-0.17098464827329374,0.9865462482082955,-0.11668878013947068
40.0,3.54,-0.02987025491723512,-0.16977425951896247,-0.01337308080875683,-0.11446432593976913,0.9698966327460936,-0.1720165582341788,0.9863742138743025,-0.11742139388877147
40.0,3.56,-0.03024210003192106,-0.17079512700292165,-0.013543578894200537,-0.11518200399907452,0.9695221175253891,-0.173049474516829,0.9862007387638166,-0.11815526469927264
40.0,3.58,-0.03061681341561567,-0.17181702149998926,-0.01371550420797229,-0.11590094666962528,0.9691446897418243,-0.17408338767927736,0.9860258139892983,-0.11889039776597331
40.0,3.6,-0.030994464316550764,-0.1728399364772447,-0.013888866416660218,-0.11662116120086045,0.9687643298832062,-0.1751183216355192,0.9858494295968098,-0.11962680685455056
40.0,3.62,-0.03137503196171474,-0.17386386173129,-0.01406367902799179,-0.11734266877425023,0.9683810275494734,-0.17615424947507896,0.9856715760840693,-0.12036449876893372
40.0,3.64,-0.031758559632362175,-0.1748887968756698,-0.01423994803771231,-0.11806547871821814,0.9679947623051312,-0.17719121223391765,0.9854922441638276,-0.12110348205359824
40.0,3.66,-0.03214503386754546,-0.17591477370950767,-0.014417682009736914,-0.11878958688654777,0.9676055215145491,-0.17822918243659588,0.985311423622592,-0.12184376685318121
40.0,3.68,-0.03253446431445297,-0.17694177934174526,-0.014596893378100256,-0.11951500298976399,0.9672132877201136,-0.17926818402619016,0.9851291047762772,-0.12258536334394422
40.0,3.7,-0.03292689555532841,-0.1779698161470647,-0.01477759232071599,-0.12024175177553934,0.9668180474178358,-0.18030820666889724,0.9849452776642996,-0.12332827988877758
40.0,3.72,-0.033322341918399626,-0.17899889304258848,-0.014959785797044082,-0.12096983118121704,0.9664197808083326,-0.18134927369687934,0.9847599322933818,-0.12407252481268541
40.0,3.74,-0.03372081800929432,-0.18002901995177106,-0.015143486820539913,-0.12169925300620717,0.9660184711653645,-0.18239139145756264,0.9845730583151684,-0.12481810985369605
40.0,3.76,-0.03412230318923713,-0.1810601929212821,-0.01532870438284727,-0.122430030279437,0.9656141081284765,-0.18343453249466363,0.9843846455421474,-0.12556504149707617
40.0,3.78,-0.03452684374257142,-0.18209241773662144,-0.015515447992785964,-0.12316216230522986,0.965206670675456,-0.1844787196364961,0.9841946833308581,-0.12631333311880197
40.0,3.8,-0.03493448295035067,-0.18312567984442774,-0.015703730897339285,-0.12389567729652394,0.9647961387872153,-0.18552397579354304,0.9840031617581605,-0.12706298942126235
40.0,3.82,-0.03534520878743398,-0.18416001970265466,-0.01589356115351399,-0.12463056148171528,0.964382503214318,-0.18657027346838848,0.983810069536716,-0.12781402362547117
40.0,3.84,-0.03575900077578997,-0.18519543692681686,-0.016084950226844693,-0.1253668447212888,0.9639657416623589,-0.1876176349519614,0.9836153961193455,-0.1285664455183606
40.0,3.86,-0.03617596785843092,-0.1862319067356667,-0.016277906418397527,-0.12610451412269627,0.9635458405361755,-0.1886660491968227,0.9834191310324203,-0.12932026136780797
40.0,3.88,-0.036596029390179384,-0.18726946392777286,-0.01647244376410577,-0.12684360066230643,0.9631227785471492,-0.18971553848531447,0.9832212629805976,-0.13007548253464887
40.0,3.9,-0.037019262954809895,-0.18830809125259257,-0.016668574698009194,-0.1275841217117289,0.962696538737944,-0.1907661083816562,0.9830217807385048,-0.1308321203497921
40.0,3.92,-0.0374456859489818,-0.18934780632168538,-0.01686630382134607,-0.1283260513639849,0.9622671085962277,-0.19181773031705843,0.98282067338358,-0.13159018265331493
40.0,3.94,-0.037875274168864055,-0.19038859058310284,-0.017065648009235945,-0.12906942229667287,0.9618344644757295,-0.19287044326377842,0.9826179296163831,-0.13234967894218813
40.0,3.96,-0.038308082695709816,-0.19143047864386598,-0.017266617999871163,-0.12981425393095977,0.9613985882112578,-0.19392425224838164,0.9824135378671497,-0.13311062038308133
40.0,3.98,-0.03874415897953969,-0.19247346204690352,-0.017469222979227962,-0.13056053609810758,0.9609594673052444,-0.19497912842057175,0.9822074866433121,-0.13387301636627041
40.0,4.0,-0.03918344553319723,-0.19351753086658716,-0.017673473970933398,-0.13130828925307717,0.9605170813251378,-0.19603509362170574,0.981999764423152,-0.13463687449114747
40.0,4.02,-0.03962599438007955,-0.19456269996804512,-0.0178793870528294,-0.132057518497816,0.9600714064153858,-0.19709216887701633,0.9817903590462277,-0.13540220921251098
40.0,4.04,-0.04007181990274988,-0.19560896947381473,-0.01808697137755267,-0.13280824589041393,0.9596224323092569,-0.1981503254992101,0.9815792589210963,-0.13616902629018032
40.0,4.06,-0.04052094133439504,-0.19665636276257986,-0.018296239031966217,-0.133560462588793,0.9591701351116716,-0.19920958429190558,0.9813664516992024,-0.13693733832126698
40.0,4.08,-0.04097340337863047,-0.19770485164125817,-0.018507199453428165,-0.13431419172574033,0.9587144976341986,-0.20026994986509467,0.9811519254639195,-0.1377071544269738
40.0,4.1,-0.041429191620918626,-0.19875446796673127,-0.018719869514355992,-0.13506944039731167,0.9582554993466965,-0.20133142602624954,0.9809356679217333,-0.13847848363224088
40.0,4.12,-0.041888356249210196,-0.19980520740039537,-0.018934259252946138,-0.13582621710917972,0.9577931243288488,-0.20239399997676147,0.9807176666111715,-0.13925133663986103
40.0,4.14,-0.04235087340600115,-0.20085705757347805,-0.019150383418337035,-0.1365845462241749,0.9573273496055517,-0.20345769224934704,0.9804979089145075,-0.1400257240851129
40.0,4.16,-0.04281683407773895,-0.20191003066510368,-0.01936824795145714,-0.13734440581125823,0.956858156772055,-0.20452250676058759,0.9802763820578224,-0.14080165653492208
40.0,4.18,-0.04328617949279021,-0.2029641228117038,-0.0195878725615514,-0.13810583662969667,0.9563855251930319,-0.20558844683905356,0.9800530731110715,-0.1415791444870164
40.0,4.2,-0.043758966315387594,-0.20401935502883417,-0.019809265708637967,-0.1388688333154958,0.9559094378163023,-0.20665549900444566,0.9798279695978838,-0.14235819496522045
40.0,4.22,-0.04423517571639578,-0.20507574096738063,-0.020032443065689663,-0.13963340601192872,0.9554298714900901,-0.2077236832741097,0.9796010580101832,-0.14313882178136764
40.0,4.24,-0.044714891148153434,-0.20613324812044045,-0.020257417980971998,-0.1403995821876403,0.9549468102513361,-0.208792986176567,0.979372324949756,-0.14392103522129843
40.0,4.26,-0.04519813043967663,-0.20719188310964406,-0.020484204258437683,-0.14116735693393248,0.9544602286637872,-0.20986342698582536,0.9791417574532989,-0.1447048438392784
40.0,4.28,-0.04568483897309179,-0.2082516691594481,-0.020712810801531388,-0.1419367428755906,0.9539701081732557,-0.21093500888792818,0.9789093419275919,-0.1454902577937969
40.0,4.3,-0.046175107029313656,-0.20931259860241577,-0.020943254078623744,-0.14270775205344888,0.953476429508901,-0.21200771733266363,0.978675064593707,-0.1462772889111389
40.0,4.32,-0.04666895319330786,-0.21037468004350063,-0.021175550815452783,-0.14348039697656037,0.9529791693119575,-0.2130815716666772,0.9784389115427109,-0.14706594720022673
40.0,4.34,-0.04716635941112125,-0.21143793098768893,-0.021409707980760237,-0.1442546751385423,0.9524783105048457,-0.21415655758277327,0.9782008690479367,-0.14785624264526542
40.0,4.36,-0.04766737584495856,-0.21250232885738354,-0.02164574511474954,-0.14503061646103335,0.9519738236995381,-0.21523271027584898,0.9779609228548585,-0.1486481868446243
40.0,4.38,-0.04817201616850218,-0.21356785931925065,-0.021883674550173864,-0.14580821850959108,0.9514656955372187,-0.21630999855821428,0.9777190585477875,-0.14944179131813778
40.0,4.4,-0.04868031091426251,-0.21463458235988342,-0.02212351382089544,-0.14658751274253837,0.9509539003132548,-0.21738844072284466,0.9774752622240487,-0.15023706237082365
40.0,4.42,-0.04919222540461708,-0.21570244404886885,-0.02236527049503353,-0.1473684809699821,0.9504384209518211,-0.21846802196443962,0.9772295187051615,-0.15103401653514234
40.0,4.44,-0.04970786591274496,-0.21677148878311805,-0.02260896246359657,-0.14815113812786032,0.9499192278453655,-0.2195487768654631,0.9769818137747658,-0.1518326599573147
40.0,4.46,-0.05022720378370304,-0.21784168789206096,-0.022854605330176615,-0.14893551758685097,0.9493963055302066,-0.22063067326232216,0.9767321323442946,-0.1526330055776986
40.0,4.48,-0.0507503033816357,-0.2189130706687346,-0.023102217506722922,-0.1497216179232922,0.9488696281651859,-0.22171372885776164,0.9764804599190683,-0.15343506287918388
40.0,4.5,-0.051277135867278535,-0.21998560914761595,-0.02335180450002746,-0.15050943986936607,0.9483391720032647,-0.22279796169039554,0.9762267798494138,-0.15423884444053307
40.0,4.52,-0.051807721989724685,-0.22105931730049083,-0.02360339305152948,-0.15129901673015536,0.9478049194698345,-0.22388333871458582,0.9759710781090233,-0.15504435970044902
40.0,4.54,-0.052342166378996954,-0.2221342171056501,-0.02385698891178729,-0.15209033219453158,0.9472668407023377,-0.22496989371119863,0.9757133383987903,-0.15585162117203064
40.0,4.56,-0.052880401642888396,-0.22321029081570617,-0.024112614063063163,-0.1528834213230403,0.946724917510615,-0.22605761067275026,0.9754535463095957,-0.15666063636925484
40.0,4.58,-0.053422488456976336,-0.2242875448235112,-0.0243702799313935,-0.15367828551575852,0.9461791227505536,-0.22714650625241445,0.9751916848977833,-0.1574714210715808
40.0,4.6,-0.053968443034979434,-0.22536596932723552,-0.02463000624645561,-0.15447494328002562,0.945629441143886,-0.22823654740278657,0.9749277385362334,-0.15828398247384157
40.0,4.62,-0.05451828795436025,-0.22644558081135305,-0.024891801895506195,-0.15527337875456126,0.9450758375441133,-0.22932778347686888,0.9746616904506586,-0.15909833450714983
40.0,4.64,-0.05507204613695207,-0.2275263964760657,-0.025155692585056205,-0.1560736284854414,0.94451829667682,-0.23042018113588184,0.9743935246448706,-0.15991448592460059
40.0,4.66,-0.05562976794624279,-0.22860837189260722,-0.02542169063606593,-0.15687571360333802,0.9439567902046881,-0.23151375612614045,0.9741232256409464,-0.16073244899360103
40.0,4.68,-0.05619143710376732,-0.2296915344682043,-0.025689810862764482,-0.15767961816722595,0.9433912948565966,-0.23260850779980588,0.9738507745425304,-0.16155223535196053
40.0,4.7,-0.05675707721283257,-0.23077590281950602,-0.025960068600623862,-0.15848536342104455,0.9428217851851851,-0.2337044348175876,0.9735761560481146,-0.16237385541555371
40.0,4.72,-0.057326786578233264,-0.23186144958645782,-0.02623248773935372,-0.15929296980230004,0.9422482389981519,-0.2348015364869838,0.973299352565841,-0.16319731915360167
40.0,4.74,-0.057900509169110125,-0.23294821408041494,-0.026507081121167394,-0.16010244121757605,0.9416706308442244,-0.23589981115092654,0.9730203478387676,-0.16402264192869845
40.0,4.76,-0.058478290159415816,-0.23403612569282853,-0.02678386449156508,-0.16091378130689715,0.9410889322213044,-0.23699927368457394,0.9727391222145544,-0.16484983147538665
40.0,4.78,-0.05906016802547556,-0.23512525829879952,-0.027062859980638496,-0.16172703113266088,0.9405031187063002,-0.23809992234586394,0.9724556607328627,-0.16567890148778205
40.0,4.8,-0.05964620279495515,-0.23621559551572086,-0.027344080377014173,-0.16254215736223537,0.93991316896971,-0.23920173855011123,0.9721699433560194,-0.16650986123460595
40.0,4.82,-0.060236317260447876,-0.23730709768327138,-0.027627545445984718,-0.16335920227378725,0.9393190544565918,-0.24030473665067933,0.9718819527747966,-0.16734272386591934
40.0,4.84,-0.06083063372330761,-0.23839981996487272,-0.02791327496977473,-0.1641781897185221,0.9387207454567024,-0.2414089305174518,0.9715916722072309,-0.16817749905796475
40.0,4.86,-0.06142912327619427,-0.2394937403160581,-0.028201285046463898,-0.16499908614470354,0.938118223806554,-0.2425142844092032,0.9712990817017187,-0.16901420110461327
40.0,4.88,-0.06203184723145925,-0.24058884289323726,-0.028491596613831133,-0.1658219548410167,0.9375114534847406,-0.24362084514775573,0.9710041621329565,-0.1698528391221606
40.0,4.9,-0.06263882562214816,-0.2416851226058844,-0.028784223221797536,-0.16664676303309964,0.9369004152820184,-0.24472857637892262,0.9707068956715244,-0.1706934276145957
40.0,4.92,-0.06325009318655153,-0.2427826305079112,-0.02907918884827768,-0.16747355499580663,0.9362850794417014,-0.24583749124069754,0.9704072639036876,-0.17153597741394055
40.0,4.94,-0.06386565596287948,-0.24388130659715054,-0.029376510708723755,-0.16830231732294018,0.9356654193717944,-0.246947586039791,0.9701052482351931,-0.17238048701569939
40.0,4.96,-0.06448550651081102,-0.24498121417819566,-0.02967620704587995,-0.16913307638717803,0.9350414095697928,-0.24805885718886317,0.9698008241330697,-0.173227000933909
40.0,4.98,-0.06510974370645835,-0.24608229916742877,-0.029978314160981602,-0.1699658560285016,0.9344130180437841,-0.24917131666009154,0.9694939793498131,-0.17407549417548926
40.0,5.0,-0.0657383966862786,-0.24718458621432687,-0.030282802375739066,-0.1708006518126,0.9337802192602445,-0.25028496047385496,0.9691846883815874,-0.17492600916323106
40.0,5.02,-0.06637139308686978,-0.24828806672087572,-0.030589761533285083,-0.1716374583867322,0.9331429899374974,-0.2513997676078389,0.9688729336485588,-0.17577853725211232
40.0,5.04,-0.06700889194058796,-0.24939273166822343,-0.030899154719292686,-0.1724763340727838,0.9325012947432136,-0.2525157660124127,0.9685586956186516,-0.17663308682996848
40.0,5.06,-0.06765082866530923,-0.25049860165855264,-0.031211024234888994,-0.17331726242673257,0.9318551059874116,-0.25363295054413304,0.9682419527314178,-0.1774896832945095
40.0,5.08,-0.06829726904713797,-0.2516056626842013,-0.03152538619243405,-0.17416025218782608,0.931204399375707,-0.25475129932306995,0.9679226810910107,-0.17834835152028244
40.0,5.1,-0.06894823571318152,-0.25271391257575987,-0.03184228738564479,-0.17500530677349196,0.9305491405340025,-0.25587083992562565,0.9676008671949077,-0.17920906580315263
40.0,5.12,-0.06960375146916385,-0.25382334941968576,-0.03216168696550982,-0.1758524667013922,0.9298893086084158,-0.2569915335525792,0.9672764839304935,-0.1800718677095077
40.0,5.14,-0.07026384739205777,-0.2549340009102588,-0.03248369739037305,-0.17670174521940507,0.9292248625472267,-0.25811342297806533,0.9669495103367345,-0.1809367649069352
40.0,5.16,-0.0709285834065368,-0.2560458241767159,-0.032808235929421704,-0.17755312856544286,0.9285557837119564,-0.25923646961084806,0.9666199265215845,-0.18180376517081637
40.0,5.18,-0.07159793857525648,-0.2571588302287552,-0.03313541618811386,-0.1784066300376453,0.9278820333344783,-0.2603606989368977,0.9662877114352204,-0.18267287596796927
40.0,5.2,-0.07227198985085456,-0.258273035311005,-0.033465197425539266,-0.17926229208956027,0.927203588349974,-0.2614860881953135,0.9659528396686031,-0.18354412130997133
40.0,5.22,-0.07295070813109993,-0.25938842170978044,-0.033797624540934,-0.1801200991067085,0.9265204145007427,-0.2626126462124285,0.9656152911518199,-0.18441750864854983
40.0,5.24,-0.07363416283328811,-0.26050497622396124,-0.03413274696517266,-0.180980055933083,0.9258324831557372,-0.2637403657032066,0.9652750424358048,-0.1852930446947008
40.0,5.26,-0.07432243291361178,-0.2616227155590516,-0.03447052364586426,-0.18184220641097185,0.925139765718174,-0.2648692391782956,0.9649320744747854,-0.18617073690315447
40.0,5.28,-0.07501545242749233,-0.2627416657438956,-0.034811036189303514,-0.1827065501677392,0.9244422211486875,-0.2659992902935749,0.9645863593591729,-0.18705060838887871
40.0,5.3,-0.07571332085768123,-0.2638617404277736,-0.035154303495525306,-0.18357309888098514,0.9237398311995323,-0.26713047912619725,0.9642378724096887,-0.18793268277235922
40.0,5.32,-0.07641608151545345,-0.26498300022131505,-0.035500312443334923,-0.18444187067886883,0.9230325558992225,-0.26826282916267863,0.9638865954329529,-0.188816949895394
40.0,5.34,-0.07712366793225361,-0.26610547267858226,-0.035849114162275854,-0.18531287167590257,0.9223203645674359,-0.269396331376903,0.963532501413543,-0.18970343271207166
40.0,5.36,-0.0778362275750976,-0.26722905715621426,-0.03620069140512494,-0.18618609920354948,0.921603222910066,-0.2705309929191918,0.9631755643431354,-0.19059215425306106
40.0,5.38,-0.0785537118251084,-0.2683538428807857,-0.036555136898589524,-0.18706159616660029,0.9208811087026219,-0.2716667718310246,0.9628157647937947,-0.1914831038003359
40.0,5.4,-0.07927622300840062,-0.2694797419395988,-0.03691243394578019,-0.1879393604586816,0.9201539782442544,-0.27280370695462564,0.9624530766432592,-0.1923763041410482
40.0,5.42,-0.08000371251415711,-0.27060684511178346,-0.03727260250289045,-0.18881940531598718,0.9194217998699914,-0.27394178799042584,0.9620874748236319,-0.1932717606835887
40.0,5.44,-0.08073629288735526,-0.27173509528258977,-0.03763569582055405,-0.1897017376725294,0.9186845467714357,-0.27508098837500006,0.961718928558732,-0.19416951250419054
40.0,5.46,-0.08147393528197208,-0.2728644767229522,-0.038001701427713516,-0.1905863777403913,0.9179421788706907,-0.27622132974743835,0.9613474193349595,-0.195069548617571
40.0,5.48,-0.08221672454014715,-0.2739950083582261,-0.038370706682342014,-0.19147332616583124,0.9171946694523591,-0.27736278507319045,0.9609729219194256,-0.1959718740439103
40.0,5.5,-0.08296468931346133,-0.27512669218932845,-0.03874267054342747,-0.1923626325423315,0.916441980108789,-0.2785053584858928,0.9605954041697387,-0.19687652720552054
40.0,5.52,-0.08371780065274828,-0.2762595132913308,-0.0391176387756688,-0.19325426043623192,0.9156840755836002,-0.27964905478834673,0.9602148417893721,-0.19778351305158018
40.0,5.54,-0.08447613528025733,-0.27739345946420835,-0.03949564192395464,-0.19414826890667508,0.914920922340697,-0.2807938615624503,0.9598312104429024,-0.19869283640401564
40.0,5.56,-0.08523972235557667,-0.2785285331271403,-0.03987672676415518,-0.19504462133105366,0.9141524890203447,-0.28193976679264393,0.9594444835470649,-0.19960450149699457
40.0,5.58,-0.08600864011157837,-0.2796647219587467,-0.04026089069879051,-0.19594338455889343,0.9133787333956616,-0.28308678978341534,0.9590546296926997,-0.2005185463662426
40.0,5.6,-0.08678286982345135,-0.2808020436619303,-0.040648181061025954,-0.19684452197557278,0.9125996308926437,-0.28423488512140893,0.9586616232323403,-0.20143497516710038
40.0,5.62,-0.08756249065948547,-0.28194048618610773,-0.041038590817701566,-0.19774807876988815,0.9118151333228927,-0.28538408714655994,0.9582654373788226,-0.20235379168613418
40.0,5.64,-0.08834746370235012,-0.2830800028641346,-0.0414322167160074,-0.1986540794074568,0.9110252144369149,-0.2865343668414282,0.9578660475162559,-0.2032750000369675
40.0,5.66,-0.08913788905223696,-0.2842206465728871,-0.04182899858967605,-0.19956248580415156,0.9102298328560908,-0.28768572511894586,0.9574634174539516,-0.2041986366811542
40.0,5.68,-0.08993378774853845,-0.28536238809539793,-0.04222904380531735,-0.20047336845938835,0.9094289574901423,-0.2888381483573624,0.9570575224096696,-0.20512470540912986
40.0,5.7,-0.09073523075548028,-0.2865051821233765,-0.04263236694468957,-0.20138669781177576,0.9086225419715476,-0.2899916527386676,0.9566483353609504,-0.2060532094007717
40.0,5.72,-0.09154221042406856,-0.28764908071770506,-0.04303895705292202,-0.20230249783684548,0.907810563329087,-0.2911461916886659,0.956235820925969,-0.20698418483095746
40.0,5.74,-0.09235474811041619,-0.28879405468333613,-0.04344884323997473,-0.2032208088951425,0.9069929712430258,-0.2923017969669784,0.9558199544480731,-0.2079176176189481
40.0,5.76,-0.09317293715067197,-0.2899401250701009,-0.04386211620100351,-0.20414160974612727,0.9061697306131796,-0.293458452446187,0.9554007025691807,-0.2088535440661555
40.0,5.78,-0.09399672746501649,-0.29108721191475745,-0.044278765695834194,-0.20506492523040512,0.9053408126217107,-0.29461612626655687,0.9549780405516485,-0.20979194978463933
40.0,5.8,-0.09482628585293301,-0.29223538673407073,-0.044698786231721736,-0.20599080448545218,0.9045061720997698,-0.29577483338007027,0.9545519278821057,-0.21073288665876438
40.0,5.82,-0.0956615624768276,-0.2933845691652353,-0.04512230098341696,-0.2069191946969574,0.9036657658800346,-0.2969345715524023,0.9541223433924962,-0.2116763233035704
40.0,5.84,-0.09650261281110449,-0.294534830813015,-0.04554926403850963,-0.20785012920859397,0.9028195664323305,-0.2980953084022387,0.9536892485599443,-0.21262231170643292
40.0,5.86,-0.09734944859029199,-0.2956861084432153,-0.045979711906074056,-0.20878367427812575,0.9019675255445739,-0.2992570568477134,0.9532526151520057,-0.2135708360761732
40.0,5.88,-0.09820215550752386,-0.29683838924171396,-0.046413728239675205,-0.20971976039782805,0.9011096075238458,-0.3004197986329954,0.9528124081348399,-0.21452193135571698
40.0,5.9,-0.0990607797772567,-0.2979917116625355,-0.04685131433345392,-0.21065846225206888,0.9002457767913769,-0.30158351521961335,0.952368597639461,-0.21547559852901527
40.0,5.92,-0.09992533382572066,-0.2991460116350446,-0.04729249209451978,-0.21159977465521695,0.8993759842105026,-0.3027482181341051,0.9519211488969515,-0.21643185477744695
40.0,5.94,-0.10079580389098283,-0.3003013214021434,-0.047737288993985744,-0.2125437167594785,0.8985001953588045,-0.3039138885163152,0.9514700319371544,-0.21739070072178318
40.0,5.96,-0.10167233018844969,-0.30145761059659026,-0.048185770038222206,-0.2134902996098901,0.89761836647218,-0.3050805214865017,0.9510152080474356,-0.21835216975786084
40.0,5.98,-0.10255494335079189,-0.3026148662701534,-0.04863795814788295,-0.21443951804142272,0.8967304602176572,-0.30624809650126905,0.9505566460131741,-0.21931626186097272
40.0,6.0,-0.1034436211321848,-0.3037730935229078,-0.0490938819704863,-0.21539139155171458,0.8958364329989443,-0.3074166079991452,0.95009431075222,-0.22028299341088198
40.0,6.02,-0.10433845066416131,-0.3049322721845532,-0.04955357614466263,-0.21634596484956936,0.8949362487246852,-0.30858603514112504,0.9496281670925305,-0.221252380575808
40.0,6.04,-0.10523941209665251,-0.306092414827829,-0.05001706429566092,-0.21730323335421506,0.8940298575372784,-0.30975638692953544,0.9491581786796112,-0.22222443905471065
40.0,6.06,-0.10614664220981357,-0.30725346856931623,-0.05048440822434594,-0.2182631835410875,0.8931172214464318,-0.3109276411082667,0.9486843129672231,-0.22319916776909632
40.0,6.08,-0.10706012418846897,-0.3084154530075337,-0.050955643955668234,-0.21922586079511452,0.892198296134924,-0.3120997903236602,0.9482065295650828,-0.22417659855075994
40.0,6.1,-0.10797994257292622,-0.30957833307170196,-0.0514307577628804,-0.2201912695271496,0.8912730383840474,-0.313272827201908,0.9477247997171718,-0.22515671335185994
40.0,6.12,-0.10890607937210078,-0.31074212531038314,-0.0519098630836163,-0.22115943809042202,0.8903414129468851,-0.31444671182705225,0.9472390738932651,-0.22613957636860293
40.0,6.14,-0.10983862114807011,-0.311906797957299,-0.05239294083864711,-0.22213034563678943,0.8894033648400623,-0.31562146683749603,0.9467493271478261,-0.22712515258146004
40.0,6.16,-0.11077760206775296,-0.31307234152305685,-0.052880028344415825,-0.2231040388993566,0.888458860090151,-0.3167970519637461,0.9462555154625876,-0.22811347211752162
40.0,6.18,-0.1117230577876895,-0.31423875017652775,-0.053371190280680644,-0.2240805044617997,0.8875078473043435,-0.31797347277899674,0.9457575990273739,-0.22910456587974246
40.0,6.2,-0.11267502161965952,-0.31540601091813975,-0.05386645902814979,-0.2250597637399186,0.8865502872633019,-0.31915070381081506,0.9452555444820655,-0.2300984136893428
40.0,6.22,-0.11363358360095407,-0.31657409454659863,-0.05436590674797204,-0.2260418289731678,0.8855861287216095,-0.32032874980114956,0.9447493107808231,-0.2310950457153691
40.0,6.24,-0.11459872388256262,-0.31774301122923554,-0.054869487751219415,-0.2270267410933986,0.8846153362673778,-0.3215075683321316,0.9442388523758802,-0.23209449078546673
40.0,6.26,-0.11557058766490144,-0.31891270766037016,-0.055377314494795715,-0.22801450339291682,0.8836378578650593,-0.32268716297798855,0.9437241390397069,-0.2330967288252681
40.0,6.28,-0.1165491011770838,-0.3200832178904158,-0.05588936838252785,-0.22900509530530483,0.882653652812478,-0.3238675060217735,0.943205122088799,-0.23410180489532376
40.0,6.3,-0.11753441084961648,-0.3212544879728492,-0.056405769908206276,-0.2299985459305572,0.8816626682421499,-0.3250485998027101,0.9426817679521184,-0.23510969764367975
40.0,6.32,-0.11852649610294867,-0.3224265246212129,-0.05692647372395798,-0.23099489756721864,0.8806648570192444,-0.3262304307986411,0.9421540288119618,-0.23612045184560607
40.0,6.34,-0.11952545005139657,-0.3235992972200385,-0.05745158879484227,-0.23199412674275785,0.879660183562267,-0.3274129543576708,0.9416218657966158,-0.23713406182293392
40.0,6.36,-0.12053125348793688,-0.32477281655601314,-0.05798115094450145,-0.23299625617280134,0.8786485876191095,-0.3285961861280998,0.941085233890039,-0.2381505550593318
40.0,6.38,-0.12154405448255566,-0.3259470230007208,-0.058515155522571465,-0.2340013191017175,0.8776300339566193,-0.3297800806682476,0.9405440910233092,-0.23916994204323133
40.0,6.4,-0.12256377733169588,-0.3271219485218256,-0.05905367278188534,-0.23500930179772309,0.8766044682936147,-0.33096463738707615,0.9399983970848746,-0.24019221602998467
40.0,6.42,-0.12359057412046642,-0.3282975402531349,-0.059596787527646335,-0.23602024435478616,0.8755718401944571,-0.33214983913438173,0.9394481057132461,-0.24121740337601005
40.0,6.44,-0.12462447950046016,-0.32947377603664074,-0.06014444102031691,-0.23703413689436667,0.8745321034111472,-0.3333356698408735,0.938893173553611,-0.2422455134551773
40.0,6.46,-0.12566547774464457,-0.3306506745321399,-0.06069680168515733,-0.23805099894383272,0.8734852136563401,-0.33452209621739737,0.9383335518592902,-0.24327657145258239
40.0,6.48,-0.12671365971935217,-0.3318281880994624,-0.061253817990397266,-0.23907084806655407,0.8724311220382742,-0.3357091002038788,0.9377692013569121,-0.24431056976802765
40.0,6.5,-0.12776912599022078,-0.3330062911679747,-0.06181556994832757,-0.24009369773086076,0.8713697660653403,-0.33689669292766167,0.9372000666978965,-0.24534754877432588
40.0,6.52,-0.12883185422170507,-0.3341849832790027,-0.062382131502704406,-0.24111953357592045,0.8703011137655117,-0.3380848093418911,0.9366261127693555,-0.2463874839190205
40.0,6.54,-0.1299018828816275,-0.3353642496113729,-0.06295350742824238,-0.24214841842316917,0.8692251039874244,-0.3392734600152993,0.9360472851120042,-0.2474304152127504
40.0,6.56,-0.13097930937828772,-0.33654405243969987,-0.06352977271368292,-0.2431803381193201,0.8681416854820547,-0.3404626238141122,0.9354635366610764,-0.24847634933726181
40.0,6.58,-0.13206417472499318,-0.3377243801741916,-0.06411096059630263,-0.24421528914559731,0.8670508141583911,-0.34165226438732105,0.9348748213753018,-0.24952529294570808
40.0,6.6,-0.13315651559350858,-0.3389052095206706,-0.06469711191477243,-0.2452532960631841,0.8659524332399932,-0.34284237481937313,0.9342810866342847,-0.25057726810693925
40.0,6.62,-0.1342564312118105,-0.3400865014205267,-0.06528831843600012,-0.24629440071601652,0.8648464960900721,-0.34403291665612834,0.9336822906295863,-0.2516322645098584
40.0,6.64,-0.1353639027187555,-0.34126826323768067,-0.06588460743703246,-0.24733857140794557,0.863732952338072,-0.34522386689722956,0.933078376194725,-0.2526903198402358
40.0,6.66,-0.13647903017920499,-0.34245045541025393,-0.06648597804222632,-0.24838584459799343,0.8626117377487376,-0.3464152313717211,0.9324692937535596,-0.25375143852618715
40.0,6.68,-0.1376017931641552,-0.343633081611269,-0.06709256741418754,-0.2494362510769189,0.8614828124163624,-0.3476069551117514,0.9318549903132958,-0.2548156412133213
40.0,6.7,-0.13873235112983212,-0.3448160735422757,-0.067704352578668,-0.25048974168938604,0.8603461175809411,-0.3487990274545268,0.9312354206228622,-0.2558829153655167
40.0,6.72,-0.139870747795569,-0.3459994179928229,-0.06832143656839067,-0.25154638752511105,0.8592016007504687,-0.3499914221562487,0.9306105304967618,-0.2569532806288855
40.0,6.74,-0.14101696006615239,-0.347183110354154,-0.06894385628271282,-0.2526061853232119,0.8580492096803374,-0.35118411246547643,0.9299802600623787,-0.2580267721916598
40.0,6.76,-0.1421710905981798,-0.3483671089870686,-0.06957164880283959,-0.25366913165590543,0.8568888913915406,-0.3523770707158419,0.9293445673515398,-0.25910335991649514
40.0,6.78,-0.1433331227334179,-0.34955142542751233,-0.07020486755732845,-0.25473528158170666,0.8557205840408408,-0.35357028243862626,0.9287033878083619,-0.2601830944399323
40.0,6.8,-0.14450327747303363,-0.35073595496842225,-0.07084363156944408,-0.25580457789270683,0.8545442432878778,-0.3547637047616104,0.9280566727220219,-0.26126596050890505
40.0,6.82,-0.14568141486773992,-0.35192075491071106,-0.0714878983800367,-0.25687707087578915,0.8533598068169618,-0.35595732171504674,0.9274043607640795,-0.2623519914001116
40.0,6.84,-0.14686769916953593,-0.3531057527086585,-0.07213781291071569,-0.25795279137332044,0.8521672269573582,-0.3571510877791976,0.926746397490529,-0.26344118696828633
40.0,6.86,-0.14806223462756657,-0.3542908998604643,-0.07279336161337387,-0.25903171878272874,0.8509664366726046,-0.35834500112790907,0.9260827316376808,-0.26453354759370706
40.0,6.88,-0.1492649403710891,-0.3554762250311315,-0.0734546377958534,-0.2601138665368829,0.8497573888676566,-0.35953901514669434,0.9254132983823055,-0.265629104360393
40.0,6.9,-0.15047591907038183,-0.35666167552273886,-0.07412169044158903,-0.26119926086050316,0.8485400203353989,-0.3607331107265499,0.9247380431114467,-0.2667278558865449
40.0,6.92,-0.1516953420448643,-0.35784718347264716,-0.07479460621693987,-0.262287885043755,0.8473142836776771,-0.3619272397856978,0.9240569043965924,-0.2678298159030962
40.0,6.94,-0.1529231248709758,-0.3590327694867083,-0.07547339820265661,-0.26337980870900274,0.8460801153289568,-0.3631213816439215,0.9233698286100542,-0.2689349824943892
40.0,6.96,-0.15415937370114136,-0.3602183831924126,-0.07615814557506359,-0.2644749848419192,0.8448374549076886,-0.36431551622400055,0.9226767484359699,-0.2700433843085524
40.0,6.98,-0.15540413262447594,-0.36140400031555364,-0.07684894587396127,-0.2655734264064926,0.8435862511609082,-0.3655095916772026,0.9219776058704128,-0.27115501728936164
40.0,7.0,-0.1566575092011942,-0.3625895690737324,-0.07754580486131483,-0.2666751732613807,0.8423264424252641,-0.366703585911511,0.9212723365910731,-0.27226991005131457
40.0,7.02,-0.15791954669899083,-0.3637750600096257,-0.07824882155164119,-0.2677802387498262,0.8410579653790706,-0.3678974753316008,0.9205608792997256,-0.27338805667151006
40.0,7.04,-0.15919022665217186,-0.3649604754183671,-0.07895799333820962,-0.2688886326403656,0.8397807698804853,-0.36909120635841075,0.919843171101558,-0.274509467778111
40.0,7.06,-0.16046971797685564,-0.3661457258553673,-0.0796735055707866,-0.2700003093773796,0.8384947914007187,-0.37028475333631405,0.9191191490333542,-0.2756341535095395
40.0,7.08,-0.1617580064328172,-0.36733082140766504,-0.08039531883136682,-0.27111532306821146,0.8371999741430046,-0.37147807616889306,0.9183887468933845,-0.2767621225541886
40.0,7.1,-0.16305519839154156,-0.36851569909608123,-0.08112353526180204,-0.27223368665681075,0.8358962598222365,-0.3726711328877575,0.9176519005384915,-0.27789338372615646
40.0,7.12,-0.16436133849365084,-0.36970032767752886,-0.0818582106585873,-0.27335542717202377,0.8345835765655076,-0.37386390962428745,0.9169085415439564,-0.2790279440462999
40.0,7.14,-0.16567640868994915,-0.37088470884338753,-0.08259943029747104,-0.27448049433045196,0.8332618743262721,-0.37505634895075746,0.9161585997164139,-0.2801658269593878
40.0,7.16,-0.16700064620794866,-0.37206871985499396,-0.08334726083827318,-0.2756089463330486,0.8319310885231866,-0.37624842110542983,0.9154020113894775,-0.281307022409569
40.0,7.18,-0.1683339709187734,-0.37325239467166477,-0.08410175052648122,-0.27674077847682327,0.8305911520732364,-0.37744009431809544,0.9146387101143243,-0.28245153646436155
40.0,7.2,-0.1696764261419209,-0.3744356967989591,-0.08486300614202277,-0.2778760030166512,0.8292420143671572,-0.3786313084566283,0.9138686202410127,-0.2835993892980766
40.0,7.22,-0.17102819032532018,-0.37561853837752457,-0.08563107732390811,-0.2790146147932402,0.8278836101791242,-0.3798220308930797,0.9130916681156112,-0.2847506011233689
40.0,7.24,-0.17238930628478136,-0.3768008766018258,-0.08640601398642422,-0.2801566084148144,0.826515871830194,-0.38101222696273346,0.9123077928420331,-0.2859051431135066
40.0,7.26,-0.1737597608785605,-0.3779827203598866,-0.08718788639557169,-0.2813020430265471,0.8251387406402553,-0.3822018477400985,0.9115169146733129,-0.28706304994434395
40.0,7.28,-0.17513959454487874,-0.3791640226219844,-0.0879767847314317,-0.28245086568379096,0.8237521517442014,-0.3833908580430445,0.9107189605945228,-0.2882243228224331
40.0,7.3,-0.17652899059563995,-0.3803446961921184,-0.08877284078035272,-0.2836031527235409,0.8223560426864555,-0.3845792053910644,0.9099138636812011,-0.2893889468117393
40.0,7.32,-0.17792799288490918,-0.3815246962890824,-0.08957603756788941,-0.28475884861752787,0.8209503476684202,-0.3857668523013278,0.9091015367972998,-0.29055696990577856
40.0,7.34,-0.17933658673833358,-0.38270402664568515,-0.09038648789217583,-0.2859179642852585,0.8195350071620112,-0.3869537457962361,0.9082819148775713,-0.2917283590575918
40.0,7.36,-0.18075488260149045,-0.38388261101571497,-0.09120426642768667,-0.28708055932790627,0.8181099535391259,-0.3881398456295959,0.9074549136257998,-0.29290314440297716
40.0,7.38,-0.18218292873809566,-0.3850604124145952,-0.09202946743382308,-0.28824657854091856,0.8166751177880538,-0.389325109893942,0.9066204629447449,-0.2940813075316706
40.0,7.4,-0.18362077354812048,-0.3862373935491186,-0.09286215678594502,-0.2894160481888581,0.8152304401088167,-0.39050948257504037,0.9057784752900294,-0.2952628762061704
40.0,7.42,-0.18506853318438246,-0.3874134845145018,-0.09370240105894544,-0.2905889948039997,0.8137758603617442,-0.39169290654097216,0.904928876453158,-0.29644784685832415
40.0,7.44,-0.1865262526403045,-0.38858863768224666,-0.0945503075739805,-0.2917653950941566,0.8123113015650807,-0.3928753505334926,0.9040715859997815,-0.29763621322554423
40.0,7.46,-0.1879940514294439,-0.38976278564015115,-0.09540588254352099,-0.2929452581985031,0.8108367028430687,-0.39405675499862297,0.9032065172708382,-0.29882800127266007
40.0,7.48,-0.18947190926179938,-0.3909359168060861,-0.09626935919056581,-0.2941285940901934,0.8093519952029051,-0.39523707291361276,0.9023335960682565,-0.30002318790024934
40.0,7.5,-0.19095987353053515,-0.3921079869119759,-0.09714064273179228,-0.2953154454561997,0.8078571171560255,-0.39641624235654005,0.9014527304808398,-0.3012217958931558
40.0,7.52,-0.1924581311904975,-0.39327888864913485,-0.09801999849031695,-0.2965057367665527,0.8063519930843533,-0.39759422839911734,0.9005638348084728,-0.3024238318431764
40.0,7.54,-0.19396665996480733,-0.3944486047443469,-0.0989073431408534,-0.29769954484227207,0.8048365678526217,-0.39877095260077744,0.8996668349650179,-0.30362927052374566
40.0,7.56,-0.1954855125525774,-0.39561709806191586,-0.09980289313164445,-0.2988968096856618,0.8033107634031806,-0.39994637660004234,0.8987616295224801,-0.30483814670929443
40.0,7.58,-0.19701480430205587,-0.3967842830774202,-0.10070661168898958,-0.30009757426803235,0.8017745190277685,-0.4011204344975034,0.8978481423942586,-0.3060504329707119
40.0,7.6,-0.1985546536516914,-0.39795007731036885,-0.10161873088529948,-0.3013018149196127,0.8002277631220097,-0.4022930713379084,0.896926278473856,-0.307266147118935
40.0,7.62,-0.20010504289725556,-0.3991144712201771,-0.10253921153372457,-0.30250956448072597,0.7986704275359947,-0.4034642327181768,0.8959959533525361,-0.30848527481123966
40.0,7.64,-0.20166602118936708,-0.4002774161675177,-0.10346823002127335,-0.30372079861373896,0.7971024411344084,-0.40463386154599124,0.8950570634184515,-0.30970784674514446
40.0,7.66,-0.2032377731834271,-0.4014387828981346,-0.10440585501389382,-0.304935517595091,0.795523740589788,-0.4058018859965786,0.8941095286922538,-0.31093383093719024
40.0,7.68,-0.2048202836952606,-0.4025985651945377,-0.10535221397819292,-0.30615371723545265,0.7939342482728332,-0.4069682607527502,0.8931532564466242,-0.3121632251536536
40.0,7.7,-0.20641360264321298,-0.40375671227943344,-0.10630727009180209,-0.30737543423062064,0.792333901474774,-0.4081329118749908,0.8921881410086848,-0.31339605672359616
40.0,7.72,-0.2080178458765445,-0.4049131272982976,-0.10727125959597249,-0.30860062703029895,0.7907226311916282,-0.40929577848272336,0.8912140995873893,-0.3146322901061394
40.0,7.74,-0.20963306631867692,-0.40606776232492614,-0.1082442547997843,-0.30982929450482194,0.7891003574918926,-0.41045681025178754,0.8902310245015825,-0.31587195007509034
40.0,7.76,-0.2112593856527309,-0.40722052746135795,-0.10922627678090233,-0.31106146154369163,0.7874670209302564,-0.41161591368467654,0.8892388256083242,-0.3171150141660818
40.0,7.78,-0.21289678140848578,-0.40837140081201473,-0.1102175111812712,-0.3122970995175096,0.7858225378474514,-0.4127730338667526,0.8882373987558315,-0.31836148898223576
40.0,7.8,-0.2145454447011233,-0.4095202487610064,-0.11121803533624859,-0.3135362135800109,0.784166866935593,-0.41392810178183703,0.8872266509671901,-0.31961134915388734
40.0,7.82,-0.2162052864879496,-0.41066709524391615,-0.11222792465394946,-0.3147788015252019,0.7824999008718375,-0.41508106485657914,0.8862064660441431,-0.32086462994109044
40.0,7.84,-0.2178765705935323,-0.41181176646665435,-0.113247312876479,-0.31602484842899714,0.7808215892780974,-0.4162318291328951,0.885176755759666,-0.32212128818837593
40.0,7.86,-0.21955920282249136,-0.41295427618005526,-0.11427622585316875,-0.3172743820734566,0.7791318519742322,-0.417380336021434,0.8841374122068988,-0.3233813250972772
40.0,7.88,-0.22125330415443717,-0.4140945240811334,-0.11531490767690865,-0.3185273393855039,0.7774306242613837,-0.4185264987698676,0.8830883218772907,-0.3246447562210018
40.0,7.9,-0.222959001446376,-0.4152324176869982,-0.11636333195336722,-0.31978377112903117,0.7757178294434977,-0.4196702752868188,0.8820293862791995,-0.32591154903456665
40.0,7.92,-0.2246762667631251,-0.41636792210760054,-0.11742168869751461,-0.3210436290462054,0.7739934031218151,-0.42081155866404896,0.8809604957659511,-0.3271817008201524
40.0,7.94,-0.226405300187723,-0.4175009036559577,-0.11849006319160656,-0.3223069192753318,0.7722572600367202,-0.42195028171331617,0.8798815444943127,-0.32845519164559495
40.0,7.96,-0.22814607903051604,-0.4186313355651358,-0.11956859520147166,-0.3235736195273049,0.7705093321926707,-0.4230863675940973,0.878792415315066,-0.32973203120750744
40.0,7.98,-0.22989872626749533,-0.4197591114427458,-0.12065731265828472,-0.3248437486416838,0.7687495614677726,-0.42421974344969365,0.8776929938587074,-0.3310122115319886
40.0,8.0,-0.23166328946340042,-0.42088415866183776,-0.12175641684234287,-0.3261172697392671,0.7669778553752616,-0.4253503159891768,0.8765831775016962,-0.3322956928858969
40.0,8.02,-0.23343982139837083,-0.42200641365531405,-0.12286599307583282,-0.3273941758525303,0.7651941491545331,-0.4264780055996237,0.8754628464893958,-0.33358248036073035
40.0,8.04,-0.2352284432854344,-0.4231257615012105,-0.12398613018146609,-0.32867446725976485,0.7633983716496698,-0.42760274509863067,0.8743318819540239,-0.33487256060246473
40.0,8.06,-0.23702920836217137,-0.42424213649511644,-0.1251169738847819,-0.32995811839431943,0.761590442655087,-0.4287244431227922,0.8731901672389394,-0.33616591981110006
40.0,8.08,-0.23884216710654096,-0.42535546745930003,-0.1262586137062629,-0.3312451246559733,0.7597702994793388,-0.4298429990045654,0.8720375828755743,-0.3374625418025674
40.0,8.1,-0.24066743879072985,-0.4264656307609552,-0.12741120085794605,-0.33253546657481864,0.7579378656634256,-0.4309583377239193,0.8708740165365567,-0.3387623943363517
40.0,8.12,-0.24250507973221477,-0.4275725627638145,-0.12857488236684755,-0.3338291083200521,0.7560930647205755,-0.43207036502860857,0.8696993334044979,-0.3400654875823916
40.0,8.14,-0.24435513505611373,-0.4286761795420563,-0.1297497542790367,-0.33512605088925934,0.7542358226028112,-0.4331790038360159,0.8685134235812237,-0.3413717700136927
40.0,8.16,-0.24621765527303782,-0.429776406310788,-0.13093590746550793,-0.3364262795783775,0.7523660653501045,-0.43428415787554653,0.8673161467230066,-0.34268126426585455
40.0,8.18,-0.24809283832204923,-0.4308730760672559,-0.1321334999916774,-0.3377297756092794,0.7504837279521049,-0.43538571680390387,0.866107390528537,-0.3439939150351844
40.0,8.2,-0.24998066303787847,-0.43196615929864846,-0.1333426825498091,-0.33903649578055417,0.7485887239895345,-0.4364836086364872,0.8648870211315138,-0.34530970954524903
40.0,8.22,-0.2518811743293432,-0.4330555682609477,-0.13456355724258098,-0.34034644249633655,0.7466809911880897,-0.43757772106283244,0.8636549079068412,-0.34662863475993344
40.0,8.24,-0.2537945013311351,-0.43414118512958016,-0.13579621930439537,-0.3416595982983189,0.7447604448678663,-0.43866796189236124,0.8624109266715033,-0.3479506436842255
40.0,8.26,-0.25572076210348993,-0.43522287005970905,-0.13704088751929686,-0.34297590528591676,0.7428270188891496,-0.4397542479210557,0.8611549323185158,-0.3492757493238574
40.0,8.28,-0.25765993164283174,-0.4363005860136605,-0.13829760462594454,-0.34429537979119174,0.7408806381882789,-0.4408364538217033,0.8598868054988252,-0.35060388595690095
40.0,8.3,-0.2596121396955994,-0.4373742110144582,-0.13956659105566835,-0.3456179576369619,0.738921231005933,-0.44191448932792426,0.8586063947924877,-0.3519350607075849
40.0,8.32,-0.2615774251024151,-0.43844364147165965,-0.1408478898045679,-0.3469436501231741,0.7369487177502863,-0.442988240036012,0.857313581762417,-0.3532692049576325
40.0,8.34,-0.2635559210829834,-0.4395087572364766,-0.14214172611905176,-0.3482723945796795,0.734963038145409,-0.4440576186762811,0.8560082065583932,-0.3546063363977217
40.0,8.36,-0.2655476694210983,-0.4405694571275167,-0.14344820589681856,-0.3496041761427416,0.7329641072823926,-0.4451225036723182,0.85469014673888,-0.3559463813354387
40.0,8.38,-0.2675527175962017,-0.4416256492429041,-0.1447674954592136,-0.3509389501653304,0.7309518511106171,-0.446182795412796,0.8533592454639359,-0.35728933756007614
40.0,8.4,-0.26957119316388783,-0.44267719893385193,-0.146099641561329,-0.3522767255788561,0.7289262043767051,-0.44723836259150496,0.8520153721953562,-0.3586351419490413
40.0,8.42,-0.27160306619207625,-0.4437240590827346,-0.1474449377499074,-0.3536174088121218,0.7268870807387356,-0.4482891289501524,0.8506583689949108,-0.3599837880479896
40.0,8.44,-0.27364853229172154,-0.444766029662064,-0.14880343172311175,-0.3549610027463316,0.7248344261953514,-0.4493349484302947,0.8492881015240092,-0.361335207393574
40.0,8.46,-0.2757076387562121,-0.44580301337552325,-0.1501752954269489,-0.35630745818723103,0.7227681572580049,-0.45037572473386567,0.8479044025780692,-0.36268940315143444
40.0,8.48,-0.2777804357476003,-0.446834917236993,-0.1515607060548214,-0.35765673260157793,0.7206881995839934,-0.45141132994411026,0.8465071414218113,-0.3640462869646251
40.0,8.5,-0.2798669635206675,-0.4478616320018988,-0.15295983741397487,-0.3590087695737351,0.71859448905358,-0.45244164033834894,0.8450961489775639,-0.365405857073518
40.0,8.52,-0.2819673498765161,-0.44888301378244205,-0.1543727427908138,-0.36036357316932294,0.716486947594382,-0.453466556247226,0.8436712792117999,-0.36676804946290115
40.0,8.54,-0.2840815562130481,-0.44989900004322925,-0.1557995999023747,-0.3617210892854509,0.7143654983056623,-0.454485941358006,0.8422323720740994,-0.3681328269423212
40.0,8.56,-0.28620986404473076,-0.450909339351625,-0.15724065163045284,-0.3630812346960984,0.7122300907545115,-0.45549965638394035,0.8407792736116871,-0.36950013526821573
40.0,8.58,-0.2883521556107799,-0.4519140161694052,-0.15869601822563922,-0.36444398303613834,0.7100806201282897,-0.45650759506804245,0.8393118267469081,-0.3708699166161719
40.0,8.6,-0.2905085583387814,-0.45291288051559925,-0.16016588287287023,-0.3658092750988534,0.7079170482112881,-0.45750962129601097,0.8378298547367962,-0.37224215469050376
40.0,8.62,-0.2926791933152502,-0.45390576962076473,-0.16165036463777033,-0.3671770738778278,0.7057392822430213,-0.45850561408485574,0.836333212048964,-0.3736167571070638
40.0,8.64,-0.2948640956230226,-0.45489255924861227,-0.16314958903132437,-0.3685473542569324,0.7035472719007883,-0.45949542486085215,0.8348217251374034,-0.3749936867178314
40.0,8.66,-0.2970633132964846,-0.45587314511853794,-0.1646638022354387,-0.36992001168637534,0.7013409207386723,-0.460478925097327,0.833295219247921,-0.37637290330476114
40.0,8.68,-0.2992769634334091,-0.45684735407813115,-0.16619319970899288,-0.37129499314703157,0.6991201990527858,-0.46145597487097095,0.831753538239738,-0.37775431999514497
40.0,8.7,-0.30150508672453274,-0.4578150683165303,-0.167737904284975,-0.3726722517123705,0.696884998771907,-0.4624264503158026,0.8301965043320767,-0.3791378901365714
40.0,8.72,-0.3037477232944755,-0.45877616905452173,-0.1692980434602948,-0.37405174807144165,0.6946352625066612,-0.4633902056698821,0.8286239443614777,-0.38052354900236035
40.0,8.74,-0.3060049894057599,-0.459730477841881,-0.17087387669535553,-0.37543338238395507,0.6923709433205477,-0.46434708217441273,0.8270356861484359,-0.3819112296416627
40.0,8.76,-0.3082769279842338,-0.4606778780386272,-0.17246553278085183,-0.3768171075550502,0.6900919483434452,-0.46529695779711766,0.8254315470845701,-0.3833008750641873
40.0,8.78,-0.31056356715109174,-0.4616182308011656,-0.17407314336490182,-0.3782028798382122,0.6877982115297654,-0.46623967304771036,0.8238113561262189,-0.38469239579473963
40.0,8.8,-0.31286511356188956,-0.46255131358228946,-0.17569703978014695,-0.3795905625364994,0.6854896931505686,-0.46717508362142157,0.8221749290352728,-0.3860857284044991
40.0,8.82,-0.31518143666220977,-0.46347709838922047,-0.177337289190059,-0.3809801339669746,0.6831663083291379,-0.4681030293884658,0.8205220798133178,-0.38748080566858345
40.0,8.84,-0.31751281265905085,-0.46439528763953136,-0.17899409213060646,-0.38237151002359615,0.6808279825254185,-0.469023371741419,0.8188526207623467,-0.3888775565242995
40.0,8.86,-0.3198591202105298,-0.4653058676448519,-0.18066765306241692,-0.38376460875373075,0.6784746680133581,-0.4699359525795336,0.8171663761700568,-0.3902758775049927
40.0,8.88,-0.32222054676479284,-0.46620858059177805,-0.1823581741755147,-0.38515933709120553,0.6761063119303755,-0.4708406075491861,0.8154631474986871,-0.3916757037074149
40.0,8.9,-0.32459704663793626,-0.46710335030487893,-0.18406579621010016,-0.3865556405777588,0.6737228244615167,-0.4717371786682924,0.8137427433460348,-0.3930769528455126
40.0,8.92,-0.32698881407947683,-0.4679899246364188,-0.1857907264429219,-0.38795342673061556,0.6713241502470437,-0.47262551127390523,0.8120049777444749,-0.39447952446566154
40.0,8.94,-0.3293957982293513,-0.46886821948031315,-0.18753324197153382,-0.38935256790806444,0.6689102449754435,-0.47350543805096046,0.8102496537336952,-0.39588332697453693
40.0,8.96,-0.33181811072042744,-0.46973803549438975,-0.18929341596476987,-0.39075302737934986,0.666481035910825,-0.4743767861452346,0.8084765698536238,-0.39728828062416693
40.0,8.98,-0.3342558552147974,-0.4705991597140013,-0.1910715289603731,-0.3921546727599912,0.6640364687873596,-0.4752393925924232,0.8066855334975137,-0.39869427143736186
40.0,9.0,-0.33670898578239394,-0.47145151552754627,-0.19286779788381317,-0.3935574060512036,0.6615764770941099,-0.47609308251650917,0.8048763328421122,-0.400101224910793
40.0,9.02,-0.3391776907834125,-0.4722948331038229,-0.1946823682092104,-0.39496115158162287,0.6591010127438717,-0.476937691019882,0.8030487720962277,-0.401509018193158
40.0,9.04,-0.34166190703448823,-0.4731290114514796,-0.1965154531481284,-0.39636579336156474,0.6566100155829512,-0.47777304130354853,0.8012026503150702,-0.40291753967155913
40.0,9.06,-0.34416166022457584,-0.4739539009629071,-0.1983672744797533,-0.3977712263072067,0.6541034287719041,-0.4785989556170088,0.7993377487445844,-0.4043266999550647
40.0,9.08,-0.34667714478440714,-0.4747692353705705,-0.2002380513455885,-0.39917733345313666,0.6515811988198486,-0.47941525528589285,0.7974538636030383,-0.4057363781454515
40.0,9.1,-0.34920837330633286,-0.4755748437937444,-0.20212800469038172,-0.4005839949617981,0.6490432765276914,-0.4802217438835932,0.7955507795726136,-0.4071464609828408
40.0,9.12,-0.35175536915304617,-0.47637057055071524,-0.2040373572616102,-0.4019910880701001,0.6464896069385515,-0.481018252363267,0.7936282895465328,-0.4085568177266943
40.0,9.14,-0.3543181505609067,-0.47715625332523337,-0.2059662632021331,-0.40339852298308027,0.64392014048255,-0.4818045770932599,0.7916861768583763,-0.4099673260475813
40.0,9.16,-0.3568969014130889,-0.4779316040451568,-0.20791501877625568,-0.4048061356553616,0.6413348292893554,-0.48258054724396854,0.7897242189047134,-0.41137787369708734
40.0,9.18,-0.35949147126591197,-0.4786965808153821,-0.20988378123364151,-0.4062138308605264,0.6387336311194625,-0.4833459576074176,0.7877421860791046,-0.41278832273460103
40.0,9.2,-0.3621020379305655,-0.4794508858680291,-0.21187277734081547,-0.40762146994156484,0.6361164833591679,-0.4841006189790285,0.7857398810565029,-0.4141985300424157
40.0,9.22,-0.3647286154750419,-0.48019434940994327,-0.2138823118780371,-0.40902888308162205,0.6334833503431239,-0.48484434127000897,0.7837170672985142,-0.4156083624092023
40.0,9.24,-0.36737130062155054,-0.48092673633383304,-0.2159125392764819,-0.41043595233573443,0.6308341868395835,-0.48557690590528174,0.7816735090491722,-0.41701766459344897
40.0,9.26,-0.37003010522908625,-0.4816478730665298,-0.21796362703306635,-0.4118425813811336,0.628168949305567,-0.4862981268514312,0.7796089946091428,-0.4184263243125453
40.0,9.28,-0.3727050312395223,-0.48235757372300786,-0.22003594733944087,-0.41324853311108767,0.6254876078876617,-0.4870077897855563,0.7775232738464414,-0.4198341511701708
40.0,9.3,-0.3753960876349463,-0.4830556622756041,-0.22212973876410766,-0.4146536557611464,0.6227901126882016,-0.4877056960404823,0.7754161387664802,-0.42124100733571945
40.0,9.32,-0.37810344217050207,-0.48374181837993346,-0.22424509382333904,-0.41605786754682916,0.6200764265475492,-0.48839163529080243,0.7732873394293286,-0.422646727133861
40.0,9.34,-0.3808270257906601,-0.4844159383448929,-0.2263823233117807,-0.417460967500269,0.6173465180358588,-0.4890653802006101,0.7711366304976947,-0.4240511593774303
40.0,9.36,-0.38356691061050024,-0.4850777518369802,-0.2285416622825733,-0.4188627797378048,0.6146003572923289,-0.4897267357638524,0.7689637919140097,-0.42545410866391753
40.0,9.38,-0.3863231002520208,-0.48572707507595647,-0.2307233578484238,-0.42026314386155567,0.6118378990428605,-0.49037547303620777,0.7667685846411372,-0.42685541623018514
40.0,9.4,-0.3890956772507982,-0.4863636495662823,-0.2329276482186818,-0.4216618763800251,0.6090591238473743,-0.49101137947343043,0.7645507538612727,-0.4282548912016017
40.0,9.42,-0.39188471842259603,-0.4869872080298699,-0.2351548495533247,-0.4230587536307667,0.6062639957800974,-0.4916342251290856,0.7623100584451997,-0.4296523618746864
40.0,9.44,-0.3946900529817328,-0.4875976978500736,-0.2374050609663432,-0.4244536755702339,0.6034524976886796,-0.4922437909326515,0.760046243176203,-0.43104764255612504
40.0,9.46,-0.39751192001923596,-0.48819470537454457,-0.23967867298079976,-0.42584636416667243,0.6006246049367516,-0.49283982995823905,0.7577590879086213,-0.43244050865045486
40.0,9.48,-0.400350225858221,-0.4887781004990834,-0.24197585849950598,-0.42723666561977675,0.5977802859464173,-0.49342213775985816,0.7554483212193992,-0.43383078783142437
40.0,9.5,-0.40320496004642153,-0.4893476834933271,-0.24429686569873715,-0.428624380878734,0.5949195329423542,-0.4939904723859184,0.7531136982644281,-0.43521826373354144
40.0,9.52,-0.40607626731912405,-0.4899030947383988,-0.24664201638157918,-0.43000925861611955,0.5920423141469241,-0.49454458509452326,0.7507549534665183,-0.43660271891328717
40.0,9.54,-0.4089641432923059,-0.490444140284898,-0.249011486884049,-0.43139113332438667,0.5891486371724923,-0.49508425538428974,0.7483718428697625,-0.43798394158861853
40.0,9.56,-0.41186846782873027,-0.4909706629682277,-0.25140559922300804,-0.4327697389972114,0.5862384585856835,-0.495609232969726,0.7459641172774741,-0.4393616925407634
40.0,9.58,-0.4147893992097574,-0.4914823174522213,-0.2538245288764646,-0.43414489691677377,0.5833117916399178,-0.49611927537563383,0.7435315090986301,-0.4407357672216097
40.0,9.6,-0.4177268226004801,-0.4919789548576038,-0.2562686825535249,-0.4355162962446834,0.5803686174391963,-0.49661414343707383,0.7410737613238434,-0.44210590732875277
40.0,9.62,-0.42068079248487933,-0.49246028025942823,-0.2587381562247923,-0.43688378359388297,0.5774089487211869,-0.49709356754510353,0.73859060657982,-0.4434718759556142
40.0,9.64,-0.42365145719869296,-0.49292593283731007,-0.2612333568372002,-0.4382470318144607,0.5744327539364051,-0.4975573229687537,0.7360817740542288,-0.4448334263458288
40.0,9.66,-0.4266386044974563,-0.4933758272182013,-0.26375446417186005,-0.43960584347858145,0.5714400507564618,-0.4980051345968711,0.7335470228769585,-0.4461903044237311
40.0,9.68,-0.42964228747532585,-0.4938096673596138,-0.26630172590037715,-0.4409599562367838,0.5684308454158964,-0.4984367477617456,0.7309860753379094,-0.44754222586683107
40.0,9.7,-0.4326625473279741,-0.49422714254818295,-0.26887555715783296,-0.4423090290244534,0.5654051348708272,-0.49885191217891434,0.7283986691610012,-0.44888894249648287
40.0,9.72,-0.43569943802632727,-0.49462795581263275,-0.27147605384591306,-0.44365288118205654,0.5623629308794603,-0.4992503678511849,0.7257845303840376,-0.45023017296370577
40.0,9.74,-0.4387528236818466,-0.4950119429399075,-0.27410354989650815,-0.44499119700193895,0.559304240760064,-0.4996318281539457,0.7231433828217654,-0.4515656257720677
40.0,9.76,-0.4418227435049381,-0.4953787921175885,-0.2767583745972433,-0.4463236433031217,0.5562290866391724,-0.4999960495388334,0.7204749732340702,-0.45289501485652595
40.0,9.78,-0.4449091427819828,-0.4957282601557909,-0.27944071205505316,-0.4476499924614414,0.5531374799710108,-0.5003427561178575,0.7177790215678196,-0.4542180283754554
40.0,9.8,-0.44801206097631463,-0.496060035913713,-0.28215088675036837,-0.44896988890807626,0.5500294476487105,-0.5006716629925176,0.7150552466924255,-0.4555343618826525
40.0,9.82,-0.4511314330910413,-0.49637386653629834,-0.28488916203946296,-0.4502830449454983,0.546905020880609,-0.5009825014740011,0.7123033908038165,-0.45684371619686565
40.0,9.84,-0.45426728832780167,-0.49666943015055287,-0.28765578874797254,-0.4515891464101993,0.5437642099783865,-0.5012749958347837,0.7095231782342818,-0.4581457535408852
40.0,9.86,-0.4574195613895541,-0.4969464756772944,-0.2904510968988157,-0.45288782245081644,0.5406070535411767,-0.5015488730763197,0.7067143327430565,-0.45944012571285436
40.0,9.88,-0.46058818939168583,-0.4972047566351013,-0.2932753483667683,-0.4541787610396214,0.5374335872183502,-0.5018038344439125,0.703876569916985,-0.4607265215083337
40.0,9.9,-0.4637731774734637,-0.4974439273265864,-0.29612878839115336,-0.4554616179157995,0.5342438575445113,-0.5020396033073199,0.7010096209978887,-0.46200457671335377
40.0,9.92,-0.46697446232051926,-0.4976637431413615,-0.29901175194403334,-0.45673600601070513,0.5310378936698719,-0.5022558810483813,0.6981132094032994,-0.4632739288112118
40.0,9.94,-0.4701919616590332,-0.4978639412246811,-0.30192449496030765,-0.45800158261415785,0.5278157567488767,-0.5024523933928856,0.6951870750635083,-0.46453421526172395
40.0,9.96,-0.47342576931824243,-0.49804409814722417,-0.30486718262712886,-0.45925803594123665,0.5245774848785455,-0.5026288384807279,0.6922309184740223,-0.46578505352317373
40.0,9.98,-0.4766756229659049,-0.4982041119735669,-0.3078403072982458,-0.4605048452912927,0.521323130076411,-0.5027849216543873,0.6892444893333911,-0.46702606481284614
40.0,10.0,-0.4799416046713623,-0.4983435492387201,-0.31084395705245854,-0.46174174299883947,0.518052760942476,-0.5029203407502943,0.6862274907933668,-0.46825684474762425
40.0,10.02,-0.4832237063642983,-0.49846205527098675,-0.3138785408770318,-0.46296823964611383,0.5147664304369691,-0.5030348076618403,0.6831796595603136,-0.46947699943297266
40.0,10.04,-0.4865217538268898,-0.498559453439756,-0.31694422210589945,-0.4641839952594201,0.5114642199876847,-0.5031280032427268,0.6801007189657184,-0.4706860959295986
40.0,10.05,-0.48817670979095873,-0.49860015766590204,-0.31848883886124196,-0.4647877005818276,0.509807169167267,-0.5031665334656523,0.6785495002652139,-0.47128637346338076
40.0,10.06,-0.48983563411615433,-0.49863546003125603,-0.3200413284587102,-0.46538855857889294,0.5081461782567428,-0.5031996403703448,0.6769903942369183,-0.4718837249211687
40.0,10.08,-0.49316542163050536,-0.49868963550258477,-0.323170180198692,-0.46658145832768405,0.5048123974165591,-0.5032493982172617,0.673848422062258,-0.4730694369277737
40.0,10.1,-0.4965109149044679,-0.4987217832663569,-0.3263310155286466,-0.46776227065882103,0.5014629547205843,-0.5032769702616041,0.6706745176989939,-0.47424280678064396
40.0,10.12,-0.4998720885731999,-0.49873153947184873,-0.32952407508325454,-0.46893056968611313,0.49809793906748107,-0.5032820377538495,0.66746842545653,-0.475403345783373
40.0,10.14,-0.5032488266218774,-0.49871862493547287,-0.33274959434547124,-0.47008591664088184,0.4947174217819554,-0.503264310478019,0.664229876089134,-0.47655061199069454
40.0,10.16,-0.506641084746983,-0.49868265977724546,-0.3360079678420128,-0.47122774243026017,0.4913215155973675,-0.5032234458141929,0.6609585907930422,-0.47768410702711767
40.0,10.18,-0.5100487451831083,-0.4986233672354452,-0.3392994249492756,-0.472355584056127,0.4879103128674078,-0.50315914438717,0.6576543188619492,-0.4788033379739167
40.0,10.2,-0.5134716629151488,-0.49854044686153565,-0.3426241930517272,-0.473468970619655,0.4844839157812072,-0.5030710751168224,0.6543167906547961,-0.47990781835006097
40.0,10.22,-0.5169097994530031,-0.49843353027151327,-0.3459825762618003,-0.47456735738825256,0.4810424272410939,-0.5029589185388851,0.6509457590969804,-0.48099702760858665
40.0,10.24,-0.5203630016020994,-0.4983023138968754,-0.34937471101452944,-0.4756503110976613,0.4775859739417775,-0.5028223557783013,0.6475409442858342,-0.4820704403407363
40.0,10.26,-0.5238311238504221,-0.49814650504469576,-0.35280106732177907,-0.4767171518271732,0.4741146755676607,-0.5026610541251251,0.6441021125603584,-0.48312751397369047
40.0,10.28,-0.5273141095674881,-0.49796572416137935,-0.3562616856460881,-0.4777674785715655,0.4706286441188882,-0.5024747010065256,0.640629006940998,-0.4841676897319013
40.0,10.3,-0.5308117927914415,-0.49775966418066653,-0.35975694022799926,-0.4788006409952147,0.46712802579951657,-0.5022629430601817,0.6371213847718711,-0.4851904201776369
40.0,10.32,-0.5343240153364331,-0.49752802903068044,-0.3632871156569317,-0.4798160331929619,0.4636129419341491,-0.5020254638440287,0.6335789981954675,-0.4861951190175673
40.0,10.34,-0.5378506891777948,-0.4972704168861279,-0.36685233010860396,-0.4808131716438181,0.46008354160166554,-0.5017619346050897,0.6300016073345205,-0.48718120577555496
40.0,10.36,-0.5413916534423802,-0.4969865347508346,-0.37045294129709366,-0.481791361493985,0.4565399735793735,-0.5014720194593997,0.626388975889962,-0.4881480669356484
40.0,10.38,-0.5449467179747128,-0.4966760664001884,-0.3740890515164099,-0.48275008977448275,0.4529823867511434,-0.5011553756067404,0.6227408765695573,-0.489095094912787
40.0,10.4,-0.5485157869963541,-0.49633861105956023,-0.3777610071079904,-0.4836886336609339,0.4494109460383272,-0.5008116708533019,0.6190570941452739,-0.4900216550458916
40.0,10.42,-0.5520986733176644,-0.4959738615966468,-0.38146899078347657,-0.4846064003398448,0.4458258116588423,-0.5004405607373597,0.615337400545382,-0.4909271182466532
40.0,10.44,-0.5556951850886244,-0.49558151070638007,-0.38521325226436154,-0.4855027038112328,0.4422271513770371,-0.5000417195354764,0.6115815842616068,-0.49181079577693443
40.0,10.46,-0.5593051128816141,-0.4951612395680625,-0.3889938669770773,-0.4863769818460601,0.4386151426141513,-0.4996148075580538,0.6077894335477336,-0.4926720485626509
40.0,10.48,-0.5629284278471366,-0.4947125442400292,-0.3928112445511792,-0.4872283911754352,0.43498998152707924,-0.49915946412366546,0.6039607459556832,-0.49351018888734455
40.0,10.5,-0.5665647441283311,-0.4942353055604106,-0.3966654455228821,-0.48805634227529265,0.4313518547058368,-0.4986753633234114,0.6000953434998687,-0.49432449251152544
40.0,10.52,-0.5702140162204739,-0.49372901144683917,-0.400556699126659,-0.4888601044498751,0.4277009405310918,-0.49816216218426507,0.5961930199389919,-0.4951142780858278
40.0,10.54,-0.5738759280082275,-0.4931934396689403,-0.4044852151603208,-0.489638917678951,0.42403747402808456,-0.4976195057754096,0.5922536138960259,-0.49587879091592674
40.0,10.56,-0.5775504297200412,-0.49262807972995715,-0.40845120184621836,-0.4903920149566338,0.420361635273516,-0.49704707340503695,0.5882769544113944,-0.49661729843951147
40.0,10.58,-0.5812371022171262,-0.49203280503221586,-0.4124546848483194,-0.4911187548953882,0.41667366293716224,-0.4964444824806289,0.5842628671736596,-0.49732904171383857
40.0,10.6,-0.5849358782031003,-0.4914070974842047,-0.4164959443151808,-0.49181827649877585,0.4129737618912198,-0.4958114262622663,0.5802112045233231,-0.49801324267638936
40.0,10.62,-0.5886465129604705,-0.4907506397224228,-0.4205750675264516,-0.4924898328966835,0.40926218227786765,-0.49514753896956143,0.5761218220573039,-0.4986691192024513
40.0,10.64,-0.592368650479678,-0.49006320132609443,-0.42469222447382743,-0.49313259859784797,0.4055391516396081,-0.49445247320548474,0.571994605537839,-0.4992958551151963
40.0,10.66,-0.5961022130733235,-0.4893442655528377,-0.42884748614354307,-0.49374580420862507,0.40180491520246353,-0.4937258953306629,0.5678294151305555,-0.49989263929126165
40.0,10.68,-0.5998468402943261,-0.48859360825084214,-0.4330410822757002,-0.4943285132358384,0.398059734482853,-0.49296744907856477,0.5636261409740488,-0.5004586428058094
40.0,10.7,-0.603602251596814,-0.4878109033156127,-0.4372730663826178,-0.4948799313291651,0.39430384932513274,-0.4921767966758095,0.5593846932647742,-0.5009929926526145
40.0,10.72,-0.6073683446275907,-0.4869956247160063,-0.4415434723661721,-0.49539924239125044,0.3905375434169535,-0.4913535942919168,0.55510498549157,-0.5014948443845819
40.0,10.74,-0.6111446498738239,-0.48614765189715636,-0.445852400280495,-0.49588553070613234,0.3867610958367262,-0.49049748526347586,0.5507869404294722,-0.5019632987594308
40.0,10.76,-0.6149310458966887,-0.48526645252399975,-0.450199955211611,-0.49633788425258385,0.38297476942624137,-0.48960813753258303,0.5464304972364972,-0.5023974603925041
40.0,10.78,-0.6187270590054634,-0.4843519164308646,-0.4545862110225803,-0.496755354701752,0.37917886669689843,-0.48868520891041783,0.5420356145778255,-0.5027964226653355
40.0,10.8,-0.6225326326968555,-0.4834033967076385,-0.4590111539039119,-0.49713707173579824,0.3753736781589033,-0.487728352102752,0.5376022617200636,-0.503159241500291
40.0,10.82,-0.626347274261675,-0.4824207808087436,-0.4634748291638667,-0.4974820565378399,0.3715595257725,-0.4867372178538263,0.5331304210524095,-0.5034849722593732
40.0,10.84,-0.6301707527252681,-0.4814036440850955,-0.4679772750597983,-0.4977893224525286,0.3677367033293041,-0.48571148324052354,0.5286201065350953,-0.5037726515132451
40.0,10.86,-0.6340027320805878,-0.48035166025772214,-0.47251833246932967,-0.4980580227328532,0.363905536345095,-0.4846508063012348,0.5240713289207937,-0.5040212989626779
40.0,10.88,-0.6378428700420943,-0.4792645046836701,-0.4770981818284604,-0.4982869760978493,0.36006636522293206,-0.4835548400403476,0.5194841093753169,-0.5042299292899973
40.0,10.9,-0.6416909088581968,-0.47814174796756115,-0.48171663112113255,-0.498475306157062,0.3562195242999821,-0.48242325741543524,0.5148585276999501,-0.5043975281329917
40.0,10.92,-0.6455463266354231,-0.4769832923281136,-0.48637364760596447,-0.4986219596839874,0.35236534674859804,-0.4812557221331786,0.5101946466659822,-0.5045230490199589
40.0,10.94,-0.649409019436903,-0.4757884860777377,-0.49106917229659913,-0.49872585852259804,0.34850419375525843,-0.4800519108008557,0.5054925522590281,-0.5046054690264808
40.0,10.96,-0.6532784378939385,-0.4745572251312211,-0.49580313608244064,-0.49878591685231066,0.3446364341934161,-0.4788114859673315,0.5007523692424982,-0.5046437160589418
40.0,10.98,-0.6571542980881953,-0.4732890853393589,-0.500575355181834,-0.4988011113920385,0.3407624364059549,-0.4775341199777165,0.4959742302641948,-0.5046367258752793
40.0,11.0,-0.6610361365872308,-0.47198386736861664,-0.5053856288257913,-0.4987704089490774,0.33688256857645954,-0.4762194951333415,0.49115828332657907,-0.5045834134228416
40.0,11.02,-0.6649237155383788,-0.47064101798648883,-0.5102338141355769,-0.4986926660405649,0.33299722396461723,-0.4748672864243376,0.4863047255262726,-0.5044826541682287
40.0,11.04,-0.668816483845887,-0.4692604642776149,-0.5151198487569576,-0.4985666477716025,0.3291067961223565,-0.47347717995673694,0.4814137428491426,-0.5043333452317125
40.0,11.06,-0.6727141232445144,-0.46784178368931384,-0.5200433728817825,-0.49839135801186735,0.32521169197817423,-0.4720488563531626,0.4764855732526192,-0.5041343465659738
40.0,11.08,-0.6766162846030134,-0.4663845375638071,-0.5250041691584231,-0.49816560006491956,0.32131233134069515,-0.47058200815662815,0.4715204816675084,-0.5038845080873554
40.0,11.1,-0.680522390764699,-0.4648886599397677,-0.5300019310947987,-0.4978882744315656,0.3174091240738188,-0.4690763242315153,0.46651872772322145,-0.5035826697861011
40.0,11.12,-0.6844321027455423,-0.4633537349089449,-0.5350364810735815,-0.49755806308411665,0.3135025054641829,-0.4675315062129715,0.46148063856591703,-0.5032276508809503
40.0,11.14,-0.6883450501801109,-0.46177933097084634,-0.5401073590771284,-0.49717391517280474,0.30959290986564614,-0.4659472478217534,0.4564065394400647,-0.5028182633254829
40.0,11.16,-0.6922606374485497,-0.46016539568057063,-0.5452143370848429,-0.49673448388228636,0.3056807856179872,-0.46432325710162736,0.45129679791537575,-0.5023533061237769
40.0,11.18,-0.6961785767260372,-0.45851139409415514,-0.5503569101219581,-0.49623870111170465,0.3017665926268953,-0.462659235672329,0.446151811332631,-0.501831569261744
40.0,11.2,-0.7000982441443925,-0.45681727283560536,-0.555534704317686,-0.49568528356706104,0.29785078895629086,-0.46095491138147826,0.44097200197535785,-0.5012518102715415
40.0,11.22,-0.7040193290012382,-0.455082496250196,-0.5607473211211641,-0.49507293699113497,0.2939338541775015,-0.45920998604953733,0.4357578321765752,-0.5006128062335929
40.0,11.24,-0.7079412029209228,-0.45330702654441907,-0.5659941511029656,-0.4944005426482172,0.29001627003478453,-0.4574241944280191,0.4305097878441699,-0.4999132996253521
40.0,11.26,-0.7118634614913638,-0.4514904574053897,-0.5712748377266184,-0.49366669682900133,0.28609851653129165,-0.45559726248686355,0.42522839696579257,-0.4991520369019471
40.0,11.28,-0.7157856136630244,-0.449632508861785,-0.5765887793035402,-0.49287014369254867,0.2821811017393106,-0.45372891952489364,0.4199142163642753,-0.498327753133865
40.0,11.3,-0.7197070833436277,-0.44773303084460986,-0.5819353797786218,-0.4920096500733105,0.27826452677790736,-0.451818913737101,0.4145678464319919,-0.49743915387429244
40.0,11.32,-0.723627444519948,-0.4457916278574093,-0.5873139821523892,-0.49108394915095455,0.2743493146517552,-0.4498669879737416,0.4091899175739658,-0.4964849697450653
40.0,11.34,-0.7275461164232746,-0.4438081653071114,-0.5927239997405807,-0.4900916772382343,0.2704359869233687,-0.44787289548397796,0.40378109821671676,-0.49546389517858835
40.0,11.36,-0.7314626419709518,-0.44178224536547556,-0.5981646317687901,-0.4890316601011328,0.26652507210797854,-0.44583639583995416,0.39834208143188393,-0.49437464247165347
40.0,11.38,-0.7353763506489588,-0.4397138727398128,-0.603635289874621,-0.4879023963299144,0.2626171215855787,-0.44375724670367145,0.39287363846303136,-0.4932159020942189
40.0,11.4,-0.7392868567383809,-0.4376025363045539,-0.6091350133643333,-0.48670279908881553,0.2587126740690074,-0.4416352331196638,0.38737653753809725,-0.4919863660944061
40.0,11.42,-0.7431934606323062,-0.43544824355925743,-0.6146631506921411,-0.4854313576711731,0.2548122964618996,-0.4394701305296277,0.3818516121441065,-0.49068472453471973
40.0,11.44,-0.7470956272858895,-0.43325076203303314,-0.6202188333091233,-0.48408675716079924,0.2509165504501167,-0.43726171937733904,0.3762997407836813,-0.48930965882434585
40.0,11.46,-0.750992864480089,-0.43100971862070947,-0.6258010754017718,-0.48266779076781424,0.24702601527108398,-0.4350098067487808,0.3707218279538119,-0.4878598525690075
40.0,11.48,-0.7548844643369563,-0.42872514840969406,-0.631408928128453,-0.4811731339135591,0.24314126494161378,-0.43271418713502363,0.36511883651687943,-0.48633399838658276
40.0,11.5,-0.7587700045589817,-0.42639656301127554,-0.6370414082136014,-0.4796014624636266,0.23926289919041716,-0.43037467957860615,0.3594917643559569,-0.4847307680186101
40.0,11.52,-0.7626487656282261,-0.4240240119040512,-0.642697573489724,-0.47795133578882454,0.23539150619758056,-0.42799109744249964,0.3538416637218577,-0.4830488561486686
40.0,11.54,-0.7665201543858176,-0.42160727872582765,-0.6483762712448402,-0.476221532157084,0.2315277050615776,-0.42556327198334665,0.34816962263200907,-0.48128695604671135
40.0,11.56,-0.7703835886594246,-0.41914616315227937,-0.6540763888552905,-0.4744107170671526,0.22767210245552888,-0.4230910453518364,0.3424767841043734,-0.479443768599131
40.0,11.58,-0.7742384710163402,-0.4166404663759963,-0.6597966865562759,-0.47251766954089935,0.22382531845873216,-0.42057426454447744,0.33676434492533025,-0.47751798433841963
40.0,11.6,-0.7780841163214276,-0.41409012720264454,-0.6655360524341994,-0.4705409450486174,0.21998798435223968,-0.41801277831022815,0.3310335366384519,-0.47550832835439305
40.0,11.62,-0.78191992448228,-0.4114949669723894,-0.6712930742668247,-0.4684794414128316,0.21616074582320727,-0.41540646193916925,0.32528564595529014,-0.4734135189670584
40.0,11.64,-0.7857451998222584,-0.4088549415070577,-0.67706655564727,-0.46633172214310986,0.2123442360039752,-0.4127551839171125,0.3195220130352038,-0.47123228453555827
40.0,11.66,-0.7895594020765038,-0.4061697501884225,-0.6828550660620173,-0.46409657135846716,0.2085391035904051,-0.4100588419202939,0.31374401763673565,-0.46896337976390456
40.0,11.68,-0.7933617627413658,-0.4034395075501744,-0.6886572324340313,-0.4617726767190861,0.20474601739731382,-0.40731732025998424,0.30795311091810834,-0.4666055633311017
40.0,11.7,-0.7971517061793848,-0.4006639159859891,-0.694471464975364,-0.4593589676109825,0.2009656289906611,-0.40453054081410605,0.30215077472015245,-0.46415760976774295
40.0,11.72,-0.8009284642252464,-0.3978431141977396,-0.7002962956168126,-0.45685414826923204,0.19719861846721745,-0.40169841237651993,0.29633856316479884,-0.46161832058931757
40.0,11.74,-0.804691460813725,-0.3949768259420083,-0.7061301274972827,-0.45425705322185095,0.19344565949072917,-0.3988208681588713,0.2905180521501161,-0.45898651937935675
40.0,11.76,-0.8084399761113036,-0.39206506281617337,-0.7119713154936218,-0.4515665293957351,0.18970743182686725,-0.39589785563985475,0.28469090129571145,-0.4562610432827984
40.0,11.78,-0.8121733563749348,-0.3891077061315514,-0.7178182358400966,-0.4487813069902018,0.18598463348608582,-0.39292932741768055,0.2788588111468875,-0.453440749921682
40.0,11.8,-0.8158908065589984,-0.3861049296262536,-0.7236690827158536,-0.4459003953435588,0.18227795421202972,-0.38991523999176236,0.2730235284907342,-0.45052454485009935
40.0,11.82,-0.8195917309283137,-0.3830564913052699,-0.7295220554190689,-0.4429226814651599,0.1785880981800382,-0.38685558410217286,0.2671868680689157,-0.4475113486080752
40.0,11.84,-0.8232753936314967,-0.3799624423309483,-0.7353754222193017,-0.4398469673841026,0.17491576360317027,-0.38375034194332014,0.261350683093811,-0.44440010428154547
40.0,11.86,-0.8269410576388411,-0.3768228458113904,-0.7412271287607893,-0.436672432809619,0.17126166694403597,-0.38059952242086326,0.25551688427506025,-0.44118981136067015
40.0,11.88,-0.8305879801838918,-0.37363777472960225,-0.7470752601129301,-0.4333980458101616,0.1676265225755507,-0.3774031357573742,0.24968744497823592,-0.4378794851340635
40.0,11.9,-0.8342155479437291,-0.3704070234744465,-0.7529179179346582,-0.43002266002978357,0.16401105364482968,-0.3741612181033362,0.2438643696228621,-0.4344681937748556
40.0,11.92,-0.8378230104427118,-0.36713068439647634,-0.758752862136265,-0.42654568329165593,0.16041598591822542,-0.3708738010173651,0.2380497376237658,-0.43095503179832895
40.0,11.94,-0.8414095551497106,-0.3638090099445812,-0.7645781789553998,-0.422965893459788,0.15684203613865633,-0.3675409558589067,0.232245666194237,-0.427339147394159
40.0,11.96,-0.844974555519681,-0.36044182299789745,-0.770391542384035,-0.41928276403377873,0.15328995153028716,-0.3641627443020304,0.22645433415779603,-0.4236197355825243
40.0,11.98,-0.8485171923023477,-0.35702939792176214,-0.7761907928538708,-0.41549539758040394,0.1497604611562033,-0.3607392485148012,0.22067796256739733,-0.41979602491783546
40.0,12.0,-0.8520367721884601,-0.3535717268054372,-0.7819736848863384,-0.41160308200499784,0.14625430460019492,-0.3572705675392191,0.21491881511819003,-0.4158673170559453
40.0,12.02,-0.8555325367542119,-0.35006896052536773,-0.7877379707214014,-0.407604988529441,0.14277221853258193,-0.3537568217360002,0.20917922832167307,-0.4118329429345877
40.0,12.04,-0.8590037866444484,-0.346521112059091,-0.7934811599651872,-0.40350074620545834,0.13931495600415844,-0.3501981300715233,0.2034615486934454,-0.4076923061759464
40.0,12.06,-0.8624497000838331,-0.34292850553882936,-0.7992008697124569,-0.39928975564624614,0.13588326002193069,-0.34659463514326583,0.1977682097068208,-0.40344486073554303
40.0,12.08,-0.865869576250217,-0.33929117783833257,-0.8048947481663296,-0.3949713204923249,0.1324778757192922,-0.3429464979035569,0.1921016698101334,-0.3990901196128804
40.0,12.1,-0.8692626544383953,-0.335609328195532,-0.8105602632186425,-0.390545066563728,0.12909956483009122,-0.33925388330748096,0.18646441888377352,-0.3946276707899611
40.0,12.12,-0.8726282303270272,-0.33188301547932175,-0.8161947828325002,-0.38601081310994967,0.1257490594756133,-0.3355169835302181,0.1808590212674878,-0.39005714893278987
40.0,12.14,-0.8759654258415263,-0.328112767665567,-0.8217958463320256,-0.3813680053887851,0.12242712752859532,-0.33173599398717113,0.17528805298704805,-0.3853782708781305
40.0,12.16,-0.8792736531248927,-0.32429836327063183,-0.8273607588088309,-0.3766165678449789,0.11913451488392318,-0.32791114090490264,0.16975413469772238,-0.3805908212677193
40.0,12.18,-0.8825520388474009,-0.3204403573069143,-0.8328868660224473,-0.3717563394858763,0.11587198101943036,-0.3240426524082931,0.16425993656136043,-0.37569465418651665
40.0,12.2,-0.8857998801802833,-0.31653885772288026,-0.8383715485800463,-0.3667870690735033,0.11264026652822559,-0.32013077734569295,0.15880815173200263,-0.37068969529773715
40.0,12.22,-0.8890164196707782,-0.3125941386812218,-0.8438120322111414,-0.36170885482379844,0.10944013589740016,-0.3161757809135343,0.15340150906286862,-0.36557595953430144
40.0,12.24,-0.8922009027788835,-0.30860648767825455,-0.8492055856146791,-0.35652171094035834,0.10627233211940691,-0.3121779431723066,0.14804276745065775,-0.3603535285374253
40.0,12.26,-0.8953525760872296,-0.30457620484079834,-0.854549334526889,-0.3512260119289334,0.10313760816092749,-0.30813756012632953,0.1427347040664209,-0.35502258375693463
40.0,12.28,-0.8984706916753478,-0.30050360434905926,-0.8598406318280077,-0.3458216013684337,0.10003670765445226,-0.3040549426532519,0.1374801391550523,-0.3495833686783724
40.0,12.3,-0.9015545012017181,-0.2963890123288487,-0.8650765085712873,-0.34030913469014373,0.0969703844555674,-0.29993042269462716,0.13228190378000543,-0.3440362268372446
40.0,12.32,-0.9046033123193624,-0.29223261072628426,-0.8702542284681348,-0.3346887372141917,0.09393937671252775,-0.2957643477623736,0.12714283711138616,-0.3383815835185948
40.0,12.34,-0.9076162842201837,-0.28803506826552594,-0.8753708058463694,-0.3289612072744727,0.09094442225769316,-0.29155705647697555,0.12206582322928683,-0.3326199631506674
40.0,12.36,-0.9105927329996809,-0.28379659369856675,-0.8804234303561346,-0.3231269623610014,0.08798626276746643,-0.28730894783947397,0.11705373123813786,-0.3267519675988751
40.0,12.38,-0.9135319765877563,-0.27951740696073496,-0.8854092786459943,-0.317186486780404,0.08506563210394989,-0.28302042812493017,0.11210945383742289,-0.3207782988208199
40.0,12.4,-0.9164331908620723,-0.2751982190356005,-0.8903253101285984,-0.31114095815411,0.08218325049019433,-0.27869185550080733,0.10723588842914557,-0.3146997556627906
40.0,12.42,-0.9192957521606566,-0.2708391163352321,-0.8951687091462625,-0.30499101253903005,0.07933984737409737,-0.2743236890572981,0.1024359221738057,-0.3085172364817702
40.0,12.44,-0.9221188503227681,-0.2664408381739495,-0.8999366102548358,-0.2987375150722661,0.07653614911810025,-0.26991639766495584,0.09771246477955489,-0.3022317219528986
40.0,12.46,-0.9249017765583311,-0.2620038174007833,-0.9046260516932855,-0.29238172143807023,0.07377285685692102,-0.26547038256704447,0.09306840334349913,-0.29584431608078027
40.0,12.48,-0.9276438764095303,-0.2575283388415985,-0.9092341427587154,-0.2859248115578558,0.07105068582065727,-0.2609861520419622,0.08850661083844631,-0.2893561538629563
40.0,12.5,-0.9303444093724617,-0.2530150227506884,-0.9137580607774229,-0.27936788553284186,0.06837033480717623,-0.2564641799164685,0.08402996770614075,-0.28276857512655584
40.0,12.52,-0.9330027304940226,-0.2484641781079674,-0.91819495263729,-0.2727122802275802,0.06573250323544415,-0.25190498654435534,0.07964133531677584,-0.27608296623661216
40.0,12.54,-0.9356180730978872,-0.24387661524053822,-0.9225419419990978,-0.26595957277025,0.0631378752667907,-0.24730909923057431,0.07534352778583148,-0.2693007818755681
40.0,12.56,-0.9381898073535123,-0.23925266891092128,-0.926796187304509,-0.2591114235126286,0.06058712427253948,-0.24267701433394923,0.07113936336251402,-0.26242362677824344
40.0,12.58,-0.9407172302218275,-0.23459301404878574,-0.9309549726099551,-0.2521692504602708,0.05808093789240018,-0.23800933592749557,0.06703162019309444,-0.2554532098119167
40.0,12.6,-0.9431997257264336,-0.22989800934939644,-0.93501548204025,-0.24513503686459967,0.055619965888967164,-0.2333066053325403,0.06302303862106519,-0.24839125409085072
40.0,12.62,-0.9456366073936199,-0.22516835492687765,-0.9389750307392273,-0.2380105223432187,0.05320485910788529,-0.22856938385724224,0.05911633063589941,-0.2412397125895443
40.0,12.64,-0.9480272015671719,-0.22040476493134947,-0.9428309387200297,-0.23079768978396076,0.050836278555394576,-0.2237983351406601,0.05531416169138584,-0.23400055146942908
40.0,12.66,-0.9503709208165898,-0.21560763507228564,-0.9465805745854514,-0.22349860137111746,0.048514841827048884,-0.218993995725913,0.051619143858596145,-0.22667582535768505
40.0,12.68,-0.9526671108540049,-0.2107777039917557,-0.950221360457502,-0.21611539795262197,0.046241189236483154,-0.21415704607903047,0.048033852478393604,-0.21926774729637186
40.0,12.7,-0.9549151311117842,-0.20591572377240613,-0.9537507394135221,-0.20865046441891527,0.04401592945541604,-0.20928814559004377,0.04456080011875578,-0.21177859574401323
40.0,12.72,-0.9571144241330475,-0.2010221253479764,-0.9571662945146497,-0.2011059309649589,0.041839660303381467,-0.20438787821986315,0.0412024392154983,-0.20421073987056032
40.0,12.74,-0.9592643736923788,-0.19609768487863735,-0.9604655944854714,-0.19348433412105945,0.039712985312109,-0.199457000311478,0.037961165301225716,-0.19656665635922416
40.0,12.76,-0.9613644093282662,-0.1911430230049323,-0.963646319062996,-0.18578811878108478,0.037636472667316255,-0.19449613345228475,0.03483929750794449,-0.18884886968502942
40.0,12.78,-0.9634139372943799,-0.18615893912532347,-0.9667061529470844,-0.17802013774109393,0.035610698512590015,-0.18950601584345758,0.031839086373988586,-0.18106004357412406
40.0,12.8,-0.9654124161737794,-0.18114607746054057,-0.9696429583131184,-0.1701828101619694,0.03363621442702511,-0.18448734116800106,0.02896270937458178,-0.17320290523847245
40.0,12.82,-0.9673593098452399,-0.1761050915149164,-0.9724545530536348,-0.16227929863536428,0.031713565834349,-0.17944083678060863,0.026212263207361825,-0.1652802591998581
40.0,12.84,-0.9692540413440699,-0.17103698472882953,-0.9751389619461573,-0.1543121559510111,0.029843274587859597,-0.17436724283914087,0.02358976208387534,-0.157295015380007
40.0,12.86,-0.9710961635314591,-0.1659420942635582,-0.9776942361335252,-0.1462843365502852,0.028025866001142825,-0.16926733991876458,0.021097127971227633,-0.14925012677301097
40.0,12.88,-0.9728850978307118,-0.16082161417310786,-0.9801184943155351,-0.13819902752317087,0.026261834014183832,-0.16414185999039274,0.01873619795394562,-0.14114865773942378
40.0,12.9,-0.9746204240638817,-0.1556759010868785,-0.9824100017121952,-0.13005913354850848,0.024551665310184448,-0.15899157164605837,0.01650871124545042,-0.13299371707828714
40.0,12.92,-0.9763016240651492,-0.15050600029618078,-0.9845670512545447,-0.12186812901269121,0.02289583554497215,-0.15381730106272742,0.014416312833907678,-0.12478848637486861
40.0,12.94,-0.9779282248431816,-0.1453127976555161,-0.9865881268804896,-0.11362885519922218,0.021294801864066657,-0.14861983145417176,0.012460543723476585,-0.11653622241615427
40.0,12.96,-0.9794998455812904,-0.14009667621527097,-0.9884717119564749,-0.10534506277295251,0.01974900201317523,-0.1433999498048316,0.010642842702969904,-0.10824021530694633
40.0,12.98,-0.9810159938436916,-0.1348588813305673,-0.9902165131134535,-0.09701951541604306,0.018258859367996975,-0.13815849990213877,0.008964539186383411,-0.09990383985355562
40.0,13.0,-0.9824762702712327,-0.12960015526770158,-0.9918212340703482,-0.08865605468880401,0.016824791136099294,-0.132896320919213,0.00742686075726435,-0.0915305083885377
40.0,13.02,-0.9838802906426194,-0.12432124820256235,-0.9932847466239169,-0.0802580446194755,0.01544718415122855,-0.12761423365936356,0.006030917010701947,-0.08312366456003303
40.0,13.04,-0.985227685378568,-0.11902291783760748,-0.9946060334013872,-0.07182888476391863,0.014126414522527424,-0.12231309511921215,0.004777705546372741,-0.07468683675843785
40.0,13.06,-0.9865180800966502,-0.11370610132072931,-0.9957841783417268,-0.063372180348861,0.01286284197200156,-0.11699375977077817,0.0036681120292830004,-0.06622354184263912
40.0,13.08,-0.9877511196900327,-0.10837174366590835,-0.9968183941975856,-0.054891391474279745,0.011656810259640984,-0.11165710569596264,0.0027028986114322807,-0.057737355434235846
40.0,13.1,-0.9889264681782257,-0.10302079730572328,-0.9977080088818321,-0.046390002484825506,0.010508645772306749,-0.1063040072066307,0.0018827162887263213,-0.0492318854115257
40.0,13.12,-0.990043842860705,-0.09765387608170759,-0.9984524528193228,-0.03787186663759617,0.009418651373594855,-0.10093534837335541,0.001208090512569214,-0.04071075094468201
40.0,13.14,-0.9911029413595492,-0.09227194497030977,-0.9990512903197356,-0.029340680188982282,0.008387115993600334,-0.09555200320144469,0.0006794294451479423,-0.032177589581923474
40.0,13.16,-0.99210348090464,-0.0868759752412,-0.99950421619241,-0.020799803127485535,0.007414314969244527,-0.09015489169676408,0.0002970177819299993,-0.0236360588471496
40.0,13.18,-0.9930451987139666,-0.08146694405517578,-0.9998110328686732,-0.012252952457898054,0.006500496996545499,-0.08474490940654003,6.1019293456552535e-05,-0.015089814439980188
40.0,13.2,-0.9939278785660933,-0.07604548707795489,-0.9999716667581373,-0.00370384973192986,0.005645896849872955,-0.07932295817511727,-2.852402257455119e-05,-0.00654252171186424
40.0,13.22,-0.9947512801711031,-0.07061276471984455,-0.9999861683233733,0.004843783157523222,0.004850729524901939,-0.07388995966137925,2.8306965979857796e-05,0.002002157548610105
40.0,13.24,-0.9955152100326191,-0.06516959512515094,-0.9998547095556672,0.013386402686619614,0.004115193979228861,-0.06844683802525516,0.00023131021696116475,0.010540570153813359
40.0,13.26,-0.9962194811355335,-0.05971697404089794,-0.9995775837984652,0.02192029872815085,0.0034394664999319816,-0.06299450605277798,0.0005801620717911403,0.01906907355780898
40.0,13.28,-0.996863936391183,-0.0542557270431878,-0.9991552019688038,0.030441947600294703,0.002823706675035427,-0.05753390817996403,0.0010744188884590179,0.02758404817564352
40.0,13.3,-0.997448427268378,-0.04878685677572196,-0.9985880979977075,0.03894766712987145,0.0022680520934911944,-0.05206596090306976,0.001713517518366633,0.03608188563399972
40.0,13.32,-0.9979728333088452,-0.04331119467944983,-0.9978769186330985,0.047433969429524526,0.0017726238594586166,-0.04659160347136563,0.002496776580528179,0.04455902105376571
40.0,13.34,-0.9984370382816576,-0.037829922948915864,-0.9970224345125559,0.055897216164432696,0.001337523583965453,-0.04111177539460532,0.0034233983538005937,0.0530119112865207
40.0,13.36,-0.9988409730680685,-0.0323435288739629,-0.9960255123480017,0.06433414465570157,0.0009628328702129543,-0.0356274109772037,0.004492470784257105,0.061437043409653704
40.0,13.38,-0.999184554679283,-0.02685337260941132,-0.994887174958591,0.07274082795500923,0.0006486128002709579,-0.030139459278726945,0.005702969198569042,0.06983095837012633
40.0,13.4,-0.9994677399634924,-0.021360292745389902,-0.993608501491073,0.08111424339972251,0.0003949073852458406,-0.02464885324722669,0.007053755741777239,0.07819024697707481
40.0,13.42,-0.9996905029689359,-0.015865128493558117,-0.9921907139334862,0.0894508852951944,0.00020173896338013145,-0.019156535506954963,0.008543588868546071,0.08651153157294544
40.0,13.44,-0.999852834953249,-0.010368719334695388,-0.9906351284754871,0.09774746347726238,6.911150285327196e-05,-0.013663450709525042,0.010171119613629763,0.0947915136340094
40.0,13.46,-0.9999547417929006,-0.0048724282411104925,-0.9889431832032657,0.10600056017890394,-2.9902378029656683e-06,-0.008170537374276525,0.011934891767371818,0.10302692245803675
40.0,13.48,-0.9999962575071905,0.000623254824052824,-0.987116363375086,0.11420732397586893,-1.4601831792550402e-05,-0.0026787368240288353,0.013833357348938683,0.11121456948498352
40.0,13.5,-0.9999774287781871,0.006117317259792197,-0.9851563268657061,0.12236426436461999,3.4222682365636806e-05,0.002811013408282169,0.015864866981672127,0.11935133252788922
40.0,13.52,-0.9998983252403403,0.011608573203694286,-0.9830647474102062,0.130468634124755,0.00014340955215599648,0.008297776790912465,0.018027679852879543,0.12743416826449033
40.0,13.54,-0.9997590352576229,0.017096187579310362,-0.9808434780435423,0.13851705547727153,0.00031286586049176227,0.013780621430045482,0.020319959063584074,0.13546006994224433
40.0,13.56,-0.9995596602113671,0.02257950184799169,-0.9784943708081126,0.1465068966663223,0.0005424797023230485,0.0192586137864331,0.022739792329349827,0.14342613977792762
40.0,13.58,-0.9993003341270362,0.028057162072170034,-0.9760193809806675,0.15443541463991867,0.0008321199506387383,0.024730830516574,0.025285177237364384,0.15132955745550203
40.0,13.6,-0.9989811958989081,0.033528515107607244,-0.9734206285119181,0.1622994196656927,0.0011816370400416784,0.030196345610775745,0.027954034987423954,0.15916757132365697
40.0,13.62,-0.9986024040472768,0.038992736485235865,-0.9707001457498317,0.17009680892068182,0.0015908621626275349,0.03565423872265082,0.03074421485412294,0.16693753210025397
40.0,13.64,-0.9981641492203684,0.04444865681438653,-0.9678602099915573,0.17782452779838767,0.002059608191428399,0.041103605949418164,0.033653485198415774,0.1746368408277397
40.0,13.66,-0.9976666286974482,0.049895459483951396,-0.9649030855143801,0.18548010160915024,0.002587669805820829,0.046543531568003026,0.03667955658481441,0.18226300839477633
40.0,13.68,-0.9971100560479688,0.0553323321675219,-0.9618310356388592,0.19306146225753676,0.0031748237878382168,0.0519731125108283,0.039820075088727806,0.18981366118577409
40.0,13.7,-0.9964946716166377,0.06075829322645023,-0.9586465170800416,0.20056594048810433,0.003820827126719012,0.05739145490165548,0.04307262661636289,0.19728646359135762
40.0,13.72,-0.9958207355033466,0.06617236641769782,-0.9553519109024301,0.20799161203638752,0.004525420866045657,0.06279767137610184,0.04643474493549152,0.20467923692158954
40.0,13.74,-0.9950885024689639,0.07157392866561037,-0.9519497935439504,0.2153359581165249,0.005288328367748051,0.06819088481557885,0.04990391479915975,0.21198987194481292
40.0,13.76,-0.9942982794582906,0.07696184140197834,-0.9484426112427146,0.22259736861664636,0.006109254609077916,0.07357021535762137,0.053477570413044656,0.21921630556578095
40.0,13.78,-0.99345035310314,0.08233549331187186,-0.9448330055787209,0.2297736435012777,0.006987888235854697,0.07893479421267773,0.05715310163046625,0.22635663276086873
40.0,13.8,-0.9925450679008299,0.08769375912097811,-0.9411236260237066,0.236862826747842,0.007923902272898414,0.08428377418468454,0.060927869339976605,0.23340901893871724
40.0,13.82,-0.991582757740632,0.09303586753516153,-0.9373170402261272,0.2438635323345924,0.00891694882486362,0.08961629798800635,0.06479920107539526,0.2403717628422267
40.0,13.84,-0.990563771982889,0.09836105428573591,-0.9334160120296507,0.25077379251021864,0.00996666698163043,0.09493153344771722,0.06876439228361639,0.24724322032812832
40.0,13.86,-0.9894884742616411,0.10366856232353575,-0.9294232137997459,0.2575922087438255,0.011072682938713418,0.10022864425950592,0.07282069849539292,0.2540218314910254
40.0,13.88,-0.9883572615557201,0.10895746961248491,-0.9253413872829146,0.2643172948898491,0.01223459956896863,0.1055068180090162,0.07696538919962616,0.26070621338962463
40.0,13.9,-0.9871705488978407,0.11422686275611228,-0.9211732976772758,0.270947641073247,0.01345201316953005,0.11076524123505244,0.08119566667163863,0.2672949455907911
40.0,13.92,-0.9859287268790305,0.1194761814510542,-0.9169216849066276,0.2774820744518747,0.014724496288922502,0.11600312064859622,0.08550878368270437,0.273786874097381
40.0,13.94,-0.9846322399225239,0.12470452923972933,-0.9125893525682934,0.2839193363109325,0.01605160948732075,0.12121965631888448,0.0899019172218347,0.28018079406157265
40.0,13.96,-0.9832815491802342,0.12991101917383605,-0.9081790689002887,0.29025840238147566,0.0174329085529561,0.1264141018120364,0.0943722875809347,0.28647567651689804
40.0,13.98,-0.9818771091657047,0.13509494557823673,-0.9036936614727709,0.2964981629516919,0.018867919610454226,0.13158565600233035,0.09891709007875762,0.2926705687807383
40.0,14.0,-0.9804193868009272,0.14025561190329483,-0.899135811243113,0.3026380548343961,0.020356163074311075,0.1367335950828403,0.10353351946220607,0.29876457855284616
40.0,14.02,-0.9789088621057568,0.14539233107844918,-0.8945084064293413,0.3086769543336536,0.021897149058425224,0.14185716396576473,0.10821878953109773,0.3047569523153125
40.0,14.04,-0.977346079384761,0.1505040844185724,-0.8898141823941259,0.3146142816662374,0.02349036857502534,0.14695564684535925,0.11297011129407623,0.31064701663107086
40.0,14.06,-0.9757314934004696,0.15559054649982695,-0.8850559215760697,0.32044936809722685,0.025135304395350555,0.15202832307007424,0.1177847109414199,0.316434169306232
40.0,14.08,-0.9740656485603156,0.1606508898346838,-0.880236343989641,0.3261817668747876,0.02683142809635389,0.15707450886359609,0.12265982907719897,0.322117899962973
40.0,14.1,-0.9723491021715144,0.1656842980187784,-0.8753581594140822,0.33181109576532003,0.028578190321951732,0.1620934830605241,0.12759271899241598,0.32769779307157315
40.0,14.12,-0.9705823982964737,0.17069013604681083,-0.8704241246488122,0.3373368842111229,0.03037504193388485,0.1670846096360191,0.1325806613755907,0.3331735063950345
40.0,14.14,-0.9687660913094388,0.1756677795237689,-0.8654369828622093,0.3427587261883947,0.03222141314572564,0.17204719775849248,0.1376209528127617,0.33854478264813415
40.0,14.16,-0.9669007434312618,0.18061661441470186,-0.8603993424779645,0.34807658031113253,0.034116732712471724,0.17698060718965236,0.14271091616242482,0.34381145104908667
40.0,14.18,-0.9649869646686804,0.185535870221088,-0.8553137878264899,0.3532904605709405,0.036060416170148914,0.1818842300017152,0.14784790204354623,0.3489734055408767
40.0,14.2,-0.9630253048787876,0.19042512381521434,-0.8501830676315856,0.35839999074283335,0.038051861323355536,0.18675741930249581,0.15302929898192244,0.35403062047684614
40.0,14.22,-0.961016395773437,0.19528362800216778,-0.845009658130236,0.36340544699014143,0.04009046632698689,0.19159957899252644,0.15825252151257108,0.3589831483646777
40.0,14.24,-0.958960839936834,0.2001108144780494,-0.8397961359730785,0.36830686160938236,0.042175620916937655,0.1964101481147453,0.1635150090165983,0.3638311117271761
40.0,14.26,-0.9568592509797562,0.20490612692875151,-0.8345450497117054,0.3731043196323454,0.04430669675027384,0.20118852184483546,0.16881424463037645,0.36857468867757276
40.0,14.28,-0.9547122543602118,0.20966902145540106,-0.8292587878627194,0.37779824738522405,0.04648306266709679,0.20593413955417156,0.1741477644998603,0.3732141415668988
40.0,14.3,-0.9525204783158033,0.214398964803675,-0.8239399036010147,0.38238868285641187,0.04870408679250959,0.21064647238835732,0.17951311312689275,0.377749781937132
40.0,14.32,-0.9502845624205062,0.21909543636154433,-0.8185907207917995,0.3868761454849533,0.05096911922515752,0.21532499520397178,0.18490789650225176,0.38218199557773
40.0,14.34,-0.9480051919736302,0.22375776186191954,-0.8132135945938029,0.3912610530652376,0.05327750591442125,0.21996918074434718,0.19032976224991816,0.38651120967859187
40.0,14.36,-0.9456829822073146,0.2283856106442656,-0.8078108428893218,0.39554386464800423,0.05562859126858575,0.22457855739276733,0.1957764019771072,0.3907379264554285
40.0,14.38,-0.9433185930335402,0.23297849802035997,-0.8023847494605717,0.399725080922981,0.05802170818008397,0.22915261566338946,0.2012455327988017,0.3948626989491758
40.0,14.4,-0.9409126902778063,0.2375359513386094,-0.7969375578890565,0.4038052400743524,0.060456189034057826,0.23369090199509343,0.20673494233644357,0.39888611411164143
40.0,14.42,-0.9384659909172298,0.2420573470862367,-0.7914714000230109,0.40778505442935586,0.06293134829088552,0.23819293243123607,0.2122424533464267,0.40280883632021325
40.0,14.44,-0.9359791300687952,0.24654240128130184,-0.7859884513594027,0.4116651378946747,0.06544651703795477,0.24265832426897332,0.2177659333051391,0.40663155478073887
40.0,14.46,-0.9334527940584526,0.2509906789227207,-0.7804907617351918,0.4154462677339693,0.06800100513201272,0.24708663195289776,0.22330331046360696,0.41035500938223446
40.0,14.48,-0.9308877165091226,0.2554015942715537,-0.7749804173389636,0.41912911764109645,0.07059411845059532,0.2514774302771816,0.22885254013902534,0.4139799923181234
40.0,14.5,-0.928284501647121,0.25977506147163676,-0.769459304523311,0.42271465443544265,0.07322516947385647,0.25583034981747144,0.23441164995194094,0.41750732585383177
40.0,14.52,-0.9256438924236151,0.2641105192877023,-0.7639294366814537,0.426203613063251,0.07589346035000263,0.26014499714008504,0.23997868875382816,0.4209378685315607
40.0,14.54,-0.9229665931710952,0.2684075821035767,-0.7583926909172986,0.4295968777706885,0.0785982932416453,0.26442105821459433,0.24555179708703462,0.42427251808861915
40.0,14.56,-0.9202532613173903,0.27266603640661924,-0.7528509160264323,0.4328953640073949,0.0813389576880166,0.268658119338941,0.25112912039343505,0.4275122089599351
40.0,14.58,-0.9175046537605388,0.27688535951931975,-0.7473059062466757,0.4361000023548887,0.08411477081228103,0.27285593441219397,0.25670887514896223,0.43065790672828036
40.0,14.6,-0.9147214356273077,0.28106536240303237,-0.7417594103497042,0.43921174203550145,0.08692499855381709,0.27701409645883307,0.26228933498392865,0.43371059698153075
40.0,14.62,-0.9119043220651464,0.28520570733291617,-0.73621307167354,0.4422316882623379,0.089768961612983,0.28113239912201105,0.26786882044241755,0.43667129957949796
40.0,14.64,-0.9090539796114497,0.289306227312078,-0.7306685469646088,0.44516082089165554,0.0926459392982601,0.2852105070387785,0.273445676372145,0.43954106471902976
40.0,14.66,-0.9061711760297952,0.2933664490564878,-0.7251273869858522,0.44800027140259074,0.09555521446558317,0.28924813545494865,0.2790183336254795,0.4423209518498624
40.0,14.68,-0.9032566335402951,0.2973860716215565,-0.7195912449863537,0.450750924809513,0.09849609291319235,0.2932450716792466,0.28458525550992236,0.44501205968511437
40.0,14.7,-0.9003109713852094,0.3013651206817657,-0.7140615820951891,0.4534139369045389,0.10146785138230965,0.29720103284405425,0.2901449471342743,0.44761548943780627
40.0,14.72,-0.8973349097928489,0.30530331615499495,-0.7085397341809379,0.45599059467054215,0.1044697985089956,0.3011158475173959,0.2956959791576055,0.45013236296097886
40.0,14.74,-0.8943292258437986,0.3092002344323622,-0.7030273022567582,0.4584816915502977,0.10750121767588734,0.30498926817839184,0.30123696147517176,0.452563831347888
40.0,14.76,-0.8912945895904664,0.31305577662119033,-0.6975253816251072,0.46088877876399553,0.11056140132604396,0.3088211058899322,0.30676654063617437,0.4549110535639319
40.0,14.78,-0.8882316708073394,0.3168698542154984,-0.6920354954939198,0.4632126703255629,0.11364964528869737,0.3126111778907311,0.3122834349100525,0.4571751790742261
40.0,14.8,-0.8851411917217199,0.32064223343868264,-0.6865588036192293,0.4654546742501346,0.11676524188783353,0.3163593214590113,0.31778639366401074,0.45935740556381516
40.0,14.82,-0.8820238745522406,0.3243726921486364,-0.6810965108842916,0.4676159834400243,0.11990749833427768,0.32006537509883576,0.3232742125788839,0.46145891547112183
40.0,14.84,-0.8788803870803809,0.32806117429970416,-0.6756497720576813,0.46969778673574397,0.12307570399310876,0.3237292079082275,0.3287457325875176,0.4634809077972637
40.0,14.86,-0.8757114479401658,0.33170747881756457,-0.6702197905278197,0.4717011617576538,0.12626917440013613,0.3273506836474567,0.334199849543903,0.46542457647230157
40.0,14.88,-0.8725177196943887,0.33531156945490137,-0.664807564697983,0.4736274214943187,0.12948719853978022,0.33092969069551265,0.3396354904994715,0.4672911446915256
40.0,14.9,-0.869299920759543,0.3388732673574917,-0.6594141266731604,0.4754777532539781,0.1327291071848744,0.334466131610834,0.34505163608629646,0.4690818100647174
40.0,14.92,-0.8660587675992094,0.3423924045344251,-0.654040484233557,0.47725335309383343,0.13599419025589451,0.3379599142209435,0.350447300423447,0.4707978019531417
40.0,14.94,-0.862794853818798,0.34586912492908406,-0.6486876821000147,0.4789552954718123,0.13928177693759417,0.3414109676174358,0.3558215496494793,0.472440320567583
40.0,14.96,-0.8595088918189161,0.34930328013844775,-0.6433563923839224,0.4805851040038495,0.14259119050258504,0.34481922813275445,0.3611734741128148,0.4740106021889796
40.0,14.98,-0.8562015895916797,0.35269473151700925,-0.638047751227734,0.48214361856227517,0.14592174328886498,0.3481846453249413,0.36650222740414345,0.4755098506467079
40.0,15.0,-0.8528736545216858,0.356043351669456,-0.6327624391698328,0.4836322371905436,0.14927276405911777,0.35150717985423985,0.37180698241697435,0.4769392819000889
40.0,15.02,-0.8495256657936293,0.359349320091906,-0.6275012049156795,0.48505225199286633,0.1526435946103775,0.35478680992205464,0.3770869662927048,0.47830010097838405
40.0,15.025,-0.8486855651095675,0.36016925876209954,-0.6261898137271423,0.48539657511927764,0.15348932012083766,0.3556000094868035,0.3784030043777816,0.4786297331595356
40.0,15.04,-0.8461582603505823,0.362612674969252,-0.6222649718759868,0.48640458577626317,0.15603356755542902,0.35802351240420843,0.38234142928644627,0.47959353030563234
40.0,15.06,-0.842772197569256,0.3658331680527819,-0.6170542555796121,0.48769073922678535,0.15944202045310107,0.36121729626973487,0.38756967107005047,0.4808207574049621
40.0,15.08,-0.8393681080772813,0.36901085686831425,-0.6118698401797577,0.48891173946796845,0.16286830740238217,0.3643681595404851,0.3927710186016139,0.48198299267051153
40.0,15.1,-0.8359466160175495,0.37214580601876773,-0.606712413253907,0.49006873188667643,0.16631177928535612,0.3674761286692938,0.3979448359226892,0.4830814303273732
40.0,15.12,-0.8325083418729103,0.37523808831271094,-0.601582536854111,0.49116295266783944,0.1697717961360464,0.3705412348955277,0.4030905302209367,0.48411723841704163
40.0,15.14,-0.8290539014049544,0.3782877842151544,-0.596480740385436,0.49219562533750333,0.17324771759351956,0.373563509601871,0.4082075165482975,0.48509160228369913
40.0,15.16,-0.8255840367660183,0.38129469265436494,-0.5914076074942259,0.4931678571198755,0.1767389175931374,0.3765430157987004,0.41329528077099875,0.48600569722567094
40.0,15.18,-0.8220992211299246,0.3842591987226546,-0.5863637049401541,0.4940807566600314,0.1802447743342723,0.3794798082346074,0.4183533061668915,0.48686066957191204
40.0,15.2,-0.8186001888732981,0.38718111839923347,-0.5813494628693711,0.49493550667565794,0.18376465935588873,0.382373961593673,0.4233811222424622,0.4876576780039006
40.0,15.22,-0.8150875353532401,0.39006056328992034,-0.5763653020157345,0.49573329270971905,0.18729797657873073,0.3852255492466675,0.4283783011629993,0.48839785437066374
40.0,15.24,-0.8115618517267462,0.39289765242329044,-0.5714117005443063,0.49647518606804175,0.19084410368311724,0.3880346742361537,0.4333443995928419,0.48908234072167894
40.0,15.26,-0.808023653009828,0.395692651794021,-0.5664890890990962,0.49716222950715977,0.19440245613950843,0.39080143035616705,0.4382790667843921,0.4897122409377206
40.0,15.28,-0.8044736556702429,0.398445410388867,-0.5615977238259888,0.49779567293883725,0.19797243936355433,0.3935259226142448,0.4431819242918623,0.4902886734765154
40.0,15.3,-0.8009123628011868,0.4011562071480192,-0.5567380007895918,0.4983765474185967,0.20155346799220655,0.39620827236089945,0.4480526335882495,0.4908127284411599
40.0,15.32,-0.7973404112089453,0.40382504660835966,-0.5519101904480659,0.4989059565872443,0.20514496069483343,0.39884860645637993,0.4528909099589848,0.49128548220486706
40.0,15.34,-0.7937582922573198,0.4064522191536971,-0.5471146505587774,0.4993849156746175,0.20874635106103853,0.4014470609378833,0.4576964542493042,0.4917080261773071
40.0,15.36,-0.7901667032714308,0.40903760461079913,-0.5423517014898194,0.4998144157018813,0.21235706583009262,0.4040037725564201,0.4624690228162643,0.4920813888125369
40.0,15.38,-0.7865660486813786,0.4115816410643224,-0.5376214651941243,0.5001956223752062,0.215976562131237,0.406518898522213,0.4672083750887313,0.4924066339565796
40.0,15.4,-0.782956943385844,0.4140843588758066,-0.5329242208343776,0.5005295013837018,0.21960428646747018,0.40899258871776223,0.471914305687067,0.4926847753422369
40.0,15.42,-0.7793399930543419,0.4165457937840458,-0.5282600561706423,0.5008171952702145,0.2232396981462824,0.4114250131642843,0.47658661815810155,0.4929168524634111
40.0,15.44,-0.7757156532490854,0.4189662603760098,-0.5236293680863053,0.5010594437609046,0.22688225412484006,0.41381635059509053,0.48122514804220223,0.4931038519721474
40.0,15.46,-0.772084454665564,0.4213459462236878,-0.5190321252759967,0.5012574611843618,0.23053143444638186,0.4161667663932634,0.4858297401021632,0.4932467705230182
40.0,15.48,-0.7684469133568107,0.42368503941924424,-0.5144685194186649,0.5014121518307195,0.23418671881091957,0.41847645456041777,0.49040028165436145,0.4933465803861005
40.0,15.5,-0.7648036052554056,0.42598359482970366,-0.5099387220986443,0.5015244061437049,0.23784759999724167,0.42074561045456227,0.49493664995327386,0.4934042452479134
40.0,15.52,-0.7611549703838739,0.42824195035739127,-0.5054428211198064,0.5015952119174069,0.24151357047045108,0.4229744236490082,0.49943876200387266,0.4934207023029964
40.0,15.54,-0.7575014989668221,0.4304603042578079,-0.5009807738834113,0.5016256041036649,0.24518413079575488,0.42516311005420515,0.5039065390302438,0.4933968958295141
40.0,15.56,-0.7538437511521923,0.432638727906565,-0.4965527935602625,0.5016163488920463,0.24885879763697166,0.42731187386368463,0.5083399195149879,0.49333373921393925
40.0,15.58,-0.7501821398400768,0.4347775666768465,-0.49215881824124275,0.5015684648632762,0.25253708651699086,0.42942092866736364,0.5127388667003979,0.49323213981665864
40.0,15.6,-0.7465172145239309,0.4368769023255308,-0.4877990309301336,0.5014826948434075,0.2562185274634436,0.43149050711856385,0.5171033644564993,0.49309297789024664
40.0,15.62,-0.7428492992044918,0.43893721751448844,-0.4834733348745743,0.5013600235762544,0.25990265169479654,0.4335208207457103,0.5214333901227886,0.4929171328513575
40.0,15.64,-0.7391790085118606,0.4409584729755425,-0.47918170987391734,0.5012013376159755,0.2635890100637263,0.435512107840682,0.5257289597167872,0.49270545806814764
40.0,15.66,-0.7355067138010497,0.44294101867875524,-0.47492420157847165,0.5010074175752983,0.26727713976344214,0.4374646121122688,0.5299900804894787,0.4924588051735229
40.0,15.68,-0.7318329516362011,0.4448849607154099,-0.4707007581446594,0.5007791176887918,0.2709666077220868,0.4393785686710374,0.534216787727879,0.4921780076323121
40.0,15.7,-0.7281580033165187,0.4467907826818245,-0.4665114108099521,0.500517205044612,0.27465697669091893,0.4412542162733569,0.5384091229345722,0.4918638779057576
40.0,15.72,-0.724482376847997,0.44865858738025344,-0.46235607780939775,0.5002225015829866,0.27834782815392983,0.44309181731750846,0.5425671387794401,0.49151721264166026
40.0,15.74,-0.720806513954259,0.4504886199239254,-0.45823458673253237,0.4998959035512216,0.2820387334690013,0.444891611312957,0.546690916937871,0.49113880918422564
40.0,15.76,-0.7171307384781302,0.45228123338704895,-0.4541470951407147,0.49953796439327103,0.28572929628492383,0.4466538651043346,0.5507805084679959,0.49072942949540366
40.0,15.78,-0.7134555673491362,0.45403655856014974,-0.4500933266911862,0.49914963904433185,0.2894190888255055,0.44837884092127006,0.554836033968644,0.49028983891632893
40.0,15.8,-0.7097813922362004,0.4557548299325752,-0.4460732381692447,0.4987316089379742,0.29310773989606737,0.45006679666745736,0.5588575727094309,0.48982077625718823
40.0,15.82,-0.706108456138818,0.45743654198905853,-0.4420867073817722,0.49828464151118157,0.29679485576203196,0.4517179993493172,0.5628452359395787,0.48932298534395435
40.0,15.84,-0.702437322754213,0.4590817020210171,-0.4381337584440156,0.4978093171618065,0.30048004513591003,0.45333273033983323,0.566799142711471,0.48879717655217036
40.0,15.86,-0.6987682065849005,0.46069079738065527,-0.4342140762878479,0.49730653105737194,0.30416295158425205,0.45491124810948097,0.5707194317532448,0.48824403743734907
40.0,15.88,-0.6951016614153225,0.4622638436847715,-0.43032775364749476,0.4967767634500044,0.30784319684077327,0.4564538396911819,0.5746062114859388,0.4876642766251853
40.0,15.9,-0.691437808873599,0.46380145185680244,-0.42647444834855364,0.4962208697109409,0.3115204404432879,0.4579607726464277,0.5784596387397412,0.4870585710680468
40.0,15.92,-0.6877771840904949,0.4653036381689824,-0.4226540777662587,0.49563947340722375,0.31519431933492664,0.45943234245401565,0.5822798660149764,0.4864275727853615
40.0,15.94,-0.6841201479731891,0.46677065998519757,-0.41886654367442566,0.4950331786053997,0.31886448439497794,0.4608688239533479,0.5860670520666107,0.48577193570272903
40.0,15.96,-0.6804668848013605,0.46820300919331753,-0.4151116465752253,0.4944026424244333,0.3225306221270254,0.4622705018721082,0.5898213563371828,0.4850922942577424
40.0,15.98,-0.6768178331871196,0.4696008312485492,-0.4113891967316994,0.4937485285215525,0.32619238855772337,0.4636376610229594,0.5935429448565637,0.48438926880815586
40.0,16.0,-0.6731732473598084,0.47096450056641814,-0.40769915299401144,0.49307132502577455,0.32984947495730577,0.4649705951386612,0.5972319964103762,0.48366347101154844
40.0,16.02,-0.6695334656337424,0.47229427966152243,-0.404041139583816,0.4923718139691765,0.333501564848483,0.46626959659989575,0.6008886936230067,0.48291551409803796
40.0,16.04,-0.6658988884012438,0.4735903059611697,-0.4004151927247457,0.4916503955667909,0.3371483495368997,0.4675349443576342,0.6045132269053531,0.48214596467956633
40.0,16.06,-0.6622696786541704,0.47485307895941825,-0.396820910638181,0.4909078081251379,0.34078953079307944,0.4687669418883668,0.6081057806164826,0.4813554011434127
40.0,16.08,-0.6586461510144797,0.4760828595635808,-0.39325824517982344,0.49014451732646863,0.3444248134434762,0.4699658896169344,0.6116665578955838,0.48054438208199807
40.0,16.1,-0.6550286908607938,0.4772797905985802,-0.38972704477231723,0.4893610349377777,0.34805392133011365,0.47113207224970666,0.615195756301777,0.47971346177181157
40.0,16.12,-0.6514175275541401,0.4784442574178268,-0.3862268941768451,0.48855806195837553,0.3516765803861378,0.47226578692821614,0.6186935839431821,0.4788631687832002
40.0,16.14,-0.6478128770353202,0.47957663896243524,-0.38275780679986043,0.48773595644280493,0.3552925061754842,0.4733673268374734,0.6221602480515437,0.47799404916993815
40.0,16.16,-0.6442150950606779,0.4806770716862851,-0.37931945187119315,0.4868953389051187,0.35890143615410636,0.47443700749061696,0.6255959605147694,0.47710658483734664
40.0,16.18,-0.640624310986853,0.48174605344824833,-0.3759116534967864,0.48603666993437805,0.3625031300046634,0.4754750974674892,0.6290009361740682,0.4762013134407933
40.0,16.2,-0.6370408857555441,0.4827837338350936,-0.37253425056830375,0.48516042554493144,0.366097315192179,0.4764819188194623,0.6323754016140174,0.4752786971887576
40.0,16.22,-0.6334650919066442,0.4837903767366794,-0.3691869733278808,0.4842671112938934,0.3696837573021941,0.47745776772815135,0.6357195640056481,0.4743392378488681
40.0,16.24,-0.6298971054403075,0.48476635156787307,-0.36586955908553254,0.4833572348043722,0.37326222236545914,0.4784029334234968,0.6390336616918527,0.47338339425366593
40.0,16.26,-0.6263371963957417,0.4857119281812924,-0.3625819078474165,0.48243116255175306,0.3768324809668465,0.4793177208952046,0.6423179157588932,0.47241161531775533
40.0,16.28,-0.622785523598861,0.4866274694023865,-0.3593235850514587,0.48148951309035837,0.3803942991030696,0.4802024221979886,0.6455725582751711,0.47142437877667753
40.0,16.3,-0.6192423403446284,0.4875132396212122,-0.3560946511823207,0.48053250764310107,0.3839474595363388,0.48105734369269837,0.648797813926585,0.47042209157379583
40.0,16.32,-0.6157078883070534,0.48836949852497186,-0.3528946609656638,0.4795607373288454,0.387491757092669,0.4818827824469207,0.6519939168397157,0.469405206166187
40.0,16.34,-0.6121823194320106,0.4891966134636301,-0.34972342028884706,0.47857459713078876,0.3910269770336831,0.4826790336835461,0.6551611068199495,0.46837413155507535
40.0,16.36,-0.6086659588313492,0.4899947432652018,-0.34658072969754056,0.47757447031338957,0.39455292493420807,0.48344639364601777,0.658299619118287,0.4673292780394064
40.0,16.38,-0.6051588498559514,0.49076434985777595,-0.3434663886143825,0.4765607340351351,0.3980694053154549,0.48418516738585476,0.6614096922907022,0.4662710459156305
40.0,16.4,-0.601661308998833,0.49150559280023337,-0.34038011634120763,0.47553382430015206,0.40157622910270957,0.48489564362052195,0.6644915444151924,0.46519982633751794
40.0,16.42,-0.5981734633044838,0.4922188321893198,-0.3373216201487102,0.47449415257352495,0.4050732139757806,0.4855781123386945,0.6675454509907846,0.4641159871443231
40.0,16.44,-0.5946954284523304,0.4929044205203594,-0.33429078040631777,0.4734420166427471,0.40856017193495736,0.4862328844114486,0.6705716108716027,0.46301991745376053
40.0,16.46,-0.5912275153478034,0.4935625246484409,-0.3312873896883229,0.47237776300253215,0.4120369507196053,0.48686023763352204,0.6735703036962256,0.46191196490812114
40.0,16.48,-0.587769731562927,0.49419358796750595,-0.32831098563927924,0.4713018935159016,0.41550337037611673,0.4874604788618019,0.6765417474466998,0.4607924925688789
40.0,16.5,-0.5843224594353361,0.49479766987614027,-0.3253616115672112,0.47021457387794985,0.41895927767475205,0.48803388818893834,0.6794861928919408,0.4596618408122771
40.0,16.52,-0.5808856188864504,0.4953753190603409,-0.3224388055163177,0.4691162918497006,0.4224045129757524,0.48858076589120286,0.6824038678238172,0.4585203584951133
40.0,16.54,-0.5774594912774523,0.49592669122068944,-0.31954243812448735,0.4680073060577761,0.4258389259565658,0.48910139928258345,0.6852950324591633,0.4573683542680516
40.0,16.56,-0.5740442479231931,0.4964520277531315,-0.31667229393210505,0.46688792175464344,0.42926237167681186,0.48959607529842203,0.6881599074059294,0.45620616934004865
40.0,16.58,-0.5706398963396073,0.4969517808248575,-0.3138279912786782,0.46575854319727933,0.43267471039454125,0.4900650802878141,0.6909987609940191,0.4550340978000651
40.0,16.6,-0.5672467000733434,0.49742610099607415,-0.3110094817945212,0.46461935922123837,0.4360758073803887,0.4905086998113513,0.6938118214863149,0.45385244937964436
40.0,16.62,-0.5638648129339859,0.49787522252311406,-0.3082163883767615,0.46347076735986614,0.4394655412980801,0.4909272107740769,0.6965993245226597,0.452661529516661
40.0,16.64,-0.5604942309360336,0.49829959252520906,-0.305448567196789,0.4623129804060908,0.4428437697485424,0.4913209118553991,0.6993615128149333,0.45146162191173494
40.0,16.66,-0.5571352005839448,0.4986993559970406,-0.3027056431962081,0.4611463827965759,0.44621038046742884,0.49169007747914384,0.7020986281185536,0.4502530180133188
40.0,16.68,-0.5537876911538556,0.49907493872707037,-0.2999875608608009,0.4599711356318916,0.44956526546834563,0.492034980289319,0.7048109184916987,0.44903596998171674
40.0,16.7,-0.5504519488251043,0.49942649078138657,-0.2972939363057957,0.4587875961168665,0.45290830887241845,0.4923559124543088,0.7074986148567897,0.4478107623817414
40.0,16.72,-0.5471281103817238,0.4997542427155664,-0.2946246377719866,0.4575959747498569,0.45623940023187504,0.49265313155784146,0.7101619623770046,0.44657766328250864
40.0,16.74,-0.5438161412712925,0.5000586205125669,-0.2919793602768597,0.4563965602107529,0.45955844172520804,0.49292693728572196,0.71280119561052,0.44533690861625025
40.0,16.76,-0.5405161842504295,0.5003398624556797,-0.28935788667532175,0.4551895950208486,0.4628653300076922,0.493177582829094,0.7154165470393224,0.4440887424534978
40.0,16.78,-0.5372284538249853,0.5005981013636538,-0.2867599972029621,0.4539753121466653,0.46615997220492594,0.4934053439310346,0.7180082558719514,0.44283343994291835
40.0,16.8,-0.5339529056524271,0.5008337574535839,-0.2841853939067764,0.45275398994574206,0.4694422872782152,0.4936104856304025,0.7205765566206582,0.4415711965522736
40.0,16.82,-0.5306896669157561,0.5010470608757274,-0.28163394140520087,0.45152580773859846,0.4727121799849105,0.4937932865799798,0.7231216906243304,0.4403022564197108
40.0,16.84,-0.5274387621669012,0.5012383220230342,-0.27910541600033895,0.45029097565595666,0.4759695751298756,0.49395400624559294,0.7256438795787957,0.43902684446914375
40.0,16.86,-0.5242003942177677,0.5014076715014285,-0.27659951994828946,0.44904975336695874,0.47921440014501543,0.49409290092766817,0.7281433585330321,0.4377451867746174
40.0,16.88,-0.5209746001179844,0.5015554352476284,-0.2741160387366145,0.4478023522181549,0.4824465645613854,0.4942102545813286,0.7306203575250566,0.43645746487097736
40.0,16.9,-0.5177613899042051,0.5016819134979728,-0.27165467462276144,0.44654901681115317,0.48566601779915913,0.49430630034550804,0.7330751210937868,0.435163896775841
40.0,16.92,-0.5145608764473139,0.5017873313854838,-0.26921536820544045,0.4452898505100599,0.4888726824193262,0.4943813071849856,0.7355078571326348,0.4338646893871911
40.0,16.94,-0.5113730645215734,0.5018719855714368,-0.2667977463783845,0.4440251375265609,0.4920665058530789,0.4944355293676624,0.7379187939300629,0.43256003812751126
40.0,16.96,-0.50819815509042,0.5019360157944354,-0.26440174510352893,0.44275496543758225,0.49524741739578493,0.49446921464581267,0.7403081705898219,0.4312501038005881
40.0,16.98,-0.5050360543203004,0.5019797991146562,-0.2620269237216214,0.4414796656029663,0.49841535632433875,0.4944826328842966,0.7426761926029439,0.4299351079345459
40.0,17.0,-0.5018868587219392,0.5020035498675722,-0.2596732145022899,0.44019930889926806,0.5015702980691696,0.4944760153814908,0.7450230974726412,0.4286151809073928
40.0,17.02,-0.4987506622436891,0.5020074819239277,-0.2573404081817807,0.43891407631292495,0.5047121733438218,0.49444961274954474,0.7473490985988048,0.42729053707111486
40.0,17.04,-0.4956275391757797,0.5019917913275117,-0.25502820856151864,0.43762416977481966,0.5078409427467061,0.49440366550367565,0.7496544259822094,0.4259613253616639
40.0,17.06,-0.4925174091863685,0.5019568686515948,-0.25273640976576156,0.4363297624786451,0.5109565592621712,0.49433841878647505,0.7519392809513336,0.4246277073876609
40.0,17.08,-0.48942042963662924,0.5019028202378859,-0.2504648744123285,0.4350309655958088,0.5140589885242112,0.4942541249563201,0.7542039016387818,0.4232898428623126
40.0,17.1,-0.4863365862568186,0.501829929604244,-0.24821331149334966,0.43372797046898925,0.5171481937785469,0.4941510117042262,0.7564484714189179,0.4219478899213743
40.0,17.12,-0.4832658793817648,0.5017384949028054,-0.24598151652645017,0.43242093592897557,0.5202241446584812,0.4940293078534087,0.7586732337427343,0.4206019832771317
40.0,17.14,-0.48020836126788397,0.5016286931175019,-0.2437693503931686,0.4311099553428087,0.523286814561594,0.4938892580924844,0.7608783943245127,0.4192522659417082
40.0,17.16,-0.4771641099892775,0.5015007295566628,-0.24157645533953628,0.42979525722223866,0.5263361651884549,0.49373109122407477,0.7630641545778103,0.41789889096722255
40.0,17.18,-0.47413310286625354,0.5013548801480744,-0.2394027761415239,0.42847689704771735,0.5293721789821189,0.493555033596708,0.7652307262109805,0.416541994927661
40.0,17.2,-0.47111539735032953,0.5011913301238857,-0.2372480309073869,0.42715504984172126,0.5323948297792833,0.4933613159728763,0.7673783222120708,0.4151816929532661
40.0,17.22,-0.46811096698192106,0.5010103515979675,-0.23511201465353393,0.4258298453997988,0.5354041060023983,0.49315016071255113,0.7695071348783196,0.41381811892031223
40.0,17.24,-0.46511987086996587,0.5008121328074987,-0.23299459278701293,0.42450136044541753,0.5383999896116064,0.49292177947963745,0.7716173752371175,0.41245139500332123
40.0,17.26,-0.46214216086142923,0.500596855615343,-0.23089542070704622,0.423169811090074,0.5413824720621252,0.49267640533206386,0.7737092480016245,0.4110816354563452
40.0,17.28,-0.45917771235670196,0.500364861552541,-0.22881451209462916,0.4218351838999758,0.5443515318978792,0.49241425503357783,0.775782953174973,0.40970896495673226
40.0,17.3,-0.4562266611943166,0.500116248522324,-0.2267514472716018,0.420497719452216,0.5473071617026918,0.4921355364713664,0.7778386824590451,0.40833348223927723
40.0,17.32,-0.4532889668289552,0.49985127409462754,-0.22470617163301884,0.4191574458141125,0.550249365797825,0.49184046359622996,0.7798766386796275,0.4069552877502331
40.0,17.34,-0.45036459237819043,0.4995701989114964,-0.22267848726881803,0.41781447416679157,0.5531781177469461,0.49152925301248024,0.7818970126946068,0.4055745062020439
40.0,17.36,-0.4474536581727322,0.499273107498483,-0.22066812278868783,0.41646894709940496,0.5560934411551957,0.4912021098790945,0.7839000027779321,0.4041912275532619
40.0,17.38,-0.44455603704017277,0.4989603358013637,-0.2186749544844237,0.41512092727270183,0.5589953286066955,0.4908592418998215,0.7858858021716041,0.4028055525327519
40.0,17.4,-0.44167185139392745,0.49863197232649226,-0.21669871510552843,0.41377055222559767,0.5618837798107358,0.4905008417006023,0.7878545950307958,0.4014175560785647
40.0,17.42,-0.43880096103305194,0.4982883367151062,-0.21473927918782348,0.4124178715559058,0.5647587887160818,0.49012712739545544,0.7898065714582798,0.4000273471124998
40.0,17.44,-0.4359434855000153,0.4979295157113284,-0.21279652967203755,0.4110629484808789,0.567620388463373,0.4897382779280692,0.7917419192971386,0.39863499509824135
40.0,17.46,-0.43309937395594156,0.49755575432492105,-0.21087012846968978,0.4097059417255092,0.5704685612166789,0.4893345103575986,0.7936608141640199,0.39724059442827286
40.0,17.48,-0.43026856436710037,0.4971672834729577,-0.20896002885607018,0.40834686428076283,0.5733033345811365,0.48891600792462314,0.7955634586968182,0.395844232228019
40.0,17.5,-0.42745108533587517,0.49676426259298273,-0.20706589758013202,0.4069858697808583,0.5761247105385092,0.4884829624425323,0.7974500183432756,0.394445956249256
40.0,17.52,-0.42464687746594576,0.49634692459835583,-0.20518776159088173,0.40562293304085484,0.5789327088629161,0.4880355770550498,0.7993206760401033,0.39304587164920374
40.0,17.54,-0.42185604855642467,0.49591534684224764,-0.20332521882920576,0.4042582345925648,0.5817273442498011,0.4875740121456175,0.8011756094190211,0.3916440257059648
40.0,17.56,-0.41907845029287416,0.49546983313024984,-0.2014782986707159,0.4028917477062372,0.5845086453901956,0.48709847057789696,0.8030150053653137,0.39024048431279024
40.0,17.58,-0.41631418806623244,0.49501045906683877,-0.19964666988730914,0.4015236034997662,0.5872766033040617,0.48660913735409606,0.8048390247625598,0.38883533219180166
40.0,17.6,-0.4135631020757098,0.49453751240619304,-0.1978302239661657,0.40015384391757025,0.5900312741162921,0.48610617882693546,0.8066478435231713,0.38742862371875697
40.0,17.62,-0.4108252188079707,0.4940511501232022,-0.19602884875187196,0.3987825013140409,0.5927726554364099,0.4855897955569111,0.8084416437106906,0.3860203958378674
40.0,17.64,-0.408100544580158,0.4935515058033393,-0.19424222279409556,0.3974097049012103,0.5955007828403929,0.48506014676476855,0.8102205788666952,0.3846107381972739
40.0,17.66,-0.4053890941817691,0.4930387238103984,-0.19247030288162445,0.39603544105167887,0.5982156720321128,0.48451740640267066,0.81198482887986,0.38319968087087664
40.0,17.68,-0.4026907999762729,0.49251302383644163,-0.19071291482898203,0.39465977748673337,0.6009173648469996,0.4839617488711958,0.813734556650865,0.3817872776641327
40.0,17.7,-0.4000055796724541,0.49197460605221344,-0.18896987978690571,0.3932827668501545,0.6036058848140319,0.48339334748754453,0.8154699271688907,0.38037358063506505
40.0,17.72,-0.3973334454624813,0.4914236101597789,-0.18724095259777945,0.3919044931951539,0.6062812452922285,0.4828123641638808,0.8171911009065389,0.3789586370423869
40.0,17.74,-0.3946744039508154,0.4908601695991215,-0.18552609562251893,0.39052494099929735,0.6089435080331191,0.4822189614908916,0.8188982403314417,0.3775424924474623
40.0,17.76,-0.3920282851755553,0.49028454842041835,-0.18382506971867152,0.3891441966557434,0.6115926782600483,0.48161330556884047,0.8205915088950885,0.37612517293048
40.0,17.78,-0.38939527005342817,0.4896967458590557,-0.18213770006374372,0.3877622989467509,0.6142288096541985,0.48099556307684077,0.8222710597144433,0.37470673194829857
40.0,17.8,-0.38677519176698844,0.48909702860334725,-0.18046395512830282,0.38637923599136337,0.6168519157585378,0.48036588315926165,0.8239370561815724,0.3732871905218415
40.0,17.82,-0.38416796430217026,0.4884855864297644,-0.17880352432159297,0.3849950997183946,0.6194620501816941,0.47972442588644393,0.825589647591767,0.3718665954821652
40.0,17.84,-0.3815736760376288,0.48786247918131365,-0.1771563143877973,0.38360991264290756,0.6220592474224176,0.4790713504679997,0.8272289868393873,0.3704449756196387
40.0,17.86,-0.3789922352765034,0.48722788901577846,-0.17552221879406818,0.38222366643807254,0.62464353929787,0.4784067937175806,0.8288552340492034,0.3690223432829155
40.0,17.88,-0.37642356317578674,0.4865820125852118,-0.1739010094593157,0.38083643581751325,0.6272149823290538,0.4777309083215607,0.8304685288533706,0.3675987513804674
40.0,17.9,-0.3738676523140434,0.4859249621260924,-0.17229265395351104,0.37944819003309255,0.6297735896753025,0.4770438627155147,0.8320690261945779,0.366174205430568
40.0,17.92,-0.37132449470833734,0.4852568493810132,-0.17069685416863267,0.37805901459336394,0.6323194264764077,0.4763457754893157,0.8336568771392966,0.3647487243330952
40.0,17.94,-0.36879400998218537,0.4845778667021676,-0.16911351921691817,0.3766689165359353,0.6348525203373936,0.4756368029791444,0.8352322159265096,0.36332235215352143
40.0,17.96,-0.36627610047374465,0.48388818181107707,-0.16754261700299797,0.37527785661030133,0.6373729258119565,0.4749170843565396,0.8367951965487473,0.3618950875070439
40.0,17.98,-0.3637708456333698,0.48318784437575774,-0.16598379137426716,0.37388594630405114,0.6398806848340729,0.474186763705063,0.8383459623668909,0.36046693961211934
40.0,18.0,-0.36127815536644065,0.4824770314130435,-0.1644370813283571,0.37249312101311666,0.6423758357413203,0.4734459623813642,0.839884645705668,0.3590379456181151
40.0,18.02,-0.35879793118286735,0.481755906599945,-0.16290226413585907,0.3710994282122755,0.6448584252690028,0.47269483983429367,0.8414113973626399,0.35760809662435755
40.0,18.04,-0.35633016276708857,0.4810245748013041,-0.16137925114316892,0.3697048616991433,0.6473285130059998,0.4719335102268836,0.8429263502715953,0.3561774088076963
40.0,18.06,-0.35387475956000314,0.4802832077184537,-0.15986782258217183,0.3683094630851267,0.649786121544654,0.4711621098988679,0.8444296388699791,0.3547458971303075
40.0,18.08,-0.351431710574537,0.47953190799973533,-0.15836788813775424,0.36691321300521446,0.6522313306887845,0.4703807622690188,0.84592140947522,0.35331354499884854
40.0,18.1,-0.3490009963149754,0.4787707668261897,-0.15687929861118888,0.3655161286068437,0.6546641683148676,0.46958960229871005,0.8474017812087072,0.3518803919529466
40.0,18.12,-0.3465825215935163,0.47799994650323724,-0.15540196510305465,0.3641181868979208,0.6570846881110988,0.468788763799191,0.8488708953852747,0.3504464156911051
40.0,18.14,-0.34417627855415217,0.47721955263901145,-0.15393574204817911,0.36271940508055966,0.6594929318004604,0.46797835216713374,0.8503288894089966,0.34901160780601914
40.0,18.16,-0.3417820767336297,0.4764297877407934,-0.15248041411859578,0.3613198057644456,0.6618889738192746,0.4671584934961551,0.8517758769212499,0.34757600043858733
40.0,18.18,-0.3394000665341625,0.47563062467715145,-0.15103596128697022,0.3599193396948634,0.6642728367365253,0.4663293092381899,0.8532120042997998,0.3461395507716241
40.0,18.2,-0.33703007318384154,0.4748222854859331,-0.14960217780930188,0.35851804192149994,0.6666445922624628,0.4654909185308589,0.8546373849519364,0.34470228757474797
40.0,18.22,-0.33467207254734943,0.47400484979754215,-0.14817904293713297,0.35711585635794374,0.6690042991941182,0.4646434288283849,0.8560521548075731,0.34326417778793006
40.0,18.24,-0.3323260480462707,0.4731784078504419,-0.14676628964432345,0.3557128354521561,0.6713519946586163,0.4637869647564089,0.8574564310120882,0.34182523120474023
40.0,18.26,-0.3299918965528287,0.4723431016784674,-0.14536383727068078,0.3543089453624145,0.6736877341802481,0.4629216268512727,0.8588503409964608,0.34038542551739254
40.0,18.28,-0.32766951909930003,0.4714990768014754,-0.14397160652153698,0.35290415332964753,0.6760115750988126,0.4620475318515259,0.8602340005143667,0.33894476693499775
40.0,18.3,-0.32535889166670035,0.4706464091575406,-0.14258945973683052,0.35149845661339424,0.6783235691872812,0.46116479037735497,0.8616075472397206,0.33750319942941287
40.0,18.32,-0.32306000131865176,0.4697851906573957,-0.1412172582405445,0.35009184447716907,0.6806237783664557,0.4602735003852973,0.8629710805873552,0.33606075451282913
40.0,18.34,-0.3207728162612585,0.4689154858484528,-0.13985486569676014,0.34868430639892223,0.6829122505528387,0.45937378271049223,0.8643247296594302,0.33461738720263495
40.0,18.36,-0.3184971561268506,0.4680374918403381,-0.1385022661196737,0.34727577574776425,0.685189044026406,0.4584657111005826,0.8656686109021192,0.3331730808163117
40.0,18.38,-0.3162330824584927,0.4671512312972343,-0.1371592056716882,0.34586629186982615,0.6874542185690757,0.4575494100402356,0.8670028389191057,0.3317278165785473
40.0,18.4,-0.31398048602771916,0.4662568270594034,-0.13582560885519468,0.3444558055201141,0.6897078362201033,0.45662496869929114,0.8683275226794287,0.33028158956203557
40.0,18.42,-0.31173926544921843,0.465354410930082,-0.1345013464532722,0.34304430425138305,0.6919499290210616,0.45569248893904374,0.8696427835832279,0.32883434620522584
40.0,18.44,-0.3095094748038513,0.4644439941665271,-0.13318640618552455,0.34163171768949036,0.6941805865391102,0.4547520566335097,0.8709487297745201,0.32738607861660723
40.0,18.46,-0.307290928416285,0.46352575565074455,-0.13188053872363054,0.3402180699300719,0.6963998444511682,0.45380377198731003,0.8722454759449189,0.3259367453973432
40.0,18.48,-0.30508368405707953,0.4625997112325527,-0.1305837341563042,0.3388032887681063,0.6986077641337709,0.4528477328333298,0.8735331254076808,0.3244863343168481
40.0,18.5,-0.30288755706850673,0.46166603670365236,-0.12929580639253785,0.33738737217285714,0.7008044007244999,0.45188403094169066,0.8748117918854303,0.32303480110036786
40.0,18.52,-0.300702594898188,0.4607247312523939,-0.12801668708410166,0.33597026547389464,0.7029898349034165,0.4509127379075904,0.8760815813926448,0.3215821147234857
40.0,18.54,-0.29852861759795446,0.4597759730320003,-0.12674631233002107,0.3345519234234547,0.7051640932381978,0.44993395782924167,0.87734259994522,0.32012824297300074
40.0,18.56,-0.2963657564807971,0.45881971420786366,-0.12548443796239347,0.33313234889107896,0.7073272515347167,0.44894775530789865,0.8785949515276891,0.3186731517210288
40.0,18.58,-0.2942137421176703,0.4578561666390158,-0.12423111819959304,0.3317114470853078,0.7094793718288505,0.44795423609190477,0.8798387400951565,0.3172168056799623
40.0,18.6,-0.29207263294318,0.4568853442350505,-0.12298611565890877,0.3302892264248302,0.7116205089837621,0.44695346488996196,0.8810740675351805,0.31575916768311135
40.0,18.62,-0.2899423175148725,0.4559073477228993,-0.12174936545990664,0.3288656194982714,0.7137507118645663,0.44594553552669697,0.8823010391299323,0.31430018331004533
40.0,18.64,-0.28782276803606105,0.45492223134699983,-0.1205208085621776,0.3274405722948351,0.7158700469171877,0.4449305337653045,0.8835197555371043,0.3128398127257523
40.0,18.66,-0.2857139568605994,0.45393004931594305,-0.11930026810852296,0.3260140593300641,0.7179785894005848,0.44390851430187783,0.8847303163128396,0.31137801462831777
40.0,18.68,-0.28361569838615447,0.45293095480641044,-0.11808768556993171,0.3245860181038436,0.7200763761296859,0.4428795581891128,0.8859328222451428,0.30991472973181855
40.0,18.7,-0.281528038702542,0.4519249402373231,-0.1168829999696051,0.32315637706845735,0.7221634779047418,0.44184374851566716,0.887127359784099,0.3084499447669117
40.0,18.72,-0.2794508757906069,0.4509121126878765,-0.11568604108389567,0.3217251110756447,0.7242399503818767,0.4408011573025288,0.8883140348452179,0.3069835828414499
40.0,18.74,-0.2773841020010901,0.44989256737747213,-0.1144967514939508,0.320292148224571,0.7263058582163108,0.43975184306456,0.8894929413061967,0.30551559654941657
40.0,18.76,-0.27532776098416056,0.4488662916967597,-0.11331496419729986,0.3188574585689958,0.728361251984769,0.4386958887612745,0.8906641718611933,0.30404593710344235
40.0,18.78,-0.2732817460669452,0.44783338032938214,-0.11214067950248169,0.31742094690008515,0.7304061989070111,0.43763335115700247,0.8918278243138062,0.3025745391331786
40.0,18.8,-0.27124595152904313,0.4467939265958205,-0.11097373047593433,0.31598257220666587,0.73244075978664,0.436564298808044,0.8929839836188453,0.3011013666544199
40.0,18.82,-0.2692202695091949,0.44574801734286335,-0.10981406382799408,0.314542256206744,0.734464996689288,0.4354887994160111,0.8941327492951288,0.2996263356117183
40.0,18.84,-0.2672048229693924,0.44469559311714213,-0.10866151878276514,0.3130999612474289,0.7364789568665563,0.4344069276743877,0.895274204833533,0.29814940768953657
40.0,18.86,-0.26519934971571385,0.4436368340011135,-0.10751609782208907,0.311655583719132,0.738482711473932,0.43331871893300183,0.8964084419012903,0.2966705117087447
40.0,18.88,-0.2632038990609039,0.44257173227956936,-0.10637763944320142,0.31020907228314865,0.7404763270590996,0.43222425616405497,0.8975355477072638,0.2951895914665072
40.0,18.9,-0.26121835975829494,0.44150036280768273,-0.10524604123247916,0.30876036225616776,0.7424598448731863,0.4311235887388086,0.898655615335487,0.2937065570888632
40.0,18.92,-0.25924262478314114,0.4404228043921033,-0.10412130734577581,0.30730934421166184,0.7444333327937174,0.4300167801502706,0.8997687262389689,0.2922213660879482
40.0,18.94,-0.2572767416178504,0.43933904488608766,-0.10300322821315346,0.3058559811051282,0.7463968501719428,0.4289038701009303,0.9008749595349069,0.2907339570511
40.0,18.96,-0.2553205985183559,0.43824915278109966,-0.10189175871049092,0.304400183491477,0.7483504595594257,0.42778493333957435,0.9019744154195853,0.28924422245393216
40.0,18.98,-0.25337409381350423,0.43715321064310503,-0.10078679818156179,0.3029418688684883,0.7502942309868024,0.42666001275223964,0.9030671661370671,0.28775211435250914
40.0,19.0,-0.25143726751860584,0.4360511920346829,-0.09968830060784308,0.30148093667428066,0.7522281946131181,0.42552916180028244,0.9041532918386812,0.28625756922535345
40.0,19.02,-0.24950986161359043,0.4349432564847144,-0.09859617657838428,0.3000173279367994,0.7541524396654952,0.4243924314882147,0.9052328851937335,0.2847604746202695
40.0,19.04,-0.24759199944586968,0.4338293437487286,-0.09751025598417876,0.29855090696135655,0.7560670142794149,0.42324986542887466,0.9063060174141006,0.28326077994860493
40.0,19.06,-0.2456835682046363,0.4327095102834502,-0.09643058056601489,0.2970816485511166,0.757971968775957,0.42210152456852584,0.9073727703592019,0.28175840250413636
40.0,19.08,-0.24378438965800264,0.4315838691565611,-0.09535697782661214,0.29560939647896184,0.7598673764997917,0.4209474293881514,0.908433227198194,0.2802532418382579
40.0,19.1,-0.24189457974367226,0.43045234739695176,-0.09428931337730094,0.29413410034874626,0.76175329098755,0.4197876573036108,0.9094874597518363,0.2787452279629754
40.0,19.12,-0.24001395931503652,0.42931505262785946,-0.09322765043438201,0.29265561322155004,0.7636297785443089,0.4186222221722727,0.9105355474515128,0.2772342751512185
40.0,19.14,-0.23814242056767088,0.4281720388396638,-0.09217180907522654,0.2911739080089599,0.7654968769476217,0.4174511902648821,0.911577568822429,0.27572027928555554
40.0,19.16,-0.23628000623205697,0.42702327677741936,-0.09112167352416904,0.28968879394116076,0.7673546716371388,0.4162745833572195,0.9126135980465023,0.27420315156791525
40.0,19.18,-0.2344266102446088,0.425868820857455,-0.09007723497256381,0.28820023619677887,0.7692031932689963,0.41509246144971707,0.913643704041305,0.2726828182939924
40.0,19.2,-0.2325822021280592,0.4247086841580414,-0.08903844492992777,0.2867080710098033,0.7710425199745368,0.4139048397828926,0.9146679684630833,0.27115915678057745
40.0,19.22,-0.23074667281512504,0.42354291083528534,-0.08800511889419145,0.28521221937554236,0.7728727072334758,0.41271175473702754,0.9156864549500107,0.26963209038218816
40.0,19.24,-0.22891992012959966,0.4223715541657716,-0.08697721670444152,0.2837125271046418,0.7746938058024345,0.411513273695048,0.9166992449599983,0.26810149495457253
40.0,19.26,-0.22710191162740573,0.421194617399066,-0.08595467183128976,0.2822089258865391,0.7765058871063653,0.410309404524371,0.9177063989051788,0.2665672915935402
40.0,19.28,-0.22529268895898913,0.42001206516381256,-0.08493738178377411,0.2807012219580161,0.7783089909012606,0.4091001718059237,0.9187079948418141,0.2650293538021487
40.0,19.3,-0.22349199875337172,0.41882401525658547,-0.08392534609066644,0.27918937424009854,0.7801031862735741,0.4078856318488629,0.9197040920197386,0.26348760108348734
40.0,19.32,-0.22169995798212042,0.41763039381668093,-0.08291841161954311,0.27767318265428215,0.7818885304293564,0.40666579885203746,0.9206947685573206,0.2619418882666625
40.0,19.34,-0.21991631423405103,0.41643131253373283,-0.08191650812467757,0.2761525348765792,0.7836650759459316,0.40544071818247307,0.921680086964152,0.2603921171633101
40.0,19.36,-0.2181411833850757,0.4152266946299182,-0.08091955994055378,0.2746272922770322,0.7854328812118859,0.4042104024727946,0.9226601080850765,0.25883818853079066
40.0,19.38,-0.21637438891237373,0.4140166128969084,-0.07992755257383094,0.27309733975980355,0.7871920050969793,0.40297486349987977,0.9236349056213065,0.25727995402114245
40.0,19.4,-0.21461589848998125,0.4128010588589732,-0.07894035219960342,0.27156250204656596,0.78894249706152,0.40173417651433746,0.9246045378703559,0.2557173124623257
40.0,19.42,-0.21286568074496648,0.41158002497579993,-0.07795788727415333,0.2700226281695733,0.7906844130613349,0.400488315040558,0.9255690658635081,0.2541501455105588
40.0,19.44,-0.21112363119093455,0.4103535367728419,-0.07698009971114293,0.2684776049219774,0.7924178247573034,0.3992373114945239,0.92652855869013,0.25257830170041623
40.0,19.46,-0.2093896496139169,0.40912162428066284,-0.07600690926143139,0.26692723307746674,0.7941427723199759,0.39798121599907177,0.9274830746225734,0.251001660745586
40.0,19.48,-0.20766370398288614,0.4078842716528848,-0.07503824969018913,0.2653713523151756,0.7958593082238659,0.3967200319423685,0.9284326711512803,0.24942010159985217
40.0,19.5,-0.2059458342991457,0.4066414281919453,-0.07407405962619582,0.26380980999726716,0.7975675036512433,0.3954537710190271,0.9293774114866485,0.24783346945065848
40.0,19.52,-0.20423579771753722,0.4053931880780297,-0.07311423672967712,0.2622424739718897,0.7992674049913113,0.39418244888221643,0.9303173545810681,0.24624162514068335
40.0,19.54,-0.2025336301859841,0.40413948767215097,-0.07215879606172601,0.2606690913728074,0.8009590558771577,0.39290609629488027,0.9312525520460075,0.24464444440247027
40.0,19.56,-0.2008392343325128,0.40288034984445387,-0.07120754677335141,0.2590895424543876,0.8026425261502854,0.3916247212787465,0.932183063142629,0.2430417697148837
40.0,19.58,-0.1991525778805164,0.4016157487885653,-0.0702605149085774,0.25750359346843643,0.804317865387621,0.39033833825499775,0.9331089407756606,0.24143345872639813
40.0,19.6,-0.19747363204350551,0.40034566462853527,-0.06931761211066667,0.2559111173178915,0.8059851254245586,0.38904696184908844,0.9340302421390085,0.239819352300073
40.0,19.62,-0.1958022230906613,0.3990701333238838,-0.06837876893680953,0.25431186589543403,0.8076443585061492,0.3877506059829539,0.9349470190292284,0.2381992893769842
40.0,19.64,-0.19413839316346407,0.39778909747547264,-0.06744388616592455,0.2527056436617307,0.809295618210442,0.38644928431979836,0.9358593242767895,0.236573108654513
40.0,19.66,-0.192481970418357,0.39650258929152876,-0.06651296705571737,0.2510922711551497,0.8109389615034599,0.3851429938858533,0.936767205486566,0.2349406643830806
40.0,19.68,-0.19083299751399568,0.39521054939903116,-0.06558590954331911,0.24947151665378953,0.8125744331588738,0.383831759713518,0.9376707182169187,0.23330176018401455
40.0,19.7,-0.18919137120002896,0.39391296891765054,-0.06466261943743354,0.24784316045888663,0.8142020908180679,0.38251557739652886,0.9385699045040912,0.23165624793520598
40.0,19.72,-0.18755699710023274,0.39260985307369445,-0.06374310362057314,0.24620700108079388,0.8158219914368318,0.38119444129110225,0.9394648133507773,0.2300039460297406
40.0,19.74,-0.18592984272880106,0.39130115701144735,-0.06282725966996283,0.2445627590611649,0.8174341732596218,0.3798683882004866,0.940355491370764,0.22834467178793666
40.0,19.76,-0.18430987712782823,0.3899868376583247,-0.06191501542766706,0.2429102534028184,0.8190386977008673,0.3785373955454141,0.9412419878086268,0.22667822530731985
40.0,19.78,-0.1826969372765421,0.3886669219838238,-0.061006362385250514,0.24124918309886342,0.820635614059229,0.3772014689430345,0.9421243393430349,0.22500443794517472
40.0,19.8,-0.18109106205314163,0.38734133272124055,-0.06010118721675697,0.23957935058716737,0.8222249719249408,0.37586061334584714,0.9430025885551133,0.2233231246758317
40.0,19.82,-0.17949215207328706,0.3860100493777745,-0.05919948324193456,0.2379004312402366,0.8238068202238115,0.37451483261086915,0.9438767839111675,0.22163404925810098
40.0,19.84,-0.17790017768324135,0.3846730213180376,-0.05830118885096522,0.2362122209546998,0.8253812062503795,0.37316412907814495,0.9447469567621724,0.21993704048894577
40.0,19.86,-0.17631497706099145,0.38333026149003563,-0.057406183447687026,0.23451443277377892,0.8269481840358602,0.37180849000992455,0.9456131458598596,0.21823189374205004
40.0,19.88,-0.17473658786262714,0.38198168240064195,-0.056514513576428074,0.23280673124027437,0.8285078012911292,0.3704479163754812,0.9464753926881855,0.21651836981686196
40.0,19.9,-0.17316484924742495,0.38062729052382754,-0.055626083891451836,0.23108889412783307,0.8300601040482523,0.36908240765127237,0.947333729405221,0.21479626170451788
40.0,19.92,-0.17159979664234234,0.37926698940652387,-0.05474081173288417,0.22936054848644088,0.8316051459255812,0.3677119485930463,0.9481881902788478,0.21306534509930555
40.0,19.94,-0.1700413364780267,0.377900749812736,-0.05385869056561611,0.22762143961762998,0.8331429723444748,0.3663365369112798,0.9490388067340333,0.21132539465294448
40.0,19.96,-0.16848943978526065,0.3765285057136358,-0.052979658648306706,0.22587123847590193,0.8346736343245662,0.36495615470707043,0.9498856098901388,0.20957616717334238
40.0,19.98,-0.16694394856797645,0.37515025187011425,-0.05210369866469367,0.22410960432410146,0.8361971712361455,0.36357081296820737,0.95072862531016,0.2078174352451697
40.0,20.0,-0.16540489674462414,0.3737658796063289,-0.05123070832134424,0.22233616234557527,0.8377136334355416,0.3621804920934795,0.9515678864197842,0.20604892064346314
60.0,0.0,-1.7108240145373733e-07,-1.1406107295877152e-05,-6.9043864643893445e-09,-3.925729109687875e-06,0.9999994700698102,4.955829765170136e-06,0.9999992473548049,7.251342260029803e-06
60.0,0.02,-1.7710824361113292e-06,-0.0012775138955089427,-1.648531370632169e-07,-0.0003987078284070241,0.999997971570491,-0.0012730801128531292,0.9999992364385258,-0.0004093058442043596
60.0,0.04,-6.587014643248481e-06,-0.002543690065700241,-6.358549885386277e-07,-0.0007935136658804048,0.9999932249571629,-0.002551090290459131,0.9999988901246287,-0.0008258250370841001
60.0,0.06,-1.4619531276640152e-05,-0.003809935318583038,-1.4199836157647735e-06,-0.0011883475905365014,0.9999852303636975,-0.003829076657378837,0.9999982085620147,-0.0012423113658555861
60.0,0.08,-2.5869211508225833e-05,-0.005076250095285233,-2.5172763426034563e-06,-0.0015832137428587502,0.9999739878394921,-0.005107041128243076,0.999997191881497,-0.001658769897033377
60.0,0.1,-4.033681119077e-05,-0.006342635700093784,-3.927873931512171e-06,-0.0019781164011143703,0.999959497351109,-0.006384985896425261,0.9999958401959554,-0.002075205662407446
60.0,0.12,-5.802320279883589e-05,-0.007609092674656813,-5.651870129784227e-06,-0.002373059449654497,0.999941758779283,-0.007662912630558395,0.9999941535996548,-0.002491623850990708
60.0,0.14,-7.89293726866752e-05,-0.008875622616916915,-7.68938217877531e-06,-0.0027680477290734236,0.9999207719217134,-0.008940823695663153,0.9999921321694111,-0.0029080295297313234
60.0,0.16,-0.00010305614068048706,-0.010142224772097547,-1.0040558453023481e-05,-0.003163084631136155,0.9998965364900493,-0.0102187209307763,0.9999897759638667,-0.0033244276609274664
60.0,0.18,-0.0001304044779149821,-0.011408900231932941,-1.2705538302558786e-05,-0.0035581752235538952,0.9998690521155859,-0.011496606346518808,0.9999870850243542,-0.0037408232069128127
60.0,0.2,-0.00016097561909949226,-0.012675651238706478,-1.5684409133905775e-05,-0.003953323299836845,0.9998383183445689,-0.012774481775376639,0.9999840593725223,-0.004157221479077292
60.0,0.22,-0.00019477056438623174,-0.01394247672024196,-1.8977514276935573e-05,-0.004348532941645554,0.9998043346390318,-0.014052349220155455,0.9999806990136106,-0.004573627439709081
60.0,0.24,-0.0002317906683688657,-0.01520938039184938,-2.2584930575104678e-05,-0.004743808818620639,0.9997671003806835,-0.015330210678889067,0.9999770039350868,-0.0049900460510200525
60.0,0.26,-0.00027203724318904386,-0.016476359624079055,-2.6506864041862144e-05,-0.0051391550805693085,0.999726614850772,-0.016608068318444736,0.9999729741052434,-0.005406482449634843
60.0,0.28,-0.000315511827353821,-0.017743416607114856,-3.074352779583446e-05,-0.005534575927742856,0.999682877257447,-0.01788592429975703,0.9999686094763626,-0.005822941597503256
60.0,0.3,-0.0003622155467752055,-0.019010552240849653,-3.529524378506872e-05,-0.005930075294463391,0.999635886751148,-0.01916377955584043,0.9999639099815185,-0.006239428630913914
60.0,0.32,-0.0004121504611544135,-0.020277768548238043,-4.016215184623652e-05,-0.006325657838584192,0.9995856423639718,-0.020441636408100625,0.9999588755352712,-0.006655948511392559
60.0,0.34,-0.0004653175420779134,-0.02154506386124455,-4.534460266790961e-05,-0.006721327653923234,0.9995321430464187,-0.021719496995494872,0.9999535060379738,-0.007072506200227568
60.0,0.36,-0.0005217184913645082,-0.022812440788449535,-5.0842860831156275e-05,-0.007117089356312055,0.9994753876875523,-0.022997363448925827,0.9999478013675572,-0.007489106832912789
60.0,0.38,-0.0005813558241516732,-0.024079899353910115,-5.665719113378259e-05,-0.007512946582826567,0.9994153750460031,-0.02427523788909076,0.9999417613876804,-0.007905755370098595
60.0,0.4,-0.0006442305245135247,-0.025347441186488705,-6.278787411428198e-05,-0.00790890419163234,0.9993521038420767,-0.025553122427919808,0.9999353859417338,-0.008322456946579737
60.0,0.42,-0.0007103448155996501,-0.026615067616037314,-6.923518966048154e-05,-0.008304966003987436,0.999285572735594,-0.02683101742231333,0.9999286748593509,-0.008739216347709279
60.0,0.44,-0.000779700451125324,-0.027882776416916964,-7.599959084598457e-05,-0.008701137554069573,0.9992157802619956,-0.02810892496255095,0.9999216279484399,-0.009156038707432104
60.0,0.46,-0.0008522999368380152,-0.029150573317069293,-8.308137739839597e-05,-0.009097420948058155,0.9991427248212512,-0.029386848871089746,0.9999142449989458,-0.009572929159208756
60.0,0.48,-0.0009281450563663603,-0.03041845321789643,-9.048088645301021e-05,-0.009493821835052613,0.9990664048273309,-0.030664789470177492,0.9999065257874863,-0.009989892486956585
60.0,0.5,-0.0010072379172982302,-0.031686421345510835,-9.81986292996746e-05,-0.009890345081564242,0.9989868185633236,-0.03194274881324603,0.9998984700655417,-0.010406933997569093
60.0,0.52,-0.0010895805451289883,-0.032954478977210405,-0.00010623477931976332,-0.010286994146590473,0.9989039642283368,-0.03322072894020756,0.9998900775766008,-0.010824058473845433
60.0,0.54,-0.0011751760459836095,-0.03422262320381079,-0.00011458987154316168,-0.010683773473127703,0.998817839937568,-0.03449873187683303,0.9998813480401937,-0.011241270872430376
60.0,0.56,-0.001264026042475169,-0.035490856516671325,-0.00012326428915982073,-0.011080688085956988,0.9987284437963228,-0.035776757891432476,0.9998722811584306,-0.011658576323841204
60.0,0.58,-0.0013561334561716374,-0.03675918325536787,-0.00013225860041934267,-0.011477740959352473,0.9986357736597355,-0.037054810721827196,0.9998628766163956,-0.01207597978336788
60.0,0.6,-0.0014515008657271827,-0.03802759528658855,-0.0001415730226474301,-0.011874937653985571,0.9985398274147445,-0.03833289234844587,0.9998531340804488,-0.012493486380085125
60.0,0.62,-0.0015501303704632647,-0.03929610538879616,-0.00015120814826465842,-0.012272280904112934,0.9984406028993421,-0.03961100299123088,0.9998430532034664,-0.012911100893277738
60.0,0.64,-0.0016520254027961347,-0.04056470686852421,-0.00016116444317953627,-0.012669778332833462,0.9983380977342219,-0.04088914633838837,0.9998326336139342,-0.0133288286249399
60.0,0.66,-0.0017571883738584763,-0.04183339958914797,-0.00017144253181564223,-0.013067431303359626,0.9982323096685417,-0.042167320832756844,0.999821874928093,-0.013746674352683824
60.0,0.68,-0.001865621885608603,-0.04310218731991008,-0.0001820426314625623,-0.013465243593810648,0.9981232360941868,-0.043445531868859015,0.9998107767421214,-0.014164643202276695
60.0,0.7,-0.001977329152415323,-0.04437106922153387,-0.0001929654884628876,-0.01386322375384311,0.9980108745246681,-0.044723779594512826,0.9997993386332796,-0.014582740124011425
60.0,0.72,-0.0020923129480121647,-0.04564004991167026,-0.0002042117821808875,-0.014261372732240686,0.9978952223075396,-0.046002065879671206,0.9997875601645596,-0.015000970067271508
60.0,0.74,-0.0022105763685850537,-0.04690912245423632,-0.0002157817483858826,-0.014659694092947083,0.9977762768128575,-0.047280390833482074,0.9997754408773827,-0.01541933815492385
60.0,0.76,-0.0023321233708222472,-0.048178296110183615,-0.0002276759433845544,-0.01505819664962515,0.9976540350709701,-0.048558759768141425,0.9997629802979092,-0.015837849334303395
60.0,0.78,-0.0024569557823825223,-0.04944756890282075,-0.00023989534276611942,-0.015456880522819481,0.9975284943480429,-0.049837171007858165,0.9997501779305719,-0.016256508726146417
60.0,0.8,-0.0025850780024215085,-0.0507169385695168,-0.0002524402579298071,-0.015855752734854327,0.9973996516095941,-0.051115626334930477,0.9997370332658281,-0.01667532127560361
60.0,0.82,-0.002716492055144748,-0.05198640599275815,-0.00026531119769823507,-0.016254816007641545,0.9972675036935232,-0.05239413099681819,0.9997235457676452,-0.017094292101067575
60.0,0.84,-0.00285120281845574,-0.05325597427410634,-0.0002785092984782818,-0.016654075530987526,0.9971320477484042,-0.05367268151126747,0.9997097149156778,-0.017513425971249195
60.0,0.86,-0.002989214264211424,-0.054525643421413174,-0.00029203455405719833,-0.017053535542010608,0.9969932802155722,-0.05495128306574766,0.9996955401153881,-0.01793272747813285
60.0,0.88,-0.0031305278271451854,-0.055795418441816416,-0.00030588815485028877,-0.01745320178043438,0.9968511980343963,-0.056229937363231154,0.9996810207852732,-0.018352203830998053
60.0,0.9,-0.0032751491582756515,-0.05706529301029934,-0.00032007036009182733,-0.017853076546124808,0.9967057976460687,-0.05750864431318023,0.9996661563590041,-0.018771856478759483
60.0,0.92,-0.0034230808117836306,-0.058335273242237924,-0.00033458215122553604,-0.018253168062608766,0.9965570757058034,-0.058787403815605724,0.9996509461680798,-0.019191693848875417
60.0,0.94,-0.003574326890712228,-0.05960535683153843,-0.00034942438560133226,-0.0186534757023739,0.9964050284339938,-0.06006622270472985,0.999635389597711,-0.019611719132665847
60.0,0.96,-0.0037288914317481162,-0.06087553872834835,-0.00036459742755824427,-0.019054006406550663,0.9962496525276442,-0.06134509734846523,0.9996194859805421,-0.0200319390101044
60.0,0.98,-0.003886779731654429,-0.062145832626972146,-0.0003801019554969298,-0.01945476663758221,0.996090944019848,-0.06262403103341471,0.9996032346630386,-0.020452356669610604
60.0,1.0,-0.004047992540524225,-0.06341623033178799,-0.00039593925606344865,-0.019855758039053168,0.9959288990255406,-0.0639030270268365,0.9995866349725803,-0.020872977043483277
60.0,1.02,-0.004212538129142993,-0.0646867377044705,-0.00041210935329025666,-0.020256986819903483,0.9957635138535232,-0.06518208334825126,0.9995696861447328,-0.021293806806317345
60.0,1.04,-0.004380417465725127,-0.06595734887490383,-0.000428613999169291,-0.02065845773749517,0.9955947843427978,-0.06646120494394439,0.9995523874908062,-0.02171484914234304
60.0,1.06,-0.0045516357134764,-0.06722807044139488,-0.00044545313450643513,-0.02106017247530237,0.9954227065346581,-0.0677403897664986,0.9995347382506541,-0.022136110723801936
60.0,1.08,-0.004726197198923641,-0.06849889471947923,-0.0004626279332460963,-0.02146214021742312,0.995247276332749,-0.06901964097009462,0.9995167376458853,-0.022557596475888144
60.0,1.1,-0.004904107751249239,-0.06976983433287821,-0.0004801394333994516,-0.021864361973163368,0.995068489150206,-0.07029896164843609,0.9994983848894564,-0.02297931132229815
60.0,1.12,-0.005085369284403131,-0.07104087950893061,-0.0004979880424515414,-0.022266843969661457,0.9948863410867524,-0.07157834967996014,0.9994796791856623,-0.023401260185211523
60.0,1.14,-0.00526998961924053,-0.07231203347193207,-0.0005161752631133077,-0.0226695891410795,0.9947008275119233,-0.0728578081007417,0.9994606197717057,-0.023823446240883686
60.0,1.16,-0.005457970670046482,-0.07358330264829864,-0.000534701126618072,-0.023072603803466492,0.9945119438781846,-0.07413733992408773,0.9994412057060794,-0.024245877896095214
60.0,1.18,-0.0056493187965442485,-0.07485468433970068,-0.0005535672569799064,-0.02347589420349236,0.9943196857724075,-0.07541694290866317,0.9994214361533157,-0.024668560067914368
60.0,1.2,-0.00584403760895373,-0.07612617234608783,-0.0005727743569562233,-0.023879460146715544,0.9941240483754613,-0.07669661998992516,0.9994013102992978,-0.025091494181778223
60.0,1.22,-0.0060421329317508245,-0.07739777150235128,-0.0005923233470420072,-0.024283310346955203,0.9939250270876546,-0.07797637234484392,0.9993808271504716,-0.025514690384092552
60.0,1.24,-0.006243609396675527,-0.07866948724040855,-0.0006122150304715601,-0.024687448187504006,0.9937226168295608,-0.07925620108283792,0.9993599859097894,-0.025938148352390507
60.0,1.26,-0.0064484735887080325,-0.07994131371247082,-0.0006324507084491567,-0.025091879173066864,0.9935168128171245,-0.08053610905075863,0.999338785515786,-0.026361878228205626
60.0,1.28,-0.006656727734977662,-0.08121325938020954,-0.0006530311661881946,-0.025496604561968474,0.9933076100921141,-0.08181609381438298,0.9993172251116227,-0.02678588142983582
60.0,1.3,-0.006868379855808361,-0.08248531656022033,-0.0006739574430958844,-0.025901635270910925,0.993095003455841,-0.08309615986945564,0.9992953036361573,-0.02721016635013034
60.0,1.32,-0.007083433238936472,-0.08375748818603776,-0.0006952302964020968,-0.026306970833832394,0.9928789877692518,-0.08437630644762845,0.9992730201467462,-0.027634736147256707
60.0,1.34,-0.00730189468132152,-0.08502976639283794,-0.0007168515658065399,-0.02671261634638297,0.9926595575823218,-0.08565653621178956,0.9992503736459576,-0.028059595721642773
60.0,1.36,-0.007523768962781477,-0.0863021704811985,-0.00073882132832146,-0.02711857932525108,0.992436707984792,-0.08693684660133881,0.9992273630930563,-0.028484749970797085
60.0,1.38,-0.007749061012343218,-0.08757468619904896,-0.000761141507777121,-0.027524866107203734,0.9922104329510385,-0.08821724365177468,0.9992039873605986,-0.028910207278758857
60.0,1.4,-0.007977777042873292,-0.08884731310235648,-0.0007838128927661718,-0.027931474916892875,0.9919807275740167,-0.08949772298917621,0.999180245476675,-0.02933596905063196
60.0,1.42,-0.008209924606697299,-0.09012006417266916,-0.0008068360711126958,-0.028338414380994367,0.9917475855458725,-0.09077829055185026,0.9991561362991563,-0.029762041920999557
60.0,1.44,-0.008445507162220395,-0.09139292347450341,-0.0008302130501396842,-0.02874569058154923,0.991511001772216,-0.09205894362405956,0.9991316587497948,-0.030188430779038235
60.0,1.46,-0.008684531075232906,-0.09266590668459461,-0.0008539442878394421,-0.029153306543278926,0.9912709700972342,-0.0933396845930429,0.9991068116305399,-0.030615142253829764
60.0,1.48,-0.00892700139684171,-0.09393899707388915,-0.0008780317586933874,-0.029561264948724537,0.9910274845651296,-0.09462051582606136,0.9990815938086798,-0.031042181229045823
60.0,1.5,-0.009172926111916916,-0.09521220803204672,-0.0009024755949851144,-0.029969574769294037,0.9907805395799482,-0.09590143445071396,0.9990560041745399,-0.03146955084174323
60.0,1.52,-0.009422312095269945,-0.09648553963151628,-0.0009272778812231887,-0.030378240743597927,0.9905301287521261,-0.09718244446204284,0.9990300414896923,-0.03189725771379598
60.0,1.54,-0.009675162533262747,-0.09775898827183675,-0.0009524396547223436,-0.030787266394419616,0.9902762461710658,-0.09846354462562311,0.9990037045153184,-0.03232530846495918
60.0,1.56,-0.009931486337916667,-0.09903255603064569,-0.0009779613640406534,-0.0311966536275897,0.9900188856285282,-0.09974473538406996,0.9989769920575104,-0.03275370622351516
60.0,1.58,-0.010191288542928636,-0.10030623943031561,-0.001003845370645932,-0.031606413187660665,0.989758040431463,-0.10102602058127771,0.9989499029045076,-0.033182455860521945
60.0,1.6,-0.010454574663471916,-0.10158003956082182,-0.0010300926976502943,-0.03201654662170355,0.9894937045652648,-0.10230739710663192,0.998922435660768,-0.033611565729622435
60.0,1.62,-0.010721352466402394,-0.10285396136328825,-0.0010567045293675033,-0.03242706030728134,0.9892258712923222,-0.10358886871617326,0.9988945891055309,-0.03404103895176427
60.0,1.64,-0.01099162952041874,-0.10412798909067822,-0.0010836819740300218,-0.0328379579591515,0.9889545340471421,-0.10487043390440663,0.9988663618802255,-0.0344708821318873
60.0,1.66,-0.011265412083190828,-0.10540214572839127,-0.00111102675288633,-0.03324924402971305,0.9886796864124434,-0.10615209288451213,0.9988377527246107,-0.03490109838518044
60.0,1.68,-0.011542704672018452,-0.10667642021297459,-0.001138739469316697,-0.03366092359135369,0.9884013214249381,-0.10743384751371574,0.9988087601759428,-0.035331696053784015
60.0,1.7,-0.011823517500154035,-0.10795080151369375,-0.001166822639888916,-0.03407300598449773,0.9881194321718412,-0.10871569786419852,0.9987793829321899,-0.03576267824678636
60.0,1.72,-0.01210785568234153,-0.10922531739955228,-0.0011952766515052774,-0.03448548911114377,0.9878340116459232,-0.1099976456980446,0.9987496196106158,-0.03619404981352912
60.0,1.74,-0.012395725051562516,-0.11049993246128757,-0.0012241036301315613,-0.034898386564472514,0.9875450532838606,-0.1112796875452062,0.9987194686685821,-0.03662581908597522
60.0,1.76,-0.012687134608905928,-0.11177467376757245,-0.0012533051858127713,-0.03531169590929384,0.9872525493148584,-0.11256182848178574,0.9986889287538777,-0.03705798916417752
60.0,1.78,-0.0129820930017197,-0.11304952896023623,-0.001282881354079188,-0.035725422287549574,0.9869564931467283,-0.1138440649422893,0.9986579984312828,-0.03749056488816078
60.0,1.8,-0.013280605830045703,-0.11432451036862297,-0.0013128355596633966,-0.036139578528115106,0.9866568770453517,-0.11512640016582465,0.9986266760781014,-0.03792355457922885
60.0,1.82,-0.013582679406925048,-0.11559960152703352,-0.0013431681542747768,-0.036554160378498055,0.986353693739978,-0.11640883215938522,0.9985949602917931,-0.03835696132799344
60.0,1.84,-0.013888322861203742,-0.11687480934863749,-0.001373880684953916,-0.03696917929577989,0.9860469358842492,-0.11769136236383619,0.9985628495615023,-0.0387907899638557
60.0,1.86,-0.014197541430012025,-0.11815012441485268,-0.001404974530426825,-0.03738464170674185,0.9857365957485653,-0.11897399037962814,0.998530342207302,-0.03922504879784583
60.0,1.88,-0.01451034692324551,-0.11942557413557914,-0.0014364520281042554,-0.03780054416830249,0.9854226657202413,-0.12025671751605307,0.9984974366839546,-0.039659742652516636
60.0,1.9,-0.014826742114113025,-0.12070112754017046,-0.001468315015332672,-0.03821690358377319,0.9851051381344904,-0.12153954153447735,0.9984641314840089,-0.04009487460377477
60.0,1.92,-0.015146738386310825,-0.12197678924367816,-0.0015005631105480485,-0.03863371372584368,0.984784005019604,-0.12282246534351059,0.9984304249293683,-0.04053045120886907
60.0,1.94,-0.015470342077018159,-0.12325257392649382,-0.00153320007279607,-0.03905098861035691,0.9844592584559684,-0.12410548656897996,0.9983963153526535,-0.04096647902255271
60.0,1.96,-0.015797561801754997,-0.12452846184741044,-0.0015662271127911704,-0.03946872734386778,0.984130890755184,-0.12538860455889644,0.9983618010397006,-0.0414029645947174
60.0,1.98,-0.016128406597845694,-0.12580447047026524,-0.0015996452122277569,-0.039886940700808275,0.9837988934344385,-0.12667182199827864,0.9983268803755903,-0.041839910985466994
60.0,2.0,-0.01646288300429304,-0.12708059697874885,-0.0016334564907907493,-0.04030563299295801,0.9834632582014595,-0.1279551380496776,0.9982915516260683,-0.04227732473793558
60.0,2.02,-0.016801001159067405,-0.12835683108110477,-0.0016676621149342957,-0.040724801699966715,0.9831239772047473,-0.12923855013262095,0.998255812998541,-0.042715212389707616
60.0,2.04,-0.01714276554997575,-0.12963317071572872,-0.001702264840191018,-0.04114446538111403,0.9827810416808515,-0.13052206072881714,0.9982196628386595,-0.04315357699022676
60.0,2.06,-0.017488190462798543,-0.13090963545674775,-0.001737265683186499,-0.04156461687520395,0.9824344432978688,-0.13180566882839492,0.9981830992460438,-0.043592426811689074
60.0,2.08,-0.017837278773488546,-0.1321861926955943,-0.0017726665440219672,-0.04198527018655854,0.9820841734874184,-0.1330893733330998,0.9981461203586804,-0.04403176837914849
60.0,2.1,-0.018190042390576547,-0.13346287712128524,-0.0018084703164575324,-0.04240642724144346,0.9817302234368537,-0.13437317479893496,0.9981087245464356,-0.044471602988230156
60.0,2.12,-0.018546488610561775,-0.13473965346827582,-0.001844677270381294,-0.04282809709681994,0.9813725846648629,-0.13565707202275687,0.9980709097495012,-0.0449119406397416
60.0,2.14,-0.01890662946468652,-0.13601655509933788,-0.001881289348857844,-0.04325027607334284,0.9810112481029672,-0.1369410654071507,0.998032674183053,-0.04535278436137685
60.0,2.16,-0.019270467203946203,-0.13729354413960868,-0.0019183094799776537,-0.04367298233721775,0.9806462049064307,-0.1382251535794031,0.9979940158390931,-0.04579414240387109
60.0,2.18,-0.01963801607028326,-0.13857065110072697,-0.001955738871724369,-0.04409621124024397,0.9802774459787869,-0.13950933681620453,0.9979549328209031,-0.046236019528546106
60.0,2.2,-0.02000928487505434,-0.13984784904276645,-0.0019935800334711954,-0.04451996993687649,0.9799049623395799,-0.1407936136034117,0.9979154232922428,-0.046678418750646246
60.0,2.22,-0.02038428041817457,-0.14112516616856094,-0.0020318340402363847,-0.044944267647663336,0.9795287447753456,-0.1420779823315043,0.9978754850584964,-0.0471213500471965
60.0,2.24,-0.020763015764250953,-0.14240258658500746,-0.00207050418476591,-0.045369110283385077,0.9791487837908442,-0.1433624447777373,0.9978351162497792,-0.04756481642475723
60.0,2.26,-0.021145494928842573,-0.14368010093068503,-0.0021095912760805712,-0.04579450043196365,0.978765070032921,-0.14464699918432322,0.9977943147038967,-0.04800882610896843
60.0,2.28,-0.021531730185062065,-0.14495770392848054,-0.002149097231995038,-0.04622044763606371,0.9783775940297897,-0.1459316437113657,0.9977530784965644,-0.04845338209659929
60.0,2.3,-0.02192173472716248,-0.14623542991776348,-0.00218902520180705,-0.046646952504650396,0.977986346272427,-0.14721637819361044,0.9977114054179829,-0.04889849260347763
60.0,2.32,-0.022315510109080745,-0.1475132347793404,-0.002229376261430518,-0.04707402268681837,0.9775913172714074,-0.14850120065738823,0.9976692934032579,-0.04934416235757486
60.0,2.34,-0.02271307388057605,-0.14879114568205437,-0.0022701529517986673,-0.0475016620102712,0.9771924966721193,-0.1497861124216096,0.9976267402679624,-0.04979039782266541
60.0,2.36,-0.023114429041068394,-0.15006914507467808,-0.0023113581935673352,-0.0479298813625128,0.9767898750752432,-0.15107111139072388,0.997583743872295,-0.05023720546080594
60.0,2.38,-0.023519589733995188,-0.15134723586102827,-0.002352992814648095,-0.04835868233412743,0.9763834420654345,-0.1523561952445681,0.9975403019683207,-0.050684589979135206
60.0,2.4,-0.023928565778424893,-0.15262542658668776,-0.0023950588134366364,-0.04878807347433864,0.9759731876310764,-0.15364136340016893,0.9974964123584396,-0.05113255782879679
60.0,2.42,-0.02434136774214349,-0.15390371255599772,-0.0024375605812512655,-0.04921805913253319,0.9755591020396949,-0.15492661699446814,0.9974520728551237,-0.051581115457441165
60.0,2.44,-0.024758001436947463,-0.15518207596235487,-0.0024804974814593545,-0.04964864532080951,0.9751411755050856,-0.15621195010456435,0.9974072809134191,-0.052030269290069375
60.0,2.46,-0.025178484489923804,-0.15646053794650444,-0.002523874116589137,-0.05007983922291497,0.9747193968831651,-0.15749736524682187,0.9973620345263648,-0.0524800240297855
60.0,2.48,-0.02560281858372251,-0.1577390714625314,-0.0025676914464535963,-0.050511643819114084,0.9742937547115901,-0.15878285957165802,0.9973163313551001,-0.0529303861039184
60.0,2.5,-0.026031020060528834,-0.15901768802727775,-0.002611952251565189,-0.05094406325867855,0.9738642406135839,-0.16006843240291924,0.9972701688181266,-0.053381361922503485
60.0,2.52,-0.02646310070049627,-0.16029640451320093,-0.002656659724550604,-0.05137710887352991,0.9734308431186681,-0.1613540807435295,0.9972235445505642,-0.0538329579025127
60.0,2.54,-0.02689906670526834,-0.1615751860411415,-0.002701814164851354,-0.051810787652800394,0.9729935501907475,-0.16263980491309474,0.9971764561744567,-0.054285180455832895
60.0,2.56,-0.02733893128782714,-0.16285405721486318,-0.002747420137747828,-0.05224510163499906,0.9725523528760035,-0.16392560043027238,0.9971289012987347,-0.05473803598922409
60.0,2.58,-0.027782701889202944,-0.16413299004920856,-0.0027934786876540087,-0.052680054154513344,0.9721072402442339,-0.16521146764809302,0.9970808772711287,-0.055191529144980746
60.0,2.6,-0.028230396168769517,-0.1654120165071783,-0.002839992478662926,-0.05311566185218267,0.9716581994018249,-0.16649740475946972,0.9970323816943328,-0.05564566806582285
60.0,2.62,-0.028682016784505115,-0.16669109690009198,-0.002886964830143267,-0.05355191814269162,0.9712052196883049,-0.16778341025369137,0.9969834121208944,-0.05610045739604194
60.0,2.64,-0.02913757961617999,-0.1679702513601109,-0.0029343973414508165,-0.05398883597942673,0.9707482921441164,-0.16906947934769995,0.9969339657650449,-0.056555903501723424
60.0,2.66,-0.029597101061019815,-0.1692494840937485,-0.0029822922887550577,-0.054426423360076547,0.9702874032785042,-0.17035561337751878,0.9968840400726054,-0.057012014502568986
60.0,2.68,-0.03006057957053981,-0.1705287656209173,-0.003030653596687149,-0.05486468302949538,0.9698225409970553,-0.1716418120867664,0.9968336324439592,-0.057468795019709445
60.0,2.7,-0.03052805125111422,-0.17180812346324198,-0.003079483383749634,-0.05530361881183124,0.9693536970252429,-0.1729280601029534,0.9967827402830209,-0.0579262514151634
60.0,2.72,-0.030999485703696247,-0.1730875395936597,-0.0031287832217300575,-0.055743241992384465,0.9688808547422184,-0.17421438238401363,0.9967313606489246,-0.05838439177145022
60.0,2.74,-0.0314749406451167,-0.1743670035141551,-0.0031785573192090674,-0.05618355842697895,0.9684040086038578,-0.1755007481748863,0.9966794909164317,-0.058843222438594536
60.0,2.76,-0.031954369132658686,-0.17564654754561318,-0.0032288080416714095,-0.05662457508681719,0.9679231437001955,-0.17678715987308005,0.9966271285391102,-0.0593027462751317
60.0,2.78,-0.0324378664736033,-0.1769261189283473,-0.003279537451959139,-0.05706629339265641,0.9674382453304862,-0.17807363726779926,0.9965742704419525,-0.05976297483105163
60.0,2.8,-0.03292535182036732,-0.17820574131666236,-0.003330748050643024,-0.05750872221185125,0.9669493069517718,-0.17936014918717502,0.9965209138228972,-0.06022391093900295
60.0,2.82,-0.033416934119558976,-0.17948542817356697,-0.0033824440522385725,-0.057951864660390616,0.9664563116016619,-0.18064671482574815,0.9964670558992406,-0.060685562664276355
60.0,2.84,-0.03391255255843739,-0.18076514200481994,-0.0034346275259060513,-0.058395738316820926,0.9659592507778179,-0.18193331994033984,0.9964126938634533,-0.06114793631971546
60.0,2.86,-0.034412223966645464,-0.1820449192183219,-0.003487300041289893,-0.058840334867515956,0.9654581095062466,-0.18321996644765043,0.9963578244427175,-0.06161103992963163
60.0,2.88,-0.03491598206755685,-0.18332470947093207,-0.00354046688406854,-0.05928567362933512,0.9649528761240712,-0.1845066567910452,0.996302444908179,-0.06207487805472363
60.0,2.9,-0.0354238456450013,-0.18460455468963205,-0.0035941301921542834,-0.05973175468702878,0.9644435409842108,-0.185793358799488,0.9962465524113616,-0.06253945698852963
60.0,2.92,-0.03593582210049501,-0.18588443639928143,-0.0036482915185331315,-0.06017858579061571,0.9639300870891091,-0.18708010862796579,0.9961901435260423,-0.06300478647381355
60.0,2.94,-0.03645191918421122,-0.18716433817446876,-0.0037029556318544047,-0.06062617538693984,0.9634125026581222,-0.18836689095992482,0.99613321547826,-0.06347086930577125
60.0,2.96,-0.03697214926967768,-0.18844426735226102,-0.0037581248738468125,-0.06107452591009409,0.9628907770893851,-0.1896536906208238,0.9960757651550628,-0.06393771523498308
60.0,2.98,-0.03749652103998997,-0.1897242121002223,-0.0038138031513094382,-0.06152364750729529,0.9623648976248208,-0.19094050938216073,0.9960177891892348,-0.06440533049827786
60.0,3.0,-0.03802504796232509,-0.19100418467634822,-0.0038699918737639303,-0.06197354423291757,0.9618348481609076,-0.19222734825038756,0.9959592844305074,-0.06487372308571918
60.0,3.02,-0.0385577397348631,-0.1922841779067606,-0.003926695107168102,-0.062424227906527595,0.9613006170055552,-0.19351420900368868,0.9959002479388732,-0.06534289575805903
60.0,3.04,-0.03909463578452702,-0.19356415764111295,-0.003983916116866781,-0.06287569679256735,0.9607621925234281,-0.1948010758826977,0.9958406761925982,-0.06581285996010112
60.0,3.06,-0.039635722324077166,-0.19484417204094664,-0.004041656954690692,-0.06332796439223523,0.9602195597297762,-0.1960879498103379,0.9957805661088467,-0.06628362017635864
60.0,3.08,-0.04018100138217124,-0.1961241756531134,-0.004099923711748126,-0.06378103752273213,0.9596727047284282,-0.19737483182208387,0.9957199141317276,-0.06675518434487286
60.0,3.1,-0.040730528198043923,-0.19740420782054485,-0.004158717034475338,-0.06423492409200232,0.959121613604979,-0.19866172284411315,0.9956587170346112,-0.06722755867325872
60.0,3.12,-0.041284266814991616,-0.19868421090739952,-0.004218040475649294,-0.06468962509462636,0.9585662783032679,-0.1999485900022928,0.9955969713439454,-0.06770075109162828
60.0,3.14,-0.04184230894377741,-0.1999642212979861,-0.004277899292187307,-0.06514514949052265,0.9580066768833674,-0.2012354672658062,0.995534673573086,-0.06817476777664735
60.0,3.16,-0.04240454912678382,-0.20124419914650096,-0.004338294297273176,-0.06560150729407603,0.9574428024527287,-0.20252232180020424,0.9954718204452194,-0.06864961665821082
60.0,3.18,-0.04297111584261622,-0.2025241778288789,-0.0043992320798445115,-0.06605870891095829,0.956874636509441,-0.20380917060610992,0.9954084083281468,-0.06912530388931344
60.0,3.2,-0.04354198404701807,-0.20380415295740356,-0.004460712570016299,-0.0665167505807178,0.9563021665071905,-0.20509599690979302,0.9953444334470639,-0.06960183909712282
60.0,3.22,-0.044117117996297604,-0.20508407497926054,-0.004522741894257356,-0.06697565172578791,0.9557253785785645,-0.20638280100962642,0.9952798924877042,-0.07007922669661226
60.0,3.24,-0.04469657865107907,-0.20636399843006453,-0.0045853235924986704,-0.06743540954591658,0.9551442577422955,-0.20766958285272855,0.9952147816492842,-0.07055747455297895
60.0,3.26,-0.045280402983275896,-0.20764386136494983,-0.004648458778112045,-0.06789603748200475,0.954558790455198,-0.20895632512625606,0.9951490974570056,-0.07103659054706349
60.0,3.28,-0.04586857163178193,-0.20892369011549788,-0.004712153466225249,-0.06835753363086351,0.9539689639827844,-0.2102430280456317,0.995082835720557,-0.0715165842469851
60.0,3.3,-0.046461101712516384,-0.21020350560882525,-0.004776410642979308,-0.06881992055782919,0.9533747611850031,-0.21152969074475558,0.9950159931893435,-0.07199745829755407
60.0,3.32,-0.04705799479172034,-0.2114832580344348,-0.004841234128540872,-0.06928319775755759,0.9527761671120923,-0.21281631271592746,0.9949485656287401,-0.07247922399385398
60.0,3.34,-0.0476593004372254,-0.21276293880273828,-0.004906627808262055,-0.06974736510985236,0.9521731694464826,-0.21410287646608353,0.994880549505113,-0.0729618874366473
60.0,3.36,-0.048265000408892186,-0.21404258212897942,-0.004972594328187936,-0.07021243922461708,0.9515657521962193,-0.2153893810257503,0.9948119406837994,-0.07344545642081896
60.0,3.38,-0.04887510265376622,-0.21532216687631822,-0.005039139519157723,-0.07067842914306631,0.9509538966782063,-0.216675842145348,0.9947427353702017,-0.07392993701235659
60.0,3.4,-0.049489696633487394,-0.21660168073776315,-0.005106266274252699,-0.07114533650358937,0.9503375944314931,-0.21796222540032487,0.9946729294952117,-0.07441533874040243
60.0,3.42,-0.050108716222038885,-0.21788112220653494,-0.005173978121586115,-0.07161317159842864,0.9497168245986106,-0.21924854579907194,0.9946025190988611,-0.07490166938823252
60.0,3.44,-0.050732176082709704,-0.21916049934654225,-0.005242279919469999,-0.07208194525763478,0.9490915799655046,-0.2205347689859217,0.9945314999909963,-0.07538893496775168
60.0,3.46,-0.05136016244758937,-0.2204397786993132,-0.005311174143952643,-0.07255165232821338,0.9484618347314465,-0.22182092601907952,0.9944598681776864,-0.07587714324293263
60.0,3.48,-0.051992608804752476,-0.2217189634254066,-0.005380667035744812,-0.0730223213978151,0.9478275778767149,-0.2231069988702448,0.9943876192843695,-0.07636630368600043
60.0,3.5,-0.052629608867538764,-0.2229980477095866,-0.005450760590161482,-0.07349393991628848,0.9471887962874361,-0.22439296891492883,0.9943147492777734,-0.07685642404073495
60.0,3.52,-0.053271102137138614,-0.22427706384161225,-0.0055214606190985204,-0.07396652929777826,0.9465454701552146,-0.22567885073804925,0.99424125378324,-0.07734751027015625
60.0,3.54,-0.05391717197533788,-0.22555595724489602,-0.005592771794003717,-0.07444009468314951,0.9458975892891346,-0.22696460869948018,0.9941671285972192,-0.07783957183309906
60.0,3.56,-0.05456779105254598,-0.22683472776999117,-0.005664695603248744,-0.07491463322262124,0.9452451310158388,-0.22825027388613395,0.9940923691730015,-0.0783326164067675
60.0,3.58,-0.055222977636569526,-0.22811339358501515,-0.005737239450139324,-0.07539016803658635,0.944588084157004,-0.22953581016667074,0.9940169712886252,-0.07882665168457777
60.0,3.6,-0.05588278423256292,-0.2293919385320154,-0.005810406270311521,-0.07586669712275432,0.9439264299877458,-0.23082123183904313,0.9939409303600908,-0.07932168532213382
60.0,3.62,-0.05654717755456621,-0.23067034042656798,-0.005884199043915102,-0.07634423639520914,0.9432601534530112,-0.2321065190339961,0.9938642418742337,-0.07981772671685493
60.0,3.64,-0.05721617713080783,-0.23194862164266045,-0.0059586248003418475,-0.07682278434668903,0.9425892387840534,-0.23339166903601435,0.9937869012069288,-0.08031478350182904
60.0,3.66,-0.057889830542266596,-0.2332267426067244,-0.006033688035656057,-0.07730235781192021,0.9419136680493015,-0.23467667845645307,0.9937089040850627,-0.08081286158303884
60.0,3.68,-0.05856815214551504,-0.2345047011802989,-0.006109391280324486,-0.07778296546486146,0.9412334274485185,-0.23596152733392736,0.9936302453091731,-0.08131197376478701
60.0,3.7,-0.05925116350907952,-0.2357825236490806,-0.0061857404794622576,-0.07826460712161745,0.9405484971692855,-0.23724622898685474,0.9935509205931137,-0.08181212418642186
60.0,3.72,-0.059938873119376096,-0.2370601835872476,-0.006262739646354419,-0.07874729212545994,0.9398588613159843,-0.23853076264595016,0.9934709249788899,-0.08231332215984291
60.0,3.74,-0.06063124796435963,-0.23833766585430027,-0.0063403935896561014,-0.07923103942024282,0.9391645000585124,-0.23981514131933526,0.9933902535701262,-0.08281557873729659
60.0,3.76,-0.06132838676933611,-0.23961495198122024,-0.0064187077868052556,-0.07971584089907086,0.9384654039502061,-0.2410993281384022,0.9933089016827954,-0.08331889799492362
60.0,3.78,-0.0620302294466199,-0.2408920948669387,-0.006497686572463317,-0.08020172575879948,0.9377615488905782,-0.2423833347281199,0.9932268641179152,-0.08382329268446057
60.0,3.8,-0.06273686229721337,-0.24216902284915398,-0.006577335586708747,-0.08068868663779463,0.9370529235351005,-0.24366714091779296,0.9931441360066423,-0.08432876859103426
60.0,3.82,-0.06344825305164255,-0.24344572466598988,-0.0066576578190708745,-0.0811767352499896,0.9363395091322492,-0.2449507419463534,0.9930607123968535,-0.08483533497373609
60.0,3.84,-0.06416443356410294,-0.2447222636093151,-0.006738660574688633,-0.08166588346071676,0.9356212815790107,-0.24623414894482815,0.9929765881193918,-0.08534299931631287
60.0,3.86,-0.06488544241730607,-0.24599855254067698,-0.006820347649526669,-0.08215613440621303,0.9348982285793657,-0.24751734105406148,0.9928917580289106,-0.08585177258499427
60.0,3.88,-0.06561125492849727,-0.24727461169219012,-0.006902724468423774,-0.08264751053355614,0.9341703368699145,-0.24880029703550582,0.9928062165325396,-0.08636166394991734
60.0,3.9,-0.06634194042557372,-0.24855046859633512,-0.006985794807189978,-0.08313999661754914,0.93343758134605,-0.2500830272714665,0.9927199588890161,-0.08687267915167936
60.0,3.92,-0.06707749548879262,-0.24982604886024637,-0.007069566510967909,-0.08363362540375624,0.9326999488432235,-0.25136551023620346,0.9926329795404618,-0.08738482908608547
60.0,3.94,-0.06781790361388568,-0.2511014051442966,-0.00715404432423911,-0.08412839186194015,0.9319574164190856,-0.2526477565457525,0.9925452730946417,-0.0878981211595283
60.0,3.96,-0.06856322059407442,-0.25237651051900417,-0.007239231745112868,-0.08462431075997671,0.9312099743665722,-0.25392972784940754,0.9924568339451719,-0.08841256623911993
60.0,3.98,-0.06931345904925036,-0.25365135039864584,-0.007325135293847815,-0.08512139714123902,0.9304575942993041,-0.25521145040836835,0.9923676567689844,-0.08892817171305539
60.0,4.0,-0.07006862374701399,-0.25492588161776564,-0.007411760547252497,-0.08561963687120068,0.9297002666634183,-0.2564928856052028,0.9922777359107932,-0.08944494841945667
60.0,4.02,-0.07082875194523014,-0.25620017918300114,-0.007499112928260313,-0.0861190656135696,0.9289379675495462,-0.2577740431127458,0.9921870655023388,-0.08996290541853265
60.0,4.04,-0.07159387766812633,-0.2574741302878866,-0.007587197525672794,-0.08661967987988273,0.9281706785854448,-0.2590549164850723,0.9920956400380608,-0.09048205004443315
60.0,4.06,-0.072363941186359,-0.25874780744858134,-0.007676022762545747,-0.08712149618103014,0.927398388385014,-0.26033546614560205,0.9920034538333679,-0.09100239134831836
60.0,4.08,-0.07313904663715265,-0.26002117528625396,-0.007765589320858707,-0.08762451192503089,0.9266210685858136,-0.2616157174466786,0.9919105007460773,-0.0915239418181111
60.0,4.1,-0.0739191548697687,-0.26129420675124765,-0.00785590732499749,-0.0881287442228436,0.9258387055175726,-0.262895647292605,0.9918167752453521,-0.09204670700075167
60.0,4.12,-0.0747043432040621,-0.26256694015727633,-0.007946981546600269,-0.08863420092874441,0.9250512788959313,-0.2641752480192688,0.9917222709089725,-0.09257069933108296
60.0,4.14,-0.07549461003145826,-0.2638393069122545,-0.008038815258880718,-0.08914089035872182,0.9242587731152022,-0.26545449565919366,0.9916269818366221,-0.09309592778639732
60.0,4.16,-0.07628992459213434,-0.26511131241009533,-0.00813141801687495,-0.08964882059185751,0.9234611644581804,-0.2667333986700968,0.9915309021529674,-0.09362239958677214
60.0,4.18,-0.0770903573858608,-0.26638296716499765,-0.008224795768251346,-0.09015801082544546,0.9226584374557425,-0.2680119327717649,0.9914340253549314,-0.09415012711699652
60.0,4.2,-0.07789587806940329,-0.26765427890188487,-0.008318951067467549,-0.09066846008982211,0.9218505684383992,-0.26929010605572895,0.9913363452381946,-0.0946791192834494
60.0,4.22,-0.0787065874668824,-0.2689251845495191,-0.008413894755716453,-0.0911801879276662,0.9210375399573799,-0.2705678933046203,0.9912378556880879,-0.09520938498668928
60.0,4.24,-0.07952245579797694,-0.27019569287630746,-0.00850962952878302,-0.09169319391469183,0.9202193342052084,-0.27184528648495987,0.9911385500559069,-0.09574093480739647
60.0,4.26,-0.0803435000956257,-0.27146580001274945,-0.008606163268531874,-0.09220749866712492,0.9193959291854802,-0.2731222761431559,0.9910384219467891,-0.09627377758940198
60.0,4.28,-0.08116973772204802,-0.27273550290956755,-0.008703502000404874,-0.09272310202316211,0.918567305078258,-0.2743988532711545,0.9909374647173159,-0.09680792562925614
60.0,4.3,-0.08200117693669322,-0.2740047677949789,-0.008801652822931274,-0.09324001465613234,0.9177334469300737,-0.2756749926684861,0.990835671973273,-0.09734338599432499
60.0,4.32,-0.08283789307885557,-0.2752736100656372,-0.00890062069259844,-0.09375825868481814,0.9168943292097457,-0.27695070070469685,0.9907330365019109,-0.09788017264004513
60.0,4.34,-0.08367984731361774,-0.2765420114781091,-0.009000415156370605,-0.09427783448786413,0.9160499301596835,-0.27822596720087883,0.9906295522553011,-0.09841829089042148
60.0,4.36,-0.08452709686862046,-0.2778099251181188,-0.009101040933562838,-0.09479874301372243,0.9152002350743782,-0.2795007664605168,0.990525211734085,-0.0989577546401013
60.0,4.38,-0.0853796220764739,-0.2790773977913867,-0.009202504286070052,-0.09532101840971739,0.9143452234441836,-0.28077508830528547,0.9904200084392587,-0.09949857088227282
60.0,4.4,-0.08623748115661489,-0.28034438366512693,-0.009304814015079018,-0.09584465088303935,0.9134848727212511,-0.28204892172512747,0.9903139350378627,-0.10004075349442529
60.0,4.42,-0.08710068405256899,-0.28161085176393297,-0.009407975536187003,-0.09636966444055854,0.9126191586393554,-0.28332227242234925,0.9902069845728666,-0.10058431113650683
60.0,4.44,-0.0879692609562603,-0.2828768365028556,-0.009511995546942908,-0.09689606105965831,0.9117480697092517,-0.2845950974669286,0.9900991495948098,-0.10112925589347928
60.0,4.46,-0.08884322240336176,-0.28414230829506376,-0.009616882514492709,-0.09742384266760928,0.9108715747352726,-0.2858674174521968,0.9899904233814513,-0.10167559466877069
60.0,4.48,-0.08972257893573281,-0.28540723781480987,-0.009722643242225451,-0.09795304564419975,0.9099896614171274,-0.28713918879940525,0.9898807979547102,-0.10222334295008387
60.0,4.5,-0.09060734110450255,-0.28667159600039593,-0.009829285307791582,-0.09848366136936659,0.9091023047042864,-0.28841041612182944,0.9897702663063475,-0.1027725075760618
60.0,4.52,-0.09149760132953463,-0.2879354375371165,-0.009936816909688501,-0.09901570406784696,0.9082094875512995,-0.28968107141695115,0.9896588207511914,-0.10332310053569273
60.0,4.54,-0.09239330003033781,-0.28919868427520584,-0.010045242895139438,-0.09954918868562006,0.9073111829281938,-0.29095115821951795,0.9895464538657148,-0.10387513208048328
60.0,4.56,-0.09329445886215786,-0.29046134183557615,-0.010154572233518977,-0.10008411850319703,0.9064073699444624,-0.2922206643214721,0.9894331576041299,-0.10442861587015832
60.0,4.58,-0.09420115083881214,-0.2917234002540462,-0.01026481167749379,-0.10062050886579908,0.9054980329136612,-0.2934895615194235,0.9893189245019945,-0.10498355862180837
60.0,4.6,-0.09511339917210719,-0.29298486638808247,-0.010375971601885794,-0.10115837514286882,0.9045831429077175,-0.2947578520399591,0.9892037463793709,-0.10553997568819733
60.0,4.62,-0.09603115406815922,-0.29424569695733355,-0.010488057224710395,-0.10169773362694547,0.9036626885879083,-0.29602549120235827,0.9890876155273683,-0.10609787546776747
60.0,4.64,-0.09695448995008031,-0.2955058832205448,-0.010601078517644897,-0.10223857672966508,0.9027366391672076,-0.29729249762216226,0.9889705235383985,-0.1066572715026768
60.0,4.66,-0.09788348259466677,-0.29676541665230305,-0.0107150408491701,-0.1027809211494352,0.9018049773252966,-0.29855884168745533,0.9888524626419413,-0.10721817214465641
60.0,4.68,-0.09881803034225974,-0.2980242720532642,-0.010829954500714988,-0.10332479550714439,0.900867674424939,-0.2998245247481286,0.9887334241745718,-0.10778059261305868
60.0,4.7,-0.09975822056242616,-0.2992824763690319,-0.010945826163584187,-0.10387019319140359,0.8999247196813552,-0.3010895014514017,0.9886134002621212,-0.10834453946105882
60.0,4.72,-0.10070410301500117,-0.300539939690805,-0.01106266510856961,-0.10441713152623178,0.898976085716717,-0.30235377309973216,0.9884923821709856,-0.10891002785788051
60.0,4.74,-0.1016556563884367,-0.3017967071683272,-0.011180480747073292,-0.10496562823287539,0.8980217441335127,-0.3036173403750981,0.9883703611656001,-0.10947706945798943
60.0,4.76,-0.1026128920335311,-0.30305274854769787,-0.011299281332373512,-0.10551568928501326,0.8970616835508697,-0.30488015706244365,0.9882473287031182,-0.11004567591498217
60.0,4.78,-0.10357588275030262,-0.30430804019679947,-0.011419071505063163,-0.10606732120443393,0.8960958704655706,-0.3061422390823899,0.9881232762848962,-0.11061585711920616
60.0,4.8,-0.10454458983987233,-0.30556257729206493,-0.011539864691403227,-0.106620542150181,0.8951242927709231,-0.3074035395175742,0.9879981947654779,-0.1111876263586389
60.0,4.82,-0.10551908577309374,-0.30681633327487656,-0.011661668931077332,-0.1071753712828615,0.8941469224883227,-0.3086640581922247,0.9878720752689875,-0.11176099518192659
60.0,4.84,-0.10649938794673905,-0.30806929292344193,-0.011784491018415142,-0.10773181577955808,0.8931637381039614,-0.3099237794187883,0.9877449088841149,-0.11233597511057529
60.0,4.86,-0.10748551394397686,-0.309321441423184,-0.011908342103148256,-0.10828986989249606,0.8921747195390963,-0.3111826702989472,0.9876166860424175,-0.11291258106014564
60.0,4.88,-0.10847748029056731,-0.3105727607927623,-0.012033229494506172,-0.10884957893474928,0.8911798346800095,-0.3124407458750319,0.9874873976123076,-0.1134908227327025
60.0,4.9,-0.10947530492331581,-0.31182323699365005,-0.012159163203695825,-0.10941092513712601,0.8901790712039276,-0.3136979579749921,0.9873570342596666,-0.11407071327532417
60.0,4.92,-0.1104790072523457,-0.31307286000367895,-0.012286153203182621,-0.10997394164638934,0.8891724005996178,-0.31495430490518445,0.9872255865831071,-0.11465226405634502
60.0,4.94,-0.11148865666609598,-0.3143215863381382,-0.01241421064391709,-0.1105386364155114,0.8881597988933131,-0.31620976881787227,0.9870930447429458,-0.11523548986051306
60.0,4.96,-0.11250421852261767,-0.31556942584958986,-0.01254333955724994,-0.1111050054206015,0.8871412488087724,-0.31746431652268603,0.9869593989185402,-0.11582040195612274
60.0,4.98,-0.11352571025271868,-0.3168163624623097,-0.012673554163535966,-0.11167308246942426,0.8861167221644937,-0.3187179456131351,0.9868246393907161,-0.11640701334347
60.0,5.0,-0.11455320365547025,-0.31806235680559625,-0.01280486404034525,-0.1122428764326236,0.8850861933534185,-0.319970636839513,0.9866887563766567,-0.11699533524287473
60.0,5.02,-0.11558671713208979,-0.3193073929412608,-0.012937276903143757,-0.11281439657898888,0.8840496409903135,-0.3212223721948862,0.9865517392141246,-0.11758538398234533
60.0,5.04,-0.11662626926654648,-0.32055145528769086,-0.013070805998342842,-0.11338766495842616,0.883007040773655,-0.3224731323449847,0.986413578244044,-0.11817716899611865
60.0,5.06,-0.11767182266656057,-0.3217945491586851,-0.013205459754086366,-0.11396267804125419,0.8819583752171566,-0.3237228827042239,0.9862742627182686,-0.11877070654616109
60.0,5.08,-0.1187235070397156,-0.3230366150786322,-0.013341245721291693,-0.11453945904954443,0.8809036136967002,-0.32497161853646006,0.9861337823507053,-0.11936600768217168
60.0,5.1,-0.11978122758736245,-0.3242776760274253,-0.013478180039467413,-0.11511801723953768,0.8798427323662522,-0.32621931981472674,0.9859921263994239,-0.1199630868628204
60.0,5.12,-0.12084511657642351,-0.3255176761499943,-0.013616268535271592,-0.11569837676594133,0.8787757085474615,-0.3274659666579518,0.9858492844008169,-0.12056195680495554
60.0,5.14,-0.121915134314263,-0.32675661477677215,-0.013755524073444731,-0.11628053428812075,0.8777025176940682,-0.32871153820276305,0.9857052450707048,-0.12116263184194116
60.0,5.16,-0.12299135626241539,-0.32799445307647085,-0.013895954694030845,-0.11686451424158954,0.8766231421929023,-0.32995599842879125,0.9855599979580753,-0.12176512288613434
60.0,5.18,-0.12407374398767416,-0.3292311950794885,-0.014037576738519115,-0.11745034055695287,0.8755375453222167,-0.33119935624069524,0.9854135314929329,-0.12236944766718581
60.0,5.2,-0.1251623160398897,-0.3304668240332007,-0.014180395738349593,-0.11803799757771344,0.8744457087743682,-0.33244157474558056,0.9852658343541556,-0.12297561867443936
60.0,5.22,-0.12625720547475458,-0.3317012756034592,-0.014324429560836701,-0.11862753709313058,0.8733476155054702,-0.33368261727385884,0.9851168954053864,-0.12358364838859234
60.0,5.24,-0.12735831476529103,-0.33293457308506114,-0.014469681866167082,-0.11921894401938647,0.8722432281776866,-0.3349224915156927,0.984966703137728,-0.12419355095826
60.0,5.26,-0.1284657212411594,-0.3341666781431495,-0.014616167545227435,-0.11981224355870765,0.871132529073398,-0.33616115992028256,0.9848152456643081,-0.12480534219796881
60.0,5.28,-0.12957950327751513,-0.33539755197750404,-0.01476390002502587,-0.12040744750958872,0.870015492847639,-0.33739859918520304,0.984662511152592,-0.1254190361489897
60.0,5.3,-0.13069955952553516,-0.33662721211970137,-0.014912886567374727,-0.12100456863864659,0.8688920963468397,-0.3386347865397691,0.9845084878295957,-0.12603464507993964
60.0,5.32,-0.13182602737895255,-0.3378555974419891,-0.01506314470486679,-0.12160363288117784,0.8677623076710992,-0.3398697129482427,0.9843531631029516,-0.1266521863594915
60.0,5.34,-0.13295886706919757,-0.339082711262763,-0.015214682353741682,-0.12220463928713837,0.8666261099349537,-0.3411033399693119,0.9841965253306264,-0.12727167220369137
60.0,5.36,-0.1340981553659051,-0.34030850721415534,-0.01536751527785389,-0.12280761458433224,0.8654834775622126,-0.34233564292768726,0.984038561364427,-0.12789311983832372
60.0,5.38,-0.13524385389035234,-0.34153299339799054,-0.015521651240757696,-0.12341257257692674,0.8643343791857045,-0.3435666119804705,0.983879259239239,-0.1285165413662646
60.0,5.4,-0.13639603855145294,-0.34275611957406626,-0.015677106717587635,-0.12401952620344192,0.8631787915656562,-0.34479622267981563,0.9837186060423909,-0.1291419522237939
60.0,5.42,-0.13755472929693344,-0.3439778667631164,-0.015833894057564534,-0.12462848914229041,0.8620166947240621,-0.3460244340956915,0.9835565885823302,-0.12976936951908585
60.0,5.44,-0.1387198843913123,-0.34519823647096154,-0.015992021724478934,-0.12523946114276727,0.8608480527870093,-0.34725125099435267,0.9833931940656505,-0.13039880688132027
60.0,5.46,-0.13989164274403004,-0.3464171579668866,-0.01615151004031606,-0.12585249928861636,0.8596728512784615,-0.3484766165113501,0.9832284094240513,-0.13103027786504542
60.0,5.48,-0.14106996468453428,-0.3476346369413563,-0.016312364053425565,-0.12646757492346594,0.8584910607771148,-0.3497005198409919,0.983062220621489,-0.13166380284242254
60.0,5.5,-0.1422548674755185,-0.3488506472942313,-0.016474604831406968,-0.12708473106139245,0.8573026561420289,-0.3509229340778668,0.9828946147145201,-0.13229939181174416
60.0,5.52,-0.1434463717502602,-0.35006517112427127,-0.016638243308910974,-0.12770398294632654,0.8561076124608485,-0.35214383205894895,0.9827255777858822,-0.1329370633332227
60.0,5.54,-0.1446445546362993,-0.3512781534030729,-0.01680328859441549,-0.128325331280183,0.8549058969165885,-0.3533632004712159,0.9825550957494569,-0.13357683415571925
60.0,5.56,-0.14584943764148622,-0.35248957597492947,-0.016969760785677954,-0.12894879037284393,0.853697492178007,-0.35458099707417423,0.9823831547032023,-0.1342187175174971
60.0,5.58,-0.14706097903407173,-0.353699442523729,-0.01713766866965935,-0.12957439143435587,0.85248237305719,-0.355797193519928,0.9822097402157363,-0.13486273178151476
60.0,5.6,-0.14827925684439808,-0.3549076978418973,-0.017307032778761375,-0.130202149421083,0.8512605073999789,-0.3570117756451496,0.9820348380393086,-0.13550889179886266
60.0,5.62,-0.14950429125994436,-0.35611432024547396,-0.01747786251908954,-0.13083208100682875,0.8500318694729769,-0.3582247140980325,0.9818584334080801,-0.1361572140515632
60.0,5.64,-0.15073610260776374,-0.3573192882407186,-0.01765017222159607,-0.13146418705929072,0.8487964357534618,-0.35943598008732475,0.9816805114972215,-0.1368077149679259
60.0,5.66,-0.1519747078585658,-0.35852257226911377,-0.01782398044887965,-0.13209849879026456,0.8475541800390166,-0.36064554332071075,0.9815010574226355,-0.13746041092202257
60.0,5.68,-0.15322012754283743,-0.3597241511351895,-0.017999299347668217,-0.13273503327077465,0.8463050773691819,-0.3618533736508327,0.9813200559017399,-0.13811531818545394
60.0,5.7,-0.1544724435547607,-0.3609239727188774,-0.018176145843605055,-0.13337380718470687,0.8450491020753723,-0.3630594402468215,0.9811374913338834,-0.1387724564303797
60.0,5.72,-0.15573161052209317,-0.3621220343487698,-0.018354534737856528,-0.1340148377608876,0.8437862277910231,-0.36426371158793197,0.9809533484579206,-0.1394318383416275
60.0,5.74,-0.15699771271155916,-0.36331828787478815,-0.01853448122011273,-0.13465812664037274,0.8425164185846195,-0.3654661865496369,0.9807676110782191,-0.14009348515556103
60.0,5.76,-0.15827070449868266,-0.36451273130382356,-0.018716000202407664,-0.1353037072031316,0.8412396593803098,-0.36666680273064406,0.9805802638144936,-0.1407574094409553
60.0,5.78,-0.15955073278811308,-0.36570528428111354,-0.01889910700852674,-0.13595159739936236,0.839955920176832,-0.3678655432963455,0.9803912897542787,-0.14142363397645089
60.0,5.8,-0.16083769011046964,-0.36689597707837385,-0.019083821909347664,-0.13660181475777428,0.8386651811549676,-0.3690623605100113,0.9802006730551528,-0.14209217116170073
60.0,5.82,-0.16213165830266318,-0.3680847527674742,-0.01927015843828802,-0.1372543618983733,0.8373673979947304,-0.37025726533212583,0.9800083966902177,-0.14276304190613634
60.0,5.84,-0.1634327200811123,-0.36927155359527825,-0.01945813229949894,-0.13790927348227663,0.8360625643594627,-0.37145018019804854,0.9798144438324111,-0.14343626360012102
60.0,5.86,-0.16474083162334885,-0.370456382742121,-0.019647761998499467,-0.13856656809632562,0.8347506409891439,-0.37264109995577077,0.9796187974758668,-0.1441118535530047
60.0,5.88,-0.1660560113441212,-0.37163921116926035,-0.01983906399114841,-0.13922624853753449,0.8334316027823733,-0.37382999032597547,0.97942144029577,-0.14478983071817547
60.0,5.9,-0.16737834278312222,-0.37281998070165173,-0.02003205461118635,-0.13988835044869663,0.8321054249513247,-0.37501681675292764,0.9792223551783182,-0.14547021052997966
60.0,5.92,-0.1687078470278542,-0.3739986660639857,-0.02022675545879822,-0.14055289280605326,0.830772082068504,-0.3762015439722372,0.9790215237020056,-0.14615301515804385
60.0,5.94,-0.1700444758891259,-0.37517526314449035,-0.020423181142428633,-0.1412198792713766,0.8294315471227759,-0.377384135570481,0.9788189283893031,-0.14683825986569665
60.0,5.96,-0.17138831370014318,-0.3763497132923041,-0.020621348650047073,-0.14188934648962478,0.8280837896978347,-0.3785645706045558,0.9786145505577141,-0.1475259666633816
60.0,5.98,-0.17273944766533098,-0.3775219613373126,-0.02082127548818988,-0.14256128136079005,0.8267287890701178,-0.3797427971570387,0.9784083721063418,-0.14821615234689353
60.0,6.0,-0.1740977636410512,-0.3786920337228096,-0.021022983957235754,-0.14323573709664922,0.8253665145075852,-0.38091879323789374,0.9782003742688928,-0.1489088352964728
60.0,6.02,-0.17546341104666524,-0.37985983631098613,-0.021226491861981965,-0.1439127346584889,0.8239969326899937,-0.3820925351657852,0.977990538058052,-0.14960403554196203
60.0,6.04,-0.1768363434678379,-0.3810253700493223,-0.021431814805692152,-0.1445922616087225,0.8226200334865412,-0.38326395712286215,0.977778844183547,-0.15030177300214725
60.0,6.06,-0.1782165825019973,-0.3821886102071612,-0.02163897589048421,-0.1452743724170457,0.8212357757108357,-0.3844330483293726,0.9775652730520074,-0.15100206748316006
60.0,6.08,-0.17960427749354413,-0.3833494562436606,-0.021847993657452946,-0.14595905447396937,0.8198441346871951,-0.3855997702256516,0.977349805144127,-0.1517049369885309
60.0,6.1,-0.18099931508133119,-0.3845079408487003,-0.02205888668832257,-0.1466463638559494,0.8184450851646439,-0.38676408352314967,0.9771324206010499,-0.15241040114824336
60.0,6.12,-0.18240178019435757,-0.38566399877994983,-0.022271673913036815,-0.1473362881723979,0.817038602269222,-0.3879259486456208,0.976913098613202,-0.15311848286817226
60.0,6.14,-0.1838116256718389,-0.3868176324439017,-0.022486379567401328,-0.14802886616451144,0.8156246518997525,-0.3890853386219284,0.9766918192436782,-0.15382919813168325
60.0,6.16,-0.185229002501818,-0.38796873938027643,-0.022703017841309178,-0.14872410370408798,0.8142032176498326,-0.39024219945678246,0.9764685612500987,-0.1545425713800069
60.0,6.18,-0.18665393169758912,-0.38911728921816563,-0.022921618714150778,-0.1494220394442486,0.8127742661702098,-0.3913965035443396,0.976243303704995,-0.15525862004210597
60.0,6.2,-0.18808629595782117,-0.3902633128029312,-0.02314219421499912,-0.1501226800497664,0.8113377712941152,-0.39254820871988816,0.9760160259609305,-0.15597736501136886
60.0,6.22,-0.18952625183443803,-0.39140671518434395,-0.023364772317786133,-0.15082606527666886,0.8098937031965875,-0.3936972880165086,0.9757867048768076,-0.15669882845389793
60.0,6.24,-0.19097381393913376,-0.3925474525656828,-0.02358937071446226,-0.151532201393836,0.8084420415012561,-0.3948436835932118,0.9755553188449257,-0.15742303095416235
60.0,6.26,-0.1924290034134981,-0.39368549464456926,-0.023816009891942293,-0.15224109421907062,0.8069827543845063,-0.39598736648622856,0.9753218458957776,-0.15814999470705324
60.0,6.28,-0.1938917681107513,-0.3948208359224121,-0.02404472149978341,-0.15295280192637697,0.8055158173019505,-0.39712829327805055,0.9750862645231615,-0.1588797384093261
60.0,6.3,-0.19536226686478808,-0.3959533787026097,-0.02427551583865932,-0.15366731453578167,0.8040411973387156,-0.39826643337577783,0.9748485500589551,-0.15961228540237793
60.0,6.32,-0.19684037843009122,-0.3970831515640512,-0.024508422390386198,-0.1543846733484111,0.802558877739966,-0.39940172868786894,0.9746086802639374,-0.16034765759093306
60.0,6.34,-0.198326257942245,-0.39821004664413606,-0.024743468249519243,-0.155104902403848,0.8010688176092791,-0.4005341610374001,0.9743666308438591,-0.16108587471069422
60.0,6.36,-0.19981985757451903,-0.39933406777331687,-0.02498066711479742,-0.15582800981290457,0.799571008087715,-0.4016636577605455,0.9741223799359916,-0.1618269620531094
60.0,6.38,-0.2013212616402272,-0.4004551357699061,-0.025220049300939195,-0.15655401951135534,0.798065408208395,-0.40279019951475264,0.9738759008177434,-0.16257093877495066
60.0,6.4,-0.2028304219511015,-0.40157325496808033,-0.025461640234855136,-0.15728297512919315,0.7965519941851031,-0.4039137400282144,0.9736271703108866,-0.1633178297702616
60.0,6.42,-0.204347423141207,-0.4026883455668229,-0.025705459603159706,-0.15801486591404354,0.7950307417874816,-0.40503423227068647,0.9733761634637547,-0.16406765605223508
60.0,6.44,-0.20587228477375774,-0.40380037182870815,-0.02595153615348987,-0.15874973555997762,0.793501617438249,-0.4061516413631425,0.9731228546567638,-0.16482044192099626
60.0,6.46,-0.20740509472067592,-0.40490925714877724,-0.026199893273246098,-0.15948761048760351,0.7919646022065432,-0.4072659043660316,0.9728672184557654,-0.165576209864057
60.0,6.48,-0.20894572899397143,-0.40601503319217036,-0.026450560222258248,-0.16022851650715791,0.7904196753269331,-0.40837699184364734,0.9726092307379094,-0.16633498074881053
60.0,6.5,-0.21049434624222965,-0.40711758676721344,-0.026703555144513454,-0.16097246257467843,0.7888667909507159,-0.40948486081419083,0.9723488616408447,-0.16709678135141867
60.0,6.52,-0.21205089531009974,-0.4082169181885932,-0.026958910695744992,-0.16171947437431874,0.7873059380547007,-0.41058945072552816,0.9720860876648495,-0.16786163419191263
60.0,6.54,-0.21361539328383736,-0.40931298685211737,-0.027216651471379555,-0.16246957927986416,0.7857370827522215,-0.4116907235576528,0.9718208804378549,-0.16862956259906456
60.0,6.56,-0.2151879955135092,-0.41040566753071744,-0.02747680520996757,-0.16322280450603155,0.7841602078651705,-0.412788631934181,0.971553212602729,-0.16940058996857058
60.0,6.58,-0.21676858139018168,-0.4114950029149439,-0.02773939713919737,-0.16397917805655526,0.7825752714572985,-0.41388313234695334,0.9712830564000203,-0.17017474126540005
60.0,6.6,-0.21835723737321566,-0.4125809093573118,-0.028004461415120165,-0.16473872679455315,0.7809822573772472,-0.4149741767425818,0.9710103836606867,-0.17095204302004324
60.0,6.62,-0.21995398090056573,-0.4136633451391582,-0.028272020739713504,-0.16550146028182902,0.7793811482566672,-0.41606169841888846,0.9707351664795199,-0.17173251296144967
60.0,6.64,-0.22155882936863214,-0.4147422684752317,-0.028542104574552675,-0.16626742634241096,0.777771889298572,-0.4171456799787706,0.9704573758717309,-0.17251618074559122
60.0,6.66,-0.22317187013737602,-0.41581759377546873,-0.02881474161490206,-0.16703661428446456,0.7761544894356067,-0.41822605004970287,0.9701769789770491,-0.1733030839564226
60.0,6.68,-0.22479311843906802,-0.4168892734356053,-0.02908996246588292,-0.16780909229297472,0.7745288932432745,-0.4193027720489699,0.9698939504828692,-0.17409322995051255
60.0,6.7,-0.22642252165311308,-0.41795730886890226,-0.0293677965016298,-0.16858484993401068,0.7728950945898737,-0.42037578282264454,0.9696082597328711,-0.17488664248773178
60.0,6.72,-0.22806009432899835,-0.4190216531533445,-0.02964827470327379,-0.16936393638728583,0.7712530569898033,-0.4214450546183472,0.9693198759590395,-0.1756833451825753
60.0,6.74,-0.22970599753775195,-0.42008217906849266,-0.029931431007327182,-0.1701463808980195,0.7696027561819201,-0.4225104957069449,0.9690287621207562,-0.1764833953280499
60.0,6.76,-0.23136017586659557,-0.4211388829570539,-0.030217296319251432,-0.17093219333625725,0.7679441746031643,-0.4235720873241334,0.968734895560131,-0.1772867828053074
60.0,6.78,-0.2330226441244042,-0.42219171670727046,-0.030505902380270802,-0.17172140381730538,0.7662772759422656,-0.42462978224773024,0.9684382387156308,-0.17809354707566907
60.0,6.8,-0.23469341700081986,-0.42324063208320584,-0.03079724767886425,-0.17251402829630166,0.7646020379901041,-0.4256834878734659,0.9681387583181178,-0.17890372824041711
60.0,6.82,-0.23637258583904405,-0.42428554435490456,-0.031091425853818692,-0.17331012756078554,0.7629184373518979,-0.4267331976859263,0.9678364249706625,-0.17971733203194235
60.0,6.84,-0.23806008871827605,-0.4253264408435761,-0.031388430224919224,-0.17410971939274486,0.7612264531566985,-0.42777881850936755,0.9675312029177046,-0.1805343978175764
60.0,6.86,-0.2397560199015619,-0.42636324090938194,-0.031688314780634184,-0.1749128107278974,0.7595260530157051,-0.428820319935918,0.9672230625629774,-0.18135493101966582
60.0,6.88,-0.24146038869491854,-0.42739588515474,-0.03199107658867825,-0.17571943969622195,0.7578172113092941,-0.42985763965076207,0.9669119604213567,-0.18217900421263875
60.0,6.9,-0.24317321252134333,-0.4284243287518659,-0.03229680489806895,-0.17652962810830727,0.7560999031365031,-0.4308907150267433,0.9665978729983244,-0.18300658872557898
60.0,6.92,-0.2448945059379082,-0.429448521843899,-0.03260546660198973,-0.1773434204910898,0.7543741141525456,-0.4319195062401614,0.9662807521722124,-0.18383777341683177
60.0,6.94,-0.24662428053676,-0.43046840948581105,-0.03291718325603627,-0.17816083346287837,0.7526398120727279,-0.4329439450472727,0.9659605731497382,-0.18467252907772588
60.0,6.96,-0.2483626287309535,-0.4314839031415267,-0.03323192227039605,-0.178981912374913,0.7508969664989368,-0.4339639809580769,0.9656372917706002,-0.18551092751338405
60.0,6.98,-0.2501095652288194,-0.4324949516433271,-0.033549736667478076,-0.17980664443949315,0.7491455628876048,-0.4349795369137809,0.9653108776226054,-0.18635295561606746
60.0,7.0,-0.25186502314757864,-0.43350153765959293,-0.03387069958948404,-0.18063512025983125,0.7473855732899929,-0.43599057983816725,0.9649812861837618,-0.1871986847787707
60.0,7.02,-0.25362909796094985,-0.4345035763334882,-0.03419479858630435,-0.18146731833708796,0.745616976001409,-0.4369970270643899,0.96464848354497,-0.18804811836625832
60.0,7.04,-0.2554017981025883,-0.4355010060517787,-0.034522068247352974,-0.182303294574144,0.7438397520669641,-0.43799883176884813,0.9643124269613684,-0.18890131028432844
60.0,7.06,-0.25718313763117095,-0.4364937750196719,-0.034852603584566634,-0.18314307240860322,0.7420538660588889,-0.4389959366619544,0.9639730844803055,-0.1897582464674774
60.0,7.08,-0.2589731304709512,-0.43748183130229107,-0.03518640076279509,-0.1839866724587647,0.740259299535613,-0.4399882761533017,0.963630408630009,-0.1906189970104908
60.0,7.1,-0.2607718639356558,-0.4384650722634203,-0.03552352827335253,-0.18483414575003726,0.7384560348334481,-0.44097578438132967,0.9632843616685879,-0.19148358130112383
60.0,7.12,-0.26257934910615477,-0.43944343964866506,-0.03586398265771071,-0.18568551363253943,0.7366440388777601,-0.441958402986891,0.9629349046289718,-0.19235201830538573
60.0,7.14,-0.26439552605885913,-0.4404169312966843,-0.036207857759692014,-0.18654077875438094,0.7348233040494525,-0.44293607055139866,0.9625819894676748,-0.19322435993835319
60.0,7.16,-0.26622047594811016,-0.44138543296127697,-0.036555163350491804,-0.1874000271639654,0.7329937903769361,-0.4439087229054765,0.9622255825010558,-0.1941006083604339
60.0,7.18,-0.26805421843623306,-0.4423489010912221,-0.03690595803799043,-0.18826324677760842,0.7311554918093622,-0.4448762980148688,0.9618656342411377,-0.19498081479431809
60.0,7.2,-0.26989675767387067,-0.4433072665569323,-0.03726024796155803,-0.189130503217292,0.729308370048655,-0.4458387309729592,0.9615021017047367,-0.19586501408127602
60.0,7.22,-0.2717481874642431,-0.44426043297853113,-0.03761813004716319,-0.19000179972666467,0.7274524200608179,-0.44679594130857964,0.9611349418439032,-0.19675322336572854
60.0,7.24,-0.27360843420431774,-0.4452083775783451,-0.037979607117414715,-0.19087718093067252,0.7255876059016685,-0.44774788128097576,0.9607641113669141,-0.19764547701152393
60.0,7.26,-0.275477513777011,-0.44615105106228775,-0.03834475315461134,-0.19175670082234686,0.7237139164016464,-0.44869448251747873,0.9603895589137312,-0.1985418249821925
60.0,7.28,-0.2773555136481805,-0.44708834533033187,-0.03871362552468992,-0.19264032525912314,0.7218313329141466,-0.4496356712428103,0.960011244435244,-0.1994422669108361
60.0,7.3,-0.27924244028945777,-0.4480201943539586,-0.03908620780559198,-0.19352817319401536,0.7199398215659907,-0.45057138079623515,0.9596291160543159,-0.20034686967294318
60.0,7.32,-0.28113838143494135,-0.4489464879638591,-0.03946263023804258,-0.19442021940684734,0.7180393738527661,-0.4515015419486011,0.9592431277066561,-0.20125564867634602
60.0,7.34,-0.28304319292509456,-0.44986726784328185,-0.039842863764678424,-0.1953165172429464,0.7161299577365416,-0.4524260873436714,0.9588532307921266,-0.20216863604211097
60.0,7.36,-0.2849570373021665,-0.45078236886584916,-0.040227015517226156,-0.19621709293115538,0.7142115665073758,-0.4533449471775175,0.9584593765336065,-0.2030858636106512
60.0,7.38,-0.28687984484532153,-0.4516917784009838,-0.040615095812830015,-0.19712201656225237,0.7122841779193894,-0.45425804099000006,0.9580615124157489,-0.20400737965967156
60.0,7.4,-0.2888116996073004,-0.4525953789361404,-0.04100716995154739,-0.19803127664695178,0.7103477630653622,-0.45516531808313826,0.9576595870519795,-0.2049332149651722
60.0,7.42,-0.2907525376697575,-0.4534931685217124,-0.04140331351954584,-0.19894490683744434,0.7084023177583886,-0.4560666901706257,0.9572535535751984,-0.20586338353302697
60.0,7.44,-0.29270243617211306,-0.45438501811851145,-0.04180353827700108,-0.19986297855355728,0.7064478067884779,-0.4569621006114592,0.9568433530760202,-0.2067979489606561
60.0,7.46,-0.29466148591684427,-0.4552708179685139,-0.04220792125159025,-0.20078552651739015,0.7044842279754603,-0.4578514606223934,0.9564289361137096,-0.20773692416327094
60.0,7.48,-0.2966296155053253,-0.45615055506937285,-0.04261653080810483,-0.2017125391763007,0.702511556006496,-0.45873468305041637,0.9560102469540377,-0.20868035538103477
60.0,7.5,-0.2986068289851725,-0.45702416020889297,-0.043029380221938376,-0.20264408929885505,0.7005297749402656,-0.45961173830971713,0.9555872310773817,-0.20962827134920917
60.0,7.52,-0.3005931300453717,-0.4578915639332665,-0.043446513357706225,-0.20358021980522692,0.6985388614020882,-0.4604825035204265,0.9551598301141925,-0.21058071714621857
60.0,7.54,-0.30258868563205205,-0.4587525962066503,-0.043868081693869375,-0.20452095110856705,0.696538809421426,-0.46134693623355333,0.954727993936391,-0.21153770440616396
60.0,7.56,-0.30459334274640526,-0.4596072966408945,-0.04429405482076582,-0.2054663181953007,0.6945295898917596,-0.46220494277417007,0.9542916552726719,-0.21249931059502997
60.0,7.58,-0.30660718095220235,-0.46045553630009645,-0.04472451973867873,-0.20641638078406288,0.6925111908433952,-0.46305645726056954,0.9538507640059906,-0.21346552925775314
60.0,7.6,-0.3086302065339821,-0.46129724904815483,-0.04515951827557919,-0.20737115933020367,0.6904836095206259,-0.46390138406629505,0.9534052512685117,-0.21443643684802383
60.0,7.62,-0.31066242549092976,-0.46213236854268247,-0.045599128986045914,-0.20833066635954248,0.6884468120962045,-0.4647396582120839,0.9529550639513575,-0.2154120430874642
60.0,7.64,-0.31270391713664664,-0.4629607629984857,-0.04604341084084886,-0.2092949944398315,0.6864007979133983,-0.46557120097333055,0.9525001379945892,-0.21639238987243595
60.0,7.66,-0.3147546026135568,-0.46378241412767174,-0.046492439095574045,-0.21026413255523443,0.6843455437292447,-0.46639591738056657,0.9520404101960664,-0.2173775189419811
60.0,7.68,-0.3168145715709758,-0.46459720493854956,-0.04694623234540911,-0.2112381583020988,0.6822810430527405,-0.4672137402685942,0.9515758171124008,-0.21836747162684672
60.0,7.7,-0.3188838181091321,-0.46540505105293734,-0.0474049095207638,-0.2122170768343487,0.680207274737549,-0.4680245914328754,0.9511062956016737,-0.21936227148662196
60.0,7.72,-0.3209623505186932,-0.46620588923998346,-0.04786852792655483,-0.2132009584917043,0.6781242348328664,-0.46882838590120146,0.9506317730061259,-0.22036199196366968
60.0,7.74,-0.3230502435091048,-0.46699957820693505,-0.04833709719960798,-0.21418983366311087,0.6760318972125308,-0.46962502234278775,0.9501521945107226,-0.22136662283360745
60.0,7.76,-0.32514733803863427,-0.46778616128262435,-0.04881074499628506,-0.21518373231162516,0.673930259595251,-0.47041444979294617,0.9496674825853194,-0.2223762356398972
60.0,7.78,-0.32725380077783645,-0.46856545605408895,-0.04928951987376981,-0.2161826765391248,0.6718193065838386,-0.4711965546462316,0.9491775693085958,-0.22339086878165698
60.0,7.8,-0.32936953825585374,-0.4693374278014909,-0.04977348802035477,-0.21718676348362678,0.669699038689639,-0.47197126833968606,0.9486823854280619,-0.22441055994431208
60.0,7.82,-0.3314947247961482,-0.4701019018358817,-0.05026273167943392,-0.21819598244315386,0.6675694349836577,-0.47273848867734364,0.9481818632053267,-0.2254353292794362
60.0,7.84,-0.3336291838869745,-0.4708589007465269,-0.050757307461112115,-0.21921038126776476,0.6654304824969272,-0.47349815285092156,0.9476759239742216,-0.22646524637354443
60.0,7.86,-0.33577300349998007,-0.4716083010932745,-0.05125731700843817,-0.22023002470599554,0.6632821712958965,-0.4742501465653116,0.9471644984198404,-0.22750033014239845
60.0,7.88,-0.33792625633542717,-0.472349956014569,-0.051762774465974236,-0.2212549452425558,0.6611244985977315,-0.4749944119948938,0.9466475090904792,-0.22854063208312952
60.0,7.9,-0.3400888615802804,-0.47308385188151286,-0.052273822172817966,-0.2222851995538721,0.6589574572126238,-0.47573083457835263,0.9461248782299412,-0.22958620315168676
60.0,7.92,-0.34226089113622793,-0.47380984052850345,-0.05279050869072095,-0.22332078587068968,0.65678103171737,-0.4764593451178095,0.9455965336498945,-0.23063706021684985
60.0,7.94,-0.3444422630181075,-0.47452790858453964,-0.053312901265512115,-0.22436177945711208,0.6545952253840132,-0.4771798342744656,0.9450623938321119,-0.23169325237836913
60.0,7.96,-0.34663305229851693,-0.47523791205433835,-0.05384110128348426,-0.22540822120852694,0.6524000263094044,-0.4778922155454712,0.9445223780468036,-0.23275482842685308
60.0,7.98,-0.3488332509221566,-0.4759397660223862,-0.05437517211052313,-0.22646016164368155,0.6501954240048333,-0.4785964021976453,0.9439764020015224,-0.23382183576530324
60.0,8.0,-0.35104285431166354,-0.4766333907865023,-0.05491521128666313,-0.22751761600736858,0.6479814168653082,-0.4792923127970077,0.943424387380347,-0.23489430526904212
60.0,8.02,-0.35326194073169453,-0.47731864474899666,-0.05546129051705274,-0.2285806614952545,0.6457580065013625,-0.47997983214086903,0.9428662482663935,-0.23597228289257235
60.0,8.04,-0.3554904134129502,-0.47799549760199816,-0.056013509757324983,-0.22964931364389637,0.6435251709948124,-0.4806588788059168,0.9423018984493001,-0.23705581396708836
60.0,8.06,-0.3577282620931895,-0.4786638633682838,-0.056571936528924865,-0.23072362405417637,0.6412829215001671,-0.4813293596979359,0.9417312503406039,-0.23814494291792648
60.0,8.08,-0.35997565153382843,-0.47932354118936177,-0.057136686231492054,-0.2318036615485621,0.6390312558590844,-0.4819911706423426,0.9411542138931503,-0.23923971297435612
60.0,8.1,-0.36223239943163493,-0.4799745631640058,-0.057707815562500944,-0.23288942519662773,0.6367701651051616,-0.48264421854894174,0.9405707062166505,-0.24034015111573007
60.0,8.12,-0.36449858191910317,-0.4806167844635302,-0.05828544924477683,-0.23398101115504313,0.6344996491557032,-0.4832884157188317,0.9399806250681065,-0.24144633125446696
60.0,8.14,-0.3667742666371854,-0.48125004736435967,-0.058869652826147714,-0.2350784457744168,0.6322197190246867,-0.4839236466832087,0.9393838826347889,-0.242558277895814
60.0,8.16,-0.3690593612431506,-0.48187433217899744,-0.059460492493410406,-0.2361817554125739,0.6299303463301876,-0.48454983454580064,0.9387803813110133,-0.2436760473795262
60.0,8.18,-0.37135393231931696,-0.48248947984601376,-0.0600581317372678,-0.23729100010637427,0.627631561104847,-0.48516685833111,0.938170030597002,-0.24479966226220187
60.0,8.2,-0.37365788612119655,-0.4830954709675977,-0.06066264660948742,-0.2384062338062864,0.6253233539055346,-0.4857746355209544,0.9375527204658509,-0.24592920930507256
60.0,8.22,-0.37597128814731884,-0.48369214515154874,-0.061274114122182595,-0.23952751097335828,0.623005726673775,-0.4863730559881933,0.9369283630207491,-0.24706469291561248
60.0,8.24,-0.3782941277625911,-0.48427941728459284,-0.061892689140907745,-0.24065483727262163,0.6206786817773636,-0.48696202609319544,0.9362968518631709,-0.24820616443327603
60.0,8.26,-0.3806263850355006,-0.4848571908619517,-0.06251836721260189,-0.24178828897595328,0.618342217495064,-0.48754143010741063,0.9356580812898974,-0.24935369213205963
60.0,8.28,-0.3829681284149004,-0.4854253078498221,-0.06315136257021005,-0.2429279166017659,0.6159963538581934,-0.48811118558719907,0.9350119463727673,-0.25050730876774985
60.0,8.3,-0.38531925645029425,-0.48598374282805845,-0.06379175801456562,-0.24407377568045865,0.6136410784781173,-0.4886711656356896,0.9343583440827998,-0.25166704685554747
60.0,8.32,-0.38767983201289574,-0.48653233084435826,-0.0644396299818371,-0.24522589401945233,0.6112764077534046,-0.48922128222570227,0.9336971612337187,-0.2528329703917325
60.0,8.34,-0.39004975654401164,-0.48707105239597714,-0.06509510617291354,-0.24638431641139655,0.6089023541742361,-0.4897614254448267,0.9330282820749604,-0.2540051418582707
60.0,8.36,-0.39242908720186126,-0.4875997355961496,-0.0657582729772108,-0.24754909917670792,0.6065189165183134,-0.4902914904730045,0.9323516027337251,-0.2551835736716893
60.0,8.38,-0.3948178942557007,-0.48811822346991574,-0.06642926129778744,-0.24872028755155057,0.6041260954718278,-0.49081137246902073,0.9316670046819848,-0.2563683259055706
60.0,8.4,-0.3972159781923738,-0.4886265482604283,-0.06710825532173473,-0.24989794387004666,0.6017239177171314,-0.4913209512411996,0.930974372412908,-0.2575594410981949
60.0,8.42,-0.3996234931585011,-0.48912448318752483,-0.06779525145112099,-0.25108212007835684,0.5993123860713518,-0.4918201383531107,0.9302735778589816,-0.2587569924057079
60.0,8.44,-0.40204041324516415,-0.4896119269659336,-0.06849046543547394,-0.25227280927697615,0.5968915240455743,-0.4923088083362955,0.9295645127695867,-0.259960987597156
60.0,8.46,-0.4044666261856922,-0.4900888486471206,-0.06919396333004821,-0.25347013891136116,0.5944613159145409,-0.49278687194217385,0.9288470406144853,-0.26117151310062925
60.0,8.48,-0.40690218979686243,-0.4905550766966258,-0.06990592141939468,-0.25467411395981093,0.5920218046270715,-0.49325419932776926,0.9281210447733569,-0.26238858996662645
60.0,8.5,-0.4093470851197225,-0.49101052038823967,-0.07062643739190352,-0.25588479246281615,0.5895729888633359,-0.49371067509371,0.9273863960095136,-0.26361226971829105
60.0,8.52,-0.41180127361829927,-0.49145506616477025,-0.0713556101974946,-0.2571022329545833,0.587114887909643,-0.4941562169169907,0.9266429615161909,-0.26484260184198716
60.0,8.54,-0.41426473476377296,-0.4918886228459405,-0.07209363023959287,-0.25832646930108166,0.584647515012733,-0.49459068339417667,0.9258906066829582,-0.26607965174787573
60.0,8.56,-0.4167375189352186,-0.4923110093239257,-0.07284060033776654,-0.25955756025220256,0.5821708953356044,-0.4950139766792148,0.9251292029877833,-0.2673234330447462
60.0,8.58,-0.4192196043122133,-0.4927221327008614,-0.07359667016300496,-0.2607955521980622,0.5796850445436783,-0.4954259718928072,0.9243586014981932,-0.2685740398303692
60.0,8.6,-0.4217108580884323,-0.4931219451047906,-0.07436199160959957,-0.2620404914829288,0.5771899765414741,-0.4958265760536518,0.923578676675005,-0.2698314668701742
60.0,8.62,-0.4242113475335852,-0.493510286146026,-0.07513667287465212,-0.26329243750589604,0.5746857133452603,-0.49621564899566717,0.9227892697913772,-0.271095820582272
60.0,8.64,-0.4267210338020949,-0.493887045262933,-0.07592086973848354,-0.26455143689024946,0.5721722818133729,-0.4965930882148322,0.9219902515304026,-0.27236709231146555
60.0,8.66,-0.4292398770420021,-0.49425211166675803,-0.07671474912905636,-0.26581756678611956,0.56964970638169,-0.4969587700861909,0.9211814617507778,-0.2736453681013116
60.0,8.68,-0.43176793265469476,-0.4946053103802291,-0.07751840730409278,-0.2670908261188056,0.56711799641167,-0.4973125912104494,0.9203627551955941,-0.27493068461705983
60.0,8.7,-0.4343050727239277,-0.49494660467895824,-0.07833206200347674,-0.268371278450808,0.5645771982512183,-0.4976544088737879,0.9195339703109138,-0.2762231073647989
60.0,8.72,-0.43685126456573975,-0.49527589456023907,-0.07915584052184452,-0.2696590148779361,0.5620273171367942,-0.49798413024368454,0.9186949627898883,-0.27752265318591596
60.0,8.74,-0.43940663757532744,-0.495592915059612,-0.07998993904252195,-0.27095400603223607,0.5594684017704245,-0.49830162913744985,0.9178455682503494,-0.278829384027644
60.0,8.76,-0.4419709794212176,-0.4958977117039524,-0.08083445104403819,-0.27225638832340965,0.5569004600183916,-0.49860677657411717,0.9169856197573879,-0.28014335961708303
60.0,8.78,-0.4445444176987208,-0.49619001736153207,-0.08168958650945002,-0.2735661631279545,0.5543235366326879,-0.4988994572099751,0.9161149587165099,-0.2814646057681026
60.0,8.8,-0.4471267430360989,-0.49646988470419634,-0.08255547205274454,-0.27488339091653,0.5517376595128128,-0.4991795390587335,0.9152334153718209,-0.28279317839895934
60.0,8.82,-0.4497180760972635,-0.49673703874126685,-0.08343234197971126,-0.27620813525513255,0.5491428543343281,-0.4994469213900176,0.9143408114384903,-0.2841291467358812
60.0,8.84,-0.4523183788570694,-0.49699137573342117,-0.08432031826677835,-0.27754042503101767,0.5465391539272892,-0.4997014731665953,0.9134369799355369,-0.28547252941645257
60.0,8.86,-0.454927515173475,-0.49723285974437637,-0.08521958270764717,-0.2788803061511246,0.5439266149503048,-0.499943066013337,0.912521737624383,-0.28682339089824577
60.0,8.88,-0.4575455160195769,-0.4974612910620095,-0.0861303786268829,-0.28022784151485874,0.5413052365736152,-0.5001715871900018,0.9115949037365393,-0.28818177721357946
60.0,8.9,-0.4601723456308784,-0.497676571219833,-0.08705279600710192,-0.2815831069069413,0.5386750892243842,-0.5003869001252971,0.910656292958287,-0.28954773123487676
60.0,8.92,-0.46280794617495286,-0.49787857870714103,-0.08798706375132077,-0.28294610048677865,0.5360361948143666,-0.5005888743831282,0.9097057247264382,-0.29092127807892965
60.0,8.94,-0.4654522639322485,-0.49806719760117246,-0.08893343459003736,-0.2843168843076429,0.5333886026449765,-0.5007774031523835,0.9087429947098414,-0.29230250345701003
60.0,8.96,-0.4681052494409258,-0.4982423175879918,-0.08989199524004922,-0.2856955013518859,0.5307323486645019,-0.5009523479178166,0.9077679153580055,-0.29369142653698316
60.0,8.98,-0.470766933791308,-0.4984037403406688,-0.09086301466401739,-0.2870820465479577,0.528067475084662,-0.5011135917312161,0.906780279314841,-0.29508811067387025
60.0,9.0,-0.4734372600186197,-0.49855134818898866,-0.0918466740070379,-0.2884764982514551,0.5253940233665332,-0.5012609976064786,0.9057798912159138,-0.29649258609322315
60.0,9.02,-0.4761160829552941,-0.4986851064518608,-0.09284319927084864,-0.28987896664220125,0.5227120498663084,-0.5013944409819933,0.9047665419165418,-0.29790489399435127
60.0,9.04,-0.47880352286350075,-0.4988047372671357,-0.09385278801715548,-0.2912894621775394,0.5200215868412246,-0.5015137899765326,0.9037400177902335,-0.2993250894676141
60.0,9.06,-0.481499339720182,-0.4989102835953527,-0.09487560028178721,-0.2927080444918152,0.5173227108635993,-0.5016189185068096,0.9027001006619947,-0.30075322389300463
60.0,9.08,-0.4842036459931574,-0.49900145978698696,-0.09591195225972628,-0.29413472326402257,0.5146154363578572,-0.5017097087221185,0.9016465794290913,-0.30218931374646685
60.0,9.1,-0.4869162102630543,-0.4990783220224706,-0.09696202173766713,-0.2955695910329815,0.5118998364267603,-0.5017860100972393,0.9005792238456356,-0.3036334193157401
60.0,9.12,-0.48963722987925967,-0.4991404971814346,-0.09802602978740874,-0.2970126899129223,0.5091759607804068,-0.5018477002023531,0.8994978065105568,-0.30508558191500024
60.0,9.14,-0.4923664598081658,-0.4991880303107294,-0.09910424146204837,-0.29846400982251053,0.5064438619989232,-0.5018946575099351,0.8984020999163456,-0.30654582286530646
60.0,9.16,-0.49510382786229085,-0.4992207973983417,-0.10019684405721029,-0.2999236427147552,0.503703592697499,-0.5019267410815532,0.897291860284863,-0.3080142079274003
60.0,9.18,-0.4978494519707545,-0.4992385178655953,-0.10130406869053284,-0.3013916289945834,0.500955228916565,-0.5019438139566887,0.8961668469834438,-0.3094907662717343
60.0,9.2,-0.5006030775041933,-0.4992412337703749,-0.10242620278939034,-0.30286799056278846,0.4981988118203845,-0.5019457550995506,0.8950268181705561,-0.3109755239640281
60.0,9.22,-0.5033648142462243,-0.49922865683282525,-0.10356354189547555,-0.3043527583787714,0.49543440322442944,-0.5019324270382733,0.8938715178547523,-0.31246853439928707
60.0,9.24,-0.5061344048411536,-0.4992008310186583,-0.10471622135113065,-0.30584600283957947,0.49266207374778687,-0.501903699362609,0.8927006890275544,-0.3139698302050861
60.0,9.26,-0.5089120494945581,-0.4991573830542347,-0.10588459863953954,-0.30734773891792466,0.4898818769732953,-0.5018594399791108,0.891514073478842,-0.3154794406224407
60.0,9.28,-0.5116973951830491,-0.4990984409756417,-0.10706892449032454,-0.30885800260122503,0.48709390162722366,-0.5017994982403853,0.8903114077238288,-0.3169973899925365
60.0,9.3,-0.5144905465213778,-0.49902371269838136,-0.10826945461861914,-0.3103768326221714,0.48429819019477927,-0.5017237617829333,0.889092412964183,-0.31852372906950605
60.0,9.32,-0.5172914207909176,-0.4989330713588055,-0.10948644985069951,-0.3119042705087169,0.481494823452693,-0.501632085495965,0.8878568116295499,-0.32005848823532257
60.0,9.34,-0.5200999338406497,-0.4988263901481853,-0.11072022968423079,-0.31344033770151697,0.47868387667106166,-0.5015243343155051,0.8866043296038799,-0.32160167826140373
60.0,9.36,-0.5229160121207297,-0.49870355380975356,-0.11197100619336846,-0.31498508579932033,0.4758654141393609,-0.501400377251192,0.8853346733639323,-0.3231533344746874
60.0,9.38,-0.5257395627366401,-0.498564429937144,-0.11323916399923434,-0.3165385179254972,0.4730395210292006,-0.501260068194602,0.8840475492704453,-0.324713488544598
60.0,9.4,-0.5285704972967685,-0.49840889196433624,-0.11452498043761224,-0.31810066724995445,0.4702062683821669,-0.5011032792852678,0.8827426611592127,-0.3262821500156418
60.0,9.42,-0.5314088251450235,-0.49823673215990405,-0.11582873701703085,-0.31967156590929563,0.46736572523736103,-0.5009298783812584,0.8814196937670787,-0.3278593700937383
60.0,9.44,-0.534254355834796,-0.49804790446765684,-0.11715072217907682,-0.32125125235893204,0.4645179869676254,-0.5007397244306094,0.8800783438238186,-0.3294451479233316
60.0,9.46,-0.5371070958256877,-0.49784220041277955,-0.11849133738785535,-0.3228397115642791,0.46166313292326716,-0.5005326748898697,0.8787182954033014,-0.33103949141707795
60.0,9.48,-0.5399668516380016,-0.49761957522611305,-0.1198508235264356,-0.32443699557227623,0.45880124261728,-0.5003086028282269,0.8773392123035837,-0.33264244917216307
60.0,9.5,-0.5428336330596556,-0.4973798254690536,-0.12122954007558016,-0.3260431176422848,0.4559324025321123,-0.5000673692845763,0.8759407765057773,-0.3342540022304598
60.0,9.52,-0.5457073241444246,-0.4971228067504039,-0.12262784804475825,-0.3276580775982592,0.45305669753410627,-0.49980883148846644,0.8745226409107969,-0.3358741861757395
60.0,9.54,-0.5485878386132957,-0.49684840350766807,-0.12404600201434325,-0.3292819237185351,0.4501742265795537,-0.49953286018032617,0.8730844662165651,-0.3375029998652368
60.0,9.56,-0.5514750762333984,-0.4965564889270145,-0.12548448973217083,-0.3309146125072057,0.4472850801895761,-0.4992392973380521,0.8716259064278645,-0.33914043482752426
60.0,9.58,-0.5543690090918256,-0.49624682823507577,-0.12694357786446636,-0.33255619221973337,0.44438934717676243,-0.49892803352782444,0.870146586170897,-0.3407865362692896
60.0,9.6,-0.5572694598021356,-0.49591940226401643,-0.128423650588221,-0.3342066581763965,0.4414871168995101,-0.49859892267747363,0.8686461560058492,-0.3424412667683204
60.0,9.62,-0.5601763106257899,-0.4955740735028254,-0.1299250981275001,-0.3358660030151704,0.4385785051111097,-0.4982518113928269,0.8671242411930264,-0.34410462630406846
60.0,9.64,-0.5630895543738907,-0.4952106292727326,-0.13144826095722562,-0.3375342473059392,0.4356635915471391,-0.49788657366144545,0.8655804504055269,-0.3457766377974835
60.0,9.66,-0.5660089769998802,-0.4948290242015437,-0.13299353935776587,-0.33921137503914567,0.432742487253136,-0.49750308177934205,0.8640144099310899,-0.3474572554312851
60.0,9.68,-0.5689346478413574,-0.4944289401884301,-0.13456140399017044,-0.34089735545017547,0.42981530942852725,-0.4971011782558248,0.862425711521734,-0.3491465013224417
60.0,9.7,-0.5718662893412343,-0.4940104545828377,-0.13615214915859092,-0.3425922132010508,0.42688214457586454,-0.49668073830937665,0.8608139619182159,-0.35084432746132166
60.0,9.72,-0.5748038550472343,-0.4935733254474408,-0.1377662566601129,-0.34429590771228197,0.4239431005992131,-0.4962416245085725,0.8591787341556513,-0.3525507534852718
60.0,9.74,-0.5777472367530928,-0.4931174327544322,-0.13940409535665,-0.3460084427241399,0.42099830186798454,-0.4957836816360963,0.8575196248055226,-0.3542657145394857
60.0,9.76,-0.5806963114216209,-0.49264264548242415,-0.14106615941953926,-0.34772976655237814,0.4180478518569738,-0.49530679817631984,0.855836197967102,-0.3559891958561952
60.0,9.78,-0.5836510536147879,-0.492148742486732,-0.14275276965984657,-0.34945990158876405,0.41509186473393084,-0.49481082039711943,0.8541280127528162,-0.3577211735942898
60.0,9.8,-0.5866112374401122,-0.49163568306498645,-0.14446455622490564,-0.351198738916685,0.4121304645985972,-0.49429562190724224,0.8523946287172414,-0.35946159938932876
60.0,9.82,-0.5895767414149171,-0.49110334313852844,-0.14620178858409746,-0.35294631127839626,0.4091637645449334,-0.4937610436129498,0.8506355823518927,-0.3612104427964473
60.0,9.84,-0.5925475348816032,-0.49055150130342795,-0.14796505416851966,-0.354702534200856,0.40619187977837456,-0.4932069793366585,0.848850413811945,-0.36296764965821204
60.0,9.86,-0.5955233936984845,-0.48998012546984776,-0.14975475836338567,-0.3564673829643359,0.40321494529227137,-0.49263327463735684,0.8470386540102207,-0.3647331539591402
60.0,9.88,-0.5985042630486367,-0.4893889772422926,-0.15157144103579803,-0.3582407851717415,0.4002330700391486,-0.4920397939379894,0.845199814955137,-0.36650690837908323
60.0,9.9,-0.6014900281792698,-0.48877794418886866,-0.1534155861325135,-0.3600226855304517,0.39724640698851116,-0.49142640088043277,0.8433333995707207,-0.36828885307110515
60.0,9.92,-0.6044805381652086,-0.48814688623902797,-0.1552876814886897,-0.36181301591840365,0.39425506522745013,-0.49079297333353883,0.8414389112867772,-0.37007890202547894
60.0,9.94,-0.6074755759109729,-0.48749578681003286,-0.15718816610617312,-0.363611747575357,0.39125918811691063,-0.49013935918108714,0.8395158265010685,-0.3718770007914012
60.0,9.96,-0.6104751710039577,-0.48682430672374394,-0.159117735180667,-0.3654187247372232,0.3882588978791728,-0.4894654305464539,0.8375636344342214,-0.3736830384706054
60.0,9.98,-0.6134790038399877,-0.48613252591536926,-0.1610767767626581,-0.367233927305703,0.38525433430199535,-0.4887710618112161,0.8355817946591333,-0.3754969337865433
60.0,10.0,-0.6164871069290793,-0.4854201099691811,-0.16306587560491043,-0.3690572431270866,0.3822456497923258,-0.4880561063795985,0.8335697595426992,-0.37731859196525536
60.0,10.02,-0.6194992563303011,-0.4846870452595,-0.16508555898688118,-0.3708885777837939,0.3792329799072379,-0.48732042944436404,0.8315269754577063,-0.37914790493610506
60.0,10.04,-0.6225152827318059,-0.48393318996913937,-0.16713649988702742,-0.3727277899897002,0.37621646077428733,-0.48656391221645545,0.8294528782601702,-0.3809847489121668
60.0,10.05,-0.6240246953956988,-0.48354846464326773,-0.16817382041881201,-0.37365033315147217,0.37470680999154693,-0.4861777914017891,0.8284039021588759,-0.3819059689368553
60.0,10.06,-0.6255350578038125,-0.4831584364615769,-0.16921917637111886,-0.37457479705553937,0.3731962414973056,-0.48578641537363654,0.8273468840579561,-0.3828290147525253
60.0,10.08,-0.6285584998253404,-0.48236254024442377,-0.17133427624346356,-0.37642943484300667,0.3701724759268028,-0.4849878038414422,0.825208410327799,-0.38468054708202
60.0,10.1,-0.6315853635908183,-0.4815454815399991,-0.17348229624093608,-0.37829161221670377,0.36714531416875507,-0.4841679532793286,0.823036851403309,-0.3865392201831868
60.0,10.12,-0.6346155922173186,-0.4807070385713263,-0.17566387281641505,-0.38016117168164776,0.36411490266689,-0.48332673241000024,0.8208315881980014,-0.3884048893124896
60.0,10.14,-0.6376489298179298,-0.47984718864268855,-0.1778796562384201,-0.3820379562554508,0.36108140124591764,-0.48246400800255934,0.8185920097852131,-0.3902773653753272
60.0,10.16,-0.6406853083170078,-0.4789657049725585,-0.1801303026646828,-0.3839217917309844,0.3580449745872576,-0.4815796514677545,0.8163174595648945,-0.392156511634283
60.0,10.18,-0.6437244682170706,-0.47806256764803257,-0.182416473996169,-0.38581248617835034,0.35500577131555805,-0.48067354579724325,0.8140073073983698,-0.3940421021205038
60.0,10.2,-0.6467663374311888,-0.4771375505415326,-0.1847387828112453,-0.3877098884613547,0.35196396209969727,-0.47974554892875076,0.8116608729432944,-0.39593397726095386
60.0,10.22,-0.6498107359727922,-0.4761905232133925,-0.18709791011487778,-0.38961378924040974,0.3489197139964571,-0.4787955472323274,0.8092774945341359,-0.3978319010819989
60.0,10.24,-0.6528574213344529,-0.4752214865824784,-0.1894945513135548,-0.3915239783197175,0.3458731829998836,-0.47782340987383654,0.806856472624365,-0.39973567345078664
60.0,10.26,-0.6559063004281017,-0.4742302047145625,-0.19192947863154705,-0.3934401974649602,0.3428245550176386,-0.47682901009588646,0.8043971055942336,-0.40164505914493265
60.0,10.28,-0.6589572850798231,-0.4732164460035237,-0.1944033357385686,-0.3953622395996886,0.3397739881199867,-0.4758122334622472,0.8018986824492416,-0.4035598012488791
60.0,10.3,-0.6620100144469899,-0.4721803080184276,-0.1969168446359376,-0.39728985414734624,0.33672167057150443,-0.47477295293388955,0.799360475354705,-0.4054796342819253
60.0,10.32,-0.665064329609665,-0.47112168871850896,-0.1994708097215284,-0.3992227491248409,0.3336677714777792,-0.47371104796714186,0.796781732923277,-0.40740429751292057
60.0,10.34,-0.6681202111060767,-0.4700402375544672,-0.20206597503527782,-0.4011606499340617,0.33061247361842583,-0.47262639776527676,0.7941617081265995,-0.40933347821623184
60.0,10.36,-0.6711773749826169,-0.46893594145465417,-0.2047030905100848,-0.40310326074808905,0.32755596128832226,-0.4715188819255405,0.7914996224525465,-0.41126688033759135
60.0,10.38,-0.6742356562434296,-0.46780869998080454,-0.20738298960447243,-0.4050502417082986,0.32449841593190587,-0.4703883916744854,0.7887946912730822,-0.4132041664236344
60.0,10.4,-0.6772947678977898,-0.46665850505714657,-0.21010637812761948,-0.4070013162869163,0.32144003334134863,-0.4692348020586741,0.7860461256466127,-0.41514501051195146
60.0,10.42,-0.6803546965715839,-0.4654850172533867,-0.21287417814450094,-0.4089560711576084,0.31838098655450614,-0.46805800587817686,0.7832530864924855,-0.41708903796413493
60.0,10.44,-0.6834151588436741,-0.46428823578512135,-0.21568718154382277,-0.41091415058104064,0.31532148693387474,-0.46685787990155003,0.7804147697505441,-0.4190358519238662
60.0,10.46,-0.686475885811789,-0.46306817397773514,-0.21854626789405363,-0.4128751558942193,0.312261723187059,-0.4656343188200111,0.777530317124386,-0.4209850728526626
60.0,10.48,-0.6895368335453581,-0.4618244768468005,-0.2214522464376988,-0.4148386914161342,0.30920188609621,-0.4643872184241884,0.7745988697252796,-0.42293626063949424
60.0,10.5,-0.6925977210873409,-0.4605571544504112,-0.2244060173326509,-0.4168043213070517,0.3061421893394468,-0.4631164544128841,0.771619566389148,-0.42488898312878925
60.0,10.52,-0.6956582663937827,-0.45926622032647857,-0.22740847988131208,-0.4187715679540756,0.30308281997913794,-0.46182193110374126,0.7685914967966595,-0.4268427541871167
60.0,10.54,-0.6987184422509392,-0.4579513362180282,-0.23046048214059042,-0.42073999467171475,0.3000239916321041,-0.46050353851091286,0.7655137675795648,-0.42879710388127795
60.0,10.56,-0.7017779384489552,-0.45661250203898945,-0.2335630988964793,-0.42270901603860417,0.29696591215550766,-0.4591611740557902,0.7623854708176132,-0.4307514900395278
60.0,10.58,-0.7048364757913834,-0.45524974242018884,-0.23671711218420546,-0.4246781683480449,0.29390878844956464,-0.457794732080029,0.7592056492913659,-0.432705382541848
60.0,10.6,-0.707894011889259,-0.4538627148727088,-0.23992354978572641,-0.4266468706550989,0.29085283675734874,-0.4564041198717496,0.7559733774875341,-0.4346582024332733
60.0,10.62,-0.7109502391531857,-0.4524514306895626,-0.24318343886978394,-0.42861449436629495,0.28779827044852324,-0.4549892212376386,0.7526876638295441,-0.4366093528093551
60.0,10.64,-0.7140048734185892,-0.4510159205256367,-0.24649767175103182,-0.43058047774030583,0.2847452985088922,-0.4535499641590885,0.7493475441585268,-0.4385582181573772
60.0,10.66,-0.7170578486322583,-0.4495558328492537,-0.2498672233256717,-0.432544190353107,0.28169415580045615,-0.45208622838902923,0.7459520135584823,-0.4405041237261511
60.0,10.68,-0.7201087984041551,-0.4480713265627193,-0.2532932283665376,-0.43450488522560865,0.27864505824742847,-0.45059793266790266,0.742500072050155,-0.4424463781080899
60.0,10.7,-0.7231576434385086,-0.44656204608633515,-0.2567766829100295,-0.43646187624616906,0.27559822938354606,-0.4490849888675963,0.7389906836329223,-0.44438426511462154
60.0,10.72,-0.7262040061742943,-0.44502815059866097,-0.2603185847813644,-0.4384144374480656,0.2725538895052381,-0.447547302145223,0.7354228265651117,-0.44631701937236
60.0,10.74,-0.7292477499035452,-0.4434694284766961,-0.26392002187232416,-0.4403617761804758,0.26951228405379235,-0.4459847824530043,0.7317954214049225,-0.4482438515699964
60.0,10.76,-0.7322885555548342,-0.44188590795725347,-0.2675820905414066,-0.4423030658182354,0.266473635051774,-0.44439735299787947,0.7281074067648687,-0.45016393958830137
60.0,10.78,-0.7353263589506124,-0.44027725146920216,-0.2713058176979235,-0.4442374921540655,0.26343817734296915,-0.44278492165400757,0.72435770669618,-0.4520763896146384
60.0,10.8,-0.7383607602001095,-0.43864361921512157,-0.275092460688895,-0.4461640482638327,0.2604061475935816,-0.441147415838245,0.7205452184434908,-0.4539803142907371
60.0,10.82,-0.7413915377113112,-0.4369849338795378,-0.2789429112784239,-0.4480819539568067,0.2573777876071231,-0.43948475304446327,0.7166688447536947,-0.4558747454403271
60.0,10.84,-0.7444185944513335,-0.4353008450090029,-0.28285852252858,-0.44999008249657624,0.25435333220258677,-0.43779685542991975,0.7127274482989862,-0.457758691080533
60.0,10.86,-0.7474414763512163,-0.43359166718215325,-0.2868403451962021,-0.4518874652675563,0.25133303346170194,-0.4360836561542112,0.7087199104414613,-0.459631117779509
60.0,10.88,-0.7504600908527685,-0.43185705827291304,-0.2908895100584879,-0.45377304032232113,0.24831713551617826,-0.43434507399253325,0.7046450680994739,-0.4614909255479185
60.0,10.9,-0.7534741909132319,-0.4300969369519808,-0.29500715940390476,-0.45564571495594663,0.2453058846480015,-0.4325810481187505,0.7005017734632584,-0.4633369838958869
60.0,10.92,-0.7564834528003093,-0.4283113559574075,-0.2991945859078305,-0.45750422879467156,0.24229953298319856,-0.4307915095665471,0.696288855610032,-0.46516810454943314
60.0,10.94,-0.7594875608684514,-0.4265003771047636,-0.30345293448336313,-0.45934738841672595,0.23929833395188177,-0.4289763910370431,0.6920051394180119,-0.4669830511997219
60.0,10.96,-0.7624864954828796,-0.4246635340009165,-0.3077833526894641,-0.46117395570135145,0.23630253772030876,-0.4271356362732035,0.6876494484224089,-0.4687805213503318
60.0,10.98,-0.7654797710243132,-0.4228011478951201,-0.31218706357825426,-0.46298258154633387,0.23331241092258365,-0.4252691829161399,0.6832205754019548,-0.47055917624420956
60.0,11.0,-0.768467215332199,-0.42091302175476586,-0.31666528845246456,-0.46477186122384584,0.2303282069316762,-0.4233769794451812,0.6787173339689369,-0.47231760271473927
60.0,11.02,-0.7714485712276765,-0.4189990883877546,-0.3212192493836993,-0.4665403383590881,0.22735018104867377,-0.42145897706334545,0.6741385141724535,-0.47405431506182183
60.0,11.04,-0.774423588627904,-0.41705928763226136,-0.3258502537132361,-0.468286452145195,0.224378610030136,-0.41951511346630427,0.6694829084803742,-0.4757678048713697
60.0,11.06,-0.7773919343860217,-0.41509369239971167,-0.33055942585578896,-0.4700086726261065,0.2214137558029073,-0.4175453516908337,0.6647493017339471,-0.4774564604252592
60.0,11.08,-0.7803534101748542,-0.41310210281223736,-0.33534797969538666,-0.4717053749476985,0.21845588219754747,-0.41554964029241576,0.6599364889290179,-0.4791186287618081
60.0,11.1,-0.7833077696879329,-0.4110844702536856,-0.3402171923098075,-0.47337479605064703,0.2155052558568195,-0.4135279503945107,0.6550432583327526,-0.4807525474206653
60.0,11.12,-0.7862545952019291,-0.4090410086090986,-0.3451683399884954,-0.47501511620367287,0.21256216005843181,-0.41148023217968777,0.6500683913119466,-0.4823564458956087
60.0,11.14,-0.7891937723073674,-0.4069713967647566,-0.35020252268847346,-0.476624568868554,0.20962686629986385,-0.4094064488103227,0.6450106883771688,-0.48392842025829297
60.0,11.16,-0.7921250225785741,-0.4048755790098133,-0.3553210686510308,-0.4782011269441304,0.2066996442369648,-0.407306577366975,0.6398689538233765,-0.48546652369811105
60.0,11.18,-0.7950479526350172,-0.40275379362467734,-0.3605252053332395,-0.47974274487413254,0.20378076889080693,-0.4051805877359614,0.634641996170344,-0.48696870987623186
60.0,11.2,-0.7979623437013472,-0.4006058489944846,-0.3658159886134718,-0.481247447440728,0.20087053484809286,-0.40302845389805925,0.6293286387691539,-0.48843287190302426
60.0,11.22,-0.800867936351565,-0.398431710014028,-0.3711947746625606,-0.4827129101993271,0.19796920940298757,-0.4008501488895262,0.6239277130810834,-0.4898567976230773
60.0,11.24,-0.8037643848716182,-0.396231476504972,-0.3766625673440704,-0.48413699256711756,0.19507707740097494,-0.3986456634343177,0.6184380780306671,-0.49123819776304234
60.0,11.26,-0.8066514838147981,-0.3940049726918865,-0.3822206803746961,-0.4855172105635704,0.19219443423770993,-0.39641497546391924,0.6128585873176231,-0.4925747106542133
60.0,11.28,-0.8095288869657467,-0.39175230551128365,-0.3878702251140118,-0.4868511163434297,0.18932156066159106,-0.3941580691446362,0.6071881477115699,-0.4938638379562332
60.0,11.3,-0.8123963180125419,-0.3894734456538949,-0.3936122037548982,-0.48813625437545444,0.18645873894402948,-0.3918749498196327,0.6014256712176765,-0.4951030425246941
60.0,11.32,-0.8152535648832574,-0.3871682232762473,-0.3994477437453364,-0.4893699334160387,0.18360626516525635,-0.38956559967644483,0.5955701143654969,-0.49628965166165717
60.0,11.34,-0.8181002118616583,-0.3848368980453327,-0.40537793889625284,-0.49054937308572977,0.18076443020611016,-0.38723002653566524,0.5896204605193164,-0.49742089035876025
60.0,11.36,-0.8209360443960345,-0.3824793060368506,-0.4114037510530328,-0.4916717627570103,0.17793352972263232,-0.38486823201251996,0.5835757241610423,-0.49849391428828965
60.0,11.38,-0.8237607131600003,-0.38009557208880035,-0.4175261820839747,-0.49273412514484755,0.17511385571333218,-0.3824802112230563,0.5774349667427281,-0.4995057469732425
60.0,11.4,-0.8265740009779267,-0.377685537256132,-0.42374617522454994,-0.49373337207805273,0.17230570437960727,-0.38006598737672065,0.5711973084885428,-0.5004533197004957
60.0,11.42,-0.8293755547620976,-0.37524933208088485,-0.4300645340490815,-0.49466638934469276,0.16950936677870534,-0.3776255737806537,0.5648619043690772,-0.5013334448068014
60.0,11.44,-0.8321650897407968,-0.3727869479657107,-0.43648209565512747,-0.4955298942232545,0.1667251549685759,-0.3751589791759449,0.5584279674705342,-0.5021428294972353
60.0,11.46,-0.8349422523821309,-0.37029852360891546,-0.44299962059767795,-0.4963204831417331,0.16395335795533952,-0.3726662334810655,0.5518947901962209,-0.5028780535580581
60.0,11.48,-0.8377068841525978,-0.36778376477744085,-0.44961779253063744,-0.49703463602136355,0.16119428413637854,-0.3701473591616487,0.545261726085416,-0.5035356175323416
60.0,11.5,-0.8404585020933709,-0.36524310932149673,-0.45633731019374585,-0.4976686468849274,0.15844822710392545,-0.36760238239495563,0.5385281856693733,-0.5041118612022775
60.0,11.52,-0.8431969448737128,-0.36267626839193157,-0.46315853525718914,-0.4982189402448957,0.1557154992465686,-0.36503133953150335,0.5316937026664675,-0.5046030360509461
60.0,11.54,-0.845921856940586,-0.36008339479556584,-0.4700820735646464,-0.4986814908872414,0.15299639880629706,-0.3624342719772496,0.5247578478150949,-0.5050052533801894
60.0,11.56,-0.8486329458331562,-0.3574644981381407,-0.47710817121378446,-0.49905239325290673,0.1502912359153926,-0.359811216238022,0.5177203213927285,-0.5053145288572524
60.0,11.58,-0.8513298560958336,-0.35481973964546226,-0.4842371597328063,-0.49932747381392184,0.14760031104372823,-0.35716222394094416,0.510580935353322,-0.5055267246431234
60.0,11.6,-0.8540123579918429,-0.3521489881837374,-0.4914691558394382,-0.49950250108385386,0.14492394149991808,-0.35448733719591463,0.5033395695146016,-0.5056376046248006
60.0,11.62,-0.8566800949959629,-0.34945241204108696,-0.4988041634253015,-0.4995731275433763,0.14226242771562275,-0.35178661347973283,0.49599626593018664,-0.5056427966219799
60.0,11.64,-0.8593327105237486,-0.346730184077186,-0.5062419798580511,-0.4995349780232556,0.1396160769302965,-0.34906011205651116,0.4885511854731788,-0.5055378138180372
60.0,11.66,-0.861970033065139,-0.34398203239355435,-0.5137826015228505,-0.4993831851793637,0.13698520330288097,-0.3463078952538154,0.48100462501768587,-0.505318029435429
60.0,11.68,-0.8645916442342444,-0.34120828656137275,-0.521425367286755,-0.4991132965923029,0.13437011445274877,-0.3435300304747405,0.47335700852169876,-0.5049787127351563
60.0,11.7,-0.8671972497951197,-0.33840898146261145,-0.5291699789694398,-0.4987201900768831,0.13177111809203337,-0.3407265888817481,0.46560895065869135,-0.504515018368128
60.0,11.72,-0.8697865527526843,-0.3355841543732104,-0.5370155587721784,-0.498199088252693,0.12918853572376762,-0.3378976459971305,0.4577612119831575,-0.5039219502727311
60.0,11.74,-0.8723591982981169,-0.33273399842533324,-0.5449612887774672,-0.497544787351103,0.12662266877049086,-0.3350432826894714,0.4498147475502116,-0.5031944248340909
60.0,11.76,-0.8749149480750826,-0.32985840636203606,-0.5530060284451797,-0.4967521783448398,0.12407383324211765,-0.33216358670287927,0.4417706754254663,-0.5023272473809105
60.0,11.78,-0.8774535050128175,-0.32695742591109495,-0.5611485908503373,-0.49581581418826565,0.12154234091995003,-0.32925863945748285,0.43363034205320483,-0.5013150903437076
60.0,11.8,-0.8799744583195552,-0.3240314152337936,-0.5693874430889192,-0.49473034733424415,0.119028502750166,-0.32632854257214994,0.4253952849328754,-0.5001525340948266
60.0,11.82,-0.8824775668338097,-0.321080276470903,-0.5777209058192532,-0.4934901990563534,0.11653263660214748,-0.3233733863830545,0.41706727657000525,-0.49883405851213386
60.0,11.84,-0.884962477806347,-0.318104222971506,-0.5861470027342646,-0.4920897890887592,0.11405504629031651,-0.32039328086384716,0.40864833283622726,-0.4973540487832892
60.0,11.86,-0.8874289511229844,-0.3151031637126939,-0.5946636032743154,-0.4905233225964231,0.1115960450890616,-0.31738833186362464,0.4001406914817367,-0.49570680007560103
60.0,11.88,-0.8898765787070486,-0.3120774744852006,-0.6032681683960731,-0.48878511480100795,0.10915595717130468,-0.31435864708904626,0.39154687317604814,-0.49388653426743123
60.0,11.9,-0.892305066259146,-0.30902722708043917,-0.6119581615979522,-0.48686907175551525,0.10673507832821967,-0.3113043477456627,0.38286965317149696,-0.4918873978555183
60.0,11.92,-0.8947141715546716,-0.3059523401043828,-0.6207303421244641,-0.4847695291607052,0.10433373170689628,-0.3082255512148276,0.37411212312471925,-0.4897034671274185
60.0,11.94,-0.8971035462898705,-0.30285304769796484,-0.6295815568427401,-0.4824803365305459,0.10195222442361501,-0.30512238828246147,0.36527764078548364,-0.48732878931056073
60.0,11.96,-0.8994728933187317,-0.2997294310022862,-0.638508176713455,-0.4799954689350281,0.099590866524622,-0.3019949870749381,0.35636987270555953,-0.48475734745877036
60.0,11.98,-0.9018218666510764,-0.29658173299029295,-0.647506292805858,-0.4773088525556757,0.09724997381448243,-0.29884348263393656,0.3473928406856859,-0.4819831250811988
60.0,12.0,-0.9041501213478982,-0.2934102013073029,-0.6565715864034145,-0.47441446061183673,0.09492984934888697,-0.29566801400441456,0.33835087405833675,-0.4790000627111237
60.0,12.02,-0.9064574686776454,-0.29021461465252424,-0.6656995226911617,-0.4713061262865361,0.09263079803966545,-0.2924687149196859,0.329248642480334,-0.47580214054176595
60.0,12.04,-0.9087435129816568,-0.286995385654657,-0.6748850707195905,-0.46797788213878005,0.09035315121370474,-0.2892457754173475,0.32009119940752706,-0.47238334040988644
60.0,12.06,-0.9110079632181504,-0.2837526158789144,-0.6841229421586638,-0.46442362946269733,0.08809719815240694,-0.2859993146140263,0.31088395390427004,-0.4687376677138345
60.0,12.08,-0.9132504815880663,-0.2804865703338658,-0.6934073371446845,-0.46063750571213974,0.08586324024484722,-0.28272947911133667,0.30163267048567405,-0.4648592297027015
60.0,12.1,-0.9154708263437819,-0.2771971984505943,-0.702732300698646,-0.456613449688536,0.08365159062875506,-0.2794364449391921,0.2923435487129653,-0.4607421733773413
60.0,12.12,-0.9176686611838863,-0.2738847728236869,-0.7120912325316107,-0.4523457675447801,0.0814625641327866,-0.27612042230295863,0.2830231376743384,-0.45638076574159614
60.0,12.14,-0.9198436995975767,-0.27054941043938524,-0.7214772909827345,-0.44782872653013633,0.07929645038399467,-0.2727815286758233,0.27367841426574724,-0.4517693898227142
60.0,12.16,-0.921995607688163,-0.26719139229943845,-0.7308831710467877,-0.44305678056179426,0.07715355321817263,-0.26941995613997805,0.2643167590588394,-0.4469026001126872
60.0,12.18,-0.9241241013694118,-0.2638108433368221,-0.7403010499022428,-0.43802473973097095,0.0750341813580407,-0.26603590705791447,0.25494597118283374,-0.4417751001798391
60.0,12.2,-0.9262288980412511,-0.26040789218668753,-0.7497229511644677,-0.4327271394987403,0.07293863132477735,-0.2626295701280705,0.24557424496971,-0.4363818190817298
60.0,12.22,-0.9283096717935083,-0.2569828331972304,-0.7591401639676019,-0.4271593140366667,0.07086719048965606,-0.25920109339686503,0.23621022382462267,-0.43071791201648657
60.0,12.24,-0.9303661406858805,-0.2535358022870345,-0.7685437709172009,-0.4213165113391749,0.06882016690589511,-0.25575071092058466,0.22686295376294807,-0.42477878813621045
60.0,12.26,-0.9323979839920241,-0.2500671026809463,-0.7779243744247981,-0.4151942790005638,0.06679785220061475,-0.2522786272927335,0.21754188350487735,-0.41856016640124616
60.0,12.28,-0.9344049701406086,-0.24657671620043742,-0.7872721179686604,-0.4087886780875738,0.06480054066264763,-0.24878505131027412,0.20825690843496994,-0.41205808075342776
60.0,12.3,-0.9363867353190659,-0.24306511607948214,-0.7965768426981902,-0.4020958657439738,0.06282851873798273,-0.2452701744607428,0.19901828625062268,-0.40526893115662144
60.0,12.32,-0.9383430521757784,-0.23953229177283805,-0.8058279108352318,-0.3951125476283105,0.06088207432288723,-0.24173420620714584,0.18983669941332015,-0.3981895002435675
60.0,12.34,-0.9402736071826963,-0.23597856235769862,-0.815014356511854,-0.38783572938359734,0.058961493589604216,-0.23817738041491598,0.18072320894071367,-0.3908169987574886
60.0,12.36,-0.9421780901531879,-0.2324042516007353,-0.8241246981196726,-0.3802631712983824,0.05706707441180505,-0.23459995753834453,0.1716892284955437,-0.3831490965783442
60.0,12.38,-0.9440562763659093,-0.22880935890514262,-0.833147230918149,-0.37239285292498236,0.05519907851336559,-0.23100210109729213,0.16274654283179685,-0.37518396769272405
60.0,12.4,-0.9459078205705355,-0.22519438067639827,-0.8420699078596727,-0.3642232812345052,0.0533578029344713,-0.22738409864934536,0.1539072473235687,-0.3669202948358882
60.0,12.42,-0.9477325017926012,-0.2215593234705712,-0.8508804281200729,-0.3557533728871582,0.05154351728640136,-0.22374615764281922,0.14518376584801027,-0.3583573302476252
60.0,12.44,-0.9495300204627812,-0.2179045270217361,-0.8595659546172804,-0.3469832262357168,0.04975649610765378,-0.22008852127171008,0.1365887947707838,-0.3494949205847341
60.0,12.46,-0.9513001202856404,-0.21423017004029676,-0.8681136454012256,-0.33791296693027295,0.04799701592433982,-0.2164114764033899,0.12813526109404524,-0.3403335257909663
60.0,12.48,-0.9530424715863792,-0.2105367668860093,-0.8765104289674026,-0.3285433581694995,0.046265340705364776,-0.21271523551503477,0.11983634683646846,-0.3308742755231994
60.0,12.5,-0.9547568955094153,-0.2068241709988028,-0.884742818512056,-0.31887644499774764,0.04456174489324624,-0.20900007635803078,0.11170537183974405,-0.3211189683721092
60.0,12.52,-0.9564430364906218,-0.20309307222476283,-0.892797410198303,-0.3089143582101779,0.042886490109683276,-0.205266254902351,0.10375583468531714,-0.31107011888832736
60.0,12.54,-0.9581007188342148,-0.1993433302508446,-0.9006605874383418,-0.29866025510762845,0.04123983384564061,-0.20151404354376437,0.09600131269516379,-0.3007309704696694
60.0,12.56,-0.9597296286983944,-0.19557547607336165,-0.9083187249199334,-0.28811787472610967,0.03962203674464934,-0.1977436955295757,0.08845544900183148,-0.2901055392530497
60.0,12.58,-0.9613295259375361,-0.19178971049140264,-0.915758136727766,-0.277291871020142,0.038033349415944155,-0.19395548872845486,0.08113187198651692,-0.2791985488173314
60.0,12.6,-0.9629001730582585,-0.18798623758986188,-0.922965177086981,-0.26618767184560815,0.03647403150325642,-0.19014971417366694,0.0740441986677842,-0.2680156240091437
60.0,12.62,-0.9644413031282625,-0.1841654330372136,-0.9299262935505958,-0.25481149145436943,0.03494432997455143,-0.18632667529886474,0.06720590519299606,-0.25656305867564
60.0,12.64,-0.9659526535379056,-0.18032767657642598,-0.9366280808961173,-0.24317033938311725,0.033444483854151386,-0.1824866191361513,0.06063036347709864,-0.2448480574740114
60.0,12.66,-0.9674340276726581,-0.17647301426588813,-0.9430573758212445,-0.23127186103215894,0.03197473810527984,-0.1786298470879277,0.05433070790408356,-0.2328786092143563
60.0,12.68,-0.9688851688441987,-0.17260183249257313,-0.9492011904584566,-0.21912483168481492,0.03053533203696741,-0.17475667304786474,0.04831980049770189,-0.2206634477154544
60.0,12.7,-0.9703058271062235,-0.16871452196547568,-0.9550468940821766,-0.20673866391501403,0.029126496094869638,-0.1708673677833534,0.04261020206879765,-0.20821218109040598
60.0,12.72,-0.9716957847489569,-0.1648113074440843,-0.9605822302865743,-0.19412356490612348,0.02774846485102542,-0.1669622696622475,0.037214073473492766,-0.19553516919335856
60.0,12.74,-0.9730547978976392,-0.16089258635423703,-0.9657953758724559,-0.18129052651492583,0.02640146696902421,-0.16304167502206462,0.032143134531063995,-0.18264357042389465
60.0,12.76,-0.9743826866567036,-0.15695842047118724,-0.9706749965139375,-0.16825131058027454,0.02508571759957225,-0.1591058790449309,0.027408603366855713,-0.1695492665888259
60.0,12.78,-0.9756791858017454,-0.1530093835290111,-0.9752103336798532,-0.1550182607635461,0.0238014442521669,-0.15515521033649543,0.023021145830006143,-0.15626490298578216
60.0,12.8,-0.9769440681919267,-0.1490458840005106,-0.9793911726307734,-0.141604788575435,0.022548856126310038,-0.15118998454192636,0.018990798270555238,-0.14280377761944035
60.0,12.82,-0.9781771872132887,-0.14506782163745913,-0.9832080357354862,-0.12802449627820867,0.021328165684599318,-0.14721053227836922,0.015326942322596437,-0.12917988882417106
60.0,12.84,-0.9793782704239679,-0.14107595187679092,-0.9866520990601555,-0.11429199692560292,0.02013958273764379,-0.14321718256565152,0.012038227251739851,-0.11540781249778236
60.0,12.86,-0.9805471524483416,-0.13707035079789015,-0.9897153200323663,-0.10042236770473194,0.01898330585861915,-0.1392102566018963,0.00913253913029375,-0.10150273076077691
60.0,12.88,-0.9816836217300973,-0.13305143896898386,-0.99239047443872,-0.08643110859016957,0.01785953273447085,-0.13519008454212406,0.006616942122176648,-0.08748031294289307
60.0,12.9,-0.9827874949156425,-0.1290194687793336,-0.9946711891192596,-0.07233409814193824,0.01676846085500733,-0.13115701509580377,0.0044976536376240255,-0.07335671697094424
60.0,12.92,-0.9838585702150456,-0.12497486690532042,-0.9965519417284137,-0.05814806871626191,0.015710275199638607,-0.12711137657970958,0.002779991265733917,-0.059148494714872234
60.0,12.94,-0.9848966730785516,-0.12091789136737144,-0.9980281534611556,-0.04388986466228297,0.014685164092855904,-0.12305352672942464,0.0014683527080462235,-0.044872550811201804
60.0,12.96,-0.9859016113512299,-0.1168489746327967,-0.9990962047873598,-0.029576214210208375,0.013693301909124357,-0.1189837872407189,0.0005661842659389991,-0.03054606413548589
60.0,12.98,-0.9868731995743986,-0.1127685523097857,-0.999753408457001,-0.015224895939221425,0.012734871267128887,-0.11490253864123834,7.596032996496945e-05,-0.016186427928817818
60.0,13.0,-0.9878112769901057,-0.10867689052009541,-0.9999980866584338,-0.000853115513039031,0.011810039146408097,-0.11081012828650082,-8.320981109879492e-07,-0.0018111805852724433
60.0,13.02,-0.9887157048113602,-0.10457408510492648,-0.9998295431736597,0.013521504733211932,0.010918968556171063,-0.10670689287740355,0.000336298667451624,0.01256206770230127
60.0,13.04,-0.9895862745453765,-0.10046092434809259,-0.999248082179199,0.027881331222468105,0.010061825016163178,-0.10259320737627887,0.001086843700885457,0.026915703045436824
60.0,13.06,-0.9904228572583507,-0.09633750905873646,-0.9982550068097791,0.042208776272926206,0.009238761616509253,-0.09846943452556843,0.002249297610045528,0.04123217997039479
60.0,13.08,-0.9912252921085235,-0.09220428750076434,-0.9968525932769332,0.05648670289455948,0.008449931475134924,-0.09433593724130108,0.003821166132408964,0.05549408826054061
60.0,13.1,-0.9919934404996167,-0.08806153742195176,-0.9950441164974286,0.07069760940214266,0.007695479523043809,-0.09019306952602871,0.0057989794702337245,0.06968422729909232
60.0,13.12,-0.9927271527607493,-0.08390971178925359,-0.9928337833978592,0.08482472856044185,0.0069755453978006966,-0.08604122368898916,0.008178316610197705,0.08378567621303674
60.0,13.14,-0.9934262853842055,-0.07974926594169726,-0.9902267441017055,0.09885138368689106,0.006290266201549159,-0.08188075471694345,0.010953824900811312,0.09778184743519937
60.0,13.16,-0.9940907283676181,-0.07558031055890257,-0.9872290411838532,0.11276138632935333,0.005639771610806004,-0.07771203487908641,0.014119257775796338,0.11165655641766005
60.0,13.18,-0.9947203349707705,-0.07140347845200688,-0.9838475913883472,0.12653891061035966,0.005024187099330207,-0.07353545746966846,0.017667502145489233,0.12539407079662662
60.0,13.2,-0.9953149914591123,-0.06721905756937445,-0.9800901284551529,0.14016871010822343,0.004443633010169507,-0.06935139113674509,0.02159063383641853,0.13897920931426988
60.0,13.22,-0.9958745879550877,-0.06302733748426464,-0.9759651569245853,0.15363615762712485,0.003898221865036342,-0.06516021461548692,0.02587994355461638,0.1523973293797096
60.0,13.24,-0.996398998044031,-0.05882895716086295,-0.9714819600045445,0.16692694184488588,0.003388066452800282,-0.060962318140209075,0.030525992491695082,0.16563439171487696
60.0,13.26,-0.9968881429967994,-0.054623861797831,-0.966650443092914,0.18002778214566167,0.002913267755306558,-0.05675808295502748,0.0355186766185018,0.1786770627200405
60.0,13.28,-0.997341898157222,-0.05041286770783877,-0.9614811284610425,0.19292611371379836,0.0024739246759742533,-0.052547896010301236,0.040847258225842786,0.1915126579949948
60.0,13.3,-0.9977601759608209,-0.0461962710845499,-0.9559852364836914,0.20560944244936638,0.0020701304663050765,-0.048332143159844604,0.0465004430596391,0.204129251380252
60.0,13.32,-0.9981429001777646,-0.04197419517395598,-0.9501743732750862,0.21806671224994778,0.0017019716824673993,-0.04411122044748828,0.052466420024720455,0.21651567496573434
60.0,13.34,-0.9984899756392022,-0.037747286987027874,-0.9440606278639311,0.23028747670179134,0.0013695309132965203,-0.03988550861015584,0.05873292096393642,0.22866147934613765
60.0,13.36,-0.9988013289656498,-0.03351584652430532,-0.9376565654718991,0.24226175146849416,0.00107288324559201,-0.03565541352981281,0.0652873107194648,0.24055709666293773
60.0,13.38,-0.9990768857051491,-0.02928034922449639,-0.9309749722096736,0.2539808466500033,0.0008121000534755901,-0.031421321483156045,0.0721166006987208,0.25219369779828105
60.0,13.4,-0.9993165827681101,-0.025041097292963783,-0.9240289978898856,0.2654365465457748,0.000587245048282354,-0.02718363212649374,0.07920754807322264,0.2635633198305971
60.0,13.42,-0.999520361174871,-0.02079839385898275,-0.9168320171629776,0.2766214397173227,0.00039837851867823335,-0.022942737590041697,0.08654667512560973,0.27465874538341495
60.0,13.44,-0.999688160281284,-0.016552891878311802,-0.9093974793422249,0.2875292343457888,0.00024555317445021645,-0.018699037695150175,0.09412036917125885,0.28547362936915127
60.0,13.46,-0.9998199337827406,-0.012304896302756203,-0.9017390961649594,0.29815395105743453,0.00012881702260819874,-0.014452931711561276,0.1019149168815422,0.29600243176851904
60.0,13.48,-0.9999156395193216,-0.00805471276955648,-0.8938705401175993,0.3084907098067523,4.8211961968313915e-05,-0.010204816582351027,0.10991653929250476,0.30624038922321845
60.0,13.5,-0.9999752394778411,-0.003802647546501548,-0.885805441040024,0.31853555113628484,3.7742278778564617e-06,-0.005955093199894898,0.11811147186346704,0.316183503530067
60.0,13.52,-0.9999987000496809,0.00045046892482196254,-0.8775574933670655,0.32828495007524405,-4.4657777162672115e-06,-0.0017041615362157173,0.1264860032940895,0.32582855763926427
60.0,13.54,-0.9999859957762358,0.004704852891840822,-0.8691401958189624,0.33773641940861765,2.3516806729976787e-05,0.0025475774566630915,0.13502652755076794,0.3351730738920819
60.0,13.56,-0.9999371074163073,0.008959498494395951,-0.8605670336208929,0.3468878726114905,8.774080694182067e-05,0.006799722627534423,0.14371956416050638,0.34421529800024847
60.0,13.58,-0.9998520179590864,0.01321444674277258,-0.8518512681050714,0.35573806148353415,0.00018821960424600742,0.011051872797870536,0.1525518242311275,0.3529541528839564
60.0,13.6,-0.999730720832187,0.017469040331511893,-0.8430058861662815,0.36428654135559996,0.00032496016906194945,0.015303624898348077,0.16151024411933027,0.361389229344119
60.0,13.62,-0.999573212026,0.021722970869352105,-0.834043630780113,0.3725334940191705,0.0004979646147289395,0.019554579388762212,0.1705820020715674,0.3695207470152891
60.0,13.64,-0.9993794917095841,0.02597592987348896,-0.8249771621588315,0.3804792648079904,0.0007072284594144145,0.02380433542421919,0.17975456480968297,0.3773495396969602
60.0,13.66,-0.9991495695286747,0.030227434441105337,-0.81581857875261,0.38812535573386814,0.0009527412885336545,0.02805248707765582,0.18901571744796183,0.38487698796840314
60.0,13.68,-0.998883462268818,0.03447700187452618,-0.8065798450127863,0.3954733772537822,0.0012344881974695378,0.032298638229255876,0.19835355631283966,0.3921050187661107
60.0,13.7,-0.9985811871271726,0.03872432408625893,-0.7972724371743468,0.40252573825669,0.0015524476715208999,0.0365423889628089,0.20775656012644692,0.39903605100901546
60.0,13.72,-0.9982427729780542,0.042968918969263456,-0.7879075196621291,0.4092851841175377,0.0019065915824522405,0.04078333093936237,0.21721356772904102,0.405672975386686
60.0,13.74,-0.9978682393288695,0.04721065326069943,-0.7784959543092502,0.41575478495809887,0.002296888291515986,0.04502107222493229,0.2267137983405962,0.41201911114595113
60.0,13.76,-0.9974576427786183,0.05144869740732443,-0.7690480993841217,0.421938158856342,0.0027232979164627264,0.049255213741415935,0.23624690428461304,0.41807817206253484
60.0,13.78,-0.9970110045395005,0.05568309322890036,-0.7595739122700645,0.42783932477960157,0.00318577685816797,0.05348535283595815,0.24580291446195096,0.42385424191995547
60.0,13.8,-0.9965283959573393,0.059913012755698755,-0.7500829849229635,0.43346252575981337,0.003684273651196323,0.05771109389325368,0.2553722848177815,0.42935171450264764
60.0,13.82,-0.9960098457365237,0.06413849882385783,-0.7405844759312012,0.4388123432477376,0.004218734778488001,0.061932046487593144,0.2649459077499362,0.4345753122319856
60.0,13.84,-0.995455428329006,0.06835889921133022,-0.7310871840238445,0.4438935421640555,0.004789097445175291,0.06614780551037551,0.27451508754551734,0.43952998587555137
60.0,13.86,-0.9948652156667456,0.07257373683194372,-0.72159937658987,0.4487112939835997,0.005395293869426269,0.07035798403305263,0.28407155537934936,0.4442209550406483
60.0,13.88,-0.9942392595983066,0.07678288286340668,-0.7121288644483739,0.45327101754621013,0.0060372542827514305,0.07456219257226068,0.2936074645687124,0.4486536337285325
60.0,13.9,-0.9935776556619001,0.08098568867929944,-0.7026832671456834,0.45757800113695035,0.0067148974311951985,0.07876002463189101,0.3031154003328199,0.45283359906977794
60.0,13.92,-0.9928804647514154,0.08518202740099344,-0.6932695818827509,0.4616379813167074,0.007428142700372006,0.08295111106727347,0.31258833924861695,0.45676660726665197
60.0,13.94,-0.99214779558525,0.08937125317245086,-0.6838943666153844,0.4654568791596618,0.008176897429498209,0.08713504630684969,0.3220197022510013,0.4604585143401522
60.0,13.96,-0.9913797337823943,0.09355306828083172,-0.6745640714958748,0.46904030630046006,0.008961071728993786,0.09131145670964665,0.3314032916328504,0.46391528296288576
60.0,13.98,-0.990576352161645,0.09772734909184255,-0.6652844477945745,0.4723943662597218,0.009780561857327959,0.09547994863920953,0.34073329281095144,0.4671429888766217
60.0,14.0,-0.9897377955492093,0.10189328161945696,-0.6560610064640158,0.4755250683316766,0.010635262380049564,0.09964014171899091,0.3500043031460819,0.47014771018739615
60.0,14.02,-0.988864147326324,0.1060507452889928,-0.646898900345608,0.4784384034920764,0.011525066083693476,0.10379165889780248,0.35921128276355807,0.4729356012932087
60.0,14.04,-0.9879555302826725,0.11019927541389196,-0.637802719819706,0.48114069374961776,0.012449855276196561,0.10793412680138008,0.36834954225332306,0.475512834995337
60.0,14.06,-0.9870120540811624,0.11433858164204343,-0.6287769721811264,0.4836378770874937,0.01340950758005493,0.11206715014032734,0.37741476417579745,0.47788555527575644
60.0,14.08,-0.9860338526273865,0.11846820298234144,-0.619825781485431,0.4859359702348063,0.01440389760492631,0.11619037294037105,0.38640294466130615,0.4800599336552576
60.0,14.1,-0.9850210664736078,0.12258768067887194,-0.6109527043865438,0.48804124794798454,0.015432895078398996,0.12030341053395405,0.3953104443647348,0.4820420759988373
60.0,14.12,-0.9839737986642905,0.12669690180520682,-0.6021612631195901,0.48995959178863163,0.016496360197798304,0.12440589696939786,0.40413391239691593,0.48383807887897134
60.0,14.14,-0.9828921987374126,0.13079541128292893,-0.5934546314248595,0.49169693103416806,0.017594157009867814,0.12849747136792466,0.4128702931816331,0.4854539706844206
60.0,14.16,-0.981776422428791,0.13488275647397943,-0.5848354363253538,0.4932594038011441,0.01872613869456796,0.13257777941428392,0.4215168591482916,0.48689569830913687
60.0,14.18,-0.9806266321916968,0.13895848735938907,-0.5763064037051181,0.4946526523191044,0.019892148096876817,0.13664643375587252,0.43007111082528987,0.4881691651330444
60.0,14.2,-0.9794429466587032,0.14302249845655415,-0.5678697406210571,0.49588251808248773,0.021092032715187503,0.1407030854153362,0.4385308545458423,0.489280169804808
60.0,14.22,-0.9782255367617565,0.14707434394566757,-0.559527509442081,0.49695464094802405,0.022325628909578257,0.14474737835659432,0.44689411641312193,0.4902344305414553
60.0,14.24,-0.9769745793484484,0.15111358076743087,-0.5512814647651941,0.49787465442490264,0.02359277841442926,0.14877897555910957,0.45515918074137623,0.49103756411810295
60.0,14.26,-0.9756902303917686,0.15513993905967888,-0.5431331367377146,0.49864806828886815,0.02489330403430464,0.15279750131941205,0.46332455377283477,0.4916950838011737
60.0,14.28,-0.9743726778862134,0.1591529811328348,-0.5350838600136121,0.49928028240759953,0.026227032978936415,0.15680262543748066,0.4713889501018684,0.49221239000282263
60.0,14.3,-0.9730220868923515,0.16315244211163793,-0.5271349327988292,0.4997763768919927,0.02759378834367879,0.1607940057616871,0.4793512996603063,0.49259476562826954
60.0,14.32,-0.9716386540119958,0.1671378895895921,-0.519287140090298,0.5001417016325802,0.028993383149676238,0.1647712874900529,0.4872107111719791,0.4928473949052408
60.0,14.34,-0.9702225225741825,0.1711092331288669,-0.5115412427013406,0.5003812709431479,0.030425627718662925,0.1687341478492429,0.4949664767542895,0.4929753229442512
60.0,14.36,-0.9687739284402529,0.175065876421339,-0.5038979473966035,0.5004999096169048,0.031890333629750627,0.17268223156880952,0.5026180566834672,0.49298348075066645
60.0,14.38,-0.9672930540968885,0.1790075652779866,-0.4963577045520226,0.5005023969495004,0.033387301220950814,0.17661523262633072,0.5101650744710227,0.49287666937878605
60.0,14.4,-0.9657800833430885,0.18293404760424573,-0.4889207227377657,0.5003934648753389,0.034916332989271326,0.1805328158422728,0.5176073072282797,0.4926595738496877
60.0,14.42,-0.9642352372080247,0.18684490575418197,-0.4815870867425573,0.5001777299312364,0.036477227713143365,0.18443466739815945,0.5249446500059212,0.4923367357103166
60.0,14.44,-0.9626587085027479,0.19073989356509669,-0.47435692228486465,0.49985951020637187,0.03806976381312525,0.1883204460915901,0.5321771522760809,0.49191259462762144
60.0,14.46,-0.9610506912352946,0.19461876707123293,-0.4672301360324227,0.4994430767567087,0.039693736344315514,0.19218983556433833,0.5393049659318192,0.491391445794972
60.0,14.48,-0.9594114553925508,0.1984809507465928,-0.4602064393901544,0.49893266471214676,0.041348928471449435,0.19604255008297675,0.5463283745203416,0.49077745666671246
60.0,14.5,-0.9577412046112572,0.20232620752759717,-0.4532856108906148,0.49833222448763886,0.043035124250055144,0.19987826238999154,0.553247740348277,0.49007467702819196
60.0,14.52,-0.9560401109155817,0.2061544702306074,-0.44646707234928434,0.49764582975798194,0.044752092121510406,0.20369667857727577,0.5600635259823394,0.4892870313678252
60.0,14.54,-0.9543084568216353,0.20996517362804978,-0.4397504066572001,0.4968771884373043,0.04649960734751357,0.20749749086272284,0.5667763172425196,0.4884183103372565
60.0,14.56,-0.9525464192124795,0.2137582560595808,-0.4331350257983085,0.49602997509908736,0.04827743580237086,0.21128038633811339,0.573386741813006,0.48747219204898795
60.0,14.58,-0.9507542904512193,0.21753315996443467,-0.42662025830431105,0.4951077459554472,0.05008535053375119,0.21504510335834043,0.579895521416945,0.4864522427336488
60.0,14.6,-0.9489322531790664,0.22128982961369573,-0.42020536438438705,0.4941139514197058,0.05192310853785641,0.2187913460547698,0.5863034185002929,0.4853618949176309
60.0,14.62,-0.9470805689930841,0.22502788039441868,-0.4138894400877287,0.4930519925047946,0.05379046325138712,0.22251878984990472,0.5926113171882808,0.48420446940597883
60.0,14.64,-0.9451995039864022,0.22874693175062308,-0.40767178589704167,0.49192495492059873,0.055687183461151445,0.22622722592023398,0.5988201031313826,0.48298316737293834
60.0,14.66,-0.9432892497105037,0.23244693705348793,-0.4015513797309416,0.490736030141025,0.057613010823834646,0.22991631659000047,0.6049307157047757,0.48170110345679024
60.0,14.68,-0.9413500771707561,0.23612752204905274,-0.39552723094128267,0.48948823039856637,0.059567690630494205,0.23358579237165167,0.6109441810157128,0.4803612509856519
60.0,14.7,-0.9393822649398078,0.23978831749884313,-0.38959838788339723,0.48818440125464296,0.06155099199910662,0.2372354419234175,0.6168615382370678,0.47896649182224554
60.0,14.72,-0.9373860511683204,0.24342912150785212,-0.3837638597881555,0.4868273008711309,0.06356263545636316,0.24086494775189768,0.6226838532146004,0.47751961640467355
60.0,14.74,-0.9353617187648336,0.24704957184187634,-0.3780225133084727,0.48541963944554284,0.06560236715873155,0.24447405817246706,0.6284122589833667,0.47602327389879434
60.0,14.76,-0.9333094715568975,0.25064963756237935,-0.372373272973774,0.4839639795868734,0.06766993189564924,0.24806253001745596,0.6340478811427812,0.4744800579501142
60.0,14.78,-0.9312295968296088,0.25422896307409876,-0.36681486552178316,0.48246292924505774,0.06976506240200904,0.25163012364880494,0.639591895889881,0.4728924354332934
60.0,14.8,-0.9291223440916089,0.25778736024555504,-0.3613463121776149,0.4809187331337209,0.07188748616406887,0.25517656147043255,0.6450454813660336,0.4712628009083248
60.0,14.82,-0.9269880098936228,0.26132448218087984,-0.3559663700633074,0.4793337672451337,0.07403694754892447,0.2587016397693949,0.6504098505884812,0.4695934541718933
60.0,14.84,-0.9248268925037529,0.2648399859154546,-0.3506738389339442,0.47771023716055905,0.07621316055802689,0.26220507768890144,0.6556862382686687,0.4678865774119676
60.0,14.86,-0.9226391566667859,0.26833401706565424,-0.34546750432464685,0.47605027797131866,0.07841586676248502,0.2656866866626844,0.6608758603776083,0.46614431446670823
60.0,14.88,-0.9204251996725283,0.27180591773652346,-0.34034614327039014,0.47435596123877016,0.08064477729743645,0.26914622000285693,0.665979965744678,0.4643686914668095
60.0,14.9,-0.9181852362014824,0.2752556791046797,-0.335308581196459,0.4726291997796148,0.08289961083405373,0.27258341929075874,0.6709998216054389,0.4625616445863453
60.0,14.92,-0.9159195272790921,0.2786831337364135,-0.33035355979620445,0.4708719127695067,0.0851801027140676,0.27599810953360937,0.6759366681181139,0.4607250789949047
60.0,14.94,-0.9136283843106358,0.28208795785034163,-0.32547979886609596,0.4690859334344137,0.08748596139871882,0.2793900725591833,0.6807917701113572,0.45886078791316387
60.0,14.96,-0.9113120754923046,0.2854699924354053,-0.3206861025601378,0.4672729872636061,0.08981690976702918,0.2827590971649316,0.6855663878758873,0.456970487852802
60.0,14.98,-0.9089709173007912,0.28882892202561494,-0.31597125915237073,0.46543472575541944,0.09217266507834833,0.28610498132996454,0.6902617804766715,0.45505585917086644
60.0,15.0,-0.9066051286021579,0.2921647527502174,-0.31133396575004485,0.46357278774678057,0.09455291585778665,0.28942746214861625,0.6948792258498604,0.45311845896337677
60.0,15.02,-0.9042150826284884,0.2954770191479607,-0.3067729998324219,0.46168870052660504,0.09695740604742022,0.2927264411351383,0.6994199529490605,0.4511598354341877
60.0,15.025,-0.9036137847838891,0.29630147037480714,-0.30564451526180986,0.4612144099980457,0.09756227450798816,0.29354746522126696,0.7005433019927918,0.45066703088276433
60.0,15.04,-0.9018009484869082,0.2987658915334642,-0.30228713844480176,0.4597839379622478,0.09938582656048639,0.2960016490810067,0.7038852335171405,0.4491814357085425
60.0,15.06,-0.8993631571886551,0.30203075587770367,-0.2978752356874847,0.457859864543964,0.1018378970961517,0.2992529481817194,0.708276298895018,0.44718465845543626
60.0,15.08,-0.8969018788753624,0.3052717884840434,-0.2935359767446036,0.455917883769706,0.10431331595886806,0.30248012889294623,0.7125943765661411,0.44517084629306436
60.0,15.1,-0.8944174952772668,0.30848854099270806,-0.28926821314376533,0.45395925114273333,0.10681179562147729,0.3056830153607217,0.7168407190571864,0.4431412718068814
60.0,15.12,-0.89191023319202,0.3116810397999009,-0.2850706443656717,0.4519852817878245,0.10933304255902425,0.30886143954773243,0.7210165204933727,0.4410971573376319
60.0,15.14,-0.8893804246362315,0.3148490012595304,-0.2809421983479032,0.44999707317992954,0.11187675359229356,0.31201523175695955,0.7251229952385811,0.43903969224822575
60.0,15.16,-0.8868283489406794,0.31799230147950935,-0.2768816561144124,0.44799579014783714,0.11444264172215955,0.3151442245115072,0.7291613409634453,0.43696997778200336
60.0,15.18,-0.8842543450891612,0.3211106665554884,-0.2728878763933841,0.4459824952232894,0.11703040162979211,0.31824825833462983,0.733132738548244,0.43488909882092447
60.0,15.2,-0.88165863747559,0.3242041339066466,-0.268959574866183,0.44395831476084974,0.11963974018430307,0.32132718076905775,0.7370383560200278,0.4327980768290868
60.0,15.22,-0.8790415671008204,0.3272724369954676,-0.2650957753541665,0.44192412996891023,0.12227035390731637,0.3243808356072867,0.7408793629455267,0.4306978804964252
60.0,15.24,-0.8764034178214323,0.3303154665609073,-0.2612952785300943,0.43988093127532657,0.12492194908345777,0.32740908266759333,0.7446568887040314,0.42858945538532434
60.0,15.26,-0.8737445300184064,0.3333329632975418,-0.25755689380595903,0.4378296693252982,0.1275942201030471,0.3304117741379696,0.7483720761634318,0.42647368819036063
60.0,15.28,-0.8710651331178417,0.33632497856315396,-0.25387958899253776,0.4357711624520059,0.13028687011045556,0.33338877466945455,0.7520260315257508,0.4243514315776314
60.0,15.3,-0.8683655711401678,0.3392912611854442,-0.2502623388282758,0.4337061965462162,0.13299960060545887,0.336339950598464,0.7556198618616736,0.4222234758151262
60.0,15.32,-0.8656461286774496,0.34223171538100045,-0.24670397752666337,0.43163561700036596,0.13573210638040278,0.33926517446217047,0.7591546465630964,0.42009063824291276
60.0,15.34,-0.8629071547376707,0.34514609952906444,-0.24320342186507496,0.4295601860912096,0.13848408662001024,0.3421643188221108,0.762631458639069,0.4179536213324667
60.0,15.36,-0.8601488750115356,0.3480344758027334,-0.2397597472852728,0.42748055020656694,0.14125523573309018,0.34503726732623924,0.7660513476800536,0.4158131433720014
60.0,15.38,-0.857371577495779,0.35089675918676033,-0.2363718133347206,0.4253974529385966,0.14404526703990136,0.3478839036582442,0.769415357716143,0.4136698633981412
60.0,15.4,-0.8545756697793098,0.35373256792040747,-0.23303863880838382,0.4233115236898569,0.14685385740045206,0.35070411392375994,0.7727245127656649,0.41152442675628476
60.0,15.42,-0.8517613816581203,0.3565419753291154,-0.2297592566242743,0.42122337426353934,0.14968072829459908,0.35349779389332603,0.7759798211966376,0.40937743442265734
60.0,15.44,-0.8489289996991832,0.3593249061540303,-0.22653270064586906,0.4191335752555281,0.15252555722635133,0.3562648421337763,0.7791822600046664,0.4072294708758817
60.0,15.46,-0.8460788745910062,0.36208114101498123,-0.2233578737392852,0.4170427591333399,0.1553880628503999,0.3590051560309283,0.7823328219655572,0.4050810783610162
60.0,15.48,-0.8432112305171553,0.36481075958031595,-0.2202339807190881,0.4149513750894331,0.158267929653554,0.36171864328332826,0.7854324573145144,0.40293277949692263
60.0,15.5,-0.8403264830239784,0.3675134030560597,-0.21716001932903806,0.4128599707239851,0.16116486436274235,0.36440521607746834,0.7884821068067845,0.400785078711744
60.0,15.52,-0.8374248564311361,0.37018915785119827,-0.214135065084411,0.41076902084792677,0.16407856339876511,0.36706478415075666,0.7914826966297345,0.39863842614056755
60.0,15.54,-0.8345065739235041,0.3728381118780904,-0.21115821320457703,0.4086789961740093,0.16700872794302754,0.3696972720712205,0.7944351458461283,0.3964932917784445
60.0,15.56,-0.8315721177521747,0.3754597731124966,-0.20822862745575815,0.40659028503114136,0.16995506266031252,0.37230259855344683,0.7973403457329102,0.394350069630035
60.0,15.58,-0.8286216425666092,0.37805438055974466,-0.20534535350446761,0.4045033558803189,0.17291726617212572,0.3748806896965122,0.8001991720792604,0.39220918903281904
60.0,15.6,-0.8256555031398526,0.3806217420083849,-0.20250751139882345,0.4024186044702606,0.17589504367211342,0.3774314722379418,0.8030124874534964,0.39007101290038193
60.0,15.62,-0.8226739180983513,0.3831619557875903,-0.1997143734135337,0.4003363409181966,0.17888809101729913,0.37995489055062504,0.805781151830117,0.3879358957660824
60.0,15.64,-0.8196773068068925,0.3856746924054561,-0.19696508004509933,0.3982569279210046,0.18189611925773314,0.38245087311622156,0.808505989416296,0.38580418598850086
60.0,15.66,-0.8166658865719871,0.38816005627483535,-0.19425878872841618,0.39618072235237534,0.1849188383198135,0.3849193656706642,0.8111878096836284,0.38367621976196603
60.0,15.68,-0.8136399425631942,0.39061801156829234,-0.19159465800480208,0.3941080437286909,0.18795594147600597,0.38736031649319763,0.8138274344279086,0.38155226539435466
60.0,15.7,-0.8105998271152357,0.3930483834995106,-0.18897200462613656,0.39203914991614974,0.19100714492382947,0.3897736727566591,0.8164256369944255,0.37943263397063454
60.0,15.72,-0.8075458228422031,0.395451142388299,-0.1863900119758308,0.38997434029702704,0.19407215185964424,0.392159391601585,0.818983196102841,0.3773175844021277
60.0,15.74,-0.804478144225204,0.3978264027943638,-0.18384787366960512,0.38791389673448357,0.197150672423878,0.39451742966413705,0.8215008723957158,0.3752073650888133
60.0,15.76,-0.8013971413373691,0.40017399938435366,-0.18134493454677308,0.38585803413359443,0.20024240974496568,0.3968477491205731,0.823979403387388,0.3731022298114028
60.0,15.78,-0.7983030941197038,0.40249391071762664,-0.1788804733763478,0.383806972060067,0.2033470896178143,0.3991503076863485,0.8264195272577327,0.37100238001287317
60.0,15.8,-0.7951962846306643,0.4047861196023418,-0.1764536547347746,0.38176099931407254,0.20646441890318032,0.40142507889064366,0.8288219499543149,0.36890805456224346
60.0,15.82,-0.7920770579752737,0.4070504697176459,-0.17406391150815304,0.37972024798261367,0.20959410347587507,0.4036720367403266,0.8311873890219922,0.36681941149082
60.0,15.84,-0.7889455631593514,0.40928723173428555,-0.1717104947094205,0.3776849515966611,0.21273587156048737,0.4058911486029867,0.833516514418203,0.3647366755898271
60.0,15.86,-0.7858022007701937,0.4114961097091483,-0.16939272286122153,0.375655281586037,0.21588942922040041,0.40808240963752795,0.8358100197352416,0.3626599799325105
60.0,15.88,-0.7826472539558922,0.41367710070860914,-0.16710999808673932,0.3736313889229253,0.21905449473035435,0.4102457885290892,0.8380685560021687,0.3605895106468984
60.0,15.9,-0.7794809323984816,0.4158303406730791,-0.16486159394430244,0.3716134579945054,0.22223079450572852,0.4123812705247674,0.8402927696948619,0.3585254202626648
60.0,15.92,-0.7763035073869877,0.41795582582908813,-0.16264692674223874,0.3696016111443786,0.22541805098093265,0.41448885168926697,0.8424833122328074,0.35646781479795014
60.0,15.94,-0.7731153871648037,0.420053280375404,-0.16046542530845992,0.36759597293326557,0.22861597182880775,0.4165685196176244,0.8446407992305566,0.3544168409073877
60.0,15.96,-0.7699167052451737,0.422122982762129,-0.15831632644744748,0.36559672354037354,0.23182429954429853,0.41862027523531753,0.8467658373807386,0.3523726286636086
60.0,15.98,-0.7667078133529812,0.4241648082672492,-0.156199204535586,0.36360391357132155,0.23504275156835122,0.420644108984351,0.8488590373131192,0.35033526262589254
60.0,16.0,-0.7634888796961832,0.4261788840087326,-0.1541133168832235,0.3616177087261768,0.23827104822884432,0.4226400352010279,0.850920985661984,0.348304839966008
60.0,16.02,-0.7602603473399487,0.4281649686883094,-0.15205825095375416,0.3596381408148176,0.24150893617139935,0.4246080468630991,0.8529522519491213,0.3462814739410414
60.0,16.04,-0.757022391946612,0.43012319999786547,-0.1500332876701924,0.35766537032178947,0.24475613463247659,0.4265481578663258,0.8549533998180666,0.34426524693656535
60.0,16.06,-0.75377520450086,0.4320537257086627,-0.148037965228804,0.35569943703920104,0.24801237950148933,0.42846037782962876,0.8569249924517541,0.34225621296187697
60.0,16.08,-0.7505192008984927,0.43395630089684195,-0.14607176700798594,0.353740403092241,0.25127739809661037,0.4303447193774491,0.8588675693919803,0.3402544407291742
60.0,16.1,-0.747254570477577,0.43583107897731904,-0.14413406342905152,0.3517883805630189,0.254550940091163,0.43220119956825254,0.8607816604280571,0.33826000237773646
60.0,16.12,-0.7439815680535076,0.4376780787074279,-0.1422244155104102,0.3498433920030044,0.25783273885546937,0.43402984220021323,0.8626677825044822,0.3362729552922085
60.0,16.14,-0.7407004560688202,0.439497326305905,-0.140342271118743,0.34790551031872513,0.2611225336088846,0.43583066426276823,0.8645264600608046,0.3342933156797872
60.0,16.16,-0.7374114874019465,0.441288845376543,-0.1384871476870401,0.34597477902422386,0.26442006767259696,0.4376036899015933,0.8663581779206289,0.3323211619871401
60.0,16.18,-0.7341149139858177,0.44305266188569525,-0.1366585640713882,0.3440512220313308,0.26772508081587826,0.43934895486159253,0.8681634378041437,0.33035650110110654
60.0,16.2,-0.7308110728301455,0.4447886817137137,-0.134855996668911,0.34213490715349426,0.2710373259681326,0.44106648219867606,0.8699427153284053,0.3283993734472619
60.0,16.22,-0.7275000588351107,0.4464971912335759,-0.13307909948726668,0.340225804113814,0.27435655227411915,0.44275630583741205,0.8716964841116733,0.32644979320032025
60.0,16.24,-0.7241822764019592,0.4481779689220205,-0.1313272393638327,0.3383240044901274,0.2776825017429954,0.44441846552027775,0.8734252050952683,0.3245077791999873
60.0,16.26,-0.7208579040060581,0.4498311827940354,-0.1296000896303873,0.3364294839268447,0.2810149322596489,0.4460529920676529,0.8751293275509553,0.32257335566734446
60.0,16.28,-0.717527250559457,0.45145673482875187,-0.12789714863421411,0.3345422728753932,0.2843536007703949,0.44765993168110096,0.8768093038646378,0.32064650588271204
60.0,16.3,-0.7141904209954816,0.4530549262440234,-0.1262179843781398,0.3326623835875128,0.28769826905627616,0.4492393205511766,0.8784655612177252,0.3187272487527437
60.0,16.32,-0.710847721931839,0.45462566283316314,-0.12456217053558032,0.33078982181095296,0.2910486786876829,0.4507912148678228,0.8800985225683385,0.31681559481703775
60.0,16.34,-0.7074994928703262,0.4561688757896359,-0.12292934243294218,0.3289245617627625,0.29440461374389,0.4523156503812861,0.881708612446598,0.31491151380195626
60.0,16.36,-0.7041458726355319,0.4576847204217348,-0.12131902984336201,0.3270666264368304,0.2977658153777927,0.4538126822490276,0.8832962352463123,0.3130150137853167
60.0,16.38,-0.7007870386384404,0.45917337808783515,-0.11973088284576235,0.32521598985889644,0.3011320661148786,0.4552823597898869,0.8848617912272826,0.31112607782002505
60.0,16.4,-0.6974233668328288,0.4606346383944885,-0.11816449926524329,0.32337264193363835,0.304503117379555,0.45672473618623816,0.8864056759020751,0.3092446812403365
60.0,16.42,-0.694055032495928,0.4620686875773797,-0.11661942895910452,0.32153659466225104,0.30787875772598305,0.4581398683233937,0.8879282778879989,0.30737079109215854
60.0,16.44,-0.6906821686203916,0.46347568508095427,-0.11509539444398667,0.31970778940385863,0.311258744111395,0.45952781680368715,0.8894299658657718,0.3055044139168102
60.0,16.46,-0.6873051815285919,0.46485545142092616,-0.11359195852906484,0.3178862347383405,0.3146428636413915,0.46088863467036956,0.8909111082970307,0.3036455160693809
60.0,16.48,-0.6839241289681082,0.46620827532773446,-0.11210874173316643,0.31607190228728604,0.31803089005686924,0.46222238884034506,0.8923720789880466,0.30179404304761626
60.0,16.5,-0.6805393263318965,0.4675340971695705,-0.11064548597589846,0.31426473815926653,0.3214225922081981,0.4635291386111406,0.8938132256501354,0.29994997838810955
60.0,16.52,-0.677150991255466,0.46883296909485545,-0.1092017682648771,0.3124647316499505,0.32481776851588656,0.4648089507432349,0.8952348910161962,0.2981132990638756
60.0,16.54,-0.6737592661043907,0.47010506814774133,-0.10777723122480509,0.3106718617311201,0.3282161843563307,0.46606189535093895,0.8966374241296715,0.29628394464575813
60.0,16.56,-0.6703644557570634,0.47135033693338324,-0.10637157261092291,0.3088860731821619,0.3316176434272055,0.46728802739756153,0.8980211573268225,0.2944618791837607
60.0,16.58,-0.6669666921682009,0.472568949714543,-0.10498449884436782,0.3071073213563231,0.3350219228706033,0.46848743217902244,0.8993864177190102,0.29264706052114264
60.0,16.6,-0.6635662784487161,0.473760854046708,-0.10361561214218275,0.30533559050254266,0.33842881434983607,0.4696601801485504,0.9007335271158079,0.2908394404094776
60.0,16.62,-0.6601633515736296,0.47492623217761415,-0.10226462678385789,0.30357082374847866,0.3418381114700743,0.4708063434322632,0.9020627969061564,0.28903898036641645
60.0,16.64,-0.6567582051278206,0.4760650311050163,-0.1009312641478734,0.3018129712804225,0.3452496139428813,0.47192598419883935,0.9033745381700994,0.2872456203689558
60.0,16.66,-0.6533508750590707,0.4771775385931663,-0.09961524445040572,0.30006196599084006,0.348663118673996,0.4730191941694048,0.9046690535713573,0.2854593110848923
60.0,16.68,-0.6499417437278423,0.47826359663782586,-0.09831619875714576,0.29831780641417754,0.35207841650758626,0.47408603859318216,0.9059466332887675,0.2836800127674119
60.0,16.7,-0.6465308591431111,0.479323505166052,-0.09703384927333461,0.2965803970959578,0.35549532826399344,0.47512660477191687,0.907207579993894,0.28190763377921013
60.0,16.72,-0.6431184959027967,0.48035720780310065,-0.09576794865368093,0.29484972179877184,0.35891364358252387,0.47614097135627015,0.9084521660932088,0.2801421562141392
60.0,16.74,-0.639704859266716,0.48136477491934987,-0.09451818029988907,0.2931257126205809,0.3623331781844519,0.47712921621211835,0.9096806781649096,0.2783834936501636
60.0,16.76,-0.6362901607076572,0.4823462841487905,-0.09328428442840062,0.29140828546673336,0.3657537283147112,0.4780914248053039,0.9108933894133358,0.27663158684555517
60.0,16.78,-0.632874511490464,0.48330191419264934,-0.0920660271162201,0.2896974239327683,0.3691751207034014,0.4790276868776031,0.9120905647291997,0.27488638811266974
60.0,16.8,-0.6294580985162651,0.4842317275643469,-0.09086309626174735,0.28799302743601973,0.3725971664195967,0.47993807018671303,0.9132724671787732,0.2731478286758329
60.0,16.82,-0.6260412141703073,0.48513569584627086,-0.08967525662652834,0.2862950466448951,0.3760196734764765,0.48082267202425794,0.9144393572641204,0.271415835883162
60.0,16.84,-0.6226239589996653,0.48601399524583266,-0.08850222717475546,0.2846034479501439,0.3794424720341705,0.48168158224185537,0.9155914860751031,0.26969034863110064
60.0,16.86,-0.6192065313248137,0.4868667042752869,-0.08734377118227142,0.2829181494151288,0.3828653761318601,0.4825148859390145,0.9167291058040269,0.26797128585673996
60.0,16.88,-0.6157891141233153,0.48769389183480333,-0.08619966611998478,0.2812391025895113,0.38628821330286317,0.4833226667345662,0.9178524499132844,0.26625861028246367
60.0,16.9,-0.6123718113027785,0.4884957408547989,-0.08506967354462341,0.27956619500055585,0.38971080332369307,0.484105014408625,0.9189617658614337,0.2645522165164644
60.0,16.92,-0.6089548959856925,0.4892722208671089,-0.08395352081853742,0.27789936272730054,0.39313297552510795,0.4848620293702197,0.9200572855304716,0.26285204405859797
60.0,16.94,-0.6055385483052996,0.4900234053725187,-0.0828510560116904,0.2762385769097601,0.39655457230487373,0.48559379199680397,0.9211392350824162,0.26115802820385187
60.0,16.96,-0.6021227831249909,0.49074958519364026,-0.0817619664049993,0.2745837886795971,0.3999754195717562,0.48630039538588965,0.9222078370365283,0.25947010072451765
60.0,16.98,-0.5987079425734719,0.4914506186045608,-0.08068606983299975,0.2729348437485889,0.40339534812206196,0.4869819373511189,0.9232633213612331,0.2577881583001833
60.0,17.0,-0.595294125041391,0.49212669311129326,-0.07962312977129829,0.27129174402450223,0.4068142022067232,0.4876385132367756,0.924305893021511,0.256112157698882
60.0,17.02,-0.5918815065656652,0.4927778863493169,-0.0785729335576024,0.26965438352500276,0.4102318084279739,0.4882702129890316,0.9253357699935165,0.25444200493938735
60.0,17.04,-0.5884701693737866,0.4934043744273767,-0.07753532841922786,0.2680226755739594,0.41364801979127586,0.4888771221177665,0.9263531609020508,0.2527776185612863
60.0,17.06,-0.5850602874555885,0.49400623605630795,-0.07651007109139572,0.26639656215219343,0.4170626818839223,0.4894593501716352,0.9273582672673099,0.25111893036408006
60.0,17.08,-0.5816521202055681,0.4945834498567464,-0.07549692301640626,0.2647759857622892,0.420475639308409,0.49001698670177324,0.9283512858438211,0.24946586876774213
60.0,17.1,-0.5782458334013357,0.4951360934659371,-0.07449574213261785,0.26316086345307454,0.4238867412659745,0.49055012512736346,0.9293324204474871,0.247818327296173
60.0,17.12,-0.5748414189929614,0.49566444655700437,-0.07350632612167544,0.2615510668372491,0.4272958366791187,0.4910588570043993,0.930301859099638,0.24617624534694468
60.0,17.14,-0.5714390406029297,0.49616858595219665,-0.07252846498545297,0.2599466026358566,0.4307027803327125,0.4915432964140199,0.9312597872204778,0.24453954235290495
60.0,17.16,-0.5680390344369274,0.4966483915559696,-0.07156196440123135,0.2583473452198356,0.43410742903897315,0.4920035235204108,0.932206392863887,0.24290813656865495
60.0,17.18,-0.5646412962398744,0.49710423639283063,-0.07060668713505533,0.2567531889503935,0.4375096317775987,0.4924396426851707,0.9331418601937549,0.24128192600519927
60.0,17.2,-0.5612461672611232,0.4975360093756972,-0.06966241742689372,0.25516408455662987,0.44090925565746997,0.4928517599274748,0.9340663600935215,0.2396608555829404
60.0,17.22,-0.5578537083841003,0.49794388040945553,-0.06872898802177697,0.2535799713935741,0.4443061657239049,0.49323995986038194,0.9349800744348546,0.23804481921379952
60.0,17.24,-0.5544640794281266,0.4983279330263429,-0.06780621913489346,0.2520007320797821,0.4477002226702063,0.4936043379301421,0.935883170699652,0.23643374017830235
60.0,17.26,-0.551077339649699,0.4986883367809854,-0.0668939502560497,0.25042630963945384,0.4510912880296302,0.4939450063294921,0.9367758199172742,0.2348275236569008
60.0,17.28,-0.547693740643889,0.4990250862040236,-0.0659920162440625,0.24885661973586826,0.4544792345561884,0.4942620533736211,0.9376581851387156,0.233226088600552
60.0,17.3,-0.5443133275996728,0.49933834076940686,-0.06510024779090051,0.24729155157562546,0.4578639358388663,0.49455558385680726,0.9385304237165324,0.2316293683918639
60.0,17.32,-0.5409361701675484,0.49962828184631475,-0.06421853693795677,0.24573104246888186,0.4612452678391954,0.4948256861042393,0.9393927002481862,0.23003724457482663
60.0,17.34,-0.5375625863219067,0.49989479676907517,-0.06334663500605899,0.24417500856863755,0.46462308468674274,0.49507247541392196,0.9402451647191411,0.22844966313861398
60.0,17.36,-0.5341925508321061,0.5001381575420587,-0.06248443326810237,0.24262336275100727,0.46799729318752276,0.4952960352321421,0.9410879760706982,0.22686650132767106
60.0,17.38,-0.5308261937361084,0.5003584301623072,-0.06163181790685717,0.24107599274294297,0.4713677481724152,0.4954964611459311,0.9419212805960973,0.22528768405633284
60.0,17.4,-0.5274636691164436,0.5005557049197266,-0.06078856602985104,0.23953287655134523,0.474734338652031,0.4956738661750014,0.9427452268827993,0.2237131180742959
60.0,17.42,-0.5241051060424261,0.5007300503191285,-0.0599546049332177,0.23799386823504295,0.478096950102736,0.49582834049530466,0.9435599568253669,0.2221427246033749
60.0,17.44,-0.5207506393086447,0.5008815418685165,-0.05912974645351117,0.23645888460214534,0.48145546323607613,0.4959599849894098,0.9443656112740709,0.22057640597274644
60.0,17.46,-0.5174003277435292,0.5010103581584585,-0.05831385445898055,0.23492786143755515,0.48480976574136914,0.49606888884379535,0.9451623287598204,0.21901408010808956
60.0,17.48,-0.5140542931324457,0.5011165638973207,-0.05750678238722037,0.2334006827586356,0.48815974604208395,0.4961551576538608,0.9459502515767412,0.2174556298192862
60.0,17.5,-0.510712674771046,0.501200242336245,-0.05670844070116243,0.2318772794510595,0.4915052995028059,0.49621888507806017,0.9467295055625738,0.2159009850771985
60.0,17.52,-0.5073755121822195,0.501261554981228,-0.05591865465773279,0.23035757791190073,0.4948463166332332,0.49626017546841633,0.9475002257353771,0.2143500420661894
60.0,17.54,-0.5040430253434556,0.5013004920732294,-0.05513732712519109,0.22884146104650266,0.4981826802910545,0.49627912398041507,0.9482625394275217,0.2128027114736102
60.0,17.56,-0.5007152472710221,0.5013172106554808,-0.05436428388033219,0.22732883462006973,0.5015143086218113,0.4962758073949266,0.9490165722771123,0.21125890252243365
60.0,17.58,-0.4973923040265875,0.5013117856438978,-0.05359944000801777,0.22581961447470625,0.5048410801588216,0.49625034796662687,0.9497624471273064,0.20971852275402303
60.0,17.6,-0.4940742395461963,0.5012843851959593,-0.05284262800154813,0.22431371222598745,0.508162905940663,0.49620282928357484,0.9505002876484705,0.20818146147152616
60.0,17.62,-0.49076125532538617,0.5012349877713207,-0.052093801207621124,0.22281101498986125,0.5114796773631667,0.49613334861603187,0.9512302106587264,0.2066476402286008
60.0,17.64,-0.48745338907370445,0.5011637570789577,-0.051352765364949815,0.2213114755424589,0.5147913184217042,0.4960419986397239,0.9519523352334119,0.20511694532285207
60.0,17.66,-0.48415067262924755,0.5010708499903817,-0.050619472794923154,0.21981496225977099,0.5180977070190365,0.4959288777479685,0.9526667725929737,0.20358929516540716
60.0,17.68,-0.48085330704004087,0.5009562487047448,-0.0498937627236632,0.21832137461503517,0.5213987681838548,0.4957940762464815,0.9533736404742587,0.20206457386139282
60.0,17.7,-0.4775613238977033,0.5008201114453736,-0.04917552216842906,0.21683063188867027,0.5246944158509652,0.4956376892203696,0.9540730398695376,0.2005427132042913
60.0,17.72,-0.47427483659703523,0.5006625068507954,-0.04846467300264927,0.2153426233447802,0.5279845491806266,0.4954597961545597,0.9547650850380678,0.19902359476577977
60.0,17.74,-0.4709939584638847,0.5004835048246172,-0.04776107003357331,0.21385728393757186,0.5312690775253923,0.49526051937435434,0.9554498861767908,0.197507098363578
60.0,17.76,-0.46771871003982424,0.5002832524112378,-0.04706463514330542,0.2123744860051015,0.5345479238382272,0.4950399229497638,0.9561275357242,0.19599316885197082
60.0,17.78,-0.46444921004495787,0.5000618261064713,-0.046375261036986234,0.21089413929858236,0.5378210091825488,0.49479810205222435,0.9567981460334642,0.19448166744565917
60.0,17.8,-0.46118556633866886,0.49981929216749627,-0.04569284336738776,0.20941615742044561,0.5410882282352193,0.4945351606778363,0.9574618095919863,0.19297252003306892
60.0,17.82,-0.4579277943636127,0.499555792318148,-0.04501727031254731,0.20794040992857962,0.5443495257910423,0.494251177956813,0.9581186284347877,0.19146560150936764
60.0,17.84,-0.45467608421799577,0.4992713086125771,-0.044348448819178564,0.20646684286888783,0.5476047988692753,0.4939462397173846,0.958768698274923,0.18996081950268326
60.0,17.86,-0.45143037510726836,0.4989660745539316,-0.043686303960753195,0.20499530338192845,0.550853989858392,0.49362043675727396,0.9594121120085489,0.18845806295391912
60.0,17.88,-0.4481908573065064,0.4986400742641563,-0.043030702277656756,0.20352570676653037,0.5540970081190374,0.4932738630872122,0.9600489629852397,0.18695723756376825
60.0,17.9,-0.44495753683905076,0.4982934393106715,-0.042381589703789906,0.202057980772288,0.5573337895646148,0.4929066003011033,0.9606793373285885,0.18545824692204715
60.0,17.92,-0.4417305276633366,0.4979262462177328,-0.041738859519761966,0.20059197225474543,0.560564251636768,0.4925187292868464,0.9613033291880116,0.18396096070772522
60.0,17.94,-0.4385099183367747,0.4975385441907329,-0.041102422928003125,0.19912760326831586,0.5637883275202921,0.4921103433340366,0.961921026499523,0.18246526409917885
60.0,17.96,-0.4352957212403048,0.4971304712721047,-0.040472189248305215,0.19766477748798902,0.567005948986005,0.4916815155061464,0.962532507007024,0.18097109187171828
60.0,17.98,-0.43208804097066417,0.49670209495958106,-0.03984809587814694,0.19620335148828516,0.5702170333912037,0.4912323395353528,0.9631378603849371,0.17947829346696748
60.0,18.0,-0.4288868857435276,0.49625354756261847,-0.03923002376765809,0.19474324716631664,0.5734215312246835,0.4907629016113826,0.9637371640548572,0.1779867849671167
60.0,18.02,-0.42569243264610884,0.4957848062895359,-0.03861788705475035,0.19328436198138557,0.5766193542531378,0.49027327040682755,0.9643304999703729,0.1764964479145184
60.0,18.04,-0.4225046909301315,0.49529600522889206,-0.03801166556100926,0.19182656367828835,0.5798104584915083,0.48976353360645136,0.9649179460210269,0.17500716250432963
60.0,18.06,-0.4193236657197042,0.49478727200343553,-0.03741120748256297,0.19036975324534686,0.5829947761288398,0.4892337569270792,0.965499579661582,0.17351882566945273
60.0,18.08,-0.4161495355293032,0.49425858824790037,-0.036816469445706844,0.18891383956423835,0.5861722382238649,0.48868403841995794,0.9660754710426075,0.1720313324706377
60.0,18.1,-0.41298221572269417,0.49371014987064604,-0.03622739327903708,0.18745865116920787,0.5893427803687026,0.4881144612084607,0.9666457011837244,0.1705445445734698
60.0,18.12,-0.4098218906990694,0.493141946679031,-0.035643875198475575,0.1860041233211341,0.5925063594748259,0.4875250725233545,0.967210337153901,0.16905835192716723
60.0,18.14,-0.40666864007886483,0.49255402048767466,-0.03506586750970407,0.1845501204041816,0.5956628923019337,0.48691597165090234,0.9677694489234587,0.16757264970805472
60.0,18.16,-0.4035223819173441,0.4919465669184203,-0.03449326505901264,0.18309654782055232,0.5988123474880686,0.4862872123626047,0.9683231056684617,0.16608731330856522
60.0,18.18,-0.4003832025910052,0.4913196333757212,-0.03392601855413769,0.18164324279354976,0.6019546468323818,0.4856388953487603,0.9688713735381972,0.16460222406166744
60.0,18.2,-0.3972512748303896,0.49067319956901617,-0.03336406546924895,0.18019014052620683,0.6050897500363833,0.484971063984161,0.9694143196422016,0.16311725950056336
60.0,18.22,-0.39412659601097333,0.490007380975679,-0.032807327146119,0.17873707940642616,0.6082175991643053,0.4842838152314886,0.9699520064301568,0.16163229937572346
60.0,18.24,-0.39100907937573415,0.4893223608293354,-0.03225574002843641,0.177283968446348,0.6113381346854372,0.4835772087652214,0.9704844958968077,0.1601472211693218
60.0,18.26,-0.38789897659283173,0.48861804330209996,-0.0317092327235314,0.17583066328514665,0.6144513062508542,0.4828513102008159,0.9710118498436989,0.1586618984033938
60.0,18.28,-0.384796288235728,0.4878945457684694,-0.03116776806510919,0.17437702345807274,0.6175570728668066,0.4821061910237869,0.9715341279093931,0.15717620554415923
60.0,18.3,-0.38170100295071396,0.4871519683571611,-0.030631258266986313,0.17292296869122328,0.6206553816297761,0.4813419118906046,0.9720513856104503,0.15569001596754986
60.0,18.32,-0.3786131241520725,0.48639042770789326,-0.030099680640623926,0.1714683341746052,0.6237461805188829,0.4805585501709698,0.9725636815864885,0.15420319966247995
60.0,18.34,-0.37553280874079537,0.4856098866482501,-0.029572941251015495,0.170012999229685,0.6268294221069592,0.47975615075204747,0.9730710697925159,0.1527156289418794
60.0,18.36,-0.37246013830671554,0.48481038827593587,-0.029050995093857165,0.1685568450502118,0.6299050586309453,0.47893479159650604,0.9735736033386887,0.15122716863734892
60.0,18.38,-0.36939493347105334,0.48399215985213223,-0.028533781748837445,0.16709970660666956,0.632973045653009,0.4780945345020179,0.9740713339859597,0.1497376864701467
60.0,18.4,-0.36633744788430633,0.48315511565617636,-0.028021257477168156,0.16564148745878657,0.6360333407975843,0.4772354414479473,0.9745643132039847,0.14824704626322588
60.0,18.42,-0.3632876656974947,0.4822993441839316,-0.02751336334295028,0.16418202637358487,0.6390858890280295,0.4763575635994703,0.9750525880057606,0.14675511253809628
60.0,18.44,-0.3602456695885825,0.4814248876729703,-0.02701004776740564,0.1627211932901799,0.6421306675502907,0.4754609575460025,0.9755362062019807,0.14526174611284118
60.0,18.46,-0.3572113590658046,0.4805318929424859,-0.026511268472975604,0.16125884992666387,0.6451676168370599,0.4745456858557256,0.9760152141269213,0.14376680376092382
60.0,18.48,-0.35418489573966916,0.47962033038402074,-0.026016966975909092,0.15979483595235727,0.6481967023661906,0.47361181106152306,0.9764896564885589,0.14227014690364545
60.0,18.5,-0.35116635425378,0.4786902304361126,-0.025527103545170498,0.15832903977246598,0.6512178773942767,0.47265936805520486,0.9769595758741966,0.1407716293694207
60.0,18.52,-0.3481555564580894,0.47774180254701243,-0.02504162774967937,0.156861271828985,0.6542311186019497,0.47168842481598483,0.9774250142100877,0.13927110283986302
60.0,18.54,-0.3451528229959316,0.4767748852258079,-0.024560499646578943,0.1553914123389234,0.6572363587616586,0.4706990336538814,0.9778860097710418,0.13776842165559067
60.0,18.56,-0.3421579758269801,0.47578968393650994,-0.02408368046537536,0.15391931923423066,0.6602335871537132,0.4696912343073103,0.9783426020029392,0.13626343307381794
60.0,18.58,-0.33917117591286267,0.47478616894282666,-0.023611116829745163,0.15244479640479447,0.6632227556344396,0.4686650730119726,0.9787948282736272,0.13475598377353382
60.0,18.6,-0.33619231750277323,0.4737644637233437,-0.023142781857872188,0.1509677331543795,0.6662038171281358,0.4676206130852366,0.9792427238653397,0.13324591987103965
60.0,18.62,-0.3332215650431087,0.4727245429764742,-0.02267862645305879,0.1494879319864933,0.6691767507507308,0.46655788301565215,0.9796863215288012,0.13173308165416098
60.0,18.64,-0.3302589822697141,0.47166641639332635,-0.02221862497331847,0.14800526376943277,0.6721415131620335,0.46547692895980136,0.9801256546991399,0.1302173109922095
60.0,18.66,-0.32730447440528077,0.4705902160279302,-0.02176273071516341,0.14651953376612048,0.6750980622213073,0.46437781421258917,0.9805607532132019,0.12869844380469853
60.0,18.68,-0.3243581101596347,0.4694959538667688,-0.021310915227373065,0.14503058250757894,0.6780463739749559,0.46326056137700955,0.9809916465435717,0.12717631573115717
60.0,18.7,-0.3214199601834209,0.4683836446659727,-0.02086314993957265,0.1435382707149825,0.6809864177611215,0.462125204498924,0.9814183620855743,0.12565075843223944
60.0,18.72,-0.31849001180801045,0.4672533561877061,-0.020419397118985928,0.14204238034287994,0.6839181403755766,0.46097179593579796,0.9818409256954874,0.12412160141440583
60.0,18.74,-0.31556825152377455,0.46610515166769145,-0.019979629634713232,0.14054274915034712,0.68684152994328,0.4598003628591348,0.9822593616565864,0.12258867029606549
60.0,18.76,-0.3126548274294148,0.4649389807891706,-0.019543825947962837,0.13903922057189333,0.6897565361471085,0.4586109574470252,0.9826736924318862,0.12105178852965247
60.0,18.78,-0.30974972712256527,0.46375490645213746,-0.019111949249829986,0.13753158290378958,0.6926631499984974,0.45740358893914246,0.9830839388675161,0.11951077743993746
60.0,18.8,-0.30685293411541925,0.4625529819726479,-0.018683981159964818,0.13601964881369752,0.6955613078906037,0.4561783160387157,0.9834901201286907,0.11796545274581506
60.0,18.82,-0.30396451916755857,0.4613332141513664,-0.01825989763232022,0.13450324286915916,0.6984509953133828,0.45493514211213565,0.9838922533787237,0.11641562975796994
60.0,18.84,-0.3010844680188131,0.4600956549722595,-0.017839679338412903,0.13298216972444332,0.7013321831222614,0.4536741117658803,0.9842903543699364,0.11486111823906203
60.0,18.86,-0.2982128463649156,0.458840300459846,-0.01742330473817543,0.13145623312128135,0.7042048433876936,0.4523952519330731,0.9846844367698041,0.1133017258184729
60.0,18.88,-0.29534972243044677,0.4575671501172746,-0.017010755748614877,0.1299252064193319,0.7070689330928879,0.45109857882666154,0.9850745122170973,0.11173725627277178
60.0,18.9,-0.29249500427769365,0.4562763038097871,-0.016602016533492636,0.12838891150221374,0.7099244268084154,0.44978413635781617,0.9854605910416029,0.11016750787950214
60.0,18.92,-0.28964875649335503,0.4549677494571196,-0.01619707329693374,0.12684712869627918,0.7127712993603126,0.4484519154045981,0.9858426808479673,0.10859227849428493
60.0,18.94,-0.2868110464603244,0.4536414787668843,-0.01579591599660592,0.1252996450489979,0.7156095197840757,0.4471019715964728,0.986220787930021,0.10701135875901756
60.0,18.96,-0.2839818620895762,0.45229753163154596,-0.015398530655928062,0.12374622809823445,0.7184390410509056,0.44573431490139526,0.9865949158984029,0.10542453892991384
60.0,18.98,-0.28116118857850925,0.4509359395209711,-0.015004909697940057,0.12218667100084699,0.7212598572946427,0.44434894524295915,0.9869650670938529,0.10383159859689957
60.0,19.0,-0.27834917524419606,0.4495566440613343,-0.014615049338296342,0.12062073730925327,0.7240719237065084,0.4429458894479417,0.9873312407692891,0.10223232217803283
60.0,19.02,-0.27554573228188795,0.44815972688606037,-0.014228941351262535,0.11904818042544149,0.7268752201999393,0.44152515395018294,0.9876934345310378,0.10062648167360592
60.0,19.04,-0.2727509214154932,0.4467451593436861,-0.013846586997864391,0.11746878666184221,0.7296697037863239,0.44008676501530786,0.9880516436965363,0.09901384880460333
60.0,19.06,-0.2699647393587911,0.4453129797957498,-0.013467983388608561,0.11588229652749411,0.7324553645728077,0.4386307333146646,0.988405861047272,0.097394188038344
60.0,19.08,-0.2671873232534775,0.4438631051005369,-0.013093135259207104,0.1142884497936087,0.7352321521380075,0.4371570615581769,0.9887560772158065,0.09576726012821461
60.0,19.1,-0.264418516195188,0.44239566383976137,-0.012722044793504162,0.11268700345640018,0.7380000411940791,0.4356657494002838,0.9891022798418355,0.09413282204910026
60.0,19.12,-0.2616584571806332,0.44091057027333325,-0.01235472167904722,0.11107769440539295,0.740759016607206,0.4341568188768252,0.9894444546908463,0.09249062189887791
60.0,19.14,-0.2589071405340443,0.43940784614879996,-0.011991175837162813,0.10946024581062122,0.7435090375734911,0.43263025862246507,0.9897825845166799,0.09084040403290973
60.0,19.16,-0.2561646326685867,0.4378874564439841,-0.011631415881902972,0.10783438539075568,0.7462500647480063,0.4310860748374613,0.9901166490826752,0.08918191083125593
60.0,19.18,-0.25343085145246586,0.43634945984921,-0.011275459859324497,0.10619983647273244,0.7489820927635513,0.4295242751777607,0.990446625660077,0.08751487405536447
60.0,19.2,-0.2507059425008208,0.43479377527109786,-0.010923323828234495,0.10455630047211713,0.7517050738473687,0.42794484194148324,0.9907724888092451,0.08583902007366734
60.0,19.22,-0.24798982168308106,0.43322044890167655,-0.010575029169164935,0.1029034875785159,0.7544189703794513,0.42634778004315216,0.9910942097402758,0.08415406982796957
60.0,19.24,-0.24528256180103233,0.43162944324256464,-0.010230597815617857,0.10124108751052129,0.7571237701575594,0.4247330906333599,0.9914117563560001,0.08245973886335389
60.0,19.26,-0.24258423127205925,0.43002071172840156,-0.009890060953444399,0.09956880032066558,0.7598194354294968,0.42310075957388166,0.9917250938040582,0.08075573391454274
60.0,19.28,-0.23989475325376333,0.4283942975990164,-0.009553444674467029,0.09788629890130081,0.7625059213917843,0.42145078557743737,0.9920341832745994,0.07904175805829788
60.0,19.3,-0.2372141981564102,0.4267501489354258,-0.009220784672432423,0.09619324922740564,0.7651832144364259,0.4197831318507678,0.9923389830708697,0.07731750211692996
60.0,19.32,-0.23454263818944232,0.4250882153587418,-0.00889211526332599,0.09448932100998675,0.7678512719311061,0.41809781429118054,0.9926394472055582,0.07558265677100837
60.0,19.34,-0.23187999962007605,0.4234085291318542,-0.008567479268752108,0.09277416398726412,0.7705100647929514,0.41639480348290964,0.9929355265266162,0.07383689699628998
60.0,19.36,-0.2292263549209695,0.42171103094919926,-0.008246921939451488,0.09104743168630508,0.7731595495898566,0.41467409633891733,0.9932271676638339,0.0720798942099792
60.0,19.38,-0.2265817788046185,0.4199956637071492,-0.007930489310981514,0.08930874132740806,0.7757997137928954,0.4129356536128546,0.9935143129772277,0.07031131281753795
60.0,19.4,-0.22394627269002443,0.4182624069430112,-0.007618237637249644,0.08755774047284623,0.7784305055112647,0.4111794664198456,0.9937969006950671,0.06853080677282891
60.0,19.42,-0.22131976642459467,0.4165112748134596,-0.007310221118545876,0.08579402019453045,0.7810518963362989,0.40940550310588775,0.9940748646627485,0.0667380213387438
60.0,19.44,-0.21870241211097702,0.41474216619280857,-0.007006503193282974,0.08401720416928884,0.7836638346665812,0.4076137540106704,0.9943481341053708,0.06493259136646018
60.0,19.46,-0.21609414210431918,0.4129550884938943,-0.006707151236159715,0.08222686847351827,0.786266317477378,0.4058041820980205,0.9946166331522581,0.06311414479106005
60.0,19.48,-0.21349503529111724,0.4111499696565593,-0.006412235511972542,0.08042259469647105,0.7888592732863199,0.40397674894146,0.9948802810610425,0.06128230094775856
60.0,19.5,-0.2109050973940729,0.4093267687041508,-0.006121834774352706,0.07860396408847664,0.791442684937971,0.40213144373891274,0.995138991814915,0.05943666361928005
60.0,19.52,-0.20832434121259702,0.4074854516031321,-0.005836030055441046,0.07677051198796929,0.794016506052901,0.40026822273403523,0.9953926738795156,0.05757682978404011
60.0,19.54,-0.2057528478424099,0.4056259367718248,-0.005554911707649499,0.07492179555034292,0.7965807083277021,0.39838705084153614,0.9956412296057615,0.055702387890730336
60.0,19.56,-0.2031906292688617,0.4037481780690751,-0.0052785753454961835,0.07305733873273423,0.7991352358102931,0.39648787860826895,0.9958845558082193,0.05381291097395364
60.0,19.58,-0.20063770031194647,0.4018521278532747,-0.005007120866903002,0.0711766476162822,0.8016800478921636,0.3945706986921324,0.996122542479896,0.05190796186842488
60.0,19.6,-0.19809407424571382,0.39993772809813116,-0.00474065681031188,0.06927922921257179,0.804215113993634,0.39263543868260886,0.9963550732866648,0.0499870915558609
60.0,19.62,-0.19555983948488462,0.39800489055848653,-0.0044792983997644035,0.06736456000876892,0.8067403834375666,0.39068206798642113,0.9965820250056222,0.04804983745581941
60.0,19.64,-0.19303494608673022,0.3960535911508719,-0.004223169236740547,0.06543210523851604,0.8092558112298175,0.38871054108965836,0.9968032665816786,0.046095726936505356
60.0,19.66,-0.190519484587587,0.39408373298990806,-0.003972400702316204,0.06348132277513263,0.8117613597257138,0.3867207982424961,0.9970186600212705,0.04412426871525112
60.0,19.68,-0.18801347540084593,0.39209524516539673,-0.003727132806887474,0.06151163475480167,0.8142569717457804,0.38471280476733893,0.9972280587621316,0.04213496332063549
60.0,19.7,-0.18551701141179078,0.3900880253509676,-0.0034875122414415537,0.059522459355120086,0.8167426002629002,0.3826865132090921,0.9974313079202057,0.04012729272940863
60.0,19.72,-0.18302998121900876,0.3880620611735935,-0.003253699532930934,0.057513199295042734,0.8192182054785768,0.3806418443947597,0.9976282439213701,0.03810072566974796
60.0,19.74,-0.18055262009418827,0.38601718553863984,-0.0030258603861388718,0.05548321425819695,0.8216837288905486,0.3785787622707528,0.997818693815549,0.036054714201369145
60.0,19.76,-0.17808482270290651,0.3839533808130112,-0.002804173875938145,0.053431865384155335,0.8241391210048891,0.37649720001032455,0.998002474537038,0.03398869379101258
60.0,19.78,-0.17562661716161762,0.3818705498100582,-0.002588829582208816,0.05135847937665261,0.8265843325880465,0.3743970906470446,0.9981793930798859,0.03190208691630269
60.0,19.8,-0.17317817806285377,0.37976855593391784,-0.0023800300429865553,0.04926237320217891,0.8290193033906779,0.37227837939670794,0.9983492454023164,0.029794292680510554
60.0,19.82,-0.17073940325386244,0.3776473539579768,-0.0021779877584659525,0.047142825761295234,0.8314439744612313,0.3701410119714902,0.998511816014786,0.02766469564483312
60.0,19.84,-0.16831046808130196,0.37550679542685106,-0.0019829308371975283,0.04499910224834483,0.8338583007042314,0.36798488793595396,0.9986668775208136,0.02551266071639177
60.0,19.86,-0.16589134617702808,0.3733468054493725,-0.0017950999685082273,0.042830430952169124,0.8362622103461251,0.3658099644216507,0.9988141896601584,0.023337533264828726
60.0,19.88,-0.16348201774114018,0.3711673088724384,-0.0016147515531090362,0.04063602693816021,0.8386556500984416,0.3636161545150567,0.9989534988499595,0.021138637520870765
60.0,19.9,-0.1610826592636878,0.368968137993521,-0.0014421567521878547,0.03841506983259473,0.8410385501216247,0.3614033987863971,0.9990845373041278,0.0189152784647915
60.0,19.92,-0.1586933181722072,0.3667491781134284,-0.001277604550173702,0.03616670500763477,0.8434108566646055,0.35917159256639675,0.9992070224164125,0.016666735536516358
60.0,19.94,-0.15631392072755804,0.3645103725469619,-0.0011214023552268077,0.033890051074550176,0.8457724960024371,0.35692067475412165,0.9993206557467592,0.014392268213585205
60.0,19.96,-0.15394464662556573,0.3622515369804544,-0.0009738746982798436,0.031584201036264185,0.8481233978104462,0.35465056842114867,0.9994251221990056,0.012091110794915214
60.0,19.98,-0.1515854926349749,0.35997257902061486,-0.0008353672030426781,0.029248206118899892,0.8504634949208975,0.35236118064379546,0.999520089096936,0.009762473304982157
60.0,20.0,-0.14923657865902243,0.3576733333937548,-0.0007062478080547088,0.02688108603893195,0.852792717947159,0.3500524176260914,0.9996052051505572,0.00740553944987142
80.0,0.0,-1.9253550851530712e-07,-2.4261280821249833e-05,-1.1315135722084366e-05,-2.574233329555922e-06,0.9999993837315512,2.2305559388012176e-05,0.9999996136320539,3.4565169575492156e-06
80.0,0.02,-1.163568445124498e-05,-0.0033882374558338313,-8.946355012005848e-06,-0.00012081122047211756,0.9999882726449291,-0.0033545728596302057,0.9999996745279333,-0.0001601111001642878
80.0,0.04,-4.572216573775539e-05,-0.006752189829677118,-6.662637903029353e-06,-0.0002390938168443013,0.9999543733079775,-0.006731104648015333,0.9999996912770976,-0.00032365572263994116
80.0,0.06,-0.00010245214977948691,-0.010115922134793178,-4.464013565513038e-06,-0.00035742253490882994,0.9998976920588378,-0.010107097356866018,0.9999996639618436,-0.0004871794408876914
80.0,0.08,-0.00018182362464482727,-0.013479241116776921,-2.350509210445502e-06,-0.0004757978777583245,0.9998182373068043,-0.013482358888147434,0.9999995926611454,-0.0006506842980787317
80.0,0.1,-0.0002838322515843702,-0.016841948539400804,-3.2211608723694775e-07,-0.000594220371041434,0.9997160195436047,-0.016856697086490006,0.9999994774506148,-0.0008141723583769552
80.0,0.12,-0.00040847188923094874,-0.020203853445717443,1.6211759515057618e-06,-0.000712690510847586,0.9995910513083148,-0.02022992063579585,0.9999993184025178,-0.0009776456859924606
80.0,0.14,-0.0005557338508858331,-0.023564756840508384,3.4794001005287608e-06,-0.0008312087285941133,0.999443347237142,-0.023601837164625,0.9999991155858744,-0.0011411063277258185
80.0,0.16,-0.0007256074937735994,-0.026924465817947437,5.25260005079914e-06,-0.0009497756009585078,0.9992729240367358,-0.02697225501573528,0.9999988690664391,-0.0013045563129655683
80.0,0.18,-0.0009180804006323979,-0.030282784666137496,6.940865321180715e-06,-0.001068391527739905,0.9990798004566475,-0.03034098292068023,0.9999985789066608,-0.0014679977060455824
80.0,0.2,-0.0011331366392036977,-0.0336395170198041,8.544273159389783e-06,-0.0011870570729582248,0.9988639973236167,-0.03370782985049078,0.9999982451658204,-0.0016314325189762697
80.0,0.22,-0.0013707588949709874,-0.03699447141756932,1.0062933572994345e-05,-0.0013057727585979464,0.9986255375150634,-0.037072605039353314,0.9999978679000031,-0.001794862763802021
80.0,0.24,-0.0016309291284450239,-0.040347453757086,1.1496978642491199e-05,-0.0014245392063155502,0.998364445873197,-0.04043511975070674,0.9999974471618016,-0.001958290609678044
80.0,0.26,-0.0019136250652441688,-0.04369827276493795,1.2846549337486612e-05,-0.0015433566779636998,0.9980807495117836,-0.043795180332195455,0.9999969830010287,-0.0021217179814430535
80.0,0.28,-0.0022188219286698786,-0.047046724669635394,1.4111789235839093e-05,-0.0016622257266201,0.9977744773005337,-0.04715260043667157,0.9999964754644554,-0.0022851467865095463
80.0,0.3,-0.002546496002200051,-0.050392627198868445,1.5292912635761053e-05,-0.0017811469135414195,0.9974456602260854,-0.05050719058784367,0.9999959245949397,-0.002448579281379202
80.0,0.32,-0.002896617398830701,-0.053735784540804916,1.6390105151397728e-05,-0.0019001207200992232,0.9970943315467132,-0.05385875995946633,0.9999953304329301,-0.002612017373511003
80.0,0.34,-0.003269157712217936,-0.057076005905017484,1.740356049723131e-05,-0.0020191478383950446,0.9967205263407451,-0.05720711986825074,0.999994693015874,-0.002775462970384123
80.0,0.36,-0.0036640832976517273,-0.06041309612947737,1.8333581439612896e-05,-0.002138228365848382,0.9963242815864892,-0.06055208379930121,0.9999940123775436,-0.002938918154027075
80.0,0.38,-0.004081360231469864,-0.06374686088388651,1.9180362551974346e-05,-0.002257363369885102,0.9959056363417299,-0.06389346569427024,0.9999932885488486,-0.003102385006484221
80.0,0.4,-0.0045209517419768615,-0.06707711200411326,1.994424471229587e-05,-0.0023765530188531417,0.9954646319746175,-0.06723107475599464,0.999992521557146,-0.0032658656098113973
80.0,0.42,-0.0049828207063564054,-0.07040367061085304,2.0625468244268303e-05,-0.0024957979315050126,0.9950013112676788,-0.07056472763133098,0.999991711428472,-0.0034293616970138244
80.0,0.44,-0.005466925788677792,-0.07372632643732228,2.1224400125863732e-05,-0.002615098771897532,0.9945157194120715,-0.07389423802692756,0.999990858183541,-0.0035928755246982676
80.0,0.46,-0.0059732235769642495,-0.07704490717298212,2.1741320397501374e-05,-0.0027344562116054048,0.994007903424733,-0.07721942193075346,0.9999899618421724,-0.0037564088258844877
80.0,0.48,-0.006501669039060512,-0.08035921371368432,2.217665232002509e-05,-0.0028538703414381673,0.9934779124453176,-0.08054009067580555,0.9999890224190365,-0.003919963857189392
80.0,0.5,-0.007052216632390728,-0.0836690666499367,2.2530683572496424e-05,-0.0029733421119314133,0.992925797102232,-0.08385606487538144,0.9999880399274814,-0.004083542526170754
80.0,0.52,-0.007624817159100546,-0.08697426664547624,2.2803902876103137e-05,-0.0030928723482657465,0.9923516104620169,-0.0871671605591683,0.9999870143766723,-0.004247146914915061
80.0,0.54,-0.008219417842954156,-0.09027463392504523,2.2996636232856338e-05,-0.0032124610636185933,0.9917554075631486,-0.09047319265294958,0.9999859457746795,-0.004410778756446617
80.0,0.56,-0.008835969077946794,-0.09356999529355545,2.31094083141746e-05,-0.003332109429633945,0.9911372447817232,-0.09377398192371174,0.9999848341248785,-0.00457444013284551
80.0,0.58,-0.009474414291215144,-0.09686014015336863,2.3142542553971632e-05,-0.0034518176059142396,0.9904971809255748,-0.0970693463732225,0.999983679427664,-0.004738133126184728
80.0,0.6,-0.010134695511308005,-0.1001449021917829,2.3096599367407055e-05,-0.003571586471809649,0.9898352764144247,-0.10035910642262116,0.9999824816806778,-0.004901859818529078
80.0,0.62,-0.010816753891159804,-0.10342409311916177,2.2972071503705527e-05,-0.003691416853476501,0.9891515936505909,-0.1036430832237897,0.9999812408801182,-0.005065621942871524
80.0,0.64,-0.011520529225308806,-0.1066975311172831,2.2769363776561468e-05,-0.00381130890889405,0.9884461967811498,-0.10692109865786034,0.9999799570174874,-0.005229421581251337
80.0,0.66,-0.012245960246583034,-0.10996504256720897,2.2489074073635413e-05,-0.003931263860487142,0.9877191524140105,-0.11019297194468729,0.9999786300815343,-0.005393260815693082
80.0,0.68,-0.012992980762399813,-0.11322642721594023,2.213175072424798e-05,-0.004051282422400745,0.9869705279073829,-0.11345852995083337,0.999977260058877,-0.0055571415536737265
80.0,0.7,-0.01376152134120666,-0.1164815112162726,2.169784125674703e-05,-0.004171364826261312,0.9862003934671676,-0.11671759522393427,0.9999758469333782,-0.0057210657026515776
80.0,0.72,-0.014551516806462291,-0.1197301227822791,2.118802252852914e-05,-0.00429151225363089,0.9854088204744631,-0.11996999280975003,0.9999743906847702,-0.005885035344590659
80.0,0.74,-0.015362895915947743,-0.12297208947834119,2.0602807637446128e-05,-0.004411725314305108,0.9845958821278623,-0.12321555034352624,0.9999728912901444,-0.006049052561432355
80.0,0.76,-0.01619558634254023,-0.12620721198860035,1.9942815766676398e-05,-0.004532005155449063,0.9837616541723511,-0.1264540911842369,0.9999713487266254,-0.006213118911506121
80.0,0.78,-0.017049512385721673,-0.12943533299833154,1.9208591959461212e-05,-0.004652351807551124,0.9829062128215573,-0.12968544813775587,0.9999697629634732,-0.006377236825756071
80.0,0.8,-0.017924597166807634,-0.13265626754968238,1.840092094369868e-05,-0.004772766880300578,0.9820296371457804,-0.13290944807109364,0.9999681339698074,-0.006541408211508735
80.0,0.82,-0.01882076749355307,-0.13586985476737773,1.7520227575125033e-05,-0.004893250692232451,0.9811320075316394,-0.1361259204654081,0.9999664617136171,-0.006705634801535082
80.0,0.84,-0.019737938191714405,-0.1390758948722472,1.6567397515605836e-05,-0.005013804306509978,0.9802134059810154,-0.13933469747236332,0.9999647461572697,-0.0068699186776235354
80.0,0.86,-0.020676029610296295,-0.1422742434262468,1.5542919187765668e-05,-0.00513442849605687,0.9792739165673834,-0.14253561050887237,0.9999629872602536,-0.007034261921525567
80.0,0.88,-0.02163495785402538,-0.14546472192969628,1.444746528036957e-05,-0.005255124492030908,0.9783136244910394,-0.14572849363401388,0.9999611849804442,-0.007198666614962659
80.0,0.9,-0.02261464034903858,-0.14864715631119446,1.3281899075977366e-05,-0.005375892485616587,0.9773326168622282,-0.14891318193393777,0.9999593392747342,-0.007363134316023992
80.0,0.92,-0.023614990112634397,-0.15182139008232143,1.20467171694914e-05,-0.005496734456573472,0.9763309824618882,-0.1520895115089888,0.9999574500912549,-0.007527667455388948
80.0,0.94,-0.024635912089229266,-0.15498722829389375,1.074267466258123e-05,-0.005617651013167307,0.9753088121113365,-0.15525731780761778,0.9999555173818914,-0.007692267765599446
80.0,0.96,-0.02567732190692722,-0.15814452224924647,9.370609799925819e-06,-0.005738642508557249,0.9742661981846118,-0.1584164373193108,0.999953541092545,-0.007856937153662707
80.0,0.98,-0.02673912765021246,-0.16129312104335986,7.931140384472938e-06,-0.005859711067193749,0.9732032329067092,-0.16156671429222744,0.9999515211638916,-0.008021677875588816
80.0,1.0,-0.027821234999336406,-0.1644328533833065,6.42504312832933e-06,-0.0059808567339284385,0.9721200126748281,-0.16470798400134123,0.9999494575405387,-0.008186491663783647
80.0,1.02,-0.0289235446058931,-0.16756353016989356,4.853056968919894e-06,-0.006102080921468032,0.9710166327452824,-0.16784009109281484,0.9999473501569539,-0.008351380774148659
80.0,1.04,-0.03004596634738396,-0.17068502725168058,3.2158701308481073e-06,-0.006223385333191381,0.9698931936450139,-0.17096287846952182,0.9999451989494035,-0.008516346938959942
80.0,1.06,-0.031188409816371814,-0.17379715649389232,1.5142195151238462e-06,-0.0063447700618527135,0.9687497929821679,-0.17407619462908888,0.9999430038488076,-0.008681392239486897
80.0,1.08,-0.032350741712668704,-0.17689978124121378,-2.50881380164938e-07,-0.006466236722755914,0.9675865340329932,-0.17717987772524976,0.9999407647873845,-0.008846518582439174
80.0,1.1,-0.03353286987842059,-0.17999273003799715,-2.078927798951663e-06,-0.006587787447507552,0.9664035195658218,-0.18027376497785383,0.9999384816875886,-0.009011728048940442
80.0,1.12,-0.0347347312250428,-0.18307585057146872,-3.969155654146689e-06,-0.006709421468765246,0.9652008502137801,-0.18335773772803177,0.9999361544750798,-0.009177022720103649
80.0,1.14,-0.03595619776448502,-0.1861489976662356,-5.920521838127049e-06,-0.0068311415865166935,0.9639786360326685,-0.18643161017985058,0.9999337830716205,-0.009342404327894325
80.0,1.16,-0.0371971354049234,-0.18921201326653347,-7.932530870071015e-06,-0.006952948576002651,0.962736983303513,-0.18949524913438678,0.9999313673916714,-0.009507875127777614
80.0,1.18,-0.038457473415680885,-0.19226472593508456,-1.0004301271932345e-05,-0.007074843962019309,0.9614759982733412,-0.19254850485199945,0.9999289073526999,-0.009673437026129753
80.0,1.2,-0.03973708099389558,-0.19530701380674917,-1.2134909688943346e-05,-0.007196828981110197,0.9601957905586124,-0.19559124664619373,0.9999264028674283,-0.009839091929237207
80.0,1.22,-0.0410358561200905,-0.1983387355294422,-1.4323774713682693e-05,-0.007318905139298183,0.9588964756556452,-0.1986232936392336,0.9999238538443881,-0.01000484191783559
80.0,1.24,-0.04235372148041932,-0.20135969825891406,-1.6570035481831265e-05,-0.007441072281208537,0.9575781621447947,-0.20164453434001656,0.9999212601883977,-0.01017068907257465
80.0,1.26,-0.04369047110268837,-0.2043698027825,-1.8872806365488364e-05,-0.007563334321894888,0.9562409621059329,-0.20465482402435714,0.9999186218058175,-0.010336635299532363
80.0,1.28,-0.04504610195753973,-0.20736887323952172,-2.123142653183794e-05,-0.007685690523287505,0.9548849968317177,-0.20765400348531282,0.9999159385971047,-0.010502682504675053
80.0,1.3,-0.046420397484910024,-0.21035678784400919,-2.364509163957377e-05,-0.007808143902493116,0.9535103772303045,-0.21064194721871696,0.9999132104588427,-0.010668832942949617
80.0,1.32,-0.047813320663200945,-0.21333338986203776,-2.6112965849297002e-05,-0.007930694959448328,0.9521172195459398,-0.21361853185751228,0.9999104372864083,-0.01083508852015965
80.0,1.34,-0.049224691954837065,-0.21629857930971286,-2.8634334118943894e-05,-0.00805334593506173,0.9507056500862394,-0.21658358497261906,0.9999076189727222,-0.01100145114202535
80.0,1.36,-0.05065442326045734,-0.21925215222515324,-3.1208318849759655e-05,-0.008176097960911587,0.9492757824548657,-0.21953700215427804,0.9999047554086005,-0.011167922888723671
80.0,1.38,-0.05210241489087127,-0.22219402834385768,-3.3834305095715085e-05,-0.008298951771461121,0.9478277414948499,-0.22247863022869638,0.9999018464756997,-0.011334506014807485
80.0,1.4,-0.05356850040434978,-0.22512402299445847,-3.651138533828616e-05,-0.008421910441403184,0.9463616476500274,-0.2254083509925919,0.999898892062457,-0.011501202251228785
80.0,1.42,-0.05505257599439944,-0.22804205414404033,-3.923877049262391e-05,-0.008544975485574943,0.9448776240243948,-0.22832603047543695,0.9998958920485861,-0.01166801367785397
80.0,1.44,-0.0565544797016178,-0.2309479785452836,-4.201580219371769e-05,-0.00866814760801047,0.9433757918253386,-0.23123155277181184,0.9998928463123684,-0.011834942374467186
80.0,1.46,-0.058074168980575123,-0.23384162532370126,-4.484166499340606e-05,-0.008791428547566215,0.941856283429314,-0.23412477088879274,0.9998897547239519,-0.012001990595227732
80.0,1.48,-0.059611452057626566,-0.23672291637797757,-4.7715526748982235e-05,-0.008914820011035222,0.9403192261127253,-0.23700555519678532,0.999886617162729,-0.012169159896180792
80.0,1.5,-0.06116625046718436,-0.23959171461001244,-5.063685921077897e-05,-0.009038324599395138,0.9387647386946123,-0.23987380993302415,0.9998834334906308,-0.012336452880324152
80.0,1.52,-0.06273834374245109,-0.2424478530137019,-5.360496832812112e-05,-0.009161943657453386,0.9371929576077409,-0.2427293925310381,0.9998802035797388,-0.012503871103472166
80.0,1.54,-0.06432771074488672,-0.2452912516298427,-5.661883168843245e-05,-0.009285679226357157,0.9356040075467909,-0.24557219348956555,0.9998769272899837,-0.012671416993911132
80.0,1.56,-0.06593414363328565,-0.24812180927674207,-5.9677884810876136e-05,-0.009409531826370115,0.9339980215253142,-0.24840208913558487,0.9998736044839736,-0.012839092281727056
80.0,1.58,-0.06755754950762302,-0.2509393492240312,-6.278141375618239e-05,-0.009533504660942235,0.9323751324008634,-0.2512189569357495,0.9998702350174422,-0.013006899220459129
80.0,1.6,-0.06919775825170307,-0.25374375835788965,-6.592868636310431e-05,-0.00965759926266104,0.9307354705767829,-0.25402269231691726,0.9998668187434032,-0.013174840063531451
80.0,1.62,-0.0708547056496519,-0.25653497033398576,-6.911913544957248e-05,-0.00978181755203562,0.9290791684179869,-0.25681317493131783,0.9998633555156795,-0.013342916540677579
80.0,1.64,-0.07252820048948196,-0.2593128061207786,-7.235202391606741e-05,-0.009906161789087577,0.92740636451824,-0.25959028733582173,0.9998598451833061,-0.013511130730564768
80.0,1.66,-0.07421808303074261,-0.2620772131512622,-7.562659151188937e-05,-0.010030632211042417,0.9257171929770501,-0.2623539120582102,0.9998562875879315,-0.013679485060756277
80.0,1.68,-0.07592425987969591,-0.2648280303630046,-7.89424508081765e-05,-0.010155232679387427,0.924011784815198,-0.2651039668304311,0.9998526825757208,-0.013847981260627843
80.0,1.7,-0.07764661012725517,-0.26756517370666305,-8.22986699735663e-05,-0.010279964930504107,0.9222902823096065,-0.2678403214217398,0.9998490299829729,-0.01401662175749339
80.0,1.72,-0.07938495715430266,-0.270288545990531,-8.569465381329159e-05,-0.010404829569070835,0.9205528156291185,-0.270562895692775,0.999845329649582,-0.014185408280463014
80.0,1.74,-0.08113921716840256,-0.27299802433503756,-8.913002040576678e-05,-0.010529830790982112,0.9187995344241867,-0.2732715465937936,0.999841581405335,-0.014354343256575726
80.0,1.76,-0.08290915337758432,-0.27569349627245904,-9.260398494939351e-05,-0.010654967960911256,0.9170305643504251,-0.27596621251143033,0.9998377850824599,-0.014523428589187013
80.0,1.78,-0.08469468823110242,-0.27837486885357465,-9.61158052287384e-05,-0.010780246434724229,0.915246057681027,-0.27864675370736103,0.9998339405092594,-0.01469266635604116
80.0,1.8,-0.08649568594435265,-0.2810420289379477,-9.966524732516077e-05,-0.010905665301808311,0.9134461481476626,-0.2813130959676942,0.9998300475076596,-0.014862058809232585
80.0,1.82,-0.08831201846546659,-0.2836948916664146,-0.00010325175184963191,-0.01103122840419277,0.9116309726735644,-0.2839651497709067,0.9998261058979834,-0.015031608200731295
80.0,1.84,-0.09014349525395932,-0.2863333503326189,-0.00010687434565510748,-0.011156936860475624,0.9098006808039933,-0.2866027958573742,0.9998221155023028,-0.015201316258805974
80.0,1.86,-0.09198998141724053,-0.2889573094455572,-0.00011053284726940246,-0.011282794046719717,0.9079554128455293,-0.28922594830507153,0.9998180761291733,-0.01537118558412727
80.0,1.88,-0.09385134959239623,-0.2915666995721866,-0.00011422667991862067,-0.011408801751592429,0.9060953085342714,-0.29183452224708084,0.9998139875938477,-0.01554121807919206
80.0,1.9,-0.09572744734677112,-0.2941613757789761,-0.00011795546398702135,-0.011534961365796792,0.9042205091134745,-0.2944284345360426,0.9998098497051555,-0.015711415820833175
80.0,1.92,-0.09761816180488797,-0.2967413181809234,-0.00012171843037918746,-0.011661275169484371,0.9023311666363367,-0.29700757192119664,0.9998056622688049,-0.015881781060267507
80.0,1.94,-0.09952327944122595,-0.2993063781262633,-0.0001255152368863238,-0.011787747692301278,0.9004274214110329,-0.29957185355364885,0.9998014250831245,-0.016052316048482902
80.0,1.96,-0.1014427255945724,-0.30185648352359645,-0.0001293454882343642,-0.011914377570720084,0.8985094140716564,-0.3021212173810325,0.99979713794995,-0.016223022861865145
80.0,1.98,-0.10337630730637414,-0.3043915573192663,-0.0001332086692296237,-0.012041171058991077,0.8965772952011735,-0.30465555360177005,0.9997928006632908,-0.016393903751101543
80.0,2.0,-0.1053238861708996,-0.30691151611308326,-0.00013710439686756394,-0.012168126989589752,0.8946312105689886,-0.3071747870465599,0.9997884130190016,-0.016564960617703954
80.0,2.02,-0.10728532163756067,-0.309416272528685,-0.00014103235040543928,-0.012295249086328055,0.8926713086105806,-0.3096788273217204,0.9997839748021563,-0.016736196061061602
80.0,2.04,-0.10926047435346943,-0.31190574498907564,-0.0001449919954154225,-0.012422540474708694,0.8906977239972897,-0.3121676329176846,0.9997794857978933,-0.01690761215680942
80.0,2.06,-0.11124920349428491,-0.31437984991293816,-0.0001489829921892293,-0.01255000216798198,0.8887106178110732,-0.31464108554566583,0.9997749457921271,-0.017079210980470647
80.0,2.08,-0.11325131372254606,-0.31683852792623723,-0.00015300503464745188,-0.012677637309985149,0.8867101288090024,-0.3170991302754687,0.9997703545627775,-0.017250994781851114
80.0,2.1,-0.11526672009548852,-0.3192816847026655,-0.0001570575937816126,-0.01280544831106202,0.8846964100957546,-0.3195416836515054,0.9997657118819185,-0.01742296598507095
80.0,2.12,-0.11729522488503012,-0.321709261360315,-0.0001611406006755476,-0.012933438263511572,0.8826696075608983,-0.3219686784488974,0.9997610175229166,-0.017595126839595944
80.0,2.14,-0.11933668540322448,-0.3241211821367273,-0.00016525374763948645,-0.013061607949797304,0.8806298673633279,-0.3243800488459758,0.9997562712807807,-0.017767478024235266
80.0,2.16,-0.12139095895781225,-0.32651737324302765,-0.00016939653152005571,-0.01318996025843948,0.8785773359164898,-0.32677573042343605,0.9997514728665478,-0.01794002492890074
80.0,2.18,-0.12345790550835369,-0.32889776987525304,-0.00017356892292147107,-0.013318498723017116,0.8765121733816008,-0.3291556303251977,0.9997466220819613,-0.018112767534064784
80.0,2.2,-0.1255373804809067,-0.3312622968569215,-0.00017777040960308601,-0.013447224444663258,0.8744345142913569,-0.3315197173092668,0.9997417186636766,-0.018285709309809224
80.0,2.22,-0.1276291847901617,-0.3336109129912394,-0.00018200100143092097,-0.0135761421907346,0.872344512557184,-0.33386791632517093,0.9997367624091071,-0.018458850236258283
80.0,2.24,-0.12973323137632878,-0.33594352547823375,-0.00018626017291739128,-0.013705251094920068,0.870242322439544,-0.336200153877215,0.9997317530168454,-0.018632195527968166
80.0,2.26,-0.13184932024306084,-0.33826009693755515,-0.00019054821427340882,-0.013834557092495797,0.8681280926222763,-0.3385163731764633,0.9997266902767513,-0.01880574516463657
80.0,2.28,-0.13397730822835147,-0.3405605670341286,-0.00019486439023458802,-0.013964060385588097,0.8660019699488132,-0.34081651805593677,0.9997215739111656,-0.018979502615490723
80.0,2.3,-0.13611704780428885,-0.34284486593990965,-0.00019920874498952827,-0.014093764863883385,0.8638641044050667,-0.3431005349171887,0.9997164036410331,-0.01915347134957136
80.0,2.32,-0.13826845953732295,-0.34511292117564757,-0.00020358105491477402,-0.01422367172256974,0.8617146450997747,-0.345368371177036,0.9997111792453053,-0.019327651345925453
80.0,2.34,-0.14043127585244095,-0.3473647140057298,-0.00020798140958281004,-0.01435378592173629,0.8595537402624143,-0.34761997525193483,0.9997059004381859,-0.019502046073155938
80.0,2.36,-0.14260541525198622,-0.34960017093368323,-0.00021240960087158723,-0.014484108011069599,0.8573815453217057,-0.3498552823839283,0.9997005669599018,-0.019676657254730175
80.0,2.38,-0.14479067316438413,-0.3518192642222719,-0.00021686520434597393,-0.01461464064085488,0.8551982088136895,-0.35207424388273384,0.9996951785169843,-0.01985148835877412
80.0,2.4,-0.1469869632373392,-0.35402190847248755,-0.0002213485748271835,-0.01474538692949312,0.8530038751312796,-0.3542768281441994,0.999689734841435,-0.02002654110826559
80.0,2.42,-0.14919408409305576,-0.3562080889909961,-0.00022585932327994185,-0.014876350491083806,0.8507986990404001,-0.3564629742908429,0.9996842356673479,-0.02020181722606136
80.0,2.44,-0.15141195046824343,-0.3583777230218831,-0.0002303978015609373,-0.015007531961900779,0.8485828302258321,-0.35863263819868907,0.9996786806872843,-0.02037732017950309
80.0,2.46,-0.15364035698108153,-0.360530791284455,-0.0002349633906373496,-0.015138935853333155,0.8463564246931887,-0.36078576235526755,0.9996730696224788,-0.020553051690845613
80.0,2.48,-0.1558790957677357,-0.36266727489160805,-0.00023955648226911327,-0.015270563643614116,0.8441196186329023,-0.36292233456412637,0.9996674021704242,-0.020729015227179366
80.0,2.5,-0.15812814912675932,-0.36478707636786184,-0.00024417672268111566,-0.015402418978904476,0.8418725689963277,-0.36504230044260255,0.9996616780748084,-0.02090521076538065
80.0,2.52,-0.1603872467286108,-0.3668902094230086,-0.00024882455061638926,-0.015534504151799007,0.8396154299556968,-0.3671456058784989,0.9996558969641806,-0.021081643516244846
80.0,2.54,-0.1626563715000152,-0.36897657519979465,-0.0002534996182350697,-0.015666821858679104,0.8373483403418979,-0.36923224381079917,0.9996500585834789,-0.021258315201813458
80.0,2.56,-0.16493518763947868,-0.3710462215799733,-0.0002582021356450259,-0.015799375182568777,0.8350714607057357,-0.37130214823622143,0.999644162644604,-0.021435225797754687
80.0,2.58,-0.16722374407910934,-0.3730990233419825,-0.00026293202995228876,-0.015932165775940962,0.8327849277018684,-0.3733553138098648,0.9996382087544482,-0.02161238225933005
80.0,2.6,-0.1695217012648343,-0.37513502915055275,-0.0002676895537638525,-0.01606519747842736,0.8304889038348424,-0.3753916782440807,0.9996321966819215,-0.02178978281753383
80.0,2.62,-0.17182904842345972,-0.3771541521129343,-0.00027247467175525654,-0.016198472676548416,0.8281835330006325,-0.3774112247216572,0.9996261260436414,-0.021967432681929314
80.0,2.64,-0.17414557511395948,-0.37915638537233737,-0.00027728764869407277,-0.016331994101872523,0.8258689550419318,-0.3794139358735507,0.9996199965913001,-0.022145331828283082
80.0,2.66,-0.17647120631755356,-0.38114167121567216,-0.0002821281993193433,-0.01646576484903987,0.8235453342947125,-0.38139975455782343,0.9996138079134929,-0.02232348546513326
80.0,2.68,-0.1788056634821232,-0.3831100353696529,-0.00028699659118522325,-0.01659978644908807,0.8212128046803829,-0.38336868087888804,0.9996075596964666,-0.022501895311917174
80.0,2.7,-0.1811488705603451,-0.3850614206613845,-0.0002918934743329809,-0.01673406457974695,0.8188715227344291,-0.385320674384299,0.9996012516365445,-0.02268056308810385
80.0,2.72,-0.18350068697905228,-0.38699580450461335,-0.00029681825613388614,-0.016868599538728095,0.8165216286309562,-0.3872557232855117,0.9995948833940889,-0.02285949051215
80.0,2.74,-0.185860967389931,-0.38891315492002343,-0.0003017712624780158,-0.01700339380999045,0.8141632786663693,-0.3891737898582271,0.9995884545706186,-0.02303868279201566
80.0,2.76,-0.1882295038775785,-0.39081348540299793,-0.0003067531779418739,-0.017138452153818717,0.8117966135655852,-0.3910748653047634,0.9995819648447487,-0.02321814164613679
80.0,2.78,-0.19060622360739454,-0.3926967437023458,-0.000311763783113739,-0.017273777731802695,0.8094217806040015,-0.3929589278372628,0.9995754138591155,-0.0233978687919041
80.0,2.8,-0.19299098536677423,-0.3945629084627773,-0.00031680313203301576,-0.017409372011451745,0.8070389287283287,-0.3948259578734557,0.9995688013009286,-0.023577865947530526
80.0,2.82,-0.19538357551468521,-0.3964119864787151,-0.00032187190466889394,-0.017545236705046666,0.8046481960352209,-0.3966759493561001,0.999562126726971,-0.023758138319032843
80.0,2.84,-0.19778385648157495,-0.3982439683154264,-0.00032696996325093993,-0.017681377871382593,0.8022497379091063,-0.39850887116019235,0.9995553898383946,-0.023938685878958185
80.0,2.86,-0.2001916851181308,-0.4000588336956738,-0.0003320976865528389,-0.017817795791216465,0.7998436928809212,-0.400324720161465,0.9995485902404359,-0.02411951208845288
80.0,2.88,-0.2026069940495598,-0.40185653881084427,-0.00033725523918083,-0.01795449508680953,0.7974302089043489,-0.4021234818036279,0.9995417275046808,-0.02430062215316172
80.0,2.9,-0.20502949987974634,-0.4036371341709943,-0.0003424430396898551,-0.018091476539120546,0.7950094309195289,-0.4039051414188427,0.9995348013465974,-0.024482014299742935
80.0,2.92,-0.2074592077106281,-0.40540054504685413,-0.00034766101253652854,-0.018228747443887684,0.7925815063580537,-0.4056696869931152,0.999527811278968,-0.024663695477485263
80.0,2.94,-0.20989583227800662,-0.40714682340794794,-0.0003529101716948541,-0.01836630489953118,0.7901465599515598,-0.40741713114319805,0.9995207569712146,-0.02484566565700365
80.0,2.96,-0.21233938170794978,-0.40887589706137134,-0.0003581901596261518,-0.01850415677188467,0.787704763596739,-0.409147442237361,0.9995136380166652,-0.025027928297930668
80.0,2.98,-0.21478957099819285,-0.4105878234660964,-0.0003635014289169057,-0.01864230272856555,0.7852562241994733,-0.4108606437275581,0.999506454038353,-0.0252104851148169
80.0,3.0,-0.21724633663650528,-0.41228256556083615,-0.00036884453789378925,-0.018780746914762485,0.7828011184503333,-0.41255669192024963,0.9994992045691518,-0.02539334131083865
80.0,3.02,-0.2197094675300229,-0.41396015339575265,-0.0003742194104820785,-0.01891949377163584,0.780339570584415,-0.4142356219065427,0.9994918892717702,-0.025576496855456203
80.0,3.04,-0.22217890213031297,-0.4156205521296615,-0.00037962693172943,-0.019058545812591813,0.7778717169613512,-0.4158974239809483,0.9994845076622757,-0.02575995695088359
80.0,3.06,-0.2246545001491239,-0.41726375138306615,-0.0003850673060470177,-0.019197903577901406,0.775397709915368,-0.41754208086481104,0.9994770593546987,-0.025943723310396922
80.0,3.08,-0.22713605369857204,-0.4188897910872092,-0.00039054050242057496,-0.019337572229683544,0.7729176779994795,-0.4191695988293966,0.9994695438929042,-0.02612779939077967
80.0,3.1,-0.22962342760621082,-0.42049867387274587,-0.0003960471317883083,-0.019477554967424343,0.770431776001308,-0.42077999964760815,0.999461960932776,-0.026312185160274473
80.0,3.12,-0.23211656344361897,-0.4220903676296047,-0.00040158783000412176,-0.019617855221499,0.7679401211475503,-0.42237326855766,0.9994543099334331,-0.02649688756408058
80.0,3.14,-0.23461524564325895,-0.4236649017403068,-0.0004071628664074575,-0.019758474387765148,0.7654428746768497,-0.4239494161834994,0.9994465905118165,-0.026681906568858826
80.0,3.16,-0.23711934805233972,-0.4252222957488964,-0.0004127725709480425,-0.01989941632398553,0.7629401546312129,-0.42550844820816347,0.9994388022253158,-0.026867245630621744
80.0,3.18,-0.2396288085139118,-0.4267625084553128,-0.000418417241294883,-0.02004068281849795,0.76043210502427,-0.427050385932516,0.9994309446054287,-0.027052908204398166
80.0,3.2,-0.24214334448623828,-0.42828562893756117,-0.00042409763853687964,-0.020182280474273017,0.7579188667318857,-0.42857521540682814,0.9994230171692573,-0.027238897744522164
80.0,3.22,-0.2446629714135767,-0.4297915792401313,-0.00042981374424514774,-0.020324211536551114,0.7554005665961894,-0.43008296846183375,0.9994150194903755,-0.027425215960942155
80.0,3.24,-0.2471874114177079,-0.4312804605226434,-0.0004355665655518413,-0.020466476050969212,0.752877344736192,-0.4315736333505383,0.9994069510925568,-0.02761186630756915
80.0,3.26,-0.24971668105024528,-0.4327521933175698,-0.0004413561635615156,-0.02060907894617206,0.750349343200698,-0.4330472357529332,0.9993988114851489,-0.027798852237603477
80.0,3.28,-0.252250501408869,-0.43420688061172613,-0.00044718327942620085,-0.02075202299484546,0.7478166775294313,-0.43450378738075013,0.999390600223414,-0.027986175459577156
80.0,3.3,-0.2547888167099196,-0.43564449040528486,-0.0004530483664142497,-0.020895313567511658,0.7452794886659455,-0.43594331583200496,0.9993823168003034,-0.028173839425600665
80.0,3.32,-0.25733149567148916,-0.4370650335484964,-0.00045895142253034717,-0.021038951450981003,0.7427379150245572,-0.4373658137285058,0.9993739606793296,-0.028361849332256505
80.0,3.34,-0.2598784126848188,-0.4384685305757375,-0.0004648936643073709,-0.021182942408003176,0.7401920879549804,-0.43877130581733836,0.9993655314960339,-0.028550203398119492
80.0,3.36,-0.26242936218784574,-0.4398550423576854,-0.000470875067145497,-0.02132728511567518,0.7376421305310981,-0.4401598306584473,0.9993570285859801,-0.028738910306759236
80.0,3.38,-0.26498429131055595,-0.44122453846631143,-0.0004768965755359523,-0.02147198818213673,0.7350881713235886,-0.44153137890733785,0.9993484515692215,-0.028927968275653224
80.0,3.4,-0.2675430766027612,-0.44257704287530286,-0.00048295818842569407,-0.02161705060424137,0.7325303569980652,-0.4428859883379167,0.9993397998356917,-0.029117384243573827
80.0,3.42,-0.27010551060341687,-0.44391261578591357,-0.0004890612134331491,-0.02176247893225149,0.7299687913502498,-0.44422367219010933,0.9993310729512634,-0.02930715817142408
80.0,3.44,-0.27267154912066266,-0.44523123845703316,-0.0004952052970168193,-0.02190827244783167,0.72740362755907,-0.4455444573763797,0.9993222703269959,-0.029497295252220643
80.0,3.46,-0.2752409894678322,-0.44653298043163003,-0.0005013914617054496,-0.02205444062857861,0.7248349685087749,-0.44684835893414276,0.9993133914214071,-0.029687798934336606
80.0,3.48,-0.27781378378218746,-0.4478178150376491,-0.0005076204703872261,-0.022200980507567622,0.7222629583823943,-0.44813541840611393,0.9993044357827633,-0.029878669177115173
80.0,3.5,-0.2803897308770633,-0.4490858157062815,-0.0005138925610399668,-0.022347899427221946,0.7196877234738791,-0.4494056502498873,0.9992954027720291,-0.030069912916647963
80.0,3.52,-0.28296878521502083,-0.4503369576968618,-0.000520208254213555,-0.02249519981376501,0.7171093813829923,-0.4506590647261898,0.9992862918798726,-0.030261531855499034
80.0,3.54,-0.2855507470227561,-0.4515713180379757,-0.0005265684800619119,-0.022642884222674107,0.7145280503998755,-0.45189572604415407,0.9992771025190617,-0.030453529439186913
80.0,3.56,-0.28813557297299625,-0.45278887362772813,-0.0005329733981201692,-0.022790955367462295,0.7119438631075105,-0.45311563882682404,0.9992678341452939,-0.030645909114144436
80.0,3.58,-0.29072298537329466,-0.45398975554650384,-0.0005394240352270834,-0.02293941872556972,0.7093569519533093,-0.4543188264582081,0.99925848621897,-0.030838672580883596
80.0,3.6,-0.2933130251816838,-0.4551738974473541,-0.0005459209807656034,-0.02308827733667439,0.7067674086748064,-0.45550533985747,0.9992490581019082,-0.031031825027871444
80.0,3.62,-0.29590548843799463,-0.45634137223350196,-0.0005524644337918737,-0.02323753439455097,0.7041753887199637,-0.4566752021715811,0.9992395492174543,-0.031225369899366404
80.0,3.64,-0.29850033920831526,-0.45749216445130336,-0.0005590553503580062,-0.023387190527265903,0.7015809904148281,-0.4578284359710755,0.9992299590176413,-0.03141930889442229
80.0,3.66,-0.3010973778865305,-0.4586263549444838,-0.0005656940833104547,-0.023537254589888052,0.698984335901096,-0.45896508033049,0.9992202868975292,-0.03161364545561082
80.0,3.68,-0.30369649016748596,-0.4597439820846882,-0.0005723816261198892,-0.023687727523618987,0.6963855546484724,-0.46008518042435836,0.9992105322050014,-0.03180838476929982
80.0,3.7,-0.3062975572146557,-0.4608450770764088,-0.0005791185796589754,-0.023838610360341916,0.6937847514121182,-0.4611887489244319,0.9992006943162518,-0.032003530276600384
80.0,3.72,-0.30890046606881383,-0.46192967974984755,-0.0005859053415841479,-0.023989912510008708,0.6911820624033338,-0.462275837991404,0.9991907727281785,-0.032199081930620405
80.0,3.74,-0.31150509907701257,-0.4629978225974401,-0.000592742823169879,-0.024141629757925276,0.6885775751644135,-0.46334648600771494,0.9991807666315,-0.03239504840282295
80.0,3.76,-0.31411142547089926,-0.46404949182161137,-0.0005996315196507058,-0.024293774636119685,0.6859714246158446,-0.46440072923567116,0.999170675528533,-0.03259142964561989
80.0,3.78,-0.31671917047338694,-0.46508483548848445,-0.000606572376340248,-0.02444634313528567,0.6833637213167191,-0.46543858885156,0.999160498749131,-0.032788229096869195
80.0,3.8,-0.31932837826472676,-0.46610377476284764,-0.000613565780537783,-0.024599342541960768,0.6807545826504966,-0.46646012674300713,0.9991502356198482,-0.03298545193958896
80.0,3.82,-0.3219388631277093,-0.46710641486243715,-0.0006206124898852298,-0.024752777511693805,0.6781441179829035,-0.4674653655868338,0.9991398855209127,-0.0331830998666146
80.0,3.84,-0.32455042996681327,-0.4680928497615186,-0.0006277135696464154,-0.024906647114364258,0.6755324436429044,-0.46845435145981845,0.9991294476903831,-0.033381179802841596
80.0,3.86,-0.32716312705272244,-0.46906300148681285,-0.0006348690140347623,-0.025060959127967353,0.672919651541529,-0.4694271320993339,0.9991189215716814,-0.03357969169650754
80.0,3.88,-0.3297767676192903,-0.4700169747652042,-0.0006420805033213113,-0.025215718617517924,0.6703058808104861,-0.47038373683702556,0.9991083064193284,-0.03377864072633133
80.0,3.9,-0.3323912449923413,-0.4709548156237713,-0.0006493478367588876,-0.025370925014943042,0.6676912215777423,-0.47132423188219486,0.9990976015769454,-0.03397803032776732
80.0,3.92,-0.33500644708762634,-0.4718765620583685,-0.000656671845752255,-0.025526583630589485,0.6650757885320333,-0.47224863186634075,0.9990868062676521,-0.03417786567745036
80.0,3.94,-0.33762227168778886,-0.4727822656685943,-0.0006640542766466126,-0.025682699918509293,0.6624596864663258,-0.4731569979732738,0.9990759198758304,-0.034378148465451085
80.0,3.96,-0.34023860718708837,-0.4736719644635498,-0.0006714945841229128,-0.02583927658387528,0.6598430200388794,-0.47404937491253085,0.999064941689033,-0.03457888212381188
80.0,3.98,-0.34285534795722694,-0.474545704530562,-0.0006789944741493644,-0.025996316371805567,0.6572259091331215,-0.4749258020234204,0.9990538708815274,-0.034780073571691786
80.0,4.0,-0.3454723945258315,-0.4754035400556574,-0.0006865539434510646,-0.026153825184025637,0.6546084412574872,-0.47578633138759663,0.9990427068425827,-0.03498172275201888
80.0,4.02,-0.34808964173175083,-0.4762455168919545,-0.0006941747430771156,-0.026311806018024124,0.651990734993964,-0.47663100369776074,0.9990314487382422,-0.03518383658258221
80.0,4.04,-0.35070698248796556,-0.47707167792371535,-0.0007018568142367515,-0.026470262020246313,0.6493728924129408,-0.47745986631445986,0.9990200958173096,-0.035386418491905755
80.0,4.06,-0.3533242323862576,-0.47788213566001775,-0.0007096010217761929,-0.026629196415495996,0.6467550065933778,-0.478272978487824,0.999008647421755,-0.03558947016546184
80.0,4.08,-0.3559414592611781,-0.47867682053087024,-0.0007174084121133382,-0.026788618699977357,0.6441371708572694,-0.4790703831214621,0.9989971027205532,-0.035792996773653454
80.0,4.1,-0.35855847906850985,-0.4794558439664551,-0.0007252797214849646,-0.02694852621105161,0.641519508531667,-0.4798521290464107,0.9989854609007784,-0.03599700348692979
80.0,4.12,-0.36117518896175066,-0.48021925302569957,-0.0007332159489176857,-0.02710892560729032,0.6389021116503492,-0.480618260478108,0.9989737212709432,-0.03620149198789261
80.0,4.14,-0.3637914922768576,-0.48096710260826714,-0.0007412175528017307,-0.027269820600967113,0.6362850863640739,-0.4813688332517988,0.9989618829123413,-0.036406469187825065
80.0,4.16,-0.3664072902689096,-0.4816994443771202,-0.000749285562496868,-0.027431218157599156,0.6336685077456523,-0.4821038982089195,0.9989499451145677,-0.036611936767467705
80.0,4.18,-0.3690224819838491,-0.4824163266871234,-0.0007574207668626413,-0.02759311589562859,0.6310524878871538,-0.4828235177183503,0.9989379070893348,-0.03681789814997857
80.0,4.2,-0.3716369769656371,-0.4831178112023414,-0.0007656244055408919,-0.027755527371391035,0.6284371319485049,-0.48352773266206445,0.9989257679040444,-0.03702436024426543
80.0,4.22,-0.37425067834358444,-0.48380395066791737,-0.0007738967254674043,-0.02791844720491745,0.6258225131630314,-0.48421659534097516,0.9989135267610834,-0.03723132647187956
80.0,4.24,-0.3768634868908907,-0.48447479437965923,-0.0007822389091346227,-0.028081886055235594,0.6232087499174626,-0.4848901589204517,0.9989011828247234,-0.03743880025233216
80.0,4.26,-0.3794753096322303,-0.48513039928921736,-0.0007906513988121958,-0.02824584510307414,0.6205959142089117,-0.485548476639247,0.9988887353016056,-0.037646785006086245
80.0,4.28,-0.3820860556148881,-0.48577082442220065,-0.0007991357234987439,-0.02841032881144688,0.6179841145049626,-0.4861916136167795,0.9988761832596522,-0.03785528589360779
80.0,4.3,-0.3846956314989183,-0.48639612525024456,-0.0008076925377581178,-0.028575345076048503,0.6153734371079679,-0.4868196187290745,0.9988635258076614,-0.038064308076213485
80.0,4.32,-0.3873040308832325,-0.48700629163715503,-0.0008163227270489526,-0.028740892044744556,0.6127639762755202,-0.4874325306326015,0.9988507620930808,-0.038273854970143205
80.0,4.34,-0.38991098994413903,-0.4876015121326093,-0.0008250269682699765,-0.02890697782877575,0.6101558212737861,-0.4880304374391034,0.9988378911924802,-0.03848393173412785
80.0,4.36,-0.39251650601866256,-0.4881817809340482,-0.0008338063613169369,-0.02907360737316993,0.6075490509803755,-0.48861336750256745,0.9988249122893017,-0.0386945400385435
80.0,4.38,-0.39512057884763324,-0.48874709232902835,-0.0008426620254657783,-0.029240785742687566,0.6049437617444109,-0.4891813990378804,0.9988118243160959,-0.038905688526931555
80.0,4.4,-0.39772302603244697,-0.48929756260229057,-0.0008515944882906348,-0.029408514752051387,0.6023400452482227,-0.48973457266564147,0.9987986265155814,-0.03911737712466384
80.0,4.42,-0.4003237657708699,-0.489833258685312,-0.0008606048966186662,-0.0295767996512851,0.5997379910004439,-0.49027294574297275,0.9987853177749267,-0.039329614472031364
80.0,4.44,-0.4029227090255908,-0.4903542380489301,-0.0008696944172661464,-0.029745645813234925,0.5971376706956009,-0.49079659693233724,0.998771897272096,-0.03954240223633691
80.0,4.46,-0.40551976857792094,-0.49086055991970295,-0.000878863715168875,-0.029915058750079822,0.5945391827284293,-0.4913055578243389,0.9987583639400449,-0.039755747312225566
80.0,4.48,-0.4081149494987637,-0.49135221968271764,-0.0008881138867173886,-0.03008504062065067,0.5919425974814736,-0.49179990778390176,0.9987447169141703,-0.039969651363835804
80.0,4.5,-0.410707992182009,-0.49182941636249905,-0.000897445619948548,-0.03025559713057726,0.5893480103598856,-0.4922796953959123,0.9987309550584452,-0.040184123027411395
80.0,4.52,-0.4132989865468431,-0.4922920713932245,-0.0009068601428808619,-0.030426734097497257,0.5867555007617706,-0.492744974427718,0.9987170775694928,-0.040399162222082605
80.0,4.54,-0.41588784824340386,-0.49274024374797676,-0.0009163585991160471,-0.03059845394466706,0.5841651456352165,-0.4931958149257769,0.9987030832655885,-0.04061477758064023
80.0,4.56,-0.41847432252772215,-0.4931741400886273,-0.0009259422557935615,-0.030770762688223305,0.5815770298252891,-0.4936322770253454,0.9986889711818296,-0.04083097250597321
80.0,4.58,-0.4210585052805629,-0.4935936840038453,-0.0009356113214734579,-0.030943666507400273,0.5789912308236286,-0.4940544155866222,0.9986747402547005,-0.041047752142086724
80.0,4.6,-0.42364022159056225,-0.4939990018130835,-0.0009453675227733204,-0.03111716808247644,0.5764078235585242,-0.494462301609728,0.9986603895216872,-0.04126511989033732
80.0,4.62,-0.4262194851263631,-0.49439009143917684,-0.0009552110874802719,-0.03129127379836767,0.5738268929085902,-0.49485598058663655,0.9986459178139642,-0.041483082634663604
80.0,4.64,-0.42879612918087273,-0.49476708882635917,-0.0009651444379924661,-0.031465990107779035,0.5712485124986217,-0.49523552420653755,0.9986313241356732,-0.041701643773339826
80.0,4.66,-0.431370161326919,-0.49512998261754804,-0.0009751670578440966,-0.03164131639650554,0.5686727638865506,-0.4956009944399279,0.9986166073677304,-0.04192080844462389
80.0,4.68,-0.4339414181527889,-0.49547891258772797,-0.0009852809688116052,-0.0318172629472541,0.5660997127664126,-0.4959524578072692,0.9986017663578649,-0.04214058353045025
80.0,4.7,-0.43650981924646104,-0.4958139398447393,-0.0009954875595024042,-0.03199383659408529,0.563529441559781,-0.49628996133561476,0.9985868000369945,-0.042360972423361815
80.0,4.72,-0.43907538252838874,-0.4961350616802132,-0.0010057867713928988,-0.03217103323321637,0.5609620212619296,-0.4966135778817765,0.9985717072805612,-0.042581980258637894
80.0,4.74,-0.44163803119620904,-0.4964423406462018,-0.0010161808090516143,-0.03234886722477884,0.5583975243981424,-0.49692336501693124,0.9985564869582887,-0.04280361217038262
80.0,4.76,-0.4441975982735938,-0.49673591245476756,-0.0010266704326642967,-0.03252734203372479,0.5558360206413172,-0.4972193960778643,0.9985411378881668,-0.04302587328953255
80.0,4.78,-0.44675410703962565,-0.4970157771401519,-0.0010372562896403784,-0.0327064574198827,0.5532775899487431,-0.4975017195296178,0.9985256588529071,-0.04324877049053361
80.0,4.8,-0.449307393762946,-0.4972820739478501,-0.0010479399651199687,-0.032886224461480096,0.5507222943476207,-0.4977704035680637,0.9985100487221152,-0.04347230715855402
80.0,4.82,-0.4518574697566305,-0.49753478745096014,-0.0010587228297449425,-0.033066646849443784,0.5481702015829173,-0.49802552226755065,0.99849430624307,-0.04369649016451072
80.0,4.84,-0.45440426642638193,-0.4977739867359624,-0.0010696056935694202,-0.033247728355294486,0.5456213835201061,-0.4982671193347131,0.9984784302744326,-0.04392132289109324
80.0,4.86,-0.4569476299446701,-0.4979998218876763,-0.001080590081727044,-0.03342947664372403,0.543075912940632,-0.4984952751297256,0.9984624194508663,-0.04414681394825144
80.0,4.88,-0.4594876583114135,-0.4982121939296569,-0.0010916768321849787,-0.03361189567596757,0.5405338493548032,-0.49871005867911633,0.9984462726847279,-0.04437296497292118
80.0,4.9,-0.46202411396721216,-0.4984113355547599,-0.001102866917438423,-0.03379499336913195,0.5379952629058963,-0.4989115146091622,0.9984299885856833,-0.04459978457180263
80.0,4.92,-0.46455701650452613,-0.4985972351974624,-0.001114162380652123,-0.033978773839858215,0.5354602243659323,-0.49909972393942215,0.9984135659659409,-0.04482727612132145
80.0,4.94,-0.46708630019817643,-0.498769962198154,-0.0011255641060595083,-0.034163241309371775,0.5329287791438382,-0.4992747448272745,0.9983970034644806,-0.04505544648119502
80.0,4.96,-0.46961189011699866,-0.4989295755423137,-0.0011370731168896366,-0.03434840402094801,0.5304010080491676,-0.49943663425835966,0.9983802997240987,-0.04528430251015555
80.0,4.98,-0.4721337290189083,-0.49907615255260196,-0.0011486909204049302,-0.034534266375730024,0.5278769737734325,-0.4995854681089547,0.9983634535157525,-0.04551384757942989
80.0,5.0,-0.47465174500573376,-0.4992097544105421,-0.001160418439280723,-0.03472083286369974,0.5253567322594448,-0.49972131660708746,0.9983464634461668,-0.045744088543820616
80.0,5.02,-0.4771657969070279,-0.49933054388764275,-0.0011722566047612482,-0.03490810804493334,0.5228403502964973,-0.49984422606888657,0.998329328183012,-0.04597503051362671
80.0,5.04,-0.4796760718114987,-0.4994383286910259,-0.001184208467077204,-0.03509610456947925,0.5203278800285007,-0.499954282001266,0.998312046214941,-0.04620668208191473
80.0,5.06,-0.4821822518586418,-0.4995334344889413,-0.0011962736435390771,-0.03528482324763628,0.5178193871556798,-0.5000515311979055,0.9982946163567953,-0.046439044871140076
80.0,5.08,-0.484684358273393,-0.4996158433374333,-0.0012084537252622022,-0.035474268898213736,0.5153149313358567,-0.5001360503818227,0.998277036967089,-0.046672129211967416
80.0,5.1,-0.48718241937415635,-0.49968554228694834,-0.0012207506069288909,-0.03566445462466192,0.5128145597258402,-0.5002079048368734,0.998259306743555,-0.04690593846505411
80.0,5.12,-0.4896762033980959,-0.49974277401581496,-0.001233165649495045,-0.03585537726758069,0.5103183482350928,-0.5002671536197947,0.9982414241323401,-0.04714048121641334
80.0,5.14,-0.49216591053630393,-0.49978735038940486,-0.001245699540914135,-0.036047050209865095,0.5078263487804799,-0.5003138681703775,0.9982233877604768,-0.04737576082083219
80.0,5.16,-0.4946512133951475,-0.4998195912423928,-0.0012583544400554631,-0.036239474505618714,0.5053386068872716,-0.5003481142284387,0.998205196129945,-0.047611784118177
80.0,5.18,-0.4971322334831287,-0.49983940021183415,-0.00127113155786932,-0.0364326596289689,0.5028551821461099,-0.5003699545732557,0.9981868476885968,-0.04784855794437882
80.0,5.2,-0.4996088264251936,-0.49984693421440224,-0.0012840321215011824,-0.03662661522105553,0.5003761248455519,-0.500379460943228,0.9981683408151361,-0.0480860908768151
80.0,5.22,-0.5020810237692456,-0.49984217752167875,-0.001297056926587335,-0.03682133837405801,0.49790150217209656,-0.5003766877448814,0.9981496741582535,-0.048324384519762405
80.0,5.24,-0.5045487654657911,-0.49982519585469953,-0.001310209308932428,-0.03701684305870862,0.49543135454506726,-0.5003617157143507,0.9981308459007432,-0.04856345093066543
80.0,5.26,-0.5070119114090217,-0.4997961500338949,-0.001323489116160698,-0.03721313505066009,0.49296574234121904,-0.5003345938825886,0.998111854688624,-0.04880329171084846
80.0,5.28,-0.5094704043353259,-0.499755108760269,-0.0013368979845104815,-0.03741021583233701,0.49050470493407816,-0.5002954031038493,0.9980926987020735,-0.04904391716845387
80.0,5.3,-0.5119243686624864,-0.4997019686100206,-0.001350438691850223,-0.03760809984265731,0.4880483073301557,-0.5002441985377657,0.998073376488003,-0.04928533064325128
80.0,5.32,-0.5143735695368502,-0.4996369711339893,-0.0013641109572123545,-0.03780678882187861,0.4855965965078527,-0.5001810526642466,0.9980538862079497,-0.04952754243937419
80.0,5.34,-0.5168180469103223,-0.49956010299177006,-0.0013779179526274639,-0.03800628876064652,0.4831496077608564,-0.5001060264702465,0.998034226272105,-0.049770557633008757
80.0,5.36,-0.5192576618291244,-0.4994715254099583,-0.001391860396798073,-0.03820661022781643,0.48070740691480496,-0.5000191956059264,0.9980143950492713,-0.050014381296750586
80.0,5.38,-0.5216925382409384,-0.49937112891524343,-0.0014059400300411229,-0.03840775507914258,0.4782700282579647,-0.4999206212237691,0.9979943906611176,-0.05025902372792482
80.0,5.4,-0.5241224406968654,-0.49925915578894814,-0.0014201584292608035,-0.03860973852401614,0.4758375286738985,-0.4998103536407957,0.9979742114586353,-0.05050448999498095
80.0,5.42,-0.5265475077635037,-0.4991355078275238,-0.0014345172139315458,-0.038812558147566525,0.4734099547764152,-0.4996884855725692,0.9979538555856196,-0.05075078864676074
80.0,5.44,-0.5289675066971654,-0.49900043045178644,-0.0014490186846152773,-0.03901622940382858,0.47098734273886994,-0.49955506435949615,0.9979333213533282,-0.05099792474637859
80.0,5.46,-0.531382566598833,-0.49885381367926707,-0.001463663308044015,-0.0392207545284911,0.4685697359781941,-0.49941016295646307,0.9979126068869759,-0.051245906838302505
80.0,5.48,-0.5337924572908711,-0.4986959060120688,-0.0014784537778284798,-0.03942614021703746,0.46615720015789036,-0.49925384379086607,0.9978917103450196,-0.05149474172065048
80.0,5.5,-0.536197316534139,-0.49852660287761513,-0.001493390926625466,-0.03963239789590568,0.46374975811276253,-0.49908617665535043,0.997870629821068,-0.05174443793268727
80.0,5.52,-0.5385970100061522,-0.49834606752321203,-0.0015084775057334606,-0.03983953451519252,0.4613474550935244,-0.49890722081828326,0.9978493634312253,-0.051995002266719076
80.0,5.54,-0.5409915662111107,-0.4981542652037933,-0.0015237147361833565,-0.040047552559871864,0.45895033248619976,-0.49871704946149675,0.9978279093169342,-0.0522464415145326
80.0,5.56,-0.5433808657722848,-0.49795137276039575,-0.0015391042007275953,-0.040256463783492395,0.4565584398371817,-0.4985157277803395,0.9978062654613855,-0.052498764204080374
80.0,5.58,-0.5457648526862774,-0.4977374511240582,-0.0015546487373419395,-0.04046627541884043,0.45417182091140357,-0.49830331537810446,0.9977844299403191,-0.05275197711991306
80.0,5.6,-0.5481435840848732,-0.497512489088316,-0.0015703485692476471,-0.04067699958658698,0.45179050513695923,-0.4980798741595229,0.997762400727652,-0.05300608878559634
80.0,5.62,-0.5505169131626542,-0.4972766378959743,-0.001586206932987746,-0.04088863434451405,0.44941453714776725,-0.49784548321646316,0.9977401757402043,-0.053261107719654685
80.0,5.64,-0.5528848931876392,-0.49702988094957307,-0.0016022247942030533,-0.041101191958944405,0.44704394903285954,-0.4976001908802276,0.9977177529884658,-0.053517040697219034
80.0,5.66,-0.5552473924503141,-0.496772382928785,-0.0016184045688679672,-0.04131468483880311,0.4446787895772909,-0.4973440820372558,0.9976951303680807,-0.05377389623158496
80.0,5.68,-0.5576044603265243,-0.49650412179653,-0.0016347483349038814,-0.041529116029522674,0.44231909003254105,-0.4970772051776108,0.9976723058231719,-0.0540316810901957
80.0,5.7,-0.5599560477832944,-0.49622516070947836,-0.0016512576554956217,-0.04174449341403584,0.4399648828892128,-0.49679962806928246,0.9976492771102047,-0.05429040552094847
80.0,5.72,-0.5623021197957885,-0.49593557479266753,-0.0016679343023702283,-0.04196082980958089,0.43761621896221076,-0.4965114222435544,0.9976260421397652,-0.05455007628514965
80.0,5.74,-0.5646425431113653,-0.4956355268172274,-0.0016847804199706217,-0.04217812849663608,0.4352731197082621,-0.4962126440795338,0.9976025985868808,-0.05481070362180892
80.0,5.76,-0.5669774581647172,-0.49532489624533255,-0.001701799309050715,-0.04239640249259744,0.4329356263226269,-0.4959033727839511,0.9975789443168122,-0.05507229428527529
80.0,5.78,-0.5693066541010595,-0.49500395151643045,-0.0017189909552719324,-0.04261565532741613,0.43060377684199413,-0.49558364964185475,0.9975550770768351,-0.055334856767545515
80.0,5.8,-0.5716302604562584,-0.4946725600365365,-0.0017363587137624956,-0.04283590028249311,0.4282775892781199,-0.4952535632558326,0.9975309945564613,-0.0555983995550703
80.0,5.82,-0.5739480622592968,-0.49433098714843854,-0.0017539040896089153,-0.04305714099442599,0.42595711455378393,-0.4949131532767265,0.9975066943587699,-0.05586293287349766
80.0,5.84,-0.5762602108542375,-0.4939791166614279,-0.001771629965404446,-0.0432793960253104,0.4236423833237195,-0.49456250646750544,0.9974821741365093,-0.05612846520235561
80.0,5.86,-0.5785665667165802,-0.49361710409517695,-0.0017895384502476482,-0.04350266421895699,0.4213334148696582,-0.4942016792347196,0.997457431507383,-0.056395005016725876
80.0,5.88,-0.5808670975787422,-0.49324502272278137,-0.0018076305612563872,-0.043726954456528605,0.4190302551680304,-0.49383072471056927,0.9974324641758296,-0.05666255904763569
80.0,5.9,-0.5831618650848885,-0.49286285013449904,-0.001825910040869167,-0.04395228575858296,0.41673292390247846,-0.49344971811488064,0.9974072694154997,-0.056931140984952555
80.0,5.92,-0.5854507330222248,-0.4924707443976735,-0.0018443790791587606,-0.04417865715330029,0.41444145759230167,-0.49305871998417844,0.9973818449697687,-0.05720075581025583
80.0,5.94,-0.5877336792577736,-0.49206878571513163,-0.001863038203470437,-0.044406083010107546,0.4121558789856924,-0.49265779247799124,0.9973561881376846,-0.05747141546300389
80.0,5.96,-0.5900107483731287,-0.49165693470113053,-0.0018818914000481954,-0.044634567481466124,0.40987622856646455,-0.49224700189465215,0.9973302964150518,-0.057743128398196134
80.0,5.98,-0.5922819067053819,-0.49123525982638055,-0.0019009410224634172,-0.044864130324089396,0.4076025322095171,-0.491826397622532,0.9973041672391421,-0.05801590306470798
80.0,6.0,-0.5945470428378482,-0.49080393937031935,-0.0019201885787708882,-0.04509477085955832,0.4053348038436378,-0.49139606737782704,0.9972777978310705,-0.0582897513890312
80.0,6.02,-0.5968062042555968,-0.49036293393260627,-0.0019396370417482784,-0.04532650393950045,0.40307309052279594,-0.4909560519942515,0.9972511855882852,-0.0585646818119702
80.0,6.04,-0.5990593604889777,-0.4899123131175953,-0.001959289205547487,-0.04555933939807206,0.4008174092909877,-0.49050642635970954,0.9972243277467268,-0.058840704508469864
80.0,6.06,-0.6013063967055753,-0.48945225183439967,-0.0019791463043736398,-0.04579328726105393,0.39856778079674227,-0.49004725253513876,0.9971972216535705,-0.05911782791048457
80.0,6.08,-0.6035474485454639,-0.4889826052563791,-0.0019992127920498088,-0.046028357541278576,0.3963242424927593,-0.489578578695624,0.9971698642630353,-0.059396065663292794
80.0,6.1,-0.6057823178835067,-0.4885036543271434,-0.002019489732340591,-0.04626455518849385,0.3940868104088948,-0.48910047954151814,0.9971422530655353,-0.05967542270808831
80.0,6.12,-0.6080111420277251,-0.48801525334328266,-0.002039979467874926,-0.04650189584429659,0.39185551727759094,-0.4886130158619567,0.9971143848453722,-0.059955914420199014
80.0,6.14,-0.6102337252343362,-0.4875176854648822,-0.002060686584497788,-0.04674038989949108,0.38963037792164296,-0.48811624408400317,0.9970862569142604,-0.06023754747035027
80.0,6.16,-0.612450213516571,-0.4870108096863254,-0.0020816116425594923,-0.046980048052793585,0.38741142887632446,-0.48761023068010134,0.9970578661981115,-0.06052033374255168
80.0,6.18,-0.6146604843561423,-0.48649479283617847,-0.002102759072303868,-0.04722087551784429,0.38519868435158466,-0.4870950320709923,0.9970292096052974,-0.06080428511629372
80.0,6.2,-0.6168645154699424,-0.48596970714588755,-0.0021241305453041457,-0.04746288860282866,0.38299216278979714,-0.48657071024254417,0.9970002842168009,-0.06108940998489981
80.0,6.22,-0.6190622785070884,-0.4854356195313466,-0.0021457291698197566,-0.04770609829616614,0.38079189522273976,-0.4860373260691233,0.9969710868740732,-0.06137572021682629
80.0,6.24,-0.6212538307037875,-0.4848924887668738,-0.0021675580970718406,-0.047950515721049886,0.37859790379362374,-0.48549494709902646,0.9969416143432551,-0.061663227672262996
80.0,6.26,-0.623439145334357,-0.4843403811900133,-0.002189619428559678,-0.0481961466263162,0.3764101972688743,-0.4849436240415864,0.996911863503514,-0.061951942468047465
80.0,6.28,-0.6256181121846218,-0.48377947260459214,-0.0022119166372286366,-0.048443007902156526,0.3742288100303313,-0.4843834233671687,0.9968818311092109,-0.062241876456243454
80.0,6.3,-0.6277907139482028,-0.4832098365901881,-0.002234452993609357,-0.04869111108556515,0.37205376309655763,-0.48381439486983696,0.9968515138333702,-0.06253303973335614
80.0,6.32,-0.6299570810854292,-0.4826313103837359,-0.0022572315535956556,-0.048940462219725964,0.3698850562303015,-0.4832366133841199,0.9968209083377205,-0.06282544413793188
80.0,6.34,-0.6321170220159875,-0.4820441809008496,-0.0022802542162957597,-0.04919107878085678,0.3677227353573736,-0.48265012684038416,0.9967900112699914,-0.06311910325040122
80.0,6.36,-0.6342706063147304,-0.4814484117490298,-0.0023035258240540523,-0.04944296696178752,0.36556680384002366,-0.4820549979461343,0.9967588190194318,-0.0634140271373945
80.0,6.38,-0.636417721685403,-0.480844176311582,-0.0023270483569821825,-0.049696144586220396,0.3634172774992961,-0.48145128841456697,0.9967273281915632,-0.06371022762174054
80.0,6.4,-0.638558515902868,-0.480231320894709,-0.002350825020539532,-0.04995061816071308,0.3612741886732773,-0.48083904727628646,0.9966955352611574,-0.06400771826053399
80.0,6.42,-0.6406928709485596,-0.4796100134515638,-0.002374859604137836,-0.05020640578298699,0.3591375358217868,-0.48021834886013487,0.9966634365619526,-0.06430650910406363
80.0,6.44,-0.6428207831791487,-0.47898033355222125,-0.0023991548000934187,-0.050463520050427854,0.3570073465975022,-0.4795892366773807,0.9966310285291818,-0.06460661369821648
80.0,6.46,-0.6449422129599764,-0.4783423333667028,-0.002423714544677683,-0.05072196195013598,0.3548836398515227,-0.47895177790684484,0.9965983073455605,-0.06490804382134982
80.0,6.48,-0.64705715109905,-0.4776960873372283,-0.002448543339231546,-0.05098176177185556,0.3527664259505696,-0.47830602860817034,0.9965652691751139,-0.06521081299268539
80.0,6.5,-0.6491655670166491,-0.47704165357643813,-0.0024736413785473336,-0.05124291505154229,0.3506557274699265,-0.4776520441727052,0.996531910159966,-0.0655149347253034
80.0,6.52,-0.651267529013745,-0.4763789877269713,-0.002499015651426945,-0.05150544651276262,0.3485515543393568,-0.47698988065272363,0.9964982266499172,-0.06582041904763156
80.0,6.54,-0.6533629322810739,-0.47570826671835365,-0.0025246681781051533,-0.051769369573506696,0.3464539203130255,-0.4763195995358416,0.996464214400412,-0.06612728293129742
80.0,6.56,-0.6554518466732167,-0.4750294458007602,-0.002550602223973661,-0.05203468574523728,0.3443628432219903,-0.4756412507437066,0.9964298694892814,-0.06643553637690025
80.0,6.58,-0.6575341617786354,-0.47434269751414415,-0.0025768222705545196,-0.052301420541597414,0.342278331988946,-0.47495490717854727,0.9963951879725264,-0.06674519287223017
80.0,6.6,-0.6596099413281693,-0.47364797125852165,-0.002603331360810031,-0.052569587826052554,0.3402004083129095,-0.4742606072907358,0.9963601654198722,-0.06705626936106326
80.0,6.62,-0.6616791668497235,-0.47294533063324906,-0.00263013381285703,-0.05283918937124396,0.33812908109222856,-0.47355840705717955,0.9963247978440632,-0.06736877582412702
80.0,6.64,-0.6637417459148338,-0.4722349606776244,-0.0026572342913204483,-0.05311025137049404,0.336064358548574,-0.47284837915714684,0.9962890808846835,-0.06768272745221716
80.0,6.66,-0.665797729106885,-0.4715167992911007,-0.0026846347517449276,-0.053382782091586874,0.3340062535469687,-0.4721305680434782,0.9962530101557956,-0.06799813942881067
80.0,6.68,-0.667847115728168,-0.47079092138700596,-0.0027123402779545116,-0.053656795886863916,0.3319547864805979,-0.47140502914896554,0.9962165813694948,-0.0683150234446554
80.0,6.7,-0.6698898752383033,-0.47005738030035216,-0.0027403554050776406,-0.053932313536120734,0.3299099654243866,-0.47067181830324395,0.9961797899717068,-0.06863339640724613
80.0,6.72,-0.6719259931973363,-0.4693162403684782,-0.0027686837838865777,-0.05420933739779689,0.3278717982935788,-0.46993099128334964,0.9961426311562659,-0.0689532734538093
80.0,6.74,-0.6739555455205553,-0.46856745381716297,-0.002797329435936193,-0.05448789489253933,0.3258403010330816,-0.46918259812670393,0.996105100676528,-0.06927466626029388
80.0,6.76,-0.675978340209492,-0.46781130932285686,-0.00282629738587341,-0.05476799486337572,0.32381547675335426,-0.46842670565567174,0.9960671935553033,-0.0695975916867364
80.0,6.78,-0.67799452862229,-0.4670476359851734,-0.002855591133222966,-0.05504965264051383,0.3217973372812862,-0.46766335846195584,0.9960289050157244,-0.069922066600667
80.0,6.8,-0.6800040177172297,-0.46627661624000866,-0.0028852151858533197,-0.055332883688258006,0.3197858980072499,-0.46689260663518106,0.9959902302754275,-0.07024810262194102
80.0,6.82,-0.6820067891900928,-0.4654983096291109,-0.0029151741147571664,-0.055617703655420264,0.317781169632946,-0.4661145112640371,0.9959511646185113,-0.0705757166095385
80.0,6.84,-0.6840029144342643,-0.4647126617849103,-0.002945471579267962,-0.05590412842884656,0.3157831472174241,-0.46532912814355015,0.9959117026113217,-0.07090492536497789
80.0,6.86,-0.6859922873609379,-0.46391984580398105,-0.0029761145684581067,-0.05619218039983034,0.31379185374557145,-0.46453650182934886,0.9958718392488655,-0.0712357457130748
80.0,6.88,-0.6879749884742022,-0.46311981216636144,-0.003007105210107782,-0.056481862981522225,0.31180728765328536,-0.4637366934264956,0.9958315694017278,-0.07156819096879756
80.0,6.9,-0.6899509940890155,-0.4623126144523571,-0.003038450992571538,-0.05677320545028513,0.3098294679476004,-0.4629297422942775,0.9957908878821065,-0.07190227967686474
80.0,6.92,-0.6919202165164983,-0.46149843777153315,-0.0030701535014589615,-0.05706621810016965,0.30785839634920864,-0.4621157148099017,0.9957497892626561,-0.07223802686336404
80.0,6.94,-0.6938827222500821,-0.4606772211480567,-0.00310222067922855,-0.05736091757408537,0.30589407539603947,-0.46129466115917767,0.9957082680753407,-0.072575449290865
80.0,6.96,-0.6958384976521611,-0.45984902377062137,-0.0031346555684735396,-0.05765732098176185,0.30393651559728435,-0.4604666262055249,0.9956663186935755,-0.07291456544972953
80.0,6.98,-0.697787529782247,-0.45901390491207944,-0.0031674642758874904,-0.05795544547394633,0.30198572626956677,-0.45963167078554107,0.9956239354700591,-0.07325539207379389
80.0,7.0,-0.6997298863614995,-0.4581718017975092,-0.0032006509674929297,-0.05825530851552698,0.30004171412810676,-0.4587898345583603,0.9955811128402664,-0.0735979458949681
80.0,7.02,-0.7016653957586828,-0.4573230177639937,-0.003234223299793315,-0.05855693435310735,0.29810448472360296,-0.4579411730873,0.9955378449638558,-0.07394224536381291
80.0,7.04,-0.7035941353286389,-0.45646749576916873,-0.0032681838233420556,-0.05886032747637282,0.2961740320628927,-0.4570857417858944,0.9954941256218262,-0.074288308894252
80.0,7.06,-0.705516158242753,-0.4556051617062724,-0.0033025386764084608,-0.059165519443374046,0.29425037742120097,-0.45622358576180555,0.9954499491644362,-0.074636151439604
80.0,7.08,-0.7074313120568411,-0.45473633161697524,-0.0033372954128601385,-0.059472528497695125,0.29233352590239753,-0.4553547605387966,0.9954053092732591,-0.07498579488313659
80.0,7.1,-0.7093398098074856,-0.4538606842662726,-0.0033724567573774162,-0.05978135956666149,0.29042346449124545,-0.45447931095472477,0.9953601995084185,-0.07533725759541895
80.0,7.12,-0.711241405219116,-0.45297864979327007,-0.003408031202492225,-0.060092044952794146,0.28852021737858563,-0.45359728756060747,0.9953146139844663,-0.07569055623248513
80.0,7.14,-0.7131363361852433,-0.45208992076759436,-0.003444021990530798,-0.060404596839931615,0.28662377808449474,-0.45270874565882857,0.995268545943611,-0.07604571086930703
80.0,7.16,-0.7150244292944532,-0.45119479937519646,-0.0034804374252886475,-0.060719041236485416,0.28473415261545265,-0.4518137252619976,0.9952219890659973,-0.07640273985720317
80.0,7.18,-0.7169056784091367,-0.4502933454470242,-0.0035172830135877225,-0.06103539058795435,0.2828513455758347,-0.45091228185908,0.9951749361344746,-0.07676166671045802
80.0,7.2,-0.718780148226869,-0.44938548820984764,-0.0035545640769995904,-0.06135367161417434,0.28097536279766144,-0.4500044556157497,0.9951273810183002,-0.07712250628051166
80.0,7.22,-0.7206478334205784,-0.44847128658342217,-0.0035922862666329185,-0.06167389715456648,0.279106200815487,-0.44909030693772634,0.9950793164195406,-0.07748528205473075
80.0,7.24,-0.7225087210125971,-0.44755079435165707,-0.0036304583027107155,-0.06199609428591659,0.2772438685229262,-0.44816988120513873,0.9950307353808946,-0.07785001404151502
80.0,7.26,-0.7243628069449224,-0.4466240704943428,-0.0036690853707081607,-0.062320283484983106,0.2753883605311602,-0.44724321842073284,0.9949816308114457,-0.07821672048070984
80.0,7.28,-0.7262100794626075,-0.4456911688662663,-0.003708173816508074,-0.06264648540957218,0.27353968878714535,-0.44631036929840884,0.9949319952619476,-0.07858542656203117
80.0,7.3,-0.7280505441516245,-0.44475215360701903,-0.003747730744608289,-0.06297471364789876,0.2716978541131505,-0.44537138423742356,0.994881821693552,-0.07895614875962212
80.0,7.32,-0.7298842511888666,-0.44380694098155754,-0.0037877631237981002,-0.06330499652496464,0.26986285104404034,-0.4444263033883702,0.9948311021090817,-0.07932891219668783
80.0,7.34,-0.7317110607339459,-0.4428558547167257,-0.003828278035230729,-0.06363736276945686,0.2680346834667336,-0.4434751822913953,0.9947798290828165,-0.07970373853499277
80.0,7.36,-0.7335311013786564,-0.4418986834464709,-0.003869281338042303,-0.06397181942415071,0.2662133597675783,-0.4425180666874881,0.9947279948250516,-0.08008064764776358
80.0,7.38,-0.7353442953034701,-0.44093561363351785,-0.003910781873858103,-0.06430840302843083,0.2643988713520166,-0.4415549917938352,0.9946755911959512,-0.08045966460951608
80.0,7.4,-0.7371507195886264,-0.43996657567050407,-0.003952786151256922,-0.06464712843139603,0.2625912326048354,-0.4405860137256817,0.9946226101715824,-0.08084081099633111
80.0,7.42,-0.738950281031585,-0.43899174649847406,-0.003995302814083266,-0.0649880254856279,0.26079041956881927,-0.43961117696955704,0.994569043681092,-0.08122410836736764
80.0,7.44,-0.7407429810941647,-0.4380111851744744,-0.004038338581711172,-0.0653311094940899,0.258996458798679,-0.4386305234799908,0.9945148831789473,-0.081609583471891
80.0,7.46,-0.7425289744344462,-0.43702469152516354,-0.004081901197409411,-0.06567641099603737,0.2572093400060857,-0.4376441034075888,0.9944601202926414,-0.08199725606965366
80.0,7.48,-0.7443080848529053,-0.4360325674141208,-0.00412599758004769,-0.06602394576281302,0.2554290576541921,-0.43665195732437734,0.9944047459996287,-0.08238715458989093
80.0,7.5,-0.7460803914796732,-0.4350347416614224,-0.0041706384926861505,-0.06637375246337601,0.2536556092095415,-0.4356541308963136,0.994348751681095,-0.08277930049060248
80.0,7.52,-0.7478458976312976,-0.43403127232545624,-0.004215831112604664,-0.06672584746706972,0.2518890102106151,-0.4346506660342328,0.9942921282334433,-0.08317372041714534
80.0,7.54,-0.7496045899952978,-0.4330222074431916,-0.004261582027559833,-0.06708025506545083,0.250129247507747,-0.4336416079939539,0.994234866557795,-0.08357043750489135
80.0,7.56,-0.75135646437685,-0.4320076000630667,-0.0043079014444713185,-0.06743699961791794,0.24837632136947665,-0.43262700761499867,0.9941769572091218,-0.08396947833947482
80.0,7.58,-0.7531015171278157,-0.4309875032207149,-0.004354797869866709,-0.06779611372854277,0.24663023099436335,-0.4316068965126086,0.994118390716032,-0.08437086774057592
80.0,7.6,-0.7548397451449063,-0.4299619699347279,-0.00440228063184905,-0.06815762254159811,0.2448909841228956,-0.43058132142417443,0.9940591573687302,-0.08477463398628977
80.0,7.62,-0.7565711458678119,-0.4289310532024573,-0.0044503580072518785,-0.06852155157860974,0.2431585602461106,-0.42955033203657794,0.9939992470851344,-0.08518080355840038
80.0,7.64,-0.7582957919590215,-0.42789467364826994,-0.004499038394332122,-0.06888792666783644,0.24143297176594264,-0.428513965956125,0.9939386501005059,-0.08558940120075335
80.0,7.66,-0.7600135981431672,-0.4268530110481937,-0.00454833273224408,-0.06925677378942001,0.23971421324818457,-0.4274722645118548,0.9938773559122464,-0.08600045681888975
80.0,7.68,-0.7617246465023745,-0.42580599030696475,-0.004598251451515967,-0.06962812732764707,0.23800228950854843,-0.426425269872047,0.9938153542514917,-0.0864139968248398
80.0,7.7,-0.7634288443634403,-0.4247537868702087,-0.0046488016460267964,-0.07000200619769861,0.236297180283176,-0.4253730318354763,0.993752634291777,-0.08683004931112638
80.0,7.72,-0.7651262832961352,-0.42369632986382366,-0.004699994029395305,-0.07037844551047005,0.23459889984682009,-0.42431557469060405,0.9936891852547367,-0.08724864235499533
80.0,7.74,-0.7668168719760478,-0.4226337952971144,-0.004751840732642268,-0.07075748079163992,0.23290743350064674,-0.4232529581595713,0.9936249959889536,-0.0876698074765847
80.0,7.76,-0.7685006850425846,-0.42156610186020826,-0.004804350509784185,-0.07113913185537002,0.23122279074823784,-0.422185215853262,0.993560055348095,-0.08809357268076166
80.0,7.78,-0.7701777146573343,-0.4204932965997542,-0.004857533347047953,-0.07152343514647043,0.22954495366711586,-0.42111238402668394,0.9934943516197604,-0.08851996764909112
80.0,7.8,-0.7718479711980747,-0.4194154362196717,-0.004911400774727012,-0.0719104108998428,0.22787393710650786,-0.4200345064160142,0.9934278733626181,-0.08894902206569347
80.0,7.82,-0.7735114478274846,-0.4183325676882499,-0.004965963686608401,-0.0723001046558458,0.2262097186030914,-0.41895162830121047,0.9933606084073358,-0.08938076902329595
80.0,7.84,-0.7751681381484437,-0.4172447379663757,-0.00502123397576697,-0.0726925373840164,0.22455230773066664,-0.41786378400238583,0.993292544704082,-0.08981523810705273
80.0,7.86,-0.7768180451461437,-0.4161519987954119,-0.00507722233108914,-0.07308774722890421,0.22290168957203252,-0.4167710150327102,0.9932236697424084,-0.09025246058513499
80.0,7.88,-0.778461244759597,-0.4150542659851804,-0.005133939027634835,-0.07348576441914136,0.2212578664663447,-0.4156733599922872,0.9931539708457768,-0.0906924711823035
80.0,7.9,-0.780097577962063,-0.4139518530614613,-0.005191398363286298,-0.07388661927939753,0.21962084072088375,-0.41457085768597035,0.9930834351578791,-0.09113529933896665
80.0,7.92,-0.7817271938463618,-0.4128445396201076,-0.005249611591714212,-0.07429035132272699,0.21799059766599288,-0.4134635499717959,0.9930120494492808,-0.09158098142752928
80.0,7.94,-0.7833500339011872,-0.4117325178103869,-0.005308590846477803,-0.07469699193439167,0.21636713721847078,-0.41235147118300747,0.9929398002643447,-0.09202955027794038
80.0,7.96,-0.784966148152584,-0.4106156878724105,-0.005368348453124519,-0.07510657287991772,0.2147504521526041,-0.4112346596566572,0.9928666740626676,-0.09248103868572162
80.0,7.98,-0.7865754703508522,-0.40949423770517585,-0.005428897557459779,-0.07551913500453422,0.21314054026010282,-0.41011316331602815,0.9927926566172418,-0.0929354845989713
80.0,8.0,-0.7881780780767246,-0.4083680811222951,-0.005490250899993736,-0.0759347109928346,0.21153739668854404,-0.40898700759797973,0.9927177339140135,-0.09339291896574431
80.0,8.02,-0.7897739684520796,-0.40723726388751635,-0.0055524227563253465,-0.0763533338300278,0.20994101689153982,-0.4078562360500117,0.992641891264145,-0.09385338138169749
80.0,8.04,-0.7913630681398456,-0.406101969850486,-0.005615425603958499,-0.07677504593476003,0.20835138685333843,-0.40672089126591265,0.9925651138637331,-0.09431690790593841
80.0,8.06,-0.7929455261832159,-0.40496197340657,-0.005679275518224698,-0.07719988114844673,0.20676851867115523,-0.4055809967694589,0.9924873864700471,-0.09478353452535535
80.0,8.08,-0.7945211884791229,-0.40381759110468357,-0.00574398408967235,-0.07762788305738359,0.2051923914405416,-0.40443659917632824,0.9924086936913552,-0.0952532989291083
80.0,8.1,-0.7960901356850795,-0.4026687360070246,-0.005809567877483276,-0.07805908648414016,0.20362300328155625,-0.40328772972359384,0.99232901992024,-0.09572623875355858
80.0,8.12,-0.7976523661416703,-0.40151545317676574,-0.0058760409831750465,-0.07849352687615081,0.20206035003033712,-0.4021344327438125,0.9922483488824391,-0.09620239503383043
80.0,8.14,-0.7992079503092421,-0.4003576490680928,-0.005943418418649387,-0.07893124920272411,0.20050442991997236,-0.4009767399311941,0.9921666641881378,-0.0966818052633686
80.0,8.16,-0.8007567492351911,-0.3991956482728873,-0.006011714765163407,-0.07937228993859549,0.1989552319899844,-0.39981468215839855,0.9920839488339747,-0.09716451208491511
80.0,8.18,-0.8022989029591149,-0.39802921691555065,-0.006080948324849739,-0.07981669498408597,0.19741275232167171,-0.3986483043217149,0.9920001860975087,-0.0976505528881261
80.0,8.2,-0.8038343443530189,-0.39685854071340443,-0.006151132822597418,-0.08026450197186948,0.1958769779829103,-0.3974776331073019,0.9919153582925858,-0.09813997017541284
80.0,8.22,-0.8053631419341812,-0.39568352344080615,-0.0062222857299341116,-0.08071575807808544,0.19434791219528774,-0.3963027103703264,0.9918294475564136,-0.09863280814135092
80.0,8.24,-0.8068852307223062,-0.3945043516850692,-0.006294424106842519,-0.08117050180746964,0.19282554454342887,-0.3951235678856748,0.9917424356777421,-0.099129107410123
80.0,8.26,-0.8084006100443182,-0.3933210692076055,-0.0063675660319480725,-0.0816287815355177,0.19130986482061313,-0.3939402376857798,0.9916543040938249,-0.09962891202660638
80.0,8.28,-0.809909419283537,-0.39213343836107667,-0.006441727043142803,-0.08209064655449674,0.18980086739497418,-0.3927527611051583,0.9915650337731051,-0.10013226594689509
80.0,8.3,-0.8114115236284645,-0.3909417858024505,-0.006516925766509426,-0.0825561275191926,0.18829854919498207,-0.39156116732574203,0.9914746052665058,-0.10063921479011455
80.0,8.32,-0.8129069245000933,-0.3897461555620572,-0.006593181955661514,-0.08302528415144636,0.18680290941350092,-0.3903654903881239,0.9913829987639027,-0.10114980409443243
80.0,8.34,-0.814395761203706,-0.38854630822238473,-0.006670511981007546,-0.08349814838728357,0.18531392264007662,-0.3891657653839161,0.9912901938010622,-0.10166408103388776
80.0,8.36,-0.8158778985226007,-0.38734257047044685,-0.00674893703100806,-0.08397479101615396,0.1838315952069731,-0.3879620236124958,0.9911961699526909,-0.10218209099101337
80.0,8.38,-0.8173534756848025,-0.386134701716375,-0.006828476265529698,-0.08445523527360768,0.18235592454522304,-0.38675429551613394,0.991100905955216,-0.10270388271050729
80.0,8.4,-0.8188223581181941,-0.38492302910900944,-0.00690914866010892,-0.0849395537332555,0.18088688799480182,-0.38554262137231554,0.9910043802846528,-0.10322950486007582
80.0,8.42,-0.8202846840120622,-0.3837073104476583,-0.006990976310765502,-0.08542778036024459,0.17942449213823428,-0.3843270334142319,0.9909065707455971,-0.1037590077345434
80.0,8.44,-0.8217403890161552,-0.38248773123807933,-0.007073978812778341,-0.08591996958599477,0.17796871523831048,-0.3831075559611394,0.9908074545789914,-0.10429244326489719
80.0,8.46,-0.8231894755927713,-0.3812643338191481,-0.007158179126903629,-0.08641617638129777,0.17651955950340262,-0.38188422948357925,0.9907070090045308,-0.10482985982822829
80.0,8.48,-0.8246320119425875,-0.38003701609715146,-0.007243597605744617,-0.08691645675959177,0.17507702103982245,-0.38065708155636346,0.9906052103086942,-0.10537131089225868
80.0,8.5,-0.8260679354313276,-0.37880596413393697,-0.007330257173480596,-0.08742085722793032,0.17364108284952298,-0.37942614623559046,0.9905020343832858,-0.10591684982448346
80.0,8.52,-0.8274972495910518,-0.3775712200559252,-0.007418180475446151,-0.08792943512675166,0.17221174144292128,-0.37819145178608526,0.9903974566094236,-0.10646652987790473
80.0,8.54,-0.8289200230360484,-0.37633268080579046,-0.007507392115093706,-0.08844224849640138,0.17078899346051707,-0.3769530268931594,0.9902914515960319,-0.10702040765775525
80.0,8.56,-0.830336258393742,-0.3750903871853103,-0.0075979147274868025,-0.08895934610578864,0.16937281794531184,-0.3757109138558879,0.9901839937313546,-0.1075785379329399
80.0,8.58,-0.8317458933840222,-0.37384452509472915,-0.007689773107932727,-0.08948079794477208,0.16796321653075433,-0.37446513469155135,0.9900750563914695,-0.10814097879392297
80.0,8.6,-0.8331489969984599,-0.3725949905191739,-0.0077829923132258965,-0.09000665425272857,0.16656018634703743,-0.37321571919704166,0.9899646129534694,-0.10870778651456707
80.0,8.62,-0.83454557288383,-0.37134182404460736,-0.007877600330377732,-0.09053697618910064,0.16516370325636195,-0.3719627019538646,0.9898526355420545,-0.10927902065883081
80.0,8.64,-0.8359356240606347,-0.3700850657557247,-0.00797361932139752,-0.09107182635242876,0.16377377131795043,-0.3707061105627838,0.9897390960846376,-0.10985474069619153
80.0,8.66,-0.8373191548416209,-0.36882475609029614,-0.008071079836232146,-0.09161126756044864,0.1623903798369019,-0.36944597455571504,0.9896239654675455,-0.11043500940346056
80.0,8.68,-0.8386961679415033,-0.36756093456027356,-0.008170006582428205,-0.09215536410542761,0.16101351836384414,-0.3681823238443961,0.9895072143326241,-0.11101988770411576
80.0,8.7,-0.8400666663939705,-0.36629364060767794,-0.008270430237616285,-0.09270416997564043,0.159643176689554,-0.3669151887208054,0.9893888121536272,-0.11160943980862495
80.0,8.72,-0.8414306564564845,-0.3650229148633157,-0.008372379091431742,-0.09325776174955264,0.15827935304355437,-0.3656446013046391,0.9892687281845925,-0.11220372982010335
80.0,8.74,-0.8427882033560742,-0.36374864867822787,-0.008475880038433933,-0.0938161956271996,0.15692202578789544,-0.3643705828302312,0.9891469307736432,-0.11280282165434333
80.0,8.76,-0.8441392490911294,-0.36247102872540915,-0.008580967362856032,-0.09437954981705943,0.15557120175154104,-0.3630931677497972,0.9890233873359907,-0.11340678427943846
80.0,8.78,-0.8454837969958283,-0.3611900937212982,-0.008687670075652706,-0.09494789328872233,0.15422686972225635,-0.36181238385380105,0.988898064675663,-0.1140156847536765
80.0,8.8,-0.8468219145002939,-0.3599057349243378,-0.008796020053381686,-0.09552128472485956,0.1528890107096018,-0.3605282578892235,0.9887709288154967,-0.11462959170043942
80.0,8.82,-0.8481535432647347,-0.3586181386428749,-0.008906050131450493,-0.09609980584370677,0.15155762217232546,-0.35924081998997726,0.9886419449014193,-0.11524857704244457
80.0,8.84,-0.8494787499087821,-0.3573271950979659,-0.009017793415323225,-0.09668351725209029,0.15023269822109186,-0.3579500925211527,0.9885110772260485,-0.115872710753776
80.0,8.86,-0.8507975383104586,-0.356032942002439,-0.009131285076994162,-0.09727251409373426,0.14891422245813374,-0.35665610774314244,0.9883782892143685,-0.11650206785002258
80.0,8.88,-0.852109912644384,-0.3547354169942675,-0.009246557835001648,-0.09786685933117768,0.14760219123025972,-0.3553588931114352,0.9882435432205243,-0.11713672311330484
80.0,8.9,-0.853415815694424,-0.3534348065838951,-0.009363648441035023,-0.09846661642239958,0.14629659935323416,-0.3540584725359868,0.9881068012071235,-0.11777675116828709
80.0,8.92,-0.8547153153494859,-0.3521310001639445,-0.009482595247618233,-0.09907189559811708,0.14499743120530453,-0.3527548796388031,0.9879680239660719,-0.11842222813510289
80.0,8.94,-0.856008413715388,-0.35082403391727973,-0.00960343540203888,-0.09968275134262515,0.14370467265760056,-0.35144813374291134,0.9878271707134831,-0.1190732368226221
80.0,8.96,-0.8572951781208922,-0.34951379594606613,-0.009726205457848903,-0.1002992621467078,0.14241832876526614,-0.3501382659437066,0.9876842007348199,-0.11972985292822065
80.0,8.98,-0.858575490979277,-0.34820062211604524,-0.009850949602004794,-0.1009215421824148,0.14113837979543667,-0.348825299219271,0.9875390711889641,-0.12039216225997985
80.0,9.0,-0.8598494780019849,-0.3468842493113221,-0.009977702570523784,-0.10154963785957659,0.13986481578109203,-0.34750926263750476,0.9873917390848558,-0.12106024522784614
80.0,9.02,-0.8611170230783716,-0.345565014135195,-0.010106511997489753,-0.10218366598790891,0.13859763910340003,-0.34619018092603043,0.987242159906284,-0.12173418716679958
80.0,9.04,-0.8623783126291767,-0.34424250230866454,-0.010237416489634669,-0.1028236986448917,0.137336829415576,-0.3448680747653919,0.9870902879173427,-0.12241407661868206
80.0,9.06,-0.8636331714788936,-0.34291720122777236,-0.010370460176878602,-0.10346982042028242,0.1360823791496458,-0.3435429788726698,0.9869360762348057,-0.12310000183659346
80.0,9.08,-0.8648817236060552,-0.34158884529228245,-0.010505690493355325,-0.1041221411362784,0.13483428223865437,-0.342214914226832,0.9867794771644837,-0.12379205082091473
80.0,9.1,-0.866123973622695,-0.3402574698112169,-0.010643150399631915,-0.10478073649555256,0.13359252538622274,-0.34088390091825915,0.9866204414310314,-0.12449031646522747
80.0,9.12,-0.867359868251929,-0.338923261789895,-0.01078289167712711,-0.10544570692745706,0.13235710179102236,-0.33954997535242915,0.986458918583154,-0.12519489135196102
80.0,9.14,-0.8685894712603288,-0.33758610503530373,-0.010924959803915484,-0.10611715523882964,0.1311280016614411,-0.3382131487152852,0.9862948567836571,-0.12590587296730338
80.0,9.16,-0.86981278705352,-0.336246034230992,-0.011069404927564043,-0.10679518553391115,0.1299052172077329,-0.3368734547381738,0.9861282028745991,-0.12662335670450403
80.0,9.18,-0.8710297628446565,-0.3349032363941467,-0.011216279423974148,-0.10747987847152413,0.12868873492042784,-0.33553091219208997,0.9859589021753419,-0.1273474445777617
80.0,9.2,-0.8722405216973812,-0.333557442600116,-0.011365636861837778,-0.10817135353560586,0.12747855048120596,-0.3341855460559374,0.9857868991115559,-0.1280782347988141
80.0,9.22,-0.8734449501124453,-0.33220899078358657,-0.011517527435321764,-0.10886970741098335,0.12627464816254094,-0.3328373864140939,0.985612135873444,-0.12881583209263436
80.0,9.24,-0.8746431707191636,-0.3308576110180156,-0.011672010003626254,-0.10957503743670317,0.12507701987739037,-0.3314864480642138,0.9854345534029882,-0.1295603425674929
80.0,9.26,-0.8758350734708464,-0.3295036426874057,-0.011829142973805664,-0.11028748111327287,0.1238856621753752,-0.33013275808817544,0.9852540913816314,-0.1303118719559125
80.0,9.28,-0.8770207785425591,-0.32814681410126045,-0.011988980566967313,-0.11100712732189175,0.12270056463901652,-0.3287763426173373,0.9850706875376828,-0.1310705307635101
80.0,9.3,-0.8782002343631617,-0.3267873120385493,-0.012151586171800928,-0.11173410432405538,0.12152170726395807,-0.3274172192664493,0.9848842779667112,-0.13183643080185808
80.0,9.32,-0.8793734453300203,-0.32542516978925184,-0.012317021764990362,-0.11246851670647162,0.12034908615763287,-0.32605541348702627,0.9846947967685806,-0.13260968862932598
80.0,9.34,-0.8805404746629986,-0.32406026763172524,-0.012485350089602826,-0.11321048388919819,0.11918270330636567,-0.3246909494017409,0.9845021768440437,-0.13339041689871567
80.0,9.36,-0.8817012712165067,-0.3226927923457882,-0.012656635250112715,-0.1139601272573214,0.118022527153818,-0.3233238473728608,0.9843063484812018,-0.13417873815437117
80.0,9.38,-0.8828558961838763,-0.3213226228955216,-0.01283094622470478,-0.11471758318056172,0.11686856468446116,-0.32195412731970796,0.9841072409644886,-0.13497477104000058
80.0,9.4,-0.8840042993665862,-0.31994994630877344,-0.013008352575036573,-0.11548296358894232,0.11572080481112465,-0.3205818124994504,0.983904780695311,-0.13577864228015893
80.0,9.42,-0.8851465429635506,-0.31857464135666935,-0.013188924842756184,-0.11625639572696346,0.11457923125199675,-0.31920692895805,0.9836988924662013,-0.13659047634172572
80.0,9.44,-0.8862826310450256,-0.3171967398848037,-0.013372736664657662,-0.11703802241430683,0.11344383797672568,-0.31782949583075165,0.9834894990532655,-0.137410404115412
80.0,9.46,-0.8874125699456301,-0.3158162743962894,-0.013559861796230309,-0.11782797540841333,0.11231461374531641,-0.316449535142193,0.983276520543698,-0.13823855755835449
80.0,9.48,-0.8885363093054253,-0.31443343166540366,-0.013750377698527208,-0.11862638841154365,0.11119155193592199,-0.31506706419726616,0.9830598753225939,-0.1390750715672754
80.0,9.5,-0.8896539659105885,-0.31304793407356396,-0.013944365648890594,-0.11943339709437464,0.11007464206312124,-0.3136821068218813,0.9828394795006393,-0.13992008213450755
80.0,9.52,-0.8907654352092579,-0.3116601235115668,-0.014141908285724905,-0.12024915345734981,0.10896387401988256,-0.31229468768645663,0.9826152458015572,-0.14077373317393507
80.0,9.54,-0.8918707782886368,-0.31026987672005507,-0.014343088508516903,-0.12107379823527616,0.10785923434216833,-0.31090482156576127,0.9823870855639275,-0.14163616628823017
80.0,9.56,-0.8929700544588263,-0.30887706922791786,-0.014547992759314886,-0.12190748854046814,0.10676071793626417,-0.30951252953095193,0.9821549069290446,-0.1425075292446892
80.0,9.58,-0.8940632149390318,-0.3074818878106835,-0.014756709934110403,-0.12275036986952473,0.10566831463075131,-0.3081178354767893,0.9819186154137288,-0.14338797253804084
80.0,9.6,-0.8951502655569384,-0.30608436369767233,-0.014969336991379156,-0.12360260384857069,0.10458201223254895,-0.30672075713584535,0.9816781141357556,-0.14427764765475107
80.0,9.62,-0.8962312665619739,-0.3046843719676301,-0.01518596274767915,-0.12446434166751699,0.10350180554435273,-0.30532131497630094,0.9814333026682385,-0.1451767138871116
80.0,9.64,-0.8973061684763165,-0.30328209903320025,-0.015406686367164992,-0.12533575068813432,0.10242768320122254,-0.303919528790445,0.9811840781214637,-0.14608533146938987
80.0,9.66,-0.8983749798254813,-0.3018775765848611,-0.015631611566998074,-0.1262170009549647,0.10135963312284957,-0.3025154159097822,0.9809303344448649,-0.14700366145385763
80.0,9.68,-0.8994377566185231,-0.3004706775060334,-0.015860842320471028,-0.12710826578736445,0.1002976460269634,-0.301109001683614,0.9806719622452377,-0.14793187441280845
80.0,9.7,-0.9004945060251128,-0.29906143242093136,-0.016094482844231005,-0.12800972185883017,0.09924171252804727,-0.2997002934295213,0.9804088485558875,-0.14887014162695092
80.0,9.72,-0.9015452333486917,-0.29764987118304437,-0.01633264245470715,-0.128921533580989,0.09819182871968188,-0.2982893324342236,0.9801408776826153,-0.14981863693879902
80.0,9.74,-0.90258989238867,-0.2962361811040288,-0.016575439114252133,-0.12984389772925461,0.09714798597284793,-0.296876128213866,0.97986793000687,-0.15077753829649124
80.0,9.76,-0.9036285400022559,-0.2948202343807885,-0.016822987551728057,-0.1307769849083107,0.09611016140411333,-0.295460681373899,0.9795898819809067,-0.15174703122531236
80.0,9.78,-0.9046611831258535,-0.29340206098263216,-0.017075409133405373,-0.13172099892490902,0.0950783593307415,-0.2940430228490595,0.979306606305879,-0.1527273035736077
80.0,9.8,-0.9056878268111714,-0.2919816901233097,-0.01733283055446018,-0.1326761470881365,0.09405255288465565,-0.29262315746584316,0.9790179722802517,-0.15371854378655478
80.0,9.82,-0.906708477344073,-0.29055915127986337,-0.017595375597904587,-0.13364259441508325,0.09303275787665445,-0.29120115198624374,0.9787238442675887,-0.15472095113996562
80.0,9.84,-0.9077231916679085,-0.28913431542294143,-0.01786318356326206,-0.13462058570131472,0.0920189478000798,-0.28977697664927266,0.9784240827985502,-0.1557347253732641
80.0,9.86,-0.9087318721409594,-0.28770752755632395,-0.018136386965310423,-0.13561029257751128,0.09101110779377714,-0.2883506370624673,0.9781185441102385,-0.1567600700842874
80.0,9.88,-0.9097346283896524,-0.28627850056236337,-0.01841513204206141,-0.13661196801753708,0.09000924440428146,-0.28692220641275,0.9778070792250032,-0.1577971995485182
80.0,9.9,-0.9107314138564184,-0.2848474210484946,-0.01869956027768407,-0.13762580669737537,0.08901333816496343,-0.28549165792094017,0.977489535072823,-0.15884632485135677
80.0,9.92,-0.9117222347228443,-0.2834143177840558,-0.0189898236212341,-0.13865202189930467,0.08802338593231997,-0.284059033984535,0.9771657533743437,-0.1599076676762193
80.0,9.94,-0.9127071476205814,-0.28197906048833116,-0.019286079619205348,-0.13969087963011836,0.0870393747247335,-0.28262434530410346,0.9768355704418765,-0.1609814532233382
80.0,9.96,-0.913686156246532,-0.2805416766116694,-0.019588493067883187,-0.14074260129147317,0.086061297091484,-0.281187602575345,0.9764988173525094,-0.16206791369391874
80.0,9.98,-0.9146592189157874,-0.27910235414682333,-0.019897223050985895,-0.14180741361307073,0.08508914120549949,-0.27974881954034386,0.9761553196612757,-0.1631672846927155
80.0,10.0,-0.9156263899475652,-0.2776609614279506,-0.020212444959117917,-0.14288556246659972,0.08412289582957466,-0.2783080114299623,0.9758048974007998,-0.1642798069288833
80.0,10.02,-0.9165876735655434,-0.2762175257004138,-0.020534340968208144,-0.14397733183167727,0.08316255987432591,-0.2768652268348141,0.9754473643935495,-0.16540572779916438
80.0,10.04,-0.9175430283184206,-0.27477223492122704,-0.020863090977238617,-0.14508296131158702,0.08220812305265401,-0.2754204488725283,0.9750825275975633,-0.16654530472207557
80.0,10.05,-0.9180185448070386,-0.27404870253229213,-0.02103009547154012,-0.14564104725463387,0.08173310803322503,-0.2746973266577801,0.9748973084925849,-0.16712029343366097
80.0,10.06,-0.9184925570549333,-0.2733247967119819,-0.0211988870456139,-0.14620271091896697,0.08125956608531736,-0.2739737001484203,0.9747101883188579,-0.16769879477501978
80.0,10.08,-0.9194361677978228,-0.27187555824142523,-0.021541923634160486,-0.1473368632569985,0.08031688468860308,-0.2725250003993657,0.9743301407441506,-0.16886646489143647
80.0,10.1,-0.9203739155290217,-0.27042438696263715,-0.021892405672672147,-0.14848568824151476,0.07938007057774531,-0.271074338297919,0.973942171875453,-0.1700485882785992
80.0,10.12,-0.9213058533316801,-0.2689711492828636,-0.022250548665711432,-0.1496494953116651,0.07844911542598149,-0.2696217723329413,0.9735460613763797,-0.17124544607179454
80.0,10.14,-0.9222319379380193,-0.2675160321928767,-0.022616566256944585,-0.15082854806699217,0.07752400734537403,-0.26816729583924553,0.973141582950102,-0.17245731699440936
80.0,10.16,-0.9231521758169804,-0.2660590627630944,-0.02299068565049718,-0.15202316735978383,0.07660475286806859,-0.26671096574432346,0.9727284962643493,-0.1736845126368492
80.0,10.18,-0.9240665725411485,-0.2646002676839447,-0.023373140329421675,-0.1532336444515399,0.07569131895640127,-0.2652527189748592,0.9723065609760436,-0.174927325551924
80.0,10.2,-0.9249751808370006,-0.26313951244069766,-0.0237641783062035,-0.1544603294241956,0.07478370869302477,-0.2637926173860207,0.9718755249413797,-0.17618604810536193
80.0,10.22,-0.9258779591013578,-0.26167698440116005,-0.024164040812803163,-0.1557035083769054,0.07388191663866985,-0.26233069338449194,0.9714351233292522,-0.17746102125664265
80.0,10.24,-0.9267749598734373,-0.26021254859470466,-0.024572997718360055,-0.1569635246554404,0.07298592548901568,-0.2608669194539039,0.9709850882542053,-0.17875254861082193
80.0,10.26,-0.9276661423774447,-0.2587463925706212,-0.02499131274985422,-0.1582407306803623,0.07209573110246115,-0.2594013318870267,0.9705251354918325,-0.18006098149611047
80.0,10.28,-0.9285515568227619,-0.2572783803107493,-0.0254192708747343,-0.1595354650377014,0.07121132148696308,-0.25793393868372144,0.9700549756446675,-0.18138665081295735
80.0,10.3,-0.9294312100401095,-0.2558085379214093,-0.02585715966262099,-0.16084809275577336,0.07033269796111966,-0.25646477821340785,0.9695743035359324,-0.18272991751989856
80.0,10.32,-0.9303050624877337,-0.2543370532170913,-0.026305280573523483,-0.16217898535725128,0.0694598416096743,-0.2549938327900983,0.9690828077117907,-0.18409113923418846
80.0,10.34,-0.9311732082025276,-0.252863626994889,-0.02676394945899031,-0.16352852094447437,0.06859275040749732,-0.2535211458351648,0.9685801691702991,-0.18547065236678037
80.0,10.36,-0.9320355638114957,-0.2513886094622765,-0.02723348844870666,-0.16489708570889175,0.06773140700787003,-0.25204670410195934,0.9680660408463,-0.1868688907276467
80.0,10.38,-0.9328921790048322,-0.24991186350377328,-0.027714231932416296,-0.16628507317087862,0.066875807183632,-0.25057052474158553,0.9675400829244258,-0.18828618183132403
80.0,10.4,-0.9337431036661169,-0.24843325162528346,-0.02820652991545712,-0.16769288381532388,0.06602594288409358,-0.24909262814622524,0.9670019227517787,-0.18972298438484328
80.0,10.42,-0.9345882542651642,-0.24695312416684284,-0.028710749295875995,-0.16912096511986108,0.06518181098547589,-0.2476130355897638,0.9664511927038996,-0.1911796500941087
80.0,10.44,-0.9354277251576818,-0.24547118067282564,-0.029227267292606825,-0.17056973382419896,0.06434339284478931,-0.24613174432310142,0.9658874938703863,-0.1926566442419421
80.0,10.46,-0.9362615193045408,-0.2439874451303259,-0.029756472319745635,-0.1720396150217195,0.0635106867197586,-0.24464878016968744,0.9653104234250515,-0.19415437559729537
80.0,10.48,-0.9370895573115019,-0.24250226914288617,-0.03029877785265022,-0.1735311017414288,0.06268368705715185,-0.24316417209408478,0.9647195601167184,-0.19567328100120882
80.0,10.5,-0.9379119302642762,-0.2410153506139495,-0.030854599040133084,-0.1750446166224085,0.06186237457457596,-0.24167789538982629,0.9641144628434111,-0.19721382484521663
80.0,10.52,-0.9387286415441479,-0.23952671335830186,-0.031424396331297594,-0.1765806684788282,0.061046753675511656,-0.24018998186117818,0.9634946737992002,-0.1987764819378302
80.0,10.54,-0.9395396552850154,-0.23803654566942753,-0.032008591218392744,-0.17813976548396893,0.060236805420893505,-0.23870044210469868,0.9628597219481447,-0.20036170292550348
80.0,10.56,-0.9403450182906244,-0.23654470782397038,-0.03260769218679665,-0.1797223707513557,0.0594325284540479,-0.2372092850832761,0.9622091086137037,-0.20197001624744024
80.0,10.58,-0.9411446954958285,-0.23505138826819572,-0.033222203295718816,-0.18132902461670208,0.05863391376850244,-0.23571652453529976,0.9615423251678117,-0.20360189126908856
80.0,10.6,-0.9419387312922547,-0.2335564463315763,-0.03385260879665145,-0.18296026389761383,0.05784094902878991,-0.23422217781246754,0.960858834976465,-0.20525785695376322
80.0,10.62,-0.9427271308252811,-0.23205990581269761,-0.03449947650065872,-0.18461664621462237,0.05705363492105909,-0.23272626181506806,0.960158081381051,-0.20693845060716776
80.0,10.64,-0.943509940702073,-0.23056162604178165,-0.03516335598864392,-0.18629872558547425,0.05627196051990056,-0.23122879907684826,0.9594394805307824,-0.20864423353814493
80.0,10.66,-0.9442870834226144,-0.22906195937506493,-0.0358448143357319,-0.18800706767069972,0.05549591092246668,-0.22972975980552154,0.9587024368186634,-0.21037572389733142
80.0,10.68,-0.9450586061225029,-0.22756076515859694,-0.03654451559211494,-0.18974230280157406,0.05472548739932601,-0.22822919797565827,0.9579463109069741,-0.21213354717355737
80.0,10.7,-0.945824512304993,-0.22605806642542572,-0.0372630620248524,-0.19150499970390733,0.05396067284712504,-0.22672709109559255,0.9571704537149995,-0.21391826782054255
80.0,10.72,-0.9465848480600199,-0.22455372172492888,-0.03800109260756442,-0.19329582771718878,0.053201467635524094,-0.22522347150657943,0.9563741771596466,-0.21573050515667744
80.0,10.74,-0.9473395752496804,-0.22304791840906335,-0.03875932678398373,-0.19511541290318132,0.05244786264460495,-0.2237183492634105,0.9555567719612831,-0.21757086667846665
80.0,10.76,-0.9480887021192709,-0.22154068037990055,-0.03953851250625333,-0.19696441675545134,0.05169984755681854,-0.22221171111303503,0.954717490055876,-0.21944001376599725
80.0,10.78,-0.9488322326818563,-0.22003203044757494,-0.04033935818090371,-0.19884355159353814,0.0509574191786639,-0.22070362660595774,0.9538555521721581,-0.22133861019508194
80.0,10.8,-0.9495702473519101,-0.21852165990819647,-0.041162656701278014,-0.2007534852917341,0.050220564874424764,-0.21919403638221113,0.952970150900619,-0.22326732228554572
80.0,10.82,-0.9503026362726501,-0.21701008852850143,-0.04200927757997796,-0.2026949619651716,0.0494892772785523,-0.21768299101232225,0.9520604360163434,-0.2252268499629462
80.0,10.84,-0.9510295196412911,-0.2154968418818998,-0.04288003933528546,-0.20466870949023727,0.0487635591175713,-0.2161705150833097,0.9511255233646697,-0.2272179105926612
80.0,10.86,-0.9517508245903116,-0.21398227377828727,-0.0437758705969237,-0.20667550368024612,0.04804338952959561,-0.21465656390621124,0.9501644867825014,-0.22924123635692548
80.0,10.88,-0.9524665928269505,-0.21246624052598245,-0.044697654646690704,-0.2087161284629271,0.04732877111274641,-0.21314119610467294,0.949176356949423,-0.23129759072524952
80.0,10.9,-0.953176793678956,-0.21094893109027008,-0.045646463050276295,-0.21079140165499888,0.04661969234396812,-0.21162442473395568,0.948160123773858,-0.23338775064783338
80.0,10.92,-0.9538815040217586,-0.20943003469070923,-0.046623283763969785,-0.21290213326491084,0.04591614845045335,-0.21010623992654995,0.9471147313606714,-0.23551248689593632
80.0,10.94,-0.954580692060584,-0.20790973981808475,-0.047629182503542235,-0.21504916693026332,0.04521812837905104,-0.2085866378886175,0.9460390668855182,-0.2376726480711466
80.0,10.96,-0.955274324982125,-0.20638823492067715,-0.04866535013398894,-0.21723339710493436,0.044525627371060555,-0.20706564304035863,0.9449319694540136,-0.23986907395892387
80.0,10.98,-0.9559624795173602,-0.20486520857838333,-0.04973290061938429,-0.21945573766424642,0.04383864506289699,-0.20554328268745212,0.9437922289381856,-0.2421026116994507
80.0,11.0,-0.9566451250186252,-0.20334084949307743,-0.05083310431142262,-0.22171709605786186,0.04315716469571284,-0.20401954233722053,0.9426185662639391,-0.2443741622044918
80.0,11.02,-0.9573222991608183,-0.20181501192056192,-0.05196728430285496,-0.22401842374595105,0.04248118428796998,-0.20249445833640836,0.9414096529158218,-0.24668461358128735
80.0,11.04,-0.957993972056502,-0.20028788470400022,-0.05313676728589964,-0.22636067492231696,0.0418106951199162,-0.20096799973200397,0.9401640846793311,-0.2490349207066041
80.0,11.06,-0.9586601474840538,-0.19875948932186407,-0.05434303388584471,-0.22874490967466873,0.04114569707704677,-0.1994402116372033,0.9388803958371658,-0.2514260371052393
80.0,11.08,-0.9593208293326323,-0.19722984720605613,-0.055587555552815957,-0.2311721138528708,0.0404861732089483,-0.19791107502880637,0.937557047896848,-0.2538589278835889
80.0,11.1,-0.9599760899134684,-0.1956986446465324,-0.05687191274655346,-0.23364333635918744,0.03983212416718516,-0.19638062026120498,0.9361924165609976,-0.25633463460398176
80.0,11.12,-0.9606258661662836,-0.1941662380688391,-0.05819780096110161,-0.23615969105614984,0.039183543400121305,-0.19484886014130073,0.934784812229305,-0.25885415592055083
80.0,11.14,-0.9612701612061935,-0.19263264853543943,-0.05956697488306682,-0.23872228664591477,0.03854042436188251,-0.19331578937515306,0.9333324482225995,-0.2614185597398996
80.0,11.16,-0.9619090449598606,-0.1910975612976306,-0.06098121536695108,-0.24133226378230604,0.03790275938240495,-0.19178143161727207,0.9318334489327906,-0.26402893035558156
80.0,11.18,-0.9625424563001256,-0.18956133331635758,-0.062442500424374256,-0.24399075285720856,0.037270543245602875,-0.19024576948069485,0.9302858376875603,-0.26668639762586727
80.0,11.2,-0.9631704303711938,-0.18802381719625952,-0.06395286519732714,-0.24669900005827392,0.036643766355082964,-0.18870881544978305,0.9286875505777785,-0.269392050318154
80.0,11.22,-0.9637930046734973,-0.18648486571548828,-0.0655144115025156,-0.2494582183235269,0.03602242778487597,-0.18717060827980675,0.9270363991848986,-0.272147080580788
80.0,11.24,-0.964410116683312,-0.1849448357074451,-0.06712946492872995,-0.25226963616645504,0.03540651843111178,-0.18563112664033132,0.925330087211246,-0.2749526623680215
80.0,11.26,-0.9650218352809333,-0.1834034113258011,-0.0688003277764765,-0.2551345962857898,0.03479603870116632,-0.18409039836536023,0.923566196784365,-0.2778099966174615
80.0,11.28,-0.9656280992243393,-0.1818609497523201,-0.07052955234006443,-0.2580543283563313,0.03419097244669477,-0.182548416360945,0.9217421734869586,-0.2807203379976352
80.0,11.3,-0.9662289765248301,-0.18031713462662977,-0.07231974577467495,-0.26103025377595457,0.03359132487923346,-0.18100519800602582,0.9198553341946974,-0.2836849226631925
80.0,11.32,-0.966824468512216,-0.17877198577814396,-0.07417373696494182,-0.2640636889776793,0.03299708256907122,-0.1794607489173262,0.9179028457985257,-0.28670502747503845
80.0,11.34,-0.9674145479088642,-0.17722569226257368,-0.07609449032744785,-0.2671560284386573,0.03240824607651442,-0.17791507892433764,0.9158817145295398,-0.28978196151086344
80.0,11.36,-0.9679992181664885,-0.17567827435164712,-0.07808504837756879,-0.27030869878869673,0.03182480413551507,-0.17636818580939112,0.9137887909328914,-0.2929170268521407
80.0,11.38,-0.9685785132280825,-0.17412958322707695,-0.08014867800189025,-0.27352311774512905,0.03124675012827967,-0.17482007394018978,0.9116207372698437,-0.29611157247130704
80.0,11.4,-0.9691524370491029,-0.17257963897597858,-0.08228895894947007,-0.2768007707135492,0.03067408843479484,-0.17327077368188645,0.9093740419115179,-0.2993669217007305
80.0,11.42,-0.9697209593696716,-0.17102863010249197,-0.08450946096351444,-0.2801431366579562,0.03010680838087738,-0.17172028386614138,0.9070449740273356,-0.30268447321987985
80.0,11.44,-0.9702841454262853,-0.1694762384244475,-0.08681410613390196,-0.2835516477250227,0.029544900508027837,-0.17016859089858186,0.904629611006037,-0.3060655611147684
80.0,11.46,-0.9708419389222682,-0.1679228223124341,-0.08920702906551069,-0.28702787372130434,0.02898836669425136,-0.1686157278811253,0.9021237898981297,-0.3095115705750946
80.0,11.48,-0.971394369582227,-0.16636823168066675,-0.09169251688419897,-0.29057329362145834,0.02843719418444142,-0.1670616781309014,0.8995231156185755,-0.3130238602919248
80.0,11.5,-0.9719414429643812,-0.16481248662356046,-0.0942752329593321,-0.29418944073871117,0.027891393332984696,-0.16550648911044902,0.8968229171573902,-0.3166038244583289
80.0,11.52,-0.9724831876233995,-0.1632554365123933,-0.09696002854104474,-0.2978777783752755,0.027350942233631475,-0.16395012363389894,0.8940182742328457,-0.3202527843588086
80.0,11.54,-0.9730195520509736,-0.16169744072900827,-0.09975212292385485,-0.3016398619391448,0.02681584179362245,-0.16239258971847997,0.8911039520911874,-0.3239720930031084
80.0,11.56,-0.9735505932082344,-0.16013817876002023,-0.1026569414318874,-0.30547713848555846,0.026286094475959167,-0.16083392318988135,0.8880744071207056,-0.32776306930321825
80.0,11.58,-0.9740762851781672,-0.15857783972426753,-0.10568035013960184,-0.3093910727037544,0.025761689588882922,-0.15927413254810638,0.8849237714748024,-0.331626958690153
80.0,11.6,-0.9745966591559676,-0.15701627305857527,-0.1088284827036323,-0.31338309151922905,0.025242623479844673,-0.15771319746196344,0.8816458072148387,-0.33556500375426673
80.0,11.62,-0.9751116899539324,-0.15545366799856666,-0.11210799039126723,-0.31745454248607197,0.024728888953371244,-0.15615112761917,0.8782339108893317,-0.33957833774465646
80.0,11.64,-0.9756214061608752,-0.15388987337390966,-0.11552583594367245,-0.3216067241377482,0.024220488682961814,-0.15458794127242598,0.8746810565495788,-0.3436680639368577
80.0,11.66,-0.976125783314315,-0.15232507854239513,-0.11908932141159688,-0.325840910887693,0.023717410547566008,-0.15302363294360644,0.8709797887123809,-0.34783517500046646
80.0,11.68,-0.9766248507595873,-0.15075913227450205,-0.12280644074520229,-0.33015818649531986,0.0232196604641926,-0.15145822361896993,0.8671221915079081,-0.35208054857918547
80.0,11.7,-0.9771186096747024,-0.14919205332828764,-0.1266855158622896,-0.33455957969514266,0.022727224685339227,-0.1498917125582191,0.8630998591919826,-0.3564049048115649
80.0,11.72,-0.9776070616621537,-0.1476238604898508,-0.1307355069162884,-0.33904593729945454,0.022240104702881066,-0.14832409115483908,0.858903840063458,-0.3608088548159567
80.0,11.74,-0.9780901832581537,-0.14605474327916573,-0.13496581031713345,-0.3436179939515709,0.021758298491669097,-0.14675539847102312,0.8545246308549993,-0.3652927892469737
80.0,11.76,-0.9785680273840192,-0.14448437907815942,-0.1393865176884335,-0.3482762426946602,0.021281795907058997,-0.1451856002854047,0.8499521213686506,-0.3698568827814024
80.0,11.78,-0.979040569912803,-0.1429129571858223,-0.1440084546519578,-0.35302090005513054,0.020810596457646963,-0.14361472617202323,0.8451755668022275,-0.37450103417362096
80.0,11.8,-0.9795078125687788,-0.14134049625126882,-0.14884297677136227,-0.3578519833674376,0.020344701610235445,-0.1420427841870187,0.8401835326307867,-0.3792248590053132
80.0,11.82,-0.9799697570491139,-0.1397670148818742,-0.15390229814732218,-0.36276911814757523,0.01988410021710943,-0.14046976470948636,0.8349638419816212,-0.3840276408287099
80.0,11.84,-0.9804264289167172,-0.13819236049528122,-0.15919935100549623,-0.3677715814013201,0.01942879556310467,-0.1388956872153138,0.8295035682126735,-0.3889082069746084
80.0,11.86,-0.9808778053693958,-0.13661672260862365,-0.1647479519799809,-0.3728582007345948,0.018978781295076005,-0.13732053813532535,0.8237889317297246,-0.3938649637208945
80.0,11.88,-0.9813239114752912,-0.1350399484210724,-0.17056270083553066,-0.3780273209838201,0.01853405323394804,-0.13574433553436152,0.8178052997831541,-0.39889573918178123
80.0,11.9,-0.9817647245846051,-0.13346222748566944,-0.17665935704093552,-0.38327660694813803,0.01809461196514138,-0.13416709616679362,0.8115370929024359,-0.4039977655081736
80.0,11.92,-0.9822002694940645,-0.13188340681964528,-0.18305448958529708,-0.38860313711141636,0.017660451658339717,-0.1325888066886332,0.8049677661671939,-0.4091675248237673
80.0,11.94,-0.9826305239307028,-0.1303036760425714,-0.18976583900846417,-0.3940031414652129,0.0172315690323982,-0.13100947111817973,0.798079716288918,-0.41440072089215807
80.0,11.96,-0.98305553465812,-0.12872271038709185,-0.19681215823296053,-0.39947199137745615,0.016807965769129372,-0.12942909516467913,0.7908542552319472,-0.41969209021325604
80.0,11.98,-0.9834752568735249,-0.12714087098218826,-0.20421353229413122,-0.405003955672677,0.01638963492158802,-0.12784768873335758,0.7832715646362987,-0.42503527396869784
80.0,12.0,-0.9838897140320845,-0.125558004390995,-0.21199120609760128,-0.410592149431875,0.015976576956404767,-0.126265264533222,0.775310601803882,-0.43042271302515794
80.0,12.02,-0.9842989284514471,-0.12397395685384535,-0.22016760532997753,-0.41622837136520163,0.015568787106097964,-0.12468181125852976,0.7669490760268255,-0.4358454314160828
80.0,12.04,-0.9847028572267565,-0.12238908988721983,-0.22876672910410434,-0.4219027453297037,0.015166265150853148,-0.12309735248413689,0.758163437318149,-0.441292836275038
80.0,12.06,-0.9851015439693368,-0.1208030778086425,-0.2378138089735614,-0.42760369462715947,0.014769009027773545,-0.12151186106061104,0.7489287742503256,-0.44675254084087684
80.0,12.08,-0.9854949673933422,-0.11921611032735993,-0.24733538154784693,-0.43331768300300777,0.014377016170781808,-0.1199253754543364,0.739218836758432,-0.4522100626917362
80.0,12.1,-0.9858831282696661,-0.11762820538628396,-0.25735973128217543,-0.4390286908866591,0.013990283134046497,-0.11833787227677009,0.7290060293721106,-0.45764855506451974
80.0,12.12,-0.9862660472467228,-0.11603920872205233,-0.26791633655121905,-0.4447182000748622,0.013608811143612103,-0.11674936638759932,0.7182613717239388,-0.4630485242877011
80.0,12.14,-0.9866437239659308,-0.1144491379950968,-0.27903612879035034,-0.45036471125980765,0.0132325970502987,-0.11515987036800517,0.7069545921323737,-0.4683874358327322
80.0,12.16,-0.9870161383345898,-0.11285818311045992,-0.29075140273220773,-0.4559433447951509,0.012861636786166258,-0.11356936914364178,0.6950541618182874,-0.47363938627224583
80.0,12.18,-0.9873832908676832,-0.11126636188979432,-0.3030957141859483,-0.46142544456144746,0.012495934971499194,-0.11197788758606678,0.6825274071137003,-0.47877456421202014
80.0,12.2,-0.9877452203272664,-0.10967334733934017,-0.3161038556688318,-0.4667779692154429,0.012135486146535026,-0.11038541411093505,0.669340689803647,-0.48375888112839893
80.0,12.22,-0.9881018875321437,-0.10807950174098056,-0.32981141567545896,-0.4719631646311787,0.011780288971061502,-0.10879195406680182,0.6554595717631526,-0.48855340320445434
80.0,12.24,-0.9884533114715741,-0.10648467032517447,-0.34425455014627315,-0.4769379383715458,0.011430342811361209,-0.10719751814116041,0.6408491573414867,-0.49311376589088085
80.0,12.26,-0.9887995099835345,-0.10488869805514545,-0.35946994097052687,-0.48165300682818063,0.01108564713433028,-0.10560209925995727,0.6254744908724776,-0.4973895894351449
80.0,12.28,-0.9891404456691617,-0.10329194754934154,-0.37549382178046525,-0.4860525814502739,0.010746201927008195,-0.10400571213459626,0.609301015965724,-0.5013238174886367
80.0,12.3,-0.9894761540887607,-0.10169409107345005,-0.39236171776897666,-0.4900734334204159,0.010412004105502266,-0.10240835829698058,0.5922952321845806,-0.504852043692978
80.0,12.32,-0.989806616577951,-0.10009531871705148,-0.4101076082026895,-0.49364417962546714,0.010083055118872277,-0.10081002852948866,0.5744254921891356,-0.5079018036164713
80.0,12.34,-0.9901318323978164,-0.09849564793844658,-0.4287627705110936,-0.49668473816400116,0.009759354512041104,-0.09921072977791362,0.5556629961813649,-0.51039186485509
80.0,12.36,-0.9904518177949962,-0.09689492332425638,-0.4483550379497432,-0.499105281905984,0.00944090081246024,-0.09761047494636722,0.5359829053391001,-0.5122315950443967
80.0,12.38,-0.9907665545943896,-0.09529333506761208,-0.46890695333586063,-0.5008059070656694,0.009127694750294908,-0.09600926242076732,0.5153659001896035,-0.5133202770657378
80.0,12.4,-0.9910760585168404,-0.09369072762725615,-0.49043413634421834,-0.5016760714275016,0.00881973388812347,-0.09440709154548323,0.49379974152361306,-0.5135466951641474
80.0,12.42,-0.9913803277087375,-0.09208711823014923,-0.5129437594011146,-0.5015937939478428,0.008517021266527685,-0.09280396479686182,0.4712813897279587,-0.5127887227359725
80.0,12.44,-0.9916793450531582,-0.09048269722827437,-0.5364316462933743,-0.5004259827671584,0.008219555667305655,-0.09119989164320014,0.44781922439523003,-0.510913260205901
80.0,12.46,-0.991973140591664,-0.08887713573101488,-0.5608800529921512,-0.49802828404912614,0.007927337313678963,-0.08959485969492736,0.4234357022362726,-0.50777649024789
80.0,12.48,-0.9922616813835508,-0.08727079718151995,-0.5862545963297343,-0.49424572973279446,0.007640366507306931,-0.08798889151741511,0.3981702615620023,-0.5032245370922661
80.0,12.5,-0.9925449813139184,-0.08566352570077454,-0.6125009295774475,-0.48891403864027777,0.007358643799208332,-0.08638197534227915,0.3720825146052224,-0.4970947347191477
80.0,12.52,-0.9928230534463178,-0.08405516523311433,-0.6395416219093609,-0.48186110617315286,0.007082170236818952,-0.0847741215797626,0.34525560372977065,-0.48921755659457006
80.0,12.54,-0.9930958806706274,-0.08244590616160202,-0.6672721437411564,-0.47291028149680003,0.006810945849762837,-0.08316532696470676,0.3177996473033202,-0.4794194263943857
80.0,12.56,-0.9933634610654614,-0.0808357656813922,-0.6955581004379606,-0.46188310648836417,0.006544971013742911,-0.08155559015072208,0.2898550620824555,-0.46752647256381646
80.0,12.58,-0.9936257928951439,-0.0792247610009187,-0.7242313429691235,-0.44860508742379357,0.006284248237493679,-0.0799449167845858,0.26159555671911594,-0.4533693811528757
80.0,12.6,-0.993882887698132,-0.07761273583963177,-0.7530879716647713,-0.4329108276268854,0.006028778926084032,-0.07833331579863335,0.23323049977733618,-0.4367893793168015
80.0,12.62,-0.9941347426934422,-0.07599970725543012,-0.7818865893003746,-0.4146512902201852,0.00577856328213726,-0.07672077867691074,0.2050062556486889,-0.41764534402775627
80.0,12.64,-0.9943813419584473,-0.07438586585158902,-0.8103478484805778,-0.39370227122126794,0.005533601679065823,-0.0751073140370879,0.17720617461292135,-0.39582198755108866
80.0,12.66,-0.9946226961696483,-0.07277105522246394,-0.8381562932272214,-0.3699729671566587,0.0052938977592421055,-0.07349291901034002,0.15014874067026163,-0.3712387319092545
80.0,12.68,-0.9948587901085307,-0.07115546607441439,-0.8649640179726233,-0.34341539767657714,0.005059453641238682,-0.07187760546656329,0.12418351206722451,-0.3438589932183432
80.0,12.7,-0.9950896457072939,-0.06953876822602133,-0.8903967836599272,-0.3140341012698157,0.004830268462280068,-0.07026135848639577,0.09968454231528377,-0.3136992392271425
80.0,12.72,-0.9953152474904073,-0.06792115235814913,-0.9140632978631656,-0.2818937571689168,0.0046063446276775385,-0.0686441882108843,0.077041148913829,-0.28083713026711415
80.0,12.74,-0.9955355921801227,-0.06630263553003495,-0.9355665018990434,-0.24712671721941662,0.00438768660727561,-0.06702609883976028,0.05664606910549933,-0.24541783133507916
80.0,12.76,-0.9957506766827641,-0.0646832348227391,-0.9545176473055562,-0.20993679569624163,0.004174294799853715,-0.06540708601277541,0.038881432815024715,-0.20765774711618287
80.0,12.78,-0.9959604979742444,-0.0630629673306571,-0.970551855231931,-0.17060006925163454,0.0039661724426783285,-0.06378715002844143,0.024103131537021233,-0.16784469843452418
80.0,12.8,-0.9961650634796634,-0.06144167627639871,-0.9833444209052395,-0.12946132040711572,0.0037633213211640667,-0.06216630228634923,0.012624689191214818,-0.1263341703781935
80.0,12.82,-0.9963643692352936,-0.05981937866369829,-0.9926264411796473,-0.08692700677677276,0.003565744542264452,-0.06054453704737029,0.0047017834698618735,-0.08354118118775065
80.0,12.84,-0.9965583905727721,-0.05819643935345368,-0.9981987654584361,-0.04345313254969238,0.003373444396739166,-0.05892185069788737,0.0005187547001277684,-0.03992802225942318
80.0,12.86,-0.9967471548726036,-0.056572353685840224,-0.999942716324454,0.0004705138467582629,0.0031864241504279715,-0.05729825366177663,0.00017840435451143774,0.004011487867107018
80.0,12.88,-0.9969306377729152,-0.05494748658612983,-0.9978265676471464,0.04433747567086987,0.0030046881289758952,-0.05567373799010635,0.003696062848585621,0.04777025412473957
80.0,12.9,-0.9971088543601663,-0.053321507136843645,-0.9919072214560274,0.08764490613925131,0.002828237601401471,-0.054048309738850844,0.010998575958072215,0.09084719817329066
80.0,12.92,-0.9972817815439231,-0.0516947804362983,-0.9823268036697071,0.12991187359597875,0.0026570767229248363,-0.052421970509315685,0.021928320050028857,0.1327661446598794
80.0,12.94,-0.9974494244447499,-0.05006714956359197,-0.9693046254356829,0.17069669649103542,0.0024912095168909926,-0.05079471827421995,0.03625181195968273,0.17309272908412773
80.0,12.96,-0.9976117786616749,-0.04843863161877184,-0.9531252465525422,0.20961136702041422,0.002330640424169478,-0.049166558337255896,0.05367207137397311,0.2114481929266511
80.0,12.98,-0.997768847848394,-0.046809069573192696,-0.9341238739000516,0.24633182009008156,0.00217537090670462,-0.04753748493094204,0.07384355835092171,0.2475192960505778
80.0,13.0,-0.9979206187957969,-0.045178654655580394,-0.9126704175179102,0.28060390907104854,0.0020254071626199144,-0.04590749872254919,0.09638829028905829,0.28106382708520344
80.0,13.02,-0.9980670868951983,-0.043547404022103095,-0.8891536038437379,0.31224486002846363,0.0018807522524853944,-0.04427660356838523,0.12091191308429326,0.3119118693438521
80.0,13.04,-0.9982082548074773,-0.041915160629193926,-0.8639656947839516,0.3411423428274507,0.001741410744188371,-0.042644797333955244,0.14701859258980754,0.3399633785203842
80.0,13.06,-0.9983441169883979,-0.040281941603952265,-0.8374898345456084,0.3672481639692973,0.0016073875512563778,-0.041012084883711136,0.17432388498562743,0.3651827263945425
80.0,13.08,-0.9984746610901168,-0.038647938367011296,-0.81008904582412,0.39057205409368645,0.0014786871926450171,-0.0393784598958843,0.2024651326960527,0.38759106496540763
80.0,13.1,-0.998599888767993,-0.03701299387690111,-0.7820985458794992,0.41117229347836776,0.0013553147049798458,-0.037743927705645115,0.231109133232063,0.4072574131244023
80.0,13.12,-0.9987198004782077,-0.03537695103121993,-0.7538202722698356,0.42914675730102353,0.0012372741488610407,-0.036108482917017334,0.2599571655723195,0.4242892607435029
80.0,13.14,-0.9988343778099477,-0.033740175665141495,-0.7255200327666058,0.44462363328269994,0.001124571469911697,-0.03447213461865289,0.2887476939803745,0.43882332045151146
80.0,13.16,-0.9989436213891434,-0.032102510756173944,-0.6974264407677313,0.4577530118464439,0.0010172119232843497,-0.032834873368731664,0.3172569950940939,0.45101692520768066
80.0,13.18,-0.9990475306525326,-0.030463799234681458,-0.6697314784436743,0.4686993547053055,0.000915200612218411,-0.03119670293751989,0.3452982268340362,0.4610404039843488
80.0,13.2,-0.9991460887193457,-0.02882440714454995,-0.6425928148999708,0.47763432583495435,0.0008185440628152425,-0.029557621341012412,0.3727193727813967,0.4690705313754061
80.0,13.22,-0.9992393046864235,-0.02718382869748441,-0.6161360153383122,0.4847319681832026,0.0007272472363629242,-0.02791763315384082,0.3994003711262963,0.4752851966699528
80.0,13.24,-0.9993271618206601,-0.025542430024713524,-0.5904581252611684,0.49016391230810247,0.0006413167493621206,-0.026276734405190502,0.4252497735663156,0.4798591863208337
80.0,13.26,-0.9994096540119023,-0.02390022855911614,-0.5656306553316096,0.49409660193721217,0.000560758034821646,-0.02463492339291265,0.45020124713392856,0.48296102225554416
80.0,13.28,-0.9994867789432811,-0.022257067323834825,-0.5417033300076316,0.4966884636335369,0.0004855784513918829,-0.022992202132167676,0.47421012281787045,0.4847506878550442
80.0,13.3,-0.9995585330935721,-0.02061278932729716,-0.5187073920865878,0.49808835706892785,0.00041578381031682354,-0.021348570445802705,0.49725002561666554,0.4853781169849712
80.0,13.32,-0.999624901781259,-0.018967760975308653,-0.49665821049175585,0.4984350971206351,0.00035138107523217645,-0.019704025234489303,0.5193097882475403,0.48498237390576565
80.0,13.34,-0.9996858816692493,-0.01732182537345964,-0.47555876699780936,0.4978561896908886,0.00029237714308249504,-0.01805856705735506,0.5403906756866071,0.48369122606905146
80.0,13.36,-0.9997414654215445,-0.015675000113040433,-0.4554013768330413,0.49646857014715856,0.00023877917912067424,-0.016412195866479767,0.5605039202895883,0.48162119446990714
80.0,13.38,-0.9997916481122447,-0.01402712833344429,-0.43617042160459146,0.4943782287227116,0.0001905942445957494,-0.014764908820776811,0.5796685694330915,0.4788778196570812
80.0,13.4,-0.9998364192654252,-0.012378402196345556,-0.417843879605237,0.49168095955816143,0.0001478300911225392,-0.013116708572030695,0.597909619642415,0.4755561412072202
80.0,13.42,-0.9998757713632405,-0.01072883943120434,-0.4003950158110537,0.48846275932797006,0.0001104941033898653,-0.011467592212793082,0.6152565485664558,0.47174129896695743
80.0,13.44,-0.9999096999861379,-0.00907810877983253,-0.3837937235356682,0.48480051098050636,7.859435626689817e-05,-0.00981755705674622,0.631741922363406,0.46750925847094926
80.0,13.46,-0.9999381931535385,-0.007426577080391315,-0.3680074356878694,0.4807627497060373,5.213870110343955e-05,-0.008166604979857186,0.6474004263328984,0.4629274723156126
80.0,13.48,-0.9999612431369681,-0.005774262210788364,-0.35300218102825814,0.47641029696798803,3.113545514549848e-05,-0.006514734033523381,0.6622679211672512,0.4580556427687366
80.0,13.5,-0.9999788435721899,-0.004120833039828058,-0.33874332416483693,0.47179686740890214,1.5592933912350465e-05,-0.004861942479356579,0.6763808102249539,0.4529464552640246
80.0,13.52,-0.9999909844237304,-0.002466482063720103,-0.325195897722264,0.466969949391711,5.5198536290429815e-06,-0.003208228977811994,0.6897754722371416,0.4476462323880959
80.0,13.54,-0.9999976567346722,-0.0008114018459877357,-0.31232537738053423,0.4619711878608918,9.25011936653487e-07,-0.0015535930616946076,0.70248781141252,0.44219557019821204
80.0,13.56,-0.9999988520398643,0.0008449131220184123,-0.30009770196759444,0.45683719192029487,1.8174246202376714e-06,0.00010196720786490324,0.7145529962817934,0.43662995138378835
80.0,13.58,-0.999994560948812,0.002501921094998162,-0.28847972980427355,0.4515999744144369,8.206317796639657e-06,0.0017584530237434736,0.7260051369240127,0.43098033354130494
80.0,13.6,-0.9999847738342243,0.004159952928162309,-0.27743950133088985,0.44628736202986896,2.010113102207751e-05,0.0034158656461114444,0.7368771791414347,0.425273588202668
80.0,13.62,-0.9999694807071131,0.005818990345124948,-0.2669460976053649,0.44092366720683607,3.7511488710840175e-05,0.005074207035930324,0.7472007635769989,0.4195330306826486
80.0,13.64,-0.9999486728048287,0.007478840477961706,-0.25696990052445406,0.43552995669671135,6.0447326369239074e-05,0.006733478085849639,0.7570061386547898,0.4137787631506343
80.0,13.66,-0.9999223376562678,0.009139833966625854,-0.24748260678919579,0.4301244773884999,8.891844426588933e-05,0.00839368143882555,0.7663221287870952,0.4080281274336216
80.0,13.68,-0.9998904679316138,0.010801603287498506,-0.23845748186429735,0.4247228166085665,0.00012293541116406307,0.010054817482222951,0.7751761338109929,0.40229596695769726
80.0,13.7,-0.9998530520154776,0.012464304414568658,-0.22986880131911833,0.4193385551967636,0.00016250865300386995,0.011716889448389433,0.7835941387741546,0.39659493232673954
80.0,13.72,-0.999810077043375,0.014128093225822296,-0.22169245578754304,0.413983170352024,0.00020764875126752028,0.01337989809123397,0.7916007187727993,0.39093581194537513
80.0,13.74,-0.9997615344225009,0.015792776509973374,-0.21390541892853035,0.4086665283292413,0.0002583666496599843,0.015043843638889314,0.7992190843257974,0.38532769243951276
80.0,13.76,-0.9997074135849995,0.0174583354955439,-0.2064861855342328,0.4033968787353536,0.00031467383974989285,0.016708732119135778,0.8064711406017666,0.3797781954508676
80.0,13.78,-0.9996477005496381,0.019124925807634675,-0.19941429465625743,0.3981812202250076,0.0003765810060056407,0.018374562626196828,0.8133775355629285,0.37429366250557866
80.0,13.8,-0.9995823836906121,0.020792528489134862,-0.19267039754015758,0.39302544057987865,0.0004441003928103952,0.020041337428084085,0.8199576928965867,0.3688793250987247
80.0,13.82,-0.9995114552351022,0.022460950052489326,-0.18623648968825418,0.3879342977829494,0.000517243843279272,0.021709059722272987,0.8262298975515208,0.36353942521789473
80.0,13.84,-0.9994348958342562,0.024130520281768836,-0.18009552550915775,0.382911712690521,0.0005960227810373424,0.0233777304948625,0.8322113374800386,0.3582773642846199
80.0,13.86,-0.999352701748597,0.02580087108727508,-0.17423132972830202,0.3779609134675276,0.0006804501489913407,0.025047350883923392,0.8379181641552244,0.35309580908053156
80.0,13.88,-0.9992648522980082,0.027472332027795608,-0.16862882107053165,0.37308438264557237,0.0007705382284087693,0.026717924418298657,0.8433655622775311,0.3479967686207062
80.0,13.9,-0.9991713396005479,0.029144709283662255,-0.1632739025807313,0.3682839801366244,0.0008662995702086215,0.028389454408066728,0.8485677933879585,0.3429816978440876
80.0,13.92,-0.999072151504552,0.03081798338123025,-0.15815316852080977,0.36356113870489,0.0009677477514633146,0.03006194212470622,0.8535382456192996,0.3380515923629159
80.0,13.94,-0.9989672700839081,0.03249230910887002,-0.15325406038797534,0.3589168229544698,0.001074895782360958,0.03173539280239473,0.858289502701549,0.3332070113046189
80.0,13.96,-0.9988566821150799,0.0341676667528187,-0.14856470902778543,0.3543516495259194,0.0011877566008128275,0.033409799889292664,0.8628333818331416,0.32844816422545714
80.0,13.98,-0.9987403805044864,0.03584386218628181,-0.14407420383875635,0.3498657913215574,0.0013063449159581048,0.03508517681393521,0.867180974233345,0.32377497405801264
80.0,14.0,-0.9986183396157454,0.03752122414371745,-0.1397719475705653,0.34545929501865136,0.0014306743030579282,0.03676152000037565,0.8713427180898579,0.31918705860799784
80.0,14.02,-0.9984905518820771,0.03919955827665256,-0.13564823862904432,0.3411318511879305,0.0015607592323501843,0.03843883286625069,0.875328407095006,0.3146838536195649
80.0,14.04,-0.9983570108074382,0.0408786702208085,-0.13169375565714272,0.3368830309087698,0.0016966136885369178,0.04011712146896832,0.8791472492379726,0.31026459401703443
80.0,14.06,-0.9982176812342953,0.042559062491297504,-0.1278999410460216,0.3327121274009139,0.0018382528124034998,0.0417963848035539,0.8828078976750043,0.30592836579280647
80.0,14.08,-0.9980725707373482,0.044240192021486935,-0.12425857034647367,0.32861837341906186,0.0019856919970096094,0.04347662315114328,0.886318498106551,0.30167410746639195
80.0,14.1,-0.9979216422015972,0.045922560961849004,-0.12076189963921902,0.32460086772698166,0.0021389464820399983,0.04515784594268614,0.88968670729267,0.2975006491686622
80.0,14.12,-0.9977648964344763,0.04760580031820648,-0.11740281188284007,0.3206585386149911,0.002298031054673108,0.04684005037094294,0.8929197267535778,0.29340675367507335
80.0,14.14,-0.997602310642702,0.049290063542646374,-0.11417440025053327,0.3167903181869884,0.0024629618322063312,0.04852324181232656,0.8960243399831616,0.28939108620539933
80.0,14.16,-0.9974338697500214,0.05097532977809956,-0.11107027777174487,0.3129950025178106,0.0026337558899325905,0.05020742257278297,0.8990069407405006,0.2854522473043423
80.0,14.18,-0.9972595583667232,0.05266157803797063,-0.1080843995583607,0.30927135904095004,0.002810428941742872,0.0518925971021418,0.9018735324310683,0.2815888459713153
80.0,14.2,-0.9970793517298863,0.054348961249321225,-0.10521103916018852,0.3056181163458424,0.0029929974408250026,0.05357876418611585,0.9046297912918727,0.2777994009341396
80.0,14.22,-0.9968932432046317,0.05603728409818653,-0.10244477389774702,0.30203397527455467,0.003181479406365639,0.055265929550675455,0.9072810626669856,0.2740824257057018
80.0,14.24,-0.9967012071607267,0.05772669919374958,-0.09978062827098805,0.2985175701826148,0.0033758914458893153,0.05695410258694923,0.9098323842812611,0.27043643430654807
80.0,14.26,-0.9965032372765522,0.0594170110282639,-0.09721367070676941,0.29506754221125164,0.003576250467714906,0.058643278241052074,0.9122885092141604,0.26685992789760227
80.0,14.28,-0.9962993069435784,0.0611083718750974,-0.09473948474428248,0.2916826008874596,0.0037825749092264185,0.060333456183194197,0.9146539293251076,0.2633513972460995
80.0,14.3,-0.9960893885811629,0.06280093375200428,-0.09235372366246886,0.2883612738349619,0.003994883618336943,0.06202465423320917,0.9169328837886469,0.2599093368039064
80.0,14.32,-0.9958734867167899,0.06449432692922392,-0.09005239484825056,0.2851022915514863,0.00421319389847303,0.06371686178738088,0.9191293775093852,0.25653226060378587
80.0,14.34,-0.9956515621302604,0.06618887695131966,-0.08783156789980802,0.2819042372836271,0.004437525607367941,0.06541008690657348,0.9212471960900025,0.2532186814985488
80.0,14.36,-0.9954235964550852,0.06788456141850704,-0.08568771827651174,0.2787658026693252,0.004667897264477941,0.06710432971783148,0.9232899189373497,0.24996714080674423
80.0,14.38,-0.9951895839100924,0.06958118412680996,-0.08361739524044091,0.2756856387675878,0.004904327195313091,0.0687996015072462,0.9252609278342638,0.2467762013310758
80.0,14.4,-0.9949494943145609,0.07127889615301851,-0.08161738213410168,0.27266237934195825,0.005146837861884912,0.07049590004634503,0.9271634291922884,0.2436444432923562
80.0,14.42,-0.9947033093688579,0.07297767467923844,-0.07968452425177078,0.2696947943367816,0.005395446798633081,0.07219323438483889,0.9290004570223381,0.2405704543240205
80.0,14.44,-0.9944510104161342,0.07467749671749055,-0.07781596852647256,0.2667815781803824,0.005650175277593376,0.07389159404080071,0.9307748824869289,0.23755287261275837
80.0,14.46,-0.9941925785584489,0.07637833911484256,-0.07600891885967877,0.2639214252842456,0.0059110450684524,0.07559100384985801,0.9324894297802758,0.2345903445792788
80.0,14.48,-0.9939279812596081,0.0780803520418721,-0.07426077715124484,0.2611131851850909,0.006178074834463209,0.07729144483352025,0.9341466833086745,0.2316815316432201
80.0,14.5,-0.9936572127491481,0.07978333848714327,-0.0725690927690902,0.2583555465258676,0.006451286628210572,0.07899293837232395,0.9357490891563393,0.22882514978988625
80.0,14.52,-0.9933802393062876,0.08148744817463555,-0.07093144521537093,0.2556473333387253,0.006730703191346279,0.08069547560709445,0.9372989665666518,0.22601994205750942
80.0,14.54,-0.9930970409909133,0.0831926571850893,-0.0693456185284778,0.2529874493753337,0.007016346030783932,0.08239906239822664,0.9387985264301628,0.22326465221283237
80.0,14.56,-0.992807597399345,0.08489894140034525,-0.06780948399713932,0.2503746578948423,0.007308239069913816,0.08410371228176147,0.9402498553908634,0.2205580936603302
80.0,14.58,-0.9925118878949268,0.08660627651863309,-0.06632099627801068,0.24780792764084764,0.007606402012945349,0.08580942020349361,0.9416549537606917,0.21789904050738387
80.0,14.6,-0.9922098765386621,0.08831481125567789,-0.06487823343058147,0.24528607818099968,0.00791086035101322,0.08751619318384912,0.9430157016892226,0.2152863783643713
80.0,14.62,-0.9919015572784647,0.09002434767601121,-0.06347943156874744,0.2428081083174226,0.008221635149348887,0.08922403561412048,0.9443338996162202,0.21271897803997683
80.0,14.64,-0.9915868931201333,0.09173503400680348,-0.062122735692603466,0.240372955305541,0.00853875309138981,0.09093294197218933,0.9456112627173953,0.21019571393405273
80.0,14.66,-0.9912658623002405,0.09344684508287195,-0.06080658073889309,0.23797957641780024,0.008862237524851376,0.0926429341725258,0.9468494134637699,0.20771553397629214
80.0,14.68,-0.9909384423732314,0.09515975549624664,-0.05952934117736996,0.2356270077962598,0.00919211138021087,0.09435399293054766,0.9480499006523899,0.20527739676973641
80.0,14.7,-0.9906046112405603,0.09687373968990252,-0.05828952427905487,0.23331425501459258,0.009528401679076256,0.09606613790458685,0.9492142032563089,0.20288027432089187
80.0,14.72,-0.9902643463536596,0.09858877188054771,-0.05708570358891343,0.23104039616627395,0.0098711324081414,0.09777937076114017,0.9503437240192227,0.20052318710477254
80.0,14.74,-0.9899175900451999,0.10030517163503959,-0.055916496140069175,0.22880450002819228,0.010220330615699064,0.09949370338316518,0.9514398041179133,0.19820515692484314
80.0,14.76,-0.9895643533712448,0.10202256698280245,-0.05478057376430266,0.22660567934292153,0.010576020928366466,0.10120912012364355,0.9525037164614965,0.19592527633534695
80.0,14.78,-0.9892046134706609,0.10374093153981336,-0.053676732711487166,0.22444304478074456,0.010938232229949591,0.10292564292827124,0.9535366861845913,0.19368259303627453
80.0,14.8,-0.9888383102281137,0.10546058385394612,-0.05260377779597961,0.22231575976508539,0.011306986522395208,0.10464325933414309,0.9545398703191436,0.19147624560058782
80.0,14.82,-0.9884654187829328,0.10718149674453162,-0.051560548590281335,0.2202229783503682,0.011682316856756879,0.10636198868504479,0.9555143823152801,0.18930534842693772
80.0,14.84,-0.9880859326145528,0.10890347029617173,-0.05054601206617262,0.2181639039020264,0.01206424805213613,0.10808182103914021,0.9564612779501109,0.1871690766563554
80.0,14.86,-0.9876998273431484,0.11062647706316235,-0.04955905066797225,0.216137756826661,0.012452808307518881,0.109802774608055,0.9573815746660659,0.18506658440784907
80.0,14.88,-0.9873070389374571,0.11235083397957103,-0.048598734023445424,0.21414373820612514,0.012848027396288719,0.11152484364050787,0.9582762335716951,0.1829971062115213
80.0,14.9,-0.9869075806210008,0.11407616822272033,-0.04766409944742808,0.21218113164966076,0.013249934900234593,0.11324803384582398,0.9591461795363866,0.18095985784957153
80.0,14.92,-0.9865013868649803,0.1158027959827118,-0.04675424705288767,0.2102492020231311,0.013658556419673446,0.1149723480491036,0.9599923047535386,0.17895405511788628
80.0,14.94,-0.986088451068226,0.1175305163200336,-0.04586827528243929,0.208347261099798,0.014073926795119863,0.11669779581616406,0.9608154458192604,0.17697899699174774
80.0,14.96,-0.9856687260084328,0.11925947239631139,-0.04500537871034762,0.20647459434321266,0.01449607239997427,0.118424380248806,0.9616164131074936,0.17503396788128825
80.0,14.98,-0.9852421844040238,0.12098963489527712,-0.04416478298499509,0.20463052576535304,0.014925028661015074,0.12015210740655663,0.9623959845062117,0.1731182544039364
80.0,15.0,-0.9848088199715344,0.12272080233182346,-0.04334570801240367,0.2028144241325155,0.01536082172342485,0.12188097275954586,0.9631549018971769,0.17123118005063415
80.0,15.02,-0.9843685622824668,0.12445328867904927,-0.04254739346141711,0.20102564724804017,0.015803486161871723,0.12361098533947003,0.9638938743145562,0.16937209770149042
80.0,15.025,-0.9842574208136519,0.12488658595354646,-0.04235097102544681,0.2005826418717715,0.015915230067250357,0.12404366062497835,0.9640755813164005,0.16891162490364983
80.0,15.04,-0.983921404485363,0.12618689186139323,-0.04176917751210377,0.1992635740611917,0.016253052999914853,0.1253421393307439,0.964613580880838,0.1675403629582489
80.0,15.06,-0.9834672959866908,0.12792175312527318,-0.04101037965940201,0.19752758074567722,0.01670955707389573,0.1270744551240072,0.9653146764775302,0.16573534950626417
80.0,15.08,-0.9830062074278905,0.1296578415568687,-0.04027035463703296,0.19581712391583198,0.017173031395264344,0.12880793521301764,0.9659977856817675,0.16395645373047935
80.0,15.1,-0.9825381093825479,0.13139512597608372,-0.0395484676516085,0.19413162570164533,0.01764350638812503,0.13054257690447324,0.9666635084603171,0.16220308401352931
80.0,15.12,-0.9820629719067974,0.13313357487352906,-0.03884413259518183,0.19247049086619936,0.01812102078535038,0.1322783846732913,0.9673124209929498,0.16047466475112146
80.0,15.14,-0.9815807415683411,0.1348733278006168,-0.03815679899295101,0.19083322463144534,0.01860560355234611,0.13401535621125668,0.9679450748557507,0.1587706366055968
80.0,15.16,-0.9810914111218859,0.13661418119640506,-0.03748591961915331,0.189219276188469,0.0190972963249595,0.1357535095015724,0.9685619995383743,0.15709045729511117
80.0,15.18,-0.9805949260729362,0.13835627383830773,-0.03683096805816984,0.1876281276819965,0.019596128295161365,0.13749283819359806,0.9691637063192905,0.1554335938842332
80.0,15.2,-0.9800912303187086,0.1400997438241957,-0.036191401130722986,0.18605927795850002,0.020102141361476356,0.13923335434004308,0.9697506826733062,0.15379953086761639
80.0,15.22,-0.9795803160011078,0.14184438666608273,-0.03556676451728403,0.18451226566973056,0.0206153714525579,0.14097505818877884,0.9703234000392502,0.15218776651887014
80.0,15.24,-0.9790621512583066,0.1435901687993631,-0.03495660887626363,0.18298659633003794,0.02113585526779299,0.14271795221712824,0.9708823076154585,0.15059781044844284
80.0,15.26,-0.9785366782549675,0.14533722706731608,-0.03436046634936693,0.18148179165041184,0.021663627666545632,0.14446204075222704,0.9714278412474879,0.14902918700181275
80.0,15.28,-0.9780038639045139,0.1470855269971796,-0.03377789450410028,0.17999744507697912,0.022198729071744024,0.14620732808586637,0.9719604185824608,0.1474814312679224
80.0,15.3,-0.9774636744065373,0.1488350337054406,-0.03320847929390626,0.1785330693873281,0.022741200500203056,0.14795381839415836,0.9724804412401713,0.14595409138737894
80.0,15.32,-0.9769160491946454,0.15058588242879686,-0.03265183385231466,0.17708826917961473,0.02329108082996886,0.14970151535129436,0.9729882938944411,0.14444672863716096
80.0,15.34,-0.9763609813117752,0.15233786714587924,-0.032107578354756854,0.17566263623508308,0.023848409160646095,0.15145042095897016,0.9734843501974673,0.1429589098432083
80.0,15.36,-0.9757983817276437,0.15409129243014139,-0.031575332722632944,0.17425571006137436,0.02441322467219648,0.15320053473493975,0.9739689664551041,0.1414902205125548
80.0,15.38,-0.9752282679668316,0.15584578092799956,-0.0310547493661988,0.17286715924769405,0.02498557205395705,0.1549518702956421,0.9744424894151194,0.14004025227786276
80.0,15.4,-0.9746505501828845,0.15760163621824563,-0.030545438932423258,0.17149654491076385,0.025565490680160344,0.15670443878205498,0.9749052489380281,0.13860860720512452
80.0,15.42,-0.9740651930337219,0.15935882094050507,-0.03004713322929066,0.17014353892549416,0.026153027721602537,0.15845822714209257,0.9753575673693602,0.1371948975703157
80.0,15.44,-0.9734721850216879,0.1611171267895352,-0.029559489037784117,0.1688077334411053,0.026748219231903587,0.16021323716083255,0.9757997502325763,0.13579874815373827
80.0,15.46,-0.9728714352968492,0.16287685569185378,-0.029082185844747064,0.167488786224004,0.0273511149745905,0.16196948157975813,0.9762320965479795,0.1344197891634878
80.0,15.48,-0.9722629313723794,0.16463779840982518,-0.028614928838886167,0.16618633874199443,0.0279617588239834,0.16372696811569623,0.976654892160427,0.1330576641079677
80.0,15.5,-0.9716466086107021,0.16640008572350087,-0.028157437706452782,0.16490007745818822,0.028580194033605934,0.16548569770182298,0.977068412398648,0.1317120198838972
80.0,15.52,-0.971022426243621,0.16816367742083857,-0.027709432777022553,0.1636296375437655,0.029206463022956503,0.1672456636140049,0.9774729252952744,0.13038251774565057
80.0,15.54,-0.9703903459729243,0.16992853333423463,-0.027270651461843265,0.16237471761498837,0.029840619437206787,0.16900686848550414,0.9778686863439704,0.12906882229216057
80.0,15.56,-0.9697503263841484,0.17169461237286932,-0.02684082929105831,0.1611350041628806,0.030482704897376128,0.17076932852254906,0.9782559453427943,0.12777061117206687
80.0,15.58,-0.9691022993805622,0.17346204283110422,-0.026419719459142614,0.15991014998033287,0.031132774894153604,0.1725330486097695,0.9786349395350957,0.12648756733077982
80.0,15.6,-0.968446220879325,0.17523078218148033,-0.026007079957933187,0.15869989027350115,0.031790868894021586,0.17429802667764124,0.9790059027079455,0.1252193802966757
80.0,15.62,-0.9677820526258802,0.17700078853737486,-0.025602680019950603,0.15750392675400335,0.03245704004321716,0.17606424742138005,0.9793690558358298,0.12396574852847407
80.0,15.64,-0.9671097187291698,0.17877218723284355,-0.02520629198030896,0.15632194881480338,0.03313133536608701,0.17783172725254032,0.9797246155041965,0.12272637711569531
80.0,15.66,-0.9664291771774519,0.18054493469133379,-0.024817702755827346,0.15515370553757338,0.033813813703414304,0.17960049084673538,0.980072791318651,0.12150098099109036
80.0,15.68,-0.9657404169288759,0.18231881820383117,-0.02443670163142493,0.15399891449426892,0.03450451855433846,0.1813705114343296,0.9804137825446967,0.12028927590945662
80.0,15.7,-0.9650433309465409,0.18409413025473959,-0.0240630805481475,0.15285728103249474,0.03520350973635514,0.18314181092688706,0.9807477848068771,0.11909098977602664
80.0,15.72,-0.9643378726502374,0.1858708249223213,-0.023696647800162014,0.1517285861577769,0.035910831932814836,0.18491437990369364,0.9810749865111222,0.1179058553187976
80.0,15.74,-0.9636240318233963,0.18764868833968265,-0.023337213441043277,0.1506125439012143,0.036626541507250525,0.1866882149967324,0.9813955702440452,0.11673360858786198
80.0,15.76,-0.9629016950432685,0.1894280098437728,-0.022984589906416046,0.1495089095760307,0.03735069821166423,0.18846334309382748,0.9817097099633451,0.11557399389528009
80.0,15.78,-0.9621708512495576,0.1912085744244396,-0.022638602105189164,0.1484174592479692,0.038083348017834244,0.19023973489700116,0.9820175771843738,0.11442676461137535
80.0,15.8,-0.9614313854380845,0.19299066970303108,-0.02229907406679543,0.14733792162514026,0.03882455419895448,0.19201741049939983,0.9823193364314794,0.11329167572744055
80.0,15.82,-0.9606833175072397,0.1947739113735584,-0.02196584448409445,0.14627008089860635,0.03957437139043263,0.1937963772060547,0.9826151473439628,0.11216848589464154
80.0,15.84,-0.9599265661313013,0.19655841814376132,-0.021638745824859872,0.14521370947232687,0.04033285860300438,0.1955766258989696,0.98290516387172,0.11105696606761362
80.0,15.86,-0.959161014438068,0.1983444751696896,-0.021317627210648643,0.1441685990015489,0.04110007831955231,0.19735817754569246,0.9831895355696622,0.1099568858019748
80.0,15.88,-0.9583866797892778,0.20013169632387673,-0.021002334098622528,0.14313449537904588,0.041876081066408326,0.1991409919206061,0.9834684070434598,0.10886802365931576
80.0,15.9,-0.9576034447186558,0.20192036532955218,-0.020692717958168565,0.1421112160452177,0.0426609350321139,0.2009251272619325,0.9837419184390631,0.10779016035564654
80.0,15.92,-0.9568112929495778,0.20371026268533138,-0.020388641343116458,0.14109854715874157,0.043454696935899866,0.2027105314377319,0.984010205487525,0.10672308401917652
80.0,15.94,-0.9560101021999047,0.2055016695423095,-0.02008996277627942,0.1400962798940915,0.04425742964559995,0.20449722964299127,0.9842733995565809,0.10566658502243834
80.0,15.96,-0.9551998916544395,0.20729419836378787,-0.01979654663301317,0.1391042089052288,0.04506920042119439,0.20628522882133601,0.984531628340822,0.10462045956860655
80.0,15.98,-0.9543804997974168,0.2090882948813446,-0.01950826296550298,0.1381221322779529,0.04589007160621545,0.20807454371075543,0.9847850148952655,0.10358450962323357
80.0,16.0,-0.9535519468507275,0.21088357072533412,-0.019224991759149688,0.13714988306262385,0.0467201025787604,0.20986512048001157,0.9850336791788478,0.10255853963699753
80.0,16.02,-0.9527141052392423,0.21268030282854486,-0.018946606590928824,0.13618726639466477,0.0475593687156238,0.21165700819528244,0.9852777373439916,0.10154235823846641
80.0,16.04,-0.9518669564650921,0.21447826780355536,-0.01867298878548586,0.1352340903310256,0.04840792780281195,0.21345019027607048,0.9855173018399876,0.10053577653809588
80.0,16.06,-0.9510103693390468,0.21627774003863393,-0.01840402248465496,0.1342901664724211,0.04926585621183154,0.21524467720753285,0.9857524819448675,0.09953861342579046
80.0,16.08,-0.9501443269324433,0.218078495201673,-0.018139600840127043,0.13335535595557263,0.05013321368174362,0.217040436806718,0.9859833836033983,0.09855068862965621
80.0,16.1,-0.9492687712235652,0.21988047371647884,-0.017879611337763033,0.1324294455047623,0.05101008289899876,0.21883751565169873,0.9862101095621716,0.0975718262319025
80.0,16.12,-0.9483835672289341,0.22168394651130083,-0.017623947775538037,0.13151228725140476,0.051896527694276114,0.2206358915534716,0.9864327594082132,0.09660185469815415
80.0,16.14,-0.9474886948906287,0.22348868661796326,-0.017372511444807757,0.1306037044777929,0.05279261354802481,0.22243554647480826,0.9866514299475367,0.09564060693888686
80.0,16.16,-0.9465840561099803,0.2252947972981053,-0.017125201113241312,0.12970353958939937,0.053698427843778276,0.22423651632761726,0.9868662152837987,0.09468791512448069
80.0,16.18,-0.9456695916064655,0.22710221556467114,-0.016881922052954135,0.12881165229748734,0.05461403173775354,0.22603873964384696,0.9870772066297319,0.0937436176412139
80.0,16.2,-0.9447452392851343,0.22891087707075916,-0.01664257810537798,0.12792786016958577,0.0555395115282403,0.22784229059125014,0.9872844923515071,0.09280755911752517
80.0,16.22,-0.9438108569826617,0.2307210463283078,-0.01640708107907658,0.12705202817423275,0.05647493609585561,0.2296471150432475,0.9874881587468826,0.09187958008731546
80.0,16.24,-0.9428664233215089,0.23253249252224661,-0.016175338777089862,0.1261839947609614,0.05742038744256227,0.2314532433612679,0.9876882891103062,0.09095953082726438
80.0,16.26,-0.941911874511525,0.23434514848497975,-0.015947269547495327,0.12532361496516342,0.05837594210091836,0.2332606274851829,0.9878849648913809,0.09004725931458835
80.0,16.28,-0.9409470637422666,0.23615927461187455,-0.015722787033515675,0.12447074723856723,0.05934167818839255,0.23506930825711322,0.9880782647630965,0.08914262158847393
80.0,16.3,-0.9399719667822187,0.23797463714372166,-0.015501808982345036,0.12362525226357168,0.060317687104055516,0.23687927105769715,0.9882682654407018,0.08824547314976199
80.0,16.32,-0.9389864356294165,0.23979149401599745,-0.015284259269274647,0.12278699266277873,0.06130403754617731,0.23869051104035835,0.9884550415381168,0.08735567070112912
80.0,16.34,-0.9379904857041627,0.24160944546464358,-0.01507005919531301,0.12195583404618186,0.06230081782016398,0.24050299293728508,0.9886386653221689,0.0864730790952019
80.0,16.36,-0.9369839655662366,0.2434287465896757,-0.01485913433738165,0.1211316299487616,0.06330812312888713,0.2423167721595292,0.9888192073500457,0.08559755923504084
80.0,16.38,-0.9359667635158155,0.24524948677530864,-0.014651413245225274,0.12031426461918188,0.0643260219481914,0.24413179706687754,0.988996735768267,0.08472898019734741
80.0,16.4,-0.9349388523156072,0.24707142736285476,-0.014446822668459569,0.11950359673488226,0.06535461929083952,0.24594809960322964,0.9891713174319722,0.08386721064935117
80.0,16.42,-0.9339001186244705,0.24889465542080647,-0.01424529638672464,0.11869951471112374,0.0663939915289202,0.24776563282895192,0.9893430170843789,0.08301212052862662
80.0,16.44,-0.9328504462740006,0.25071925600770884,-0.01404676267023846,0.11790186837511803,0.0674442396389797,0.2495844380357916,0.9895118973967285,0.08216358627659819
80.0,16.46,-0.9317898076610485,0.2525449877496659,-0.013851159906574892,0.11711056418178192,0.06850544813876241,0.25140447304890023,0.9896780201983475,0.08132148051937418
80.0,16.48,-0.9307180406703037,0.2543720957367669,-0.013658425040082332,0.11632546962504536,0.06957770667374169,0.25322572805365173,0.9898414447145215,0.08048568236531115
80.0,16.5,-0.9296350696359924,0.25620049800756567,-0.013468493958725776,0.11554646849450394,0.07066111497291468,0.2550482255211789,0.9900022289056676,0.07965607405006465
80.0,16.52,-0.9285408206158519,0.25803011212666827,-0.013281307971422475,0.11477344621443039,0.07175577597610572,0.2568719596242345,0.99016042944516,0.07883253572650631
80.0,16.54,-0.9274351707022206,0.2598610155688475,-0.013096806165527912,0.1140062774027372,0.07286177752223344,0.2586969000987597,0.9903161011514038,0.07801495412402883
80.0,16.56,-0.9263180877474476,0.26169296088976324,-0.012914933473480052,0.1132448781855406,0.07397921360061027,0.26052301752026424,0.9904692977167169,0.07720321218174196
80.0,16.58,-0.9251893565432829,0.26352634623008314,-0.012735632528122457,0.11248910080226253,0.07510819268921398,0.2623503462496322,0.9906200709935233,0.0763972011751431
80.0,16.6,-0.9240489418869198,0.26536092082506213,-0.012558848726372038,0.11173886551718297,0.07624882644834884,0.26417889141272666,0.9907684718446212,0.07559680861733593
80.0,16.62,-0.9228967183872993,0.2671967563237355,-0.012384532042562315,0.11099405463712506,0.07740119305397802,0.2660085718143852,0.9909145496933973,0.0748019286671955
80.0,16.64,-0.9217326487201501,0.26903359944100086,-0.012212625869155969,0.11025455361711119,0.07856541694101406,0.2678394273573213,0.9910583525332699,0.07401245170299052
80.0,16.66,-0.9205565106423537,0.27087184012600546,-0.01204308478736046,0.10952028732016714,0.07974160264541265,0.2696714409567787,0.991199927279119,0.07322827653188893
80.0,16.68,-0.9193683125954795,0.27271106143459023,-0.011875856893075085,0.10879113192165282,0.0809298613020975,0.2715046303173064,0.9913393195505917,0.07244929820552726
80.0,16.7,-0.9181678278729981,0.27455164874889404,-0.01171089473629592,0.10806697834482226,0.08213028771218715,0.27333891892383666,0.9914765738472556,0.07167541499749935
80.0,16.72,-0.9169550647694695,0.27639318287986514,-0.011548152175115683,0.1073477571443677,0.08334300659628856,0.2751743256640241,0.9916117334621993,0.07090652666450044
80.0,16.74,-0.9157297921990353,0.2782360445299583,-0.011387582466503737,0.10663335048057197,0.0845681261154983,0.27701084338551546,0.9917448405989798,0.07014253620104484
80.0,16.76,-0.9144919674048521,0.280079971167694,-0.011229141993392524,0.10592367971858951,0.08580576624757352,0.2788484641724654,0.9918759364030217,0.06938334636891688
80.0,16.78,-0.9132415006161491,0.28192485953845847,-0.011072786616899576,0.10521861878455625,0.08705603933668925,0.2806871498583751,0.99200506119399,0.06862885971909746
80.0,16.8,-0.911978203926562,0.2837709237569554,-0.010918475908050196,0.10451810484596663,0.08831906482208211,0.28252689756519617,0.9921322537717455,0.06787898376824689
80.0,16.82,-0.9107019832903778,0.2856180559773292,-0.010766168325863343,0.1038220400538666,0.0895949744227965,0.2843677034446773,0.9922575524794812,0.06713362411968116
80.0,16.84,-0.909412695460378,0.28746630604949674,-0.010615821468677924,0.10313032872758367,0.09088386660762099,0.2862095044857316,0.9923809941663021,0.06639269135616005
80.0,16.86,-0.9081102431982037,0.28931556206272774,-0.010467395689919959,0.1024428769480052,0.09218588789778609,0.28805233289440646,0.992502615468533,0.0656560924332323
80.0,16.88,-0.9067945323795616,0.29116571170789796,-0.010320856394621622,0.10175961597407387,0.09350115652197319,0.2898961602176717,0.992622451320702,0.0649237410228237
80.0,16.9,-0.9054653613739877,0.2930169556701147,-0.010176163236722933,0.1010804319778907,0.09482980283710099,0.2917409560048188,0.9927405363421797,0.064195547171959
80.0,16.92,-0.9041226320601427,0.2948691767437939,-0.010033279734354535,0.10040526004624921,0.09617196026586784,0.2935867280873805,0.9928569041560809,0.06347142422103345
80.0,16.94,-0.9027662442867889,0.2967222555939815,-0.009892169629438997,0.0997340133488524,0.09752774150717508,0.29543338101229205,0.992971587405049,0.06275128881010016
80.0,16.96,-0.9013960427651457,0.2985762277073178,-0.009752799827611802,0.09906659513839927,0.09889731726060755,0.297280989869747,0.9930846181998607,0.062035053951946674
80.0,16.98,-0.9000118217176457,0.30043128422044235,-0.009615135078232426,0.098402933958495,0.10028078277866433,0.29912943028085626,0.9931960275673596,0.0613226359609117
80.0,17.0,-0.8986135787788391,0.30228698372810464,-0.009479141523116028,0.09774294839864,0.1016783119524214,0.3009787740382706,0.9933058459231023,0.06061395448710648
80.0,17.02,-0.8972010510242804,0.3041436688752985,-0.009344786701710928,0.09708654746517255,0.10309002952345465,0.30282893952511875,0.9934141030473322,0.059908925558005706
80.0,17.04,-0.8957741300140212,0.3060012080502137,-0.009212041053457213,0.09643366441390729,0.10451607796854866,0.3046799097266671,0.9935208276729139,0.05920747025764245
80.0,17.06,-0.894332705504012,0.3078594673260411,-0.009080870224866726,0.09578421218292577,0.10595660636914803,0.3065316635123809,0.9936260482578798,0.0585095078164634
80.0,17.08,-0.8928766145204545,0.3097184673393445,-0.008951246083126693,0.09513812728385108,0.10741176267994845,0.3083841701683539,0.9937297923224875,0.05781495905493398
80.0,17.1,-0.8914056900345756,0.3115782249966588,-0.008823138695534907,0.09449530393867368,0.10888169728109973,0.3102373997813257,0.9938320865867176,0.057123748136080725
80.0,17.12,-0.8899198187970238,0.3134385991729279,-0.008696517374001237,0.09385569355542409,0.11036656174851177,0.312091319633476,0.9939329574930476,0.056435795637832624
80.0,17.14,-0.888418773810929,0.31529975571250574,-0.008571356280811715,0.09321920488461566,0.11186651009697306,0.31394589769727005,0.9940324303668889,0.055751027209142906
80.0,17.16,-0.8869024950732014,0.3171613933221243,-0.008447625718146355,0.09258577080307555,0.11338170433233238,0.3158011006429554,0.9941305304893966,0.0550693649325531
80.0,17.18,-0.885370696539682,0.3190238263004422,-0.008325300551664852,0.09195531474155862,0.11491229802197687,0.31765689970745264,0.9942272820408516,0.05439073596909611
80.0,17.2,-0.8838233688371151,0.32088659264605274,-0.008204351483452764,0.09132776243328534,0.1164584585322271,0.31951324606939063,0.9943227089325046,0.05371506390583199
80.0,17.22,-0.8822602241211832,0.32275000062567655,-0.008084753770339168,0.09070303057182842,0.11802034577199474,0.3213701156578273,0.9944168342194072,0.05304227742831861
80.0,17.24,-0.8806811918002747,0.3246137363220907,-0.007966482922833496,0.09008106935885397,0.11959813791680288,0.32322745825299887,0.9945096807145155,0.05237230339479817
80.0,17.26,-0.8790859783916085,0.3264780998685087,-0.007849513859506179,0.08946179918165904,0.12119199602017539,0.3250852395011526,0.9946012704364489,0.05170506854929566
80.0,17.28,-0.8774745124047935,0.3283427720485127,-0.0077338197226624605,0.08884513240210858,0.12280209216940034,0.32694341374766467,0.9946916250946463,0.05104050129038316
80.0,17.3,-0.875846608158177,0.33020773817131466,-0.007619382530107887,0.08823102393583526,0.1244286153936261,0.3288019386649694,0.9947807655243661,0.05037853164431761
80.0,17.32,-0.874202077481935,0.33207297967994326,-0.007506172727806454,0.08761938010934728,0.1260717303312095,0.33066076932495236,0.99486871255474,0.049719087830613656
80.0,17.34,-0.8725407287727255,0.3339384737134383,-0.007394171099461176,0.08701014934687798,0.1277316213729863,0.332519854307497,0.9949554859460479,0.04906210143218978
80.0,17.36,-0.8708624286806278,0.3358040422084122,-0.007283354873269371,0.08640325178909604,0.12940848449352196,0.3343791474595706,0.9950411055423825,0.048407500492680146
80.0,17.38,-0.8691668650399142,0.3376699589734615,-0.007173703582032241,0.08579862957729016,0.1311024907565874,0.3362386000187106,0.9951255902722878,0.047755218172362605
80.0,17.4,-0.8674539558798398,0.3395358849851627,-0.007065193371076884,0.08519619721820311,0.13281384463704538,0.33809815556484263,0.9952089589219777,0.04710518408444676
80.0,17.42,-0.8657235044876153,0.3414017832346055,-0.006957804309682799,0.08459591064967766,0.1345427344031316,0.33995776030999664,0.9952912295719057,0.046457331232839495
80.0,17.44,-0.8639753080436678,0.34326761098161845,-0.006851517431019622,0.08399767844604521,0.13628936296627847,0.34181735545330716,0.9953724199638242,0.04581159080928775
80.0,17.46,-0.8622091024556618,0.3451334721295661,-0.006746310215326657,0.0834014509081058,0.1380539166621659,0.3436768849350561,0.9954525474533634,0.04516789567443113
80.0,17.48,-0.86042480105954,0.3469990141373761,-0.0066421656953604,0.08280715073060177,0.13983661013421864,0.3455362866324008,0.995531628865412,0.04452617861209579
80.0,17.5,-0.8586220753434902,0.34886448245161095,-0.006539063215704117,0.08221472240970301,0.14163764585138788,0.3473954946440043,0.995609680839118,0.04388637234653201
80.0,17.52,-0.8568008352503269,0.3507295166407269,-0.00643698477637527,0.08162408373308298,0.1434572429503451,0.34925444140004736,0.9956867191804686,0.04324841125626678
80.0,17.54,-0.8549608059921431,0.3525942016166182,-0.006335912347730102,0.08103518333746977,0.1452955992594278,0.3511130685856616,0.9957627595907553,0.042612227926187005
80.0,17.56,-0.8531017716959371,0.35445846760143745,-0.006235827005861329,0.08044795312788582,0.1471529489042304,0.3529712939354208,0.9958378176302711,0.041977756628726444
80.0,17.58,-0.8512234507688241,0.35632238799419463,-0.0061367125312512694,0.07986231791680157,0.14902949393454237,0.3548290534738159,0.9959119077652091,0.041344931543991034
80.0,17.6,-0.849325809882887,0.35818543770214967,-0.006038550518971494,0.07927822366750793,0.15092547472374315,0.3566862627399194,0.9959850448590245,0.04071368682444477
80.0,17.62,-0.84740843726813,0.3600479766928126,-0.005941324538724847,0.07869560001851943,0.15284111630737293,0.3585428437805493,0.996057242912208,0.04008395654314479
80.0,17.64,-0.8454711696071134,0.3619097663180979,-0.005845018753119822,0.07811437914414936,0.15477664229382126,0.3603987243488235,0.9961285156364044,0.03945567471942619
80.0,17.66,-0.8435137782464599,0.3637707108505768,-0.005749615199511573,0.07753449593612675,0.15673229292234192,0.3622538105116922,0.9961988766168971,0.038828777067673306
80.0,17.68,-0.8415360324660852,0.36563070926620356,-0.005655101246281571,0.07695589633489482,0.15870830896157972,0.36410801780883606,0.9962683386974563,0.03820319923311656
80.0,17.7,-0.8395376966809862,0.3674896539145255,-0.005561460149716542,0.07637850231566472,0.1607049371821637,0.36596124912264605,0.996336914685658,0.037578873338116166
80.0,17.72,-0.8375185354009391,0.369347432552693,-0.005468675146460684,0.07580224766360048,0.1627224140108179,0.36781342676937506,0.9964046170847775,0.03695573493790093
80.0,17.74,-0.8354782456407331,0.37120407284374707,-0.005376732682814891,0.0752270860880862,0.16476099541699865,0.3696644391182956,0.9964714577099345,0.03633372126655105
80.0,17.76,-0.8334166478764142,0.3730593028235134,-0.00528561929111852,0.07465293029640024,0.16682093994916158,0.37151418806770514,0.9965374485170211,0.035712764303092094
80.0,17.78,-0.831333433446321,0.3749131373678914,-0.0051953206585816855,0.07407973085593943,0.16890250964217135,0.3733625736387397,0.9966026007684544,0.03509279770747062
80.0,17.8,-0.8292283548611926,0.37676543860233375,-0.005105821291375308,0.07350741532491217,0.1710059575966956,0.37520948393889486,0.9966669254924615,0.03447376032208113
80.0,17.82,-0.8271010954010398,0.3786162063542514,-0.005017109513986991,0.07293592263655246,0.17313156576861385,0.3770548089246942,0.9967304335692492,0.033855583984659376
80.0,17.84,-0.8249515332607895,0.38046500027465596,-0.004929170551721211,0.07236517811762207,0.17527959406402302,0.37889843227925224,0.9967931353050589,0.03323820222222337
80.0,17.86,-0.8227792813489666,0.3823119515036348,-0.004841992708182726,0.07179512692144045,0.17745032295732036,0.3807402380199987,0.9968550408970235,0.03262155026832798
80.0,17.88,-0.8205840114830788,0.38415703672667995,-0.004755563769774463,0.07122570064385293,0.17964403914234978,0.3825800957812604,0.9969161600357987,0.03200556330915507
80.0,17.9,-0.8183655965897172,0.3859997969264303,-0.004669869164475643,0.07065682625910004,0.18186101952936745,0.3844178787096793,0.9969765024745604,0.03139017301950026
80.0,17.92,-0.8161236380520539,0.38784033846592275,-0.00458489804611047,0.070088442232741,0.18410156215606518,0.38625345981774595,0.9970360771150898,0.03077531450130447
80.0,17.94,-0.8138578665929603,0.3896784724601814,-0.004500640188395954,0.0695204903449177,0.18636596252084028,0.38808669589290756,0.9970948930949468,0.030160921094026703
80.0,17.96,-0.8115680118176318,0.3915140032394771,-0.004417082040144576,0.06895289201180925,0.1886545197356775,0.3899174405659951,0.9971529590421168,0.029546926093562173
80.0,17.98,-0.8092537995746848,0.393346726930783,-0.004334212531881,0.06838558049951712,0.19096754314575232,0.3917455577579419,0.9972102831761492,0.028933259272920873
80.0,18.0,-0.8069148170002903,0.39517671439895863,-0.004252020107744788,0.0678184929276534,0.19330532808362225,0.39357088903405835,0.9972668736244938,0.028319855601924463
80.0,18.02,-0.8045508503866223,0.3970036022185025,-0.004170496976418112,0.06725156221118934,0.19566820984124142,0.3953932770911867,0.9973227379916437,0.027706646526083643
80.0,18.04,-0.8021615495627026,0.398827302413462,-0.004089629685012698,0.06668471796189204,0.19805649345021928,0.3972125609010344,0.9973778837131538,0.02709356346152546
80.0,18.06,-0.7997465573428906,0.40064771539961497,-0.004009408630453077,0.06611788620234096,0.20047051760529297,0.39902856651869706,0.9974323181705463,0.026480537798552927
80.0,18.08,-0.7973055837078047,0.4024645925217384,-0.0039298242708863205,0.06555100506427781,0.202910594817835,0.4008411253486794,0.9974860480474768,0.025867499142984016
80.0,18.1,-0.7948383370427791,0.40427767681507726,-0.0038508669186985973,0.06498400192640962,0.20537708100479343,0.4026500564389692,0.9975390799251295,0.025254378817460375
80.0,18.12,-0.7923444498277609,0.40608683935592776,-0.003772526560764301,0.06441680894866836,0.20787030575149176,0.4044551665938213,0.9975914201868493,0.02464110463299851
80.0,18.14,-0.7898236233574583,0.4078918031310385,-0.0036947953847046395,0.06384934815331227,0.21039062369014724,0.40625626488013405,0.9976430747666238,0.02402760610979986
80.0,18.16,-0.787275422281667,0.4096925611390821,-0.0036176630637187223,0.06328154696206557,0.2129383794227687,0.4080531631599047,0.9976940494248036,0.023413812742983178
80.0,18.18,-0.7846995317523798,0.41148880987936787,-0.0035411205797415803,0.06271334519437587,0.21551394022129677,0.40984563497825977,0.9977443495977331,0.02279965051502573
80.0,18.2,-0.7820955618438685,0.4132803720565045,-0.003465160337591802,0.06214465882944397,0.21811766587089837,0.41163347869225564,0.997793980385418,0.0221850471230649
80.0,18.22,-0.7794632180913269,0.41506693644736303,-0.003389774950472798,0.06157541693590439,0.2207499198837667,0.41341646971018003,0.9978429467467088,0.02156992849952068
80.0,18.24,-0.7768021126679073,0.4168483075558388,-0.003314954335052187,0.06100554739047153,0.22341108931954728,0.4151943798318946,0.997891252997435,0.020954220544142643
80.0,18.26,-0.7741118454144132,0.4186242726891619,-0.003240692214272275,0.06043497683107048,0.22610154588844183,0.4169669734386311,0.9979389036850944,0.020337845658830744
80.0,18.28,-0.7713920220747156,0.4203946114063518,-0.0031669810833678614,0.05986361742590951,0.228821689784343,0.41873400211660233,0.997985902486398,0.019720731437128575
80.0,18.3,-0.7686423192966909,0.42215895647993995,-0.003093813112837286,0.059291402023833255,0.2315718982760181,0.420495213632111,0.9980322532937831,0.01910279674793899
80.0,18.32,-0.7658622645362094,0.423917197202699,-0.003021181478949373,0.05871824950863529,0.2343525900089318,0.4222503479801691,0.9980779593552541,0.01848396565842818
80.0,18.34,-0.7630515217164966,0.42566893680370094,-0.002949080082600835,0.05814407921955752,0.2371641551851357,0.4239991313718243,0.9981230236755281,0.017864158730626207
80.0,18.36,-0.7602096139097512,0.4274140377049655,-0.0028775005542761713,0.05756881141826444,0.2400070156184856,0.42574128068804934,0.9981674490561577,0.017243296681938244
80.0,18.38,-0.7573362775530768,0.42915194576648186,-0.002806439386055237,0.056992367244328164,0.24288158727844386,0.42747650497007855,0.9982112379263193,0.01662129672320974
80.0,18.4,-0.7544309411004663,0.43088261933914696,-0.00273588857106651,0.056414662992417215,0.2457882931154417,0.42920451099647594,0.9982543923677419,0.015998077439408873
80.0,18.42,-0.751493189854132,0.43260574191851037,-0.00266584401515049,0.055835616789015746,0.24872757253383063,0.43092498461042683,0.9982969142893265,0.015373555133610885
80.0,18.44,-0.7485226847807667,0.43432085285714744,-0.002596298051422962,0.05525513652508447,0.25169985130669054,0.4326376075029647,0.998338804941229,0.014747645039929988
80.0,18.46,-0.7455189778591937,0.4360275900457618,-0.0025272475794181387,0.05467314569137868,0.2547055819235548,0.43434204022711204,0.9983800654875132,0.014120261159136267
80.0,18.48,-0.7424815036717648,0.4377258567432835,-0.0024586877095463372,0.054089552126903195,0.25774521950723384,0.43603794925963957,0.9984206967688537,0.013491316429718712
80.0,18.5,-0.7394099767390633,0.4394150068037052,-0.002390611885335678,0.053504267859491354,0.2608192162528893,0.43772496288470186,0.9984606990792075,0.012860721854283937
80.0,18.52,-0.7363038163945591,0.4410949034164388,-0.002323017051849259,0.05291719698617246,0.2639280433759679,0.43940272543604614,0.9985000727245088,0.012228387204930089
80.0,18.54,-0.7331625710795631,0.44276512013297575,-0.002255898885760006,0.052328255004369474,0.2670721566011382,0.44107085653348793,0.9985388172105658,0.011594221187768813
80.0,18.56,-0.7299858783189618,0.4444250938100297,-0.0021892545194474324,0.0517373448047289,0.2702520525617737,0.44272895776490295,0.9985769318262093,0.010958130231431773
80.0,18.58,-0.7267731466566684,0.4460746297010166,-0.0021230788775367547,0.05114437587690627,0.27346821372019353,0.4443766248369483,0.9986144157384904,0.01032001953415868
80.0,18.6,-0.7235239092029823,0.44771324095306,-0.002057370113099372,0.050549241088072114,0.2767211234164303,0.4460134381515529,0.9986512673004684,0.009679792708517551
80.0,18.62,-0.7202377289466678,0.449340441421832,-0.001992124002816086,0.0499518531891857,0.28001128447711054,0.44763895786361124,0.9986874847402667,0.009037351092600595
80.0,18.64,-0.7169140704605091,0.4509558398968547,-0.0019273394661760259,0.04935210439186938,0.2833391959154202,0.44925273790457126,0.9987230659129304,0.008392594793807811
80.0,18.66,-0.7135523950049116,0.45255902275025517,-0.0018630137049457267,0.04874989673862111,0.2867053842000243,0.45085430601148124,0.9987580079573621,0.007745421641081241
80.0,18.68,-0.7101522487139291,0.4541494350523691,-0.0017991443029715445,0.048145125697508916,0.29011035288238646,0.45244318776002085,0.9987923077439851,0.007095727538587132
80.0,18.7,-0.7067130810501823,0.4557266144554577,-0.0017357302068923782,0.04753768151119512,0.29355464413420707,0.4540188816931082,0.9988259618670784,0.006443406291761119
80.0,18.72,-0.7032344204117963,0.45728995295352326,-0.0016727701815100122,0.04692745064882723,0.2970387859748624,0.45558086288097127,0.9988589662097425,0.005788349605213368
80.0,18.74,-0.6997156602085322,0.4588390820391827,-0.0016102635611238056,0.04631433319330819,0.30056331219764376,0.4571286142494156,0.998891316233987,0.005130446911726011
80.0,18.76,-0.6961563136495573,0.460373338297484,-0.001548210061630136,0.045698211581957714,0.30412876224810237,0.4586615739851752,0.9989230069579105,0.004469585547379837
80.0,18.78,-0.6925557596096638,0.461892295108147,-0.0014866089612350093,0.04507896869835024,0.30773570890390683,0.4601791766553128,0.9989540328453301,0.003805649880346008
80.0,18.8,-0.6889135970199898,0.46339512333267957,-0.0014254608884416576,0.04445648922934216,0.3113847028107122,0.4616808210842308,0.998984387858171,0.0031385223584277037
80.0,18.82,-0.6852291217837894,0.4648814644789253,-0.001364766865782686,0.04383065101913428,0.31507630827236555,0.4631659070825102,0.9990140653910304,0.0024680826382839642
80.0,18.84,-0.6815017555068589,0.46635066670244074,-0.0013045277969853505,0.04320132723736243,0.31881108983300627,0.4646337977257287,0.9990430582812343,0.0017942074123862624
80.0,18.86,-0.6777310386716333,0.46780195753573783,-0.0012447448994817095,0.04256839343409887,0.3225896420276623,0.4660838450139784,0.9990713587713096,0.001116770758970634
80.0,18.88,-0.6739163983496884,0.4692346341535016,-0.0011854212799502757,0.041931724471293515,0.3264125393399412,0.4675153685324288,0.9990989584728702,0.00043564381213741455
80.0,18.9,-0.6700571208644163,0.47064821454876904,-0.0011265588265161372,0.041291182523528,0.3302803704024837,0.46892767056749735,0.9991258483979018,-0.00024930537614569794
80.0,18.92,-0.6661526411160115,0.47204193867241995,-0.0010681610628251125,0.04064662966547154,0.334193738150983,0.4703200354953846,0.9991520188626284,-0.000938211956626804
80.0,18.94,-0.6622024793687686,0.4734149014535306,-0.0010102314045046465,0.03999793510888569,0.3381532405060652,0.47169170199667865,0.9991774595171589,-0.0016312143334167816
80.0,18.96,-0.6582059046864513,0.47476651033148254,-0.0009527736583604804,0.03934495473478355,0.342159496935551,0.4730419001359264,0.9992021592822312,-0.002328454336617634
80.0,18.98,-0.6541624390546125,0.47609579514358547,-0.0008957931570475457,0.03868753517034253,0.3462131002734007,0.47436983620968237,0.9992261063305228,-0.003030077499478856
80.0,19.0,-0.6500712864507798,0.4774022184350822,-0.0008392955417627257,0.038025535473120806,0.3503146814867806,0.47567467804879016,0.9992492880682462,-0.003736232829736848
80.0,19.02,-0.6459320367572748,0.47868461356083675,-0.0007832858044706279,0.03735879534217028,0.35446485199183836,0.47695557939031324,0.9992716910783968,-0.00444707355734504
80.0,19.04,-0.6417438880379593,0.47994236119280353,-0.0007277713462051016,0.03668716188139233,0.3586642488568072,0.4782116370403531,0.9992933010901691,-0.0051627565566594626
80.0,19.06,-0.637506284525777,0.48117445902266986,-0.0006727588114952743,0.036010472726980006,0.3629134925855805,0.4794419552474208,0.9993141029543385,-0.0058834430416708945
80.0,19.08,-0.6332185924024188,0.48237998040651436,-0.000618256665136876,0.03532855768142787,0.36721322877107593,0.48064557951461095,0.9993340805955387,-0.006609298737803173
80.0,19.1,-0.6288801704448728,0.4835579498549966,-0.0005642741371447682,0.034641252895035064,0.37156408135381447,0.4818215213836778,0.9993532169657445,-0.007340493704660904
80.0,19.12,-0.6244903093457587,0.4847074687632893,-0.0005108202875127497,0.03394837500983936,0.37596669854730524,0.4829687839449981,0.9993714939936675,-0.008077202681785993
80.0,19.14,-0.6200485501295558,0.4858272621235339,-0.0004579053300403039,0.03324974889811791,0.3804217269707027,0.48408631001866953,0.9993888925534262,-0.008819605608830985
80.0,19.16,-0.6155540167238036,0.48691655538030487,-0.0004055405663292214,0.03254518432451935,0.38492979425649254,0.48517302984332544,0.9994053924023321,-0.0095678874475769
80.0,19.18,-0.6110061729465299,0.4879740896099464,-0.000353738538931383,0.031834496841344366,0.38949154187729473,0.4862278161863932,0.9994209721399004,-0.010322238178272453
80.0,19.2,-0.6064044230141734,0.488998683602483,-0.0003025122217635925,0.03111748425149761,0.3941076340675645,0.48724951184811655,0.99943560912188,-0.011082853667525077
80.0,19.22,-0.6017480569983876,0.4899891852242475,-0.0002518761153334691,0.03039394952403407,0.3987787049141329,0.4882369156011125,0.999449279414302,-0.01184993566408134
80.0,19.24,-0.5970364152861499,0.490944425353757,-0.00020184436563452544,0.0296636778668574,0.40350538842104405,0.48918880295624106,0.999461957748788,-0.012623691619892042
80.0,19.26,-0.5922688147182378,0.49186315625788507,-0.00015243488341877662,0.02892645877637147,0.40828834302854256,0.49010388590276244,0.9994736174267965,-0.013404335731500001
80.0,19.28,-0.5874445933673701,0.49274408577763174,-0.00010366402427324502,0.028182071469343418,0.41312819963804776,0.4909808538994353,0.9994842302541839,-0.014192088236764936
80.0,19.3,-0.5825631791828821,0.4935857591572244,-5.555073271687469e-05,0.027430284335800612,0.41802558524941014,0.4918183336018349,0.9994937664606678,-0.014987176630165511
80.0,19.32,-0.577623948234525,0.4943867882449771,-8.115895802074894e-06,0.026670866766497867,0.42298114105998713,0.49261490999572455,0.9995021946085457,-0.015789835656278242
80.0,19.34,-0.5726261670848979,0.4951457967027647,3.861998726152789e-05,0.025903569710848638,0.4279954901564458,0.493369122906234,0.9995094815519106,-0.016600306954575365
80.0,19.36,-0.5675691491445949,0.49586137410628445,8.463359650481742e-05,0.025128148312157178,0.43306924614159786,0.49407947770659494,0.9995155922706984,-0.017418840621187672
80.0,19.38,-0.5624524716750664,0.496531742349677,0.00012989996673669444,0.02434434070296723,0.43820301446477744,0.49474441235648114,0.9995204897932456,-0.01824569520111107
80.0,19.4,-0.5572752813031919,0.4971555423268522,0.00017439325311703618,0.023551880788790905,0.44339741475737077,0.49536230518081803,0.9995241351653258,-0.019081135761145254
80.0,19.42,-0.5520371033669225,0.49773096803465905,0.00021808561471809776,0.022750492207327635,0.44865301781214134,0.4959315084744243,0.9995264872064463,-0.019925438415121986
80.0,19.44,-0.5467372326214104,0.4982564482240296,0.0002609469674138355,0.02193988942211387,0.4539703958576027,0.4964503016805951,0.9995275024893637,-0.020778887348736053
80.0,19.46,-0.5413751337448299,0.4987301269267998,0.00030294565448253554,0.021119776862686693,0.4593501369365498,0.49691690652384646,0.9995271351240849,-0.02164177882052239
80.0,19.48,-0.5359502238646732,0.49915018915631887,0.00034404805429487015,0.020289847038940316,0.4647927687518852,0.49732949123041925,0.9995253367271895,-0.02251441591603189
80.0,19.5,-0.530461864194688,0.4995148462993515,0.00038421803078924504,0.019449788279195954,0.4702988318082692,0.49768616410450167,0.9995220562057859,-0.02339711376885103
80.0,19.52,-0.5249096022596803,0.49982203510945294,0.0004234168663580499,0.018599269668114947,0.47586883611223596,0.497984979244519,0.9995172396120227,-0.02429019780105848
80.0,19.54,-0.5192928416018155,0.5000698032755506,0.00046160383933445333,0.01773795270593053,0.48150327111672,0.4982239133804726,0.9995108298858834,-0.02519400894177357
80.0,19.56,-0.5136111149859764,0.5002560385395911,0.0004987355427402647,0.016865487347160188,0.4872026059724873,0.4984008842594569,0.9995027668280128,-0.02610889663168064
80.0,19.58,-0.5078638047751436,0.5003787187947332,0.0005347655984175917,0.01598150783305824,0.4929672790993062,0.4985137581815954,0.9994929868820792,-0.027035222294635904
80.0,19.6,-0.5020505980572926,0.500435477876996,0.0005696445156350197,0.015085640239407016,0.4987977052524665,0.4985603061118758,0.999481422825811,-0.02797336280597428
80.0,19.62,-0.49617095776889775,0.5004241316111987,0.000603319657547854,0.014177489098691664,0.5046942552529179,0.49853825406907293,0.999468003535114,-0.0289237104699233
80.0,19.64,-0.4902244735982431,0.5003423174567975,0.0006357352128484733,0.01325664980913125,0.5106572916171185,0.49844523283929165,0.9994526538594594,-0.029886671252639035
80.0,19.66,-0.4842107712387596,0.5001875759316349,0.0006668313392502245,0.012322700697710867,0.516687128565887,0.4982788262471564,0.9994352944191005,-0.030862663011195886
80.0,19.68,-0.4781294611665007,0.49995746650024614,0.0006965449128629883,0.011375203288894412,0.5227840231750741,0.4980365300427398,0.9994158410434302,-0.03185212593154193
80.0,19.7,-0.47198035304064606,0.49964926150050076,0.0007248080454043919,0.010413703357944105,0.5289482134216729,0.4977157554849985,0.9993942048153878,-0.032855512031242776
80.0,19.72,-0.4657630621258528,0.49926040230940316,0.0007515487987106986,0.009437725628360448,0.5351798773592117,0.4973138439407208,0.999370291401309,-0.033873297335938864
80.0,19.74,-0.4594774382382961,0.4987880696133819,0.0007766903828574975,0.008446779132636577,0.5414791597271569,0.49682805915243133,0.9993440011304773,-0.03490596963201169
80.0,19.76,-0.4531233085819437,0.49822943108763706,0.0008001510607314105,0.007440352961498282,0.5478461180675737,0.49625559170487354,0.999315228263182,-0.03595404063593243
80.0,19.78,-0.4467005494968749,0.49758153500048813,0.0008218435698816419,0.006417911876592885,0.5542807896626081,0.49559351859237566,0.9992838606119544,-0.03701804594919276
80.0,19.8,-0.44020904736864974,0.49684143349810217,0.0008416750352937361,0.005378902609181572,0.5607831189595323,0.49483887862213116,0.999249779468691,-0.03809853628869527
80.0,19.82,-0.4336488271956829,0.4960059693731009,0.0008595462107481963,0.004322746676349016,0.56735300175123,0.4939885934116328,0.9992128586832533,-0.03919609138608023
80.0,19.84,-0.42702000394186895,0.4950718925390568,0.0008753512159106389,0.003248840783239227,0.573990254886856,0.4930394953295834,0.9991729644654799,-0.04031131295221367
80.0,19.86,-0.4203226986398839,0.4940359302167808,0.0008889773467826644,0.002156557790427118,0.5806946252173341,0.4919883385293406,0.9991299547692468,-0.04144482810041807
80.0,19.88,-0.41355711441147863,0.4928946894660994,0.0009003038032780209,0.001045241291910551,0.5874657551372686,0.4908318078506481,0.9990836786235286,-0.04259729276269392
80.0,19.9,-0.4067234609449902,0.49164473245519463,0.0009092018290415867,-8.57926945201585e-05,0.594303229357145,0.489566457718115,0.999033975638672,-0.043769389867295116
80.0,19.92,-0.3998223225774193,0.49028231345344436,0.0009155339742260554,-0.0012372587487860286,0.6012065237901218,0.48818879453103436,0.9989806750131882,-0.044961837970300955
80.0,19.94,-0.39285403586816225,0.4888038434640777,0.0009191528566206011,-0.0024099032707719475,0.6081750091410915,0.4866951974421985,0.9989235954055272,-0.046175378954459716
80.0,19.96,-0.3858192316395111,0.48720548625934534,0.0009199012955784708,-0.0036045067666781025,0.6152079542765323,0.48508197793365804,0.9988625434452517,-0.04741079535968252
80.0,19.98,-0.3787185689844036,0.48548334933326975,0.0009176109325107019,-0.004821885599124652,0.6223045159286964,0.4833453588305256,0.998797313171071,-0.048668905034745635
80.0,20.0,-0.37155284916899994,0.48363343965371497,0.0009121015059894741,-0.006062893958890742,0.6294637343586366,0.4814814585296833,0.998727685190303,-0.049950561008286515
