Angle,Frequency_GHz,S11_TE_Re,S11_TE_Im,S11_TM_Re,S11_TM_Im,S21_TE_Re,S21_TE_Im,S21_TM_Re,S21_TM_Im
0.0,0.0,1.7142011092049054e-07,-2.651973094735837e-06,2.1124412477978018e-07,-2.997396058816658e-06,0.9999991759590312,5.598981956006793e-07,0.9999995717079831,7.414896553531308e-07
0.0,0.02,3.4155885001321085e-08,-0.0009399558382537618,6.501894369930397e-08,-0.0009404976158621629,0.9999988839601087,-0.00011508552682358707,0.9999991952047719,-0.0001152066552363664
0.0,0.04,-2.978963231133166e-07,-0.0018772769361643305,-2.7615106697933843e-07,-0.001878016680345435,0.9999976944002047,-0.00023072847367416644,0.9999979229378091,-0.00023115089522864155
0.0,0.06,-8.248965494463615e-07,-0.002814619429788018,-8.123461704198228e-07,-0.0028155589968656704,0.9999956073468478,-0.0003463740573277346,0.9999957549475249,-0.00034709637507812044
0.0,0.08,-1.5468757118204205e-06,-0.0037519873294792005,-1.5437433761796234e-06,-0.003753128320032426,0.9999926228450828,-0.00046202733984240053,0.9999926912519451,-0.0004630481723789457
0.0,0.1,-2.4641139090807076e-06,-0.004689385001346804,-2.4704690565174942e-06,-0.004690728965687833,0.9999887409169761,-0.0005776934407813818,0.9999887318466019,-0.0005790114414218727
0.0,0.12,-3.576680358817028e-06,-0.005626816628968728,-3.592792609128286e-06,-0.005628365101140703,0.9999839615614967,-0.0006933774446505047,0.9999838767043829,-0.0006949912665271295
0.0,0.14,-4.884739196521454e-06,-0.006564285775478377,-4.9106845661448125e-06,-0.006566041578986546,0.9999782847571695,-0.0008090844182935922,0.9999781257753724,-0.000810992766703144
0.0,0.16,-6.3886520718619905e-06,-0.007501797598155809,-6.424637047154262e-06,-0.007503760962123661,0.9999717104551136,-0.000924819480639025,0.999971478988721,-0.0009270210432286036
0.0,0.18,-8.088535212438424e-06,-0.008439355869405018,-8.134817444834558e-06,-0.008441528641642876,0.9999642385890387,-0.0010405876804767387,0.9999639362487053,-0.0010430812144950014
0.0,0.2,-9.984669455585307e-06,-0.00937696411066052,-1.0041229101815655e-05,-0.009379348030838714,0.9999558690671807,-0.001156394136014713,0.9999554974376367,-0.0011591783810427113
0.0,0.22,-1.207710984101444e-05,-0.010314627588330117,-1.2144614590412295e-05,-0.01031722374796976,0.9999466017758928,-0.0012722438951998337,0.9999461624170002,-0.0012753176429556308
0.0,0.24,-1.4366564956954385e-05,-0.011252349061012752,-1.4444801662740755e-05,-0.011255160496443366,0.9999364365771882,-0.0013881420752756453,0.999935931026303,-0.0013915040998003837
0.0,0.26,-1.6852995625011384e-05,-0.012190134149715075,-1.69423056402788e-05,-0.012193161630008241,0.9999253733146677,-0.001504093723110434,0.9999248030784443,-0.0015077428680114649
0.0,0.28,-1.953695114528132e-05,-0.01312798642859613,-1.9637579524588062e-05,-0.013131231695400977,0.9999134118029986,-0.0016201039372889675,0.9999127783666969,-0.0016240390284835038
0.0,0.3,-2.2418754775737365e-05,-0.014065910456775743,-2.253084803104175e-05,-0.014069374604926967,0.9999005518407317,-0.0017361777633582492,0.9998998566646368,-0.0017403976788693762
0.0,0.32,-2.5498600750973102e-05,-0.0150039107753437,-2.5622467727865085e-05,-0.015007593820516687,0.9998867931997752,-0.001852320298463135,0.9998860377168587,-0.001856823968406004
0.0,0.34,-2.877702282789548e-05,-0.015941988534350315,-2.8913209000303876e-05,-0.015945894487543428,0.9998721356346439,-0.0019685366563962333,0.9998713212476592,-0.0019733227662924627
0.0,0.36,-3.225440553619953e-05,-0.016880152162916138,-3.24028591738889e-05,-0.016884280178665414,0.9998565788538142,-0.0020848318976759445,0.9998557069743034,-0.002089899551672655
0.0,0.38,-3.593118735013545e-05,-0.017818402582576106,-3.609208188463933e-05,-0.017822757970882168,0.9998401225878655,-0.002201210942373399,0.9998391945589847,-0.002206559069736985
0.0,0.4,-3.980788614075752e-05,-0.018756747062001502,-3.998165889816689e-05,-0.01876132746648269,0.9998227665147552,-0.0023176790585249345,0.999821783668495,-0.002323306588259937
0.0,0.42,-4.388507666601142e-05,-0.019695187599435317,-4.407183002600376e-05,-0.019699994876691298,0.9998045102785833,-0.0024342411640709306,0.9998034739353328,-0.0024401471994183258
0.0,0.44,-4.816268580064421e-05,-0.02063372874417983,-4.836319484543824e-05,-0.020638765074502928,0.9997853535340582,-0.002550902524919271,0.9997842649808278,-0.002557085819797669
0.0,0.46,-5.264170578860021e-05,-0.021572374790042422,-5.2856037295199715e-05,-0.02157764019628051,0.9997652958795568,-0.002667667882226914,0.9997641563793119,-0.002674127713738353
0.0,0.48,-5.732286831823421e-05,-0.022511129790850886,-5.755104680768384e-05,-0.022516626889275873,0.9997443369115815,-0.0027845426739503075,0.9997431477169285,-0.0027912779699223273
0.0,0.5,-6.220615609991277e-05,-0.023449998645351456,-6.244856809950388e-05,-0.023455730376835068,0.9997224762163862,-0.0029015318132996526,0.9997212385341837,-0.002908541501182272
0.0,0.52,-6.729275742084605e-05,-0.024388983331965212,-6.754978388236992e-05,-0.024394950153606907,0.9996997133226623,-0.0030186402120433537,0.9996984283589953,-0.0030259235679921267
0.0,0.54,-7.258268273332336e-05,-0.02532809151722854,-7.285470488945227e-05,-0.025334293887978882,0.9996760477579951,-0.0031358731295612944,0.9996747166856635,-0.0031434290803956993
0.0,0.56,-7.807678586741969e-05,-0.026267327052533696,-7.836418540486995e-05,-0.0262737654322576,0.9996514790164012,-0.0032532354747548324,0.9996501029843111,-0.0032610632959048274
0.0,0.58,-8.377597301388672e-05,-0.027206688928482357,-8.407914171919807e-05,-0.027213366909823202,0.9996260065907075,-0.0033707325040084244,0.9996245867260543,-0.003378831121603078
0.0,0.6,-8.968027328767252e-05,-0.028146188735222833,-8.999959496832209e-05,-0.0281531069969785,0.9995996299287471,-0.003488369123084249,0.9995981673462396,-0.0034967378118726275
0.0,0.62,-9.579113698027626e-05,-0.029085825532614566,-9.612699607583883e-05,-0.029092984753371708,0.9995723484770809,-0.0036061505850922045,0.9995708442346266,-0.0036147884448639853
0.0,0.64,-0.00010210912484725879,-0.03002560650309333,-0.00010246138212521809,-0.030033007365025427,0.9995441616149948,-0.0037240816178699724,0.9995426168045393,-0.003732987922701501
0.0,0.66,-0.00010863424439638973,-0.030965534258620787,-0.00010900380543572674,-0.030973181007043864,0.9995150687658653,-0.003842167471100599,0.9995134843995614,-0.0038513413200153977
0.0,0.68,-0.0001153681198448822,-0.03190561430346602,-0.00011575480189407007,-0.031913504165201174,0.9994850692730279,-0.003960413217942129,0.9994834463854974,-0.00396985388419351
0.0,0.7,-0.0001223107768301218,-0.032845848768441606,-0.00012271552096620132,-0.0328539862070996,0.9994541624797264,-0.004078823929723219,0.9994525020596358,-0.0040885306860681345
0.0,0.72,-0.00012946337123160675,-0.03378624380553308,-0.00012988655117242718,-0.03379462583157631,0.9994223477060957,-0.0041974046757978735,0.9994206507314061,-0.004207376620191751
0.0,0.74,-0.00013682712537700054,-0.03472680504516113,-0.00013726853839502535,-0.03473543634613192,0.9993896242614225,-0.0043161603491063795,0.9993878916741884,-0.004326396927902794
0.0,0.76,-0.00014440207048419275,-0.035667534566941876,-0.00014486267952997948,-0.03567641193650705,0.9993559913959045,-0.004435096189206369,0.9993542241397182,-0.0044455964995694704
0.0,0.78,-0.0001521894477351898,-0.036608433640197946,-0.0001526696590943013,-0.03661756198115937,0.9993214483833689,-0.004554217259254499,0.9993196473551086,-0.004564980572242629
0.0,0.8,-0.000160189945821995,-0.03754951207196035,-0.00016069015065146153,-0.03755889229062077,0.9992859944408371,-0.0046735284456238734,0.9992841605366009,-0.00468455420636264
0.0,0.82,-0.00016840488517938737,-0.03849076948315443,-0.00016892547535095922,-0.038500402485842064,0.9992496287721432,-0.00479303498127892,0.9992477628543162,-0.004804322459969283
0.0,0.84,-0.00017683501046287934,-0.03943221589823973,-0.00017737569015740745,-0.039442102597018594,0.999212350559651,-0.004912741748017419,0.9992104534906405,-0.004924290214513274
0.0,0.86,-0.00018548031500739855,-0.04037385017527352,-0.0001860428539699243,-0.040383991472782516,0.9991741589618283,-0.0050326537996387985,0.9991722315562781,-0.005044462871994474
0.0,0.88,-0.0001943436254196516,-0.04131567432208535,-0.000194927751787113,-0.04132607588870693,0.9991350531122448,-0.005152776536230275,0.9991330961873799,-0.005164845308956005
0.0,0.9,-0.0002034243312475731,-0.042257701203390265,-0.00020403041813182426,-0.04226835930261613,0.9990950321373084,-0.0052731144834694465,0.9990930464616431,-0.00528544257362275
0.0,0.92,-0.00021272391149804485,-0.043199934147559585,-0.0002133523296919232,-0.043210844718416325,0.9990540951119277,-0.00539367321060294,0.9990520814566686,-0.005406259711726495
0.0,0.94,-0.00022224387962759438,-0.04414236990631819,-0.00022289507436353017,-0.044153543811657946,0.9990122411039783,-0.005514457412379105,0.9990102002259904,-0.005527301940688976
0.0,0.96,-0.00023198506771228726,-0.04508501316660558,-0.00023265943800560772,-0.04509645153804612,0.9989694691679458,-0.005635472129644318,0.9989674017789263,-0.00564857412633245
0.0,0.98,-0.00024194755439674415,-0.046027877654088965,-0.00024264627557054613,-0.04603957632224414,0.9989257783102093,-0.0057567227490140215,0.9989236851217634,-0.005770081654867421
0.0,1.0,-0.000252133730563857,-0.04697096073147152,-0.0002528564139772224,-0.04698292061809694,0.9988811675284681,-0.00587821413123145,0.998879049230135,-0.00589182921216264
0.0,1.02,-0.00026254363776215657,-0.04791426498847494,-0.00026329151880215155,-0.04792648700751584,0.9988356358089163,-0.005999951134215303,0.9988334930640517,-0.006013822178602593
0.0,1.04,-0.00027317985308285937,-0.048857800456675635,-0.00027395254342724287,-0.04887029116019785,0.9987891820540431,-0.006121939135545714,0.9987870155864707,-0.006136065408693024
0.0,1.06,-0.00028404157394742877,-0.04980157025924755,-0.0002848402803589219,-0.049814319311745736,0.9987418052958391,-0.006244182987655949,0.9987396155856738,-0.006258564101615041
0.0,1.08,-0.0002951322662157155,-0.050745572342063755,-0.00029595660307660514,-0.05075859214040763,0.9986935043800842,-0.006366687887527661,0.9986912920578633,-0.006381323280496546
0.0,1.1,-0.0003064511714968998,-0.051689819739504116,-0.0003073024105841668,-0.05170310546872549,0.9986442781535284,-0.006489458854749283,0.9986420438496629,-0.006504347964504251
0.0,1.12,-0.0003180000974938388,-0.05263431482777334,-0.0003188786749126635,-0.05264786741375395,0.998594125463996,-0.0066125007315068806,0.9985918698064519,-0.006627643343979678
0.0,1.14,-0.00032978086909977566,-0.05357905181442026,-0.0003306872598703502,-0.05359287835183717,0.9985430452707488,-0.0067358188804673685,0.9985407687746101,-0.0067512144317867
0.0,1.16,-0.00034179363662448323,-0.054524051217608685,-0.0003427291542393258,-0.05453814029033667,0.9984910361902931,-0.006859418310156928,0.9984887393705112,-0.006875066235989988
0.0,1.18,-0.0003540411997557775,-0.055469302387306345,-0.0003550044582137169,-0.05548366749270928,0.998438097185159,-0.0069833038538691505,0.9984357805541053,-0.006999203937949503
0.0,1.2,-0.0003665237196419023,-0.05641482358012326,-0.00036751701354811986,-0.05642945286266554,0.9983842268705332,-0.007107480687717199,0.9983818910577286,-0.0071236323655837685
0.0,1.22,-0.0003792421027477234,-0.057360602997203115,-0.00038026498850968654,-0.05737551038607256,0.9983294242062766,-0.007231953986786295,0.9983270694949901,-0.007248356865308105
0.0,1.24,-0.0003921995054973737,-0.05830666146835971,-0.0003932523825963441,-0.05832184140209983,0.9982736875799494,-0.007356728570055897,0.9982713145967684,-0.007373382432307806
0.0,1.26,-0.0004053959340595582,-0.059252992068517814,-0.0004064802790971978,-0.05926844547370032,0.9982170159512027,-0.007481809605585986,0.9982146249789294,-0.007498714057369262
0.0,1.28,-0.00041883249341507226,-0.060199604656533144,-0.00041994883090548023,-0.06021533940169803,0.9981594079333819,-0.0076072024295073155,0.9981569994857746,-0.00762435690359978
0.0,1.3,-0.0004325123963245244,-0.06114650458449784,-0.0004336600396909695,-0.06116250774969988,0.9981008621449913,-0.007732911677363245,0.9980984365031054,-0.0077503159527127444
0.0,1.32,-0.00044643455913907846,-0.062093683772275074,-0.0004476151369163231,-0.06210997036913316,0.9980413770856241,-0.007858942502693778,0.9980389348763156,-0.007876596186180062
0.0,1.34,-0.0004606024192916577,-0.06304116906449847,-0.0004618163079888981,-0.06305772573461998,0.9979809515980383,-0.007985300232070992,0.9979784929868893,-0.00800320310063885
0.0,1.36,-0.0004750169944385211,-0.06398894264739673,-0.00047626478048553715,-0.06400578484891169,0.9979195840707878,-0.008111989487822288,0.9979171094528921,-0.008130141319646848
0.0,1.38,-0.0004896795430670056,-0.06493701966116451,-0.0004909605208477566,-0.06495414108561892,0.9978572730002724,-0.008239015760072724,0.9978547828881558,-0.008257415985408524
0.0,1.4,-0.0005045923957165812,-0.0658854040529075,-0.0005059081647742013,-0.06590280563602517,0.9977940171181612,-0.008366383840123271,0.9977915116751191,-0.0083850324083335
0.0,1.42,-0.0005197556365629651,-0.06683410207486377,-0.0005211066800043537,-0.06685178476260224,0.9977298148070437,-0.008494099034830232,0.99772729431533,-0.008512995373173064
0.0,1.44,-0.0005351716031166628,-0.06778311360563877,-0.0005365583434364844,-0.06780107053826982,0.9976646645686702,-0.008622166125380379,0.9976621293058309,-0.008641310182961175
0.0,1.46,-0.000550841501471469,-0.0687324386887703,-0.0005522657472789375,-0.06875068641485237,0.9975985647869053,-0.008750590236033884,0.9975960151464718,-0.008769981788221923
0.0,1.48,-0.0005667690955715663,-0.06968209268158873,-0.0005682288722162802,-0.06970062436522538,0.9975315139587777,-0.008879376661822798,0.9975289501057805,-0.008899015307284605
0.0,1.5,-0.0005829532189251526,-0.07063207399985948,-0.0005844514466208397,-0.07065089057181717,0.9974635103561003,-0.009008530169036934,0.9974609325670104,-0.009028415855049318
0.0,1.52,-0.0005993963687015753,-0.07158238678898009,-0.0006009335691348084,-0.07160148920063993,0.9973945525904616,-0.009138056044926622,0.9973919610296955,-0.009158188368926613
0.0,1.54,-0.0006161011571210485,-0.07253304059673975,-0.0006176765160557639,-0.07255242146014189,0.9973246388171007,-0.009267959219890813,0.9973220337603935,-0.00928833812790495
0.0,1.56,-0.0006330676008093368,-0.07348403311016037,-0.0006346829607846912,-0.07350370161204725,0.9972537674192479,-0.00939824479589578,0.9972511490303786,-0.009418869884124633
0.0,1.58,-0.0006502996551275029,-0.07443537434153827,-0.0006519554666101229,-0.07445532286662666,0.9971819367783161,-0.009528918044312181,0.9971793052191174,-0.009549789082390266
0.0,1.6,-0.000667798662826328,-0.07538706080894679,-0.0006694942091720002,-0.07540729878734935,0.9971091450526185,-0.009659983533427926,0.9971065004812053,-0.009681100638398532
0.0,1.62,-0.0006855647355879114,-0.07633910040684107,-0.0006873018434671349,-0.07635962878560339,0.9970353906199684,-0.009791446873159117,0.9970327330825881,-0.009812809812183118
0.0,1.64,-0.000703600645194237,-0.07729150362117226,-0.0007053798433599268,-0.0773123233617948,0.9969606715220556,-0.009923312795017578,0.996958001294186,-0.009944921336848421
0.0,1.66,-0.00072190917329744,-0.07824427413713528,-0.0007237309086286794,-0.07826537719173993,0.9968849861397302,-0.010055586551009873,0.996882303266911,-0.010077440461480139
0.0,1.68,-0.0007404903338275681,-0.07919740790344255,-0.0007423552182504733,-0.07921880413488026,0.9968083326258247,-0.010188273211841289,0.9968056371532488,-0.010210372256086774
0.0,1.7,-0.00075934836199932,-0.08015091055617062,-0.0007612568404786957,-0.08017259169792469,0.9967307090201055,-0.010321377667958723,0.9967280009890076,-0.010343721958339358
0.0,1.72,-0.0007784833882879063,-0.08110478828071307,-0.0007804360796688707,-0.08112676441883289,0.9966521134716186,-0.0104549053276848,0.996649393157702,-0.010477494456347165
0.0,1.74,-0.0007978970055501513,-0.08205905677696888,-0.0007998957851212495,-0.08208131941774015,0.9965725442512271,-0.010588860899485297,0.9965698114653613,-0.0106116949749299
0.0,1.76,-0.0008175934317265393,-0.08301370312677682,-0.0008196375096903151,-0.08303626259078713,0.9964919992800246,-0.010723249604770987,0.9964892541805499,-0.010746328390486823
0.0,1.78,-0.0008375714231329995,-0.08396874179072072,-0.0008396627056607314,-0.08399158936462578,0.9964104765955636,-0.01085807648677,0.9964077192219052,-0.01088140009214738
0.0,1.8,-0.0008578369152470187,-0.08492417657334303,-0.0008599731040830435,-0.08494732281876571,0.9963279743480836,-0.010993346758398994,0.9963252046282819,-0.01101691494298753
0.0,1.82,-0.0008783884338518504,-0.08587999976606636,-0.0008805730335540161,-0.0859034456236727,0.9962444904601349,-0.011129065450608959,0.99624170831993,-0.011152878147078799
0.0,1.84,-0.0008992293024913516,-0.08683624101085338,-0.0009014626804572138,-0.08685996745873453,0.9961600228541959,-0.011265237588696686,0.9961572283335847,-0.011289294730215877
0.0,1.86,-0.0009203623844363859,-0.08779287811697789,-0.0009226453193037657,-0.08781690590759564,0.9960745695653569,-0.011401868367403667,0.9960717625911845,-0.011426169711223025
0.0,1.88,-0.0009417895507850636,-0.08874993603674645,-0.0009441225115276514,-0.088774255929187,0.9959881284031858,-0.011538962625374216,0.9959853090105464,-0.011563508450809529
0.0,1.9,-0.000963512219129747,-0.08970739618536717,-0.0009658943241538543,-0.08973201928156213,0.9959006974005031,-0.011676525719551068,0.9958978655153327,-0.011701315782270249
0.0,1.92,-0.0009855339000040195,-0.09066528769136159,-0.0009879672793723618,-0.09069021495788916,0.9958122744792834,-0.011814562651951086,0.9958094297957805,-0.011839596877933053
0.0,1.94,-0.0010078546108543663,-0.09162360534084123,-0.0010103397295163335,-0.0916488272082354,0.995722857217497,-0.011953078414496866,0.9957199998859232,-0.011978356908105784
0.0,1.96,-0.0010304776007913875,-0.09258235001218013,-0.0010330150364397047,-0.0926078672421419,0.9956324436495343,-0.012092078172229874,0.9956295733631629,-0.012117600857715584
0.0,1.98,-0.0010534062574812032,-0.09354152877886027,-0.001055996589545157,-0.09356734213518245,0.995541031465696,-0.01223156707987526,0.9955381482612417,-0.012257333884800799
0.0,2.0,-0.0010766424627151768,-0.09450115499579377,-0.0010792862721116351,-0.09452726524614193,0.9954486184707656,-0.012371550287233345,0.9954457221573922,-0.012397560961793912
0.0,2.02,-0.001100186133641582,-0.09546121539546445,-0.0011028856681526474,-0.09548762328482163,0.9953552024737259,-0.012512032590309459,0.9953522927368867,-0.012538287577319339
0.0,2.04,-0.0011240441641870676,-0.09642172390107462,-0.0011267966747760408,-0.09644843023608148,0.9952607810477895,-0.012653019297028521,0.9952578579248967,-0.012679518347780132
0.0,2.06,-0.0011482133991808636,-0.09738268934958665,-0.00115102453677592,-0.09740969484172657,0.9951653518850176,-0.012794515362733443,0.9951624150626125,-0.012821258744421037
0.0,2.08,-0.001172700584022925,-0.09834410344157374,-0.0011755675683882841,-0.09837140889884351,0.9950689127874771,-0.01293652608505535,0.9950659620728705,-0.012963513544316813
0.0,2.1,-0.0011975077965526322,-0.09930598559732282,-0.0012004312158816215,-0.09933359179396924,0.9949714613301279,-0.013079056578277296,0.9949684965256679,-0.013106288208218023
0.0,2.12,-0.0012226332743235403,-0.10026832638403634,-0.0012256154672450215,-0.10029623407058362,0.994872994975594,-0.01322211177470951,0.9948700158830925,-0.01324958766748526
0.0,2.14,-0.0012480842934269125,-0.10123114403105549,-0.0012511258848703825,-0.10125935398366327,0.9947735114132581,-0.013365696776483475,0.9947705178339807,-0.013393417023302165
0.0,2.16,-0.001273862766241496,-0.10219443869276175,-0.0012769608141333171,-0.10222295173239425,0.9946730082154702,-0.013509816850897097,0.9946699998379742,-0.013537781366849933
0.0,2.18,-0.0012999687142875558,-0.10315820322578205,-0.001303127379936926,-0.10318702008340692,0.9945714828446236,-0.013654476909418721,0.9945684593546391,-0.013682685782223314
0.0,2.2,-0.0013264042652642502,-0.10412245859896008,-0.0013296258419498608,-0.10415156804116162,0.9944689328728126,-0.013799682205159966,0.9944658940700325,-0.013828135523112515
0.0,2.22,-0.0013531766606550083,-0.1050871945059396,-0.001356458450001524,-0.1051166213387606,0.9943653557622896,-0.013945437635302208,0.9943623012168885,-0.013974135482511616
0.0,2.24,-0.0013802826017157456,-0.10605242900091759,-0.0013836267404838609,-0.10608214978033681,0.9942607487390095,-0.014091748607157974,0.9942576782495935,-0.014120691069901265
0.0,2.26,-0.0014077295443495545,-0.10701816008743709,-0.0014111368227928437,-0.10704818769811635,0.994155109494012,-0.014238620006416106,0.9941520227416729,-0.014267807341868161
0.0,2.28,-0.0014355176604423459,-0.10798438974768322,-0.001438988713495095,-0.10801472497308644,0.9940484352529402,-0.014386057225400557,0.9940453319256917,-0.014415489169157606
0.0,2.3,-0.001463650913242065,-0.10895112383775825,-0.0014671863778685252,-0.10898176746313393,0.9939407234802418,-0.01453406495809251,0.9939376031436616,-0.014563741763573163
0.0,2.32,-0.0014921314740635717,-0.10991837219869946,-0.0014957318166769638,-0.10994931235387694,0.9938319714013806,-0.014682648581495133,0.9938288336204498,-0.014712570500958871
0.0,2.34,-0.001520961401490477,-0.1108861359028984,-0.0015246274309593845,-0.11091738592352277,0.9937221762441962,-0.014831813291240394,0.9937190208172999,-0.01486198023233051
0.0,2.36,-0.0015501428064434027,-0.11185441961017392,-0.0015538749853250345,-0.11188596740506669,0.9936113354704311,-0.014981563931641517,0.9936081619614178,-0.015011976144435881
0.0,2.38,-0.0015796798243643316,-0.11282323157438848,-0.0015834809414821138,-0.11285509067833265,0.9934994461907517,-0.015131905854268097,0.9934962542798879,-0.015162563416012381
0.0,2.4,-0.0016095763462326826,-0.11379255750049254,-0.0016134450938756178,-0.11382472872929081,0.9933865057497192,-0.015282844059224315,0.9933832947736064,-0.015313747040808037
0.0,2.42,-0.0016398329249732802,-0.11476242558005646,-0.0016437719535447315,-0.11479490970192757,0.9932725111433698,-0.015434383879995184,0.9932692808955695,-0.015465532358189083
0.0,2.44,-0.0016704557994338747,-0.11573284143574702,-0.0016744613658727754,-0.11576561265064175,0.993157459604453,-0.015586530125189254,0.9931542096465148,-0.015617924345478146
0.0,2.46,-0.001701442858425399,-0.11670378723467377,-0.0017055200313895581,-0.11673687271038553,0.9930413483603019,-0.015739287941907678,0.9930380781388294,-0.01577092814676069
0.0,2.48,-0.00173280049713149,-0.11767527455961681,-0.0017369499626891153,-0.11770867509215396,0.99292417428962,-0.01589266280997855,0.992920883484812,-0.01592454889766507
0.0,2.5,-0.0017645313669626482,-0.11864733206954807,-0.0017687536100383869,-0.11868103479958439,0.9928059346250209,-0.016046659512829322,0.9928026226823685,-0.016078791723434686
0.0,2.52,-0.0017966392496676941,-0.11961992336830252,-0.0018009309828328555,-0.11965394270447195,0.9926866264764158,-0.016201283343422655,0.9926832928408161,-0.016233661915755683
0.0,2.54,-0.0018291229496767729,-0.12059309707805979,-0.0018334909012755944,-0.12062741984708991,0.9925662466164001,-0.01635653923383546,0.9925628908464392,-0.01638916440729807
0.0,2.56,-0.001861990555615898,-0.12156682202427503,-0.0018664333232398882,-0.12160144883265245,0.9924447921518759,-0.016512432632600105,0.9924414138083802,-0.016545304472142787
0.0,2.58,-0.001895242687648842,-0.12254112526186715,-0.0018997588196718704,-0.12257605672556811,0.9923222600839058,-0.016668968457742094,0.9923188586129048,-0.01670208702521004
0.0,2.6,-0.0019288836164029536,-0.123515994610125,-0.0019334761470624828,-0.12355124550021848,0.992198647296441,-0.016826151789616692,0.9921952220233315,-0.016859517490008614
0.0,2.62,-0.0019629159891545313,-0.12449144875293278,-0.0019675853911871417,-0.12452700554199943,0.9920739505532897,-0.016983988043781654,0.9920705011514037,-0.0170176009402324
0.0,2.64,-0.001997342056313343,-0.1254674805729171,-0.002002086831895382,-0.12550334387853443,0.9919481669696779,-0.01714248211286266,0.9919446926519374,-0.017176342432581034
0.0,2.66,-0.002032164336077628,-0.12644409972241144,-0.002036989560527252,-0.1264802700600787,0.9918212930868628,-0.017301639043561932,0.9918177935284703,-0.01733574667407515
0.0,2.68,-0.0020673898465246336,-0.12742131846513544,-0.002072294027014582,-0.12745779645853503,0.9916933259090579,-0.01746146353485276,0.9916898002822012,-0.0174958209507769
0.0,2.7,-0.0021030185895836813,-0.12839912230993875,-0.0021080026667135883,-0.1284359233304576,0.9915642620643255,-0.017621962174077438,0.991560709968279,-0.01765656700809636
0.0,2.72,-0.002139053519735602,-0.12937754324098605,-0.002144117708745057,-0.12941463830897057,0.9914340983125894,-0.01778314050188804,0.99143051919264,-0.01781799263382765
0.0,2.74,-0.002175501215818748,-0.1303565563315395,-0.0021806467129071925,-0.13039397583238116,0.9913028314667188,-0.017945001107695695,0.9912992245395336,-0.017980100412021745
0.0,2.76,-0.002212362291928068,-0.131336183540167,-0.0022175895544689858,-0.13137391316738506,0.9911704581638875,-0.01810755003016083,0.9911668228422976,-0.018142898114074494
0.0,2.78,-0.0022496394080311296,-0.13231643433972162,-0.0022549514521707664,-0.13235447464960384,0.9910369749265929,-0.018270793295341946,0.991033310622086,-0.018306391764092895
0.0,2.8,-0.002287339399588136,-0.1332972897824434,-0.0022927346406629956,-0.13333564140370702,0.990902378537146,-0.018434735193421908,0.9908986844962289,-0.018470582187163517
0.0,2.82,-0.0023254632955545724,-0.13427879434095671,-0.00233094217613743,-0.1343174424126059,0.9907666654036887,-0.018599381727706435,0.9907629411504746,-0.01863547885076068
0.0,2.84,-0.002364015233626662,-0.1352609022648414,-0.0023695790017504896,-0.1352998783042161,0.9906298321947427,-0.018764737165919868,0.9906260769754744,-0.018801082556252662
0.0,2.86,-0.0024029986864933482,-0.13624366255192075,-0.00240864988997955,-0.13628293596665747,0.9904918754323087,-0.018930807492432363,0.990488088541519,-0.018967402746968877
0.0,2.88,-0.002442415814581287,-0.13722704853239148,-0.002448153362018368,-0.1372666513401398,0.9903527915571574,-0.019097596949889398,0.9903489721740995,-0.019134443661279796
0.0,2.9,-0.0024822720532442616,-0.13821108230862458,-0.0024880987988801107,-0.13825099937805643,0.9902125769771185,-0.019265111498952714,0.9902087245751408,-0.01930220780565609
0.0,2.92,-0.002522569958250554,-0.13919575642693854,-0.002528486656396296,-0.13923598835672046,0.9900712280995347,-0.01943335708898689,0.9900673420043914,-0.019470702854637006
0.0,2.94,-0.0025633151491747993,-0.14018109722917638,-0.0025693198145026286,-0.14022162852668096,0.9899287415136507,-0.019602336204713293,0.9899248208682422,-0.01963993474481403
0.0,2.96,-0.0026045100174200753,-0.1411670848272898,-0.0026106036652020774,-0.1412079321243612,0.9897851132511744,-0.019772056494837265,0.989781157448401,-0.01980990421423146
0.0,2.98,-0.002646155094117898,-0.14215373324891598,-0.0026523409318341276,-0.14219489710509323,0.9896403399816244,-0.01994252215222833,0.9896363481623455,-0.0199806223625536
0.0,3.0,-0.002688260885887138,-0.14314105839678348,-0.002694536869024721,-0.1431825229832513,0.9894944178054746,-0.020113737347666708,0.9894903891787574,-0.02015208990359712
0.0,3.02,-0.002730824953162683,-0.14412904529030035,-0.0027371946331342725,-0.14417082753594032,0.9893473428671861,-0.02028570969675559,0.9893432767909902,-0.02032431272708399
0.0,3.04,-0.002773852971427004,-0.14511771340181548,-0.002780316795734606,-0.14515979720436104,0.9891991116445353,-0.02045844162731408,0.9891950072561837,-0.020497298437253605
0.0,3.06,-0.0028173500935785778,-0.14610705065944735,-0.002823909146850316,-0.14614945322331482,0.9890497201675656,-0.020631940728791882,0.9890455767103159,-0.02067104944185554
0.0,3.08,-0.002861319651996763,-0.1470970801114637,-0.002867974706532714,-0.14713980204941518,0.9888991646512764,-0.020806211127773505,0.9888949813325651,-0.020845571592704174
0.0,3.1,-0.0029057669556134124,-0.1480877927841219,-0.002912516200475218,-0.1481308347569828,0.9887474410838332,-0.020981256934734484,0.9887432171878962,-0.021020870726861082
0.0,3.12,-0.0029506925403503716,-0.14907919819416426,-0.002957539319509944,-0.1491225607646806,0.9885945457589057,-0.021157083981356507,0.9885902803409572,-0.021196952668869156
0.0,3.14,-0.002996102155446521,-0.15007130745237657,-0.0030030469021384456,-0.15011497395378706,0.9884404745910806,-0.021333699804664596,0.9884361668168857,-0.02137381977789266
0.0,3.16,-0.0030419990287039135,-0.15106413342691816,-0.003049045151073201,-0.15110810419687584,0.9882852237574155,-0.021511105030752015,0.9882808732890485,-0.021551481319321532
0.0,3.18,-0.0030883880228529093,-0.15205763813241124,-0.003095534028775917,-0.15210193111409215,0.9881287893628563,-0.021689308901705718,0.9881243945694866,-0.021729937875996357
0.0,3.2,-0.0031352758596352504,-0.15305187204117743,-0.003142522536247528,-0.1530964878572291,0.9879711666002688,-0.021868315448930024,0.9879667261932837,-0.021909198661941666
0.0,3.22,-0.0031826629478899486,-0.1540468351845104,-0.0031900103489151815,-0.15409173897669376,0.9878123520287382,-0.022048128721704037,0.9878078658942633,-0.022089266025188698
0.0,3.24,-0.0032305516202011135,-0.15504249313514928,-0.003238001257600242,-0.155087720767649,0.9876523410321173,-0.022228754455811225,0.9876478090166633,-0.022270147424047405
0.0,3.26,-0.00327895153128333,-0.156038901561503,-0.0032865065453840854,-0.15608443563541824,0.9874911301703835,-0.022410196675611425,0.9874865509819394,-0.02245184685499087
0.0,3.28,-0.0033278651784740543,-0.15703602853538928,-0.0033355212885396207,-0.1570818876394368,0.9873287158858678,-0.02259246456323715,0.9873240872129315,-0.0226343683017665
0.0,3.3,-0.0033772958269513214,-0.15803387892321485,-0.0033850565541790464,-0.1580800636202232,0.9871650914069232,-0.02277555859213669,0.9871604141907406,-0.022817719207411866
0.0,3.32,-0.0034272447918478,-0.15903249560352697,-0.0034351129219734886,-0.15907896983700326,0.9870002554887174,-0.02295948624617057,0.9869955273385257,-0.02300190352885042
0.0,3.34,-0.0034777225733155243,-0.16003183135764543,-0.003485696928971172,-0.1600786322042696,0.9868342012427022,-0.023144253140850685,0.9868294220808532,-0.023186925209977463
0.0,3.36,-0.0035287306396945836,-0.16103193187218387,-0.0035368116193366422,-0.1610790414187453,0.9866669264071899,-0.023329861539026147,0.9866620948980654,-0.023372791652574512
0.0,3.38,-0.003580272069048364,-0.162032789094015,-0.003588463296861969,-0.16208020767660825,0.98649842515026,-0.02351632049904963,0.9864935400381969,-0.02355950846770723
0.0,3.4,-0.0036323528038473825,-0.16303439581710394,-0.0036406526852676246,-0.16308214266910434,0.9863286928979593,-0.023703633924444266,0.9863237552397215,-0.023747077890158307
0.0,3.42,-0.0036849764376787144,-0.1640367647001543,-0.0036933853597552646,-0.16408482156093468,0.9861577273901897,-0.023891804039138643,0.9861527335755755,-0.023935507197447532
0.0,3.44,-0.003738146609534811,-0.165039909790484,-0.0037466682563566784,-0.16508827699794712,0.9859855216172709,-0.0240808415499212,0.9859804727018101,-0.024124802039663794
0.0,3.46,-0.0037918723649041134,-0.16604382728396508,-0.00380050467878839,-0.1660925053041103,0.9858120722263229,-0.024270746903810255,0.9858069657756535,-0.024314966221248725
0.0,3.48,-0.003846154166599086,-0.16704851451370195,-0.003854900870979404,-0.16709750367975207,0.9856373746049543,-0.02446152566999783,0.9856322104536408,-0.024506005364238123
0.0,3.5,-0.0039009958143319395,-0.1680539890474622,-0.003909857754151081,-0.1681032897627711,0.9854614251894283,-0.02465318687090768,0.9854562021217487,-0.024697925020474604
0.0,3.52,-0.003956406605003376,-0.16906025027313745,-0.003965382133857609,-0.1691098824788957,0.9852842172264287,-0.024845730828154753,0.9852789339408505,-0.024890728949652243
0.0,3.54,-0.00401238709874365,-0.1700672987474982,-0.004021479550220158,-0.17011724342431975,0.9851057471523932,-0.025039166533141196,0.9851004023898169,-0.02508442442089558
0.0,3.56,-0.004068944254012944,-0.1710751555588193,-0.004078151025643888,-0.17112539348443012,0.9849260104426212,-0.025233496055108707,0.9849206040778645,-0.02527901353049851
0.0,3.58,-0.004126081202130863,-0.17208380368528062,-0.004135406580762695,-0.17213435477753697,0.9847450013084167,-0.0254287265771079,0.9847395320372482,-0.02547450514940889
0.0,3.6,-0.00418380156076643,-0.17309324655706682,-0.0041932468860917445,-0.17314413115306326,0.9845627174060086,-0.025624863634482402,0.9845571839677931,-0.025670903091652972
0.0,3.62,-0.004242115545352095,-0.1741035084959647,-0.004251681203387408,-0.1741547071876496,0.9843791507686352,-0.025821910881890394,0.9843735518575208,-0.025868212727685358
0.0,3.64,-0.004301023908665347,-0.17511459534776927,-0.004310710763014243,-0.1751661085462056,0.9841942990082776,-0.026019875541912704,0.9841886334081087,-0.0260664378416254
0.0,3.66,-0.004360533013776107,-0.1761264935424403,-0.004370338855357219,-0.1761783217303747,0.9840081553397654,-0.026218759548636037,0.9840024240095072,-0.02626558386160028
0.0,3.68,-0.004420646720189624,-0.17713921052680442,-0.0044305754745003825,-0.1771913540372082,0.9838207162422805,-0.02641857006328967,0.9838149156076811,-0.026465657825256023
0.0,3.7,-0.004481369440402564,-0.17815277528072815,-0.004491421462326518,-0.17820521401323952,0.9836319771069529,-0.02661931248303805,0.9836261070377175,-0.026666663500570835
0.0,3.72,-0.004542707211547328,-0.17916715631885244,-0.0045528838843232645,-0.1792199110796648,0.983441931060643,-0.026820992126893317,0.9834359903403526,-0.02686860445760446
0.0,3.74,-0.004604667184881419,-0.18018236374114224,-0.00461496677087407,-0.1802354557697951,0.9832505746281901,-0.027023614388818385,0.983244561946833,-0.02707148952134989
0.0,3.76,-0.004667250835516265,-0.1811984297087705,-0.004677679443279153,-0.18125181776118915,0.9830579021652227,-0.0272271811528439,0.9830518161641485,-0.027275322288340207
0.0,3.78,-0.004730464909993056,-0.18221534578161158,-0.004741020807525788,-0.1822690511033485,0.982863907791933,-0.02743170286509655,0.9828577484333654,-0.027480106370354827
0.0,3.8,-0.004794316792207587,-0.1832331251965927,-0.004805000312573027,-0.1832871271038159,0.9826685870460955,-0.02763717969112185,0.9826623529692295,-0.02768584876187964
0.0,3.82,-0.004858806431565506,-0.18425173999052832,-0.004869619006376253,-0.1843060598769344,0.9824719352270387,-0.027843620357213047,0.9824656240348593,-0.027892554723314752
0.0,3.84,-0.004923945094033156,-0.18527122606483815,-0.0049348876152552346,-0.18532586434937193,0.9822739466474286,-0.028051028394288607,0.9822675582053116,-0.02810022784724479
0.0,3.86,-0.004989736613335354,-0.18629157813203936,-0.005000809974844593,-0.1863465352315698,0.9820746155238841,-0.02825941074448974,0.9820681486150693,-0.028308873327548112
0.0,3.88,-0.005056181572182717,-0.1873127916005723,-0.005067386668831885,-0.18736806793026023,0.9818739373522174,-0.0284687692218717,0.9818673906117639,-0.028518498118097375
0.0,3.9,-0.00512329095189403,-0.18833488391084044,-0.005134628092594407,-0.18839045820087424,0.9816719063510669,-0.028679110732748717,0.9816652784617742,-0.028729107407384522
0.0,3.92,-0.005191068719927209,-0.18935785196313812,-0.005202539390136479,-0.18941374620295337,0.9814685167387992,-0.02889044216337565,0.9814618064831793,-0.028940704652245183
0.0,3.94,-0.00525951947023502,-0.19038171519929364,-0.0052711245754519945,-0.19043792981197993,0.9812637639648175,-0.02910276698803281,0.9812569700755778,-0.02915329503830246
0.0,3.96,-0.005328650577534396,-0.1914064720314124,-0.005340390411604156,-0.19146298539587883,0.9810576412213116,-0.029316088596969533,0.9810507623286447,-0.029366885377850094
0.0,3.98,-0.005398462793992506,-0.19243212168839371,-0.005410342233203468,-0.1924889560563841,0.9808501438080277,-0.02953041556554246,0.9808431786428568,-0.029581480817879355
0.0,4.0,-0.005468966953475788,-0.19345866375556836,-0.005480982939296353,-0.19351579736110452,0.9806412660487575,-0.029745751279107186,0.9806342144709893,-0.029797084775596748
0.0,4.02,-0.005540167269082213,-0.19448609864430658,-0.0055523247362502,-0.19454355397118345,0.9804310022177664,-0.029962100816293077,0.980423861828978,-0.030013702258789774
0.0,4.04,-0.005612072038037256,-0.1955144498245121,-0.005624365116948064,-0.19557222749230826,0.9802193465379323,-0.0301794709470373,0.9802121160687592,-0.03023134006894415
0.0,4.06,-0.005684678743877736,-0.19654371955633118,-0.005697114527130922,-0.19660179716031445,0.9800062933910738,-0.030397863288847398,0.9799989725942254,-0.030450003276980435
0.0,4.08,-0.005758001995825322,-0.19757391026433002,-0.00577057864481942,-0.1976323108444292,0.9797918369496328,-0.03061728628266257,0.979784424607088,-0.03066969515434979
0.0,4.1,-0.005832045577331009,-0.19860500245895857,-0.005844764020477318,-0.19866372643449373,0.979575971491966,-0.03083774492712744,0.97956846520509,-0.030890422372380894
0.0,4.12,-0.005906811823074725,-0.19963704589614517,-0.005919675797171919,-0.19969607060655833,0.9793586913519823,-0.031059242491493225,0.9793510897961291,-0.031112189942121594
0.0,4.14,-0.005982311536261162,-0.20067002233547623,-0.005995318492884933,-0.20072934807207762,0.9791399896846331,-0.031281783899209416,0.9791322926612062,-0.031335002819311994
0.0,4.16,-0.006058545100271669,-0.201703914041869,-0.006071699479767332,-0.2017635408820014,0.9789198617913462,-0.03150537754194744,0.9789120680276286,-0.03155886764781887
0.0,4.18,-0.0061355213132304205,-0.20273874995557847,-0.006148821244159081,-0.20279870154265683,0.97869830206556,-0.031730024919665104,0.9786904091621987,-0.03178378588841408
0.0,4.2,-0.006213248399163936,-0.2037745367100617,-0.0062266976679225955,-0.20383478989815032,0.9784753024849271,-0.03195573256444677,0.9784673091138428,-0.032009765814228
0.0,4.22,-0.006291731114574999,-0.20481128172993418,-0.006305327112250525,-0.20487183681919277,0.9782508584077882,-0.03218250709506708,0.978242763352093,-0.03223681062553975
0.0,4.24,-0.006370973518321523,-0.20584896943149233,-0.006384721505591756,-0.20590985020399408,0.978024963052473,-0.032410351620207487,0.9780167660525317,-0.03246492858774662
0.0,4.26,-0.006450984022852435,-0.20688760815399995,-0.006464884990120206,-0.20694881503471255,0.9777976095844604,-0.03263927093451793,0.9777893093658357,-0.03269412104038828
0.0,4.28,-0.006531768273562188,-0.2079272309820823,-0.006545818832346057,-0.207988740573716,0.9775687944908282,-0.03286927163001028,0.9775603886534713,-0.03292439453496745
0.0,4.3,-0.00661333411635174,-0.2089678239500092,-0.006627538857744923,-0.2090296363290705,0.9773385086882171,-0.03310035838145655,0.9773299959001976,-0.03315575548647028
0.0,4.32,-0.006695685806724597,-0.2100093734306918,-0.006710042044872239,-0.2100714888985481,0.9771067464728034,-0.03333253595395499,0.9770981265841546,-0.03338820698911021
0.0,4.34,-0.006778832847155792,-0.21105191450555774,-0.006793341532097954,-0.21111433325846868,0.9768735032084229,-0.033565810834447624,0.9768647727529586,-0.033621753706833145
0.0,4.36,-0.006862775119177484,-0.2120954104288537,-0.006877441694319786,-0.21215815695697351,0.9766387698781875,-0.03380018592263157,0.9766299297129607,-0.03385640380551555
0.0,4.38,-0.006947523035968849,-0.2131399221290376,-0.006962347712159873,-0.21320297232542404,0.9764025419088058,-0.034035665955406455,0.9763935884498129,-0.03409216015734178
0.0,4.4,-0.007033087705004939,-0.21418541345365333,-0.0070480685494405775,-0.2142487922938801,0.9761648123602121,-0.034272258977067684,0.9761557455150152,-0.034329027511942174
0.0,4.42,-0.0071194677787897506,-0.21523192283590717,-0.00713461164528771,-0.21529558093831727,0.9759255744724828,-0.03450996789515913,0.9759163929049537,-0.03456701214281816
0.0,4.44,-0.0072066744595669216,-0.2162794147285801,-0.007221975644504002,-0.21634337719342892,0.9756848213688457,-0.03474879900101332,0.9756755226789939,-0.034806118594145084
0.0,4.46,-0.00729471315574135,-0.21732790363578333,-0.00731017726199586,-0.21739219555482156,0.9754425473577713,-0.03498875689825965,0.9754331313313135,-0.03504635324897945
0.0,4.48,-0.0073835931347634555,-0.21837740466809952,-0.007399220339298922,-0.2184420013251649,0.9751987445039856,-0.03522984608650914,0.9751892087407205,-0.03528771882016386
0.0,4.5,-0.0074733161268263435,-0.21942793392983687,-0.0074891074405851075,-0.2194928355200729,0.9749534059986862,-0.0354720710809269,0.9749437502821816,-0.03553022160243352
0.0,4.52,-0.007563894512415781,-0.22047948249474197,-0.007579850950496367,-0.2205446892090245,0.9747065271556787,-0.03571543985693804,0.974696748025596,-0.03577386604194711
0.0,4.54,-0.007655333095377546,-0.22153204195291917,-0.007671451807191277,-0.22159755411235899,0.9744580978648937,-0.035959955054983735,0.9744481962258521,-0.03601865834286454
0.0,4.56,-0.007747637581382055,-0.2225856297848551,-0.007763924330818726,-0.222651473082082,0.9742081146907978,-0.03620562123956904,0.9741980880796864,-0.03626460294196664
0.0,4.58,-0.007840813729171761,-0.2236402642234829,-0.00785726775321546,-0.2237063875865353,0.9739565685272668,-0.03645244444376812,0.9739464144805423,-0.03651170586692337
0.0,4.6,-0.007934874281729624,-0.22469593811180638,-0.007951493580468622,-0.22476236750478404,0.9737034525779243,-0.036700429056651426,0.9736931709378683,-0.03675996988673818
0.0,4.62,-0.008029820321247107,-0.2257526449731649,-0.008046609829096637,-0.2258193804476928,0.973448759920523,-0.0369495828400375,0.9734383483515879,-0.03700940097672559
0.0,4.64,-0.008125660785863447,-0.22681037832935672,-0.008142622473554907,-0.22687744619104028,0.9731924838921742,-0.037199906732600346,0.9731819421070517,-0.03726000525427978
0.0,4.66,-0.00822240261671612,-0.2278691845856679,-0.008239540575553343,-0.22793655889026634,0.9729346164550721,-0.0374514084002553,0.9729239421190155,-0.03751178519961622
0.0,4.68,-0.008320054938032064,-0.22892905854568474,-0.008337365291311205,-0.22899671326602328,0.9726751519435884,-0.03770409216992494,0.9726643425264303,-0.037764750229869595
0.0,4.7,-0.008418625993864446,-0.22998996881157557,-0.008436111705738564,-0.23005795686023112,0.9724140813355521,-0.037957962212637364,0.9724031366772705,-0.03801890120231431
0.0,4.72,-0.008518118948908283,-0.2310519638756508,-0.00853578010905462,-0.23112025908586187,0.9721513977862675,-0.0382130244556571,0.9721403166067402,-0.03827424399775694
0.0,4.74,-0.008618546178290538,-0.2321150128831756,-0.008636383838998488,-0.23218361544147662,0.9718870955715311,-0.03846928484237443,0.9718758754717378,-0.03853078451200838
0.0,4.76,-0.00871990997461221,-0.23317913891493636,-0.008737925191428962,-0.2332480490136579,0.971621164560611,-0.038726747414856065,0.971609804193543,-0.038788528523179246
0.0,4.78,-0.008822220796871652,-0.23424436553447156,-0.008840413613308317,-0.23431355639499205,0.971353599171167,-0.03898541466910256,0.9713420971887172,-0.03904747852264626
0.0,4.8,-0.008925487188851075,-0.2353106629030057,-0.008943859673738295,-0.23538016156619426,0.9710843924329278,-0.03924529581155946,0.9710727465046893,-0.03930764027710685
0.0,4.82,-0.00902971465404527,-0.23637802835359323,-0.009048267872748617,-0.2364478350045313,0.9708135342964154,-0.03950639310194456,0.9708017441227753,-0.03956902121744828
0.0,4.84,-0.00913490976674228,-0.23744648685673858,-0.009153644789332688,-0.23751660168654556,0.9705410189825582,-0.03976871403585992,0.9705290822340054,-0.039831623660576784
0.0,4.86,-0.009241083332581931,-0.2385160640168303,-0.009260005399291803,-0.23858648706093963,0.9702668376392607,-0.040032259166823465,0.9702547529661334,-0.040095451590005285
0.0,4.88,-0.009348244149511027,-0.23958673106252812,-0.009367350192799695,-0.23965746266759091,0.9699909844228694,-0.0402970376260477,0.9699787493572538,-0.04036051408561263
0.0,4.9,-0.009456394839364772,-0.24065851477354439,-0.00947568484990823,-0.24072952741825265,0.9697134493040949,-0.04056305155565232,0.9697010636817351,-0.04062681168458578
0.0,4.92,-0.009565548475781071,-0.24173138657944301,-0.009585025720081524,-0.2418027358771313,0.9694342265137161,-0.040830308331938174,0.9694216879372035,-0.04089435166652359
0.0,4.94,-0.009675713121045645,-0.24280540191230116,-0.009695376483913588,-0.24287703238396927,0.9691533059616306,-0.04109881172802978,0.9691406131505645,-0.04116313784728252
0.0,4.96,-0.009786888199417173,-0.24388050536798622,-0.009806744131105532,-0.24395244486171153,0.9688706809118266,-0.0413685656277591,0.9688578324414256,-0.04143317748911217
0.0,4.98,-0.009899094641655051,-0.24495675299215905,-0.00991914000336874,-0.2450290018720317,0.9685863434443982,-0.04163957552886614,0.9685733369176677,-0.04170447265415016
0.0,5.0,-0.01001232880388301,-0.2460341180138304,-0.010032563538965296,-0.2461066481319052,0.968300285642812,-0.04191184689700365,0.9682871197786874,-0.041977028851746215
0.0,5.02,-0.010126606448900885,-0.24711262969564404,-0.01014703711966707,-0.24718546927740534,0.9680124985531133,-0.04218538342744225,0.9679991719970961,-0.04225085146288098
0.0,5.04,-0.010241936879359051,-0.24819226113475276,-0.010262560298594774,-0.2482654105381572,0.9677229753081139,-0.04246019225942554,0.967709484624536,-0.042525944145733956
0.0,5.06,-0.010358323131196957,-0.24927304300695433,-0.01037913921631662,-0.2493464737156486,0.9674317048094728,-0.042736275236406746,0.9674180507976097,-0.04280231400192881
0.0,5.08,-0.010475770203894482,-0.25035494899211874,-0.010496785620210539,-0.2504286895868593,0.9671386824258662,-0.043013639530154094,0.9671248615767294,-0.04307996462420404
0.0,5.1,-0.010594299895585184,-0.25143803889001254,-0.010615511416085976,-0.2515120897484516,0.9668438969960195,-0.0432922886070354,0.9668299090666712,-0.04335890131016969
0.0,5.12,-0.010713907399695587,-0.25252225844912685,-0.01073531931781326,-0.2525965904822684,0.9665473416673969,-0.043572229472725675,0.9665331843393181,-0.0436391275867966
0.0,5.14,-0.010834609125439574,-0.2536076396059768,-0.01085621940257058,-0.2536822821422107,0.9662490064802026,-0.043853463887700964,0.9662346783969905,-0.04392064863453056
0.0,5.16,-0.010956411568032981,-0.25469418617504336,-0.01097822133649697,-0.25476913940065776,0.9659488846673469,-0.0441359971043432,0.9659343833592938,-0.04420346964947385
0.0,5.18,-0.011079321254461027,-0.25578190230827136,-0.011101336115532438,-0.2558571662154615,0.9656469671632302,-0.04441983592529968,0.9656322912720801,-0.044487597478901374
0.0,5.2,-0.011203349227393423,-0.2568707923015167,-0.011225569067189318,-0.25694633748921764,0.9653432439502502,-0.04470498369427492,0.9653283922729743,-0.044773032091202404
0.0,5.22,-0.011328506638729545,-0.2579608607833161,-0.011350928108190597,-0.2580366873789312,0.9650377071631555,-0.04499144550775446,0.9650226772302063,-0.04505978189715701
0.0,5.24,-0.011454794389095233,-0.2590520832920242,-0.01147742576936173,-0.2591282506864957,0.9647303478300796,-0.0452792263752418,0.9647151382824612,-0.04534785195178698
0.0,5.26,-0.011582230900444586,-0.26014452446119585,-0.011605066201334304,-0.26022097337882527,0.9644211580950346,-0.045568331322284064,0.9644057677318641,-0.045637243908565266
0.0,5.28,-0.011710820388486306,-0.26123813036420174,-0.011733862085996504,-0.26131489081341597,0.964110128046354,-0.045858761868123016,0.9640945543184453,-0.04592796427929432
0.0,5.3,-0.011840571076177437,-0.262332937022316,-0.011863823545275308,-0.2624099787691104,0.9637972484904431,-0.04615052796196333,0.9637814901175749,-0.04622001969362294
0.0,5.32,-0.011971494502505968,-0.26342895077416717,-0.01199495431823786,-0.26350627395486187,0.963482511828975,-0.046443629473187455,0.9634665653131853,-0.0465134099097791
0.0,5.34,-0.012103596310600507,-0.26452614805839647,-0.012127270623910936,-0.2646037828474846,0.9631659067396424,-0.04673807448549835,0.9631497729391171,-0.046808144901548464
0.0,5.36,-0.01223688957464893,-0.26562456611102175,-0.0122607795986534,-0.2657025126878209,0.9628474254767073,-0.047033866158786804,0.9628311008946163,-0.04710422592765442
0.0,5.38,-0.012371380042442422,-0.2667241818210093,-0.012395485564388336,-0.2668024096395211,0.9625270591928966,-0.04733100756411132,0.9625105424686948,-0.04740165784187856
0.0,5.4,-0.012507080994053168,-0.2678250333792095,-0.01253140320511171,-0.2679035423657155,0.9622047976919494,-0.04762950671986553,0.9621880875469977,-0.04770044697712402
0.0,5.42,-0.012644001522917236,-0.26892706694948665,-0.012668538377152436,-0.2690058882034552,0.9618806321394637,-0.04792936661891371,0.9618637261045355,-0.048000597945427124
0.0,5.44,-0.012782147175064795,-0.2700303528314314,-0.01280690310416655,-0.2701094552174184,0.9615545526023628,-0.04823059016215533,0.9615374482926966,-0.04830211196229943
0.0,5.46,-0.012921533322954768,-0.2711348683902378,-0.012946504795643935,-0.27121425205138305,0.9612265489034221,-0.048533185245405445,0.96120924606408,-0.048604998707486045
0.0,5.48,-0.013062161218128724,-0.27224059151169105,-0.013087355657221345,-0.27232028748532733,0.9608966134226442,-0.04883715312340181,0.9608791096695496,-0.04890925764106701
0.0,5.5,-0.013204049366497564,-0.27334756219719386,-0.01322946649286137,-0.2734275391762707,0.9605647360801992,-0.04914249993376531,0.9605470289449322,-0.049214896571482175
0.0,5.52,-0.013347199094926383,-0.27445575880896433,-0.013372841659110367,-0.2745360483099898,0.96023090569677,-0.0494492317137266,0.9602129939892545,-0.04952191823368024
0.0,5.54,-0.013491629167529674,-0.2755652223230036,-0.013517496867183405,-0.27564579278489226,0.9598951135714565,-0.04975734954389913,0.9598769958431247,-0.049830328731446986
0.0,5.56,-0.013637344248603547,-0.27667589949293503,-0.013663439875558013,-0.27675678267899234,0.9595573506649505,-0.050066861168279214,0.959539023429913,-0.05014013233573493
0.0,5.58,-0.013784355263014933,-0.2777878643476124,-0.013810678489917445,-0.27786902844287037,0.9592176048912792,-0.0503777690891419,0.9591990679797192,-0.050451331716088114
0.0,5.6,-0.013932671770918689,-0.27890106363276035,-0.01395921895696122,-0.2789825087824449,0.9588758685056624,-0.05069007767299294,0.9588571193621213,-0.05076393446568379
0.0,5.62,-0.014082306564946478,-0.28001550791013763,-0.014109085418040807,-0.280097266022507,0.9585321303691848,-0.05100379274347429,0.9585131667040815,-0.05107794137984474
0.0,5.64,-0.014233264390141588,-0.28113124097114417,-0.014260274542942436,-0.2812132798399666,0.9581863806333993,-0.051318916791937896,0.9581672010845148,-0.05139335834967747
0.0,5.66,-0.014385559843864292,-0.2822482092724746,-0.014412804196325886,-0.2823305612962148,0.9578386091906035,-0.05163545728427715,0.9578192124847371,-0.051710191162652915
0.0,5.68,-0.01453919944866802,-0.2833664898571714,-0.014566677608851178,-0.28344912257448207,0.9574888063003841,-0.05195341495359095,0.9574691888698308,-0.05202844209837663
0.0,5.7,-0.01469419797187429,-0.2844860294113443,-0.014721911190511475,-0.28456894271791583,0.9571369597583095,-0.05227279538538403,0.9571171213425189,-0.05234811691401374
0.0,5.72,-0.014850568682164573,-0.28560683997440667,-0.014878513229520452,-0.2856900340262139,0.9567830617763718,-0.052593604357997065,0.9567629989917626,-0.05266921786072007
0.0,5.74,-0.015008309967059067,-0.286728934745179,-0.015036497073567289,-0.28681240892131565,0.9564271003506232,-0.05291584402374156,0.9564068117434315,-0.05299175221509385
0.0,5.76,-0.015167443485618467,-0.2878522928670894,-0.015195871178039893,-0.2879360804657097,0.9560690654148022,-0.05323952161845124,0.9560485498075555,-0.05331572219829851
0.0,5.78,-0.015327974469056184,-0.2889769609298044,-0.01535664405419153,-0.2890610621099742,0.9557089450810811,-0.05356463753265446,0.955688201018253,-0.05364113320157919
0.0,5.8,-0.01548992160699407,-0.290102952231165,-0.015518830826310562,-0.29018730033474377,0.9553467315025426,-0.053891199031524395,0.9553257556085489,-0.05396798735502523
0.0,5.82,-0.015653284951310246,-0.29123021419911294,-0.015682436846754664,-0.2913148423886486,0.9549824115261676,-0.05421920968711714,0.9549612024399091,-0.05429629168343297
0.0,5.84,-0.01581807823011423,-0.2923587603925959,-0.015847475906180603,-0.2924437022209926,0.9546159754062866,-0.05454867154348929,0.9545945306669252,-0.054626048160958805
0.0,5.86,-0.015984317148952935,-0.2934886385412046,-0.016013960089822386,-0.2935738603646327,0.9542474120236965,-0.05487959153446592,0.9542257303650838,-0.05495726211085913
0.0,5.88,-0.016152008767884536,-0.29461982972166006,-0.016181898264609088,-0.2947053314269952,0.9538767104592487,-0.05521197321119284,0.9538547894215003,-0.055289938680118236
0.0,5.9,-0.01632116529273325,-0.2957523146015221,-0.016351302639180148,-0.2958380960669204,0.9535038599028295,-0.05554581841244278,0.9534816970266881,-0.05562407969911598
0.0,5.92,-0.016491795708897306,-0.29688610818049,-0.016522189289049,-0.29697220318759276,0.9531288491687833,-0.055881135585200914,0.9531064432877348,-0.0559596903436873
0.0,5.94,-0.016663914265450296,-0.29802122556617683,-0.016694558338654263,-0.2981076002219178,0.9527516664705076,-0.05621792474071925,0.9527290151277159,-0.05629677388247339
0.0,5.96,-0.016837530132909655,-0.29915768254844055,-0.01686843123211701,-0.29924433644142007,0.9523723008407191,-0.05655619089655315,0.9523494026762094,-0.0566353353896098
0.0,5.98,-0.01701266107014363,-0.3002954601525717,-0.017043817269274644,-0.3003824280307873,0.9519907424185013,-0.056895939083668155,0.9519675950748507,-0.056975378161550544
0.0,6.0,-0.017189311175557203,-0.3014345748624002,-0.01722072185088114,-0.30152182215049533,0.9516069781648122,-0.05723717242360396,0.9515835791870055,-0.057316906973789036
0.0,6.02,-0.017367493096658585,-0.30257500813703037,-0.01739915956946507,-0.3026625347028072,0.9512209960517904,-0.05757989571114731,0.9511973441810769,-0.05765992501845877
0.0,6.04,-0.017547218284897224,-0.3037168115430437,-0.017579145163756575,-0.30380458198279464,0.950832786354608,-0.05792411216023764,0.9508088792386707,-0.05800443543722202
0.0,6.06,-0.017728502861391254,-0.30485993166656256,-0.017760690242587772,-0.30494801609820604,0.9504423371715034,-0.05826982480148129,0.9504181722568661,-0.05835044457136732
0.0,6.08,-0.017911351110647494,-0.3060043858215301,-0.0179438036472649,-0.30609274881836285,0.9500496353176138,-0.05861703986164567,0.9500252114505682,-0.058697953729685316
0.0,6.1,-0.018095783389030437,-0.30715019079630085,-0.018128497101712108,-0.3072388325325682,0.9496546712092461,-0.05896575873867784,0.9496299847434451,-0.059046969142911035
0.0,6.12,-0.018281809522115968,-0.30829736440232003,-0.018314785759200744,-0.3083862847445109,0.9492574305950846,-0.05931598748029779,0.9492324814738227,-0.059397492081073235
0.0,6.14,-0.018469437281340446,-0.30944588923705224,-0.01850267739276693,-0.30953508804370394,0.9488579038163526,-0.05966772903439834,0.9488326884988931,-0.05974952859536403
0.0,6.16,-0.01865867442454724,-0.31059574778242866,-0.01869219275879009,-0.310685260020572,0.9484560768588047,-0.060020986021670886,0.9484305940954441,-0.060103079778916615
0.0,6.18,-0.01884954935876104,-0.31174699320043303,-0.018883334346530653,-0.31183678374091767,0.9480519388971953,-0.060375762868375114,0.9480261861369066,-0.060458153291728475
0.0,6.2,-0.019042059204819894,-0.3128996091730077,-0.01907611547687878,-0.31298964150343545,0.9476454781333288,-0.06073206222099174,0.9476194530364077,-0.060814748461002446
0.0,6.22,-0.019236222835021504,-0.3140535779525182,-0.019270550710318482,-0.3141439243166633,0.9472366814818153,-0.06108988990709588,0.9472103817111,-0.06117287110686086
0.0,6.24,-0.019432056005444395,-0.31520891827963887,-0.019466654664032062,-0.31529954249074965,0.946825536085437,-0.0614492483864383,0.9467989602892882,-0.061532525404968626
0.0,6.26,-0.019629562909109173,-0.31636563905876447,-0.019664438347794504,-0.3164565260477847,0.9464120300875842,-0.06181014178429434,0.9463851770218115,-0.06189371382053425
0.0,6.28,-0.01982875788015332,-0.31752373415424867,-0.019863912419444442,-0.317614898276395,0.945996151754836,-0.06217257251584277,0.9459690178898956,-0.062256440270271815
0.0,6.3,-0.020029661833269752,-0.3186832117912703,-0.020065091341349133,-0.31877465323001647,0.9455778881733844,-0.0625365445181334,0.9455504711800095,-0.06262070710200748
0.0,6.32,-0.020232272869783297,-0.3198440707949459,-0.020267984322166803,-0.3199357890343784,0.9451572263366297,-0.0629020633163978,0.9451295249764097,-0.06298651990580899
0.0,6.34,-0.02043661743798897,-0.3210063157299913,-0.02047261227585951,-0.3210983105973941,0.9447341536943128,-0.06326912777560355,0.9447061654219682,-0.0633538807650925
0.0,6.36,-0.020642705405675203,-0.3221699524101346,-0.0206789794500351,-0.3222622240920956,0.9443086570548826,-0.06363774659616599,0.9442803796574463,-0.06372279342371974
0.0,6.38,-0.020850546446262757,-0.32333498313839765,-0.020887106510350275,-0.3234275273770706,0.9438807239069866,-0.06400791852268317,0.9438521549531466,-0.06409325991556823
0.0,6.4,-0.021060155691052785,-0.32450140627342633,-0.021096997802365482,-0.32459422696593215,0.9434503412030714,-0.06437965047889395,0.9434214793484774,-0.06446528722843742
0.0,6.42,-0.02127154318616534,-0.32566922813543214,-0.021308674203342856,-0.3257623209839693,0.9430174963605298,-0.06475294273564053,0.9429883392882806,-0.06483887390396052
0.0,6.44,-0.021484724482354393,-0.32683845112125254,-0.02152214611304591,-0.3269318196768368,0.9425821753940797,-0.06512780036641426,0.9425527195913083,-0.06521402657755716
0.0,6.46,-0.021699709525665252,-0.32800907815304553,-0.02173742896520705,-0.32810272184771766,0.9421443655353797,-0.0655042268068377,0.9421146097757077,-0.06559074718003338
0.0,6.48,-0.021916520044132446,-0.3291811153400543,-0.02195452681076674,-0.32927502715941204,0.9417040541498415,-0.06588222378437449,0.9416739960094613,-0.06596903899978383
0.0,6.5,-0.02213516568324648,-0.33035455834079985,-0.022173467483949053,-0.3304487452642305,0.9412612262258898,-0.06626179609765494,0.941230863397986,-0.06634890518206346
0.0,6.52,-0.022355656880907532,-0.33152941431993677,-0.022394254942482685,-0.3316238723319853,0.940815869171566,-0.0666429453427292,0.9407852003194315,-0.06673034903367984
0.0,6.54,-0.022578009673005266,-0.33270568643619736,-0.02261690548084833,-0.33280041530912324,0.9403679692174512,-0.0670256746170684,0.940336991921613,-0.06711337356557036
0.0,6.56,-0.022802239956695607,-0.3338833741540249,-0.022841435001628465,-0.3339783736557952,0.9399175135804069,-0.06740998866828411,0.9398862244583355,-0.0674979817966189
0.0,6.58,-0.02302835816050723,-0.33506248129324284,-0.023067848087997344,-0.3351577515919221,0.9394644875680461,-0.0677958887387955,0.9394328843239957,-0.06788417503766886
0.0,6.6,-0.023256375023603205,-0.3362430157113646,-0.023296172764469162,-0.3363385518935617,0.9390088774771659,-0.06818337772101127,0.9389769587808001,-0.06827195789015658
0.0,6.62,-0.023486312306374126,-0.3374249730136573,-0.02352641378312137,-0.3375207790986267,0.9385506695074947,-0.06857246007623215,0.9385184330676091,-0.0686613330887578
0.0,6.64,-0.023718180410694033,-0.3386083535586517,-0.02375858713374938,-0.338704429300813,0.9380898490396284,-0.06896313683898696,0.9380572935282868,-0.06905230337618169
0.0,6.66,-0.023951990599783705,-0.33979316955493305,-0.023992703808663904,-0.3398895107953462,0.9376264033990455,-0.06935541240781037,0.9375935243710037,-0.06944487126513905
0.0,6.68,-0.024187764713967722,-0.3409794130169922,-0.024228786204310716,-0.34107602340212384,0.9371603169364139,-0.06974928759712822,0.9371271141473269,-0.06983903951581548
0.0,6.7,-0.02442551423493275,-0.3421670964817201,-0.024466845252571118,-0.34226397181788537,0.9366915770235423,-0.07014476666204493,0.9366580460364521,-0.0702348104167801
0.0,6.72,-0.024665249293340005,-0.34335621300082264,-0.02470689136333768,-0.34345335300165597,0.9362201669861101,-0.0705418501920127,0.9361863074361447,-0.07063218813898324
0.0,6.74,-0.024906986907842328,-0.3445467670985309,-0.024948941848642523,-0.3446441754423472,0.9357460741212336,-0.07094054392878842,0.9357118827796809,-0.07103117326850752
0.0,6.76,-0.025150744228202397,-0.34573876345407617,-0.02519301329278193,-0.34583643589401386,0.9352692840873962,-0.07134084684346445,0.9352347584362621,-0.07143176974789266
0.0,6.78,-0.02539653218870493,-0.34693220335120795,-0.025439122975354483,-0.3470301391470037,0.9347897809986976,-0.07174276428280683,0.9347549199718176,-0.0718339780980543
0.0,6.8,-0.02564436783770764,-0.34812708774430423,-0.025687275857719145,-0.34822528703506334,0.93430755139642,-0.07214629841489319,0.9342723504530779,-0.07223780349381055
0.0,6.82,-0.025894262546913543,-0.34932342216282836,-0.025937495152105874,-0.349421880169978,0.933822578748675,-0.07255144945387579,0.933787037653991,-0.07264324646932353
0.0,6.84,-0.02614623937223928,-0.35052120332696485,-0.0261897923396185,-0.35061992419867927,0.9333348495279117,-0.07295822104769886,0.9332989649494887,-0.0730503087825143
0.0,6.86,-0.026400303453003277,-0.35172043341787557,-0.02644418448436275,-0.3518194163805824,0.9328443492839799,-0.07336661505393384,0.9328081188410613,-0.07345899399302394
0.0,6.88,-0.026656478670875842,-0.3529211174221608,-0.026700683216300578,-0.3530203626169622,0.9323510611911187,-0.07377663633809406,0.9323144827627029,-0.07386930369985148
0.0,6.9,-0.026914776456864166,-0.3541232573292123,-0.026959306090143128,-0.3542227644365751,0.9318549712445496,-0.07418828171669009,0.9318180421980388,-0.07428124121835761
0.0,6.92,-0.02717521417235617,-0.35532685068454933,-0.027220070159373697,-0.35542661528748465,0.9313560634938702,-0.07460155923179188,0.9313187818458135,-0.07469480644583086
0.0,6.94,-0.02743780370200931,-0.3565319037701002,-0.02748299416158661,-0.3566319291396884,0.9308543229257084,-0.07501646545900204,0.9308166860465238,-0.07511000407675238
0.0,6.96,-0.027702562910056943,-0.3577384184434443,-0.02774808290949308,-0.3578387006032555,0.9303497337779079,-0.07543300664658797,0.930311739562827,-0.07552683384696532
0.0,6.98,-0.027969502879506326,-0.35894638888956865,-0.02801536686170436,-0.35904693062996673,0.9298422808419518,-0.0758511824597926,0.9298039258575962,-0.07594529857304504
0.0,7.0,-0.028238648584746187,-0.3601558249054633,-0.02828484533550774,-0.36025662270694475,0.9293319476092736,-0.07627099564217002,0.9292932306994521,-0.07636539953854729
0.0,7.02,-0.028510011639586358,-0.3613667249995179,-0.028556542758909165,-0.3614677784890126,0.9288187198768558,-0.07669244740539621,0.9287796386849935,-0.07678713947965672
0.0,7.04,-0.028783604021892204,-0.36257909192272686,-0.028830477444095413,-0.36268040022039855,0.9283025802670435,-0.07711553861439656,0.9282631324392449,-0.07721051924866079
0.0,7.06,-0.029059450119388076,-0.36379292334799623,-0.029106660812322955,-0.36389448237968697,0.9277835143751014,-0.07754027355377598,0.9277436956945224,-0.0776355397004418
0.0,7.08,-0.02933755541108348,-0.3650082185147529,-0.02938511840354873,-0.3651100352466927,0.9272615050283114,-0.07796665129511732,0.9272213140829063,-0.07806220502092223
0.0,7.1,-0.029617945523480422,-0.36622498784937146,-0.02966584940104043,-0.36632705871808674,0.9267365358902097,-0.07839467415111377,0.9266959704736165,-0.07849051418357401
0.0,7.12,-0.02990063212318309,-0.3674432260992778,-0.02994888458227823,-0.36754554595459665,0.9262085906593567,-0.07882434434455607,0.9261676484324113,-0.07892047101752966
0.0,7.14,-0.030185634028297596,-0.36866293598779465,-0.030234237085667765,-0.3687655086368521,0.9256776541354751,-0.07925566409905016,0.925636333038704,-0.0793520745024725
0.0,7.16,-0.03047296983992365,-0.3698841160864239,-0.030521918719114423,-0.3699869416458063,0.9251437092996223,-0.07968863213638565,0.9251020057984541,-0.07978532810475891
0.0,7.18,-0.03076264568057963,-0.371106770363519,-0.030811948146872135,-0.3712098436128674,0.9246067388979601,-0.08012325031985747,0.9245646506647773,-0.080220232148872
0.0,7.2,-0.031054686774876734,-0.37233089702246097,-0.031104344871165056,-0.3724342217957945,0.9240667266391283,-0.08055952212434636,0.9240242526944373,-0.08065678696385359
0.0,7.22,-0.031349112396444646,-0.3735564991450649,-0.03139912745922408,-0.37366007071022905,0.9235236566899786,-0.08099744609289046,0.9234807925876521,-0.0810949940303098
0.0,7.24,-0.03164593505010292,-0.3747835761579894,-0.031696308774667614,-0.3748873940515364,0.9229775119141932,-0.08143702381114205,0.922934256260367,-0.08153485680989232
0.0,7.26,-0.03194517384137354,-0.3760121270021897,-0.03199590829727294,-0.37611619508497757,0.9224282740111381,-0.08187825828488064,0.9223846238592198,-0.08197637166513431
0.0,7.28,-0.03224684178718015,-0.37724215557578666,-0.03229793868723578,-0.3773464734029764,0.9218759272744063,-0.08232114778051619,0.9218318801760726,-0.0824195433867753
0.0,7.3,-0.03255095818819671,-0.37847366098055313,-0.03260241887590925,-0.3785782237428934,0.9213204545486923,-0.0827656952063123,0.9212760083456709,-0.08286437165062237
0.0,7.32,-0.032857549476004326,-0.3797066461678229,-0.03290936866379481,-0.3798114495822489,0.9207618380932203,-0.08321189845258059,0.9207169892824972,-0.0833108574542454
0.0,7.34,-0.03316661456846189,-0.3809411033338933,-0.033218807991605016,-0.3810461545067579,0.9202000596344783,-0.08365976174189119,0.920154807273056,-0.08375900037663081
0.0,7.36,-0.0334781875013275,-0.3821770437561023,-0.033530749883047654,-0.38228233839449105,0.9196351036430319,-0.08410928296203925,0.9195894442360946,-0.08420880292051479
0.0,7.38,-0.03379228063262156,-0.3834144585889356,-0.03384521370700756,-0.3835199961907728,0.9190669520776416,-0.08456046452950292,0.919020882576678,-0.08466026267176019
0.0,7.4,-0.03410890751112277,-0.3846533522318576,-0.034162219732416774,-0.38475913169492554,0.9184955860314606,-0.08501330705442524,0.918449104158697,-0.08511338353468004
0.0,7.42,-0.03442809481604422,-0.38589372357072715,-0.03448178123746511,-0.3859997449727317,0.9179209890593722,-0.08546780803551483,0.9178740925410843,-0.08556816299409041
0.0,7.44,-0.0347498495721291,-0.38713557779732893,-0.0348039111422483,-0.3872418317057038,0.9173431431116895,-0.08592397118442646,0.9172958298277618,-0.0860246031462527
0.0,7.46,-0.035074204677935185,-0.38837890439470235,-0.03512864394924998,-0.38848539917095787,0.9167620295774355,-0.08638179520205215,0.9167142963588545,-0.08648270258117609
0.0,7.48,-0.03540116052780781,-0.3896237092840933,-0.03545598606215265,-0.3897304437808739,0.9161776308035368,-0.08684128038658757,0.916129475392661,-0.08694246328318629
0.0,7.5,-0.035730744277832543,-0.39086999156984636,-0.035785950650697326,-0.3909769613632995,0.915589928284554,-0.0873024252335042,0.9155413473739584,-0.08740388363264066
0.0,7.52,-0.03606298330266463,-0.39211775038515756,-0.036118572698167206,-0.3922249594193748,0.9149989053714347,-0.08776523153153834,0.9149498956596109,-0.08786696540217631
0.0,7.54,-0.03639787773426506,-0.393366987432565,-0.03645385837670573,-0.39347442999511234,0.9144045403499322,-0.08822969885828863,0.9143551018540748,-0.08833170686193678
0.0,7.56,-0.03673546158972825,-0.3946176967876143,-0.03679182883526163,-0.3947253774689046,0.9138068178802182,-0.0886958272895778,0.9137569464119772,-0.08879810767069994
0.0,7.58,-0.03707574239543202,-0.3958698841763037,-0.037132504516809384,-0.3959777972106906,0.9132057184631773,-0.0891636163884441,0.9131554107407512,-0.08926616907296216
0.0,7.6,-0.037418747584408184,-0.39712354437813496,-0.03747590641419017,-0.3972316891575433,0.9126012217632732,-0.08963306391060831,0.9125504766129485,-0.08973588901435628
0.0,7.62,-0.03776449827788904,-0.39837867738806215,-0.03782204174515614,-0.3984870546181238,0.9119933112376247,-0.09010417269207181,0.9119421257027319,-0.09020726692655641
0.0,7.64,-0.0381130017826107,-0.39963528458268427,-0.03817094559479655,-0.3997438923361893,0.9113819668227499,-0.09057693867457323,0.9113303374839822,-0.0906803035126296
0.0,7.66,-0.03846428635649166,-0.40089336542477166,-0.03852263236330527,-0.40100220307508755,0.9107671699858113,-0.09105136426114305,0.910715094794555,-0.09115499808136825
0.0,7.68,-0.03881836555029619,-0.40215291149902227,-0.03887711560461026,-0.40226197841141365,0.9101489018360698,-0.0915274452753177,0.9100963775437112,-0.091631347927283
0.0,7.7,-0.03917526177626984,-0.4034139322441642,-0.039234417287026375,-0.4035232231340318,0.9095271418610827,-0.09200518367880013,0.9094741653865606,-0.09210935340736097
0.0,7.72,-0.03953499534155658,-0.40467641397118664,-0.0395945520123703,-0.40478593817173275,0.9089018709756278,-0.09248457824136821,0.908848441178687,-0.09258901507691537
0.0,7.74,-0.039897588938604,-0.40594036623532725,-0.03995755477342107,-0.40605011308775374,0.9082730713648921,-0.0929656261391306,0.9082191841339137,-0.09307032819175287
0.0,7.76,-0.040263056934656316,-0.4072057853972914,-0.040323433801822024,-0.40731575421202104,0.9076407216535033,-0.09344832886842551,0.9075863760234127,-0.093553294555226
0.0,7.78,-0.040631413263758284,-0.408472663133048,-0.040692203503201844,-0.40858285791618504,0.9070048022290303,-0.09393268157173262,0.9069499948242432,-0.09403791224848242
0.0,7.8,-0.04100269474777722,-0.4097410030833406,-0.04106390025046948,-0.409851423158492,0.9063652949811501,-0.09441868582600489,0.9063100227606504,-0.09452417966397471
0.0,7.82,-0.04137690889699892,-0.4110108023704455,-0.041438523903417096,-0.4111214430452411,0.9057221790581277,-0.09490633959434062,0.9056664379485798,-0.09501209464097006
0.0,7.84,-0.041754078040771414,-0.4122820614496453,-0.04181611159500443,-0.41239292128887606,0.905075433680163,-0.09539564071693608,0.9050192225801051,-0.09550165691288387
0.0,7.86,-0.04213422416547447,-0.4135547760651107,-0.0421966786499443,-0.4136658591045179,0.9044250391814479,-0.09588658702087038,0.9043683559517273,-0.09599286418183145
0.0,7.88,-0.04251736214260706,-0.41482894269429915,-0.04258024621846165,-0.41494024270891594,0.9037709759667036,-0.09637917621137454,0.9037138176019471,-0.0964857124484659
0.0,7.9,-0.04290352189902966,-0.4161045611254175,-0.0429668302554319,-0.41621607810955674,0.9031132231340487,-0.09687340891217702,0.9030555864700812,-0.09698020389776559
0.0,7.92,-0.04329271852685484,-0.4173816278749727,-0.043356453076679194,-0.4174933610791905,0.9024517613986068,-0.09736928099934615,0.9023936424109443,-0.09747633270062582
0.0,7.94,-0.043684974462702655,-0.4186601387145262,-0.043749137124653774,-0.41877208738095206,0.9017865680955379,-0.09786679103971917,0.9017279657164858,-0.09797409931921772
0.0,7.96,-0.04408030544840656,-0.41994009500974616,-0.044144905985348135,-0.42005226244000615,0.9011176239234361,-0.09836593623134197,0.9010585351863253,-0.09847349913740842
0.0,7.98,-0.04447874147351548,-0.42122149180063423,-0.04454377400402514,-0.42133387316340015,0.9004449084461619,-0.09886671510513861,0.9003853291861088,-0.09897453212862205
0.0,8.0,-0.04488029851367128,-0.4225043305196324,-0.044945764456168553,-0.422616920169607,0.8997683994041169,-0.09936912426035667,0.8997083287486413,-0.09947719364490407
0.0,8.02,-0.04528499155938478,-0.42378860291731635,-0.04535090024205879,-0.4239013992449142,0.8990880765191218,-0.09987316196238917,0.8990275113578611,-0.09998148327886644
0.0,8.04,-0.04569285840466079,-0.42507430320371786,-0.04575919749681079,-0.4251873118580699,0.8984039197648042,-0.10037882477485169,0.8983428561375796,-0.10048739589186498
0.0,8.06,-0.04610390047618633,-0.426361434452065,-0.046170686769218185,-0.42647465303241194,0.8977159060951735,-0.10088610878329891,0.8976543428040782,-0.10099493103440751
0.0,8.08,-0.04651815586377932,-0.42764999088617806,-0.04658538335987194,-0.42776341445183913,0.8970240152999209,-0.10139501341747395,0.8969619485820165,-0.10150408307002165
0.0,8.1,-0.04693563302193682,-0.42893996993642136,-0.047003311702412294,-0.42905360175601565,0.8963282255362511,-0.10190553460318308,0.8962656533535293,-0.10201485127431827
0.0,8.12,-0.047356362882692675,-0.43023136659928896,-0.047424494215918135,-0.4303452008725827,0.8956285160825811,-0.10241766824797466,0.8955654345210742,-0.10252722973837688
0.0,8.14,-0.047780369067978036,-0.43152417666275694,-0.04784894808193616,-0.4316382183097445,0.8949248642445014,-0.1029314098879783,0.8948612711060657,-0.10304121734171776
0.0,8.16,-0.04820766077830315,-0.4328184025668982,-0.048276696451287064,-0.4329326449154093,0.894217247910725,-0.10344675972079129,0.8941531403335118,-0.10355681101988493
0.0,8.18,-0.04863826823560939,-0.43411402931694165,-0.048707763148053994,-0.43422847646326407,0.8935056468066452,-0.10396371167297769,0.8934410219417009,-0.10407400468391832
0.0,8.2,-0.049072224104946195,-0.43541106180589534,-0.04914217212891408,-0.435525708712608,0.8927900373036377,-0.10448226229534598,0.8927248921323405,-0.10459279642655306
0.0,8.22,-0.0495095291170471,-0.4367094933738928,-0.04957993985959424,-0.4368243382731719,0.8920703991353849,-0.10500240679536582,0.8920047308328422,-0.10511317987892255
0.0,8.24,-0.04995022264263746,-0.4380093180616739,-0.050021098142042725,-0.438124360023996,0.8913467076550715,-0.10552414286845661,0.8912805132250744,-0.10563515427549622
0.0,8.26,-0.05039431369820406,-0.4393105333509741,-0.05046565599467732,-0.43942577143986233,0.890618942787227,-0.10604746543171228,0.8905522192441105,-0.10615871451372029
0.0,8.28,-0.050841842013472936,-0.44061313322015166,-0.05091365257103013,-0.44072856141309297,0.889887080266963,-0.10657237032585623,0.8898198258464942,-0.10668385498375348
0.0,8.3,-0.051292816783322336,-0.44191711514925214,-0.05136509823504697,-0.44203273754982847,0.8891510979822628,-0.10709885348409248,0.8890833099076021,-0.1072105714808519
0.0,8.32,-0.05174726203148633,-0.4432224697551305,-0.0518200164345768,-0.44333828539694,0.8884109751316301,-0.10762690926301055,0.8883426494289423,-0.10773885977189032
0.0,8.34,-0.05220520249735025,-0.44452919269492636,-0.05227843191495626,-0.4446452006019253,0.8876666867381254,-0.10815653292741717,0.8875978204693189,-0.10826871522379387
0.0,8.36,-0.05266667144393468,-0.44583728382143173,-0.05274036955749018,-0.44595347879418895,0.8869182097896217,-0.10868772138180309,0.8868488014285014,-0.10880013174997107
0.0,8.38,-0.0531316777475995,-0.4471467354827029,-0.05320586218616432,-0.44726311465584834,0.8861655229689739,-0.10922046685686224,0.886095568391286,-0.10933310595843092
0.0,8.4,-0.053600245871570716,-0.44845753814138134,-0.053674911537074675,-0.44857410656423413,0.8854086024573059,-0.10975476582454924,0.8853380997803901,-0.10986763300218276
0.0,8.42,-0.05407240948967658,-0.4497696915928549,-0.05414755784567409,-0.4498864430706653,0.8846474247368356,-0.11029061304944497,0.884576370243082,-0.1104037058286693
0.0,8.44,-0.0545481770242447,-0.4510831829159521,-0.05462381865069722,-0.45120012063449466,0.8838819694561155,-0.11082800352014788,0.8838103586211669,-0.11094131773779016
0.0,8.46,-0.05502759092579114,-0.45239801610638214,-0.055103711537305415,-0.4525151357274169,0.8831122023280613,-0.11136692873692812,0.8830400359732832,-0.11148046714666557
0.0,8.48,-0.05551065977971075,-0.45371417817364745,-0.05558727725994975,-0.4538314766980142,0.8823381172769934,-0.11190738670543847,0.8822653858269355,-0.11202114446327432
0.0,8.5,-0.05599740925509779,-0.45503166457442457,-0.056074525743773515,-0.4551491408993507,0.8815596780281617,-0.11244936988507956,0.8814863818973658,-0.11256334495358426
0.0,8.52,-0.056487873125088225,-0.45635046975718496,-0.056565482803005225,-0.456468123755388,0.8807768590064994,-0.11299286876781849,0.8807029982227258,-0.1131070621721192
0.0,8.54,-0.056982068106940856,-0.4576705795637456,-0.05706017373468839,-0.45778841539658943,0.8799896439155767,-0.11353788267353873,0.8799152189038665,-0.11365229234802235
0.0,8.56,-0.05748001356724339,-0.45899200086234915,-0.05755862395317293,-0.45911000586888895,0.8791980074164911,-0.11408440177463892,0.8791230084887792,-0.11419902432720173
0.0,8.58,-0.05798174236456099,-0.4603147174314274,-0.058060860327100325,-0.4604328957347389,0.8784019237108193,-0.11463242068304505,0.8783263511260474,-0.11474725554457554
0.0,8.6,-0.05848728083409362,-0.4616387245180566,-0.05856689980718135,-0.46175707066605226,0.8776013675328388,-0.11518193077021997,0.8775252215553673,-0.11529697735550094
0.0,8.62,-0.058996646692861594,-0.46296401304313495,-0.05907677755125903,-0.463082530154621,0.8767963133525637,-0.11573292630166536,0.8767195843604269,-0.11584818114514508
0.0,8.64,-0.05950986647198215,-0.46429057818251485,-0.059590511391811554,-0.46440926507791486,0.8759867458586328,-0.11628540270322889,0.8759094343492878,-0.11640086364948113
0.0,8.66,-0.06002696615342236,-0.46561840972455204,-0.06010811849508762,-0.4657372608991323,0.875172630297227,-0.11683934797438192,0.875094726294756,-0.11695501456294191
0.0,8.68,-0.060547963687844306,-0.4669474984255846,-0.06062964257858622,-0.46706651592515447,0.8743539415515137,-0.11739475585604023,0.8742754556519846,-0.11751062724038046
0.0,8.7,-0.06107289480381231,-0.46827784363960673,-0.061155086132669824,-0.46839702836681574,0.8735306646992935,-0.11795162126662734,0.873451587366054,-0.11806769388980956
0.0,8.72,-0.061601785166167294,-0.4696094295716579,-0.06168449857153113,-0.4697287738328025,0.8727027652383655,-0.11850993319401129,0.8726230968126227,-0.11862620635517337
0.0,8.74,-0.062134645526160256,-0.4709422532869388,-0.06221788319413532,-0.4710617558154929,0.8718702283050811,-0.1190696877369224,0.8717899492670839,-0.1191861564537448
0.0,8.76,-0.06267151884209667,-0.47227630208228083,-0.0627552829676962,-0.4723959615961824,0.8710330199143108,-0.11963087199606752,0.870952140894191,-0.11974753537007346
0.0,8.78,-0.06321241604126897,-0.4736115729525507,-0.06329670882101913,-0.4737313881613141,0.8701911156637983,-0.12019347882086902,0.8701096368343997,-0.12031033761266662
0.0,8.8,-0.06375737140904564,-0.4749480486619408,-0.06384219504529465,-0.47506801825945383,0.8693444912963249,-0.12075750087702528,0.8692624032479683,-0.12087455140000028
0.0,8.82,-0.06430640427362523,-0.4762857249924349,-0.06439176097227857,-0.4764058476625804,0.8684931229129307,-0.12132292913003608,0.8684104262727936,-0.1214401690638379
0.0,8.84,-0.0648595506868802,-0.4776245954669605,-0.06494544266158912,-0.4777448698805821,0.867636976990303,-0.12188975144870674,0.8675536719705811,-0.1220071814877413
0.0,8.86,-0.06541682035473673,-0.4789646459321821,-0.06550325742609238,-0.47908506408980706,0.8667760395192731,-0.12245796286017077,0.8666921169983288,-0.1225755777293283
0.0,8.88,-0.06597825718138448,-0.48030586307795814,-0.0660652339807742,-0.48042643025660453,0.8659102870584681,-0.12302755378645339,0.8658257375276178,-0.12314535120538396
0.0,8.9,-0.06654388092514787,-0.4816482424474251,-0.0666313996779613,-0.481768957280078,0.8650396764047404,-0.12359851162281807,0.8649545105267727,-0.12371649061080661
0.0,8.92,-0.06711371139671984,-0.48299177958638767,-0.06720177355813974,-0.4831126351336758,0.8641642043898451,-0.12417082924875233,0.8640784124757896,-0.12428898898944458
0.0,8.94,-0.06768777457490553,-0.48433645213346355,-0.06777639159877878,-0.4844574513656099,0.8632838180123775,-0.12474449374036634,0.8631974010025164,-0.12486283028956958
0.0,8.96,-0.06826610812612817,-0.4856822586784707,-0.06835527303361293,-0.4858033957696957,0.8623985144127355,-0.12531949761455916,0.8623114626744973,-0.1254380100938409
0.0,8.98,-0.06884873060583956,-0.48702918337548873,-0.06893845492097309,-0.4871504612811252,0.8615082608378554,-0.1258958304134104,0.8614205753522003,-0.12601451484154239
0.0,9.0,-0.0694356621677261,-0.4883772215005111,-0.06952594658141234,-0.48849862752239304,0.8606130249571983,-0.12647347996055092,0.8605246963710674,-0.1265923338934478
0.0,9.02,-0.07002694704827657,-0.48972635338706877,-0.07011778609056524,-0.4898478928579624,0.8597127843242435,-0.12705243683200093,0.8596238233390877,-0.12717145921612116
0.0,9.04,-0.07062259629493313,-0.4910765697040873,-0.07071400159173909,-0.49119824555537117,0.858807507214988,-0.12763268694548868,0.8587179045178968,-0.12775187529073553
0.0,9.06,-0.07122264749025525,-0.49242786303897523,-0.07131462052771118,-0.4925496681065431,0.8578971812039101,-0.12821422345723688,0.8578069275202455,-0.1283335752372433
0.0,9.08,-0.07182712039607707,-0.4937802227161301,-0.07191966264171656,-0.4939021497766622,0.856981765062454,-0.1287970304161379,0.8568908610253357,-0.12891654454870569
0.0,9.1,-0.0724360512498054,-0.49513362976663594,-0.07252915718160767,-0.49525568420238014,0.856061236858239,-0.12938109909894047,0.8559696835612102,-0.12950077149626815
0.0,9.12,-0.07304945132060751,-0.49648807454980487,-0.07314313185948038,-0.4966102535402312,0.8551355654348187,-0.1299664161014259,0.8550433633063632,-0.13008624714361383
0.0,9.14,-0.07366735872384886,-0.4978435492765952,-0.07376162401977776,-0.49796584422138707,0.854204729462302,-0.13055297079899078,0.8541118697874936,-0.13067295486716318
0.0,9.16,-0.07428980139508659,-0.4992000358699135,-0.07438464593374483,-0.49932245216723425,0.8532687080147211,-0.13114075088348312,0.853175181668025,-0.13126088530896896
0.0,9.18,-0.07491680822403594,-0.5005575218424063,-0.07501223432057429,-0.5006800578818296,0.8523274607213152,-0.13172974082533498,0.8522332684329398,-0.1318500244168767
0.0,9.2,-0.07554839946053253,-0.5019159959135191,-0.07564440856112259,-0.5020386442917062,0.8513809570518618,-0.13231992786134197,0.8512861095944952,-0.13244035944761337
0.0,9.22,-0.07618461294733182,-0.5032754440749168,-0.07628120736052367,-0.5033982031207593,0.8504291862824961,-0.13291130206567725,0.8503336648058082,-0.13303187737380207
0.0,9.24,-0.07682546031958226,-0.5046358561826393,-0.07692264235345639,-0.5047587242135555,0.8494721182681425,-0.13350385026945139,0.8493759140105192,-0.13362456502253467
0.0,9.26,-0.0774709875758781,-0.5059972108338133,-0.07756876043849795,-0.5061201919744222,0.8485097137912703,-0.1340975545740585,0.8484128373411974,-0.13421840903078489
0.0,9.28,-0.078121216228569,-0.5073595021296731,-0.07821958045157654,-0.5074825830119063,0.8475419524928224,-0.13469240586082107,0.8474443951373042,-0.13481339569903067
0.0,9.3,-0.0787761651239713,-0.5087227065919617,-0.07887513279844785,-0.5088458899356784,0.8465687958814868,-0.13528838429702394,0.846470568211671,-0.1354095097543065
0.0,9.32,-0.07943587362142261,-0.510086815389876,-0.07953544803458977,-0.5102101053001139,0.8455902337784824,-0.13588548188982047,0.8454913173957184,-0.13600673703447919
0.0,9.34,-0.08010037147667243,-0.5114518151001314,-0.08020054424367244,-0.5115751994441188,0.8446062279250631,-0.1364836798512526,0.8445066237219488,-0.13660506331458347
0.0,9.36,-0.08076967868482508,-0.5128176876848671,-0.08087045304914026,-0.5129411705601888,0.8436167593022896,-0.13708296525433467,0.8435164587103762,-0.13720447259796004
0.0,9.38,-0.0814438251459534,-0.5141844194672558,-0.08154521147642006,-0.5143079917376178,0.8426217797440853,-0.1376833216880599,0.8425207936464044,-0.13780495160893053
0.0,9.4,-0.08212284893182405,-0.5155519892795368,-0.08222484154267522,-0.5156756564511398,0.8416212808985396,-0.13828473441328468,0.8415195906090238,-0.13840648377531753
0.0,9.42,-0.0828067631380814,-0.5169203919581954,-0.08290937148032765,-0.5170441388572488,0.8406152248156237,-0.138887188136929,0.8405128414860135,-0.13900905413664333
0.0,9.44,-0.08349560507337557,-0.5182896001010197,-0.08359883342709389,-0.5184134367355967,0.8396035839896646,-0.1394906659781472,0.8395004989385525,-0.139612645540074
0.0,9.46,-0.08418940506568194,-0.5196595994410445,-0.08429325582097728,-0.5197835239292661,0.838586330926209,-0.14009515229818503,0.8384825355201175,-0.1402172423067364
0.0,9.48,-0.08488819453843383,-0.5210303815829446,-0.08499265903700448,-0.5211543815115603,0.8375634386302693,-0.14070062976752046,0.8374589339259723,-0.14082282868837975
0.0,9.5,-0.0855919929916623,-0.5224019215171471,-0.08569708365286965,-0.5225259994537654,0.8365348796274892,-0.1413070852145902,0.8364296674352507,-0.14142938711422598
0.0,9.52,-0.08630083101136501,-0.523774204581976,-0.08640655021516153,-0.5238983585648057,0.835500618313096,-0.14191449629882594,0.8353946896107517,-0.1420369008947215
0.0,9.54,-0.08701474846654343,-0.5251472144669531,-0.08712109759496964,-0.5252714364684771,0.8344606280161005,-0.14252284790987307,0.8343539841772586,-0.1426453521417856
0.0,9.56,-0.08773375585074146,-0.5265209271502058,-0.08784074848267824,-0.5266452257363117,0.833414892170017,-0.14313212489312982,0.8333075249904072,-0.1432547240391072
0.0,9.58,-0.08845790444390972,-0.5278953365862239,-0.08856553076009926,-0.528019693058517,0.8323633656774334,-0.14374230692683226,0.8322552765905775,-0.1438649978835536
0.0,9.6,-0.08918721305495834,-0.5292704108235163,-0.08929547746554442,-0.5293948352758134,0.8313060229481894,-0.1443533767260107,0.8311972038357417,-0.1444761547130685
0.0,9.62,-0.08992170351815176,-0.5306461359640497,-0.09003060841116793,-0.53077062634876,0.830242839169727,-0.14496531387644918,0.830133291019097,-0.14508817864710652
0.0,9.64,-0.0906614173023452,-0.5320225009854036,-0.09077096402683528,-0.5321470491109712,0.829173779249526,-0.1455781018601779,0.8290635035692394,-0.1457010502470923
0.0,9.66,-0.09140638260344448,-0.5333994717707404,-0.09151657353510433,-0.533524075519121,0.8280988187117964,-0.14619172123168336,0.8279878072409065,-0.14631474981468343
0.0,9.68,-0.09215662360093957,-0.5347770462665828,-0.09226746939165302,-0.5349016957387103,0.8270179346455107,-0.1468061451040879,0.8269061781511107,-0.14692925619663588
0.0,9.7,-0.0929121685715613,-0.5361551899735176,-0.09302366333992412,-0.5362798907570314,0.8259310802834959,-0.147421371840057,0.8258185924502958,-0.14754454946426374
0.0,9.72,-0.09367304903743161,-0.5375338866263373,-0.09378520562596875,-0.5376586411050166,0.8248382436148816,-0.14803737140893442,0.8247250070708827,-0.14816060893186464
0.0,9.74,-0.0944393060403676,-0.5389131181690514,-0.09455211531288878,-0.5390379133975384,0.8237393818590407,-0.14865412288736946,0.823625405179962,-0.14877743313080663
0.0,9.76,-0.09521095144639405,-0.5402928651128593,-0.0953244545904248,-0.5404176984223545,0.8226344836405689,-0.1492715958531588,0.8225197495504156,-0.14939497207677602
0.0,9.78,-0.09598803482252466,-0.541673101166953,-0.09610213874728503,-0.5417979807572353,0.8215234948000698,-0.14988978152379745,0.821408014491128,-0.15001322210601495
0.0,9.8,-0.09677055861504055,-0.5430538081665538,-0.09688535182959786,-0.5431787229642057,0.8204064019881092,-0.1505086633259864,0.8202901609297686,-0.150632147135061
0.0,9.82,-0.09755853568245407,-0.5444349724651706,-0.09767401958277122,-0.5445599138644422,0.8192831758710665,-0.1511282066953164,0.8191661732483493,-0.15125174467973612
0.0,9.84,-0.09835208245900016,-0.5458165552127944,-0.09846825956733848,-0.5459415208072594,0.8181537727908978,-0.1517484036888992,0.8180360104279111,-0.15187199244262686
0.0,9.86,-0.09915122081767513,-0.5471985341505201,-0.09926799812830084,-0.547323538840794,0.8170181735816744,-0.15236922097637928,0.8168996533251622,-0.1524928570821484
0.0,9.88,-0.09995587686363633,-0.5485809043025965,-0.10007335215755728,-0.5487059284807301,0.8158763567536069,-0.15299063930593573,0.8157570616874167,-0.15311431580773155
0.0,9.9,-0.10076616884697547,-0.5499636322537136,-0.10088434347990674,-0.5500886671271381,0.8147282729827243,-0.15361263387987587,0.8146082144305057,-0.15373634907124634
0.0,9.92,-0.10158202003139351,-0.5513467003411557,-0.10170089881660624,-0.5514717561158881,0.8135739015124476,-0.15423518490131644,0.8134530720488622,-0.15435893353006597
0.0,9.94,-0.10240364791783567,-0.5527300693838536,-0.10252313455773643,-0.5528551487394264,0.8124132218980991,-0.1548582723330137,0.8122916141591855,-0.15498204911254904
0.0,9.96,-0.10323087923968867,-0.55411373924989,-0.10335116918479738,-0.5542388038710244,0.8112461859899932,-0.155481870527268,0.8111238020163585,-0.15560567192387192
0.0,9.98,-0.10406393009984793,-0.5554976572082087,-0.10418483239415409,-0.5556227405850485,0.810072776821029,-0.15610594476321135,0.8099496093525694,-0.15622976543396144
0.0,10.0,-0.10490262735162167,-0.5568818296744167,-0.1050242423990297,-0.5570069176170955,0.8088929536921899,-0.15673048478897178,0.8087690048437053,-0.1568543211576748
0.0,10.02,-0.105747189243526,-0.5582662094642881,-0.10586951834989873,-0.558391292953082,0.8077067003844215,-0.15735545540186482,0.8075819629977707,-0.15747930206898123
0.0,10.04,-0.10659763574114042,-0.559650759610519,-0.10672058370654279,-0.5597758546265358,0.8065139797212326,-0.15798083168119606,0.8063884532294755,-0.158104699104802
0.0,10.05,-0.10702496298157818,-0.5603431135920369,-0.10714831831064017,-0.5604681915829915,0.8059151752808101,-0.1582936708499609,0.8057892624616947,-0.15841753412151516
0.0,10.06,-0.10745379457384499,-0.5610354997316385,-0.1075775592507723,-0.5611605664023828,0.8053147521978402,-0.15860660246494754,0.8051884415657948,-0.1587304729166485
0.0,10.08,-0.10831588294132946,-0.5624203684467095,-0.10844036787615483,-0.5625454162397264,0.804109005562423,-0.15923271777377004,0.8039818917402421,-0.1593565979752661
0.0,10.1,-0.10918392188175761,-0.5638053346229965,-0.10930913080217072,-0.5639303672957043,0.8028966983393276,-0.15985917993007467,0.8027687892112295,-0.15998303812792453
0.0,10.12,-0.11005793616039537,-0.5651903864109806,-0.11018377162013512,-0.5653154139657265,0.8016778006206732,-0.1604859348229719,0.801549092955042,-0.16060979533956596
0.0,10.14,-0.11093784531596945,-0.5665754986618756,-0.11106440945638581,-0.5667005057923307,0.8004522838210996,-0.1611129719825818,0.8003227707582778,-0.1612368292040574
0.0,10.16,-0.11182377245488063,-0.5679606401397074,-0.11195106646642684,-0.568085617546076,0.799220113335682,-0.16174026477587322,0.7990898001107519,-0.16186410096873344
0.0,10.18,-0.11271573972971147,-0.5693457855072627,-0.11284376476805758,-0.5694707238221253,0.7979812670435,-0.16236777421650406,0.7978501440950796,-0.16249159768073
0.0,10.2,-0.1136137666387158,-0.5707308961099747,-0.11374252774977253,-0.5708558056120201,0.7967357084148878,-0.16299548707389258,0.7966037719113624,-0.163119278199433
0.0,10.22,-0.11451797768430254,-0.5721159393492384,-0.11464737484202957,-0.5722408240303021,0.7954834162170626,-0.16362336385245943,0.7953506658727775,-0.16374713271079558
0.0,10.24,-0.11542819277822126,-0.5735009159692351,-0.11555842945858044,-0.5736257395308184,0.794224348523636,-0.16425137495924538,0.7940907806456635,-0.16437510192925725
0.0,10.26,-0.11634463513682666,-0.5748857663145854,-0.1164755122228231,-0.5750105595600976,0.7929584730744166,-0.1648794923778148,0.7928240874432967,-0.16500318744349748
0.0,10.28,-0.11726722547420727,-0.5762704774662833,-0.11739894744174367,-0.5763952034282039,0.791685776321687,-0.16550769161041703,0.791550566488928,-0.1656313489564195
0.0,10.3,-0.11819608645100448,-0.5776550022978403,-0.11832845318367706,-0.5777796923480688,0.7904062177875948,-0.16613594218733946,0.7902701773798311,-0.16625955596155137
0.0,10.32,-0.1191311395255265,-0.5790393344362126,-0.11926425402067067,-0.5791639650994859,0.7891197575441087,-0.16676421331886424,0.7889829013435333,-0.1668877677049722
0.0,10.34,-0.12007250636609383,-0.5804234193846209,-0.12020637103589468,-0.5805479876306634,0.787826386350072,-0.16739246592729154,0.7876886961030606,-0.16751596690012935
0.0,10.36,-0.12102021075729522,-0.5818072362603863,-0.12115482661504529,-0.5819317323399897,0.7865260533023684,-0.1680206805111507,0.7863875318853217,-0.1681441240626786
0.0,10.38,-0.1219742722646434,-0.5831907439156468,-0.12210954128581214,-0.5833151927517468,0.7852187410849149,-0.16864881554722766,0.7850793823670245,-0.16877219571727875
0.0,10.4,-0.12293461253285036,-0.5845739425351029,-0.12307074070607209,-0.5846982984348615,0.7839044118686028,-0.1692768391287875,0.7837642278438748,-0.16940015382198245
0.0,10.42,-0.1239014561859885,-0.5859567544882534,-0.12403824039415241,-0.5860810505269303,0.7825830434512454,-0.1699047366044284,0.7824420100628339,-0.17002797590346597
0.0,10.44,-0.12487461963997623,-0.5873391877202598,-0.1250122667994772,-0.5874633774557481,0.7812546049821361,-0.17053244814015672,0.7811127343197051,-0.1706556099128772
0.0,10.46,-0.1258543311828086,-0.5887211769788253,-0.125992638604257,-0.5888453008378485,0.7799190543306369,-0.17115996822264928,0.7797763435016682,-0.17128303278653506
0.0,10.48,-0.12684050766211116,-0.5901027015489702,-0.12697958021968916,-0.5902267345021275,0.7785763708218357,-0.17178723846206212,0.7784328170103303,-0.17191022891421495
0.0,10.5,-0.12783317245993306,-0.5914837392040847,-0.1279731157459118,-0.5916076556856988,0.7772265343184089,-0.17241424305400405,0.7770821168659907,-0.1725371356906006
0.0,10.52,-0.12883244945192107,-0.5928642314554272,-0.12897316131765352,-0.5929880435223271,0.7758694954205279,-0.17304093079550026,0.775724235514172,-0.17316372541241953
0.0,10.54,-0.12983835965450088,-0.594244141520132,-0.12997974017790292,-0.5943678753680832,0.7745052351029938,-0.17366728524472025,0.7743591182046504,-0.17378997366551266
0.0,10.56,-0.13085082152456917,-0.595623462050278,-0.13099297500599005,-0.5957470850138091,0.7731337141575216,-0.17429325660701012,0.7729867436614221,-0.17441583461683519
0.0,10.58,-0.13186995936608742,-0.5970021333078388,-0.13201288810705428,-0.5971256420111032,0.7717549176956259,-0.17491881435937787,0.7716070881448288,-0.17504127571890407
0.0,10.6,-0.1328956894577865,-0.5983801409740797,-0.13303939572875326,-0.5985035320433595,0.7703688047090761,-0.17554392166851962,0.770220119599555,-0.17566626212601172
0.0,10.62,-0.13392824411691923,-0.599757414875139,-0.13407273022503954,-0.5998806848665393,0.7689753525796107,-0.17616854542530427,0.7688257977390276,-0.1762907566596136
0.0,10.64,-0.13496743322879465,-0.6011339567210537,-0.13511270142664952,-0.6012571022165285,0.7675745246609871,-0.17679263477981938,0.7674241094722651,-0.1769147279210803
0.0,10.66,-0.13601338476051983,-0.6025097189434823,-0.13615954092718519,-0.6026327057772956,0.7661662964934215,-0.1774161694806004,0.7660150069328469,-0.1775381360930414
0.0,10.68,-0.13706622130272586,-0.6038846253008036,-0.13721305733073083,-0.6040074974550094,0.7647506296416418,-0.1780391114609359,0.7645984725371949,-0.17816093381072215
0.0,10.7,-0.13812586127023405,-0.6052586745107843,-0.1382734845610947,-0.6053814046795775,0.7633275070697823,-0.17866141311932157,0.7631744861998132,-0.17878308686028302
0.0,10.72,-0.13919232476229107,-0.606631827630549,-0.13934073752746545,-0.6067544122493,0.7618969004636034,-0.17928303792062372,0.7617430021045644,-0.1794045545654751
0.0,10.74,-0.14026573625227878,-0.6080040139733277,-0.14041494232846577,-0.6081264564281054,0.7604587646478699,-0.17990394489407105,0.7603039895818404,-0.18002531331499982
0.0,10.76,-0.1413460147883168,-0.6093752391736272,-0.14149601313499702,-0.6094975218533556,0.7590130814500359,-0.18052409895545563,0.7588574280326726,-0.18064529937187163
0.0,10.78,-0.1424331768744951,-0.6107454495270312,-0.14258407626105202,-0.6108675438800549,0.757559824569031,-0.18114346267416653,0.7574032881139343,-0.18126448856974456
0.0,10.8,-0.14352745575376646,-0.612114554933186,-0.1436790467849999,-0.6122365140371789,0.7560989628357502,-0.1817619830429985,0.7559415442789106,-0.1818828431601327
0.0,10.82,-0.14462866148104106,-0.6134825785861454,-0.14478105126441998,-0.6136043668123714,0.754630462678152,-0.18237962001402558,0.754472157463875,-0.1825003077390766
0.0,10.84,-0.14573681175277028,-0.6148494729666552,-0.14589010973960273,-0.614971061117572,0.7531542967440696,-0.1829963484800921,0.7529951036015643,-0.1831168440244405
0.0,10.86,-0.14685214086405135,-0.6162151460616432,-0.14700624210857727,-0.6163365555931083,0.7516704360738781,-0.18361211459779636,0.7515103560988419,-0.18373242657029915
0.0,10.88,-0.14797456321167485,-0.6175795886159838,-0.14812936202101323,-0.6177008415725307,0.7501788579261065,-0.18422687953451986,0.7500178900228801,-0.1843469881553862
0.0,10.9,-0.1491040984539282,-0.6189427587971181,-0.14925970278430253,-0.6190638185626539,0.7486795262368191,-0.1848405868586138,0.7485176716017796,-0.18496050065545852
0.0,10.92,-0.1502407643706802,-0.6203046073588255,-0.15039717628465823,-0.6204254700454018,0.7471724251518195,-0.18545321240010143,0.7470096710250239,-0.18557292250254234
0.0,10.94,-0.1513845837666534,-0.6216651061915188,-0.15154180531688677,-0.6217857678902353,0.7456575083141533,-0.18606471005829614,0.7454938625027272,-0.1861841988183699
0.0,10.96,-0.15253557237403717,-0.6230241983471867,-0.15269371435510862,-0.6231446284725409,0.7441347592422684,-0.1866750268393358,0.7439702178042221,-0.1867942875193911
0.0,10.98,-0.1536938599464743,-0.6243818212209686,-0.15385281410893328,-0.6245020350453583,0.7426041622089676,-0.18728410959019295,0.7424387147580345,-0.1874031613447179
0.0,11.0,-0.15485946608438717,-0.6257379310083264,-0.15501912698296258,-0.6258579587509319,0.7410656582806151,-0.187891935152002,0.7408993161218541,-0.18801074737675944
0.0,11.02,-0.15603229898106116,-0.62709250363762,-0.1561927776045642,-0.6272123144387757,0.7395192536886545,-0.1884984411719576,0.7393520013341208,-0.18861701779685394
0.0,11.04,-0.15721238078022767,-0.6284455097855182,-0.15737378700389737,-0.6285650649133772,0.7379648944558346,-0.1891035908892701,0.7377967401357831,-0.18922191431113428
0.0,11.06,-0.15839983801798882,-0.629796870582206,-0.15856206250545643,-0.62991618593118,0.7364025681166906,-0.1897073301005,0.7362335135130088,-0.1898254084958852
0.0,11.08,-0.15959468779400304,-0.63114653384334,-0.15975773429811252,-0.6312656125103164,0.7348322427446564,-0.1903096129040552,0.7346622759631207,-0.19042743715386556
0.0,11.1,-0.16079695068241154,-0.632494461605867,-0.16096093154229066,-0.6326132713353289,0.7332538957434224,-0.19091039529375037,0.7330830219250914,-0.1910279606309729
0.0,11.12,-0.16200664527215136,-0.6338406083911347,-0.1621714503552607,-0.6339591655793224,0.731667496914787,-0.1915096307870021,0.7314957161725729,-0.1916269174655623
0.0,11.14,-0.16322378809514432,-0.6351849211273252,-0.1633894192666524,-0.6353032215297076,0.730073028719384,-0.19210726207495907,0.7299003261886026,-0.19222427367585665
0.0,11.16,-0.16444839733974942,-0.6365273537288058,-0.1646148564482767,-0.6366453930767346,0.7284704459689104,-0.19270323775430676,0.7282968354377274,-0.19281997167481846
0.0,11.18,-0.16568060233967397,-0.6378678309131425,-0.16584777988812668,-0.6379856338305674,0.7268597463774866,-0.19329751720619726,0.7266852165238704,-0.19341396418347923
0.0,11.2,-0.16692019848918513,-0.63920636365168,-0.16708831897080156,-0.6393238679589703,0.7252408832234449,-0.19389006110633925,0.7250654429706423,-0.19400620363924762
0.0,11.22,-0.16816742630871365,-0.6405428469663821,-0.16833637825403538,-0.6406600698631203,0.7236138410575823,-0.19448078364226223,0.7234374808987429,-0.1945966399593508
0.0,11.24,-0.1694221899557764,-0.6418772551747407,-0.16959197511400878,-0.6419941922635145,0.7219785967753609,-0.19506966431711845,0.7218013174631551,-0.19518521465451047
0.0,11.26,-0.17068462085583108,-0.643209518356923,-0.1708552409805285,-0.643326165187889,0.7203351182958934,-0.1956566525113887,0.7201569207240055,-0.1957718771667928
0.0,11.28,-0.17195473279143056,-0.644539573238535,-0.17212618961386986,-0.6446559253347417,0.7186833896825554,-0.1962416744827422,0.7185042680340221,-0.19635657890502983
0.0,11.3,-0.17323243248356288,-0.6458674086778537,-0.17340472570172935,-0.6459834541322048,0.7170233774700118,-0.19682469173375874,0.7168433411342803,-0.19693925850415078
0.0,11.32,-0.17451784747569374,-0.6471929383844237,-0.17469098076509196,-0.6473086800933868,0.7153550643120935,-0.19740564266780997,0.7151740994013505,-0.19751987487349204
0.0,11.34,-0.17581088161908473,-0.6485161436613542,-0.17598485460819896,-0.6486315696378838,0.7136784221941833,-0.19798447572751363,0.7134965348471818,-0.19809836843523004
0.0,11.36,-0.17711177788527246,-0.6498369136980973,-0.17728659017863865,-0.6499520118246238,0.711993432345316,-0.1985611413658143,0.711810620559138,-0.19867468735534277
0.0,11.38,-0.17842032217440243,-0.6511552451465253,-0.1785959773795344,-0.6512700182900085,0.7103000606147206,-0.1991355852059548,0.7101163225026277,-0.1992487772354942
0.0,11.4,-0.17973664811864534,-0.6524710720188904,-0.17991325964735067,-0.6525854766127918,0.7085982937913594,-0.1997077448097561,0.708413635737158,-0.19982057792295746
0.0,11.42,-0.18106087974785656,-0.6537842896121658,-0.1812383375666367,-0.6538983596123886,0.706888116196844,-0.20027756996122276,0.7067025237273535,-0.20039001994832112
0.0,11.44,-0.1823928090924908,-0.6550949250381827,-0.18257111262137676,-0.6552086482286583,0.70516948067245,-0.2008450009660928,0.7049829650361238,-0.20095707750901487
0.0,11.46,-0.1837326739291679,-0.6564028410523753,-0.18391182467196446,-0.6565162126401878,0.7034423934845916,-0.20140997943747269,0.7032549451210812,-0.20152167292246298
0.0,11.48,-0.18508049451504208,-0.6577080005380731,-0.18526049182516457,-0.6578210081350864,0.7017068097894894,-0.2019724452384062,0.7015184354750802,-0.20208375066481016
0.0,11.5,-0.18643605237177938,-0.6590104009369926,-0.18661689978748336,-0.6591230473231392,0.6999627228347123,-0.20253236179146206,0.699773413284383,-0.20264326949523284
0.0,11.52,-0.18779959214995892,-0.6603099252788805,-0.18798140421076515,-0.6604221651765118,0.6982101087925128,-0.20308963411888617,0.6980198629466717,-0.20320013674823095
0.0,11.54,-0.18917112695183982,-0.6616065128206631,-0.18935367232912403,-0.6617183993086195,0.6964489319121033,-0.20364424260917427,0.6962577603991255,-0.2037543229805037
0.0,11.56,-0.1905505538726157,-0.6629001357268801,-0.19073395352951125,-0.6630116463187735,0.6946791949002893,-0.20419609899067945,0.6944870853171352,-0.20430575956763997
0.0,11.58,-0.19193788913603246,-0.6641907485758407,-0.19212225593995064,-0.6643018295372588,0.6929008589877903,-0.2047451420249594,0.6927078230162876,-0.20485439221829402
0.0,11.6,-0.19333337439870957,-0.6654782152539305,-0.19351859392748474,-0.665588894816077,0.6911139150214478,-0.2052913317069318,0.6909199432452455,-0.20540013522186934
0.0,11.62,-0.1947367917251427,-0.6667625485943938,-0.19492286521119198,-0.6668728217398058,0.6893183382374901,-0.20583459655941425,0.6891234345673866,-0.20594296043628504
0.0,11.64,-0.19614826865680493,-0.6680436527113779,-0.19633519732545002,-0.6681535143654009,0.6875141174437517,-0.2063748817370995,0.6873182772038713,-0.20648278418410912
0.0,11.66,-0.19756781648406077,-0.6693214648729391,-0.1977557183715726,-0.669430875421111,0.6857012182388841,-0.20691209874248281,0.6855044498167415,-0.20701956107971087
0.0,11.68,-0.19899544845630204,-0.6705959297230973,-0.19918420582774626,-0.6707049105860131,0.6838796405417726,-0.20744622112603875,0.6836819352636977,-0.20755320721890333
0.0,11.7,-0.20043117524544884,-0.6718669838857607,-0.20062078921342427,-0.6719755298847843,0.6820493525932736,-0.20797716007655093,0.6818507147594862,-0.20808367682773166
0.0,11.72,-0.20187500950805284,-0.6731345713919604,-0.20206547883303788,-0.6732426695741321,0.6802103404267648,-0.20850485771960062,0.6800107701854834,-0.20861089767596747
0.0,11.74,-0.20332695660125388,-0.6743986126965507,-0.20351828464710353,-0.6745062655693724,0.6783625913327416,-0.20902925599798586,0.6781620926098456,-0.20913479986303962
0.0,11.76,-0.20478714875612128,-0.6756590231709018,-0.20497933657150863,-0.6757662254500264,0.6765060860768076,-0.20955029426642435,0.6763046515104707,-0.2096553322234027
0.0,11.78,-0.20625536205710493,-0.6769158171400435,-0.2064485240356666,-0.6770225119639119,0.6746408063462619,-0.2100678857197053,0.6744384406372943,-0.2101724245442986
0.0,11.8,-0.20773183682420251,-0.6781688422542906,-0.2079258583359596,-0.6782750678139778,0.6727667398148715,-0.2105819836812697,0.6725634358908466,-0.2106860134717793
0.0,11.82,-0.20921658469441426,-0.6794180401440758,-0.2094113456549421,-0.6795238197776526,0.6708838673254357,-0.21109251291370423,0.6706796374443856,-0.21119601690597348
0.0,11.84,-0.21070949578124215,-0.6806633810927327,-0.2109051178434086,-0.6807686809427507,0.6689921866248264,-0.2115994029934719,0.6687870089546423,-0.21170239224691256
0.0,11.86,-0.21221058041765137,-0.681904806901915,-0.21240718101877507,-0.682009576645397,0.667091658667765,-0.2121025970134318,0.6668855571193678,-0.21220504555939104
0.0,11.88,-0.21371996294389076,-0.6831422060665436,-0.2139174240668748,-0.6832464770251565,0.6651822917407256,-0.21260202673465467,0.6649752598848626,-0.21270392470867405
0.0,11.9,-0.21523753417971553,-0.6843755565242435,-0.21543597356053634,-0.684479277740728,0.6632640572072432,-0.21309761169066535,0.6630560927367427,-0.21319896323830773
0.0,11.92,-0.2167634181024463,-0.6856047455448905,-0.21696271969038128,-0.6857079566842018,0.6613369548640216,-0.21358929272908067,0.6611280593082163,-0.21369009035845413
0.0,11.94,-0.21829762424212173,-0.686829712857508,-0.21849778622722674,-0.6869324004518073,0.6594009630564377,-0.214077003205369,0.6591911418232841,-0.21417722791896987
0.0,11.96,-0.2198401567446534,-0.6880503820692495,-0.22004117976222962,-0.6881525405065763,0.6574560730415723,-0.21456066731388956,0.657245320391378,-0.21466030922119472
0.0,11.98,-0.22139102438535618,-0.6892666922684069,-0.22159290648876118,-0.6893683079781756,0.6555022700792736,-0.21504020678516916,0.6552905955715719,-0.21513926093872665
0.0,12.0,-0.2229501099646954,-0.6904786052805547,-0.22315285166919896,-0.6905796726121279,0.6535395523625941,-0.2155155597198089,0.6533269543414851,-0.21561403011466548
0.0,12.02,-0.2245175415761552,-0.691686021194797,-0.22472126412271692,-0.6917864952196515,0.65156790829055,-0.21598664779193918,0.6513543739929056,-0.21608452198420622
0.0,12.04,-0.226093442613866,-0.6928888227815903,-0.22629790500566688,-0.6929887761755358,0.649587312887906,-0.21645341288208259,0.6493728635154845,-0.2165506770348024
0.0,12.06,-0.22767757601944494,-0.6940870185261233,-0.2278830179433822,-0.6941863585848422,0.6475977765984526,-0.21691577019120278,0.6473823997816155,-0.21701241192504325
0.0,12.08,-0.2292700666920891,-0.6952804987582719,-0.2294763701984082,-0.6953792671794764,0.6455992815033168,-0.21737365017618052,0.6453829800171553,-0.21746966209453977
0.0,12.1,-0.23087103994236133,-0.6964691523763573,-0.2310782027467618,-0.6965673353052125,0.6435918114247964,-0.2178269831919993,0.6433745881916245,-0.21792235790669912
0.0,12.12,-0.23248025618921803,-0.6976529885608916,-0.23268839766223667,-0.6977505315401575,0.6415753743267458,-0.2182756821340643,0.6413572324148461,-0.21837041227638138
0.0,12.14,-0.23409796164490773,-0.6988318549924044,-0.2343069604414276,-0.6989287924178695,0.6395499500820605,-0.21871967491301705,0.6393308962517829,-0.2188137668017193
0.0,12.16,-0.2357240317794545,-0.7000057040797578,-0.23593389078576107,-0.7001020380893864,0.6375155386146472,-0.21915890804992938,0.6372955691434519,-0.21925232698149044
0.0,12.18,-0.2373585963369428,-0.7011744383784709,-0.23756918788003964,-0.7012701883376241,0.6354721420998599,-0.21959327848935242,0.6352512528956887,-0.21968603937607395
0.0,12.2,-0.2390014095804217,-0.7023380599756227,-0.2392129812469275,-0.7024331450907929,0.6334197419286307,-0.2200227252509514,0.6331979405298103,-0.22011480964650015
0.0,12.22,-0.2406527147574136,-0.70349640488437,-0.24086514145339633,-0.7035908524969474,0.6313583363055199,-0.22044716766282674,0.6311356265751366,-0.22053856826394977
0.0,12.24,-0.24231251581012442,-0.704649407256862,-0.2425257975351303,-0.7047432112986125,0.6292879325021533,-0.2208665277247828,0.629064303967703,-0.22095723216309057
0.0,12.26,-0.24398068468060174,-0.7057970191897904,-0.24419482137386148,-0.7058901736071648,0.6272085067765374,-0.22128072835528298,0.6269839820046916,-0.22137072350126608
0.0,12.28,-0.24565722658689307,-0.7069391832140228,-0.24587221532270842,-0.7070316737957502,0.6251200773341806,-0.2216896942786468,0.624894642397418,-0.22177897876677766
0.0,12.3,-0.24734225577741462,-0.7080757577360545,-0.24755809639111784,-0.7081675783241782,0.6230226353377439,-0.22209334020031968,0.6227962948080387,-0.22218190679756672
0.0,12.32,-0.24903565335955213,-0.7092067272811192,-0.24925246943089996,-0.7092978282351879,0.6209161772550249,-0.22249159437327162,0.6206889358588018,-0.22257943586914802
0.0,12.34,-0.2507375357330494,-0.7103319571273508,-0.2509552005275659,-0.7104223672770958,0.618800698241884,-0.2228843717197261,0.6185725608644278,-0.2229714809306722
0.0,12.36,-0.2524479010809074,-0.7114513714056786,-0.2526662929929246,-0.711541136798356,0.6166762058108665,-0.22327160324586912,0.616447174290987,-0.22335795968421807
0.0,12.38,-0.2541666227264967,-0.7125649383097903,-0.2543859868570351,-0.7126539563453255,0.6145427029687538,-0.22365319343900006,0.6143127754946982,-0.22373878747134304
0.0,12.4,-0.2558938188944327,-0.7136725294039568,-0.2561140306428369,-0.7137608378995385,0.612400186995111,-0.22402906852393129,0.6121693651234167,-0.22411390379656104
0.0,12.42,-0.2576293614649338,-0.7147741128654426,-0.2578504173915492,-0.7148616973297903,0.6102486611324386,-0.22439914415321752,0.6100169543961421,-0.22448320293992496
0.0,12.44,-0.2593733679451846,-0.7158695590199708,-0.2595953924669651,-0.7159563678014644,0.6080881197783351,-0.22476334424960223,0.6078555339667244,-0.22484661957630592
0.0,12.46,-0.2611258338897318,-0.7169587904717925,-0.26134870165426377,-0.7170448622110861,0.6059185882757231,-0.2251215794545189,0.6056851114573394,-0.22520406977570984
0.0,12.48,-0.26288675433578923,-0.7180417295424801,-0.26311046168462837,-0.7181270495917599,0.6037400473227611,-0.22547377950482164,0.603505696581363,-0.22555546988817
0.0,12.5,-0.2646559921949518,-0.7191183279068277,-0.26488054144360357,-0.7192028981615524,0.6015525234335869,-0.2258198424831282,0.6013172912453093,-0.225900720864599
0.0,12.52,-0.2664337921662481,-0.720188415184121,-0.26665917953649027,-0.7202722208970308,0.5993560086809954,-0.2261597011388756,0.5991199085297605,-0.22623976327690568
0.0,12.54,-0.2682198963796162,-0.72125200548878,-0.2684461179573343,-0.7213350319379415,0.5971505121802544,-0.22649326997788302,0.5969135438932764,-0.22657250646840285
0.0,12.56,-0.27001442003716025,-0.7223089654675834,-0.27024147803551896,-0.7223912144721206,0.5949360492189505,-0.22682045345605192,0.5946982128649205,-0.22689885493233578
0.0,12.58,-0.27181735220707715,-0.7233592076440208,-0.2720452425888071,-0.7234406643850672,0.5927126225729067,-0.22714117461140818,0.592473918462527,-0.2272187317370199
0.0,12.6,-0.27362855804615155,-0.7244027003283875,-0.2738572798041187,-0.7244833583165204,0.590480244119244,-0.22745535930252428,0.5902406728030831,-0.2275320627743055
0.0,12.62,-0.27544827810416495,-0.7254392602665564,-0.27567782703632365,-0.7255191045640286,0.5882389195499511,-0.22776289495545066,0.5879984953704269,-0.2278387407617551
0.0,12.64,-0.2772762497572049,-0.7264689032974448,-0.2775067515247249,-0.7265478789270523,0.58598866145967,-0.22806371846459408,0.5857473853559233,-0.22813869739488363
0.0,12.66,-0.2791127098435171,-0.7274914359557288,-0.27934390966272116,-0.7275696331463546,0.5837294858889343,-0.22835774383539317,0.5834873630318368,-0.2284318365380156
0.0,12.68,-0.2809573970016328,-0.7285068831750945,-0.28118941719832546,-0.7285842385331316,0.5814614085197185,-0.22864487272842027,0.5812184403525731,-0.22871807016298393
0.0,12.7,-0.2828104169186128,-0.7295150905968052,-0.28304338676053864,-0.7295915564707839,0.5791844368437182,-0.22892501487971406,0.5789406210639241,-0.2289973181562495
0.0,12.72,-0.2846717640439412,-0.7305159939299095,-0.28490554847829125,-0.7305915959339425,0.5768985795565699,-0.2291981032547536,0.5766539353741822,-0.22926949855428788
0.0,12.74,-0.2865414159237753,-0.7315094866315162,-0.28677601677827497,-0.7315842264870684,0.5746038637983705,-0.22946403087142414,0.5743583866866704,-0.22953450666958017
0.0,12.76,-0.28841935922231215,-0.7324954870904425,-0.288654775016365,-0.7325693581072188,0.5723003071841283,-0.22972272154237466,0.5720539995292171,-0.22979226900045316
0.0,12.78,-0.290305580013443,-0.7334739134693916,-0.29054180252650696,-0.733546892054858,0.5699879141070896,-0.22997408155885948,0.5697407851120079,-0.23004269454009585
0.0,12.8,-0.2922000570481911,-0.7344446667977074,-0.2924370879734835,-0.7345167546486222,0.5676667153779016,-0.23021801577449602,0.5674187678833214,-0.2302856855618704
0.0,12.82,-0.29410277168920773,-0.7354076562646168,-0.2943406093430199,-0.7354788466322102,0.5653367297468916,-0.2304544468622574,0.5650879628209274,-0.23052117465671854
0.0,12.84,-0.2960137114224839,-0.7363628077577978,-0.29625221871930985,-0.7364331286325754,0.5629979655698596,-0.23068329260871775,0.5627483906074374,-0.23074905007944432
0.0,12.86,-0.2979327208076404,-0.7373100650450223,-0.29817215635142025,-0.737379414732372,0.5606504525363425,-0.23090444452988398,0.5604000796028455,-0.230969225884779
0.0,12.88,-0.2998600397722105,-0.7382492413971308,-0.3001002731548623,-0.7383176647595588,0.5582942214262623,-0.2311178172443581,0.5580430374485845,-0.2311816185211218
0.0,12.9,-0.3017953928876753,-0.7391803578855416,-0.30203641520175606,-0.7392478311327871,0.5559292759730857,-0.23132332508104964,0.5556773043187628,-0.23138614586303233
0.0,12.92,-0.30373901250039803,-0.7401032090013425,-0.3039806959846444,-0.7401697868046144,0.5535556524599835,-0.23152088385132885,0.5533028886944686,-0.23158270082664412
0.0,12.94,-0.3056906176260778,-0.741017808188703,-0.3059332185365759,-0.7410833776307757,0.5511733747742769,-0.23171039245286146,0.550919829881997,-0.23177120011812893
0.0,12.96,-0.30765031729524583,-0.7419240188501552,-0.30789370074938516,-0.7419886175858467,0.5487824720138526,-0.23189176290597352,0.54852814047563,-0.2319515600730034
0.0,12.98,-0.30961808375979705,-0.7428217397784329,-0.30986224749874336,-0.7428853609212589,0.5463829594634119,-0.23206491216732553,0.5461278608250457,-0.23212367433867356
0.0,13.0,-0.3115938920346636,-0.7437108780723773,-0.3118388337421199,-0.7437735147288911,0.5439748801217543,-0.23222973464477736,0.5437190116463508,-0.232287472955253
0.0,13.02,-0.3135777236161549,-0.7445913577667546,-0.31382330373117867,-0.7446530406646548,0.5415582551930428,-0.23238614888471928,0.5413016203274035,-0.23244284327586956
0.0,13.04,-0.3155694111664174,-0.7454631149384585,-0.3158158943565531,-0.7455237447951925,0.5391331129718984,-0.23253406466508464,0.5388757279253229,-0.23258970064069057
0.0,13.06,-0.31756919843309755,-0.7463259720183228,-0.3178163146707113,-0.7463856349366943,0.5366994888580411,-0.23267338323457223,0.5364413495506909,-0.23272795988989242
0.0,13.08,-0.31957678986179694,-0.7471799286651707,-0.31982466661472253,-0.7472385626136442,0.5342574172416872,-0.23280401620332083,0.5339985301446817,-0.23285752595312337
0.0,13.1,-0.3215921562800614,-0.7480248920464517,-0.32184079083866635,-0.748082490110091,0.5318069294338237,-0.23292587339566975,0.5315473053491988,-0.23297829947049414
0.0,13.12,-0.32361553288819833,-0.748860664817195,-0.32386491877751217,-0.7489172113692497,0.5293480538068739,-0.2330388628723308,0.5290876997415709,-0.23309019796102656
0.0,13.14,-0.325646624495971,-0.749687256751853,-0.3258967625919561,-0.7497427534836754,0.5268808321371509,-0.23314288712670908,0.52661974929935,-0.23319312133699216
0.0,13.16,-0.3276855344034147,-0.7505045259639429,-0.32793641427816944,-0.7505589486266364,0.524405299253956,-0.2332378562720458,0.5241435012718954,-0.23328698518131472
0.0,13.18,-0.3297320959498599,-0.7513124268218878,-0.3299837183583524,-0.7513657771032343,0.5219214872438277,-0.23332367874192553,0.5216589819224993,-0.23337169534759894
0.0,13.2,-0.33178640357566325,-0.7521107991217894,-0.33203876546630556,-0.7521630700322977,0.5194294535865377,-0.23340026299973393,0.5191662370358812,-0.2334471550365766
0.0,13.22,-0.33384843152335714,-0.7528995653164708,-0.33410139452757937,-0.7529507995101336,0.5169292190158815,-0.2334675116539465,0.5166653037665726,-0.23351326331916047
0.0,13.24,-0.3359180102883768,-0.7536786803881861,-0.3361716985861961,-0.7537288042734799,0.5144208298283295,-0.23352532749018673,0.5141562264475943,-0.2335699438663819
0.0,13.26,-0.3379952361792966,-0.7544479913026702,-0.3382495147581308,-0.7544970568919509,0.5119043334356078,-0.23357363515991483,0.5116390431459237,-0.2336170953832318
0.0,13.28,-0.3400799377100962,-0.7552074534667006,-0.34033493471991555,-0.7552553951103615,0.5093797692714973,-0.2336123228764029,0.5091138031749097,-0.23365463218030597
0.0,13.3,-0.3421720817860659,-0.7559569812791973,-0.3424277937666553,-0.7560037920035977,0.5068471799237361,-0.23364131231743504,0.5065805457917236,-0.23368245285730704
0.0,13.32,-0.34427175874860316,-0.7566964115580423,-0.34452817821537285,-0.7567420756348539,0.5043066138031507,-0.23366050592177767,0.5040393156865876,-0.23370046891091367
0.0,13.34,-0.3463788021296657,-0.7574257178674468,-0.3466357892531712,-0.7574702800910734,0.5017581229085741,-0.23366980757073072,0.5014901652144955,-0.23370858435425448
0.0,13.36,-0.3484931645199163,-0.7581447881735311,-0.3487508516400794,-0.7581881901452753,0.49920174149985763,-0.23366912326654316,0.4989331445666865,-0.23370670199239615
0.0,13.38,-0.3506148096098927,-0.7588535365027779,-0.3508731929627627,-0.7588957712485996,0.4966375347143343,-0.2336583624415811,0.4963682880382963,-0.2336947380954041
0.0,13.4,-0.3527438248129569,-0.7595517977835339,-0.3530028965105428,-0.7595928495440804,0.49406553861981334,-0.23363743125395525,0.49379566882251597,-0.2336725950391407
0.0,13.42,-0.3548799072116349,-0.760239608672058,-0.35513966330490343,-0.7602794705141959,0.4914858143712243,-0.23360623676640516,0.4912153173845181,-0.2336401865516541
0.0,13.44,-0.3570232752017099,-0.7609167420100882,-0.3572835747627433,-0.7609554605136444,0.48889841145876795,-0.23356469082537712,0.48862729744524247,-0.23359741012247787
0.0,13.46,-0.3591736196395806,-0.7615832270780967,-0.35943459123295063,-0.7616207333267415,0.486303381750498,-0.23351269559128893,0.4860316627524928,-0.23354417937175415
0.0,13.48,-0.36133116176162156,-0.7622388438590812,-0.3615926640007416,-0.7622751851714766,0.48370078669180155,-0.23345015762536855,0.48342846388858635,-0.23348039563926382
0.0,13.5,-0.36349558191238984,-0.7628836054848814,-0.36375774759894897,-0.7629187209821156,0.48109067645565523,-0.23337698826257797,0.4808177625503648,-0.23340597579179362
0.0,13.52,-0.36566697932194825,-0.7635173805119767,-0.36592979571537254,-0.7635512456639132,0.47847310940008997,-0.2332930921025577,0.4781996214396364,-0.23332081624381396
0.0,13.54,-0.3678451567383312,-0.7641401028681734,-0.3681086278155879,-0.764172728348032,0.4758481479804444,-0.2331983755847337,0.47557408418478486,-0.2332248349668675
0.0,13.56,-0.37003034547244806,-0.764751575762988,-0.37029432478280694,-0.7647830016162814,0.4732158451524113,-0.2330927608652439,0.4729412218492933,-0.23311793206519618
0.0,13.58,-0.3722220878083249,-0.7653518801991238,-0.37248670409240886,-0.765382035328288,0.4705762743457429,-0.23297613880863344,0.4703010919454848,-0.23300003169766248
0.0,13.6,-0.3744207344353037,-0.765940727268045,-0.37468584500897395,-0.7659696612739386,0.4679294848002059,-0.23284841907854784,0.4676537562864388,-0.2328710189385878
0.0,13.62,-0.37662582937985617,-0.766518209044565,-0.3768915673486974,-0.7665458589057281,0.4652755463661272,-0.2327095212257919,0.4649992850718386,-0.23273081365601408
0.0,13.64,-0.37883759263182243,-0.7670841092867301,-0.37910394881003706,-0.7671104592717986,0.46261453052068535,-0.2325593451725458,0.4623377366908918,-0.23257932956414007
0.0,13.66,-0.38105583350109,-0.7676383905678272,-0.38132280294116605,-0.7676634338256998,0.45994649440701757,-0.23239780384857425,0.4596691874490198,-0.23241646895073245
0.0,13.68,-0.38328063250010286,-0.7681808920791661,-0.38354794203714776,-0.7682047556119934,0.4572715038416637,-0.23222480419528158,0.456993684795421,-0.23224214969072104
0.0,13.7,-0.38551166714923857,-0.7687116533599089,-0.38577957078252645,-0.7687341795913676,0.45458963446750034,-0.2320402580518658,0.45431131816353615,-0.23205627050163488
0.0,13.72,-0.38774900720257843,-0.7692304963899504,-0.388017508610989,-0.7692516962107072,0.4519009559727683,-0.2318440741840235,0.4516221535469717,-0.23185874837513176
0.0,13.74,-0.3899927396613193,-0.7697372770594784,-0.3902616902998476,-0.7697571940327943,0.4492055335100168,-0.2316361688608697,0.4489262553352719,-0.23164948928039555
0.0,13.76,-0.39224252984697366,-0.7702320197200877,-0.39251192414739927,-0.7702506478952234,0.44650345428779226,-0.23141643983704657,0.44622369796045935,-0.2314284042540744
0.0,13.78,-0.3944983194221304,-0.770714631949163,-0.3947682862727534,-0.7707318964994007,0.44379477354398567,-0.23118480800871036,0.4435145657209833,-0.23119540943785286
0.0,13.8,-0.3967601883450269,-0.7711849610581303,-0.39703071765305836,-0.7712008463660314,0.44107956988175306,-0.23094118633524757,0.4407989130480202,-0.23095041519469697
0.0,13.82,-0.3990280630730069,-0.7716428870162642,-0.3992990191036969,-0.7716574649289526,0.4383579307745101,-0.2306854826749064,0.4380768380451432,-0.23069333494158456
0.0,13.84,-0.40130175720796535,-0.7720884043303802,-0.40157312489462504,-0.7721016512167768,0.4356299244134978,-0.23041760466828853,0.43534840425669996,-0.23042407389499867
0.0,13.86,-0.4035812042595486,-0.772521412143763,-0.4038531170941815,-0.7725332605661898,0.4328956392375858,-0.2301374706066232,0.4326136955878179,-0.23014254793942188
0.0,13.88,-0.40586647632894907,-0.7729417477808345,-0.4061386492971209,-0.7729523150569352,0.43015513980494374,-0.22984499577451126,0.4298727960105097,-0.22984867304817388
0.0,13.9,-0.40815723059651127,-0.7733494430189823,-0.40842993673620925,-0.7733585994345578,0.4274085229723439,-0.22954008365117365,0.4271257847763453,-0.22954236271022557
0.0,13.92,-0.4104536816590976,-0.7737442820390837,-0.4107267704826843,-0.7737520748633954,0.4246558648621706,-0.2292226653188639,0.42437274559091887,-0.2292235232521343
0.0,13.94,-0.412755484534462,-0.7741262985256205,-0.41302894973992327,-0.7741327220670043,0.4218972492248027,-0.2288926470480592,0.42161375073475527,-0.22889208358743038
0.0,13.96,-0.41506270769192205,-0.7744953300282905,-0.4153366780921992,-0.7745003060889966,0.4191327604992478,-0.22854993569055274,0.4188489076577756,-0.22854794398139075
0.0,13.98,-0.4173752837340168,-0.7748512855210883,-0.4176494825521833,-0.7748549534052058,0.41636249433690403,-0.2281944539067773,0.4160782851186615,-0.2281910315035025
0.0,14.0,-0.41969300424070793,-0.7751941385003533,-0.4199676954585859,-0.7751963468247218,0.41358652394811235,-0.22782612157988416,0.4133019792218611,-0.22782125963173763
0.0,14.02,-0.42201580463092714,-0.7755238084767,-0.42229083673512785,-0.7755246067155475,0.41080494591613764,-0.2274448525577594,0.41052007345856684,-0.22743854456281695
0.0,14.04,-0.42434374030031685,-0.7758401143389277,-0.42461911634067295,-0.77583951476614,0.4080178537943945,-0.22705056867651602,0.40773266661730917,-0.2270428110487865
0.0,14.06,-0.4266764741054608,-0.7761431237643713,-0.42695231303445585,-0.7761410285468937,0.40522534079895667,-0.22664317316310853,0.4049398430403135,-0.22663395740215259
0.0,14.08,-0.42901419987893513,-0.7764325905583328,-0.4292903594330753,-0.7764290682871348,0.4024274864400834,-0.2262226082344628,0.4021417007154403,-0.22621192694752174
0.0,14.1,-0.4313565735780328,-0.7767085755845708,-0.43163304684250065,-0.776703620874358,0.399624399355564,-0.225788767642408,0.39933833152936954,-0.22577662263436643
0.0,14.12,-0.43370365671076233,-0.7769709161538955,-0.4339804317122285,-0.7769645146642116,0.3968161666715928,-0.22534159802906187,0.39652983496737326,-0.22532797050591205
0.0,14.14,-0.4360553643911564,-0.777219506421359,-0.43633243704453717,-0.7772116581589723,0.39400289164689467,-0.2248810001111726,0.3937163030081218,-0.22486589253489303
0.0,14.16,-0.43841149360825143,-0.7774543504366153,-0.43868885224669324,-0.7774450420754451,0.3911846682171943,-0.22440690632236862,0.39089783798201133,-0.22439030769533186
0.0,14.18,-0.4407719604868223,-0.7776753495230139,-0.44104959736703436,-0.7776645749334526,0.38836159561845823,-0.22391923407106282,0.3880745357305779,-0.22390114066550323
0.0,14.2,-0.443136823028465,-0.7778823404923783,-0.4434147293150194,-0.7778700917462615,0.38553377965708846,-0.22341790495786606,0.38524649425899304,-0.22339831755285192
0.0,14.22,-0.44550572903820673,-0.7780753885027993,-0.4457838963263662,-0.7780616587053001,0.3827013160646172,-0.22290285306980753,0.38241382214150876,-0.22288176188239217
0.0,14.24,-0.44787873314050325,-0.7782543287323707,-0.448157152429692,-0.7782391100864426,0.37986430201285226,-0.2223739955332847,0.3795766214319449,-0.22235139385702943
0.0,14.26,-0.45025575383393823,-0.778419074519694,-0.45053441551907497,-0.7784023583746809,0.3770228586301871,-0.2218312550750288,0.3767349929004245,-0.22180714220143882
0.0,14.28,-0.4526365728272558,-0.7785696185497007,-0.45291546773390534,-0.7785513972430282,0.37417707663093636,-0.221274572519997,0.3738890443534453,-0.2212489400384453
0.0,14.3,-0.455021241078001,-0.7787057940069799,-0.4553003604666067,-0.7786860607686918,0.37132706903866464,-0.2207038578641015,0.3710388854633286,-0.22067670438607448
0.0,14.32,-0.45740953895081166,-0.7788275960309232,-0.45768873755420353,-0.7788064231710329,0.3684729449484038,-0.22011905457257352,0.36818461697126564,-0.22009036506441815
0.0,14.34,-0.45980138020362515,-0.7789349388685408,-0.4600807850352227,-0.7789122402946076,0.3656148110650163,-0.21952007879088303,0.3653263555390972,-0.21948986169589763
0.0,14.36,-0.46219667927945907,-0.7790277398489276,-0.46247614487612904,-0.7790035888019563,0.3627527744372004,-0.21890687344888696,0.36246420379089656,-0.21887511722404696
0.0,14.38,-0.46459521322881375,-0.7791059968947165,-0.46487500139757926,-0.7790802236643941,0.35988695281320787,-0.21827936232630643,0.35959828049028814,-0.21824606482844722
0.0,14.4,-0.46699702907533236,-0.7791695452119508,-0.46727685873067515,-0.7791423055900828,0.3570174595413783,-0.21763747587550047,0.3567286916984369,-0.21760263912450092
0.0,14.42,-0.46940190260455855,-0.7792183852981305,-0.4696818999751913,-0.7791895908713915,0.3541444000934122,-0.21698115730406053,0.3538555590719438,-0.21694476760133782
0.0,14.44,-0.471809743620568,-0.779252435626185,-0.472089899963579,-0.7792220809634511,0.3512678991309475,-0.2163103279334487,0.3509789924493279,-0.21627238823571882
0.0,14.46,-0.4742205981454727,-0.7792715341447359,-0.4745007670045134,-0.7792396939436665,0.34838806247549886,-0.2156249405640978,0.34809911369556146,-0.21558543840577665
0.0,14.48,-0.4766341027684104,-0.7792757662445337,-0.47691441016142555,-0.7792423510408876,0.3455050189197698,-0.21492491204619513,0.345216029186787,-0.21488385490335213
0.0,14.5,-0.4790503012306675,-0.7792649703268003,-0.47933060163836333,-0.7792300576137953,0.34261887918737216,-0.21421019917627418,0.3423298694186872,-0.21416757330257868
0.0,14.52,-0.48146896495151026,-0.7792391525488664,-0.4817493842400027,-0.7792026521316997,0.33972976563536,-0.2134807247132829,0.3394407499284848,-0.2134365290367749
0.0,14.54,-0.4838899999616049,-0.7791982358974577,-0.4841705284696651,-0.7791601417727023,0.33683779460546676,-0.2127364415991191,0.33654878775726543,-0.21269067555828125
0.0,14.56,-0.4863134479877773,-0.779142059882867,-0.4865939394356287,-0.7791024500856926,0.33394309465183675,-0.21197727808667835,0.33365410831460063,-0.21192993921929423
0.0,14.58,-0.4887389419496517,-0.7790707187396878,-0.48901952196136994,-0.779029502032253,0.33104578099832455,-0.2112031876221057,0.33075683511450393,-0.21115427067810927
0.0,14.6,-0.4911665213463061,-0.7789840525438945,-0.4914470440845766,-0.7789413088737213,0.3281459855242832,-0.2104141103427785,0.3278570857902327,-0.210363617374759
0.0,14.62,-0.4935960899731482,-0.7788819881556514,-0.49387654551648724,-0.7788377126053464,0.3252438307523671,-0.20960998943663448,0.3249549948535428,-0.2095579140248631
0.0,14.64,-0.49602727896535204,-0.778764626126988,-0.4963077926860895,-0.778718726421076,0.3223394415412648,-0.20879077034596824,0.322050684264257,-0.2087371124352756
0.0,14.66,-0.4984602612653825,-0.7786317211792712,-0.49874082249038193,-0.7785841907811712,0.3194329489832207,-0.20795640334831975,0.31914427854463523,-0.20790115869646245
0.0,14.68,-0.5008948023432792,-0.7784832892662216,-0.5011752656208773,-0.7784342110163616,0.31652446861714717,-0.20710683729892765,0.31623590875848745,-0.20705000396068513
0.0,14.7,-0.5033306669702436,-0.7783193486192238,-0.5036110221373056,-0.7782687179535949,0.3136141410693377,-0.20624202234007732,0.31332570534043475,-0.20618359983736367
0.0,14.72,-0.5057678914526849,-0.7781397441096632,-0.5060481271123122,-0.7780875546896888,0.3107020992316549,-0.20536190470018434,0.3104137949058865,-0.20530188849188735
0.0,14.74,-0.5082062378874291,-0.7779444942167485,-0.5084863443306965,-0.7778907425078774,0.30778846180204356,-0.20446644551180365,0.3075003114168948,-0.20440483347192034
0.0,14.76,-0.5106456063868369,-0.7777335350866116,-0.5109257084092601,-0.7776781266571616,0.3048733694528937,-0.20355559013715505,0.3045853821413548,-0.20349238689743437
0.0,14.78,-0.5130858933739554,-0.7775067990075648,-0.5133657096941882,-0.7774499088055354,0.30195695288992025,-0.20262929396008,0.30166914586625776,-0.2025644941918762
0.0,14.8,-0.5155268617924514,-0.7772643133517312,-0.5158066521484694,-0.7772057562127201,0.29903934738334315,-0.20168752393759773,0.2987517352463551,-0.2016211284062666
0.0,14.82,-0.5179684072648356,-0.7770060138527399,-0.518248162238056,-0.7769457866086882,0.29612068632998856,-0.20073023144015942,0.29583328472966386,-0.2006622341879413
0.0,14.84,-0.5204105620220842,-0.7767317487511854,-0.5206901347830921,-0.7766699364490833,0.29320110497812574,-0.1997573777453201,0.2929139270762883,-0.19968777886875339
0.0,14.86,-0.5228530863464392,-0.7764415477518265,-0.5231323301567847,-0.7763782368387939,0.2902807409362696,-0.1987689192906479,0.2899938009380962,-0.19869771969305788
0.0,14.88,-0.5252957393991873,-0.7761354420398392,-0.525574915189067,-0.7760704469609033,0.2873597309914234,-0.19776482056960323,0.2870730474450732,-0.1976920242437766
0.0,14.9,-0.5277385512633785,-0.7758132818636182,-0.5280173767865146,-0.7757467813690025,0.284438211521553,-0.19674505415716878,0.2841517975246052,-0.1966706541284029
0.0,14.92,-0.5301812797950638,-0.7754751006300228,-0.5304598803255045,-0.7754070001890723,0.2815163295020541,-0.19570957166490882,0.2812301957340368,-0.1956335741046218
0.0,14.94,-0.5326238188955557,-0.7751208429752657,-0.5329021836002802,-0.7750511389687139,0.2785942120233545,-0.19465835603290862,0.2783083837394935,-0.19458075549947265
0.0,14.96,-0.5350659271937002,-0.7747505485200727,-0.5353441804078749,-0.7746791440174771,0.2756720110338299,-0.19359136484539452,0.27538649474457105,-0.1935121648157382
0.0,14.98,-0.5375077659155132,-0.7743639742988214,-0.5377856262765801,-0.7742910526547019,0.27274986341845625,-0.19250856835110589,0.2724646735021787,-0.19242777059704708
0.0,15.0,-0.5399488227473449,-0.7739613503163465,-0.540226415124067,-0.7738868156930914,0.26982791141323653,-0.19140994166862102,0.26954306679255186,-0.19132754422128395
0.0,15.02,-0.5423891243884479,-0.7735425319792838,-0.5426664371398664,-0.7734663802212149,0.2669062967395508,-0.19029546070929715,0.26662181108916105,-0.19021146519435764
0.0,15.04,-0.5448285616848149,-0.7731074688231206,-0.5451055837405397,-0.7730296967444817,0.26398516451312415,-0.18916509800582512,0.26370105280038797,-0.18907950708518415
0.0,15.06,-0.5472670248535416,-0.7726561111346538,-0.5475436115158541,-0.7725768129722596,0.2610646571787506,-0.18801883252224022,0.26078093921603795,-0.1879316386374238
0.0,15.08,-0.549704270614127,-0.7721885085696177,-0.5499805450323028,-0.7721075853147685,0.2581449220085195,-0.18685663417950452,0.25786160582810513,-0.18676784919196093
0.0,15.1,-0.5521401882196363,-0.7717046142151471,-0.5524160051679233,-0.7716221602716405,0.2552261101299419,-0.18567849784769408,0.2549432090964752,-0.18558811679967935
0.0,15.12,-0.5545745323646044,-0.7712044796145101,-0.5548500160297821,-0.7711203971088841,0.2523083318255569,-0.18448437614642008,0.25202590147036597,-0.18439242518756502
0.0,15.14,-0.5570073284690057,-0.7706879670221942,-0.5572824669472468,-0.7706022523278164,0.24939178541268353,-0.1832742873627655,0.24910979746511722,-0.18318074518428756
0.0,15.16,-0.5594383296460419,-0.7701551295122865,-0.5597131122849878,-0.7700677809080168,0.24647659650302026,-0.1820482050206398,0.24619506350876497,-0.18195306002062314
0.0,15.18,-0.5618674250746118,-0.7696059272510483,-0.5621417075297026,-0.7695170420948574,0.24356291326847748,-0.18080611380388587,0.24328186803291635,-0.18070938963177446
0.0,15.2,-0.564294504059807,-0.7690403220915699,-0.5645684087236138,-0.7689497993640532,0.24065087203447266,-0.17954799767043816,0.24037032685805654,-0.17944968976067374
0.0,15.22,-0.5667194534428469,-0.7684582740395233,-0.5669927013514242,-0.7683663101829338,0.23774066280358125,-0.1782738690522591,0.23746059813983592,-0.1781739621965836
0.0,15.24,-0.5691418941182262,-0.7678599461275253,-0.5694147429397963,-0.7677663427717057,0.23483237946861277,-0.17698368326100158,0.23455283890133838,-0.17688219656355667
0.0,15.26,-0.5715618477680157,-0.76724520455121,-0.5718342860526089,-0.7671499595495207,0.23192619270527773,-0.17567745434108975,0.23164719385378021,-0.1755743878651308
0.0,15.28,-0.5739792020299214,-0.7666140157071372,-0.574251085168902,-0.7665172281067665,0.22902224381662295,-0.17435516941273618,0.22874382932796022,-0.174250548933472
0.0,15.3,-0.5763937103903432,-0.7659664474265865,-0.576665161442255,-0.7658680163760095,0.22612072565945204,-0.1730168503290482,0.22584286090613787,-0.17291064294711395
0.0,15.32,-0.5788052605775011,-0.7653024699274498,-0.5790761351284763,-0.7652024955310891,0.22322174295189182,-0.1716624661473605,0.22294447114088692,-0.17155470459643976
0.0,15.34,-0.5812137392266273,-0.7646220533908987,-0.5814840272972469,-0.7645205364908473,0.22032545151889493,-0.17029202620886646,0.22004880025499562,-0.17018271304338956
0.0,15.36,-0.5836190345603106,-0.7639251714903775,-0.5838887241469186,-0.7638221103714604,0.21743203702936864,-0.16890555245549133,0.21715597958302718,-0.16879466081966094
0.0,15.38,-0.5860208991829462,-0.7632118983942776,-0.586289980292423,-0.7631072941129051,0.21454160378213996,-0.16750301788907937,0.21426621588345518,-0.16739060060433317
0.0,15.4,-0.5884190871482021,-0.7624823125686924,-0.5886876821822706,-0.7623760626864854,0.21165436037174526,-0.1660844721952349,0.21137959572168658,-0.16597048716680518
0.0,15.42,-0.5908136199181825,-0.7617362905365529,-0.5910815849980076,-0.7616284977250416,0.20877039486081259,-0.1646498727078115,0.20849630795305185,-0.16453435677713374
0.0,15.44,-0.5932043825530978,-0.760973808040474,-0.5934717069740283,-0.7608644727292168,0.20588989752441572,-0.16319925859423623,0.20561647532721353,-0.16308218984520154
0.0,15.46,-0.595591130485512,-0.7601949500330648,-0.5958576715776601,-0.7600841776547363,0.2030130356096399,-0.16173265892782368,0.20274031533863818,-0.16161405550013153
0.0,15.48,-0.59797361801122,-0.7593998022538516,-0.5982396297241874,-0.7592873846310615,0.2001399212800556,-0.1602500433565656,0.19986791318933647,-0.16012991384092304
0.0,15.5,-0.6003518644770377,-0.758588243421234,-0.6006172041277237,-0.7584742861548286,0.1972707340787005,-0.15875146016433656,0.1969994311838317,-0.15862979353203607
0.0,15.52,-0.6027256245489808,-0.7577603627418299,-0.6029901492059332,-0.757644971934082,0.19440559965548337,-0.15723690469529997,0.19413504605932247,-0.157113725537048
0.0,15.54,-0.6050947859984602,-0.7569161472272913,-0.6053586180363747,-0.7567992198671477,0.19154472500016342,-0.1557064343583126,0.19127491950310488,-0.15558173669770087
0.0,15.56,-0.6074591043881713,-0.7560556907961224,-0.6077223643627908,-0.7559371210203634,0.18868821511190131,-0.15416003181752147,0.18841918183873874,-0.15403383032617143
0.0,15.58,-0.6098185985532145,-0.7551788761681072,-0.6100810132861441,-0.7550588789668662,0.18583623199264376,-0.15259773317132164,0.18556797890892615,-0.15247002410032306
0.0,15.6,-0.6121730252929787,-0.7542858016074728,-0.612434716037341,-0.7541642721570905,0.18298893439561797,-0.15101956837686165,0.1827214702635546,-0.15089035427004474
0.0,15.62,-0.6145221397109477,-0.753376565308504,-0.6147830965102726,-0.7532535058517233,0.1801464593735173,-0.1494255462056389,0.17987983789564904,-0.1492948669990011
0.0,15.64,-0.616865962836285,-0.7524510561439621,-0.6171260437040218,-0.7523265758029911,0.17730900263806812,-0.14781573160478656,0.1770431974345578,-0.1476835611164904
0.0,15.66,-0.6192041199770917,-0.7515094847239714,-0.6194634464591386,-0.7513834786532151,0.1744766755082059,-0.14619012678394414,0.17421170577894035,-0.14605647667541222
0.0,15.68,-0.6215367630144257,-0.7505516336334781,-0.6217953244388937,-0.7504241034150947,0.17164963997492796,-0.14454876752454282,0.17138553084920607,-0.1444136495805775
0.0,15.7,-0.6238635176125007,-0.7495777169090687,-0.6241211739867963,-0.7494487749572335,0.16882805850371052,-0.1428917026429335,0.1685648165033406,-0.14275511844119385
0.0,15.72,-0.6261842734020365,-0.7485877358844957,-0.6264411458119602,-0.7484572763761115,0.1660120896700866,-0.14121896471272258,0.1657497231860856,-0.14108092250005802
0.0,15.74,-0.6284989213596681,-0.7475816945097229,-0.628754868027813,-0.7474498282448582,0.16320185557022127,-0.13953057760859316,0.16294038473186362,-0.13939108078177853
0.0,15.76,-0.6308072199117318,-0.7465597051416609,-0.631062362348189,-0.7464263265585,0.16039751986770232,-0.13782658746865706,0.16013698251469288,-0.13768566502219606
0.0,15.78,-0.6331091905355322,-0.7455216642285778,-0.6333633887957524,-0.7453868868183836,0.15759924422483848,-0.1361070413525779,0.1573396247399146,-0.13596468138213194
0.0,15.8,-0.6354044626668492,-0.7444677984873197,-0.6356578379734539,-0.7443315160842655,0.15480718470097213,-0.13437199831459493,0.1545484961613015,-0.13422820396352858
0.0,15.82,-0.6376930593438042,-0.7433980082661246,-0.6379454714528766,-0.7432603345099356,0.15202147674874772,-0.13262148253917666,0.1517637524599032,-0.1324762796409609
0.0,15.84,-0.6399747415331201,-0.742312414026343,-0.6402261818111131,-0.742173353848955,0.1492422788883704,-0.13085555014913183,0.14898550481551687,-0.13070892344671772
0.0,15.86,-0.6422494025267823,-0.7412110291847922,-0.6424999902373788,-0.7410704737479953,0.14646972620262408,-0.12907424356594188,0.14621394805211685,-0.12892622574289034
0.0,15.88,-0.6445169341607969,-0.740093866334957,-0.6447665304522012,-0.7399519316131203,0.14370399521441413,-0.12727763024406155,0.14344920862079216,-0.12712821938243143
0.0,15.9,-0.6467771000576413,-0.7389610526980414,-0.6470256971552655,-0.7388177447469962,0.14094520824701073,-0.12546575034249036,0.14069143423681088,-0.12531496245684828
0.0,15.92,-0.6490296669163198,-0.7378127205061495,-0.6492773843696708,-0.7376679304745053,0.13819352406166716,-0.12363866056082244,0.13794077578534003,-0.12348650057993775
0.0,15.94,-0.651274786545428,-0.7366486617236393,-0.6515213568926174,-0.7365026198626998,0.13544909162469915,-0.12179642894969184,0.1351973733288007,-0.12164289416281591
0.0,15.96,-0.653512095743691,-0.7354691223000918,-0.6537576393449315,-0.7353217207601089,0.13271205991927953,-0.11993910437077007,0.13246139238208746,-0.11978421990659459
0.0,15.98,-0.6557413619549378,-0.7342742385840677,-0.6559859993744435,-0.7341253693036587,0.1299825784936052,-0.11806676011298442,0.1297329676850541,-0.11791052097736293
0.0,16.0,-0.6579626109875244,-0.7330639213589383,-0.6582062040710108,-0.732913702363656,0.1272607924563686,-0.11617945102237746,0.12701225914149128,-0.11602188250945683
0.0,16.02,-0.6601757394652533,-0.7318381950923262,-0.6604181522408313,-0.7316867473340719,0.12454683401929142,-0.11427723906061606,0.12429938598820663,-0.11411833842642441
0.0,16.04,-0.6623803898902003,-0.7305973171714495,-0.6626218695931388,-0.7304444159625196,0.12184086079357724,-0.11236019550095999,0.12159450899734753,-0.11219997525323579
0.0,16.06,-0.6645767150893497,-0.7293410841072031,-0.6648169978035547,-0.7291869657321453,0.11914300851362873,-0.11042838229943397,0.11889777512368012,-0.11026686144310643
0.0,16.08,-0.6667642324782276,-0.7280698737410666,-0.667003438402113,-0.7279144294116748,0.11645343057308857,-0.10848188395881772,0.11620932196868011,-0.10831906331026989
0.0,16.1,-0.6689429705122676,-0.7267836031577299,-0.6691810908449297,-0.7266268380833348,0.11377227342411263,-0.10652076968455265,0.11352928995736543,-0.10635665218027766
0.0,16.12,-0.6711128288222419,-0.72548230420748,-0.6713498555754891,-0.7253242245048528,0.1110996490995168,-0.10454509403842305,0.11085783214754316,-0.10437971372117645
0.0,16.14,-0.673273709585498,-0.7241660120821655,-0.6735095082242225,-0.7240067412346595,0.10843573920573354,-0.10255496441363351,0.10819507384716288,-0.10238831005862989
0.0,16.16,-0.6754252619875498,-0.7228349975645753,-0.6756599515825165,-0.7226744250643446,0.1057806542086682,-0.10055043146624368,0.10554117637935811,-0.10038253979240673
0.0,16.18,-0.6775675161315654,-0.7214891815632016,-0.6778010887963304,-0.7213273136823354,0.10313455134640424,-0.09853159594414888,0.10289625261616718,-0.09836245470877256
0.0,16.2,-0.67970025018121,-0.7201287216401749,-0.6799326982647398,-0.719965564922892,0.1004975554321507,-0.09649852332388233,0.10026045296706079,-0.09632814834916896
0.0,16.22,-0.681823369552735,-0.7187536592259726,-0.6820546855357701,-0.7185892203629596,0.09786980710306198,-0.09445130023618548,0.09763391033736675,-0.0942797001472785
0.0,16.24,-0.6839367800671075,-0.717364036625192,-0.6841668313101884,-0.7171984417796112,0.0952514572419003,-0.09239002588459744,0.09501677944843331,-0.0922172164174647
0.0,16.26,-0.686040263631294,-0.7159600174100992,-0.6862691682531324,-0.71579315447735,0.09264261988804512,-0.09031476642387769,0.09240917196126537,-0.0901407578306449
0.0,16.28,-0.6881337282819767,-0.7145416473763345,-0.6883613543592746,-0.7143736434951987,0.09004343883722073,-0.08822561934099245,0.08981122976313911,-0.08805042018867551
0.0,16.3,-0.6902170829839246,-0.7131089736625995,-0.6904434238334711,-0.7129398366169944,0.08745404698836058,-0.08612267117970634,0.08722309611119579,-0.08594630040173055
0.0,16.32,-0.6922901130379092,-0.7116621651603569,-0.6925151623112479,-0.7114919030734335,0.08487457822862864,-0.08400601823500366,0.08464489381351731,-0.0838284899506147
0.0,16.34,-0.6943527298310235,-0.7102012725072848,-0.694576604932628,-0.7100297720817877,0.08230516079188781,-0.08187575068873408,0.08207675080142669,-0.08169706985884248
0.0,16.36,-0.6964047214773343,-0.7087264686247836,-0.6966272920451448,-0.7085538589943011,0.07974592858452113,-0.07973196697804709,0.0795187965688887,-0.07955214007155621
0.0,16.38,-0.6984461250753348,-0.7072376854424153,-0.6986673849665607,-0.7070639748845328,0.07719700063513545,-0.0775747533208996,0.07697117861478542,-0.07739381527850664
0.0,16.4,-0.700476607851796,-0.7057352212001974,-0.7006966741988915,-0.7055602958239976,0.07465852103810523,-0.07540422371423382,0.07443400189718793,-0.07522216759463057
0.0,16.42,-0.7024962087348624,-0.7042190102589267,-0.7027149522409918,-0.7040430005006618,0.07213060439728206,-0.07322046778269313,0.07190739795038914,-0.07303730629170462
0.0,16.44,-0.7045048438387195,-0.7026891096328032,-0.704722258767078,-0.70251202411586,0.06961338365909571,-0.07102359103872434,0.06939150272866552,-0.07083934238250929
0.0,16.46,-0.7065021854251778,-0.7011458240517476,-0.7067182660938991,-0.7009676714397063,0.06710697733325748,-0.0688136945542834,0.0668864291722874,-0.06862836857277732
0.0,16.48,-0.708488274975634,-0.6995890909859784,-0.7087030159096965,-0.699409880109884,0.06461150507026313,-0.0665908802194721,0.06439230509224673,-0.06640449274366868
0.0,16.5,-0.7104629102450783,-0.6980190956670583,-0.7106763060771242,-0.6978388354379461,0.06212710045605569,-0.06435526219183847,0.061909251413787565,-0.06416782293113996
0.0,16.52,-0.7124260126672789,-0.6964359014992682,-0.7126380581071335,-0.6962546008694201,0.05965386501924613,-0.06210693103844248,0.05943738525759706,-0.061918460957073915
0.0,16.54,-0.714377383122901,-0.694839697371482,-0.7145881943948221,-0.6946572408112749,0.057191936169753606,-0.05984601448046904,0.056976822910634294,-0.059656514590276676
0.0,16.56,-0.7163170667380583,-0.6932304246798864,-0.7165263963098971,-0.6930470707387193,0.05474141873971052,-0.057572610787929926,0.054527692627787935,-0.05738210823546697
0.0,16.58,-0.7182447462155397,-0.691608400399993,-0.7184528310963681,-0.6914239081870989,0.05230243650806021,-0.055286838148605355,0.052090096748720685,-0.0550953351092366
0.0,16.6,-0.7201604688049639,-0.6899735681239015,-0.7203670630312934,-0.6897881978869868,0.04987510059068248,-0.0529888075756121,0.049664157192361,-0.05279631905602979
0.0,16.62,-0.7220640414494479,-0.6883261232240067,-0.7222692611180047,-0.6881397590206882,0.04745952821951555,-0.05067863653198881,0.04724998928720177,-0.05048517494591496
0.0,16.64,-0.7239553929593338,-0.6866661368651753,-0.7241592335728034,-0.6864787881800902,0.04505582306897261,-0.04835643348425216,0.044847701663400796,-0.04816201932066189
0.0,16.66,-0.7258344532788118,-0.684993681254104,-0.7260367909848886,-0.6848054844005551,0.04266409890081156,-0.04602231903466148,0.042457401442809455,-0.04582696459302934
0.0,16.68,-0.7277009148091222,-0.683309083486417,-0.7279019844682583,-0.6831197947269679,0.04028446731885796,-0.0436764129386466,0.04007920247931162,-0.0434801333385387
0.0,16.7,-0.7295548301972689,-0.6816122921163629,-0.7297545083260976,-0.6814220480164195,0.03791703671095674,-0.04131884015088811,0.03771320492656612,-0.041121640133286445
0.0,16.72,-0.7313961335029939,-0.679903383128407,-0.7315942975085196,-0.6797123211725035,0.03556190436336944,-0.03894970913787112,0.0353595219819833,-0.038751613417559075
0.0,16.74,-0.7332246411839495,-0.678182561073871,-0.7334214062411389,-0.677990563830455,0.033219185320466284,-0.03656915611996977,0.03301825630608274,-0.03637017498251807
0.0,16.76,-0.7350402903217601,-0.6764499046084573,-0.7352355348085626,-0.6762571104299632,0.030888972632344056,-0.034177294298208254,0.03068950205329792,-0.03397743906334467
0.0,16.78,-0.7368429012164945,-0.6747056217243178,-0.7370367399692683,-0.6745119126659856,0.028571373690552758,-0.03177425279207062,0.028373372923978502,-0.03157354425327163
0.0,16.8,-0.7386325314000673,-0.672949664663774,-0.7388248436272605,-0.6727551797867205,0.02626648433997668,-0.029360157550482945,0.026069955779345885,-0.02915860310769796
0.0,16.82,-0.7404088868878198,-0.6711823729368982,-0.7405997871409625,-0.6709869938401818,0.023974406807540545,-0.02693513658721474,0.02377935745078479,-0.026732753376487443
0.0,16.84,-0.7421720277695979,-0.6694037007021226,-0.7423613961830354,-0.6692075672203431,0.02169523103457735,-0.024499314508899084,0.021501669044069468,-0.024296117733322877
0.0,16.86,-0.7439216644893558,-0.6676139911994838,-0.7441096152824471,-0.6674169844384933,0.019429056887096674,-0.022052824405951365,0.01923698634488677,-0.021848826422580965
0.0,16.88,-0.7456579759659339,-0.6658130702919014,-0.7458443901495132,-0.6656153307874807,0.017175972554032824,-0.019595792281408276,0.01698540365069988,-0.01939101302670697
0.0,16.9,-0.7473806761843821,-0.6640012839258496,-0.7475655517671914,-0.6638028227511716,0.014936073024093196,-0.017128354033003165,0.014747007602299822,-0.016922803035929156
0.0,16.92,-0.7490897139669721,-0.6621787196958638,-0.7492731646345189,-0.6619794171953579,0.012709447472290651,-0.014650640987867234,0.012521891814608518,-0.014444334196488166
0.0,16.94,-0.7507850393392114,-0.6603454659224959,-0.7509669475137228,-0.6601454637257089,0.010496181370439816,-0.012162784374181617,0.010310141056954911,-0.011955736990656033
0.0,16.96,-0.7524664885356609,-0.6585017429089626,-0.7526469675746885,-0.6583009208901542,0.00829636154001079,-0.00966491955417269,0.008111842099310767,-0.009457146101230888
0.0,16.98,-0.754134129519532,-0.6566475095878906,-0.7543129481781555,-0.6564461416945484,0.006110073615856512,-0.007157182792614044,0.0059270797162205,-0.00694869831901655
0.0,17.0,-0.7557876872899055,-0.6547831200986852,-0.7559650734658541,-0.6545809543530519,0.003937398226777299,-0.004639708415016893,0.0037559348021544902,-0.004430527749537582
0.0,17.02,-0.7574272325218534,-0.6529085349346908,-0.7576030704978327,-0.6527057143154686,0.0017784176501241477,-0.002112635116000922,0.001598489255569166,-0.0019027729836342266
0.0,17.04,-0.7590526085391046,-0.6510239790179437,-0.7592268973410785,-0.6508205149125467,-0.0003667899053046544,0.00042390035954331526,-0.0005451789172861919,0.000634428979045884
0.0,17.06,-0.7606637744917467,-0.6491295462415766,-0.7608365132801738,-0.6489254500640519,-0.002498147118220293,0.0029697586680861835,-0.0026749920038276445,0.003180939078344918
0.0,17.08,-0.7622605777883517,-0.6472254641153444,-0.762431765893489,-0.6470207473344608,-0.004615577768653348,0.0055248016661830325,-0.004790875717700448,0.005736617400482858
0.0,17.1,-0.7638429810242953,-0.6453118285008895,-0.7640127305035281,-0.6451063692630397,-0.0067190105534743715,0.008088886736587439,-0.006892756781419715,0.00830132496938276
0.0,17.12,-0.7654110603230595,-0.6433886022050643,-0.7655791455541672,-0.6431826786837217,-0.008808369741252412,0.010661875751437662,-0.008980562163517171,0.010874920329799325
0.0,17.14,-0.7669645558297264,-0.6414561490516538,-0.7671310891675527,-0.6412496394579896,-0.010883589940479308,0.013243625511102836,-0.011054221992328868,0.013457261372298608
0.0,17.16,-0.7685034348548109,-0.6395145672703973,-0.7686684162090773,-0.6393074831891743,-0.012944600410752849,0.015833994903019708,-0.013113668729084474,0.016048207881833764
0.0,17.18,-0.7700276659519943,-0.6375639555628688,-0.7701910953717085,-0.6373563085990059,-0.014991332121030904,0.018432838082512466,-0.015158838076421325,0.01864761234765583
0.0,17.2,-0.7715371080154261,-0.6356045477720151,-0.7716989856843448,-0.6353963495438009,-0.01702372510734154,0.02104001609785622,-0.01718966413846675,0.02125533633757814
0.0,17.22,-0.7730318437108795,-0.633636309365498,-0.7731921699369833,-0.6334275714976336,-0.019041715730724895,0.023655382866325618,-0.01920608177055645,0.02387123119216749
0.0,17.24,-0.7745117350968742,-0.6316594755550426,-0.7746705103494796,-0.6314502097044679,-0.021045242497722792,0.026278793689327878,-0.02120803554705554,0.026495156278379863
0.0,17.26,-0.7759767567736041,-0.6296741475661239,-0.7761338717846707,-0.6294645008531836,-0.023034247693153737,0.02891009669520651,-0.02319546468979793,0.029126966119467947
0.0,17.28,-0.7774267750401307,-0.6276805626925118,-0.7775823407845508,-0.627470411604154,-0.025008668541337185,0.03154916162413316,-0.025168313801100625,0.031766511939607806
0.0,17.3,-0.7788616588354252,-0.6256789595917897,-0.7790156762497363,-0.6254683158536893,-0.026968460401572303,0.03419582353769635,-0.02712652404405252,0.03441364892357877
0.0,17.32,-0.780281606324103,-0.6236691697064939,-0.780434076395976,-0.623458044988145,-0.02891355568059409,0.03684995644554339,-0.02907003621398573,0.037068235459185604
0.0,17.34,-0.781686380093553,-0.6216515685215712,-0.7818371955918295,-0.6214401110347169,-0.030843919155398417,0.039511397192661446,-0.03099881486697811,0.039730116516875844
0.0,17.36,-0.7830759631853117,-0.6196262605132226,-0.7832252341902399,-0.6194143457221128,-0.032759488596665526,0.042180003240606896,-0.032912801562807584,0.04239915172416176
0.0,17.38,-0.7844503398589181,-0.6175933504016149,-0.7845980677966111,-0.6173809900041103,-0.03466022780614438,0.04485562676400859,-0.03481195352896556,0.04507518184727145
0.0,17.4,-0.7858093880941639,-0.6155530802388997,-0.7859555746147633,-0.6153402860002578,-0.036546075319171,0.04753811991943318,-0.036696210220165316,0.047758074578923615
0.0,17.42,-0.787153202816273,-0.6135054185807366,-0.7872977426802332,-0.6132923396895491,-0.038416999728111,0.05022734360037932,-0.03856555131055884,0.050447668728725366
0.0,17.44,-0.7884815586407848,-0.6114507461367327,-0.7886245610358774,-0.6112372570713649,-0.04027295029754144,0.05292313194683897,-0.04041991267929774,0.053143832703689935
0.0,17.46,-0.7897945534092143,-0.6093890321510805,-0.7899359139537341,-0.609175282446959,-0.04211388762375102,0.05562535234247898,-0.04225926882390185,0.05584639442098173
0.0,17.48,-0.7910921785342855,-0.6073203830157674,-0.7912319001668666,-0.607106384896613,-0.043939781323017096,0.05833384420159981,-0.044083579579972845,0.05855521681609582
0.0,17.5,-0.7923742157082319,-0.6052451821207407,-0.7925124070475892,-0.6050308094248061,-0.04575060083451015,0.061048463466228595,-0.04589280192615621,0.06127016138026169
0.0,17.52,-0.7936407665314694,-0.6031633991882442,-0.7937774298407311,-0.6029486634921156,-0.04754629145805346,0.06376905549744673,-0.047686904071244623,0.06399106037464415
0.0,17.54,-0.7948918272536621,-0.6010751417327446,-0.7950268603853401,-0.6008601936105923,-0.0493268306619349,0.06649548676382722,-0.04946586391067242,0.06671777788825688
0.0,17.56,-0.7961272910450646,-0.598980656501953,-0.7962606973095802,-0.5987655079754969,-0.05109219113312407,0.06922759073724231,-0.05122962951712035,0.06945016170265186
0.0,17.58,-0.7973470538211718,-0.5968801912255812,-0.797478940891672,-0.5966647151729533,-0.052842326032327275,0.0719652214098971,-0.05297818351678856,0.0721880559142014
0.0,17.6,-0.7985512216827153,-0.5947737156915366,-0.7986814886471681,-0.5945580630795824,-0.05457724327136484,0.07470822779372549,-0.05471150053317814,0.07493131579830689
0.0,17.62,-0.7997397969189332,-0.5926613383768685,-0.7998684476483162,-0.5924455212838563,-0.05629688449174534,0.0774564725623895,-0.05642956340396025,0.07767977800940983
0.0,17.64,-0.8009125773261269,-0.5905434476820539,-0.8010397187085777,-0.5903273382332069,-0.05800123753720479,0.0802097998937277,-0.05813232998778832,0.08043332790930663
0.0,17.66,-0.8020697751826764,-0.5884198733303183,-0.8021952052140162,-0.5882037631113386,-0.05969027414763029,0.08296805681728701,-0.059819790490539405,0.08319177984629893
0.0,17.68,-0.803211089718603,-0.586291144612002,-0.8033350179849451,-0.5860747655864031,-0.06136398996509721,0.0857310905699499,-0.06149191815068801,0.0859550099893278
0.0,17.7,-0.8043367354911366,-0.5841570911662126,-0.8044590635200409,-0.583940595157529,-0.06302236456662992,0.08849875330482829,-0.0631487173057607,0.08872284257768769
0.0,17.72,-0.8054466205159424,-0.5820179627283486,-0.8055673528101791,-0.5818013616488131,-0.06466536156356664,0.09127090697978289,-0.06479014287963096,0.09149515816857014
0.0,17.74,-0.8065406555728424,-0.5798740098014254,-0.806659897747522,-0.5796571746019431,-0.06629297803369397,0.09404739374587522,-0.0664161875180293,0.09427179251654937
0.0,17.76,-0.8076189555960726,-0.5777252015045428,-0.8077366107902316,-0.577508284577977,-0.067905224768837,0.0968280699980692,-0.0680268542114461,0.0970525906916205
0.0,17.78,-0.8086814346521536,-0.575571788646199,-0.8087975075823338,-0.5753548016799249,-0.06950205125712669,0.09961277337508294,-0.06962211325851145,0.0998374199389947
0.0,17.8,-0.8097280090162909,-0.5734140223202303,-0.8098425047113654,-0.5731969770914437,-0.07108347729587067,0.10240136846797178,-0.07120196408450227,0.10262611557884947
0.0,17.82,-0.8107588971192288,-0.5712517299531609,-0.8108718205268035,-0.571034638068631,-0.07264948702091638,0.10519370267886023,-0.07276640832479883,0.10541855006923827
0.0,17.84,-0.8117738188200996,-0.5690854457261566,-0.8118851750879936,-0.5688683187874176,-0.07420007060245935,0.10798963071220676,-0.07431541914907436,0.1082145534534503
0.0,17.86,-0.812772994310028,-0.5669149964240049,-0.8128827885959031,-0.5666978459276081,-0.07573522111456193,0.11078901019424645,-0.07584902382824808,0.11101399152781567
0.0,17.88,-0.8137562475473086,-0.5647407752977703,-0.8138644852629955,-0.5645236127773824,-0.07725495335648665,0.11359168679761096,-0.07736720666059947,0.1138167048364495
0.0,17.9,-0.8147237015160418,-0.562562750374163,-0.8148303881195769,-0.562345587276061,-0.07875923740767468,0.11639752246868675,-0.07886994137516341,0.11662256057269148
0.0,17.92,-0.815675380740334,-0.5603810309564625,-0.8157805217728586,-0.5601638786584002,-0.08024811860917412,0.11920635874506885,-0.08035725535828102,0.11943141830383092
0.0,17.94,-0.8166111160360306,-0.5581960111805444,-0.8167147171966208,-0.5579788810272881,-0.08172156569489371,0.12201805203387182,-0.08182916983133971,0.12224312350019367
0.0,17.96,-0.8175310336267266,-0.5560076582438152,-0.8176331007518545,-0.5557905615549021,-0.08317959638753862,0.12483244028139515,-0.0832856427559156,0.12505751611312507
0.0,17.98,-0.8184351623985916,-0.5538160810920953,-0.8185357011224749,-0.5535990289239804,-0.08462221157022734,0.1276494274820498,-0.08472674019429521,0.12787445594533464
0.0,18.0,-0.8193234370284775,-0.5516215320417568,-0.8194224536679027,-0.5514045357786287,-0.08604941367042186,0.13046882432047185,-0.08615241783810716,0.13069382539660118
0.0,18.02,-0.8201958883805122,-0.5494241190022009,-0.820293292626731,-0.5492073325516407,-0.0874612525223784,0.1332905078618446,-0.0875627030207347,0.13351547036274503
0.0,18.04,-0.8210525515459827,-0.5472239516772682,-0.821148446204961,-0.5470072433191965,-0.08885769101284711,0.13611432131084555,-0.08895761222562816,0.1363392149684393
0.0,18.06,-0.8218933644835584,-0.5450212808198053,-0.8219878513245508,-0.544804518325271,-0.09023874458981315,0.13894013793539084,-0.09033716980931912,0.1391649430883575
0.0,18.08,-0.8227184588746629,-0.5428160713341965,-0.8228113534992973,-0.5425995521458078,-0.0916044718688429,0.1417677883832478,-0.09170135833488229,0.14199252764260423
0.0,18.1,-0.8235277779119096,-0.5406085751136845,-0.8236191822395676,-0.540392166848708,-0.09295484223913807,0.14459717731470748,-0.09305024124910957,0.1448218035380867
0.0,18.12,-0.8243213592057577,-0.5383988989613624,-0.824411279194551,-0.5381826120014265,-0.09428990442367656,0.14742811389163998,-0.09438378824657342,0.14765262034770954
0.0,18.14,-0.8250991494755341,-0.5361872943870372,-0.8251875921419599,-0.5359711396730186,-0.09560964963013946,0.15026048102760353,-0.09570204287610216,0.1504848881658438
0.0,18.16,-0.8258612832170005,-0.5339737239772337,-0.8259482565628328,-0.5337577129675354,-0.0969141336616793,0.15309414851358935,-0.09700502268420312,0.15331841669045732
0.0,18.18,-0.8266078032527978,-0.5317582947199381,-0.8266932197266451,-0.5315425812327013,-0.09820336223447097,0.15592896236303633,-0.09829274915854214,0.15615307649031251
0.0,18.2,-0.8273385664313608,-0.5295414005982362,-0.8274225264573863,-0.5293258511901618,-0.09947734432763099,0.15876477242648396,-0.09956527531268904,0.15898872592705637
0.0,18.22,-0.8280537114709884,-0.5273230036741964,-0.828136221392879,-0.5271076283517143,-0.10073615121828274,0.1616014643765445,-0.10082258783831513,0.1618252379599578
0.0,18.24,-0.8287532836990007,-0.5251032089377944,-0.8288342592697214,-0.5248881628946687,-0.10197976063567817,0.16443889694742306,-0.10206470721280948,0.16466247879078175
0.0,18.26,-0.8294372379292958,-0.5228822655410187,-0.8295167795690974,-0.5226674153041875,-0.10320822194915659,0.16727691694223637,-0.10329169889154777,0.16750032117162236
0.0,18.28,-0.8301056240484738,-0.5206602788138518,-0.8301837383362719,-0.5204456341558464,-0.1044215816417927,0.17011542800086782,-0.1045036075106001,0.1703385993978107
0.0,18.3,-0.8307584917223191,-0.5184373528413952,-0.8308351843425383,-0.5182229228603528,-0.10561983632736376,0.17295425194940345,-0.10570038604040469,0.17317719619480557
0.0,18.32,-0.8313958903824945,-0.516213590472291,-0.8314710808484673,-0.5159995316915773,-0.10680302528601963,0.17579327899630148,-0.10688214956039897,0.1760159911292188
0.0,18.34,-0.8320177823791608,-0.5139892403170256,-0.8320915679401594,-0.5137754172668944,-0.10797121161215342,0.1786323678956527,-0.1080488792496375,0.1788548456145891
0.0,18.36,-0.8326243109622764,-0.511764260108014,-0.8326966091596757,-0.5115508275676063,-0.10912441832834074,0.18147137768658272,-0.10920066305948932,0.18169358596132462
0.0,18.38,-0.8332154397041875,-0.5095388967444926,-0.8332863490463805,-0.5093257200362583,-0.11026268049852735,0.18431018648737915,-0.11033747607283105,0.18453213302001484
0.0,18.4,-0.8337912248788943,-0.5073132525133388,-0.8338606628785374,-0.5071004858761619,-0.1113859981229479,0.18714868717002467,-0.11145938505991175,0.18737034617958892
0.0,18.42,-0.8343516324052845,-0.5050875728799981,-0.8344197850647832,-0.5048749356279466,-0.112494510159156,0.18998670811364263,-0.11256646702651359,0.19020809733351834
0.0,18.44,-0.8348968097963804,-0.5028618139007036,-0.8349635079708362,-0.5026496064188757,-0.11358814014866861,0.1928241608686924,-0.11365873467986169,0.19304522172115332
0.0,18.46,-0.8354268143740545,-0.5006360751863939,-0.8354921542858598,-0.500424161454275,-0.11466702794483552,0.19566086764200588,-0.11473619656831625,0.1958816243533384
0.0,18.48,-0.8359416171200589,-0.4984106015484005,-0.8360055200132975,-0.4981991370124039,-0.11573114924835884,0.19849675417006987,-0.11579893171125284,0.19871717536756403
0.0,18.5,-0.8364411912087831,-0.4961856374446931,-0.8365037527098981,-0.49597448573880815,-0.11678061796603326,0.20133166844374478,-0.11684698749680492,0.2015517668575137
0.0,18.52,-0.8369257725611502,-0.4939609898744721,-0.8369869137949483,-0.4937503058548906,-0.11781541804559081,0.20416547143646618,-0.11788038423827003,0.20438524362533064
0.0,18.54,-0.8373952493902501,-0.49173704790100753,-0.8374550653078091,-0.4915266948476587,-0.11883560632570656,0.2069980701833189,-0.11889921713585001,0.20721749587332305
0.0,18.56,-0.8378497718611687,-0.4895137629410737,-0.8379081844982347,-0.4893038957094913,-0.11984123731470449,0.20982936760061618,-0.11990351672122321,0.2100483815434844
0.0,18.58,-0.8382893171627985,-0.4872913768350178,-0.8383464207908865,-0.4870818583607084,-0.1208323942472433,0.2126591442083351,-0.12089328555974631,0.21287779482235833
0.0,18.6,-0.8387139512158496,-0.4850699857212396,-0.8387697543661689,-0.48486082501213845,-0.12180907745249525,0.21548737488964295,-0.12186863596779011,0.21570565179768375
0.0,18.62,-0.8391237385908042,-0.48284968385573374,-0.8391781656038697,-0.4826410362933688,-0.12277140179802563,0.2183138903698356,-0.12282958182717013,0.21853177912370816
0.0,18.64,-0.8395187473257234,-0.4806305664021298,-0.8395718904812977,-0.48042229386376584,-0.12371936239210034,0.2211385699350393,-0.12377620956940995,0.2213560408118777
0.0,18.66,-0.839899044088031,-0.4784127266372616,-0.8399508285887634,-0.47820498445941606,-0.12465302527142313,0.22396133149452632,-0.12470854922082426,0.22417837901999818
0.0,18.68,-0.8402646139501215,-0.47619640427325427,-0.8403150483462719,-0.47598920069008677,-0.12557247233382365,0.22678202840418332,-0.1256266843106713,0.22699865003234398
0.0,18.7,-0.840615524861525,-0.47398169068185725,-0.8406647023677629,-0.4737748882032874,-0.12647775094586247,0.22960054125967327,-0.12653062365782702,0.22981675947449795
0.0,18.72,-0.8409518491705987,-0.4717686786318233,-0.8409997766760855,-0.4715622846380752,-0.12736888540066918,0.23241680425086145,-0.12742049871767708,0.2326325514879113
0.0,18.74,-0.8412737378267694,-0.4695573110816418,-0.8413203432102376,-0.4693514813278164,-0.1282459941604023,0.23523063554201146,-0.12829626779506204,0.23544593482086476
0.0,18.76,-0.8415810989466923,-0.4673479722615699,-0.8416264724804268,-0.46714256772108487,-0.12910904925738528,0.2380419704556616,-0.1291580971532589,0.23825681240264782
0.0,18.78,-0.8418740868089272,-0.46514060467575724,-0.8419182374314909,-0.4649356335468646,-0.12995820256567425,0.2408506833855848,-0.13000597230559868,0.2410650464793
0.0,18.8,-0.8421527738411582,-0.4629352968005735,-0.8421956287958431,-0.46273091364783586,-0.13079351011443982,0.24365666603018044,-0.13083996370863615,0.24387055829056492
0.0,18.82,-0.8424171525362499,-0.4607322833392187,-0.842458721636585,-0.46052849628149617,-0.13161496902712055,0.246459802990907,-0.13166016934392796,0.24667321728210315
0.0,18.84,-0.842667298390492,-0.45853165182054934,-0.842707670505758,-0.4583283212687765,-0.1324226901906227,0.24925998631027113,-0.13246662892715247,0.24947288371527415
0.0,18.86,-0.8429033650610273,-0.45633334077873616,-0.8429424696557772,-0.45613062168981905,-0.13321672542695628,0.2520570986576362,-0.13325942574631772,0.25226949936518606
0.0,18.88,-0.8431252692716592,-0.4541377302880727,-0.8431631955157443,-0.45393548333649375,-0.13399715470303722,0.2548510757229463,-0.1340386256534664,0.2550629735516281
0.0,18.9,-0.8433332457930406,-0.45194461061908126,-0.8433699230078162,-0.45174299012980607,-0.13476402432507473,0.2576417894354693,-0.13480426044546326,0.2578531504922511
0.0,18.92,-0.8435272137430695,-0.44975436034651006,-0.843562651928825,-0.4495533739619757,-0.13551739223436204,0.2604291333404011,-0.13555640440342343,0.2606399547699227
0.0,18.94,-0.8437073290867011,-0.4475669152001225,-0.8437415372640537,-0.447366569942043,-0.13625735808953318,0.26321296875169603,-0.13629517388960724,0.263423280006478
0.0,18.96,-0.8438735921693422,-0.44538250503753724,-0.84390665808978,-0.445182661064873,-0.1369839731366044,0.26599328633655217,-0.13702057400426085,0.26620302794394923
0.0,18.98,-0.844026081636315,-0.44320121117028327,-0.8440580136438381,-0.44300187526933066,-0.13769731267570665,0.268769898060622,-0.13773272808458029,0.26897910346982984
0.0,19.0,-0.8441649544594392,-0.4410229672467792,-0.8441956839496796,-0.4408242934537702,-0.1383974639768794,0.27154275071927064,-0.13843169269169125,0.27175139379719027
0.0,19.02,-0.8442902123054195,-0.43884800018949877,-0.8443198259608431,-0.4386498483089621,-0.13908442883325842,0.274311742055765,-0.13911753416428457,0.27451980501626183
0.0,19.04,-0.8444019349365166,-0.4366763888013128,-0.8444303669365633,-0.43647891374552256,-0.13975837759663634,0.27707674677959027,-0.139790263974395,0.2772842547533236
0.0,19.06,-0.8445002053835524,-0.434508212550311,-0.8445274629775799,-0.4343114197849008,-0.140419331270411,0.27983769919319634,-0.14045006362653709,0.28004463776060123
0.0,19.08,-0.8445850267004485,-0.43234369495875047,-0.8446111965038839,-0.432147444456266,-0.14106735102877638,0.28259449502637035,-0.141096930977433,0.28280084347558265
0.0,19.1,-0.8446565578328948,-0.43018276592460286,-0.8446816473498232,-0.42998706344953164,-0.14170251803810846,0.2853470700121294,-0.14173100089982243,0.28555279053136656
0.0,19.12,-0.8447148798900388,-0.4280255008825842,-0.844738824890415,-0.4278305010359909,-0.1423249412437221,0.288095290068797,-0.14235229200331725,0.288300412020831
0.0,19.14,-0.8447600019099897,-0.4258721228534782,-0.8447828850151295,-0.4256776838099787,-0.14293469362123878,0.29083907146480553,-0.14296086832098848,0.2910436094946255
0.0,19.16,-0.8447920797240404,-0.42372255767697387,-0.8448138355440883,-0.42352883289181903,-0.1435317948759512,0.2935783515550876,-0.14355690582293576,0.2937822534547214
0.0,19.18,-0.8448111227417348,-0.421577026210006,-0.8448317615779252,-0.4213840221027825,-0.14411636718087104,0.296313019839694,-0.14414037330074136,0.2965163062580332
0.0,19.2,-0.8448172143842237,-0.41943560054250417,-0.8448367475233898,-0.41924332391835095,-0.1446884864352473,0.2990429990833753,-0.1447113408225964,0.29924568196988327
0.0,19.22,-0.8448104402879466,-0.41729835288284944,-0.8448289479371512,-0.41710666107098393,-0.14524816797517284,0.30176822131047215,-0.14526998758972962,0.3019702517893739
0.0,19.24,-0.8447908844045456,-0.41516535362274504,-0.8448083037299481,-0.4149744002158407,-0.14579559314156665,0.30448856025565074,-0.14581633220557483,0.30468995260466875
0.0,19.26,-0.8447586319092455,-0.41303667278982537,-0.8447750443415154,-0.4128463159159983,-0.14633078449427486,0.3072039622230551,-0.1463504516109584,0.3074047100482613
0.0,19.28,-0.8447136945559779,-0.41091252604806106,-0.8447291097440546,-0.41072277167981924,-0.14685381309193934,0.3099143407279364,-0.14687241906534632,0.31011444233517493
0.0,19.3,-0.8446563027718647,-0.40879268734555774,-0.844670657049125,-0.4086036878425347,-0.14736475618018696,0.31261962250736364,-0.1473823652315217,0.3128190481076338
0.0,19.32,-0.8445863974169124,-0.40667751808859687,-0.8445997011905094,-0.40648927923026323,-0.14786374359762544,0.3153197036559617,-0.14788030834123853,0.3155184686824624
0.0,19.34,-0.8445040666544789,-0.40456708536812186,-0.8445163999427564,-0.4043794649767486,-0.14835079677319726,0.3180145335117982,-0.14836632777185002,0.3182126360378822
0.0,19.36,-0.8444094671455087,-0.40246130710767514,-0.844420768417018,-0.40227445772446374,-0.14882604600787885,0.3207040075341865,-0.1488405526100172,0.320901443062876
0.0,19.38,-0.8443026135508049,-0.40036039471975665,-0.8443129621007244,-0.400174174030315,-0.14928957250046962,0.32338805899698186,-0.14930306277338395,0.32358482034556785
0.0,19.4,-0.8441836641180621,-0.3982642654162817,-0.8441929991599599,-0.3980788257590224,-0.1497413955496274,0.32606663695670013,-0.1497538779376774,0.3262627178832947
0.0,19.42,-0.8440526346010079,-0.39617312890536643,-0.8440609665657078,-0.3959884756110369,-0.1501816507331616,0.3287396460740469,-0.15019313584643432,0.32893504506275045
0.0,19.44,-0.8439095443226687,-0.3940871948895968,-0.8439170192294659,-0.3939030377070851,-0.15061035787867513,0.3314070394617591,-0.15062091110780523,0.33160172210416056
0.0,19.46,-0.8437546184958322,-0.39200622988062755,-0.8437611075502802,-0.3918228681482517,-0.15102771121723546,0.33406869478169987,-0.15103728658078433,0.33426268771129625
0.0,19.48,-0.8435878744375646,-0.3899304410327506,-0.8435934551276014,-0.38974773213743696,-0.1514337335842207,0.3367245715009852,-0.15144233937759144,0.3369178684103715
0.0,19.5,-0.8434094006907051,-0.3878598882599515,-0.8434140150658785,-0.3876779844507598,-0.15182844701488662,0.3393746322227487,-0.15183609185075012,0.33956722765032316
0.0,19.52,-0.8432192859263624,-0.38579463064131836,-0.8432229415078372,-0.3856135354794479,-0.15221204643819478,0.3420187509081048,-0.1522187410913517,0.34221064416655045
0.0,19.54,-0.8430176150530215,-0.3837347246566085,-0.8430203901863177,-0.38355429626551274,-0.1525845560089305,0.3446568947704331,-0.15259030805406798,0.3448480781677392
0.0,19.56,-0.8428044123002384,-0.38168037572773983,-0.8428062472324704,-0.3815007646827556,-0.15294605753804766,0.3472890026952517,-0.1529509355096142,0.34747944259317237
0.0,19.58,-0.8425798301247956,-0.3796314915360803,-0.8425808024787458,-0.37945255586257864,-0.15329669087851613,0.3499149804813867,-0.15330058523979,0.35010473213081417
0.0,19.6,-0.842343957627332,-0.3775881278854629,-0.8423440092999654,-0.3774100183655968,-0.15363641523606147,0.352534819422323,-0.15363945666983841,0.3527238239793223
0.0,19.62,-0.8420968174792618,-0.37555048630026194,-0.8420960224935297,-0.3753730595697422,-0.15396549809394547,0.3551483821050831,-0.15396763435799435,0.35533666173706235
0.0,19.64,-0.8418385632630545,-0.3735184730291437,-0.8418369293816359,-0.37334173271268634,-0.1542838361155698,0.35775568884229675,-0.15428513872953262,0.3579432127755849
0.0,19.66,-0.8415692823752319,-0.3714921405828757,-0.841566754488974,-0.3713162379727234,-0.15459163497181816,0.36035662628402587,-0.15459205308482155,0.36054342243676013
0.0,19.68,-0.8412889333067339,-0.36947183434472103,-0.8412855853601363,-0.36929662641333016,-0.1548889789360116,0.36295113921626987,-0.15488852042747636,0.36313720110221925
0.0,19.7,-0.8409977990530985,-0.3674571650157837,-0.8409935756301498,-0.3672828023713076,-0.1551758882621416,0.3655391996941276,-0.1551745612304127,0.36572452147506146
0.0,19.72,-0.8406957757412188,-0.3654486234859031,-0.8406907481320869,-0.3652749622036901,-0.15545250778077357,0.36812072138713203,-0.15545032418122048,0.3683053063494734
0.0,19.74,-0.840383078002083,-0.3634459645810659,-0.8403771924766192,-0.3632731554381905,-0.15571885965998142,0.3706956844676879,-0.15571582629479586,0.3708795239138995
0.0,19.76,-0.8400597313497632,-0.3614493838977453,-0.8400530603871964,-0.36127728376998847,-0.1559750886667827,0.3732640015803614,-0.15597128136391328,0.3734470687406532
0.0,19.78,-0.8397258872205623,-0.3594587824803283,-0.8397183748686157,-0.3592875406306969,-0.1562212823130591,0.37582562877065356,-0.15621664362743734,0.37600794335283216
0.0,19.8,-0.8393815085044223,-0.35747450032887046,-0.8393732265583581,-0.35730397360399807,-0.1564575220039122,0.37838050823105457,-0.1564519969638864,0.3785620993363818
0.0,19.82,-0.8390268080818439,-0.35549629001827215,-0.8390177652132077,-0.35532648181198795,-0.1566838290440513,0.3809286256381691,-0.15667755747536685,0.38110943240368816
0.0,19.84,-0.838661810967665,-0.3535243429770325,-0.8386519541958487,-0.3533554029821976,-0.15690035051901033,0.3834698976034778,-0.15689327787786614,0.38364995046421313
0.0,19.86,-0.8382866068363356,-0.35155870411941853,-0.8382760049272011,-0.3513904883374123,-0.1571071723439359,0.38600427951330507,-0.15709930675030762,0.3861835734299815
0.0,19.88,-0.8379012824496588,-0.34959941637395375,-0.8378899440737253,-0.34943192798955475,-0.1573043793728774,0.3885317250126132,-0.15729572913632245,0.38871025549169624
0.0,19.9,-0.8375059264774611,-0.3476465227222505,-0.8374938593293486,-0.34747976444925116,-0.1574920571261357,0.3910521902372777,-0.15748263255376554,0.3912299578344131
0.0,19.92,-0.8371006859671674,-0.3456999184866808,-0.8370878393220587,-0.34553403987274356,-0.15767022121237065,0.3935656566765547,-0.15766010148709797,0.3937426350575609
0.0,19.94,-0.8366855285119869,-0.3437599374186588,-0.8366719697516599,-0.3435947944722503,-0.15783909520545034,0.39607202997745433,-0.15782821729597912,0.39624823475940935
0.0,19.96,-0.8362606023841235,-0.3418264736741343,-0.8362462795355459,-0.34166221486593545,-0.1579986229178407,0.39857131420531483,-0.1579870690419217,0.39874672466749084
0.0,19.98,-0.8358259941683129,-0.3398995664491352,-0.8358109758070223,-0.3397360485978493,-0.15814903231803917,0.40106342334684086,-0.15813667068435752,0.40123808835075614
0.0,20.0,-0.8353817913570574,-0.3379792546006558,-0.8353660851137052,-0.33781648009435883,-0.15829026615989325,0.40354836507772923,-0.158277246138953,0.4037222282292626
20.0,0.0,4.6397362250779313e-07,-5.217126043165609e-06,1.738504294415638e-08,-3.2542491700763545e-06,0.9999982490873169,-9.676426675559754e-06,0.999999365188233,-6.613813140556631e-07
20.0,0.02,1.7475598930212415e-07,-0.000975429179202048,-7.541542873207689e-08,-0.0008838179108259892,0.999998120567453,-0.00020638366462967685,0.9999990815207607,-0.00010992968930425313
20.0,0.04,-4.752503179355031e-07,-0.001945683236044293,-3.40526959357548e-07,-0.0017644020021116782,0.9999970020022433,-0.00040316428531166613,0.9999980060831887,-0.00021920431601221536
20.0,0.06,-1.4863447701455855e-06,-0.0029159827034819148,-7.780505264645105e-07,-0.0026450106875853326,0.9999948932924537,-0.0006000217966318185,0.9999961389170391,-0.00032849007670082513
20.0,0.08,-2.8588008045028725e-06,-0.0038863309612155567,-1.3880263025872255e-06,-0.0035256481306276404,0.9999917943202637,-0.0007969596951359895,0.9999934800436681,-0.0004377917932269321
20.0,0.1,-4.592791020996471e-06,-0.004856732185001813,-2.170713899947809e-06,-0.004406318108694251,0.9999877049482292,-0.0009939814767699797,0.9999900294639069,-0.0005471142698708457
20.0,0.12,-6.688746765020187e-06,-0.0058271897996673636,-3.126126197848694e-06,-0.005287024514091193,0.9999826250196769,-0.0011910906891823877,0.9999857871580935,-0.0006564623281925863
20.0,0.14,-9.146976548874568e-06,-0.006797707242160049,-4.254462470188557e-06,-0.00616777250587303,0.9999765543592113,-0.001388290861855888,0.9999807530874705,-0.0007658407720765091
20.0,0.16,-1.1967849589171288e-05,-0.007768287400117938,-5.5559836021718954e-06,-0.007048565097942819,0.9999694927706004,-0.001585585540953747,0.9999749271904649,-0.0008752544400376787
20.0,0.18,-1.5151517572263832e-05,-0.008738935767865127,-7.030845741679664e-06,-0.007929407354591357,0.9999614400377423,-0.0017829782543572778,0.9999683093878017,-0.000984708135363382
20.0,0.2,-1.8698668952708402e-05,-0.009709653785921396,-8.679173820690105e-06,-0.0088103018748742,0.999952395927788,-0.0019804726861405407,0.9999608995768434,-0.0010942066609645825
20.0,0.22,-2.2609577105208666e-05,-0.010680446942247313,-1.0501327868222955e-05,-0.009691254419612981,0.9999423601862943,-0.0021780721878318973,0.999952697638434,-0.001203754871689922
20.0,0.24,-2.688465066570049e-05,-0.011651319025247154,-1.2497606376629712e-05,-0.010572268800514064,0.9999313325368774,-0.002375780546265886,0.9999437034300995,-0.0013133575695524792
20.0,0.26,-3.15245815099329e-05,-0.012622270862571235,-1.4668171168556418e-05,-0.011453348982755381,0.9999193126881086,-0.0025736013726989503,0.9999339167894552,-0.0014230195560414832
20.0,0.28,-3.652939885221116e-05,-0.013593308767018288,-1.701339996266828e-05,-0.012334498226316003,0.9999063003239932,-0.0027715382772562497,0.9999233375353022,-0.0015327456669780846
20.0,0.3,-4.189971915188648e-05,-0.014564435375211083,-1.953350507259948e-05,-0.013215721426841324,0.9998922951125463,-0.002969594694378449,0.9999119654642412,-0.001642540720103128
20.0,0.32,-4.763630596009507e-05,-0.015535656434651015,-2.2228946155502512e-05,-0.014097023056950991,0.999877296697401,-0.00316777440629235,0.999899800352921,-0.0017524095499338263
20.0,0.34,-5.3739381333997746e-05,-0.016506971389242134,-2.5099981657107057e-05,-0.01497840572286782,0.9998613047118855,-0.003366081019439199,0.9998868419591489,-0.0018623570251659447
20.0,0.36,-6.02096358474538e-05,-0.01747838788911436,-2.8147153566920363e-05,-0.015859875217641917,0.9998443187434195,-0.0035645183133266754,0.9998730900155809,-0.001972387734488685
20.0,0.38,-6.704794555190882e-05,-0.018449907039721207,-3.137047947503052e-05,-0.016741435252199083,0.9998263383979662,-0.0037630898916624286,0.9998585442407957,-0.0020825068242170904
20.0,0.4,-7.425404984610172e-05,-0.019421533839749757,-3.477053667834569e-05,-0.01762309184851937,0.9998073632242315,-0.003961799182046836,0.9998432043321475,-0.0021927189162498626
20.0,0.42,-8.18293971295979e-05,-0.020393271625574232,-3.834795096085923e-05,-0.018504843540459923,0.9997873927792739,-0.0041606503086603725,0.9998270699709519,-0.002303028980586998
20.0,0.44,-8.977421895704088e-05,-0.021365123918338485,-4.2103098470574495e-05,-0.019386701605778083,0.9997664265886148,-0.004359646521533978,0.9998101407928982,-0.002413441637179741
20.0,0.46,-9.808953752953908e-05,-0.022337096098107707,-4.603633035084001e-05,-0.02026866430191883,0.9997444641391527,-0.004558791941449109,0.9997924164440335,-0.002523961854027272
20.0,0.48,-0.00010677528105019496,-0.023309190617143677,-5.014801680598323e-05,-0.021150738182448132,0.9997215049194687,-0.004758090164056883,0.9997738965359055,-0.002634594423510862
20.0,0.5,-0.00011583299568128682,-0.024281407550221363,-5.443891198197696e-05,-0.022032928461848896,0.9996975484071073,-0.004957544608799177,0.9997545806682001,-0.0027453441369039333
20.0,0.52,-0.00012526272103839623,-0.025253757600165697,-5.8909433585985313e-05,-0.022915240252865766,0.999672594018214,-0.005157159391020698,0.9997344684052217,-0.002856215958746842
20.0,0.54,-0.0001350657387058189,-0.0262262375576025,-6.355998755966538e-05,-0.023797673457079338,0.9996466411930155,-0.0053569382753871535,0.9997135592998526,-0.002967214677872215
20.0,0.56,-0.00014524210932855518,-0.027198857268291535,-6.83914288568387e-05,-0.024680234539166797,0.9996196893271133,-0.005556884675526419,0.9996918528931104,-0.003078345081855469
20.0,0.58,-0.00015579324960480575,-0.028171615946758433,-7.340422710874645e-05,-0.025562928747566577,0.9995917377888252,-0.005757002700892276,0.9996693486796193,-0.0031896119568584013
20.0,0.6,-0.00016671974972732117,-0.029144522500035165,-7.859884653565075e-05,-0.026445758756295422,0.9995627859372748,-0.005957295935474389,0.9996460461645811,-0.0033010202622248182
20.0,0.62,-0.0001780226532030401,-0.030117572413987225,-8.397575133066262e-05,-0.02732872683628311,0.9995328331175434,-0.006157768310076893,0.9996219448194248,-0.0034125746068679468
20.0,0.64,-0.00018970207521426408,-0.031090776298768746,-8.953592463349292e-05,-0.028211843292954154,0.999501878640635,-0.0063584235787283935,0.9995970440789281,-0.003524280121566162
20.0,0.66,-0.00020175969997043318,-0.03206413677673402,-9.527987307183142e-05,-0.029095107844405794,0.9994699217940177,-0.006559265493147492,0.9995713433786229,-0.0036361415866727033
20.0,0.68,-0.00021419561477024535,-0.03303765567668855,-0.00010120863436741798,-0.02997852252324373,0.9994369618416272,-0.006760297802677665,0.9995448421313168,-0.0037481636064860854
20.0,0.7,-0.00022701164732937654,-0.03401133870046674,-0.00010732225623917406,-0.03086209644324331,0.9994029980559567,-0.00696152460331994,0.9995175397251702,-0.003860351132566902
20.0,0.72,-0.00024020791050238048,-0.03498518812124301,-0.00011362125987241523,-0.03174583234811153,0.999368029643415,-0.007162949464950931,0.9994894355126869,-0.003972709289147326
20.0,0.74,-0.0002537857286106232,-0.035959209355930395,-0.00012010731726696108,-0.03262973583769716,0.9993320558291938,-0.007364576478478069,0.9994605288602083,-0.004085242501038884
20.0,0.76,-0.0002677464717113309,-0.03693340413869102,-0.000126781029242399,-0.03351380531652971,0.999295075772621,-0.007566409208569186,0.9994308190734016,-0.004197955888877975
20.0,0.78,-0.0002820902825389766,-0.03790777774237726,-0.00013364243746383936,-0.034398049908206496,0.9992570886617486,-0.007768451915264083,0.9994003054704218,-0.004310854222677295
20.0,0.8,-0.0002968178871469851,-0.038882331293037,-0.00014069274403523212,-0.03528247538051122,0.9992180936317379,-0.007970708157926762,0.9993689873337647,-0.004423942444908088
20.0,0.82,-0.0003119321537555566,-0.03985707281268593,-0.00014793319162795406,-0.03616708168928351,0.999178089791528,-0.00817318184189811,0.9993368639125442,-0.00453722514716019
20.0,0.84,-0.00032743182812101457,-0.040832003218257105,-0.00015536381464360032,-0.03705187430281984,0.9991370762364509,-0.008375877044074146,0.9993039344761594,-0.004650707442462474
20.0,0.86,-0.00034331984708294044,-0.04180712536917845,-0.00016298592191075389,-0.03793686088453549,0.9990950520525477,-0.008578797489688145,0.999270198214605,-0.004764394092646541
20.0,0.88,-0.0003595964401997945,-0.0427824507957508,-0.00017080016756491797,-0.03882203947874877,0.9990520162762886,-0.00878194724949418,0.9992356543520194,-0.004878289857677894
20.0,0.9,-0.0003762631499969339,-0.04375797291329927,-0.00017880794226951994,-0.03970741790599853,0.999007967956439,-0.008985330217038321,0.9992003020529007,-0.0049923998439612175
20.0,0.92,-0.00039332014476318203,-0.04473369923834313,-0.00018700926348485982,-0.040592999307227706,0.9989629060951248,-0.009188950282485942,0.9991641404723839,-0.005106728632503016
20.0,0.94,-0.0004107699143456951,-0.04570963616884822,-0.00019540627615072487,-0.04147879018545845,0.9989168296577046,-0.009392811506981846,0.9991271687625736,-0.0052212813253011145
20.0,0.96,-0.0004286125813976449,-0.04668578310999361,-0.00020399828714511218,-0.04236479557118137,0.9988697376236225,-0.009596917599963756,0.999089386030885,-0.005336062673089849
20.0,0.98,-0.0004468491157210701,-0.047662148365770166,-0.00021278746981386265,-0.04325101403274909,0.9988216289322115,-0.00980127279039594,0.999050791372854,-0.005451077424259228
20.0,1.0,-0.00046548213264615586,-0.048638734042232734,-0.00022177539494989127,-0.04413745296054713,0.9987725024908978,-0.010005880954968268,0.9990113838701893,-0.005566330673527181
20.0,1.02,-0.00048451265539351776,-0.04961554239658181,-0.00023096134397906608,-0.045024120289430265,0.9987223571605031,-0.010210745966601634,0.998971162559043,-0.005681827338564428
20.0,1.04,-0.0005039409033059663,-0.05059258341444199,-0.00024034763921227016,-0.04591101549609539,0.9986711919029082,-0.010415871870215018,0.9989301264771284,-0.005797571985879508
20.0,1.06,-0.000523768642457737,-0.05156984801694532,-0.0002499343238127114,-0.04679814690702134,0.9986190054952743,-0.010621262705391557,0.9988882746357577,-0.0059135697024064295
20.0,1.08,-0.0005439970946118722,-0.052547357194903443,-0.00025972382567235634,-0.04768551291218199,0.9985657968271082,-0.010826922683665223,0.9988456060247998,-0.006029825223681414
20.0,1.1,-0.0005646280961835589,-0.05352510003003399,-0.00026971535282990436,-0.048573120482758095,0.99851156456288,-0.01103285548764086,0.9988021196315909,-0.006146343631296978
20.0,1.12,-0.0005856619080599726,-0.05450309044971836,-0.0002799123145786686,-0.04946097754592272,0.9984563075926234,-0.011239065147345162,0.9987578143301118,-0.006263129654796392
20.0,1.14,-0.0006071014168282856,-0.05548132201824467,-0.0002903138743157818,-0.05034908478564881,0.9984000245717322,-0.011445556035050411,0.9987126891883212,-0.00638018819654748
20.0,1.16,-0.0006289479012962988,-0.05645980905138042,-0.0003009217639326554,-0.051237444399292675,0.9983427143926202,-0.011652331824792535,0.9986667429172537,-0.006497524153883301
20.0,1.18,-0.0006512015037605332,-0.05743855300703432,-0.0003117378116752952,-0.05212606409110226,0.9982843755941594,-0.011859396879801996,0.9986199744562912,-0.006615142597024354
20.0,1.2,-0.0006738643066307805,-0.05841755250906401,-0.0003227629733035084,-0.05301494942811348,0.9982250070653496,-0.012066755040667504,0.9985723828627381,-0.006733048071217339
20.0,1.22,-0.0006969375239419729,-0.05939681475195175,-0.0003339981812582498,-0.053904101744089584,0.9981646072306207,-0.012274410486970904,0.9985239667301241,-0.006851245638591805
20.0,1.24,-0.0007204233516165604,-0.06037634036456134,-0.0003454444085482642,-0.054793528633919994,0.9981031748605228,-0.01248236722410869,0.9984747248813727,-0.006969740359731224
20.0,1.26,-0.0007443231330744437,-0.061356142256093246,-0.0003571035545591363,-0.05568322999908405,0.9980407084928528,-0.012690629424731254,0.9984246562562665,-0.007088536944430367
20.0,1.28,-0.0007686380112753283,-0.06233621619148614,-0.0003689756271486944,-0.056573208915251645,0.9979772067817367,-0.012899201084494064,0.9983737595630189,-0.007207640272063782
20.0,1.3,-0.0007933703446324227,-0.06331656694648885,-0.00038106363974417827,-0.05746347703981568,0.9979126681485325,-0.013108086365992698,0.9983220336230323,-0.007327055393890226
20.0,1.32,-0.0008185203311326574,-0.06429720018862196,-0.0003933675978520811,-0.05835403380863214,0.9978470913607788,-0.01331728925776718,0.9982694769149361,-0.007446787006907792
20.0,1.34,-0.0008440903779622394,-0.06527812107865821,-0.0004058905881622478,-0.05924488461417239,0.9977804748335778,-0.013526814261908176,0.9982160884889901,-0.007566840157548284
20.0,1.36,-0.0008700829414389803,-0.06625933293153591,-0.00041863166303636283,-0.06013604012716169,0.9977128169929395,-0.013736665005142942,0.9981618668202231,-0.007687219884609201
20.0,1.38,-0.0008964982628334091,-0.06724084360438845,-0.0004315938493929278,-0.06102748739301634,0.997644116252356,-0.013946845980296744,0.9981068105007745,-0.007807930875848272
20.0,1.4,-0.0009233398249260965,-0.06822264101962545,-0.0004447773226098052,-0.06191925122705818,0.9975743712613541,-0.014157361156324988,0.9980509183494382,-0.007928978165785956
20.0,1.42,-0.0009506068651316109,-0.06920474649615309,-0.0004581841609578504,-0.06281132365514572,0.997503580319216,-0.014368214840900343,0.9979941889560019,-0.008050366609444925
20.0,1.44,-0.0009783030973055352,-0.070187159449428,-0.00047181661476384314,-0.06370371190993736,0.9974317417294147,-0.014579410988569604,0.9979366207948785,-0.008172101057326141
20.0,1.46,-0.0010064298908365789,-0.07116987948743822,-0.00048567469406571344,-0.06459641636126956,0.9973588540193071,-0.014790953900519618,0.9978782125668921,-0.0082941867064814
20.0,1.48,-0.0010349887242268637,-0.07215291378784713,-0.0004997606859185343,-0.06548944423399841,0.9972849153708354,-0.015002847867886469,0.9978189627468237,-0.00841662822586594
20.0,1.5,-0.001063982341747979,-0.07313626831416715,-0.0005140758359216208,-0.06638280931961937,0.9972099242026617,-0.015215096657955288,0.9977588699194652,-0.008539430804104567
20.0,1.52,-0.0010934108176863652,-0.07411993841429354,-0.0005286223764456874,-0.06727650065389719,0.9971338788047,-0.015427704901481482,0.9976979325585993,-0.00866259910257512
20.0,1.54,-0.0011232771118913226,-0.07510394183342099,-0.0005434004400987419,-0.06817053509154747,0.9970567773590707,-0.015640676700028465,0.9976361491345408,-0.008786138127061874
20.0,1.56,-0.0011535824950770362,-0.07608826696422698,-0.0005584135062433982,-0.06906490280136551,0.9969786182767464,-0.01585401615348289,0.9975735180021752,-0.008910052878354885
20.0,1.58,-0.0011843300369123449,-0.07707293226732356,-0.0005736618024099155,-0.06995962934650056,0.9968993995060249,-0.016067727523139095,0.9975100378603583,-0.009034348356289128
20.0,1.6,-0.001215519816416559,-0.0780579337153331,-0.0005891463728277932,-0.07085469577327452,0.9968191194563139,-0.0162818148981233,0.9974457069495523,-0.00915902937844102
20.0,1.62,-0.001247156165841024,-0.07904327898410907,-0.0006048711200703392,-0.07175012600605328,0.9967377761862214,-0.016496282704497472,0.9973805236229725,-0.009284100933344011
20.0,1.64,-0.0012792405175779487,-0.08002896006886973,-0.0006208346827535828,-0.07264590547499135,0.996655367756305,-0.016711135188615143,0.9973144863480775,-0.009409568006389328
20.0,1.66,-0.0013117733598537456,-0.08101499834701814,-0.0006370423602941045,-0.07354206272989242,0.9965718924587296,-0.01692637642103282,0.9972475934785637,-0.009535435403599487
20.0,1.68,-0.0013447575666386594,-0.08200138914111346,-0.0006534927287389153,-0.07443857746770688,0.9964873483494855,-0.017142010810640287,0.9971798432477614,-0.009661708447727098
20.0,1.7,-0.0013781947967920743,-0.08298813786490265,-0.0006701885576075634,-0.07533547236171648,0.9964017333719134,-0.01735804258449166,0.997111234009888,-0.009788391762005402
20.0,1.72,-0.0014120880267341537,-0.08397524076785634,-0.000687132385996931,-0.07623273628472688,0.9963150454563124,-0.017574476659169416,0.9970417640004829,-0.009915490312225777
20.0,1.74,-0.0014464393101683633,-0.08496272309421779,-0.000704325701676374,-0.07713038400947922,0.9962272829129531,-0.017791315864573536,0.9969714314510004,-0.010043009407649421
20.0,1.76,-0.0014812498796834821,-0.08595056114981958,-0.0007217685562216633,-0.07802842141598708,0.9961384435591153,-0.018008564929404156,0.9969002347140026,-0.01017095365805055
20.0,1.78,-0.0015165233012769915,-0.08693877906636086,-0.0007394650679177194,-0.07892685359592821,0.9960485253319348,-0.01822622823028481,0.9968281717919178,-0.010299328187098965
20.0,1.8,-0.0015522596193207438,-0.08792737027671964,-0.0007574165992878366,-0.07982567530356978,0.9959575260207767,-0.018444311873663837,0.9967552411473929,-0.010428137944435485
20.0,1.82,-0.0015884637866830657,-0.0889163463922195,-0.0007756246707704466,-0.08072489787085585,0.9958654438542862,-0.018662816750966725,0.9966814406686625,-0.010557387868993478
20.0,1.84,-0.0016251361658747342,-0.08990571732804355,-0.0007940907022987804,-0.08162452162164167,0.9957722763581303,-0.018881750689595855,0.9966067685857977,-0.01068708307235776
20.0,1.86,-0.0016622796175312497,-0.09089545929729706,-0.0008128161845006688,-0.08252455392306925,0.9956780216460114,-0.019101114566491193,0.9965312231319313,-0.01081722831335038
20.0,1.88,-0.001699896547219025,-0.0918856079116565,-0.0008318055001009967,-0.08342499963337009,0.995582677240375,-0.01932091619502539,0.9964548021897595,-0.010947828863899058
20.0,1.9,-0.0017379885571146782,-0.09287615416203351,-0.0008510588143983227,-0.08432587044107705,0.9954862412546798,-0.019541156439495916,0.9963775038745541,-0.011078889645430981
20.0,1.92,-0.0017765590071493888,-0.09386709565314658,-0.0008705774936892368,-0.08522715544805082,0.9953887112426424,-0.01976184136170254,0.9962993263009754,-0.01121041557429544
20.0,1.94,-0.0018156083523310589,-0.09485844769437289,-0.00089036466727089,-0.08612886926289053,0.9952900849848432,-0.019982977020310544,0.996220267353676,-0.01134241155909811
20.0,1.96,-0.001855141724897623,-0.09585021068546122,-0.0009104233951868236,-0.08703101304296605,0.9951903601360957,-0.020204564250914367,0.9961403251421186,-0.01147488285349725
20.0,1.98,-0.001895160924330806,-0.09684238035179997,-0.0009307522598833625,-0.08793359381854264,0.9950895344400673,-0.02042661083505906,0.9960594976643228,-0.011607834356770312
20.0,2.0,-0.0019356663824835552,-0.09783496974316366,-0.0009513574285902235,-0.08883661420144041,0.9949876055154819,-0.02064911933133729,0.9959777826883689,-0.011741270960132137
20.0,2.02,-0.001976663552698476,-0.09882798698171114,-0.0009722373771402246,-0.08974007208731494,0.9948845709818563,-0.020872092291738302,0.9958951782069683,-0.011875197899627215
20.0,2.04,-0.0020181524687895224,-0.0998214234632915,-0.0009933970691808857,-0.0906439913548184,0.9947804284635836,-0.021095537472690228,0.9958116822162161,-0.012009620058109053
20.0,2.06,-0.002060135194448733,-0.10081528746289145,-0.0010148378954776517,-0.09154834928308253,0.9946751754637305,-0.02131945740881119,0.995727292365546,-0.012144542482495696
20.0,2.08,-0.00210261747618656,-0.10180959300467951,-0.0010365618788285712,-0.09245318041145908,0.994568809525526,-0.02154385810202433,0.9956420066476608,-0.012279970218115967
20.0,2.1,-0.0021455994591417335,-0.10280433642796567,-0.0010585703998405311,-0.09335846096542491,0.9944613281513784,-0.02176874207210356,0.9955558228274541,-0.01241590812798041
20.0,2.12,-0.002189084946600671,-0.10379951901828406,-0.0010808670142668276,-0.09426421428751873,0.9943527289206642,-0.021994113569838207,0.9954687387772825,-0.012552361591946115
20.0,2.14,-0.0022330760932488653,-0.10479514716986729,-0.0011034535025910494,-0.09517044726679925,0.9942430091443051,-0.022219978568485208,0.9953807521460427,-0.012689335459764568
20.0,2.16,-0.0022775751714270314,-0.10579123240113594,-0.0011263313160340823,-0.0960771382642864,0.9941321662846387,-0.022446341300053036,0.9952918606966705,-0.012826834576657972
20.0,2.18,-0.002322585906909012,-0.10678776677520724,-0.0011495025988613778,-0.09698432491798,0.9940201977284472,-0.022673204251102773,0.9952020620701402,-0.012964864301441378
20.0,2.2,-0.0023681105758659574,-0.1077847591065977,-0.0011729723251995524,-0.0978919940548333,0.9939071008979591,-0.022900573372896735,0.9951113541402811,-0.013103429642274539
20.0,2.22,-0.002414151292878133,-0.10878221049495669,-0.0011967388738746176,-0.09880014749102409,0.993792872984311,-0.023128454602509146,0.9950197344365032,-0.01324253559662254
20.0,2.24,-0.00246071055714227,-0.10978013907335188,-0.0012208093902134163,-0.09970880241175414,0.9936775114131722,-0.023356848667661047,0.9949272006044643,-0.013382186983470204
20.0,2.26,-0.002507793997475828,-0.11077852952311472,-0.0012451820651467427,-0.10061794580469746,0.9935610134481286,-0.023585763225736727,0.9948337502797966,-0.013522389310022078
20.0,2.28,-0.0025554002366993964,-0.11177739599472979,-0.0012698607525914868,-0.10152760289420258,0.9934433762449032,-0.023815200716965676,0.994739380992162,-0.013663147380822114
20.0,2.3,-0.0026035354505682274,-0.11277674399925047,-0.0012948489951540368,-0.10243776804916338,0.9933245971051087,-0.02404516704662575,0.9946440903827682,-0.013804466169107946
20.0,2.32,-0.002652202085377964,-0.11377658323212908,-0.001320148636366747,-0.10334843896555625,0.9932046730274763,-0.024275666368784792,0.994547875972745,-0.013946350987117951
20.0,2.34,-0.0027014020735414345,-0.11477690109673842,-0.001345761718494552,-0.10425962868266313,0.9930836015104056,-0.024506701106620343,0.9944507351727796,-0.01408880679152018
20.0,2.36,-0.0027511397528528275,-0.11577770152905686,-0.0013716920198726125,-0.10517134190060884,0.9929613793521371,-0.02473827886049476,0.9943526655049195,-0.01423183870735397
20.0,2.38,-0.0028014158727125986,-0.11677900575093822,-0.0013979395679622488,-0.10608357455909702,0.992838003706664,-0.024970402027158046,0.994253664378465,-0.014375451677592464
20.0,2.4,-0.002852236746924463,-0.11778081196079374,-0.0014245084293669841,-0.10699635020383759,0.9927134717554418,-0.02520307646332233,0.9941537294259108,-0.014519650988634482
20.0,2.42,-0.0029036006191636484,-0.11878312190569423,-0.001451402300289684,-0.10790965899633019,0.9925877804237374,-0.025436304542268775,0.9940528577116945,-0.01466444156443304
20.0,2.44,-0.0029555161336469464,-0.11978594046684725,-0.0014786230742218774,-0.10882349377828318,0.9924609267770185,-0.025670092099029273,0.9939510468667218,-0.014809828677147452
20.0,2.46,-0.0030079838038722987,-0.12078927614034102,-0.0015061731998946952,-0.10973788797770515,0.9923329077644186,-0.02590444495552807,0.9938482940684635,-0.014955817237983783
20.0,2.48,-0.003061005590835153,-0.12179311277447796,-0.0015340544953167594,-0.11065282804048371,0.99220372019582,-0.0261393654539018,0.9937445967173488,-0.015102412501168493
20.0,2.5,-0.0031145845833591515,-0.1227974791805188,-0.0015622711125996705,-0.11156832839218073,0.9920733611330631,-0.0263748593995728,0.9936399521011763,-0.015249619538333046
20.0,2.52,-0.0031687272277796576,-0.1238023652652284,-0.0015908249936126542,-0.1124843807699386,0.9919418273861894,-0.026610929115865954,0.9935343575043025,-0.015397443587033887
20.0,2.54,-0.003223434378510968,-0.12480779243999048,-0.001619720277401854,-0.11340099230627193,0.991809115854439,-0.026847582116446417,0.9934278101039861,-0.01554588935525825
20.0,2.56,-0.0032787101940997734,-0.12581374210891105,-0.0016489572234927692,-0.11431817300340588,0.9916752231854103,-0.02708482243244437,0.9933203070632753,-0.01569496241029364
20.0,2.58,-0.0033345575005928607,-0.12682022712580623,-0.0016785400991919512,-0.1152359356452093,0.9915401463025212,-0.027322652360580284,0.9932118455552387,-0.015844667618055138
20.0,2.6,-0.0033909788315945864,-0.12782724877336274,-0.0017084728942634124,-0.11615426912962347,0.9914038819202138,-0.027561077646013163,0.9931024228610639,-0.01599501018520884
20.0,2.62,-0.0034479794424253116,-0.12883482581301317,-0.0017387578458761682,-0.11707317789958856,0.9912664267995672,-0.027800102292692808,0.9929920360323922,-0.01614599530680174
20.0,2.64,-0.0035055616919278903,-0.12984295035997503,-0.0017693953778084497,-0.11799268249604625,0.9911277773753552,-0.028039733747550928,0.992880682122901,-0.016297627996478565
20.0,2.66,-0.0035637279965014556,-0.13085161681806617,-0.0018003937954103916,-0.1189127788834231,0.9909879306186293,-0.028279972536387022,0.9927683581798148,-0.016449913606319335
20.0,2.68,-0.0036224839688741156,-0.13186085220037766,-0.0018317490802730971,-0.11983346531261888,0.9908468830119741,-0.02852082435486632,0.9926550612581192,-0.016602856960315403
20.0,2.7,-0.003681831820357182,-0.13287064094998519,-0.0018634699153235788,-0.12075475586920505,0.9907046311502944,-0.028762294890274275,0.992540788403407,-0.016756463393979924
20.0,2.72,-0.003741775095358098,-0.13388101563876167,-0.0018955586381343573,-0.12167665328738708,0.9905611714492294,-0.029004388082684882,0.9924255365460642,-0.016910738232396284
20.0,2.74,-0.0038023152765713024,-0.13489193449279882,-0.0019280152628663963,-0.12259914837947215,0.9904165006154748,-0.029247109599887914,0.9923093026245072,-0.017065686272446194
20.0,2.76,-0.0038634612505042487,-0.1359034504784743,-0.0019608469092115867,-0.12352227627295918,0.9902706150007681,-0.02949046162764663,0.9921920835645401,-0.01722131299523126
20.0,2.78,-0.00392521232777145,-0.13691552599147333,-0.001994051292015194,-0.12444601796643612,0.990123511082851,-0.029734449804511863,0.992073876287903,-0.017377624046139975
20.0,2.8,-0.003987574395782698,-0.13792818784401362,-0.002027637184683255,-0.12537037008231167,0.9899751853377519,-0.029979079756888564,0.991954677748848,-0.01753462315711976
20.0,2.82,-0.0040505506353025605,-0.1389414498346081,-0.0020616054795346644,-0.12629537480486533,0.9898256341173723,-0.03022435363683358,0.9918344845374929,-0.017692315257578976
20.0,2.84,-0.004114142895148456,-0.1399552798910852,-0.0020959578563320325,-0.12722098950212526,0.9896748537298736,-0.030470278771370707,0.9917132935329578,-0.017850708216508044
20.0,2.86,-0.004178357893743741,-0.14096972810155217,-0.002130699689658631,-0.12814726058377066,0.9895228404733659,-0.030716859016305564,0.9915911015918817,-0.01800980469850167
20.0,2.88,-0.004243195176392746,-0.14198476640184768,-0.002165833003080653,-0.1290741633261146,0.9893695908140724,-0.03096409649254064,0.9914679053623767,-0.01816961254941517
20.0,2.9,-0.004308665202211379,-0.1430004004756415,-0.002201362854562386,-0.13000171888208067,0.9892151007149649,-0.03121199847913593,0.9913437016179837,-0.018330132683529392
20.0,2.92,-0.004374764137151494,-0.14401665509920422,-0.002237291622129512,-0.13092992060327374,0.9890593665873145,-0.031460568799305,0.9912184869728117,-0.01849137465783806
20.0,2.94,-0.00444150169376142,-0.14503350705653204,-0.002273622231735551,-0.1318587936726642,0.988902384500966,-0.031709811253475086,0.9910922581675007,-0.018653341098462478
20.0,2.96,-0.004508879175040965,-0.1460509850388676,-0.0023103568709392005,-0.1327883197493055,0.9887441505283969,-0.031959733084860914,0.9909650116496403,-0.01881603807799641
20.0,2.98,-0.004576902004904922,-0.1470690863009942,-0.0023475006122154127,-0.13371851231046325,0.9885846610775754,-0.03221033462430758,0.9908367441267502,-0.01897946993375568
20.0,3.0,-0.004645572611749519,-0.14808779278460799,-0.0023850583644975114,-0.13464937126778484,0.9884239118783981,-0.032461623078234476,0.9907074521585476,-0.019143642720612294
20.0,3.02,-0.004714898221135472,-0.1491071562197624,-0.00242303067858291,-0.13558091374789594,0.9882618991700087,-0.03271360392827984,0.9905771321892817,-0.019308562480805803
20.0,3.04,-0.004784877738279939,-0.15012712789054078,-0.002461422571742131,-0.1365131430431619,0.988098618850088,-0.03296627917825694,0.9904457808098414,-0.01947423351958559
20.0,3.06,-0.0048555180321320345,-0.1511477462155633,-0.002500238872262247,-0.137446048168452,0.9879340674409015,-0.03321965601975872,0.9903133943827965,-0.019640660128007685
20.0,3.08,-0.004926824469579123,-0.1521689997051269,-0.00253948024522126,-0.1383796512191363,0.9877682393620801,-0.03347373638083856,0.9901799694639746,-0.019807848319979112
20.0,3.1,-0.0049988009992866,-0.15319091348169464,-0.0025791516144549618,-0.13931394412828127,0.9876011315340397,-0.0337285257127468,0.9900455022657875,-0.019975804091746388
20.0,3.12,-0.0050714472287539045,-0.15421346170286418,-0.0026192558427421664,-0.140248936173284,0.9874327402475498,-0.03398403115735251,0.9899099892272892,-0.02014453343310642
20.0,3.14,-0.005144774720402316,-0.15523665472635859,-0.002659797990522266,-0.14118462192695108,0.9872630608327067,-0.034240254632717106,0.9897734267785163,-0.02031403713804704
20.0,3.16,-0.005218782289053201,-0.15626052310336758,-0.0027007838279654406,-0.14212102986030062,0.9870920896986592,-0.034497199806598274,0.9896358110232417,-0.020484326353319163
20.0,3.18,-0.005293475124407804,-0.1572850450409793,-0.002742211130577259,-0.14305815769466337,0.9869198208003912,-0.03475487542132144,0.9894971382766528,-0.020655401849434398
20.0,3.2,-0.005368859734086914,-0.15831023603660485,-0.002784090134458921,-0.14399600411229707,0.986746251803013,-0.03501328171015257,0.9893574049749488,-0.02082726957341346
20.0,3.22,-0.005444939371029568,-0.15933609513127203,-0.002826421180491286,-0.1449345691921107,0.986571376721001,-0.035272425662608034,0.9892166070606666,-0.0209999371777324
20.0,3.24,-0.005521717972985342,-0.16036264116517457,-0.002869207448264186,-0.1458738709782236,0.9863951930980626,-0.03553231092972833,0.9890747408894405,-0.021173408856868775
20.0,3.26,-0.005599201092109261,-0.16138985753962595,-0.00291245405817349,-0.146813895319407,0.9862176950086734,-0.035792942748104066,0.9889318023612712,-0.021347688784796648
20.0,3.28,-0.005677389354317091,-0.16241774743224746,-0.002956164308727012,-0.14775466293932787,0.9860388788608333,-0.03605432469934557,0.988787787794001,-0.021522782860086846
20.0,3.3,-0.005756292590031546,-0.16344633390969168,-0.0030003438003018508,-0.14869617907028548,0.9858587387294921,-0.03631646198859975,0.988642693200439,-0.0216986952364608
20.0,3.32,-0.005835913782689568,-0.16447560421076382,-0.0030449952701373864,-0.1496384330233446,0.985677272094216,-0.036579359930090524,0.9884965145170175,-0.021875433506972627
20.0,3.34,-0.005916257301543427,-0.16550558459658093,-0.0030901248090908174,-0.15058144955962674,0.9854944730285055,-0.036843023697042836,0.9883492478684435,-0.022053001803914722
20.0,3.36,-0.0059973255440738905,-0.1665362456800132,-0.0031357326193977458,-0.15152522036527835,0.9853103380043913,-0.037107455091241234,0.988200889112985,-0.02223140596791693
20.0,3.38,-0.006079125921764605,-0.16756761630034928,-0.0031818245421701783,-0.15246975542081673,0.9851248610321515,-0.03737266097392139,0.9880514347155852,-0.022410650115463192
20.0,3.4,-0.0061616653131520505,-0.16859970777063552,-0.0032284034737349535,-0.153415048389048,0.9849380384541003,-0.037638646554921294,0.9879008789404622,-0.022590740026622882
20.0,3.42,-0.006244940418286256,-0.169632494090341,-0.0032754757770562587,-0.1543611292832432,0.9847498656097178,-0.03790541354760919,0.9877492193494363,-0.022771681543560504
20.0,3.44,-0.006328964866634172,-0.17066600814596006,-0.0033230467964658612,-0.15530797621626907,0.984560337641804,-0.03817296880639846,0.987596451268087,-0.022953478720281858
20.0,3.46,-0.006413738414107317,-0.17170022586874265,-0.0033711172630464486,-0.15625560383895312,0.9843694486245711,-0.038441317405224794,0.9874425699819998,-0.02313613732188033
20.0,3.48,-0.006499266001287166,-0.17273518324054604,-0.0034196933729946943,-0.15720402801058678,0.984177195033888,-0.038710461053518073,0.987287571871832,-0.023319664849939987
20.0,3.5,-0.006585556477139695,-0.17377085793038902,-0.003468778274423573,-0.15815324777222092,0.9839835719430328,-0.03898040827217755,0.9871314523019366,-0.023504063596524887
20.0,3.52,-0.006672611219181809,-0.17480726870827978,-0.003518377511338288,-0.15910324468933676,0.9837885735624413,-0.03925116064886228,0.9869742076919483,-0.023689339314628712
20.0,3.54,-0.00676043775274893,-0.17584443558911528,-0.0035684951351449253,-0.16005405613942814,0.9835921951012259,-0.03952272323427054,0.9868158332820933,-0.023875499439114684
20.0,3.56,-0.00684903522026911,-0.17688231921084502,-0.0036191372464055628,-0.16100568415713898,0.9833944329002542,-0.03979510110747853,0.9866563232584485,-0.0240625479180233
20.0,3.58,-0.006938418271886107,-0.17792096172525923,-0.0036703039637166588,-0.16195811318033723,0.9831952810351804,-0.04006829923899914,0.9864956752154567,-0.024250488769357707
20.0,3.6,-0.007028583860265999,-0.17896034604451783,-0.0037220018876447125,-0.16291136552487978,0.982994733582182,-0.04034232258040512,0.9863338832544944,-0.024439329358373976
20.0,3.62,-0.007119539864757181,-0.18000049671558777,-0.0037742368695921355,-0.1638654271487163,0.9827927858203638,-0.04061717439566115,0.9861709438321592,-0.024629073648390794
20.0,3.64,-0.007211292669882252,-0.18104139810600964,-0.003827012838618289,-0.1648203225293862,0.9825894340189076,-0.04089286140917798,0.9860068521828779,-0.024819729003604747
20.0,3.66,-0.0073038464063238705,-0.1820830562290737,-0.00388033288641464,-0.16577603936409074,0.9823846723973325,-0.04116938508861303,0.9858416036697708,-0.025011297610722752
20.0,3.68,-0.007397205259218347,-0.18312547814568148,-0.003934203928827377,-0.1667326041903955,0.9821784938318591,-0.04144675198000133,0.9856751935257357,-0.025203786805148693
20.0,3.7,-0.007491376684332411,-0.18416867184037372,-0.003988629162245665,-0.16769000640430398,0.9819708957933544,-0.041724967085371774,0.9855076158911105,-0.02539720215713959
20.0,3.72,-0.0075863650358772945,-0.1852126464845459,-0.004043615202167424,-0.16864825527693894,0.9817618700990216,-0.042004035149094114,0.9853388683093061,-0.02559154930961608
20.0,3.74,-0.007682177094516481,-0.18625739073944106,-0.004099165807055035,-0.16960736112340852,0.9815514143665653,-0.042283957710266884,0.9851689460978004,-0.025786832113521403
20.0,3.76,-0.007778814984428206,-0.1873029372518227,-0.00415528131751261,-0.17056731567651554,0.981339521399042,-0.04256474294986429,0.9849978422610886,-0.025983056065249945
20.0,3.78,-0.00787628800663172,-0.1883492547711266,-0.004211974479517955,-0.17152813067299694,0.9811261864807996,-0.042846393986002006,0.9848255531600706,-0.026180228453481443
20.0,3.8,-0.007974600808718209,-0.18939635604407687,-0.004269243227351032,-0.1724898192042862,0.9809114025640584,-0.043128915532052635,0.9846520741570123,-0.026378351365302567
20.0,3.82,-0.008073754781258755,-0.1904442550502888,-0.004327097012971077,-0.17345237509832065,0.9806951659900618,-0.04341231242965884,0.9844774004304457,-0.026577433747763377
20.0,3.84,-0.008173761337016566,-0.19149296644658104,-0.004385536305644528,-0.17441579296685775,0.9804774709175487,-0.043696587690700305,0.9843015261621433,-0.026777479345319505
20.0,3.86,-0.008274624432440956,-0.192542484101702,-0.004444571729578466,-0.17538010814293628,0.9802583112778414,-0.04398174944057061,0.984124447801147,-0.026978491949192548
20.0,3.88,-0.008376348050156525,-0.1935928025110672,-0.004504206922447776,-0.17634531696446304,0.9800376801799271,-0.04426779888790322,0.9839461594356248,-0.02718047870903368
20.0,3.9,-0.008478936200046562,-0.19464391680185364,-0.004564441919943819,-0.17731139601313964,0.9798155750954503,-0.044554740847564,0.9837666551521848,-0.0273834467564243
20.0,3.92,-0.008582401727597536,-0.19569586749908122,-0.004625287613237096,-0.17827838334516535,0.9795919866489164,-0.04484258151729784,0.983585931493253,-0.027587396401518735
20.0,3.94,-0.008686744448835791,-0.19674862922484326,-0.004686747228645991,-0.1792462567404093,0.9793669112621514,-0.04513132390928192,0.983403982448315,-0.027792338177248712
20.0,3.96,-0.008791973018797795,-0.19780222200972053,-0.004748825624840959,-0.18021505636905147,0.9791403429448662,-0.04542097433185787,0.983220803378725,-0.027998274047532284
20.0,3.98,-0.008898090727893902,-0.1988566213812802,-0.004811528685762415,-0.18118474036806273,0.9789122747383677,-0.04571153560064179,0.9830363883190607,-0.02820521279286691
20.0,4.0,-0.009005103961838507,-0.1999118720854506,-0.004874858213947867,-0.1821553506338945,0.9786827017810731,-0.04600301403206797,0.9828507337623306,-0.028413156377521676
20.0,4.02,-0.00911301960067083,-0.2009679509312675,-0.004938824476919895,-0.1831268881423369,0.9784516182445638,-0.0462954124518156,0.982663831527404,-0.02862211176607667
20.0,4.04,-0.009221846708872425,-0.20202488141854907,-0.005003431475842683,-0.18409935464573451,0.9782190170147929,-0.046588737026278186,0.9824756780584044,-0.028832082605428393
20.0,4.06,-0.009331588820223998,-0.20308264159902828,-0.005068683236993408,-0.18507275251158192,0.9779848922675454,-0.046882990536996016,0.9822862685161081,-0.029043077637650926
20.0,4.08,-0.009442248068790024,-0.20414125688312737,-0.005134586468548475,-0.18604706321776474,0.9777492392252453,-0.04717817750577006,0.9820955960002283,-0.029255098661449246
20.0,4.1,-0.009553836251072508,-0.2052007297321734,-0.00520114321093557,-0.18702233318891975,0.977512049651446,-0.047474303975551836,0.9819036556694009,-0.02946815438190313
20.0,4.12,-0.009666361754180335,-0.20626106344568929,-0.005268363549475247,-0.18799854517250705,0.9772733187698968,-0.04777137442176137,0.9817104428337118,-0.02968224834387971
20.0,4.14,-0.009779822227917604,-0.20732226251675684,-0.005336255019609231,-0.18897570393910257,0.9770330406797467,-0.048069393243213264,0.9815159504915407,-0.02989738572038618
20.0,4.16,-0.009894232265038608,-0.20838430729353744,-0.0054048153085387894,-0.1899538151736813,0.9767912073167995,-0.048368362999752265,0.9813201738490875,-0.030113573446945062
20.0,4.18,-0.010009590701422924,-0.20944722740923316,-0.005474055957020288,-0.1909329068109248,0.9765478138256033,-0.04866828980412762,0.9811231070863651,-0.03033081498031563
20.0,4.2,-0.01012590869038114,-0.21051100452586155,-0.005543980092094746,-0.1919129417806831,0.9763028531009397,-0.048969179632943186,0.9809247442781848,-0.030549117183865514
20.0,4.22,-0.010243193681749892,-0.21157569393856018,-0.005614596114286503,-0.19289394928352227,0.9760563194198245,-0.04927103338257597,0.9807250807342635,-0.030768483512637983
20.0,4.24,-0.010361451031351653,-0.21264123004686541,-0.005685905135996074,-0.19387593749665452,0.9758082055955039,-0.04957385868482677,0.9805241093448642,-0.030988922467618744
20.0,4.26,-0.010480684631168486,-0.21370766986985662,-0.0057579184379487535,-0.19485891495714117,0.9755585047008803,-0.04987765803509051,0.9803218254187237,-0.03121043746560575
20.0,4.28,-0.0106009060461429,-0.21477499739983485,-0.0058306399657867035,-0.19584286850851107,0.975307211884316,-0.05018243742543016,0.9801182219534685,-0.031433033544662294
20.0,4.3,-0.010722116922757078,-0.21584322225442848,-0.005904074347259114,-0.1968278078654648,0.975054317890375,-0.05048820088941807,0.9799132941487027,-0.03165671750542977
20.0,4.32,-0.010844325212309089,-0.21691232943442237,-0.005978226935072345,-0.1978137661841823,0.9747998191688791,-0.05079495102344621,0.979707036129197,-0.03188149438182126
20.0,4.34,-0.010967541467114393,-0.21798235436175328,-0.006053108002891096,-0.19880070887192325,0.9745437062937012,-0.051102695212891555,0.9794994398203405,-0.032107367404412425
20.0,4.36,-0.011091764952702102,-0.21905325840517947,-0.006128718882180098,-0.19978864741512734,0.9742859734740021,-0.05141143588720115,0.9792905014350659,-0.03233434676878578
20.0,4.38,-0.011217011496701231,-0.22012510347695613,-0.0062050678832780955,-0.2007775937669791,0.974026614742399,-0.05172117885313627,0.979080214138974,-0.032562432282698665
20.0,4.4,-0.011343284308772841,-0.22119785173098858,-0.006282160627789985,-0.2017675838961529,0.9737656208587664,-0.05203192801175746,0.9788685707600169,-0.03279163398764857
20.0,4.42,-0.011470587866098243,-0.22227149066783516,-0.006360003424661492,-0.202758561428487,0.9735029882838082,-0.052343685837255516,0.9786555666639369,-0.03302195343482921
20.0,4.44,-0.011598930657226478,-0.22334608518234836,-0.0064386062930541854,-0.20375058659209758,0.9732387064813557,-0.05265645951570784,0.9784411958601067,-0.03325339895138203
20.0,4.46,-0.011728319870916612,-0.22442159835662254,-0.006517966465810507,-0.20474365084106771,0.9729727707035482,-0.05297025310721559,0.9782254502191277,-0.03348597534893394
20.0,4.48,-0.011858764084542674,-0.22549801899001373,-0.0065980982395608045,-0.20573772161723725,0.9727051740566269,-0.05328506882764107,0.9780083249915449,-0.03371968753249854
20.0,4.5,-0.011990270765124647,-0.22657538851547943,-0.006679008341643537,-0.20673286168238553,0.9724359082521651,-0.053600913897773175,0.9777898119905227,-0.03395454197637177
20.0,4.52,-0.012122844718999728,-0.2276536972050679,-0.006760696103239549,-0.2077290159570536,0.972164966403526,-0.053917790477935934,0.9775699065254132,-0.03419054183563639
20.0,4.54,-0.012256490763043476,-0.2287329355998789,-0.006843175588279618,-0.20872624849079105,0.9718923403214986,-0.05423570403319741,0.9773486026008028,-0.03442769532434865
20.0,4.56,-0.012391223173730016,-0.2298131205383361,-0.006926450613899067,-0.20972452860934895,0.9716180251752851,-0.05455466018625527,0.9771258910246771,-0.034666005395962846
20.0,4.58,-0.012527044362940068,-0.2308942702679018,-0.00701052290637285,-0.21072387407458743,0.9713420108287277,-0.054874659131404914,0.9769017681115226,-0.034905478591429985
20.0,4.6,-0.012663961924527442,-0.23197634996450064,-0.0070954081366813105,-0.21172427849862277,0.9710642922658234,-0.05519570982647553,0.9766762257357813,-0.03514611956398383
20.0,4.62,-0.012801987900162142,-0.2330594050719745,-0.007181108173212226,-0.21272576072572014,0.9707848603819387,-0.05551781416545545,0.9764492568365121,-0.0353879346875632
20.0,4.64,-0.012941125993036227,-0.23414340166060868,-0.007267627760375063,-0.21372831559452318,0.9705037082182273,-0.055840975835609194,0.9762208554761899,-0.03563093035221042
20.0,4.66,-0.01308138437604579,-0.2352283868318627,-0.007354975403771961,-0.21473193807830934,0.9702208286236212,-0.05616520188260758,0.9759910147173162,-0.035875109475827505
20.0,4.68,-0.013222765278913412,-0.2363143001481982,-0.007443160549831145,-0.21573664824708758,0.9699362136255072,-0.05649049417606336,0.9757597274992424,-0.036120478360293945
20.0,4.7,-0.013365286798673456,-0.23740121665491407,-0.007532188987551885,-0.21674246702676392,0.9696498561768248,-0.05681685800753531,0.9755269866973897,-0.0363670449846454
20.0,4.72,-0.013508948691402243,-0.238489104051615,-0.00762206480756269,-0.21774936593866567,0.9693617470999452,-0.05714429681429648,0.9752927865634677,-0.03661481053395435
20.0,4.74,-0.013653764706875017,-0.2395779567106014,-0.007712798556901269,-0.21875739173477723,0.9690718793550419,-0.057472815825250906,0.9750571188503546,-0.03686378289581119
20.0,4.76,-0.013799737754337573,-0.24066779771253413,-0.007804393523757966,-0.21976649129491854,0.9687802460050315,-0.05780241854721086,0.9748199776840191,-0.037113966611685895
20.0,4.78,-0.013946879194301183,-0.2417586504642077,-0.007896861327991243,-0.22077673779836124,0.9684868377855577,-0.05813311001405471,0.9745813548161935,-0.03736536951553786
20.0,4.8,-0.014095191446964797,-0.24285045553674306,-0.007990205335516322,-0.22178807856212998,0.9681916477683281,-0.05846489366977297,0.9743412433819351,-0.03761799265320921
20.0,4.82,-0.014244689275911677,-0.2439432929774467,-0.00808443552563991,-0.22280053706566352,0.9678946666981242,-0.05879777448247897,0.974099635069265,-0.03787184550599921
20.0,4.84,-0.014395375188484166,-0.2450371038379807,-0.008179557162755367,-0.22381411190778552,0.9675958887697307,-0.059131755900626026,0.9738565251931849,-0.038126930856745775
20.0,4.86,-0.014547265193994793,-0.24613191297613501,-0.008275577436467691,-0.2248288537429246,0.9672953036227,-0.059466842758437895,0.973611905572964,-0.03838325473302197
20.0,4.88,-0.014700358290312741,-0.2472277470714104,-0.00837250767357881,-0.22584471015252733,0.9669929043472207,-0.05980303837188063,0.973365766908053,-0.03864082308955888
20.0,4.9,-0.014854667335654392,-0.2483245754288607,-0.008470350321734509,-0.226861706859084,0.9666886816023168,-0.06014034926227217,0.9731181044491509,-0.03889964033205281
20.0,4.92,-0.0150102000474817,-0.24942242509975948,-0.008569114792240115,-0.2278798438190469,0.966382628697221,-0.060478775305448956,0.9728689088292896,-0.039159714058352495
20.0,4.94,-0.015166960751037333,-0.25052126627589294,-0.008668811587895666,-0.22889914763080207,0.9660747361954833,-0.06081832464114493,0.9726181731276664,-0.03942104683253445
20.0,4.96,-0.015324967804567973,-0.2516211553364258,-0.008769441307052196,-0.22991959301867881,0.9657649962000976,-0.061158998696477215,0.9723658902191205,-0.03968364628548802
20.0,4.98,-0.015484221315499336,-0.25272206349928517,-0.008871018588830775,-0.2309412072559321,0.9654533994966185,-0.06150080216708472,0.9721120508775176,-0.03994751653285883
20.0,5.0,-0.015644731933729318,-0.2538239904892496,-0.008973549156116535,-0.23196399198184398,0.965139937987284,-0.06184373978295207,0.9718566491672136,-0.040212663496333526
20.0,5.02,-0.015806505968645978,-0.2549269366238358,-0.009077038757151507,-0.2329879491402633,0.9648246035784985,-0.062187816238557965,0.9715996769140351,-0.04047909297701238
20.0,5.04,-0.015969562376603578,-0.2560309609465169,-0.00918149725037346,-0.23401308082136837,0.9645073882900457,-0.06253303450926845,0.9713411260159648,-0.040746809050648
20.0,5.06,-0.016133893214158826,-0.2571359769347388,-0.009286934592315704,-0.23503938941655195,0.9641882807085063,-0.06287939900237183,0.971080988302348,-0.04101581745940504
20.0,5.08,-0.016299517602299748,-0.25824204441449694,-0.009393352598084723,-0.23606687794812742,0.963867275088112,-0.06322691276589391,0.9708192567213454,-0.04128612396251395
20.0,5.1,-0.01646644858221285,-0.2593491949723974,-0.009500762408807336,-0.23709557672323658,0.9635443611388207,-0.06357558020584393,0.9705559219862677,-0.04155773419407509
20.0,5.12,-0.016634682634658046,-0.26045734166794443,-0.00960917310311961,-0.23812546199972182,0.9632195306844792,-0.06392540751673971,0.9702909782370943,-0.041830652207026184
20.0,5.14,-0.0168042367058755,-0.2615665764785271,-0.009718590755768013,-0.23915653757357322,0.9628927736705675,-0.06427639566428045,0.9700244138835996,-0.042104885171199265
20.0,5.16,-0.016975118320842662,-0.26267684203578945,-0.009829026794919602,-0.24018883504008914,0.962564082046039,-0.06462854908721827,0.9697562241853589,-0.042380437127080436
20.0,5.18,-0.01714734286066642,-0.2637882017599778,-0.009940490513679541,-0.2412223312392688,0.9622334465434889,-0.0649818737916148,0.969486398746189,-0.04265731353577824
20.0,5.2,-0.01732090413689098,-0.2649005993450851,-0.010052985115805959,-0.24225705898210784,0.9619008582416151,-0.06533637070555615,0.9692149305212725,-0.042935519972345064
20.0,5.22,-0.01749582494393906,-0.26601406818408113,-0.010166519968475606,-0.243292995513099,0.9615663066649875,-0.0656920473597528,0.9689418102348378,-0.04321506188157931
20.0,5.24,-0.017672107748472696,-0.2671286129753509,-0.010281106858916339,-0.24433017417673245,0.9612297852377916,-0.06604890307876835,0.9686670297289968,-0.04349594472480687
20.0,5.26,-0.01784976697295463,-0.26824420696419204,-0.010396751056840833,-0.24536857279836125,0.9608912823908002,-0.06640694523718614,0.968390579732409,-0.04377817388045696
20.0,5.28,-0.018028807205185706,-0.2693608861772159,-0.010513459023321781,-0.24640819742347775,0.9605507901104878,-0.06676617803909815,0.9681124543202427,-0.044061754845110185
20.0,5.3,-0.01820923570683654,-0.270478656065368,-0.010631247115650779,-0.24744908254625436,0.9602082973066304,-0.06712660206627075,0.9678326420727307,-0.04434669114053666
20.0,5.32,-0.018391074006665616,-0.2715975214742327,-0.010750120777426543,-0.24849120661525145,0.959863796971291,-0.06748822319796335,0.9675511358774845,-0.04463298983626738
20.0,5.34,-0.018574317977691556,-0.27271745779364975,-0.01087008233033155,-0.24953457685253083,0.9595172779161674,-0.06785104361170835,0.9672679264716266,-0.0449206561761198
20.0,5.36,-0.018758979797774418,-0.2738384708284997,-0.010991151553881454,-0.25057920005782924,0.9591687298321988,-0.06821506886969672,0.9669830045952449,-0.045209695368911146
20.0,5.38,-0.018945078751535702,-0.2749605980583377,-0.011113332196998896,-0.25162511308908964,0.9588181447443149,-0.0685803029731182,0.9666963621838159,-0.045500110953387525
20.0,5.4,-0.01913261555505761,-0.2760838152489429,-0.0112366285600238,-0.25267226616910815,0.9584655125967876,-0.06894674805164858,0.966407989904149,-0.04579190975682901
20.0,5.42,-0.019321602711434384,-0.2772081292681478,-0.011361053221103447,-0.25372069633165645,0.9581108231038108,-0.06931440953833645,0.9661178795364416,-0.04608509862181908
20.0,5.44,-0.01951204799606532,-0.2783335476785777,-0.011486620730569334,-0.2547703825645849,0.9577540663513204,-0.0696832878051691,0.9658260208796349,-0.0463796791904134
20.0,5.46,-0.019703961846068898,-0.27946004589413914,-0.011613330582597085,-0.25582136341543854,0.9573952330531749,-0.07005338994960815,0.965532404608606,-0.04667565818039373
20.0,5.48,-0.019897361614301876,-0.2805876960785231,-0.011741198806083047,-0.2568736478871183,0.9570343120912148,-0.07042471784831925,0.9652370236220364,-0.04697304237914714
20.0,5.5,-0.02009224587926415,-0.2817164427594752,-0.011870234384815676,-0.25792718613098875,0.9566712943170792,-0.07079727683662851,0.96493986653847,-0.047271834952001136
20.0,5.52,-0.0202886324983075,-0.28284629387835486,-0.012000442786311332,-0.25898204735312436,0.9563061698597813,-0.07117106711504897,0.9646409240398255,-0.04757204250335321
20.0,5.54,-0.020486524673768977,-0.2839772587970584,-0.012131838993873689,-0.26003821164301605,0.955938927263634,-0.07154609543544489,0.9643401880032286,-0.04787366997024523
20.0,5.56,-0.020685942896218456,-0.28510937900967726,-0.012264424451926274,-0.2610956595812874,0.9555695576565434,-0.07192236365970671,0.9640376480882051,-0.04817672214262468
20.0,5.58,-0.02088689075958313,-0.2862425987474076,-0.012398217096309323,-0.2621544313395631,0.9551980498521393,-0.07229987510905508,0.9637332961783873,-0.04848120388286018
20.0,5.6,-0.02108937901615296,-0.2873769608342652,-0.012533223044922177,-0.26321450774506283,0.9548243936487595,-0.07267863480722701,0.9634271208321457,-0.04878711984814541
20.0,5.62,-0.021293418704547127,-0.28851244219440747,-0.012669449859221924,-0.26427589992070605,0.9544485791078219,-0.07305864439750855,0.963119112660743,-0.049094478129477113
20.0,5.64,-0.021499023385313735,-0.2896490529451336,-0.012806909779416654,-0.26533861912538076,0.9540705950776582,-0.07343990705997704,0.9628092626198901,-0.04940328005323696
20.0,5.66,-0.021706196610363413,-0.2907868043316142,-0.012945615168622462,-0.26640267696957703,0.953690431388485,-0.0738224276757329,0.9624975613264631,-0.04971353363074587
20.0,5.68,-0.021914954677850155,-0.29192567324315755,-0.013085569177620224,-0.26746808587373555,0.9533080780085186,-0.07420620941238272,0.9621839973560988,-0.05002524335596512
20.0,5.7,-0.022125306309853474,-0.2930657387826004,-0.013226785948346163,-0.2685347961077843,0.9529235227230871,-0.0745912552184993,0.9618685627014154,-0.05033841217561521
20.0,5.72,-0.022337262955320607,-0.2942069109786705,-0.013369281143521896,-0.2696028816946029,0.9525367544291793,-0.07497756807786737,0.9615512446665833,-0.05065304780175828
20.0,5.74,-0.02255083607142446,-0.29534923544479236,-0.013513050288636952,-0.27067229405653215,0.9521477642296068,-0.07536515109818193,0.961232036271201,-0.05096915483573821
20.0,5.76,-0.022766037213654677,-0.2964926900448435,-0.013658115538951954,-0.2717430453988992,0.9517565398177114,-0.07575400874029264,0.9609109250047642,-0.051286737546293516
20.0,5.78,-0.02298287288894328,-0.2976373218298949,-0.013804486631854584,-0.27281518039805425,0.9513630713560594,-0.0761441422647715,0.9605879015932672,-0.05160580201198941
20.0,5.8,-0.023201359995933053,-0.2987831087761472,-0.013952170214408649,-0.2738886815307415,0.9509673465652143,-0.07653555602953022,0.9602629557500207,-0.051926352532518524
20.0,5.82,-0.023421507790450585,-0.29993006404622746,-0.014101177720271928,-0.2749635309065469,0.9505693544075904,-0.07692825276665127,0.9599360771943712,-0.0522483933649545
20.0,5.84,-0.023643322878139562,-0.3010781665374593,-0.014251517468278295,-0.27603974253269864,0.9501690849538195,-0.07732223524616456,0.959607254455259,-0.052571930337769794
20.0,5.86,-0.02386682788015858,-0.3022274637745203,-0.01440320432867223,-0.277117362444803,0.949766524735497,-0.07771750923544299,0.9592764782759335,-0.05289696935423652
20.0,5.88,-0.024092021549424684,-0.3033779006590392,-0.01455624349213054,-0.2781963417103268,0.949361664257714,-0.07811407242596641,0.9589437372870157,-0.053223514477069835
20.0,5.9,-0.024318918655301853,-0.30452949072170576,-0.014710653202736993,-0.2792766945738074,0.9489544919951323,-0.07851193397085492,0.9586090212307229,-0.05355156978531428
20.0,5.92,-0.024547536948755534,-0.3056822830727213,-0.014866438946609422,-0.28035846869352904,0.9485449952062988,-0.07891109118922704,0.9582723196677261,-0.053881142658901565
20.0,5.94,-0.024777880530582642,-0.3068362221965735,-0.015023610902167795,-0.2814416148877473,0.9481331625297413,-0.07931155146399677,0.9579336202388461,-0.05421223528807195
20.0,5.96,-0.02500996738060433,-0.30799135786003734,-0.015182182735597178,-0.2825261484027605,0.9477189843977619,-0.07971331393794345,0.9575929137140915,-0.0545448533486627
20.0,5.98,-0.025243799141344246,-0.30914767044963787,-0.015342165066871315,-0.28361211777716294,0.9473024462003451,-0.08011638560615296,0.9572501874644229,-0.054879003951796554
20.0,6.0,-0.02547940194376562,-0.31030517419026377,-0.015503568267378738,-0.28469947383324135,0.9468835373137046,-0.08052076541092065,0.9569054324603765,-0.05521468933571447
20.0,6.02,-0.025716777537501005,-0.311463849603421,-0.015666408110549923,-0.28578826547485425,0.9464622467120083,-0.0809264572022745,0.9565586360855974,-0.055551916513597116
20.0,6.04,-0.025955941464835087,-0.31262371218991625,-0.015830685104264337,-0.2868784439523546,0.9460385622936599,-0.08133346467959024,0.9562097871229053,-0.05589068750232069
20.0,6.06,-0.026196900939457552,-0.3137847421767845,-0.015996420197276106,-0.28797005853621777,0.9456124697952526,-0.0817417912947987,0.9558588740719673,-0.056231009278191975
20.0,6.08,-0.02643967473263577,-0.3149469917266636,-0.016163620821653825,-0.28906309337204855,0.9451839596125685,-0.08215143751548779,0.9555058867342736,-0.056572885494198845
20.0,6.1,-0.02668427452116,-0.3161104265902225,-0.01633230134455181,-0.2901575656145606,0.9447530196955768,-0.08256240686680623,0.9551508136205056,-0.05691632302495265
20.0,6.12,-0.02693071017505869,-0.3172750564693719,-0.01650246421148915,-0.29125345984415446,0.9443196359808792,-0.08297470097447174,0.9547936424463869,-0.057261323626023986
20.0,6.14,-0.02717899131615445,-0.3184408877088346,-0.01667413603144364,-0.2923508266949624,0.9438837973973613,-0.0833883249856479,0.9544343605389339,-0.057607895667902434
20.0,6.16,-0.027429132251408573,-0.31960791539232175,-0.016847322609321102,-0.2934496171948901,0.9434454911520844,-0.08380327885259584,0.9540729579317043,-0.057956039269988206
20.0,6.18,-0.02768114834580557,-0.3207761457615396,-0.017022028440375748,-0.29454984987626415,0.9430047041828172,-0.08421956576223313,0.953709421966338,-0.05830576269689446
20.0,6.2,-0.02793504883960352,-0.32194557837346444,-0.01719827349506334,-0.2956515427810358,0.9425614256168033,-0.08463718903284077,0.9533437412909798,-0.05865707089352398
20.0,6.22,-0.02819084897043209,-0.3231162161647291,-0.01737606561165663,-0.29675468076744477,0.942115641491075,-0.08505614998459428,0.9529759036701039,-0.0590099653571946
20.0,6.24,-0.02844855844358324,-0.3242880627570222,-0.01755541984019274,-0.29785928257209676,0.9416673388022209,-0.08547645161655282,0.9526058975647467,-0.05936445425405528
20.0,6.26,-0.028708198371693795,-0.3254611209772817,-0.017736346164836256,-0.2989653676303905,0.9412165058002558,-0.08589809531934682,0.9522337096630965,-0.059720538905884406
20.0,6.28,-0.028969766608210424,-0.32663538832571404,-0.01791885575737648,-0.3000728863740846,0.9407631295224504,-0.08632108396632138,0.9518593285468387,-0.06007822570442957
20.0,6.3,-0.029233290146563617,-0.3278108674370819,-0.01810296811187455,-0.3011819273052228,0.9403071959438993,-0.08674542026565983,0.9514827418132773,-0.060437519254017524
20.0,6.32,-0.029498773647193215,-0.328987566947801,-0.018288687244170525,-0.30229240664610046,0.9398486933786819,-0.08717110541829666,0.9511039370696498,-0.06079842410236811
20.0,6.34,-0.02976623190455368,-0.3301654795341202,-0.01847603079599499,-0.3034043788915056,0.9393876089282636,-0.08759814210299997,0.9507229008387236,-0.06116094466979884
20.0,6.36,-0.030035680846153615,-0.33134460934674237,-0.0186650091889355,-0.30451786470964726,0.9389239277069746,-0.08802653109074257,0.9503396229376342,-0.061525085530079786
20.0,6.38,-0.03030713653298276,-0.3325249607298895,-0.018855633918730234,-0.305632814474672,0.9384576377904322,-0.08845627666640074,0.9499540889237087,-0.061890849259584324
20.0,6.4,-0.030580602807832043,-0.3337065316055333,-0.01904792085087017,-0.30674924856196717,0.9379887254213195,-0.08888737956758526,0.9495662851382062,-0.06225824341947749
20.0,6.42,-0.03085609621407566,-0.3348893305095585,-0.019241880637874086,-0.3078671880800354,0.9375171768695038,-0.08931984046570993,0.9491762015360458,-0.06262727075170002
20.0,6.44,-0.03113363787573458,-0.3360733502079276,-0.019437524016154194,-0.3089866545497586,0.9370429802766808,-0.08975366344321316,0.9487838236027656,-0.06299793531121446
20.0,6.46,-0.03141323252433401,-0.33725859677302383,-0.019634873523598967,-0.31010759747314215,0.9365661196462726,-0.09018885046305346,0.9483891379304713,-0.06337024116321649
20.0,6.48,-0.03169489594789037,-0.33844506761375376,-0.019833931527177228,-0.3112300749184214,0.9360865825606346,-0.09062540045901474,0.9479921321045182,-0.06374419403942057
20.0,6.5,-0.03197864515159885,-0.3396327719577189,-0.020034717609150217,-0.31235407259357845,0.9356043561545985,-0.09106331720143301,0.947592792740037,-0.06411979788096571
20.0,6.52,-0.0322644898591277,-0.340821704152995,-0.020237240562070925,-0.31347957678452426,0.9351194245133171,-0.091502602439819,0.9471911065781767,-0.06449705491357405
20.0,6.54,-0.03255244653089868,-0.3420118659090023,-0.020441522509256783,-0.3146066091834682,0.9346317762170293,-0.0919432566400599,0.9467870600366907,-0.0648759722604882
20.0,6.56,-0.03284252614344429,-0.3432032636040364,-0.020647560451063973,-0.3157351424239438,0.9341413952465127,-0.09238528303870996,0.9463806397696768,-0.06525655367273356
20.0,6.58,-0.033134750991115076,-0.3443958947499205,-0.020855384121952168,-0.3168652272974235,0.9336482682464724,-0.0928286801174855,0.9459718325598326,-0.06563880118679173
20.0,6.6,-0.03342912547280707,-0.34558975867886954,-0.021065002161317726,-0.31799684327096844,0.933152381243621,-0.09327345280673686,0.945560624861088,-0.06602272172903567
20.0,6.62,-0.03372566643090973,-0.34678485767042144,-0.021276424900864115,-0.31912999532740244,0.9326537197027158,-0.09371960096533723,0.9451470023960337,-0.06640831713051909
20.0,6.64,-0.03402439691237956,-0.3479811935567597,-0.02148967414455142,-0.3202646915489159,0.9321522689572065,-0.09416712600681347,0.9447309507899468,-0.06679559080750905
20.0,6.66,-0.03432531580255799,-0.3491787706923178,-0.021704754582705262,-0.3214009339390832,0.9316480154434342,-0.09461602937748899,0.9443124576247698,-0.06718454956027736
20.0,6.68,-0.034628451647671546,-0.35037758255244733,-0.02192168800385117,-0.322538727193501,0.9311409447199626,-0.09506631071462587,0.9438915085526699,-0.06757519666901603
20.0,6.7,-0.03493380952664905,-0.3515776331417205,-0.022140478945525448,-0.323678069848183,0.9306310420460829,-0.09551797283062882,0.9434680882754755,-0.06796753362114125
20.0,6.72,-0.03524140679951859,-0.35277892542542927,-0.022361149673523286,-0.32481897056259684,0.9301182928767991,-0.09597101683365405,0.9430421833307128,-0.06836156693209519
20.0,6.74,-0.03555126014291562,-0.35398145436692563,-0.022583716462930628,-0.3259614310722945,0.929602680558354,-0.09642544353209044,0.942613778335745,-0.06875729959577787
20.0,6.76,-0.03586338757956351,-0.35518522723551965,-0.02280818999902863,-0.32710545360902604,0.9290841938221022,-0.09688125420967925,0.9421828610613842,-0.06915473641833216
20.0,6.78,-0.0361777940100796,-0.35639024456203744,-0.023034581272282834,-0.32825104429791435,0.9285628141112627,-0.09733844767281007,0.9417494162800136,-0.06955387860934703
20.0,6.8,-0.036494502593555515,-0.35759650098796686,-0.02326290680535827,-0.32939820523345437,0.9280385288133407,-0.09779702817890235,0.9413134272151751,-0.06995473380058906
20.0,6.82,-0.03681352500553607,-0.35880400071868895,-0.02349318901125439,-0.33054693819968356,0.9275113228203169,-0.09825699308828298,0.940874882051641,-0.07035730165374365
20.0,6.84,-0.037134885115759374,-0.3600127426914863,-0.02372543341072751,-0.3316972501253737,0.9269811793102586,-0.09871834604465837,0.9404337641698945,-0.07076158800891864
20.0,6.86,-0.037458581785589605,-0.3612227285315326,-0.023959656840096478,-0.3328491434566049,0.9264480841462666,-0.09918108597738763,0.9399900604631305,-0.07116759558948679
20.0,6.88,-0.03778464537716452,-0.3624339567302977,-0.024195876259059484,-0.33400262074025067,0.9259120230552143,-0.0996452133549671,0.9395437532654143,-0.07157532999876932
20.0,6.9,-0.03811308159987606,-0.3636464326770932,-0.024434108751445763,-0.3351576846242688,0.9253729784279758,-0.10011072983420692,0.9390948296326806,-0.07198479217020688
20.0,6.92,-0.038443907544590615,-0.36486014801550537,-0.02467436565618419,-0.33631433828863566,0.9248309351754829,-0.10057763398360481,0.9386432730207069,-0.07239598763406269
20.0,6.94,-0.038777141738952935,-0.36607510701772694,-0.024916670137018333,-0.33747258416213577,0.9242858800256646,-0.1010459277504827,0.9381890694455244,-0.07280891709245255
20.0,6.96,-0.039112802854654884,-0.36729131410867966,-0.025161022213607977,-0.3386324304138523,0.9237377933558153,-0.10151561229701885,0.9377322022762834,-0.07322358755485704
20.0,6.98,-0.03945090191421155,-0.3685087618270287,-0.025407450868512545,-0.3397938753788946,0.9231866635631257,-0.10198668467616194,0.9372726563632278,-0.07364000112028735
20.0,7.0,-0.039791457323367446,-0.36972745053897854,-0.025655967510432805,-0.3409569187506731,0.9226324719946446,-0.10245914760324218,0.9368104165799255,-0.07405815981103414
20.0,7.02,-0.04013448160648217,-0.3709473856793507,-0.025906590449799836,-0.34212157165369533,0.9220752023412568,-0.10293300232131765,0.936345466615591,-0.07447806712068815
20.0,7.04,-0.04047999291365156,-0.3721685635849091,-0.026159331254454608,-0.34328783402300217,0.9215148409968469,-0.10340824539427357,0.9358777901826126,-0.0748997264599833
20.0,7.06,-0.04082800998144115,-0.3733909849330201,-0.026414213552997046,-0.344455704939379,0.9209513706754482,-0.10388487777274912,0.9354073730392689,-0.0753231429622956
20.0,7.08,-0.041178544667157556,-0.3746146469049599,-0.026671243384776513,-0.3456251888915897,0.9203847741343181,-0.10436290031209543,0.9349341969192192,-0.07574831806532001
20.0,7.1,-0.041531609338390195,-0.37583955107549855,-0.02693043917277191,-0.34679629356119945,0.919815036292394,-0.10484231401328625,0.9344582478909295,-0.07617525347247942
20.0,7.12,-0.041887235672424916,-0.3770656926084309,-0.027191824618160335,-0.34796901429547633,0.9192421405424088,-0.10532311472978512,0.9339795073437099,-0.07660395534702497
20.0,7.14,-0.042245423596998566,-0.37829307905705994,-0.02745540628013125,-0.3491433599167216,0.9186660704662248,-0.10580530636904738,0.933497960452097,-0.07703442350506652
20.0,7.16,-0.042606197959244745,-0.3795217021225337,-0.02772120840414911,-0.3503193299254419,0.9180868083096086,-0.10628888608131722,0.9330135909398003,-0.07746666248143365
20.0,7.18,-0.04296957813942907,-0.38075156298383334,-0.027989243492767574,-0.3514969288785801,0.9175043382997848,-0.10677385277223307,0.932526380541757,-0.07790067491405593
20.0,7.2,-0.04333557698828771,-0.38198266367532097,-0.02825952993165916,-0.35267615690387044,0.9169186445237728,-0.107260206855942,0.9320363141056803,-0.07833646524699689
20.0,7.22,-0.043704213593913493,-0.38321500118149954,-0.028532086558582307,-0.35385701825451693,0.9163297090027727,-0.10774794840214334,0.9315433747676984,-0.07877403277627064
20.0,7.24,-0.04407549374644812,-0.3844485740680525,-0.028806932016531703,-0.3550395132021897,0.9157375141858561,-0.10823707418267904,0.9310475440739882,-0.07921338312328605
20.0,7.26,-0.04444945062355428,-0.3856833823326449,-0.029084072973822248,-0.35622364718663513,0.9151420451710613,-0.10872758604307149,0.9305488073662247,-0.07965451558835016
20.0,7.28,-0.04482609642434234,-0.3869194194582748,-0.02936353410954158,-0.35740941602577414,0.9145432822126623,-0.10921948190810635,0.9300471450352833,-0.08009743713878431
20.0,7.3,-0.04520544492917632,-0.38815669234639755,-0.029645335405364334,-0.3585968325468462,0.9139412108867155,-0.109712760230999,0.9295425424809766,-0.08054214689449321
20.0,7.32,-0.045587515212872465,-0.38939519383692284,-0.029929489006707218,-0.35978588960469754,0.9133358113668031,-0.1102074203324153,0.9290349793630932,-0.08098864829223767
20.0,7.34,-0.045972320168815126,-0.3906349220553367,-0.030216014421292375,-0.36097659195705967,0.912727067037463,-0.11070346180709192,0.9285244396521878,-0.08143694504102728
20.0,7.36,-0.046359886941831234,-0.39187587809031144,-0.030504931298288216,-0.3621689444688025,0.9121149617221159,-0.11120088096393632,0.9280109065620188,-0.08188703742106065
20.0,7.38,-0.04675022864657282,-0.3931180602093546,-0.030796252732828395,-0.36336294846622375,0.9114994753744055,-0.11169967999568706,0.9274943609181058,-0.08233892866988303
20.0,7.4,-0.047143358437588406,-0.3943614667500206,-0.031089997871222536,-0.3645586006087658,0.9108805921266047,-0.11219985341527754,0.9269747860031201,-0.08279261887735567
20.0,7.42,-0.047539296414355794,-0.39560609529055074,-0.031386193444183225,-0.36575590963831467,0.9102582941424842,-0.11270140345899665,0.9264521634876537,-0.0832481144136215
20.0,7.44,-0.04793806973041524,-0.39685194261543,-0.0316848457516675,-0.3669548691989073,0.9096325623305647,-0.11320432563718284,0.9259264736665691,-0.08370541326682662
20.0,7.46,-0.048339684910271165,-0.39809900805494336,-0.031985975722677626,-0.36815549299462985,0.9090033804114198,-0.11370861892338599,0.9253977016212621,-0.08416452027456293
20.0,7.48,-0.048744162373065336,-0.399347289336687,-0.03228960222980621,-0.36935776943394444,0.9083707279767482,-0.11421428166038272,0.9248658263623599,-0.08462543636116533
20.0,7.5,-0.049151529659137674,-0.4005967833731699,-0.03259575258060094,-0.3705617075742139,0.9077345899102133,-0.1147213127367253,0.9243308302856492,-0.0850881610253535
20.0,7.52,-0.049561793485569494,-0.40184748968591366,-0.032904434105435046,-0.37176730977738015,0.9070949452843586,-0.11522970697518388,0.9237926941666118,-0.08555270001993295
20.0,7.54,-0.049974974020996016,-0.403099401510949,-0.033215673247435844,-0.37297457246800675,0.9064517766161572,-0.11573946595074845,0.923251401537626,-0.08601905273576751
20.0,7.56,-0.050391092706479,-0.4043525213797175,-0.03352947783473987,-0.3741835024173844,0.9058050660411586,-0.11625058624370835,0.922706931569891,-0.08648721968011104
20.0,7.58,-0.05081017054915535,-0.4056068472539934,-0.033845881494772065,-0.37539409986430144,0.9051547947198689,-0.1167630641924964,0.9221592651489361,-0.0869572062801239
20.0,7.6,-0.051232220408029154,-0.4068623686635482,-0.034164891082004926,-0.37660635876938875,0.9045009445155373,-0.11727689931763836,0.9216083850162294,-0.08742900990450256
20.0,7.62,-0.05165726405571533,-0.40811908828840054,-0.034486534760231564,-0.3778202886721961,0.9038434946421238,-0.11779208746032346,0.9210542701647145,-0.08790263395269338
20.0,7.64,-0.05208531567334188,-0.40937700510434744,-0.034810826512511474,-0.3790358873777579,0.903182428344726,-0.11830862646697121,0.9204969031164671,-0.08837807879783253
20.0,7.66,-0.052516403217742605,-0.4106361115982738,-0.03513778740209249,-0.38025315647474534,0.9025177260219496,-0.11882651208686974,0.919936263101962,-0.088855346007001
20.0,7.68,-0.05295054826929574,-0.4118964058768894,-0.035467438631661304,-0.38147209760418543,0.901849369600913,-0.11934574495167259,0.9193723304559278,-0.08933443713424354
20.0,7.7,-0.0533877509109747,-0.4131578888835259,-0.03579979445272131,-0.38269270867824534,0.9011773379652313,-0.11986631715252667,0.9188050866146831,-0.08981535372263814
20.0,7.72,-0.05382805325607263,-0.41442054651548876,-0.036134883390228405,-0.38391499520691713,0.9005016129766507,-0.1203882306541312,0.9182345121567057,-0.09029809549585656
20.0,7.74,-0.054271456747188584,-0.4156843893288114,-0.0364727195079892,-0.3851389507560081,0.8998221755385446,-0.12091147916028745,0.9176605854373129,-0.09078266345844924
20.0,7.76,-0.05471798932897796,-0.4169494051086326,-0.03681331816698573,-0.3863645821985859,0.8991390072492125,-0.12143605954147318,0.9170832869742913,-0.09126905870428641
20.0,7.78,-0.05516767246692436,-0.4182155873110417,-0.03715671466769163,-0.38759189013208334,0.8984520856434253,-0.12196196798724414,0.9165025973315477,-0.09175728221018159
20.0,7.8,-0.05562052170336272,-0.4194829400039394,-0.03750291661753879,-0.38882086882282013,0.8977613943311781,-0.12248920297070184,0.9159184962262092,-0.09224733313043267
20.0,7.82,-0.05607655870421488,-0.420751456718705,-0.037851946051813246,-0.3900515201836905,0.8970669112207238,-0.12301775886355604,0.9153309618894494,-0.09273921518865759
20.0,7.84,-0.05653579788828023,-0.4220211319552172,-0.03820382559062102,-0.39128385068379845,0.8963686182255429,-0.12354763204526006,0.914739975518813,-0.09323292420868062
20.0,7.86,-0.0569982684802138,-0.4232919582373649,-0.03855857668445841,-0.39251785334319683,0.8956664950574817,-0.12407882005153306,0.9141455163368097,-0.09372846537194567
20.0,7.88,-0.0574639857541183,-0.42456393493161343,-0.03891621536956972,-0.3937535353982451,0.8949605209138506,-0.12461131701905193,0.9135475623262652,-0.09422583553551825
20.0,7.9,-0.05793296503644617,-0.42583706147626416,-0.03927677708483953,-0.3949908885191348,0.8942506769250633,-0.12514511880871643,0.9129460931412486,-0.09472503643506243
20.0,7.92,-0.05840523527071479,-0.42711132550838077,-0.039640263892044725,-0.3962299168449092,0.8935369420278203,-0.12568022242635313,0.9123410877676856,-0.09522606638358136
20.0,7.94,-0.058880812668325816,-0.42838673140478106,-0.04000671242797802,-0.3974706211499834,0.8928192954659122,-0.12621662318389096,0.9117325249176305,-0.09572892675369662
20.0,7.96,-0.059359718281951475,-0.42966326285006495,-0.040376130887145686,-0.3987129958458501,0.8920977188499694,-0.12675431499694279,0.9111203844060879,-0.09623361889669818
20.0,7.98,-0.05984196847591241,-0.43094092428071423,-0.04074854975574561,-0.39995704701158846,0.8913721903571079,-0.12729329433129058,0.9105046424134011,-0.09674013882041517
20.0,8.0,-0.06032759338969724,-0.4322197082057615,-0.041123991352258485,-0.4012027676680257,0.8906426884804942,-0.127833555958547,0.9098852797532565,-0.09724848931697365
20.0,8.02,-0.06081660824238525,-0.43349960920194874,-0.0415024720438374,-0.40245016076166673,0.8899091946605835,-0.1283750965117349,0.9092622736107712,-0.09775866783341568
20.0,8.04,-0.06130902828635513,-0.43478062185849686,-0.041884015308774565,-0.40369922858361335,0.8891716878014951,-0.12891790894149144,0.9086356029899753,-0.09827067508369618
20.0,8.06,-0.061804883317386254,-0.43606273359944614,-0.04226864380527914,-0.404949964149689,0.888430145662,-0.12946198746898968,0.9080052441611969,-0.09878450813519227
20.0,8.08,-0.062304190924086754,-0.4373459540480483,-0.04265638129214817,-0.4062023697622986,0.8876845479220585,-0.13000732802489245,0.9073711769544083,-0.09930017071233066
20.0,8.1,-0.0628069721154002,-0.4386302616212559,-0.04304725118716735,-0.40745644308110657,0.8869348745839774,-0.13055392485199485,0.9067333779440042,-0.09981765802325165
20.0,8.12,-0.06331324392149758,-0.4399156609639696,-0.04344126991211506,-0.4087121825141371,0.8861811034800228,-0.13110177330273645,0.9060918255200708,-0.10033696853807285
20.0,8.14,-0.06382303738518777,-0.4412021444644425,-0.04383846875426632,-0.4099695896765287,0.8854232140248194,-0.13165086564443482,0.905446495527059,-0.10085810509882992
20.0,8.16,-0.0643363675776518,-0.44248970160265494,-0.0442388638723364,-0.4112286582783195,0.884661184261701,-0.13220119694688012,0.9047973678823656,-0.1013810628459874
20.0,8.18,-0.06485325882049997,-0.44377833089703617,-0.04464247248566562,-0.412489391486403,0.8838949925712889,-0.13275276059015761,0.9041444178793572,-0.10190584105800882
20.0,8.2,-0.06537372631166893,-0.44506802179330535,-0.04504933302901968,-0.4137517854204764,0.883124618228817,-0.13330555150697143,0.9034876238283669,-0.10243244079321995
20.0,8.22,-0.06589780160058362,-0.446358766527448,-0.04545946200021805,-0.41501583373366024,0.8823500398315297,-0.13385956279038783,0.9028269617036112,-0.10296085630244901
20.0,8.24,-0.0664254937789199,-0.4476505659046361,-0.045872877515112515,-0.4162815444147809,0.8815712350744679,-0.13441478723553263,0.9021624089222144,-0.10349108823452986
20.0,8.26,-0.06695684248036156,-0.4489434109939186,-0.046289602936573734,-0.41754890554872015,0.8807881868403771,-0.1349712182682659,0.9014939421131164,-0.10402313539216007
20.0,8.28,-0.0674918468017819,-0.45023728828584403,-0.046709670653933624,-0.41881791874071816,0.8800008614292415,-0.13552884975583607,0.9008215381635545,-0.10455699485421095
20.0,8.3,-0.06803055528109912,-0.45153219270790707,-0.047133098643112825,-0.4200885872564735,0.8792092502990583,-0.13608767453571105,0.9001451719685835,-0.10509266330988423
20.0,8.32,-0.06857296867051486,-0.4528281210738246,-0.04755991066557772,-0.42136089905216345,0.8784133172029192,-0.1366476841552248,0.8994648214332508,-0.10563013922970353
20.0,8.34,-0.06911911056117029,-0.4541250614351928,-0.047990132244595786,-0.4226348565492823,0.8776130566147939,-0.13720887317915872,0.8987804622833425,-0.10616942225691785
20.0,8.36,-0.06966902214883092,-0.45542300980985684,-0.04842378850994514,-0.42391045733218385,0.8768084325486851,-0.13777123283689957,0.8980920708824036,-0.10671050717032746
20.0,8.38,-0.0702227034913364,-0.4567219577805809,-0.04886089675283203,-0.42518769492695174,0.8759994293618554,-0.1383347573521109,0.8973996210574307,-0.10725339305210772
20.0,8.4,-0.07078019526297562,-0.45802189605283605,-0.04930149032208751,-0.42646657091385576,0.8751860219200893,-0.13889943615464745,0.8967030914167703,-0.10779807461701711
20.0,8.42,-0.07134150556093811,-0.4593228149160068,-0.04974558674546619,-0.42774707877150914,0.8743681945715635,-0.13946526470343334,0.8960024557732112,-0.10834455219124058
20.0,8.44,-0.07190666013917184,-0.4606247127431025,-0.050193219719016434,-0.42902922005972965,0.8735459123813386,-0.1400322305128759,0.8952976896261946,-0.10889282136325072
20.0,8.46,-0.07247569046673137,-0.4619275707162682,-0.050644406426173974,-0.4303129832532494,0.8727191599601525,-0.14060032872258513,0.8945887685702294,-0.10944287756259512
20.0,8.48,-0.07304861453476895,-0.46323138837477884,-0.05109917336444701,-0.4315983707362611,0.8718879127201942,-0.14116954813441623,0.8938756679120614,-0.10999471917935837
20.0,8.5,-0.0736254568129509,-0.46453615334359516,-0.051557546606816496,-0.4328853799490374,0.8710521552640911,-0.14173988510662375,0.8931583624056314,-0.11054834118819956
20.0,8.52,-0.07420623459929296,-0.4658418598123595,-0.052019543599523425,-0.4341739992225967,0.8702118534974519,-0.14231132497253832,0.8924368275462617,-0.11110374164306759
20.0,8.54,-0.07479098067747725,-0.46714849398830144,-0.05248520702318689,-0.4354642340867913,0.8693669925434301,-0.14288386224699082,0.8917110372576325,-0.11166091505600037
20.0,8.56,-0.07537970349877823,-0.4684560458896295,-0.0529545470014721,-0.4367560736874002,0.8685175378821488,-0.14345748647659506,0.8909809662049348,-0.11221985901036223
20.0,8.58,-0.07597243778258823,-0.46976451236010935,-0.05342759775121165,-0.4380495143838151,0.8676634856530802,-0.1440321889573752,0.8902465895445464,-0.11278056780554627
20.0,8.6,-0.07656920851425764,-0.47107388071594375,-0.05390437901492205,-0.43934455941946976,0.8668047914006648,-0.1446079587588378,0.8895078811196445,-0.11334303854841614
20.0,8.62,-0.07717004078419652,-0.47238413817620395,-0.054384924121122905,-0.4406411949899487,0.8659414510281993,-0.14518478989506853,0.8887648142510923,-0.1139072649315997
20.0,8.64,-0.0777749441481672,-0.4736952800304671,-0.054869251801714904,-0.44193941411706333,0.8650734209293559,-0.14576266803932514,0.8880173650431501,-0.11447324396906744
20.0,8.66,-0.07838395208065795,-0.47500729204205006,-0.055357390475874346,-0.44323922411458966,0.8642006975350264,-0.14634158538499376,0.8872655056129887,-0.11504097196778276
20.0,8.68,-0.07899709084897914,-0.4763201666953142,-0.05584936554590154,-0.44454060680089663,0.8633232370860365,-0.14692153026010013,0.8865092098177461,-0.11561044053748637
20.0,8.7,-0.07961438502075716,-0.4776338854371556,-0.05634520574302932,-0.44584356945319936,0.8624410362901063,-0.1475024945425117,0.8857484518470382,-0.1161816474344252
20.0,8.72,-0.08023584529310653,-0.4789484488961377,-0.056844944530266,-0.44714809270979544,0.8615540619219592,-0.14808446638554906,0.8849832055886453,-0.11675458545631694
20.0,8.74,-0.08086151400891257,-0.4802638411038707,-0.057348595367461,-0.4484541857836874,0.8606622809583859,-0.14866743374205899,0.8842134426073581,-0.1173292500393693
20.0,8.76,-0.08149139924132821,-0.481580046047126,-0.05785619195264579,-0.4497618291304277,0.8597656806376707,-0.14925138629993895,0.8834391376422873,-0.11790563683232493
20.0,8.78,-0.08212553707679836,-0.48289706001571303,-0.058367762975725754,-0.451071024751508,0.8588642379143591,-0.14983631487865628,0.8826602649436552,-0.11848373807880912
20.0,8.8,-0.08276394504948466,-0.48421487101228744,-0.05888332805485348,-0.4523817652897289,0.8579579205523672,-0.15042220538981707,0.8818767893351288,-0.11906354768684435
20.0,8.82,-0.0834066566950777,-0.4855334584782734,-0.05940292268638546,-0.453694041259213,0.8570467061327722,-0.15100904678340363,0.8810887013616805,-0.1196450612542587
20.0,8.84,-0.0840536821608096,-0.48685281725519386,-0.05992657533989575,-0.45500784932996136,0.856130581998101,-0.15159683107320562,0.8802959539271329,-0.1202282706493853
20.0,8.86,-0.08470505710534755,-0.4881729377945282,-0.06045431394656907,-0.4563231808855746,0.8552095082024227,-0.15218553292029238,0.8794985307227033,-0.12081317012813958
20.0,8.88,-0.08536080690613972,-0.4894938006750163,-0.06098615059673478,-0.45764002934422154,0.8542834703258142,-0.15277515593296884,0.8786963950905403,-0.12139975251994593
20.0,8.9,-0.0860209418637066,-0.4908154006107302,-0.06152213879891388,-0.45895839330274085,0.8533524264429686,-0.15336568778891585,0.8778895309665623,-0.12198801170571523
20.0,8.92,-0.08668550459130057,-0.4921377149768066,-0.06206228146338284,-0.4602782565735576,0.8524163768246179,-0.15395710813344565,0.8770779019753808,-0.12257794010844228
20.0,8.94,-0.08735450652829647,-0.49346074402715395,-0.06260662375317919,-0.4615996133435029,0.8514752826540949,-0.15454938942381818,0.8762614822150394,-0.12316952981278213
20.0,8.96,-0.08802798196264154,-0.4947844664223988,-0.0631551950165281,-0.462922459890818,0.8505291266670709,-0.15514255382986,0.8754402457060774,-0.12376277423631404
20.0,8.98,-0.08870593937259845,-0.49610886524869025,-0.06370800782343401,-0.4642467893344496,0.8495778731747264,-0.15573655853429624,0.8746141668219646,-0.12435766506859292
20.0,9.0,-0.08938848571275325,-0.49743392353358007,-0.06426510719742236,-0.46557259028435344,0.8486215079584785,-0.15633141043936638,0.8737832095817681,-0.12495419541409321
20.0,9.02,-0.09007546467729649,-0.49875965381955895,-0.06482651328959688,-0.4668998491906305,0.8476599958301524,-0.15692706641221954,0.8729473388352138,-0.1255523535700161
20.0,9.04,-0.09076715554190551,-0.5000859960326413,-0.0653922566988558,-0.46822856741005175,0.8466933201983232,-0.15752354775816937,0.8721065490808979,-0.12615213653702645
20.0,9.06,-0.09146331634710243,-0.5014129901336827,-0.0659623741293315,-0.469558728949557,0.8457214435928192,-0.15812082573881125,0.8712607849454861,-0.12675353234316367
20.0,9.08,-0.09216413899972992,-0.5027405855334792,-0.06653687936439241,-0.47089033193717494,0.8447443580331526,-0.15871887691701317,0.8704100318452013,-0.12735653155425322
20.0,9.1,-0.0928696423556272,-0.5040687687573435,-0.0671158175863971,-0.4722233589785843,0.8437620335103853,-0.15931768881600633,0.8695542646303883,-0.12796112764896664
20.0,9.12,-0.093579757073807,-0.5053975425931562,-0.06769920277204777,-0.4735578080611721,0.8427744277524741,-0.1599172616058917,0.8686934485178269,-0.12856731089634096
20.0,9.14,-0.09429467821824698,-0.5067268608848919,-0.06828708124303193,-0.47489366697326724,0.8417815334014422,-0.16051757129849134,0.8678275491386789,-0.12917506981466897
20.0,9.16,-0.09501424912379049,-0.5080567485877713,-0.06887947391632361,-0.4762309214361904,0.8407833239251646,-0.16111859009803545,0.8669565318664446,-0.12978439571752717
20.0,9.18,-0.09573857472036724,-0.5093871639316138,-0.06947641166029248,-0.47756956682504426,0.8397797646030633,-0.16172033402704616,0.8660803826611025,-0.13039527965371878
20.0,9.2,-0.09646767500519009,-0.5107180989249488,-0.07007792470133235,-0.47890959295211344,0.8387708446920339,-0.16232274741701466,0.8651990672220303,-0.13100771249925275
20.0,9.22,-0.09720156778129091,-0.5120495337759037,-0.07068404340343526,-0.4802509895177324,0.8377565202622499,-0.16292584397224014,0.8643125521305659,-0.1316216803588701
20.0,9.24,-0.0979402730831039,-0.5133814603807806,-0.07129479744753468,-0.4815937405645523,0.8367367754193455,-0.1635295969582054,0.8634208032527589,-0.13223717513707356
20.0,9.26,-0.09868389855122883,-0.5147138415501402,-0.07191021745202375,-0.4829378355190334,0.8357115848888308,-0.16413397762597035,0.8625237972734371,-0.13285418549793584
20.0,9.28,-0.09943237374256268,-0.5160466800882919,-0.07253033500805849,-0.4842832692675393,0.8346809150611277,-0.16473900077842146,0.8616215008912982,-0.1334726998651983
20.0,9.3,-0.10018571643927289,-0.5173799558058574,-0.07315518018897635,-0.485630025459585,0.8336447469219158,-0.16534460810084797,0.8607138906861197,-0.13409270946566204
20.0,9.32,-0.10094403725449469,-0.5187136427053186,-0.073784784876409,-0.4869780987777333,0.8326030473548846,-0.16595081392985572,0.8598009141731487,-0.13471419765042275
20.0,9.34,-0.10170735466890682,-0.5200477200217272,-0.0744191785489909,-0.4883274669811745,0.831555801709091,-0.16655759060947606,0.8588825683716241,-0.1353371567646703
20.0,9.36,-0.10247559849791342,-0.5213821967411633,-0.07505839422164658,-0.4896781301347741,0.8305029831061582,-0.1671649229304495,0.8579588005235915,-0.13596157416255142
20.0,9.38,-0.10324887537677702,-0.5227170222599136,-0.07570246931898147,-0.4910300587188271,0.8294445458288213,-0.16777279159553124,0.8570295887165792,-0.13658743561588446
20.0,9.4,-0.10402720729725698,-0.5240521934960629,-0.0763514209023027,-0.49238326086879375,0.8283804951441852,-0.1683811722611389,0.8560949105027809,-0.13721473117374516
20.0,9.42,-0.10481052101281155,-0.5253877075583363,-0.0770052952222694,-0.49373770539136635,0.8273107734319071,-0.16899005772221465,0.8551547143107168,-0.13784344440638163
20.0,9.44,-0.105599018107255,-0.5267235066736471,-0.07766411642028892,-0.4950933875553186,0.8262353674139187,-0.16959941935874545,0.8542089781390808,-0.1384735648511206
20.0,9.46,-0.10639262673344968,-0.5280595936117134,-0.07832791647479732,-0.49645029552797176,0.8251542640750197,-0.17020922842839972,0.8532576705822228,-0.13910507872759914
20.0,9.48,-0.10719136651481792,-0.529395952906288,-0.07899672659333962,-0.49780841161710354,0.8240674132583302,-0.17081949331556534,0.8523007604610899,-0.13973797200535448
20.0,9.5,-0.10799525583735946,-0.5307325629007744,-0.07967057900835713,-0.49916772368513723,0.8229748054891501,-0.17143017043737113,0.8513382266270473,-0.1403722320192053
20.0,9.52,-0.10880440717173903,-0.5320693889324155,-0.08034951390152385,-0.5005282122985368,0.8218764066750508,-0.17204124089357878,0.8503700087112449,-0.14100784087225549
20.0,9.54,-0.10961874647105357,-0.5334064278124199,-0.08103355600318626,-0.5018898721659535,0.8207721894899983,-0.17265270184344553,0.8493961056298813,-0.14164478862271426
20.0,9.56,-0.11043829332385967,-0.5347436636575749,-0.08172273607944823,-0.5032526791644784,0.8196621328955565,-0.17326452153173766,0.8484164575461088,-0.1422830568160761
20.0,9.58,-0.11126315960561155,-0.5360810549125646,-0.08241709662492046,-0.5046166249008462,0.8185462037220772,-0.1738766803395418,0.8474310540247056,-0.14292263339737135
20.0,9.6,-0.11209336429385773,-0.5374185788634767,-0.08311666082380448,-0.5059816921098174,0.8174243815950394,-0.17448914613634178,0.8464398555462875,-0.1435635011577261
20.0,9.62,-0.11292892893121999,-0.5387562250528509,-0.08382146958078028,-0.5073478604480016,0.8162966279063837,-0.17510192737001765,0.8454428226295325,-0.14420564407941888
20.0,9.64,-0.11376977821779476,-0.5400939904177167,-0.08453154819028662,-0.5087151239843252,0.8151629290260366,-0.1757149629635451,0.8444399260563493,-0.14484904604637897
20.0,9.66,-0.1146160235591411,-0.5414318260944171,-0.08524693688301975,-0.5100834561658393,0.8140232563600819,-0.17632826288927528,0.8434311268940329,-0.14549369048329722
20.0,9.68,-0.11546778120638936,-0.5427697011655872,-0.08596766812028196,-0.5114528375095996,0.8128775845209995,-0.17694177794857505,0.8424164059016798,-0.1461395638862314
20.0,9.7,-0.11632487947325686,-0.5441076262033779,-0.08669376851136272,-0.5128232675504945,0.8117258668191573,-0.17755551347478446,0.8413957249243881,-0.14678664766804514
20.0,9.72,-0.11718743436898536,-0.5454455702464485,-0.0874252776905866,-0.5141947132036929,0.8105681066555906,-0.17816942597550184,0.840369046111866,-0.14743492295379323
20.0,9.74,-0.11805555744002176,-0.5467834765254165,-0.08816222047248735,-0.5155671618810929,0.809404251762161,-0.17878350404067667,0.8393363410680116,-0.14808437521481876
20.0,9.76,-0.1189291765616965,-0.5481213604533322,-0.08890464877952471,-0.5169405962424226,0.8082342937803,-0.17939771591860063,0.838297572259313,-0.14873498647341088
20.0,9.78,-0.11980830775669503,-0.5494591855448899,-0.08965258772390598,-0.5183150033873054,0.8070581936353857,-0.18001203761187756,0.8372527050690405,-0.14938672384209356
20.0,9.8,-0.12069306861463285,-0.5507969193402485,-0.09040605933624896,-0.5196903523659729,0.8058759312315656,-0.18062644900191155,0.8362017072717809,-0.1500395982605244
20.0,9.82,-0.12158347713232047,-0.5521345308796268,-0.09116511706433983,-0.5210666311606608,0.8046874775259237,-0.18124092765999386,0.835144545098265,-0.15069357479766637
20.0,9.84,-0.12247945744241567,-0.5534720231045149,-0.09192977718716974,-0.5224438279587288,0.8034928070242727,-0.18185543688224787,0.8340811851484552,-0.15134861830478943
20.0,9.86,-0.12338112356410023,-0.5548093436460707,-0.09270012693222827,-0.5238219058930436,0.8022918790471654,-0.18246996570181828,0.8330115864361556,-0.1520047370324629
20.0,9.88,-0.12428849758931157,-0.556146480188807,-0.09347610858142755,-0.5252008596368783,0.8010846841729465,-0.18308449513082894,0.8319357257852679,-0.15266189698702254
20.0,9.9,-0.12520150002309757,-0.5574834229784721,-0.09425778411548424,-0.5265806688589137,0.7998711920387752,-0.18369897172175237,0.8308535681079809,-0.15332007672335216
20.0,9.92,-0.12612034439682446,-0.5588201030786782,-0.09504527013219512,-0.5279612968729288,0.798651372355174,-0.1843133858579514,0.8297650664127713,-0.15397926721277386
20.0,9.94,-0.12704495422435774,-0.5601565230782221,-0.09583850052310641,-0.5293427458170599,0.7974251984082433,-0.18492771367078303,0.8286701985314051,-0.15463943366112384
20.0,9.96,-0.12797534860469428,-0.5614926573107899,-0.0966375912857409,-0.5307249723208457,0.7961926347116918,-0.18554192890650384,0.8275689303968151,-0.15530055374303012
20.0,9.98,-0.12891154510180516,-0.5628284734701701,-0.09744247472722319,-0.532107972356802,0.7949536677871635,-0.1861559954463948,0.8264612160519774,-0.15596261746805928
20.0,10.0,-0.12985356417432917,-0.5641639520186255,-0.09825327067425571,-0.5334917202724967,0.7937082688854551,-0.18676990259426776,0.8253470221312483,-0.15662560184143892
20.0,10.02,-0.13080152195753303,-0.5654990374690125,-0.09907000207726437,-0.5348761824591248,0.7924564011827555,-0.18738359351204828,0.824226327857864,-0.15728947099859086
20.0,10.04,-0.1317553421088381,-0.566833739014938,-0.09989269525952467,-0.5362613435226056,0.7911980550564328,-0.18799706131842508,0.8230990855844473,-0.15795422834916314
20.0,10.05,-0.1322345166625053,-0.5675009157969014,-0.10030628524819708,-0.5369541785860951,0.7905664300522182,-0.18830370830687224,0.8225329977713554,-0.15828692218814197
20.0,10.06,-0.13271513960284262,-0.5681679939841641,-0.10072137541954948,-0.5376471817624862,0.7899331789554201,-0.1886102742109529,0.8219652590577167,-0.1586198194349844
20.0,10.08,-0.13368093695993274,-0.5695017883041464,-0.10155616300030494,-0.5390336637783358,0.788661767316917,-0.18922321094985864,0.8208248203147421,-0.1592862506020672
20.0,10.1,-0.1346526509012177,-0.5708351050706018,-0.10239689294669456,-0.5404207904144156,0.7873837819315214,-0.18983582762257176,0.8196777244718428,-0.15995346502285607
20.0,10.12,-0.13563040147747685,-0.5721679001888311,-0.10324387575489596,-0.5418084982349675,0.7860991999481086,-0.19044809821116213,0.818523944274168,-0.1606214683641329
20.0,10.14,-0.13661420641456326,-0.5735001394148372,-0.10409685127124514,-0.5431968059637168,0.7848079899048129,-0.1910599942555853,0.8173634423213222,-0.16129021935513546
20.0,10.16,-0.13760408649990338,-0.5748318015104851,-0.10495603642196472,-0.544585667287064,0.7835101388684781,-0.1916714914393223,0.8161961854363313,-0.16195970683423086
20.0,10.18,-0.13860006090822358,-0.576162858496585,-0.10582155119754838,-0.5459750342451268,0.7822056016116067,-0.19228254272608433,0.815022137072717,-0.16262988893973157
20.0,10.2,-0.13960214714340005,-0.5774932755759737,-0.10669313560534613,-0.5473649388015873,0.7808943627932233,-0.19289313698805297,0.8138412583223281,-0.16330073776894322
20.0,10.22,-0.1406104652405943,-0.5788229998434541,-0.10757110014762342,-0.5487552955940257,0.779576392834984,-0.19350324473326574,0.8126535049994014,-0.16397225345920363
20.0,10.24,-0.14162483232951328,-0.5801520516704276,-0.10845537660929347,-0.5501461055478797,0.7782516604773159,-0.19411280680244677,0.8114588634537167,-0.16464438279474103
20.0,10.26,-0.14264546956671523,-0.5814803530914915,-0.10934599083507766,-0.5515373446397441,0.7769201394090377,-0.19472182265166757,0.8102572745034218,-0.1653171072731373
20.0,10.28,-0.14367239645602478,-0.5828078746948154,-0.11024306389120886,-0.5529289630448977,0.7755818173203295,-0.1953302371694064,0.8090487196445494,-0.16599040144261992
20.0,10.3,-0.14470552881375282,-0.5841346054222891,-0.11114652682416425,-0.5543209616097888,0.7742366454388152,-0.1959380289681144,0.807833149914554,-0.1666642479292776
20.0,10.32,-0.14574498913079667,-0.5854604973092185,-0.11205640285440842,-0.5557133029263936,0.7728846180460599,-0.196545158321602,0.8066105348756821,-0.16733858860844464
20.0,10.34,-0.1467907933150305,-0.5867855069039031,-0.11297281623638195,-0.5571059487861224,0.7715256997757789,-0.1971515920504203,0.8053808421993554,-0.16801342336028724
20.0,10.36,-0.14784285956466656,-0.5881096365709108,-0.11389579343285075,-0.5584988736514965,0.7701598558510562,-0.1977572966887857,0.8041440272548044,-0.16868871964367194
20.0,10.38,-0.14890130744845967,-0.589432823748194,-0.1148253595652862,-0.5598920453341893,0.7687870751800496,-0.19836225875497163,0.8029000581489698,-0.1693644324962927
20.0,10.4,-0.14996615767954116,-0.5907550446745455,-0.11576154102430046,-0.5612854378381542,0.767407322114564,-0.19896641512668975,0.8016489005539701,-0.1700405307082884
20.0,10.42,-0.15103752906124077,-0.5920762286606288,-0.11670426462872856,-0.5626790388516716,0.7660205636098036,-0.19956973160121663,0.8003905146730926,-0.17071701068358658
20.0,10.44,-0.15211523394008822,-0.5933963972752554,-0.11765375421420177,-0.56407278783951,0.7646267936378259,-0.2001721806094692,0.7991248638752583,-0.1713938105621037
20.0,10.46,-0.15319939412966502,-0.5947154932005366,-0.11861003409969653,-0.5654666446669271,0.7632259679375278,-0.20077373846178892,0.7978519093546804,-0.17207092598633453
20.0,10.48,-0.1542901322811719,-0.5960334581850013,-0.11957293474805175,-0.5668606301727493,0.7618180674572419,-0.2013743591098048,0.7965716247755628,-0.17274829648533813
20.0,10.5,-0.15538746583391172,-0.5973502532750014,-0.12054267863343485,-0.5682546691584582,0.7604030737431199,-0.20197399635539923,0.7952839631422409,-0.17342591496824333
20.0,10.52,-0.15649120311501816,-0.5986658938958979,-0.12151929265687368,-0.5696487337715401,0.7589809443956397,-0.20257262568255643,0.7939888840150163,-0.17410374609456214
20.0,10.54,-0.15760167768636243,-0.5999802730583156,-0.12250280227858772,-0.5710427893672939,0.7575516709257802,-0.20317020275032,0.7926863627600003,-0.17478172851190443
20.0,10.56,-0.1587185924952795,-0.6012934336858109,-0.1234931343941241,-0.5724368291623129,0.756115215717067,-0.20376668926158606,0.7913763600499905,-0.17545986978923697
20.0,10.58,-0.15984227680287783,-0.602605246477071,-0.12449051391614722,-0.5738307750606209,0.7546715505465544,-0.2043620489768827,0.790058834123294,-0.17613810389847068
20.0,10.6,-0.16097254281679993,-0.6039157477563738,-0.12549476603991763,-0.5752246348989487,0.7532206651786745,-0.20495625011026816,0.7887337559571367,-0.17681639621620476
20.0,10.62,-0.16210950848702052,-0.6052248556424623,-0.12650611939974127,-0.5766183425930443,0.7517625188597146,-0.20554923808000747,0.7874010818063414,-0.17749473724236742
20.0,10.64,-0.16325329994119628,-0.6065325150267395,-0.1275244975333268,-0.5780118772946808,0.7502971026191946,-0.20614098067854095,0.7860607777650902,-0.1781730757828129
20.0,10.66,-0.16440372401586445,-0.6078387489542196,-0.12854992695682121,-0.5794052094187314,0.7488243699161503,-0.20673144904290452,0.7847128074638215,-0.1788513740839124
20.0,10.68,-0.1655608988521649,-0.6091434741648416,-0.12958253402111441,-0.5807982798541086,0.7473443116340922,-0.20732058192535108,0.7833571261301893,-0.17952959197765234
20.0,10.7,-0.16672484629418305,-0.610446670464756,-0.13062234585070312,-0.5821910579767633,0.745856908451556,-0.2079083571105411,0.7819937135399765,-0.18020770879103554
20.0,10.72,-0.1678956852943034,-0.6117482530744772,-0.13166928615422002,-0.5835835291927711,0.7443621109684905,-0.20849472946106817,0.7806225113007005,-0.18088566581129834
20.0,10.74,-0.16907333118279105,-0.6130482303329148,-0.1327234832960301,-0.5849756397531235,0.7428599170796832,-0.2090796525787984,0.7792435004087738,-0.1815634416361633
20.0,10.76,-0.17025779580544828,-0.6143465462508537,-0.13378506348311148,-0.5863673214405718,0.7413502996582007,-0.20966307273574405,0.7778566418198452,-0.18224098103997835
20.0,10.78,-0.1714492041062777,-0.6156431358124065,-0.13485384910037715,-0.5877585890726087,0.7398332213645771,-0.2102449747761496,0.7764618966063866,-0.1829182712829953
20.0,10.8,-0.17264757215783177,-0.6169379560077275,-0.13592996745040822,-0.5891493807714819,0.7383086772574494,-0.21082529637436406,0.775059221366892,-0.18359524075355702
20.0,10.82,-0.17385281196348618,-0.6182310081511383,-0.13701354670260088,-0.5905396336114349,0.7367766302747562,-0.21140399362206605,0.7736485874356931,-0.1842718780106832
20.0,10.84,-0.17506493462882938,-0.619522235183449,-0.13810451085754313,-0.5919293386275845,0.7352370489607309,-0.21198103759474687,0.7722299617796509,-0.18494811294007954
20.0,10.86,-0.17628417376748456,-0.6208115395871481,-0.13920298678887252,-0.5933184251249007,0.7336899306190797,-0.21255636547882525,0.7708032992334632,-0.1856239290718129
20.0,10.88,-0.17751033036439354,-0.6220989458711085,-0.14030889781649192,-0.594706883941838,0.7321352368258571,-0.213129945446616,0.7693685650309626,-0.1862992690880591
20.0,10.9,-0.1787436345735014,-0.6233843409237315,-0.14142237267617758,-0.5960946502200056,0.7305729505269455,-0.21370173745189214,0.7679257275129053,-0.18697410436672895
20.0,10.92,-0.17998388614808714,-0.624667749632228,-0.14254343831701058,-0.5974816897733255,0.7290030460815177,-0.21427167084340054,0.7664747412842642,-0.18764838815679863
20.0,10.94,-0.18123131783161167,-0.6259490646939555,-0.14367211665862606,-0.5988679474845428,0.7274255042981421,-0.21483971795133117,0.7650155738693175,-0.18832206213309782
20.0,10.96,-0.1824858355535236,-0.6272282723582047,-0.14480843439632063,-0.6002533885293183,0.7258402899620362,-0.21540584581890387,0.7635481957975413,-0.18899509654463492
20.0,10.98,-0.18374734416067803,-0.6285053594945985,-0.14595252315889665,-0.6016379523616023,0.7242474004535642,-0.21596997552294603,0.7620725640175503,-0.18966744354653883
20.0,11.0,-0.18501618708817877,-0.6297801844401372,-0.14710419633872648,-0.6030216405209307,0.7226467984747744,-0.21653208634101367,0.7605886450799084,-0.19033905710189714
20.0,11.02,-0.18629205155293302,-0.6310528049644496,-0.14826368716805552,-0.6044043522732161,0.7210384626967389,-0.21709210673068374,0.7590964063191895,-0.19100989082379274
20.0,11.04,-0.18757527765805632,-0.6323230630478672,-0.14943091859586727,-0.605786084050396,0.7194223862181138,-0.21765001030613346,0.7575958071382499,-0.191679895771009
20.0,11.06,-0.18886555522469098,-0.6335910318589911,-0.15060601931856116,-0.6071667593674553,0.717798525266469,-0.21820574530627015,0.7560868078062699,-0.19234902262659812
20.0,11.08,-0.19016322308029837,-0.6348565441996998,-0.15178901434049638,-0.6085463340335858,0.7161668694994041,-0.2187592422286226,0.7545693834719325,-0.19301723931476486
20.0,11.1,-0.19146807822005082,-0.6361196334259839,-0.15297992852477393,-0.6099247635345884,0.7145274024066738,-0.2193104839905306,0.7530434873490713,-0.1936844935118495
20.0,11.12,-0.1927801316172796,-0.6373802452688887,-0.15417867812309388,-0.6113020229037605,0.7128800988968211,-0.2198593957305548,0.7515090943056996,-0.1943507238541553
20.0,11.14,-0.19409961913782584,-0.6386382647500309,-0.1553855025994884,-0.6126780203769203,0.7112249354509781,-0.2204059299221204,0.7499661646388169,-0.19501589268487698
20.0,11.16,-0.19542644314167765,-0.6398936771135795,-0.15660031812147437,-0.614052730097279,0.7095618894815865,-0.2209500388096994,0.748414657715007,-0.1956799335004109
20.0,11.18,-0.19676050716022897,-0.6411464756517035,-0.15782314891679466,-0.6154261062048366,0.7078909474881211,-0.22149167696317662,0.7468545408447413,-0.1963428231430376
20.0,11.2,-0.19810204321061575,-0.6423965284803489,-0.15905412670895475,-0.6167980747537914,0.7062120887050992,-0.22203079620086835,0.7452857872640013,-0.19700448361326944
20.0,11.22,-0.19945084454580522,-0.6436438703523312,-0.1602931682380589,-0.618168616560164,0.7045252929730763,-0.22256732097028503,0.7437083608752547,-0.19766487571956914
20.0,11.24,-0.20080714354768592,-0.6448883678773942,-0.16154029353545898,-0.6195376705162499,0.702830533755251,-0.22310122735512147,0.7421222179219316,-0.19832395752897033
20.0,11.26,-0.20217095309588556,-0.6461299708477327,-0.16279563821784626,-0.6209051752421352,0.7011277968436898,-0.22363242723701843,0.740527326031985,-0.19898164784829286
20.0,11.28,-0.20354206220584592,-0.6473687072958757,-0.16405922264138575,-0.6222710682517658,0.6994170698684794,-0.22416091361500345,0.7389236570221396,-0.19963792151976142
20.0,11.3,-0.20492070608792323,-0.6486044489780395,-0.165331181428326,-0.623635279281231,0.6976983245285401,-0.22468659298571828,0.7373111770073068,-0.20029270963726326
20.0,11.32,-0.20630678349918444,-0.6498371809159914,-0.1666113170322787,-0.6249978025502617,0.6959715460930395,-0.22520941616267653,0.7356898412061994,-0.20094595357063794
20.0,11.34,-0.20770041697073938,-0.6510668088469216,-0.16789976153432937,-0.6263585601172892,0.6942367168737434,-0.22572934589226218,0.7340596277908745,-0.20159761407561852
20.0,11.36,-0.20910162055255954,-0.652293288735846,-0.16919654017386362,-0.6277175095646693,0.6924938200588681,-0.22624631784311408,0.7324204975519265,-0.2022476189473909
20.0,11.38,-0.2105102892046407,-0.6535165980380713,-0.17050178000675473,-0.629074549472179,0.6907428319939843,-0.22676026499742077,0.7307724222044103,-0.20289592589599426
20.0,11.4,-0.21192654526642463,-0.6547366409063098,-0.17181539849399727,-0.6304296732433001,0.688983746084546,-0.22727115214486673,0.7291153647259483,-0.20354246206258553
20.0,11.42,-0.21335040203869407,-0.6559533725337827,-0.173137524638802,-0.6317827854520799,0.6872165448148142,-0.22777889996404158,0.7274492905386195,-0.20418718207686443
20.0,11.44,-0.21478175298897695,-0.6571667702672853,-0.17446807108158505,-0.6331338647608741,0.6854411999597844,-0.22828346506765335,0.7257741648972995,-0.2048300124233694
20.0,11.46,-0.21622083762969804,-0.6583767065129289,-0.17580717079542454,-0.6344828290521879,0.6836577041737288,-0.2287847970844167,0.724089963771352,-0.20547090934965165
20.0,11.48,-0.21766754903648752,-0.6595831577860948,-0.17715495341162169,-0.6358295802894915,0.6818660434354518,-0.22928281641806583,0.7223966510710645,-0.2061098113348932
20.0,11.5,-0.21912178163238316,-0.6607861089069611,-0.1785111084457419,-0.6371741583145747,0.6800661969643498,-0.22977746727868997,0.7206942001898713,-0.2067466588878077
20.0,11.52,-0.22058377534963244,-0.6619854299652985,-0.1798761004108944,-0.6385163783609739,0.678258148967877,-0.230268708189884,0.7189825644238081,-0.20738137248987512
20.0,11.54,-0.22205341916889754,-0.6631810897506923,-0.1812496176420901,-0.6398562802410468,0.6764418927956034,-0.23075647378996791,0.7172617325023161,-0.20801390935626404
20.0,11.56,-0.22353072450027098,-0.6643730416474921,-0.18263179308564842,-0.6411937787962428,0.6746174074244802,-0.23124069337949793,0.7155316565367431,-0.20864420183705806
20.0,11.58,-0.2250158161160997,-0.6655611919090199,-0.18402275404300825,-0.6425287653672554,0.6727846768675984,-0.23172131061957937,0.7137923146718997,-0.20927218912458426
20.0,11.6,-0.22650857877389777,-0.6667455015344217,-0.1854224121146192,-0.6438612241624082,0.6709436981385335,-0.2321982599872229,0.7120436734697609,-0.2098977928579121
20.0,11.62,-0.2280090256129328,-0.6679259308041255,-0.18683089871477535,-0.6451910600068947,0.6690944536033603,-0.2326714966473714,0.7102857098607928,-0.21052096409582208
20.0,11.64,-0.22951727583449444,-0.6691023689881733,-0.18824823087807374,-0.6465182017412677,0.6672369236737722,-0.23314093519841653,0.7085183811110929,-0.211141633835894
20.0,11.66,-0.2310332230388729,-0.6702748077399108,-0.18967431874714472,-0.647842633208956,0.6653711086495429,-0.2336065359274564,0.7067416621784166,-0.21175973759226105
20.0,11.68,-0.23255698345141498,-0.6714431274782855,-0.19110929136177596,-0.6491642498301832,0.6634969798498738,-0.23406822228290902,0.7049555329915661,-0.21237519827982887
20.0,11.7,-0.23408856968591668,-0.672607286722482,-0.19255316698896627,-0.6504829866459468,0.6616145406073399,-0.23452592847197287,0.7031599474519922,-0.2129879705633889
20.0,11.72,-0.23562786303481395,-0.6737672461877409,-0.19400607956833113,-0.6517987519259745,0.659723776167234,-0.23497959485815925,0.7013548999588477,-0.21359796693246597
20.0,11.74,-0.23717510777442852,-0.6749228741566352,-0.19546781722813023,-0.6531115398737659,0.6578246731269878,-0.23542916169235423,0.6995403465111245,-0.21420511443681362
20.0,11.76,-0.23873007206766153,-0.6760741876517488,-0.19693862727387804,-0.6544212238421295,0.6559172194427134,-0.23587456912120897,0.6977162569738817,-0.21480935690022096
20.0,11.78,-0.24029275848044476,-0.6772211216917416,-0.19841829621836532,-0.6557277981974996,0.6540014126846131,-0.23631573436669293,0.6958826143335896,-0.2154106280672495
20.0,11.8,-0.24186340598722722,-0.6783635265791562,-0.1999071863141174,-0.6570310995795466,0.6520772435911001,-0.23675259759412862,0.6940393906825245,-0.21600884434407402
20.0,11.82,-0.24344190177900746,-0.6795013854134418,-0.20140508312426308,-0.6583311217486264,0.6501446967922523,-0.23718509616153607,0.6921865520886983,-0.21660394612965078
20.0,11.84,-0.2450282478985001,-0.6806346315494346,-0.20291200490191452,-0.6596278044378981,0.6482037583903297,-0.2376131673394711,0.6903240854035286,-0.21719583975932802
20.0,11.86,-0.2466224459874564,-0.6817631980490517,-0.20442807790743964,-0.6609210285227962,0.6462544391562933,-0.2380367312429762,0.6884519441318747,-0.2177844866399319
20.0,11.88,-0.24822449728271057,-0.6828870176831908,-0.20595332270955016,-0.662210739726888,0.6442967239041809,-0.2384557364753254,0.6865701298469498,-0.21836978313156788
20.0,11.9,-0.24983452774644083,-0.6840059950791536,-0.20748775248359408,-0.6634968605577518,0.6423306040216133,-0.23887009506258877,0.6846785949666225,-0.21895167544634217
20.0,11.92,-0.2514522935469284,-0.6851201336594867,-0.20903138236839916,-0.6647793206997779,0.6403560747578255,-0.2392797582777299,0.6827773245926376,-0.21953006661333335
20.0,11.94,-0.25307803655255656,-0.6862292857402346,-0.21058422470075558,-0.6660580417525843,0.6383731264133141,-0.2396846494351011,0.6808662900942144,-0.22010490721744844
20.0,11.96,-0.25471175697593895,-0.6873333821305343,-0.2121462962477799,-0.667332960207478,0.6363817582443227,-0.2400846947061749,0.6789454719122924,-0.22067609740264924
20.0,11.98,-0.2563532142919006,-0.6884324428342147,-0.21371772523309998,-0.6686039595041482,0.6343819668531601,-0.24047983145797835,0.6770148562325178,-0.22124357787400672
20.0,12.0,-0.2580026503648379,-0.6895263176894465,-0.21529828955586042,-0.669871034236995,0.6323737400062073,-0.24086998046942257,0.6750744073470321,-0.2218072552351413
20.0,12.02,-0.2596600611797433,-0.6906149287383468,-0.2168882384099433,-0.6711340447773798,0.6303570847703351,-0.24125508196479845,0.6731241069329872,-0.2223670671212727
20.0,12.04,-0.261325324488227,-0.6916982512632563,-0.21848758519604425,-0.67239291744623,0.6283319921676859,-0.2416350568914332,0.6711639305562226,-0.2229229222779139
20.0,12.06,-0.2629985616959107,-0.6927761776061441,-0.2200962202604377,-0.6736476010478845,0.6262984651689097,-0.24200984283569857,0.669193867120179,-0.2234747461802408
20.0,12.08,-0.2646796493442235,-0.6938486831172064,-0.22171427319837253,-0.6748979831302973,0.6242564951879692,-0.2423793472624006,0.6672138956937851,-0.22402244732991392
20.0,12.1,-0.26636870228089643,-0.6949156430688855,-0.22334175861687655,-0.6761439964638498,0.6222060843019703,-0.2427435188865637,0.6652239854360572,-0.22456596898921097
20.0,12.12,-0.2680657202663288,-0.6959769940463212,-0.2249785647719696,-0.6773855893314886,0.6201472303237439,-0.24310227910011514,0.6632241306021398,-0.22510521023469446
20.0,12.14,-0.2697706964655738,-0.697032656362609,-0.22662482057218683,-0.6786226471568209,0.6180799399566805,-0.24345555228546858,0.6612143002215227,-0.2256400996875095
20.0,12.16,-0.2714835079118298,-0.6980826134705174,-0.22828065272206904,-0.6798550459788593,0.6160042031495342,-0.2438032681802345,0.6591944846515241,-0.22617053371985846
20.0,12.18,-0.2732042682687402,-0.6991267383421933,-0.22994583694086246,-0.6810827962895198,0.6139200301051649,-0.2441453514829636,0.6571646603480084,-0.2266964547059096
20.0,12.2,-0.27493297550613566,-0.7001649665466486,-0.23162061519945468,-0.6823057252898567,0.6118274256772138,-0.24448172432229928,0.6551248214172555,-0.22721775885336531
20.0,12.22,-0.27666962082474666,-0.7011972172943437,-0.23330487804223726,-0.6835237952173071,0.6097263782024026,-0.24481231407497292,0.6530749484404959,-0.22773436269645336
20.0,12.24,-0.27841407550714214,-0.7022234661674606,-0.23499863150146538,-0.684736920179337,0.6076169032538036,-0.24513704606030823,0.6510150124946363,-0.22824619136127677
20.0,12.26,-0.28016657785447324,-0.7032435430218563,-0.23670188378700224,-0.6859450217226541,0.6054989971998558,-0.24545583740716795,0.648945017100122,-0.22875315492572532
20.0,12.28,-0.281926998350905,-0.7042574226282828,-0.2384147598186801,-0.6871479714715287,0.6033726637287168,-0.24576863222335893,0.6468649378279304,-0.22925515298624485
20.0,12.3,-0.28369520300957896,-0.7052650726148892,-0.24013714727936677,-0.6883457311429634,0.6012379254797228,-0.24607533264714557,0.6447747593073003,-0.22975211293598652
20.0,12.32,-0.2854714329372475,-0.7062663283474035,-0.24186916486766336,-0.689538155013188,0.5990947664642569,-0.24637586145472412,0.6426744835843365,-0.23024394215445526
20.0,12.34,-0.2872555565867774,-0.7072611647758014,-0.2436108248472681,-0.6907251778642319,0.5969432072540216,-0.24667015575051834,0.6405640811411033,-0.23073054867483153
20.0,12.36,-0.2890475581644493,-0.7082494910963134,-0.24536200707809028,-0.6919067451466411,0.5947832427381711,-0.2469581414779419,0.6384435508724677,-0.23121183725185024
20.0,12.38,-0.29084743124508294,-0.7092312406736615,-0.2471228347039775,-0.6930827247500527,0.5926148965074128,-0.24723971941730608,0.6363128897074148,-0.23168772385628889
20.0,12.4,-0.29265516560108107,-0.710206338507923,-0.24889330992374864,-0.6942530263282212,0.590438163251705,-0.24751482654085283,0.6341720674231545,-0.23215811374568698
20.0,12.42,-0.2944708712181633,-0.7111746497863818,-0.25067343721755864,-0.6954175670941488,0.588253055184417,-0.24778338219488547,0.632021092636738,-0.23262292547649205
20.0,12.44,-0.2962944129742267,-0.7121361497770233,-0.2524632176300056,-0.6965762558505895,0.5860595976397579,-0.24804529874151965,0.6298599437488311,-0.23308205322696518
20.0,12.46,-0.29812565111271655,-0.7130908065852054,-0.2542626515882163,-0.6977290009590585,0.5838577847496413,-0.2483005111092891,0.6276886305780025,-0.23353540202490025
20.0,12.48,-0.2999649499980405,-0.7140383963631761,-0.256071735946952,-0.698875702296951,0.5816476325753543,-0.24854892672599974,0.6255071352924593,-0.23398289084891827
20.0,12.5,-0.30181191984613887,-0.714978990824134,-0.2578904757534413,-0.7000162834321324,0.5794291506684075,-0.24879047383023445,0.6233154547039234,-0.23442440589015898
20.0,12.52,-0.3036667930285081,-0.715912400294554,-0.25971898599824544,-0.7011505899873751,0.5772023550709537,-0.24902507088055198,0.621113575798984,-0.234859866188577
20.0,12.54,-0.30552943428572316,-0.7168386087375052,-0.26155714854990697,-0.7022785894117997,0.5749672639898994,-0.24925263680292725,0.6189015104186284,-0.2352891744847799
20.0,12.56,-0.3073998219007806,-0.7177575228094234,-0.2634049546416606,-0.7034001717482833,0.572723891206157,-0.24947308813748223,0.6166792472466905,-0.23571223639463187
20.0,12.58,-0.30927806954403436,-0.718669019723962,-0.2652624068939114,-0.7045152589600582,0.5704722462068913,-0.24968633904522608,0.6144467816301049,-0.23612894686965147
20.0,12.6,-0.31116403270244775,-0.7195730672708669,-0.2671296182861665,-0.7056236935779461,0.5682123495827514,-0.2498923198643173,0.6122041185452632,-0.2365392038214098
20.0,12.62,-0.31305781707172375,-0.7204695250412029,-0.2690064643205338,-0.7067254346178931,0.5659442197852536,-0.25009093580606023,0.609951250162019,-0.23694292400276223
20.0,12.64,-0.31495915423814763,-0.7213584242856323,-0.2708930599735677,-0.7078203311868584,0.563667871052222,-0.2502821251818694,0.6076881836204031,-0.23733999231366693
20.0,12.66,-0.3168684042519511,-0.7222395222078158,-0.2727894027619474,-0.7089082945466746,0.561383324440621,-0.2504657816016932,0.6054149162485455,-0.23773032581464298
20.0,12.68,-0.3187851675139338,-0.7231128973299499,-0.2746953593482365,-0.7099892671935571,0.5590906032817294,-0.2506418346199451,0.6031314534605736,-0.23811380725279588
20.0,12.7,-0.32070980376944186,-0.7239783044608389,-0.27661092213901667,-0.7110631524133743,0.5567897247414426,-0.25081019875621435,0.6008378020198915,-0.23849034358495072
20.0,12.72,-0.32264190750981153,-0.724835815378228,-0.27853633141436496,-0.7121297558724542,0.5544807084895007,-0.2509707891538673,0.5985339575144298,-0.2388598364804022
20.0,12.74,-0.32458171515563594,-0.7256852474735606,-0.280471327090998,-0.7131890677427095,0.5521635767018584,-0.25112352160263385,0.5962199225348094,-0.23922217740364163
20.0,12.76,-0.3265290758816956,-0.7265265695445033,-0.2824160272700973,-0.7142409490328085,0.549838356007408,-0.25126832505064084,0.5938957272277594,-0.2395772561159307
20.0,12.78,-0.3284840914840442,-0.7273596368855901,-0.2843704154814153,-0.7152852839839542,0.5475050759844525,-0.251405094525206,0.5915613466988057,-0.23992498772846638
20.0,12.8,-0.3304466132649776,-0.7281844269602276,-0.2863344842214575,-0.716321981098707,0.5451637450112597,-0.25153376125178945,0.5892168166569528,-0.24026526271567875
20.0,12.82,-0.33241674198668814,-0.7290007940218032,-0.28830822200806305,-0.7173509402900032,0.5428144017086053,-0.2516542465994748,0.5868621306582055,-0.24059796584947668
20.0,12.84,-0.33439432737550046,-0.7298087158889409,-0.2902914845387084,-0.7183720952212324,0.5404570710013903,-0.2517664422440474,0.5844973014594961,-0.24092300087012564
20.0,12.86,-0.3363794652639954,-0.7306080373771108,-0.2922845092557976,-0.7193852440096004,0.5380917754743854,-0.25187028432661285,0.5821223422038737,-0.24124025893407236
20.0,12.88,-0.338372007618478,-0.7313987450784585,-0.29428703470254347,-0.7203903953684941,0.5357185579103212,-0.2519656720630259,0.5797372757251247,-0.241549634510013
20.0,12.9,-0.3403719213557969,-0.7321807421855189,-0.2962992907251786,-0.7213873287274585,0.5333374277087195,-0.25205253435905745,0.5773421036077065,-0.24185102436355066
20.0,12.92,-0.3423793123345509,-0.7329538972532288,-0.29832113622178025,-0.7223759930931566,0.5309484287473855,-0.2521307815391825,0.5749368415105625,-0.24214431840646689
20.0,12.94,-0.34439401443582346,-0.7337181637731007,-0.3003524286041616,-0.723356338534156,0.528551584872975,-0.2522003254893733,0.5725215082395092,-0.24242940715424657
20.0,12.96,-0.3464161324262214,-0.7344734093228942,-0.30239339958149564,-0.7243281495311771,0.526146934997641,-0.25226108480108905,0.5700961257532212,-0.24270618175617512
20.0,12.98,-0.34844550237558247,-0.7352195962264257,-0.30444390155382595,-0.725291366738881,0.5237345131062183,-0.2523129640446748,0.5676607018570429,-0.2429745383385234
20.0,13.0,-0.3504820995566404,-0.7359566522981676,-0.306503919147782,-0.7262458950947253,0.5213143473267255,-0.25235588710808227,0.5652152649862436,-0.2432343692634104
20.0,13.02,-0.3525260150922639,-0.7366844183167506,-0.30857342205301136,-0.727191605768906,0.5188864835158454,-0.2523897634830398,0.5627598380371682,-0.2434855521900957
20.0,13.04,-0.35457708645118613,-0.7374028657297512,-0.3106525238087879,-0.7281283571804635,0.5164509437176612,-0.25241451314918995,0.5602944410122299,-0.2437279978272229
20.0,13.06,-0.3566352827819258,-0.7381119135477677,-0.3127409382218448,-0.7290561278495908,0.5140077737897171,-0.2524300448198808,0.5578190906789763,-0.24396157968368073
20.0,13.08,-0.35870069739492816,-0.7388114095893309,-0.3148389007919035,-0.7299747126021999,0.5115570063468161,-0.2524362715595124,0.5553338159847241,-0.24418618753554022
20.0,13.1,-0.36077316519349145,-0.7395013260520664,-0.3169462539070429,-0.730884043786216,0.50909869329559,-0.252433104452973,0.5528386429262507,-0.24440170918045143
20.0,13.12,-0.3628526532011112,-0.7401815816686896,-0.3190629770055978,-0.7317840244321009,0.5066328573333811,-0.252420461940431,0.5503336030997724,-0.24460804569714098
20.0,13.14,-0.3649391193718124,-0.7408520780493365,-0.3211891618431276,-0.7326744675297029,0.504159556570624,-0.25239825747011907,0.5478187168598082,-0.24480508087632405
20.0,13.16,-0.36703265444106814,-0.7415126611626089,-0.3233246621768396,-0.73355533926804,0.501678824533436,-0.2523664029794339,0.5452940126086055,-0.244992689902996
20.0,13.18,-0.3691329687317008,-0.7421633857957963,-0.32546931172779453,-0.7344265648589579,0.49919070827575474,-0.2523248058169399,0.5427595370041188,-0.24517076702919516
20.0,13.2,-0.37124027255968006,-0.7428040162735224,-0.3276233349725567,-0.7352879160239848,0.4966952435818087,-0.2522733891880971,0.5402153109715093,-0.24533920564880815
20.0,13.22,-0.3733544040916382,-0.7434345435726197,-0.3297867110228931,-0.7361393017236768,0.4941924841009447,-0.2522120630612389,0.5376613636063524,-0.24549789061072708
20.0,13.24,-0.3754753130339837,-0.7440548603417034,-0.3319591380936054,-0.7369806957073729,0.49168247666389653,-0.25214074457184993,0.535097738352809,-0.2456467013085634
20.0,13.26,-0.3776029655007972,-0.7446648934107296,-0.33414084624481516,-0.737811883565375,0.48916527022490003,-0.2520593407655109,0.5325244658974166,-0.2457855220524781
20.0,13.28,-0.3797374439698813,-0.7452644776005617,-0.33633166751557586,-0.7386327982378262,0.4866409027993834,-0.2519677743368245,0.5299415931502807,-0.2459142439450271
20.0,13.3,-0.38187844870349663,-0.7458536632937325,-0.33853156909681514,-0.7394433318346334,0.48410943474554075,-0.2518659467816757,0.5273491482972605,-0.24603275997735052
20.0,13.32,-0.3840260648561508,-0.7464322941883914,-0.34074051332785393,-0.7402433677290146,0.48157091552575654,-0.2517537753175188,0.5247471825875241,-0.24614093952354207
20.0,13.34,-0.3861801119908867,-0.7470003386607726,-0.3429584575623757,-0.7410327805196855,0.47902539264619104,-0.25163117576150956,0.5221357324025772,-0.24623867807927316
20.0,13.36,-0.3883408042690073,-0.7475575718218987,-0.34518536992926113,-0.7418114701566852,0.47647292715600253,-0.2514980600483005,0.5195148468563225,-0.24632585411551808
20.0,13.38,-0.39050797310313684,-0.7481039874472593,-0.34742133131606917,-0.7425792416030573,0.47391355849360417,-0.2513543497202513,0.5168845587050706,-0.24640235999095603
20.0,13.4,-0.3926814308252591,-0.7486395463920411,-0.34966604474068813,-0.743336106727139,0.4713473539990193,-0.2511999488699183,0.5142449196038262,-0.24646807414037467
20.0,13.42,-0.3948612635314434,-0.7491640990294108,-0.35191972662053966,-0.7440818261105401,0.46877437046973636,-0.2510347770700432,0.5115959811661162,-0.24652288553346902
20.0,13.44,-0.3970472861404371,-0.749677615581268,-0.35418207335698526,-0.7448164042540819,0.46619466209256333,-0.2508587416739787,0.5089377918429044,-0.24656667004673652
20.0,13.46,-0.399239587949021,-0.7501799543441502,-0.35645329973408035,-0.7455395997820112,0.46360828893841727,-0.25067177391859574,0.5062704061060319,-0.2465993169269464
20.0,13.48,-0.4014381084818593,-0.7506710076523603,-0.358733099472364,-0.7462514184099461,0.46101530139001234,-0.2504737680728829,0.5035938711976027,-0.24662071130077504
20.0,13.5,-0.4036426690734848,-0.751150764221427,-0.3610216815223142,-0.7469516082320073,0.45841577703883235,-0.2502646539130539,0.5009082332003318,-0.24663073705962416
20.0,13.52,-0.40585334769336573,-0.7516190640510189,-0.3633187410152354,-0.7476401848141545,0.4558097646809711,-0.25004433494752737,0.49821356874037465,-0.24662927087571565
20.0,13.54,-0.4080699545852086,-0.7520758794335917,-0.3656243545215819,-0.7483169581462081,0.45319732878943614,-0.24981273335409554,0.4955099130493563,-0.24661621189787725
20.0,13.56,-0.41029243952892536,-0.7525211299679522,-0.3679384756169641,-0.7489818179070359,0.4505785422180651,-0.24956976540703812,0.49279733918954916,-0.24659142332615347
20.0,13.58,-0.41252074682886253,-0.752954726676567,-0.3702609175002369,-0.7496347010415699,0.4479534568319605,-0.24931534590175106,0.49007590206777624,-0.24655480211070713
20.0,13.6,-0.41475495144711333,-0.7533765082732197,-0.372591757872509,-0.7502754245552723,0.44532215304675427,-0.24904938478167182,0.4873456644084492,-0.2465062270223586
20.0,13.62,-0.41699485987602203,-0.7537864488761852,-0.37493094269366256,-0.750903869162619,0.4426846870206152,-0.24877180904300056,0.48460668829089737,-0.24644557610081727
20.0,13.64,-0.4192404186608637,-0.7541844684377649,-0.37727841243824956,-0.7515199068322647,0.4400411323835343,-0.24848252463712953,0.4818590433385537,-0.24637275204354026
20.0,13.66,-0.4214914322082402,-0.7545705432228358,-0.3796339837952875,-0.7521234929993565,0.4373915678523306,-0.24818145060117525,0.47910278928577454,-0.24628762011343344
20.0,13.68,-0.42374810876303215,-0.754944446676558,-0.38199759897060986,-0.7527145093686839,0.43473604773059776,-0.24786851217414688,0.4763379893440431,-0.24619007866406364
20.0,13.7,-0.42601011433032754,-0.7553062205539826,-0.3843693216466599,-0.7532927531629209,0.4320746540042344,-0.24754361984543302,0.4735647290571417,-0.2460799949402302
20.0,13.72,-0.42827766555967656,-0.7556556543729157,-0.38674896919245977,-0.7538581895681378,0.4294074545810131,-0.24720669615014534,0.47078307106458483,-0.24595726617427613
20.0,13.74,-0.430550289578891,-0.7559928581739624,-0.3891364669064354,-0.7544106741080243,0.4267345306926996,-0.24685765118246233,0.46799309625699353,-0.2458217671726639
20.0,13.76,-0.43282832360339385,-0.7563175284374645,-0.39153176563715464,-0.7549501143643466,0.42405595529888956,-0.24649642011669684,0.465194861930448,-0.24567339133615304
20.0,13.78,-0.4351113124387494,-0.7566298126922936,-0.39393492003634784,-0.7554762970474206,0.42137180382152895,-0.24612289973924933,0.4623884609813522,-0.24551202944985784
20.0,13.8,-0.4373995770466606,-0.7569293792463404,-0.3963456060218805,-0.755989249460356,0.41868215403696724,-0.24573702778546455,0.45957396301326403,-0.2453375391262918
20.0,13.82,-0.43969266017886455,-0.757216378360573,-0.3987640166750749,-0.7564887065101088,0.4159870917465742,-0.24533871703999915,0.45675145382861393,-0.24514983792615272
20.0,13.84,-0.44199075919174974,-0.7574905708698536,-0.40118982523970714,-0.7569746972472712,0.4132866890973531,-0.24492788217075134,0.4539210093297171,-0.24494878624066801
20.0,13.86,-0.44429366909868506,-0.7577519385035465,-0.40362309050843564,-0.7574470254015412,0.41058103341578084,-0.24450445650750596,0.45108271523323396,-0.24473429052168635
20.0,13.88,-0.44660132634930055,-0.7580004042987155,-0.40606373801788564,-0.7579055639133567,0.407870197701128,-0.2440683550679898,0.44823665505611765,-0.24450622502649605
20.0,13.9,-0.4489136614795638,-0.7582358827898039,-0.40851156433381564,-0.7583502658021678,0.4051542786528852,-0.2436194974112915,0.44538291414482095,-0.24426447502415052
20.0,13.92,-0.45123046140652,-0.7584583500259084,-0.4109666293761471,-0.7587809424304893,0.4024333509643693,-0.24315780932747172,0.44252158902308525,-0.2440089317027657
20.0,13.94,-0.45355192995715743,-0.7586675813495407,-0.41342872714594486,-0.7591975478595394,0.3997075083129225,-0.24268321835901735,0.43965275763660255,-0.24373948586617847
20.0,13.96,-0.455877725071687,-0.7588636411752651,-0.4158977779311693,-0.7595999566503722,0.39697683554779123,-0.24219563730893862,0.43677651789956556,-0.24345601896069147
20.0,13.98,-0.45820777368948973,-0.7590464462040347,-0.4183738381565801,-0.759987979205276,0.3942414105200603,-0.24169500330191324,0.4338929647272592,-0.24315842075324656
20.0,14.0,-0.46054213441369213,-0.7592158330234888,-0.42085656032446594,-0.7603616359426529,0.3915013423594952,-0.24118122523934096,0.4310021944331481,-0.2428465816475989
20.0,14.02,-0.46288072724646573,-0.7593717089096905,-0.42334613104525737,-0.760720664096695,0.3887567069460766,-0.24065424857646497,0.4281042950042267,-0.2425203871916535
20.0,14.04,-0.46522321681347656,-0.7595141612948721,-0.42584233771045454,-0.7610650205646402,0.38600760260497824,-0.24011398545511622,0.42519937593888124,-0.24217973493942807
20.0,14.06,-0.46756979175484115,-0.7596429460137308,-0.4283449662396954,-0.7613946641683365,0.3832541251320839,-0.2395603655756769,0.42228752881436815,-0.24182451219528084
20.0,14.08,-0.4699201047577215,-0.7597581361209137,-0.43085405706865815,-0.7617093877436804,0.3804963586636537,-0.23899331148973607,0.4193688612696103,-0.2414546055529263
20.0,14.1,-0.4722743433268029,-0.7598594873017132,-0.43336939836910093,-0.7620091601543083,0.37773441105617217,-0.23841276075184845,0.4164434697583557,-0.24106991468790087
20.0,14.12,-0.47463216372227046,-0.7599470836329266,-0.43589090000053843,-0.7622938586348235,0.3749683615648645,-0.23781864227406874,0.4135114704353384,-0.2406703214272547
20.0,14.14,-0.47699361754695846,-0.7600207604399193,-0.4384186086206464,-0.762563292914799,0.37219832565816996,-0.2372108804432369,0.4105729602001621,-0.240255735227591
20.0,14.16,-0.4793584908224054,-0.7600805199455776,-0.44095229848550344,-0.7628174163555053,0.3694243952436634,-0.2365894034947945,0.40762805949947256,-0.23982603101012
20.0,14.18,-0.4817268340116838,-0.7601261982240741,-0.4434918806039177,-0.7630561157304663,0.36664666474314567,-0.2359541504557637,0.40467687048037176,-0.23938112118412888
20.0,14.2,-0.4840982987362003,-0.7601578835328475,-0.44603726474955707,-0.7632792781038185,0.3638652433327081,-0.2353050428573665,0.4017195055832046,-0.23892088586685775
20.0,14.22,-0.48647306699477594,-0.7601753290700696,-0.4485882210401083,-0.7634868603479781,0.3610802303028734,-0.23464202337973797,0.398756081663087,-0.23844523652585756
20.0,14.24,-0.48885092137944053,-0.7601785401889416,-0.45114478986936946,-0.7636786727434248,0.35829172341579074,-0.23396502482758616,0.3957867172965161,-0.2379540573522225
20.0,14.26,-0.49123177573825527,-0.7601674376853936,-0.45370674389184573,-0.7638546824959564,0.35549983971045646,-0.23327397509711045,0.39281152160234767,-0.2374472459862793
20.0,14.28,-0.49361554419981235,-0.7601419445107802,-0.4562739772445883,-0.7640147617259155,0.3527046745565529,-0.23256881508484922,0.3898306253230788,-0.23692471318082284
20.0,14.3,-0.49600200682521106,-0.7601020697249524,-0.45884653181592516,-0.7641587292189682,0.3499063306870338,-0.23184948176854653,0.3868441398373527,-0.23638634883442697
20.0,14.32,-0.4983910760966703,-0.7600477383700955,-0.46142403925850084,-0.7642866289957668,0.3471049262597058,-0.23111590516802358,0.38385219421199546,-0.2358320631122904
20.0,14.34,-0.5007827963207145,-0.7599787885227738,-0.4640066644534996,-0.7643981868961259,0.34430056266085596,-0.23036803099602843,0.3808549075220198,-0.23526174186643176
20.0,14.36,-0.5031769445173855,-0.759895230927518,-0.4665939056016278,-0.7644935353859733,0.3414933530108529,-0.22960579561239647,0.3778524127375394,-0.23467530744497303
20.0,14.38,-0.5055734306965652,-0.7597969919677007,-0.4691859245143623,-0.7645723998221078,0.3386834102300078,-0.22882913582021946,0.37484482906841,-0.23407265551346385
20.0,14.4,-0.5079720314643265,-0.7596840871517171,-0.47178261762218054,-0.7646346714745329,0.33587083932092465,-0.22803800075510866,0.37183229316876193,-0.23345368391228769
20.0,14.42,-0.510372920406021,-0.7595562669104833,-0.4743836109952793,-0.764680404144431,0.3330557614132348,-0.22723232511363806,0.3688149381457787,-0.2328183069375356
20.0,14.44,-0.5127757393510214,-0.7594136359197082,-0.4769890637797003,-0.7647093236264589,0.33023828246485154,-0.22641205101292053,0.3657928892305134,-0.232166434164814
20.0,14.46,-0.515180395135719,-0.759256123750573,-0.4795986005599323,-0.7647214882765949,0.3274185246229867,-0.2255771236092574,0.3627662891766931,-0.23149796870054729
20.0,14.48,-0.5175867943998436,-0.7590836613571089,-0.482212111585534,-0.7647167922850987,0.3245965954451666,-0.22472749543560924,0.35973526940228184,-0.2308128160225269
20.0,14.5,-0.5199949742584955,-0.7588960877076076,-0.48482961932762253,-0.7646950457566365,0.3217726155481747,-0.22386310325947922,0.3566999630626994,-0.2301109008038825
20.0,14.52,-0.5224045748372905,-0.7586935158949517,-0.48745087694960276,-0.7646562259065629,0.31894670649346535,-0.22298390197246348,0.3536605209577229,-0.22939212417482524
20.0,14.54,-0.5248156323070641,-0.7584757872485245,-0.49007577207400005,-0.764600230330974,0.3161189881446475,-0.22208982932562654,0.35061707955686594,-0.22865640517889815
20.0,14.56,-0.5272280495688818,-0.7582428339820649,-0.4927040559683767,-0.7645270405588347,0.31328957048371187,-0.221180849757734,0.3475697855009202,-0.2279036525078363
20.0,14.58,-0.529641596446335,-0.7579946813075866,-0.4953357461186946,-0.7644364685289201,0.310458581432323,-0.22025689970774737,0.3445187719248334,-0.22713379268394318
20.0,14.6,-0.5320563078900444,-0.757731172713296,-0.4979707258857139,-0.7643284127491936,0.3076261432848078,-0.21931793709917052,0.34146419459052146,-0.2263467330042659
20.0,14.62,-0.5344718207001965,-0.7574524295545967,-0.5006086100689993,-0.7642029462218138,0.30479237741207277,-0.21836391975324226,0.3384061963230402,-0.2255423989202692
20.0,14.64,-0.5368881665347461,-0.7571582942901942,-0.5032495464230281,-0.7640597958269044,0.3019574052658625,-0.21739479009520007,0.33534493495759077,-0.22472070940484576
20.0,14.66,-0.539305245852095,-0.7568487050330033,-0.505893147405093,-0.7638990377207918,0.29912135789590577,-0.21641051434263123,0.3322805484875763,-0.22388158796300803
20.0,14.68,-0.5417228263414163,-0.7565236950502314,-0.5085394243692435,-0.7637204861619877,0.2962843528305953,-0.21541104167418548,0.3292131982391314,-0.22302495750012302
20.0,14.7,-0.5441409372800259,-0.756183107359823,-0.5111881225812626,-0.7635241353349398,0.29344651808223665,-0.21439633748766151,0.32614303800192307,-0.22215074522127
20.0,14.72,-0.5465593462675729,-0.7558269790576647,-0.5138389845052934,-0.7633099793488355,0.29060798637435836,-0.21336635568979956,0.3230702186719579,-0.22125886886420432
20.0,14.74,-0.5489779497876611,-0.7554552502657929,-0.5164921517168354,-0.7630777453406216,0.2877688773319601,-0.21232105716759303,0.3199949031598797,-0.22034927186664396
20.0,14.76,-0.5513965130852715,-0.755067959729545,-0.5191472323273756,-0.7628275208002637,0.2849293294786338,-0.2112604019598059,0.3169172450547216,-0.21942186740879488
20.0,14.78,-0.5538150644162674,-0.754664955218691,-0.5218042329171458,-0.7625591244710958,0.28208946531218443,-0.21018436236719584,0.31383739925396315,-0.2184766033264887
20.0,14.8,-0.5562334994252834,-0.754246180558846,-0.5244627589975245,-0.7622726477502365,0.27924941778574114,-0.20909288849868513,0.3107555418062961,-0.21751340228648997
20.0,14.82,-0.5586514499362562,-0.753811775254462,-0.5271229485050953,-0.7619678202972386,0.27640931744425756,-0.2079859602442459,0.3076718252094397,-0.21653220428028433
20.0,14.84,-0.5610690736604554,-0.7533614911675919,-0.5297844048753925,-0.761644736972154,0.27356929946991987,-0.20686353151493994,0.3045864089637034,-0.21553294688770658
20.0,14.86,-0.5634860020372233,-0.7528954717301721,-0.5324469984438721,-0.7613033139502827,0.2707294879932737,-0.2057255790625406,0.3014994705188068,-0.21451556553674433
20.0,14.88,-0.5659022604740062,-0.7524135681407865,-0.5351107300419378,-0.7609433731010535,0.26789002795106054,-0.20457207377066114,0.2984111658332618,-0.21348000553534177
20.0,14.9,-0.5683177415122819,-0.7519157289423859,-0.5377752015232072,-0.7605650177472273,0.2650510461380064,-0.203402981336561,0.29532166962393563,-0.21242621072471965
20.0,14.92,-0.5707320760654657,-0.7514021043495799,-0.5404404128362678,-0.7601680737067461,0.2622126832706925,-0.20221827911056584,0.29223115127425997,-0.21135411472434698
20.0,14.94,-0.5731454187077931,-0.7508724476738939,-0.5431060955114029,-0.7597525527798893,0.25937506637522684,-0.2010179422150491,0.289139777727455,-0.21026367406999036
20.0,14.96,-0.5755573988250056,-0.7503269114054524,-0.5457721159496834,-0.7593183786523388,0.2565383386934381,-0.19980193754829373,0.28604771897788606,-0.20915483308505606
20.0,14.98,-0.5779680392001526,-0.7497653503831566,-0.548438338275311,-0.7588654741766288,0.253702638826855,-0.19857025141434914,0.2829551577351587,-0.20802754680598454
20.0,15.0,-0.5803770994500949,-0.749187820237616,-0.5511044919456137,-0.7583938575781909,0.25086809430891854,-0.19732286233478039,0.27986226035385897,-0.20688175976160533
20.0,15.02,-0.5827844710005768,-0.7485942790479084,-0.5537705734540794,-0.7579033609571437,0.24803484165785197,-0.19605973559015175,0.2767692034411622,-0.2057174329335263
20.0,15.04,-0.585190044045942,-0.7479846847924494,-0.5564361788402632,-0.7573941033705659,0.24520306057799493,-0.19478088627655984,0.2736761652528534,-0.20453452238419115
20.0,15.06,-0.5875937088935106,-0.7473589970816656,-0.5591013020782389,-0.7568659184472493,0.24237284697112466,-0.19348627132973661,0.2705833197139714,-0.20333298247371986
20.0,15.08,-0.5899952236182404,-0.7467172775572137,-0.5617658031654051,-0.7563187361193434,0.23954433592594535,-0.19217586566946737,0.2674908527693452,-0.20211277814006504
20.0,15.1,-0.5923946093425393,-0.74605938697808,-0.5644292773206819,-0.755752684347369,0.23671767675963523,-0.1908496638532069,0.26439893808160797,-0.20087386669968788
20.0,15.12,-0.5947914931991508,-0.7453854932142794,-0.5670918481277802,-0.7551675016636153,0.23389303613280618,-0.18950767586107406,0.2613077625594621,-0.19961621711006958
20.0,15.14,-0.5971858954035931,-0.7446954590305277,-0.5697529782970377,-0.7545634202459812,0.23107054452518758,-0.18814988387596432,0.2582175021095988,-0.1983397988030404
20.0,15.16,-0.5995777039783756,-0.7439892492525242,-0.5724127888428697,-0.7539401793650233,0.22825032869059236,-0.1867762614765006,0.25512834557228115,-0.19704457123738564
20.0,15.18,-0.6019666767195978,-0.743266934583623,-0.5750710052482612,-0.7532978176094716,0.22543253229269028,-0.18538680401151733,0.2520404677568212,-0.19573052051699696
20.0,15.2,-0.6043527024302985,-0.7425284844457749,-0.5777274845919154,-0.7526362765269444,0.22261731887232644,-0.18398152459031636,0.24895406802755912,-0.19439761087273366
20.0,15.22,-0.6067356694626477,-0.7417738690811547,-0.5803819518604834,-0.7519556000400095,0.21980479873860653,-0.1825603873005986,0.2458693190629184,-0.1930458230001842
20.0,15.24,-0.6091154643215645,-0.7410030578531589,-0.5830341303436181,-0.7512558332857839,0.21699514873310885,-0.18112342565430542,0.24278640468440932,-0.19167512002095297
20.0,15.26,-0.6114917167794631,-0.7402162369745992,-0.5856841386709936,-0.7505367211546798,0.21418850121569039,-0.17967061844044507,0.23970553537226666,-0.19028551578065844
20.0,15.28,-0.6138645721032053,-0.7394131665488424,-0.5883314373248829,-0.7497985167748457,0.21138500244805114,-0.17820197676253435,0.23662684829471503,-0.18887694039477707
20.0,15.3,-0.6162337887052013,-0.7385939285763957,-0.5909761439269424,-0.7490409676752943,0.20858477991823482,-0.17671748453092595,0.23355060564167981,-0.18744944593646978
20.0,15.32,-0.6185992532239162,-0.7377584987460987,-0.5936178505480985,-0.748264231523665,0.20578800673496697,-0.17521717207373658,0.23047693831000637,-0.18600296825844534
20.0,15.34,-0.6209607247176459,-0.7369069636806587,-0.5962565402896045,-0.7474681577644492,0.20299478886476485,-0.17370100806324176,0.22740605554124732,-0.18453751457169779
20.0,15.36,-0.6233180895113141,-0.736039302022042,-0.5988918074537306,-0.7466529130415708,0.2002053262486543,-0.17216904910877745,0.22433816668472878,-0.18305309454810006
20.0,15.38,-0.6256712350055154,-0.7351554949729171,-0.6015237640438166,-0.7458182445966981,0.19741973170332316,-0.17062127293425203,0.22127343462284374,-0.18154967567517222
20.0,15.4,-0.6280199201126613,-0.7342556342122762,-0.6041518735529,-0.7449644286948559,0.19463814437889532,-0.16905768728929543,0.2182120494251729,-0.1800272561025725
20.0,15.42,-0.630364159313271,-0.7333395930450627,-0.6067762478871733,-0.7440912161979938,0.19186070720718632,-0.16747831054824638,0.21515423097589675,-0.17848586081516193
20.0,15.44,-0.6327037111907649,-0.7324074657191202,-0.6093964803330173,-0.7431987835093,0.18908760426156976,-0.165883175081895,0.21210015816073538,-0.17692547699354363
20.0,15.46,-0.6350384645323186,-0.7314592406878795,-0.6120125520791299,-0.7422869897278516,0.18631892935654112,-0.16427225976690682,0.20905001534115647,-0.1753461048232016
20.0,15.48,-0.6373681767016404,-0.7304950143133048,-0.6146241864093159,-0.741355910446221,0.18355487997984526,-0.16264562434222277,0.2060039995976701,-0.17374775113740112
20.0,15.5,-0.6396928630359056,-0.7295146655444704,-0.6172311052800804,-0.7404056225866806,0.18079557937547205,-0.16100326519834382,0.2029623125816833,-0.17213044141228348
20.0,15.52,-0.6420122843765022,-0.7285182975362651,-0.6198332910145583,-0.7394359923083975,0.17804116015660854,-0.15934519977983436,0.19992515660218577,-0.1704941797738841
20.0,15.54,-0.6443263260408019,-0.7275059001403841,-0.6224303366660137,-0.7384472093815264,0.1752917993194516,-0.15767147001459736,0.1968927131500907,-0.16883897960270813
20.0,15.56,-0.6466347507629961,-0.7264775819918461,-0.6250222237269157,-0.7374391428772967,0.17254762117146855,-0.15598208934221058,0.1938651830029768,-0.16716486688440038
20.0,15.58,-0.6489375713103007,-0.7254332235179929,-0.6276086747390431,-0.7364118795246799,0.16980877801432412,-0.1542770814571257,0.19084274585539224,-0.16547184017600544
20.0,15.6,-0.6512344224649093,-0.7243730479352566,-0.6301896713664615,-0.7353652916709471,0.16707541779100932,-0.15255647909510445,0.18782561771680753,-0.16375994390128415
20.0,15.62,-0.6535253205431593,-0.7232969420407023,-0.6327646792968646,-0.7342996903256843,0.16434767552502463,-0.15082029962111781,0.18481399201826873,-0.1620292055683957
20.0,15.64,-0.6558101519017251,-0.7222049030541479,-0.6353338095444193,-0.7332148429395592,0.16162572746061776,-0.1490686054441666,0.18180804934366146,-0.16027963255636063
20.0,15.66,-0.6580886798929473,-0.7210970472882313,-0.6378966564771009,-0.7321109557439457,0.15890968292386254,-0.14730139927961666,0.17880801187486997,-0.15851128304863377
20.0,15.68,-0.6603607934223992,-0.7199733774560614,-0.6404532027887262,-0.7309879095329844,0.15619972350845887,-0.14551874209904253,0.17581404677386722,-0.15672416928872074
20.0,15.7,-0.662626255056302,-0.7188340119933224,-0.6430031731021376,-0.729845806498207,0.1534959662425154,-0.14372064747635044,0.17282635854125472,-0.1549183281636163
20.0,15.72,-0.6648850808619893,-0.7176788422118539,-0.645546292518511,-0.7286847518846912,0.1507985810666568,-0.14190718007735556,0.1698451392897928,-0.15309379950130145
20.0,15.74,-0.6671370351493534,-0.7165079907908035,-0.6480825435938028,-0.7275046311136312,0.14810768959944864,-0.1400783562867007,0.1668705807229053,-0.15125062006913326
20.0,15.76,-0.6693820070505425,-0.7153214652292851,-0.6506115252846554,-0.7263056672481047,0.14542343737528352,-0.13823421690951834,0.16390291275272534,-0.14938886437212937
20.0,15.78,-0.6716198887219577,-0.7141192772219402,-0.6531332198937096,-0.7250877486841302,0.1427459930050128,-0.136374831729054,0.16094228988530637,-0.1475085466988597
20.0,15.8,-0.6738503195717632,-0.71290167046551,-0.6556473552545168,-0.7238509913549436,0.14007548997607594,-0.13450023447712553,0.15798891839880908,-0.14560972081286733
20.0,15.82,-0.6760734421752858,-0.7116684256071173,-0.6581537875106686,-0.7225954010192241,0.13741206330034472,-0.13261046234430157,0.15504299234590718,-0.1436924428102988
20.0,15.84,-0.6782888983128071,-0.7104197913354917,-0.6606522452462981,-0.7213210983478224,0.134755864739552,-0.13070557993852416,0.15210470620695585,-0.14175676706503723
20.0,15.86,-0.6804967051661976,-0.7091556664769143,-0.663142584988768,-0.7200280929526929,0.1321070465735282,-0.12878564073678994,0.14917427421404733,-0.13980276962832458
20.0,15.88,-0.6826965084248414,-0.7078763066624971,-0.6656245400243084,-0.7187165143713151,0.12946572574237442,-0.12685067515240708,0.14625184908946579,-0.13783047220624184
20.0,15.9,-0.6848884473314323,-0.7065814917062578,-0.668097966644396,-0.7173863752154814,0.1268320721259166,-0.12490076286091222,0.14333766523885857,-0.13583997629036157
20.0,15.92,-0.6870721701464865,-0.7052714821766605,-0.6705628491323211,-0.7160375756353891,0.12420621891772395,-0.12293595435914681,0.1404318746436849,-0.13383130896100948
20.0,15.94,-0.6892475703952988,-0.7039462995390292,-0.6730186703222087,-0.7146704835324296,0.12158830454762,-0.12095630299376466,0.1375347012013719,-0.131804573259742
20.0,15.96,-0.691414666700023,-0.7026058478967149,-0.6754655414784377,-0.7132848870441328,0.11897846094877527,-0.11896186203903696,0.13464630933994878,-0.1297598050428897
20.0,15.98,-0.6935731088828071,-0.7012503930615702,-0.6779030726511416,-0.7118810429424196,0.11637685217614331,-0.11695271485497685,0.13176690773065738,-0.12769710424661615
20.0,16.0,-0.6957227938851924,-0.6998799626848419,-0.6803311262367648,-0.7104589776358075,0.11378359795483224,-0.11492890287625711,0.12889669294545333,-0.12561654905652145
20.0,16.02,-0.6978636179950257,-0.6984945844751002,-0.6827494401963332,-0.7090188371152248,0.1111988467677423,-0.11289050659090911,0.12603581892897683,-0.12351818837205929
20.0,16.04,-0.6999954792595163,-0.6970942886145916,-0.6851580013814811,-0.7075605319478667,0.10862273725374504,-0.11083759459866244,0.12318450372554547,-0.12140212817471237
20.0,16.06,-0.7021182759007344,-0.6956791061418038,-0.6875565508668925,-0.7060842138853335,0.10605540050066453,-0.10877021849509617,0.12034293058166821,-0.1192684443954861
20.0,16.08,-0.7042317848295285,-0.6942491915436955,-0.6899449523114195,-0.7045899155353871,0.1034969804205612,-0.10668846459451077,0.1175112826214131,-0.1171172288326107
20.0,16.1,-0.7063357852899095,-0.6928047027523236,-0.6923228273058225,-0.7030779156437968,0.10094761141130472,-0.10459240012087599,0.1146897391249158,-0.11494856026086624
20.0,16.12,-0.708430419510222,-0.6913454288303387,-0.6946901647269536,-0.701548131307169,0.09840742473353688,-0.10248209503501027,0.11187847803164243,-0.11276252771019879
20.0,16.14,-0.7105152265312973,-0.6898717774383312,-0.6970468320389364,-0.7000006024532874,0.09587656577214357,-0.10035763267088281,0.10907771096184049,-0.11055924591379475
20.0,16.16,-0.7125903495480151,-0.6883835396564224,-0.6993924555721458,-0.6984356167608848,0.09335515875055894,-0.09821908368623032,0.10628758371703521,-0.10833877874774464
20.0,16.18,-0.7146554507338765,-0.6868810037357354,-0.7017269044195342,-0.6968532184341386,0.0908433408307671,-0.09606653077060316,0.10350830219225357,-0.10610125049294776
20.0,16.2,-0.7167105539931244,-0.6853640868333335,-0.7040501724015484,-0.6952533330255211,0.08834124751818866,-0.09390005387912807,0.10074004670746435,-0.10384676331634253
20.0,16.22,-0.7187553246599652,-0.683833082059962,-0.7063618889707038,-0.6936362550825804,0.08584900597665773,-0.0917197362871148,0.09798297242272476,-0.10157539347134194
20.0,16.24,-0.7207899070187187,-0.6822877831310193,-0.7086619283292903,-0.6920020367253445,0.08336675862958581,-0.08952566667610136,0.09523728057088908,-0.0992872791480182
20.0,16.26,-0.7228139689424768,-0.6807284869707366,-0.7109501656495769,-0.6903507317723421,0.08089461496023702,-0.08731791658289989,0.09250312850271498,-0.09698250265378992
20.0,16.28,-0.7248274178943735,-0.6791552411055829,-0.7132263567319385,-0.6886825200552497,0.07843271351703363,-0.08509657806477611,0.08978071207073454,-0.09466119748503585
20.0,16.3,-0.7268301622829472,-0.6775680943876706,-0.7154903795472324,-0.6869974598720316,0.07598119281606802,-0.08286175465425985,0.08707018630385119,-0.09232346461846058
20.0,16.32,-0.7288219929950294,-0.6759672237229496,-0.7177419934235352,-0.6852957363720963,0.07354016105310918,-0.08061351573125579,0.08437172953632571,-0.08996942003861311
20.0,16.34,-0.7308029384076666,-0.6743525536152382,-0.7199811984013765,-0.6835772864419571,0.0711097613390814,-0.07835196796031665,0.0816855072619747,-0.08759917674718277
20.0,16.36,-0.7327727915127543,-0.6727242638848697,-0.7222076373980206,-0.6818424251915818,0.06869010612212734,-0.07607719474593708,0.07901170136691722,-0.08521287514789269
20.0,16.38,-0.7347313472734004,-0.6710825368644991,-0.7244211942743396,-0.6800912195850678,0.06628133241267914,-0.07378930532751912,0.07635046010280327,-0.0828106111172186
20.0,16.4,-0.7366786362490021,-0.6694273001457995,-0.7266217540462768,-0.6783237381831595,0.0638835444060649,-0.0714883742023072,0.07370196374096832,-0.08039253083717002
20.0,16.42,-0.7386143389027435,-0.667758867660157,-0.7288090845732643,-0.6765401780997725,0.06149687583384757,-0.06917451276845468,0.07106637510335964,-0.07795875404448614
20.0,16.44,-0.7405386040132521,-0.6660770402220542,-0.7309830740089386,-0.6747406120405126,0.059121447151477546,-0.06684782374661856,0.06844385081964216,-0.07550940883753532
20.0,16.46,-0.7424511147371841,-0.6643821350784646,-0.7331434942002037,-0.6729252421416374,0.05675737665598649,-0.06450840128988497,0.06583455540367646,-0.0730446300910991
20.0,16.48,-0.7443517891689243,-0.6626742137073665,-0.735290353855312,-0.671094016989946,0.0544047771354261,-0.06215634583224106,0.06323865258803016,-0.07056455589672382
20.0,16.5,-0.7462404303788137,-0.6609534683612038,-0.7374233109989325,-0.669247271077615,0.052063772819849564,-0.059791768727443975,0.060656285544877855,-0.06806930779777651
20.0,16.52,-0.748117189099273,-0.6592197022535252,-0.7395422605781272,-0.6673850852994822,0.04973447311085481,-0.057414766722766845,0.058087622203516355,-0.065559036298642
20.0,16.54,-0.7499816405799737,-0.6574733712858817,-0.7416470987809385,-0.6655075419466985,0.047416994021251706,-0.05502544986840238,0.05553280811122973,-0.06303387529957526
20.0,16.56,-0.7518338223932749,-0.6557144113396166,-0.7437376072294022,-0.6636148545010261,0.04511145693615394,-0.0526239334431427,0.05299199868269114,-0.06049396885605788
20.0,16.58,-0.7536736576531918,-0.653942889485408,-0.7458136858109394,-0.6617071092482116,0.04281796410372357,-0.05021031646113392,0.05046534738608823,-0.05793946499725031
20.0,16.6,-0.7555009565598135,-0.6521590055912649,-0.7478751203915888,-0.6597845241923331,0.04053662689004749,-0.04778471099811914,0.04795300100476141,-0.055370511766003355
20.0,16.62,-0.7573156452572027,-0.65036282976937,-0.7499219294851571,-0.657847058627075,0.03826755479573231,-0.04534722814257808,0.045455096743741694,-0.05278724721405881
20.0,16.64,-0.7591176503956919,-0.6485544326634242,-0.7519537878221962,-0.655895065144846,0.03601086044482647,-0.04289798710534994,0.04297178795811364,-0.05018982963221167
20.0,16.66,-0.7609067870477321,-0.646734018918461,-0.7539706029241203,-0.6539286376477197,0.033766648455851166,-0.040437102209220865,0.04050321521653164,-0.04757841133578817
20.0,16.68,-0.7626829849062537,-0.6449016620457173,-0.7559721696607655,-0.6519480030070312,0.03153502104601354,-0.03796468177542201,0.03804951267099238,-0.04495314127197618
20.0,16.7,-0.7644461748376085,-0.6430574365862752,-0.7579585128395736,-0.6499531263684195,0.02931608549415141,-0.03548084988467607,0.035610823371908906,-0.04231417958513678
20.0,16.72,-0.7661961765756964,-0.6412015514862944,-0.7599294309528238,-0.6479442378246432,0.027109939250598312,-0.03298571845258801,0.033187280418399884,-0.03966168151870608
20.0,16.74,-0.7679329238720647,-0.639334083833677,-0.7618848383366599,-0.6459214372924558,0.0249166876039573,-0.03047941140759606,0.030779016900797727,-0.03699580635848668
20.0,16.76,-0.7696563514695449,-0.6374551115179569,-0.7638244258394736,-0.643885092325986,0.022736430864245285,-0.02796205114054832,0.028386164797935598,-0.03431671640514775
20.0,16.78,-0.7713663951719945,-0.635564713272047,-0.7657482249484936,-0.6418351735821216,0.020569261194043974,-0.025433751940171567,0.02600885472402576,-0.03162457522372231
20.0,16.8,-0.7730628811772504,-0.633663103521171,-0.7676560438343707,-0.6397719193997038,0.018415280194660537,-0.022894642431452145,0.023647210739457955,-0.02891954599701681
20.0,16.82,-0.7747456381038682,-0.631750498696086,-0.7695476936933938,-0.6376955706012151,0.01627457957713146,-0.020344844235302913,0.021301360271607055,-0.026201796360560674
20.0,16.84,-0.7764147167977817,-0.6298268461205943,-0.7714232106330892,-0.6356061011552664,0.014147254878664162,-0.017784483110178217,0.0189714222666887,-0.023471490941489002
20.0,16.86,-0.7780700582808315,-0.6278922285355557,-0.773282409741177,-0.6335037547170926,0.012033394835709433,-0.015213683034966806,0.016657517909578225,-0.020728801463846265
20.0,16.88,-0.7797113861165895,-0.6259470015721572,-0.7751251091706381,-0.63138877729378,0.0099330943770027,-0.012632575079947648,0.014359764760334306,-0.017973896835884587
20.0,16.9,-0.7813387544338684,-0.6239911147900512,-0.77695124000813,-0.6292612816017649,0.007846439342736426,-0.010041284648946873,0.012078277638411133,-0.01520694921278229
20.0,16.92,-0.7829519999475946,-0.62202479060379,-0.7787606255408412,-0.6271215172869348,0.0057735165480695795,-0.0074399406945269255,0.009813169353302868,-0.012428133257537
20.0,16.94,-0.7845511783061117,-0.62004797939489,-0.7805533103282409,-0.6249694637345197,0.003714412200977372,-0.004828673261061872,0.007564551295151748,-0.009637623547188527
20.0,16.96,-0.7861323671474848,-0.6180581698538513,-0.7823291217000283,-0.6228053731272825,0.0016692102012649482,-0.0022076136292677527,0.005332529088052397,-0.006835594335216108
20.0,16.98,-0.7877001136343758,-0.616058869735995,-0.7840877818407977,-0.6206296366599928,-0.00036200708122374287,0.00042310626358102276,0.003117210708430989,-0.004022225823506573
20.0,17.0,-0.7892620252823743,-0.6140565572055758,-0.7858294494172454,-0.6184421002429431,-0.0023791590618114935,0.0030633540820795744,0.0009186973742434224,-0.001197694400769901
20.0,17.02,-0.7908042642368226,-0.6120401018596695,-0.7875538515158967,-0.6162431580390695,-0.00438216741695564,0.005712995409050647,-0.00126290972394052,0.0016378191272808777
20.0,17.04,-0.7923312834244621,-0.6100135638685886,-0.7892609343342062,-0.6140329319476743,-0.006370953197085302,0.008371897894503587,-0.003427512556553674,0.004484133998394049
20.0,17.06,-0.7938436260794102,-0.6079774925754565,-0.7909506457852991,-0.6118115446681387,-0.008345443242203904,0.011039923590657297,-0.005575016097997053,0.007341068411584446
20.0,17.08,-0.7953413554742466,-0.6059318424789222,-0.7926228291101906,-0.6095792580174899,-0.010305559759851727,0.013716939354280647,-0.007705326096116864,0.010208439755671723
20.0,17.1,-0.7968241130146917,-0.6038771238774386,-0.7942774368364693,-0.6073361970959119,-0.012251233208371771,0.016402807737957065,-0.00981835519855203,0.013086061407639078
20.0,17.12,-0.7982921758110012,-0.6018130147378208,-0.7959143176373121,-0.6050826266461056,-0.014182394443439132,0.019097390213330644,-0.011914011074425713,0.01597375162203493
20.0,17.14,-0.7997451897983647,-0.5997400279914413,-0.7975334286932215,-0.6028186740225437,-0.016098971540001474,0.021800548704552357,-0.013992210484303661,0.01887132273773837
20.0,17.16,-0.8011832236433406,-0.5976581207555269,-0.7991347289486734,-0.6005444672443151,-0.018000899847005022,0.024512141365843735,-0.016052873810446396,0.021778585612856418
20.0,17.18,-0.802606241820388,-0.5955673897232235,-0.8007180746943914,-0.5982602747224589,-0.019888107869135675,0.027232039142518878,-0.01809591569186656,0.024695357374671083
20.0,17.2,-0.8040140028246385,-0.5934682127128126,-0.8022833255710329,-0.5959663665679272,-0.0217605427463699,0.02996008645296878,-0.02012126455952865,0.02762144460609744
20.0,17.22,-0.8054066821435204,-0.5913604076802756,-0.8038305518081963,-0.5936627339441343,-0.02361812809251293,0.03269615958373446,-0.022128838539380406,0.03055666400100312
20.0,17.24,-0.806784042115789,-0.5892443542951675,-0.8053596173858684,-0.591349648607992,-0.025460822117607307,0.03544010550892811,-0.024118568286183462,0.033500819434376355
20.0,17.26,-0.8081460542160314,-0.5871201524956029,-0.8068704924698757,-0.589027243068993,-0.027288548723835654,0.038191787224750764,-0.026090391415324574,0.03645372121147157
20.0,17.28,-0.8094927932180241,-0.5849877613213202,-0.8083629442493572,-0.5866959325271301,-0.029101260953125117,0.04095105668329321,-0.028044223871101257,0.03941518437770645
20.0,17.3,-0.8108240283593409,-0.5828475637549754,-0.8098371527453527,-0.584355569211462,-0.030898901797105967,0.04371777786451923,-0.029980017691823367,0.042385011027952016
20.0,17.32,-0.8121398371719573,-0.5806995197921733,-0.8112927888486273,-0.582006711894685,-0.03268141612145751,0.04649180929261372,-0.03189770431967848,0.04536300083803125
20.0,17.34,-0.8134399940461307,-0.5785440148231289,-0.8127300357344496,-0.5796492133501808,-0.034448752341223556,0.04927299628505727,-0.033797229969824864,0.04834897616582007
20.0,17.36,-0.8147246799329886,-0.5763808675431226,-0.8141486721815759,-0.5772834931902058,-0.03620085616242098,0.05206120982396983,-0.035678527346230116,0.051342741996794
20.0,17.38,-0.8159936730458852,-0.57421046479911,-0.8155486826877616,-0.5749096886234237,-0.03793769887676545,0.05485629060262751,-0.037541548608181,0.054344092554330474
20.0,17.4,-0.8172470554010134,-0.5720327676182679,-0.8169301535096343,-0.5725277946073454,-0.0396592110775109,0.05765810458724546,-0.03938624181797548,0.05735285198194244
20.0,17.42,-0.8184846102861846,-0.5698481649500371,-0.8182927729436582,-0.5701383766685957,-0.04136536644430849,0.0604665045565666,-0.041212557304530315,0.06036880461292926
20.0,17.44,-0.8197064225293226,-0.5676566185517442,-0.8196367314851418,-0.5677412881257959,-0.04305611756530714,0.06328133444437652,-0.043020460244830284,0.06339177322543042
20.0,17.46,-0.8209124780034263,-0.5654582328685054,-0.820961823345471,-0.5653369537544568,-0.04473140406211518,0.06610247086901241,-0.044809893615341795,0.06642154560117434
20.0,17.48,-0.8221026654447747,-0.5632532560219198,-0.8222681427752291,-0.562925369933371,-0.04639121130588641,0.06892973923989643,-0.04658081545832822,0.06945795527511767
20.0,17.5,-0.8232768762079148,-0.5610419370699322,-0.8235554903210746,-0.5605069632896299,-0.04803549364910313,0.07176301687628465,-0.04833320055904153,0.07250078104590968
20.0,17.52,-0.8244352970650162,-0.5588240944243236,-0.8248239640548841,-0.5580817306056404,-0.04966422923754594,0.07460213893331953,-0.05006701160960321,0.07554982914108653
20.0,17.54,-0.8255776273287915,-0.5566002656073507,-0.8260734682380196,-0.5556499562815821,-0.05127734890064296,0.0774469805669921,-0.05178219711579146,0.07860491169110344
20.0,17.56,-0.8267040558346093,-0.5543702691461688,-0.8273040069380849,-0.5532117811298105,-0.05287485546633001,0.08029738438781117,-0.05347876242069823,0.08166583627478742
20.0,17.58,-0.8278144803842848,-0.5521343555445319,-0.8285155860609201,-0.55076734606226,-0.05445671702151172,0.08315319345718686,-0.055156635579228896,0.0847324102338614
20.0,17.6,-0.8289088015159498,-0.5498927761767249,-0.8297080218530865,-0.5483170816302478,-0.05602287411008538,0.08601427232794606,-0.056815818210485,0.0878044263307507
20.0,17.62,-0.8299870180945977,-0.5476456383881193,-0.8308814213466371,-0.5458609848475977,-0.05757332492361984,0.0888804790747257,-0.05845628970714014,0.09088170124522305
20.0,17.64,-0.8310492256410574,-0.5453929047172223,-0.8320357969471154,-0.5433991972073918,-0.05910803842455023,0.09175165602499778,-0.06007803693679091,0.09396402509610974
20.0,17.66,-0.8320952345108433,-0.5431349724419537,-0.833170973874901,-0.5409321509138671,-0.06062701338970409,0.09462765377463464,-0.0616810150311314,0.09705120589177829
20.0,17.68,-0.8331251428763751,-0.5408718042872722,-0.8342870642731693,-0.5384598426988876,-0.0621301884378983,0.09750833547190872,-0.06326522168520846,0.10014308228496074
20.0,17.7,-0.8341388603055455,-0.5386036533131247,-0.8353839933848718,-0.5359825601251154,-0.06361756847669804,0.10039355915076008,-0.0648306600956709,0.10323942009901338
20.0,17.72,-0.8351362993157027,-0.5363307734044828,-0.836461875939803,-0.5335002992735822,-0.06508912329599326,0.10328316152499512,-0.06637729866511834,0.10634004149166809
20.0,17.74,-0.8361176547210619,-0.5340529812546415,-0.8375204559317823,-0.5310136400193002,-0.06654486085444862,0.10617699700563937,-0.06790515937625986,0.10944472944221065
20.0,17.76,-0.837082748077913,-0.5317706765511888,-0.8385599453081374,-0.5285224323469037,-0.06798474226184795,0.10907492403795224,-0.0694142044357065,0.1125533344268882
20.0,17.78,-0.8380315900257417,-0.5294839676881014,-0.8395802789135922,-0.5260269642405456,-0.06940875987632902,0.11197681032720633,-0.07090443197530218,0.11566563701390618
20.0,17.8,-0.8389642844806479,-0.527192816619883,-0.8405814862134378,-0.5235273773355643,-0.0708169132492379,0.11488248903415252,-0.07237586967122497,0.11878145902706094
20.0,17.82,-0.8398806600848594,-0.5248976243364066,-0.841563507429352,-0.5210239598946926,-0.07220919292474544,0.11779181866130256,-0.07382852971413081,0.12190059052212857
20.0,17.84,-0.8407807321716284,-0.5225984994570725,-0.8425262861207555,-0.5185170005228525,-0.0735855628160974,0.12070465992678935,-0.07526235606463025,0.12502284941721525
20.0,17.86,-0.8416646080431351,-0.5202954035799477,-0.843470039362697,-0.5160063464782648,-0.07494606345208342,0.12362085648720329,-0.07667743855328336,0.12814805031070328
20.0,17.88,-0.8425321234258705,-0.5179887387718913,-0.8443945337044456,-0.5134925799047724,-0.07629064441626116,0.12654029103151979,-0.07807371285345047,0.13127599432438727
20.0,17.9,-0.8433833883318212,-0.5156784665057191,-0.8452999899931704,-0.5109755477498451,-0.07761933132357267,0.12946277526030414,-0.07945121615667498,0.13440650001443732
20.0,17.92,-0.8442184220290229,-0.5133646944290207,-0.8461862697188541,-0.5084556845451452,-0.07893214024637123,0.13238819928197218,-0.08080998540606728,0.13753937924561846
20.0,17.94,-0.8450371565089302,-0.5110476779882852,-0.8470534176952259,-0.5059331309357088,-0.08022902451154228,0.13531640045405688,-0.08215002987451686,0.14067444647358604
20.0,17.96,-0.8458396163817722,-0.5087275260299562,-0.8479014808640638,-0.50340802742956,-0.08151001674851001,0.1382472424433502,-0.0834713768221909,0.14381148735676616
20.0,17.98,-0.8466258241815638,-0.5064043452595423,-0.848730505356146,-0.5008805126443936,-0.08277511648398007,0.14118058349789234,-0.08477400017112635,0.1469503658274903
20.0,18.0,-0.8473957182213685,-0.504078391655861,-0.8495405403815327,-0.4983507256230434,-0.08402433918921032,0.1441162499335789,-0.08605798472449598,0.15009084365549724
20.0,18.02,-0.848149413441885,-0.5017496246816541,-0.8503314631949745,-0.49581910147594865,-0.08525765770475814,0.14705416572344002,-0.08732331315631468,0.15323279785633473
20.0,18.04,-0.8488867634658902,-0.49941844791881396,-0.8511035000724645,-0.49328548144677226,-0.08647513033927022,0.14999410877042924,-0.08857004117176961,0.15637598817450044
20.0,18.06,-0.8496079730262306,-0.49708467240096477,-0.8518564485474547,-0.4907504494326279,-0.08767672881256693,0.15293599969293165,-0.0897981941728315,0.15952023870388657
20.0,18.08,-0.8503128980343158,-0.4947487007812407,-0.8525905376179778,-0.4882138454787122,-0.08886250641167347,0.15587965742528473,-0.09100778526191253,0.16266541650922292
20.0,18.1,-0.8510015732930636,-0.49241064090134273,-0.853305737548572,-0.48567595344606007,-0.09003242139697497,0.158824981172936,-0.09219888092644746,0.16581128402675224
20.0,18.12,-0.851674117007899,-0.49007044977485686,-0.8540020263439285,-0.4831370596613891,-0.09118653831583051,0.16177180238910982,-0.09337148931946711,0.1689576950733471
20.0,18.14,-0.8523304792374937,-0.4877283826974521,-0.8546795496453438,-0.48059715003795095,-0.09232486138462179,0.1647199694041951,-0.0945256662153245,0.17210445128557147
20.0,18.16,-0.8529706105062994,-0.4853846938093168,-0.8553382864647823,-0.478056508270136,-0.09344737578209912,0.1676693635592015,-0.09566145647707734,0.1752514003911954
20.0,18.18,-0.8535946343360276,-0.4830393403521063,-0.8559782195950933,-0.4755154181689589,-0.09455413141397143,0.17061984573988487,-0.09677888575959397,0.17839835364372944
20.0,18.2,-0.8542025036313454,-0.4806925756795793,-0.8565994997133196,-0.47297386405392244,-0.09564517349243132,0.17357126279845092,-0.09787802086857131,0.1815451207907656
20.0,18.22,-0.8547943436288998,-0.4783443563348347,-0.8572021125070618,-0.47043212810224655,-0.09672045768898088,0.1765235116803769,-0.09895891629379101,0.18469155958012867
20.0,18.24,-0.8553700284783002,-0.4759950852307656,-0.8577862087576226,-0.46789019200809995,-0.09778009012059762,0.17947640042339288,-0.1000215957030927,0.1878374690855294
20.0,18.26,-0.8559296823961757,-0.4736447162788746,-0.8583516175154065,-0.46534863751436883,-0.09882404175302084,0.18242985265908657,-0.10106613858380377,0.1909826709709538
20.0,18.28,-0.8564732691208341,-0.4712935041442621,-0.8588986538211993,-0.462807144433627,-0.09985234677198798,0.1853836853232129,-0.10209256782177573,0.1941270376129271
20.0,18.3,-0.8570009135394757,-0.4689414014234816,-0.8594271522740261,-0.4602662936605931,-0.10086504457069259,0.1883377975145799,-0.1031009558452194,0.197270372492464
20.0,18.32,-0.8575124982821798,-0.4665888104048625,-0.8599372683305049,-0.4577260631760981,-0.10186218492874594,0.19129202689261376,-0.10409135767153443,0.20041252444959648
20.0,18.34,-0.8580082350773186,-0.4642355350250409,-0.8604290810973643,-0.4551865818847202,-0.10284376115212089,0.19424626235896628,-0.1050638412546084,0.20355327922099317
20.0,18.36,-0.8584880076693897,-0.4618819756688306,-0.8609026685996194,-0.4526479766139978,-0.10380980667852714,0.1972003890502835,-0.10601845192277702,0.20669254903207313
20.0,18.38,-0.8589519483594633,-0.45952808517587096,-0.8613579546085222,-0.45011067488245765,-0.10476040698828781,0.2001542206829934,-0.10695525491011128,0.20983010924132775
20.0,18.4,-0.8594000259596338,-0.4571741138372636,-0.8617951777883602,-0.4475745010979937,-0.1056955493129036,0.20310763104040774,-0.10787434915431682,0.2129657943810715
20.0,18.42,-0.8598322929777448,-0.4548201626251048,-0.8622142654015366,-0.44503988098439445,-0.10661525821190258,0.20606056924493907,-0.10877572862884209,0.21609950635627959
20.0,18.44,-0.860248802608398,-0.45246633187015606,-0.8626153025582164,-0.44250693815416586,-0.10751965501728626,0.2090128187366777,-0.10965951520908136,0.2192310296371352
20.0,18.46,-0.8606495281827788,-0.4501128704331373,-0.862998453965454,-0.4399756455291193,-0.10840865713241978,0.2119642959388373,-0.11052581123832982,0.22236019507290683
20.0,18.48,-0.861034604611717,-0.4477597278048367,-0.8633637286864599,-0.4374462750306658,-0.10928242446014315,0.21491484980115966,-0.11137461714327195,0.22548691857668987
20.0,18.5,-0.8614040870949715,-0.4454070023685661,-0.8637112162360119,-0.4349189480079021,-0.1101409435631055,0.21786434981007824,-0.11220602295985825,0.22861100582801486
20.0,18.52,-0.8617579541556115,-0.4430549422562225,-0.8640409294488279,-0.43239393450253344,-0.11098423312325041,0.22081273249491487,-0.1130201188636809,0.23173225613736678
20.0,18.54,-0.8620961875928138,-0.4407037956831742,-0.8643529606956616,-0.4298713538108742,-0.11181238404613447,0.22375979059606615,-0.11381700526279302,0.23485058757727711
20.0,18.56,-0.8624189990158478,-0.43835335782866236,-0.864647478672457,-0.4273511736724054,-0.11262544446049184,0.226705417892418,-0.11459668502992969,0.237965822740716
20.0,18.58,-0.8627262949724872,-0.43600402605496696,-0.8649244997637393,-0.4248336609281392,-0.11342342873085055,0.22964954021506367,-0.11535933225148874,0.2410778207496809
20.0,18.6,-0.8630182139609599,-0.4336557460751174,-0.865184044813632,-0.42231908247020206,-0.11420640962350337,0.2325920015972437,-0.11610495159207851,0.24418640421551568
20.0,18.62,-0.8632947399101897,-0.4313087625391931,-0.8654262846525592,-0.4198074026063481,-0.11497442496213534,0.23553267275012163,-0.1168336776004266,0.2472914501296713
20.0,18.64,-0.8635559368317448,-0.42896317036098053,-0.8656512423765345,-0.41729888599865195,-0.11572751598093403,0.23847143032074014,-0.11754553814139776,0.250392830596008
20.0,18.66,-0.8638018683299549,-0.42661906323058524,-0.8658590158905529,-0.4147936451839266,-0.11646574004385991,0.24140818343472645,-0.1182406652014616,0.25349041419615276
20.0,18.68,-0.8640325985857552,-0.42427653411377664,-0.8660497047425699,-0.4122917920048853,-0.1171891433997985,0.2443428178513528,-0.11891915561899132,0.25658398857401965
20.0,18.7,-0.8642481177106122,-0.42193582560345494,-0.86622340711712,-0.4097934361792542,-0.11789785998164384,0.24727518029489323,-0.11958101583137311,0.25967349575792986
20.0,18.72,-0.8644485674584431,-0.41959687941371937,-0.8663801537180781,-0.4072988388840503,-0.11859184020114374,0.25020517131491676,-0.12022645190842662,0.2627587187160586
20.0,18.74,-0.8646339408578588,-0.4172599372137807,-0.8665201178960367,-0.40480795726078933,-0.11927117641610008,0.2531326572630878,-0.12085545934068827,0.2658395763564404
20.0,18.76,-0.8648043789383562,-0.414924938662114,-0.866643259195432,-0.4023212000108168,-0.11993593161142699,0.2560575525740057,-0.12146813783344199,0.26891597824609814
20.0,18.78,-0.8649598036046027,-0.41259227448831864,-0.8667498243267165,-0.399838371558957,-0.12058615404576889,0.258979740001133,-0.12206462610475502,0.27198766728155627
20.0,18.8,-0.8651004299395444,-0.4102617323542213,-0.8668398450364901,-0.39735972700903066,-0.1212219498994586,0.2618991067058224,-0.12264500641529347,0.2750546338585896
20.0,18.82,-0.865226183499125,-0.40793370205639334,-0.8669133583305333,-0.39488552171880914,-0.12184330486145917,0.264815516339444,-0.12320933604725413,0.2781166883089344
20.0,18.84,-0.8653372079564161,-0.4056081206494875,-0.8669705394386192,-0.39241570679187193,-0.12245034926067883,0.2677289048251846,-0.12375774748362152,0.28117367670440274
20.0,18.86,-0.8654335030847824,-0.4032852254903522,-0.8670114272477882,-0.38995053517859274,-0.12304306172138482,0.27063912122559863,-0.1242903519269103,0.28422552581902377
20.0,18.88,-0.8655151417355286,-0.4009651026337103,-0.8670361274861492,-0.38749010597061706,-0.12362161475176017,0.2735460647178332,-0.12480722932792031,0.2872720915445727
20.0,18.9,-0.8655822678017863,-0.3986476867334471,-0.8670448185418749,-0.38503436795481155,-0.12418600787811385,0.2764496274348152,-0.1253084342689859,0.29031330943867245
20.0,18.92,-0.8656348836800608,-0.3963332128586963,-0.8670374722335833,-0.3825837204518116,-0.12473626257941468,0.2793497545013526,-0.12579412718503247,0.29334894382387894
20.0,18.94,-0.865672994829018,-0.3940219157952632,-0.867014199925416,-0.38013826024333897,-0.12527257620112617,0.28224626095516875,-0.12626437528254825,0.2963789578421861
20.0,18.96,-0.8656967464887811,-0.39171372782094704,-0.8669752442420033,-0.3776977798048356,-0.12579486256178737,0.2851391119804437,-0.12671926529452093,0.29940322193385477
20.0,18.98,-0.8657062147523049,-0.38940873148435534,-0.8669205848235377,-0.3752626765499237,-0.12630333987781792,0.28802816131239733,-0.12715894614227014,0.3024216062375846
20.0,19.0,-0.8657014731428581,-0.38710700719455093,-0.8668503312519591,-0.3728330422745588,-0.12679795362269242,0.2909133151633627,-0.12758351297641593,0.30543399681438665
20.0,19.02,-0.8656825334162025,-0.38480878789445344,-0.8667645974739837,-0.3704089692798018,-0.12727877920157765,0.2937945071686562,-0.12799306238290004,0.3084402831379747
20.0,19.04,-0.8656494711095505,-0.3825141523927919,-0.8666634957977216,-0.3679905477762444,-0.1277459787319937,0.29667158763522405,-0.128387693531997,0.31144036098619393
20.0,19.06,-0.8656023671316095,-0.38022318089989215,-0.8665471378767091,-0.36557786633518613,-0.12819956617123815,0.29954448370104947,-0.1287675049149986,0.3144341246718669
20.0,19.08,-0.8655412977867897,-0.3779359506103702,-0.8664156396836681,-0.3631710139955886,-0.12863960774542796,0.3024131035894525,-0.12913259549709807,0.3174214698165681
20.0,19.1,-0.8654663437351263,-0.3756525396612075,-0.8662690495506923,-0.3607702276657019,-0.12906622122822795,0.3052773286718201,-0.1294830659062957,0.32040229632540995
20.0,19.12,-0.8653775840033817,-0.37337302449994736,-0.8661075458710358,-0.3583754418619657,-0.12947942276088992,0.3081370942451174,-0.12981907011638041,0.32337647401211783
20.0,19.14,-0.8652750979689678,-0.3710974807654987,-0.8659311813860937,-0.35598689225694713,-0.12987933130273374,0.31099228148403335,-0.13014071278923953,0.3263439092223864
20.0,19.16,-0.8651589029704899,-0.36882613513623597,-0.8657401322090178,-0.3536045101600674,-0.13026596320393344,0.3138428283439487,-0.130448097945628,0.3293045071483535
20.0,19.18,-0.8650291432258386,-0.3665589101525813,-0.8655343921327258,-0.35122868022484766,-0.1306394391334802,0.3166886171154245,-0.13074126920139495,0.3322581900869743
20.0,19.2,-0.8648857739343525,-0.3642961817547261,-0.8653141980651138,-0.34885917986806503,-0.13099983201001505,0.31952956708576985,-0.1310203869594163,0.3352048397509958
20.0,19.22,-0.8647290667118906,-0.36203756896679246,-0.8650796063921111,-0.346496240181918,-0.13134721157394433,0.32236558978465585,-0.13128561832416372,0.3381443499930554
20.0,19.24,-0.8645589149710297,-0.35978359695126105,-0.8648306723718714,-0.3441400896841455,-0.13168165019892228,0.325196603087303,-0.13153694620444142,0.3410766642188371
20.0,19.26,-0.8643754647498103,-0.3575341854021457,-0.8645675743980475,-0.34179065451421287,-0.13200327389613992,0.3280224928459408,-0.13177459831714583,0.3440016571816943
20.0,19.28,-0.8641788617907273,-0.3552892537264504,-0.864290427172943,-0.3394480094568899,-0.13231204270729827,0.3308432269674424,-0.13199861974823954,0.34691925990051836
20.0,19.3,-0.8639690636983912,-0.3530491722089619,-0.8639992907122672,-0.3371123804741442,-0.13260814320930758,0.33365867508583263,-0.13220917795706286,0.3498293639311752
20.0,19.32,-0.863746219131355,-0.3508138593888045,-0.8636943416835279,-0.334783689847619,-0.13289165190639832,0.3364687614659079,-0.13240631990380883,0.35273190912144015
20.0,19.34,-0.8635103487879308,-0.34858353252408364,-0.8633756372296802,-0.3324621594920996,-0.13316258173057455,0.3392734226717564,-0.13259021355037814,0.35562678687076743
20.0,19.36,-0.8632616010388835,-0.34635810856304294,-0.8630433534728379,-0.3301477094331307,-0.13342106771550463,0.3420725606753479,-0.1327609695954146,0.358513921111592
20.0,19.38,-0.8630000588951207,-0.34413765281533054,-0.8626974943702963,-0.32784071083308053,-0.13366718658156457,0.34486610055982964,-0.13291863420700695,0.36139325589000076
20.0,19.4,-0.862725746913042,-0.34192238075572634,-0.8623382914852382,-0.3255409300216463,-0.1339009525975976,0.3476539863336567,-0.1330633770714033,0.3642646852215341
20.0,19.42,-0.8624387526878904,-0.3397123571054829,-0.8619658059920423,-0.3232485847449407,-0.13412256427431965,0.35043609902108874,-0.13319537268706982,0.3671281114133202
20.0,19.44,-0.8621392199455334,-0.3375074941049833,-0.8615801007396681,-0.3209638913193094,-0.13433197535443483,0.35321240791789,-0.13331460495553316,0.36998351052364914
20.0,19.46,-0.8618271760136486,-0.33530800500765523,-0.8611814051071053,-0.31868661296628564,-0.13452938666237124,0.35598279520441173,-0.13342124539014275,0.3728307797929365
20.0,19.48,-0.8615027080826815,-0.3331139516629766,-0.8607697264283902,-0.31641711398499783,-0.1347148158190073,0.35874721561338346,-0.13351547294507357,0.3756698324446317
20.0,19.5,-0.8611658437800987,-0.33092554463220886,-0.8603452925794198,-0.3141551555793207,-0.1348883375977028,0.3615055900099349,-0.13359733253437653,0.3785006184072512
20.0,19.52,-0.8608167875315713,-0.3287425438397554,-0.8599080590925707,-0.31190124990679546,-0.13505003349942712,0.36425785741849287,-0.13366693422518114,0.38132306687040735
20.0,19.54,-0.8604555659236293,-0.3265651578970843,-0.8594583055444948,-0.309655005233423,-0.13520004639147934,0.3670039264443167,-0.1337243900798201,0.38413711369399983
20.0,19.56,-0.8600822111824121,-0.3243935958696381,-0.8589960434884256,-0.30741678105204606,-0.13533845370461212,0.36974372181247595,-0.1337698800332067,0.38694267348470657
20.0,19.58,-0.8596968666971303,-0.32222776452015633,-0.8585214434274934,-0.30518648413356725,-0.13546527427256197,0.3724772096466957,-0.1338035150909318,0.38973967701329015
20.0,19.6,-0.8592996196084357,-0.3200677204230235,-0.8580345705094397,-0.30296432068500506,-0.13558065140756395,0.3752042967029226,-0.13382534092806037,0.39252808872279943
20.0,19.62,-0.8588905036768265,-0.3179136699838523,-0.8575355428989175,-0.3007503454368712,-0.13568459994600204,0.3779249415563502,-0.13383547026448778,0.39530785095134546
20.0,19.64,-0.8584696595602576,-0.3157655170113629,-0.8570245318034655,-0.2985444627742687,-0.13577726714570734,0.3806390598782275,-0.13383408211098713,0.3980788744575416
20.0,19.66,-0.8580371767347283,-0.3136233163939942,-0.8565016014167022,-0.29634687462641435,-0.13585873504983162,0.3833465908795531,-0.13382129186284086,0.40084110761013925
20.0,19.68,-0.8575930884370802,-0.3114872711631779,-0.8559669220516953,-0.2941574833625569,-0.13592908696948128,0.38604747783828414,-0.13379714108010402,0.40359451334045493
20.0,19.7,-0.8571374815068307,-0.30935743292550766,-0.8554205065813559,-0.2919766375206344,-0.13598840113616395,0.3887416500772004,-0.13376181391964462,0.40633901717777926
20.0,19.72,-0.8566704448422785,-0.3072338532094345,-0.8548625761074108,-0.28980408800102314,-0.13603676313652957,0.39142905827525004,-0.13371542456082558,0.40907456792861646
20.0,19.74,-0.8561921216545038,-0.3051164336585412,-0.8542931960207238,-0.2876400320430891,-0.13607425487766656,0.3941096432028501,-0.1336580850566372,0.4118011092834911
20.0,19.76,-0.8557025460057196,-0.30300537344771744,-0.8537124819590675,-0.2854845161010333,-0.13610095920270973,0.39678334883932,-0.133589909867512,0.41451859368357336
20.0,19.78,-0.8552018060120471,-0.30090072136612517,-0.8531206018408524,-0.2833374376643792,-0.1361169582484701,0.3994501176496017,-0.13351093834196437,0.41722699123110224
20.0,19.8,-0.8546899908268731,-0.2988025257627982,-0.8525175727573947,-0.2811991393045957,-0.13612240668715495,0.4021098758063336,-0.13342135830551727,0.4199262386398936
20.0,19.82,-0.8541671876801473,-0.2967108335127434,-0.8519036075082812,-0.2790693663216462,-0.1361172466911469,0.40476261426832366,-0.13332128172566474,0.4226162850415783
20.0,19.84,-0.8536335382127457,-0.2946255427528697,-0.8512787253723988,-0.2769484591217419,-0.13610177290867323,0.40740820767197083,-0.13321089688761403,0.4252970643885261
20.0,19.86,-0.8530890265166367,-0.2925469968718769,-0.8506431383383166,-0.27483616170253583,-0.13607585983473514,0.4100466849683814,-0.133090170334391,0.4279685835598892
20.0,19.88,-0.8525337926836927,-0.29047509168083013,-0.849996912480527,-0.27273266299785615,-0.13603973081458148,0.4126779397774134,-0.13295928770211982,0.4306307727438973
20.0,19.9,-0.8519679250363414,-0.28840987130227613,-0.8493401151706085,-0.2706381504885806,-0.13599340056471956,0.4153019531520752,-0.13281836121228546,0.4332835880239801
20.0,19.92,-0.8513915128864028,-0.2863513794228266,-0.8486729566435864,-0.2685523661361764,-0.13593702510551187,0.4179186511038288,-0.13266750642031136,0.4359269980050818
20.0,19.94,-0.8508046426065125,-0.28429965797536844,-0.8479954570186568,-0.26647564354163067,-0.13587061738334882,0.42052801364764075,-0.13250683603014432,0.4385609637772897
20.0,19.96,-0.8502073542435569,-0.28225489751669675,-0.847307818824522,-0.26440772131724183,-0.135794333365022,0.4231299652871307,-0.13233646289595216,0.44118544862628867
20.0,19.98,-0.849599833039381,-0.28021684159710325,-0.8466100690797788,-0.26234893247637603,-0.1357082598727751,0.4257244653772409,-0.1321564984397106,0.4438004127793744
20.0,20.0,-0.8489820701015508,-0.27818582754731397,-0.8459024094214865,-0.26029901447901826,-0.13561240756577733,0.42831149342950425,-0.13196705716109347,0.4464058285286606
40.0,0.0,6.490563704070549e-06,-2.675915155123481e-05,-3.447030313470371e-07,-9.476410732530404e-06,0.9999999920989807,-0.0001257061592012483,0.9999969325195626,-1.3575731243487167e-05
40.0,0.02,4.578212276875822e-06,-0.0011310741901201513,-3.354965118079685e-07,-0.0007242034733385412,0.9999998318745124,-0.0005798714917644061,0.9999972841350137,-0.00010150706690940932
40.0,0.04,1.6635984335555784e-06,-0.002235497712180348,-4.363697373148295e-07,-0.0014389722871348137,0.9999994649786026,-0.0010344285902683683,0.9999971061414934,-0.0001895011255933518
40.0,0.06,-2.2541918525916877e-06,-0.0033400310263130284,-6.474241013430439e-07,-0.0021537866483619258,0.9999988908739971,-0.0014893793255986165,0.9999963985276694,-0.0002775614935124211
40.0,0.08,-7.176011671444721e-06,-0.004444676777065743,-9.688039005872601e-07,-0.0028686497451746113,0.9999981090193629,-0.0019447256100356232,0.9999951612689455,-0.0003656917617251191
40.0,0.1,-1.3102889523087998e-05,-0.0055494365400084724,-1.4006332449728877e-06,-0.0035835656647405837,0.9999817191241763,-0.002400432475904387,0.9999933943277931,-0.0004538955437341634
40.0,0.12,-2.003577779119724e-05,-0.006654312331995303,-1.94303734791675e-06,-0.004298537854341168,0.9999345695577767,-0.002856437200609323,0.9999910976538864,-0.0005421764178660462
40.0,0.14,-2.797563081619696e-05,-0.007759305964758314,-2.5962233077095847e-06,-0.005013570101411445,0.9998866004478388,-0.0033127994673067176,0.9999882711838286,-0.0006305380145118466
40.0,0.16,-3.69233161904292e-05,-0.008864419134298538,-3.3603652377461315e-06,-0.0057286656449917995,0.999837806856155,-0.0037695200156139252,0.9999849148415241,-0.000718983946289573
40.0,0.18,-4.687996459398493e-05,-0.00996965428462703,-4.23558336360986e-06,-0.006443828245671436,0.9997881838139302,-0.0042266000981515655,0.9999810285359654,-0.0008075178429236059
40.0,0.2,-5.784670393365641e-05,-0.011075013798089952,-5.222253007071045e-06,-0.007159062179281371,0.9997377263469156,-0.0046840407824795,0.9999766121668663,-0.0008961433512234167
40.0,0.22,-6.982461048094377e-05,-0.012180498548004624,-6.320301464192981e-06,-0.007874369865701301,0.9996864294634347,-0.0051418431255174975,0.9999716656173337,-0.000984864082693921
40.0,0.24,-8.281443116822909e-05,-0.013286112132880546,-7.530159885658432e-06,-0.008589756111811106,0.9996342881484951,-0.005600007998969314,0.9999661887583926,-0.001073683700777941
40.0,0.26,-9.681755130862963e-05,-0.014391854942367171,-8.852147951808246e-06,-0.00930522445718443,0.999581297383014,-0.006058536787263658,0.999960181447869,-0.0011626058684707555
40.0,0.28,-0.00011183509102707387,-0.0154977300787983,-1.0286136287755686e-05,-0.010020777545646384,0.9995274521149559,-0.006517430340455334,0.9999536435327122,-0.0012516342308449353
40.0,0.3,-0.00012786797265656492,-0.01660373800307281,-1.1832860716448363e-05,-0.010736419847546511,0.9994727472775027,-0.006976689846619657,0.9999465748420452,-0.0013407724499218533
40.0,0.32,-0.00014491752028861248,-0.017709881712733508,-1.3492359101681099e-05,-0.011452155823072725,0.9994171778023931,-0.007436316482921792,0.9999389751951879,-0.0014300242221071907
40.0,0.34,-0.00016298473687757493,-0.01881616263476316,-1.5264841107657402e-05,-0.012167986193113321,0.9993607385969472,-0.00789631141540139,0.9999308443971133,-0.0015193932258021512
40.0,0.36,-0.0001820712801917345,-0.019922586199772867,-1.715060069619032e-05,-0.012883918389735885,0.9993034245340611,-0.00835667562437834,0.9999221822395759,-0.0016088831388316154
40.0,0.38,-0.00020217766039955047,-0.021029148098158063,-1.9150299948540782e-05,-0.013599953374103833,0.999245230497134,-0.008817410079197351,0.9999129885022292,-0.001698497655872054
40.0,0.4,-0.0002233056490840279,-0.02213585507109815,-2.126385854663119e-05,-0.01431609662460936,0.9991861513407322,-0.009278516261074095,0.9999032629478868,-0.0017882405582235218
40.0,0.42,-0.00024545641228027585,-0.023242708410213267,-2.3491831686053996e-05,-0.015032351410310025,0.9991261818881225,-0.0097399951164578,0.9998930053301078,-0.0018781153298592713
40.0,0.44,-0.0002686309189767696,-0.024349708850823115,-2.583449947057827e-05,-0.015748720145609154,0.9990653169714142,-0.010201847755022324,0.9998822153859561,-0.001968125977613616
40.0,0.46,-0.0002928310125867763,-0.02545685911359653,-2.8292384193014567e-05,-0.016465207524512443,0.9990035513851838,-0.010664075449114673,0.9998708928447534,-0.002058276018980247
40.0,0.48,-0.00031805754020692857,-0.02656416215549315,-3.0865408500388853e-05,-0.017181817400094522,0.9989408799245069,-0.011126679285273873,0.9998590374034722,-0.0021485693197059704
40.0,0.5,-0.00034431236584405605,-0.027671619876540945,-3.3554645862956735e-05,-0.01789855360824809,0.9988772973603769,-0.011589660338320025,0.9998466487680386,-0.002239009570307274
40.0,0.52,-0.0003715959388172742,-0.028779232024294835,-3.635997014212533e-05,-0.018615419244766816,0.9988127984261482,-0.01205301984545285,0.9998337266322793,-0.00232960046051998
40.0,0.54,-0.00039991013026969516,-0.02988700350744243,-3.9281834692853124e-05,-0.01933241918904757,0.9987473778078682,-0.012516759031620826,0.999820270654897,-0.002420345679217798
40.0,0.56,-0.00042925666066632827,-0.030994933204368146,-4.2320687028305355e-05,-0.020049554751135183,0.9986810303880489,-0.012980878938212873,0.9998062804931241,-0.0025112492634610543
40.0,0.58,-0.000459637130184525,-0.03210302381640646,-4.547734905843908e-05,-0.02076683243435881,0.9986137506986505,-0.013445380939131746,0.9997917558048305,-0.002602314725967836
40.0,0.6,-0.0004910517654550104,-0.033211281457753046,-4.875193470283141e-05,-0.0214842541796035,0.9985455335509298,-0.01391026605136864,0.9997766961883849,-0.0026935461019395673
40.0,0.62,-0.0005235031503476196,-0.03431970379726474,-5.214528803503288e-05,-0.02220182382525665,0.9984763734054122,-0.014375535623857578,0.99976110128941,-0.002784946727824112
40.0,0.64,-0.0005569925397128127,-0.03542829759389508,-5.565710760407103e-05,-0.022919546464369316,0.9984062651862209,-0.014841190651454722,0.9997449706924835,-0.002876520985956604
40.0,0.66,-0.0005915211929917314,-0.03653705949091379,-5.9288640990207505e-05,-0.023637426088080473,0.9983352033515822,-0.015307232458966051,0.9997283039959333,-0.0029682722108058963
40.0,0.68,-0.0006270906312012384,-0.037645992859832625,-6.303995343686295e-05,-0.02435546329536387,0.9982631824761223,-0.015773662186302866,0.9997111007614675,-0.0030602042592469225
40.0,0.7,-0.0006637032132437407,-0.03875510102036263,-6.691195014219597e-05,-0.025073664103556378,0.9981901972456061,-0.01624048113720761,0.9996933605495607,-0.003152321161629425
40.0,0.72,-0.000701358676558933,-0.039864382903946796,-7.09046894626494e-05,-0.025792034967178978,0.9981162422296211,-0.01670769060136834,0.9996750829210664,-0.003244626598311463
40.0,0.74,-0.0007400604817864047,-0.040973849895335056,-7.501954294130257e-05,-0.02651057278406035,0.998041312002561,-0.017175291507704693,0.9996562674011004,-0.0033371244229729266
40.0,0.76,-0.0007798097909563404,-0.04208349034486962,-7.925611554304329e-05,-0.02722928642545779,0.997965401017272,-0.017643285119139738,0.9996369134910641,-0.0034298184881315593
40.0,0.78,-0.0008206075886476588,-0.04319331996726447,-8.361536884630374e-05,-0.027948181588981696,0.9978885039300174,-0.0181116740834007,0.9996170207146767,-0.0035227126452724343
40.0,0.8,-0.0008624567405279711,-0.04430333033126802,-8.809779682790975e-05,-0.02866725762011096,0.9978106151460013,-0.018580455804547164,0.9995965885495485,-0.003615810570124249
40.0,0.82,-0.0009053575047958291,-0.045413530370000274,-9.270442141141049e-05,-0.029386518629028528,0.997731729150159,-0.01904963586368922,0.9995756164822126,-0.003709116460682964
40.0,0.84,-0.0009493122407978346,-0.04652391548178365,-9.743526976616854e-05,-0.030105970069716558,0.9976518405204662,-0.019519214604275057,0.9995541039664884,-0.0038026338157787195
40.0,0.86,-0.000994322058020105,-0.04763449380015349,-0.00010229192904991863,-0.030825615630912847,0.9975709436407961,-0.01998919061170043,0.9995320504413805,-0.003896366830812219
40.0,0.88,-0.0010403904966197189,-0.048745266933312464,-0.00010727388308911055,-0.03154545812315165,0.9974890330216921,-0.02045956768665836,0.9995094553471308,-0.003990319176564733
40.0,0.9,-0.0010875177565184868,-0.0498562321249383,-0.0001123822087637503,-0.03226550120079458,0.9974061028965026,-0.02093034612743542,0.9994863181103852,-0.004084494871403676
40.0,0.92,-0.001135705084024681,-0.05096739729708171,-0.00011761747131472483,-0.03298575197707275,0.9973221478066526,-0.02140152796724504,0.9994626381116949,-0.004178897757752542
40.0,0.94,-0.001184956303545172,-0.05207876306130883,-0.0001229813980807595,-0.03370621287214419,0.9972371622145401,-0.02187311348317865,0.9994384147538895,-0.004273531676796889
40.0,0.96,-0.0012352717062220117,-0.053190327725591874,-0.00012847280806717518,-0.0344268847785407,0.9971511402001456,-0.022345104672202583,0.999413647415282,-0.004368400642701964
40.0,0.98,-0.0012866544392369564,-0.05430209342692764,-0.0001340940602148242,-0.03514777109747825,0.9970640764550873,-0.022817501790154425,0.9993883354396343,-0.004463508493653253
40.0,1.0,-0.0013391050347659412,-0.05541406756797684,-0.0001398451910208487,-0.03586888273827692,0.9969759651315645,-0.023290308549840943,0.9993624781921756,-0.004558859240944582
40.0,1.02,-0.0013926257919076891,-0.05652625166496878,-0.00014572740380858578,-0.03659021452151895,0.9968868005422861,-0.023763521689928808,0.9993360749921023,-0.0046544567197875485
40.0,1.04,-0.0014472189792989352,-0.057638642751748535,-0.00015174072130834824,-0.03731177918974003,0.9967965769835461,-0.02423714838098542,0.9993091251446893,-0.0047503051126902155
40.0,1.06,-0.0015028861975196896,-0.05875124897750412,-0.00015788570921778045,-0.03803357139063446,0.9967052887689161,-0.024711185334920432,0.999281627956851,-0.00484640807739858
40.0,1.08,-0.0015596297842073578,-0.05986406600282877,-0.0001641643596124917,-0.038755603476142216,0.9966129301588635,-0.02518563621204273,0.9992535827330734,-0.004942769618958196
40.0,1.1,-0.0016174513689135206,-0.060977100260759046,-0.00017057663908961096,-0.039477873039120676,0.9965194953834501,-0.025660501176638397,0.9992249887185991,-0.0050393939149542665
40.0,1.12,-0.0016763535186741024,-0.06209035223224227,-0.0001771239080140893,-0.04020038705465309,0.996424978674207,-0.02613578037946287,0.9991958451710548,-0.0051362847926112
40.0,1.14,-0.0017363379127024036,-0.06320382733963557,-0.00018380614612544736,-0.040923151310180546,0.9963293741248539,-0.026611479174474144,0.999166151346369,-0.005233446251926576
40.0,1.16,-0.0017974072255417869,-0.06431752599659672,-0.0001906254289925032,-0.04164616356938239,0.9962326761717997,-0.027087594209352372,0.9991359064651012,-0.005330882291055036
40.0,1.18,-0.0018595619102758402,-0.06543144805467485,-0.00019758103968032972,-0.04236943550911322,0.9961348786750909,-0.027564130803088276,0.9991051097239431,-0.005428596906329412
40.0,1.2,-0.0019228059565792777,-0.06654559772475806,-0.0002046750957906497,-0.04309296250215877,0.9960359759116749,-0.028041087311292855,0.9990737603302215,-0.0055265940924156725
40.0,1.22,-0.001987141001534001,-0.06765997396086154,-0.00021190836303258752,-0.04381675599940634,0.9959359621786794,-0.028518465556277305,0.9990418574673834,-0.0056248778420995415
40.0,1.24,-0.002052567716041136,-0.06877458360812472,-0.00021928078677837807,-0.044540817828528874,0.9958348313770887,-0.028996269074133926,0.999009400282492,-0.005723452320544478
40.0,1.26,-0.002119091294372906,-0.06988942371576311,-0.0002267946261642595,-0.04526514843590841,0.9957325776721192,-0.02947449617501201,0.9989763879341755,-0.005822321516780461
40.0,1.28,-0.002186711086454032,-0.07100449547528476,-0.0002344498741967192,-0.04598975614493412,0.9956291950774415,-0.029953150368779935,0.9989428195571678,-0.005921489417856815
40.0,1.3,-0.0022554304040592076,-0.07211981076031079,-0.00024224727425081264,-0.046714645845390354,0.9955246778228907,-0.03043223167818429,0.9989086942738057,-0.006020960008874962
40.0,1.32,-0.0023252521734147286,-0.07323536607265893,-0.0002501892024594465,-0.04743981759665272,0.9954190197425582,-0.030911741838660366,0.998874011168886,-0.00612073762148929
40.0,1.34,-0.0023961770401501187,-0.0743511654905403,-0.0002582747705355272,-0.04816527078943515,0.9953122150131746,-0.03139168258107235,0.9988387693524156,-0.006220826062509843
40.0,1.36,-0.0024682091800479356,-0.07546720217608494,-0.0002665064852650648,-0.04889101999019845,0.9952042574665152,-0.03187205561046892,0.9988029678749551,-0.006321229310766721
40.0,1.38,-0.0025413496423426192,-0.07658349167116767,-0.0002748842897860404,-0.04961706664156696,0.9950951412189297,-0.03235286088705181,0.9987666057712863,-0.006421951865955844
40.0,1.4,-0.0026156027529488234,-0.07770002724536589,-0.0002834106943829439,-0.05034340875564504,0.9949848602744499,-0.032834101829802426,0.9987296821830947,-0.006522997529083216
40.0,1.42,-0.0026909678646918314,-0.07881681359991549,-0.0002920847870152012,-0.051070051658275877,0.9948734084635618,-0.03331577662108476,0.9986921960074208,-0.006624370446159488
40.0,1.44,-0.0027674495060220337,-0.0799338477536552,-0.0003009083098477467,-0.05179700773166571,0.9947607797303053,-0.03379789038532591,0.998654146255289,-0.0067260747617904635
40.0,1.46,-0.002845049862454842,-0.08105113632620585,-0.000309883875225371,-0.05252427200065248,0.9946469681359038,-0.03428044128218061,0.998615532052869,-0.006828114444917064
40.0,1.48,-0.0029237696884490535,-0.08216868566037185,-0.0003190105464284585,-0.05325185089510067,0.9945319673365115,-0.03476343265666616,0.9985763522917992,-0.0069304939836253784
40.0,1.5,-0.003003615094017601,-0.08328649094103223,-0.00032829010915189885,-0.05397974994871083,0.994415771336298,-0.03524686437386432,0.9985366058674685,-0.007033217166575342
40.0,1.52,-0.003084585653845323,-0.0844045641096003,-0.0003377234381183914,-0.05470797313893304,0.9942983739029434,-0.0357307397506179,0.9984962917856038,-0.007136288303826694
40.0,1.54,-0.0031666844504575024,-0.08552289429627484,-0.0003473123636382198,-0.05543652218594154,0.9941797689266079,-0.036215058616629735,0.9984554089371207,-0.007239711528045281
40.0,1.56,-0.003249913671673749,-0.0866414855627202,-0.0003570578103221197,-0.05616540233282433,0.9940599502362839,-0.036699822521358894,0.9984139563268372,-0.007343490970398026
40.0,1.58,-0.0033342776199821763,-0.08776035699435142,-0.0003669607262947273,-0.05689462205452077,0.9939389116605296,-0.037185032998175535,0.9983719327273176,-0.007447630932261347
40.0,1.6,-0.0034197777830207283,-0.0888794918410195,-0.00037702199599234807,-0.057624179497292906,0.9938166469131121,-0.03767069155996405,0.998329337027584,-0.00755213536492043
40.0,1.62,-0.0035064165236984427,-0.08999889659323905,-0.00038724358003918384,-0.05835408148815458,0.9936931497075421,-0.038156799703176314,0.9982861682265836,-0.007657008740844394
40.0,1.64,-0.0035941959272867423,-0.09111857032843809,-0.0003976253528303696,-0.05908432326323348,0.9935684138715248,-0.03864335891222006,0.9982424249813001,-0.007762255004673444
40.0,1.66,-0.0036831201965329885,-0.09223852476133997,-0.00040817046358187364,-0.059814928601470654,0.9934424330721235,-0.03913036891227901,0.9981981062897598,-0.00786787844964972
40.0,1.68,-0.0037731932883960017,-0.09335876296260147,-0.0004188787279623261,-0.060545881526681014,0.9933152010702209,-0.039617832889032485,0.9981532108040454,-0.007973883363764351
40.0,1.7,-0.003864413899627858,-0.09447927842122772,-0.00042975224024450716,-0.061277193975538685,0.9931867114645424,-0.04010575226815193,0.9981077374049192,-0.008080274034196047
40.0,1.72,-0.003956787237441229,-0.09560006444424574,-0.0004407909918112219,-0.06200887862846525,0.9930569579247823,-0.04059412672513532,0.9980616848584724,-0.008187054570381205
40.0,1.74,-0.004050318348012545,-0.09672114737514304,-0.0004519980605399246,-0.06274092687276879,0.9929259340234363,-0.04108296112304898,0.9980150518133374,-0.008294229252336185
40.0,1.76,-0.004145005880724466,-0.09784252058033559,-0.00046337340047448143,-0.06347334378793498,0.9927936335748495,-0.041572251637719264,0.9979678372631277,-0.008401802186037633
40.0,1.78,-0.004240855163871004,-0.09896417567953586,-0.0004749192087691851,-0.06420614121983838,0.9926600499634632,-0.04206200482571998,0.9979200396213788,-0.008509777992461689
40.0,1.8,-0.004337866841330096,-0.1000861140380475,-0.0004866364892009489,-0.0649393154550502,0.9925251770494512,-0.04255221856709889,0.9978716578807632,-0.008618160597908672
40.0,1.82,-0.0044360477163670085,-0.10120835809312123,-0.0004985252012422984,-0.06567287627558449,0.992389008017837,-0.04304289590305829,0.9978226905687508,-0.008726954444480994
40.0,1.84,-0.0045353978042816075,-0.10233089365182131,-0.0005105898839193209,-0.06640683212005097,0.992251536774076,-0.043534036417288195,0.9977731363264164,-0.008836163972328035
40.0,1.86,-0.0046359197282134935,-0.10345372666554116,-0.0005228292418388595,-0.0671411743496484,0.9921127565401135,-0.0440256448519154,0.9977229939130838,-0.008945793097269963
40.0,1.88,-0.0047376190893769835,-0.10457684776503398,-0.0005352455923027615,-0.06787591505009248,0.9919726610710153,-0.04451771901418293,0.9976722618509265,-0.00905584642672039
40.0,1.9,-0.004840495731297603,-0.10570028022859958,-0.0005478400328933402,-0.06861105638032776,0.9918312436653951,-0.045010261878619465,0.9976209388920503,-0.009166328392983838
40.0,1.92,-0.0049445555604455335,-0.10682401921997757,-0.0005606137055367462,-0.06934660574719047,0.9916884978129464,-0.0455032746751419,0.9975690235607414,-0.009277243075013698
40.0,1.94,-0.005049798757914729,-0.10794805537245498,-0.0005735701799305663,-0.0700825677763065,0.9915444171184522,-0.045996758621080144,0.9975165143784783,-0.009388594722803671
40.0,1.96,-0.0051562326496863145,-0.1090724113857043,-0.0005867080939870079,-0.07081893585145851,0.9913989947640749,-0.04649071663030491,0.9974634100901827,-0.009500388107678155
40.0,1.98,-0.005263855047301261,-0.1101970678950858,-0.0006000312209393026,-0.07155573243296236,0.991252224207868,-0.04698514814248197,0.9974097089882884,-0.009612627122961629
40.0,2.0,-0.005372674827003402,-0.1113220370519986,-0.0006135406169129337,-0.07229294385837856,0.9911040990578963,-0.04748005432072802,0.9973554098149676,-0.009725316533592402
40.0,2.02,-0.005482691047083924,-0.11244732596505745,-0.0006272363085778072,-0.07303058552643032,0.9909546123832961,-0.04797543801769446,0.9973005109732279,-0.009838460401627174
40.0,2.04,-0.005593907628757294,-0.11357292231569804,-0.0006411206746744109,-0.07376865222955903,0.9908037576780584,-0.04847130035355033,0.9972450108579292,-0.00995206348205775
40.0,2.06,-0.005706328162650147,-0.11469884632140467,-0.0006551963299033405,-0.07450715983660508,0.9906515282949018,-0.048967640689889014,0.9971889082138478,-0.01006612983372119
40.0,2.08,-0.005819956652478578,-0.11582508523080137,-0.0006694645222339612,-0.07524611154792964,0.9904979173326037,-0.049464463556800876,0.9971322013217099,-0.0101806638556486
40.0,2.1,-0.005934796086918762,-0.11695164549812288,-0.0006839250546959051,-0.07598549708983877,0.9903429183474822,-0.04996176655520366,0.9970748885720732,-0.010295670292595972
40.0,2.12,-0.0060508497895047164,-0.11807853980321033,-0.0006985819650069377,-0.07672533602407836,0.990186524350129,-0.05045955590466773,0.997016968359379,-0.010411153363714112
40.0,2.14,-0.006168119306910556,-0.11920574593886951,-0.0007134351420281142,-0.07746562562556086,0.9900287288761533,-0.05095782743490592,0.9969584393044519,-0.01052711746109699
40.0,2.16,-0.006286613489968782,-0.12033330167897492,-0.0007284872690802878,-0.07820637559895677,0.9898695247067218,-0.051456587313899356,0.9968992995656842,-0.010643567142477859
40.0,2.18,-0.006406328885954264,-0.12146116824265801,-0.000743738195712849,-0.07894758132456647,0.9897089054331744,-0.051955834801130016,0.9968395475314056,-0.01076050679034413
40.0,2.2,-0.006527272191038458,-0.12258938094604487,-0.0007591934876415975,-0.07968925966272526,0.9895468639910608,-0.05245557083531774,0.9967791817013486,-0.010877940958776897
40.0,2.22,-0.006649447541627064,-0.12371792462530348,-0.0007748516255857185,-0.08043140365923106,0.9893833937739193,-0.05295579635958336,0.9967182001146593,-0.010995874193140203
40.0,2.24,-0.006772857969365902,-0.12484680307336618,-0.0007907139380265609,-0.08117401858996637,0.989218487535281,-0.053456515726320826,0.9966566013866034,-0.011114310693389615
40.0,2.26,-0.006897505998657171,-0.12597601062053415,-0.000806784648953152,-0.081917112987139,0.9890521388563798,-0.05395772638543957,0.9965943834347097,-0.01123325534388971
40.0,2.28,-0.007023396015280348,-0.12710557543118664,-0.0008230652389602808,-0.0826606987258154,0.988884340587205,-0.054459430922599104,0.9965315448711677,-0.01135271233701228
40.0,2.3,-0.007150531725452964,-0.12823547214229106,-0.000839555483433257,-0.08340476223614816,0.9887150855948446,-0.05496163363397639,0.996468083727047,-0.011472686376616697
40.0,2.32,-0.007278917326195911,-0.12936572380405317,-0.0008562583584621671,-0.08414932133273086,0.988544367356907,-0.055464331904678456,0.9964039982652764,-0.011593181817317864
40.0,2.34,-0.007408554801852823,-0.13049631361141417,-0.0008731751532834394,-0.08489436792887017,0.988372178612442,-0.05596752825179452,0.996339286743173,-0.01171420335757688
40.0,2.36,-0.007539448053829533,-0.1316272587625608,-0.000890308982395679,-0.08563992590613143,0.9881985125398927,-0.05647122346525565,0.9962739473016479,-0.011835755690422056
40.0,2.38,-0.007671602731628224,-0.13275856581272957,-0.0009076611352699731,-0.08638598284031324,0.9880233618942013,-0.05697542175061773,0.9962079779714896,-0.011957842981725888
40.0,2.4,-0.007805020697052966,-0.13389021490698255,-0.0009252331330619729,-0.08713254848414441,0.9878467199414105,-0.05748012040047417,0.9961413771155814,-0.012080470266707617
40.0,2.42,-0.007939708153089777,-0.1350222204279246,-0.0009430265333355553,-0.08787963541671776,0.9876685793255132,-0.05798532357126946,0.9960741426467941,-0.012203641701502557
40.0,2.44,-0.008075665991279903,-0.1361545857189284,-0.0009610456937232213,-0.08862722842409389,0.9874889331183857,-0.0584910319624045,0.9960062729266557,-0.012327362139008754
40.0,2.46,-0.008212899112866403,-0.1372873019169484,-0.0009792893027951097,-0.08937535535905672,0.9873077742815465,-0.058997246245834176,0.9959377657458343,-0.012451636073049834
40.0,2.48,-0.008351412195499893,-0.13842039555541702,-0.000997760139532928,-0.09012399538817172,0.9871250955624981,-0.05950396878856336,0.9958686192329844,-0.012576468344926485
40.0,2.5,-0.008491208771717326,-0.13955383321614245,-0.0010164616298758238,-0.09087318152932256,0.9869408899183433,-0.060011198489974805,0.9957988315215448,-0.012701863270083843
40.0,2.52,-0.008632294056334292,-0.14068764881744486,-0.001035395111136811,-0.09162289736308797,0.9867551501102096,-0.06051893940300274,0.9957284006219785,-0.012827825679501022
40.0,2.54,-0.008774668111564975,-0.14182183197217835,-0.0010545637881248307,-0.09237314930495048,0.9865678693360859,-0.06102719212707435,0.9956573244327744,-0.012954360050518133
40.0,2.56,-0.008918339600962874,-0.14295639128223445,-0.0010739660734804153,-0.09312394611963905,0.986379039207782,-0.061535957141624645,0.9955856009585193,-0.013081471378669413
40.0,2.58,-0.009063307959752749,-0.14409130616383253,-0.0010936085001467262,-0.09387529879356914,0.986188653726426,-0.06204523505193415,0.9955132280964208,-0.013209163958234921
40.0,2.6,-0.009209580915168462,-0.1452266084014066,-0.001113489407142945,-0.09462720984583448,0.9859967054250172,-0.06255502807843832,0.99544020396197,-0.013337442776880117
40.0,2.62,-0.00935716082028036,-0.14636228349581618,-0.00113361345331329,-0.09537966176383574,0.9858031868373979,-0.06306533841802386,0.99536652621727,-0.013466312290134032
40.0,2.64,-0.0095060538367775,-0.14749833633553075,-0.001153981043137859,-0.0961326937622274,0.9856080907202676,-0.06357616480350607,0.9952921928617732,-0.013595777300754426
40.0,2.66,-0.00965626012283912,-0.14863475814355023,-0.0011745968482320982,-0.09688628115178306,0.9854114095029333,-0.06408751110629671,0.995217201780785,-0.01372584243136202
40.0,2.68,-0.009807790014838657,-0.149771576747049,-0.0011954593822543083,-0.09764044530730573,0.9852131358377554,-0.0645993777335602,0.995141550852917,-0.013856512647036997
40.0,2.7,-0.009960642972334243,-0.15090877204322667,-0.001216575402414382,-0.09839518726772252,0.9850132635159323,-0.0651117651448798,0.9950652377304857,-0.013987792557234272
40.0,2.72,-0.010114822298429464,-0.15204634341213213,-0.0012379431960844363,-0.09915050992091362,0.9848117828166822,-0.06562467527174366,0.9949882602930932,-0.01411968676953806
40.0,2.74,-0.010270335335433835,-0.15318431038015382,-0.0012595662021144078,-0.09990641785283601,0.9846086886722296,-0.06613810860291482,0.9949106164134608,-0.014252200233776104
40.0,2.76,-0.010427188568599569,-0.15432267793115234,-0.001281447939274185,-0.10066291742435482,0.9844039725016918,-0.06665206709700308,0.9948323036211103,-0.014385337715976736
40.0,2.78,-0.01058537818660126,-0.15546141852836523,-0.0013035883173684432,-0.1014200051553614,0.9841976279929457,-0.06716655284060967,0.9947533199042743,-0.014519103809860533
40.0,2.8,-0.01074491765916569,-0.15660055951131066,-0.0013259928682150376,-0.10217770248246816,0.9839896456723038,-0.06768156422976904,0.9946736627834554,-0.014653503618087624
40.0,2.82,-0.010905807461934902,-0.15774009592373947,-0.0013486614154408735,-0.10293599752645735,0.9837800192368151,-0.06819710330377597,0.9945933299018423,-0.014788541545079859
40.0,2.84,-0.011068050915690278,-0.15888002489485267,-0.001371595866930571,-0.10369490339837201,0.9835687411321916,-0.06871317371726483,0.9945123191167726,-0.014924222861224884
40.0,2.86,-0.011231652793259054,-0.16002036426301874,-0.001394801649845633,-0.104454422982917,0.9833558030329196,-0.06922977387016119,0.9944306278357578,-0.01506055213017918
40.0,2.88,-0.01139662111111606,-0.16116109718980304,-0.0014182788128068108,-0.10521456074756762,0.9831411986441166,-0.0697469057306127,0.9943482538052174,-0.015197534088769839
40.0,2.9,-0.011562954143442602,-0.16230222810352032,-0.0014420290605549916,-0.10597531045994786,0.9829249205405125,-0.07026457116338156,0.9942651946496474,-0.015335173813580493
40.0,2.92,-0.01173066579986872,-0.16344378158872153,-0.0014660583456854008,-0.10673670388852875,0.9827069591599401,-0.07078277013012425,0.9941814477650524,-0.015473476198343626
40.0,2.94,-0.011899752022746842,-0.16458572926963827,-0.001490364586171058,-0.10749872564829269,0.982487308217255,-0.07130150452520341,0.9940970107769417,-0.015612445960992382
40.0,2.96,-0.012070220091837456,-0.16572808164358974,-0.0015149533328385721,-0.10826137357545486,0.9822659604233319,-0.07182077442313409,0.9940118813059581,-0.015752087987191923
40.0,2.98,-0.012242077569422883,-0.1668708515850068,-0.0015398268107442038,-0.10902467188190236,0.9820429072384501,-0.07234058150541535,0.993926056624448,-0.015892407324725796
40.0,3.0,-0.012415325013860182,-0.16801403545113205,-0.0015649869276152192,-0.10978862143583511,0.9818181412570461,-0.07286092750967042,0.9938395343513827,-0.016033408673828072
40.0,3.02,-0.012589967496657308,-0.16915761159055642,-0.0015904373587996758,-0.11055321159393064,0.981591655076433,-0.07338181414804962,0.9937523118690959,-0.01617509707198418
40.0,3.04,-0.01276601464119396,-0.1703016185413483,-0.0016161802726742491,-0.11131845827364666,0.9813634404250395,-0.07390323959643541,0.9936643866720118,-0.016317477552344688
40.0,3.06,-0.01294346749836464,-0.17144605878062294,-0.0016422159164276083,-0.11208437903852105,0.9811334897826096,-0.07442520722872054,0.9935757560262805,-0.01646055496465605
40.0,3.08,-0.01312233019951878,-0.17259089653641374,-0.00166854985271283,-0.1128509540176683,0.9809017957592618,-0.07494771867942522,0.9934864174246034,-0.01660433415616158
40.0,3.1,-0.013302608515810608,-0.17373615715881235,-0.0016951843717229647,-0.11361820321734441,0.9806683501028357,-0.07547077204711941,0.9933963680084225,-0.016748820308832412
40.0,3.12,-0.013484309969925503,-0.1748818481198807,-0.0017221214057828867,-0.11438612195403228,0.98043314417508,-0.07599437053879228,0.993305605265748,-0.01689401825711686
40.0,3.14,-0.013667437694171392,-0.17602795882870498,-0.0017493631036280676,-0.11515471975315798,0.9801961707343193,-0.0765185139978668,0.9932141264505744,-0.017039932998530183
40.0,3.16,-0.01385199651251516,-0.17717450055436862,-0.0017769136656968182,-0.115924007423529,0.9799574234054933,-0.07704320575263633,0.9931219288115128,-0.017186569697308834
40.0,3.18,-0.014037989820117776,-0.17832146603835264,-0.0018047751312770626,-0.11669398369251612,0.9797168917069311,-0.07756844361885167,0.9930290094773168,-0.01733393368227675
40.0,3.2,-0.01422542588981805,-0.17946886992241728,-0.0018329495574723712,-0.11746464826582585,0.9794745694095679,-0.0780942291606285,0.9929353658180401,-0.017482029412858376
40.0,3.22,-0.01441430680270915,-0.1806166875249006,-0.0018614415122275678,-0.11823602902830609,0.9792304478952627,-0.07862056544607132,0.9928409949729505,-0.017630861337898818
40.0,3.24,-0.01460463971501126,-0.18176495792444727,-0.0018902527157890273,-0.11900810079673006,0.9789845188237317,-0.07914745209525294,0.9927458941593683,-0.017780435807514913
40.0,3.26,-0.014796430164039628,-0.18291365934392156,-0.0019193876358708146,-0.11978088001768927,0.9787367749905702,-0.07967488879255763,0.9926500602797396,-0.017930757425696813
40.0,3.28,-0.014989682321152751,-0.18406279244832466,-0.0019488463964519643,-0.1205543706919387,0.9784872089194716,-0.0802028786128658,0.9925534906914361,-0.018081830797726125
40.0,3.3,-0.015184403723959327,-0.18521235918013965,-0.0019786335528082636,-0.12132859174144894,0.9782358100380292,-0.08073142090887941,0.9924561822924295,-0.01823366051367304
40.0,3.32,-0.015380597394642379,-0.18636238501384456,-0.0020087509264779643,-0.12210352133257167,0.9779825732735197,-0.08126051717540629,0.992358132142815,-0.018386254624673647
40.0,3.34,-0.015578267675001992,-0.18751283222233228,-0.002039203419100379,-0.12287919450543776,0.9777274890530245,-0.08179016850834737,0.9922593373953174,-0.01853961597795792
40.0,3.36,-0.015777421110478123,-0.1886637290159252,-0.002069995086487931,-0.12365559111007407,0.97747054795451,-0.08232037426548391,0.9921597949403219,-0.01869374914164958
40.0,3.38,-0.015978060813258345,-0.18981506201164164,-0.002101124246824221,-0.12443273441710168,0.9772117447780362,-0.0828511375668271,0.9920595018943917,-0.018848658680877265
40.0,3.4,-0.016180200353816072,-0.19096686229611878,-0.002132597155890811,-0.12521060572204223,0.9769510689899594,-0.08338245761783007,0.9919584548485759,-0.01900435260735421
40.0,3.42,-0.01638383465010054,-0.19211909784877185,-0.002164416775779471,-0.12598924475989245,0.9766885132960957,-0.0839143355853416,0.9918566510273892,-0.019160835472570678
40.0,3.44,-0.016588979126600924,-0.19327178028257203,-0.0021965870749635994,-0.1267686200427483,0.9764240681593355,-0.08444677241410181,0.9917540872298838,-0.01931811008086847
40.0,3.46,-0.016795629262948128,-0.1944249245467395,-0.002229108892518125,-0.1275487735831289,0.9761577275703617,-0.08497976760596312,0.9916507602661181,-0.019476184424160162
40.0,3.48,-0.017003802413295493,-0.19557852266917186,-0.002261986251294964,-0.1283296752488503,0.9758894831316649,-0.08551332214556585,0.9915466670443976,-0.019635061293533648
40.0,3.5,-0.017213492306766314,-0.19673256982945725,-0.0022952240075748893,-0.12911133951230938,0.9756193239059181,-0.08604744019453893,0.9914418041398327,-0.019794748659705513
40.0,3.52,-0.01742470979166487,-0.1978870608456476,-0.002328822838673442,-0.12989379697809644,0.9753472442051778,-0.08658211776245348,0.9913361686047143,-0.019955247570053465
40.0,3.54,-0.017637464529936902,-0.1990420148528601,-0.0023627891706099373,-0.13067701941667548,0.9750732332589036,-0.08711735724494081,0.9912297569732094,-0.02011656770882294
40.0,3.56,-0.017851759474323083,-0.20019745325747434,-0.0023971234709878613,-0.13146102415403133,0.9747972860671456,-0.0876531598032399,0.9911225660294486,-0.020278711832957572
40.0,3.58,-0.018067594974847875,-0.2013533292918623,-0.0024318284961720423,-0.1322458295941028,0.9745193909019593,-0.08818952596590322,0.9910145924849347,-0.020441686151383597
40.0,3.6,-0.018284984675196247,-0.20250966557652558,-0.0024669108306475365,-0.13303140923199824,0.9742395405334956,-0.08872645663165617,0.9909058328554067,-0.020605495129946007
40.0,3.62,-0.018503929798444077,-0.20366646390896034,-0.002502371303066372,-0.13381779835917826,0.9739577278942771,-0.08926395097068508,0.9907962838461499,-0.020770144960193457
40.0,3.64,-0.018724437333922973,-0.20482375051777713,-0.002538214856007628,-0.13460500268575407,0.9736739422508648,-0.0898020112149836,0.9906859420447776,-0.020935641822235312
40.0,3.66,-0.018946515139864693,-0.20598148152864193,-0.0025744459171975777,-0.13539299752432365,0.9733881765541489,-0.09034063647250745,0.9905748039949238,-0.021101988426808778
40.0,3.68,-0.019170166931086495,-0.20713968569270125,-0.0026110630314679878,-0.1361818210950663,0.9731004213665111,-0.09087982731333989,0.9904628661647394,-0.021269190934240196
40.0,3.7,-0.019395401610752896,-0.2082983688343823,-0.002648075425142059,-0.13697144983205212,0.9728106693405444,-0.09141958618187636,0.9903501251328072,-0.0214372554979178
40.0,3.72,-0.019622222380777196,-0.20945751417967592,-0.002685484100062535,-0.13776192385951894,0.9725189102548824,-0.09195991008154952,0.9902365772460309,-0.021606188256844648
40.0,3.74,-0.019850634760087145,-0.21061712986497164,-0.0027232909140480735,-0.1385532050289446,0.9722251366193322,-0.09250080308997798,0.9901222191517154,-0.02177599188921156
40.0,3.76,-0.02008064810368864,-0.2117772248787595,-0.002761504152990791,-0.1393453350221491,0.9719293403119085,-0.09304226405509985,0.9900070469249908,-0.02194667423880111
40.0,3.78,-0.020312265936661914,-0.21293778524164408,-0.0028001212032299134,-0.1401382927163406,0.9716315106595365,-0.09358429497101078,0.989891057130724,-0.022118241421130905
40.0,3.8,-0.020545494190390957,-0.21409882230401814,-0.0028391526123454146,-0.14093210550883578,0.9713316419633297,-0.09412689314013986,0.9897742461799045,-0.022290696081889362
40.0,3.82,-0.020780342704719634,-0.215260348275046,-0.0028785961106108796,-0.14172676959348068,0.9710297224532113,-0.09467006038115813,0.9896566101759438,-0.02246404430781302
40.0,3.84,-0.021016815359421508,-0.2164223520253695,-0.002918459615165527,-0.14252229783510006,0.9707257450055757,-0.09521379721496508,0.9895381455604183,-0.022638292183253785
40.0,3.86,-0.021254919882296636,-0.2175848227530309,-0.002958742999735378,-0.14331867107909355,0.9704197013878936,-0.09575810402219379,0.9894188483154575,-0.022813445772008237
40.0,3.88,-0.021494658974182627,-0.21874777627779599,-0.002999454658688899,-0.14411591989483663,0.9701115813118142,-0.09630297923592739,0.9892987149152901,-0.02298950941134933
40.0,3.9,-0.02173604309766409,-0.21991122892247342,-0.003040594511110632,-0.1449140261616482,0.9698013773481488,-0.09684842666600485,0.9891777414494335,-0.023166489147611633
40.0,3.92,-0.02197907790669161,-0.22107514733945582,-0.0030821685665428397,-0.14571302209172887,0.9694890803464816,-0.09739444478706763,0.9890559238898172,-0.023344391013896883
40.0,3.94,-0.022223766446198747,-0.22223955029651524,-0.003124179667145115,-0.14651290743114664,0.9691746798852586,-0.09794103361918895,0.9889332585873004,-0.02352321931470028
40.0,3.96,-0.022470119655786873,-0.22340445705576062,-0.0031666328773855192,-0.1473136653970678,0.9688581690745729,-0.09848819179347734,0.9888097413933733,-0.023702980059702623
40.0,3.98,-0.022718143507527693,-0.2245698364201779,-0.0032095314681419742,-0.1481153134856682,0.9685395382888863,-0.09903592275577135,0.9886853684973228,-0.02388367925586204
40.0,4.0,-0.022967841420530436,-0.2257357101535026,-0.003252878746831774,-0.1489178700562266,0.9682187784287636,-0.09958422484199439,0.9885601357431149,-0.02406532289101105
40.0,4.02,-0.023219226128878865,-0.22690207397552312,-0.0032966802920409285,-0.1497213370411132,0.967895881350677,-0.10013309815888108,0.9884340392408901,-0.024247915222266433
40.0,4.04,-0.02347229866497225,-0.22806892554525188,-0.003340941372136295,-0.15052569954201175,0.9675708368701135,-0.10068254085901324,0.9883070747141949,-0.024431462213033297
40.0,4.06,-0.02372706806140781,-0.2292362624612242,-0.003385660165927637,-0.1513309778151578,0.9672436363412054,-0.10123255804421274,0.9881792381533446,-0.024615968096267742
40.0,4.08,-0.02398354225470352,-0.23040411000375519,-0.0034308476612011666,-0.1521371751885441,0.966914271070789,-0.10178314453290749,0.9880505255299676,-0.02480144227075631
40.0,4.1,-0.024241723803685656,-0.23157244142895939,-0.003476502088079128,-0.15294431340576456,0.9665827326102678,-0.10233430366677783,0.9879209325286278,-0.024987887213636525
40.0,4.12,-0.02450162211965879,-0.23274125658656517,-0.003522633806682688,-0.1537523616942953,0.9662490108290914,-0.10288603345262538,0.9877904553134796,-0.02517530885459875
40.0,4.14,-0.024763249637339307,-0.2339105830063179,-0.0035692414808778453,-0.15456136053761965,0.9659130965472374,-0.103438333665225,0.9876590889075186,-0.02536371308268602
40.0,4.16,-0.025026605119603775,-0.23508039625520233,-0.003616333324547414,-0.15537129777937092,0.9655749815286676,-0.10399120584746602,0.9875268294225762,-0.025553107527508268
40.0,4.18,-0.02529169838179398,-0.2362506984733751,-0.003663912635820774,-0.15618217952051713,0.9652346555058593,-0.10454464958005673,0.9873936730998149,-0.025743494636124634
40.0,4.2,-0.02555853821906339,-0.23742152034383399,-0.0037119827362255813,-0.1569940123931792,0.9648921106322348,-0.10509866296197819,0.9872596137698496,-0.025934881955284473
40.0,4.22,-0.02582712770558823,-0.23859283893623656,-0.003760546971335319,-0.15780680356414206,0.9645473364881473,-0.10565324718355573,0.9871246498504861,-0.026127275414666647
40.0,4.24,-0.026097481271349515,-0.23976465826335241,-0.003809614248330811,-0.1586205606053636,0.9642003248864109,-0.10620840363734825,0.9869887740724965,-0.026320680782279608
40.0,4.26,-0.026369597966736824,-0.24093695673534615,-0.003859184821210768,-0.1594352734699041,0.9638510659888103,-0.10676412838599926,0.9868519837551792,-0.026515102211151415
40.0,4.28,-0.026643494398804573,-0.24210979573039004,-0.00390926303735097,-0.16025098756413972,0.9634995494195548,-0.1073204225017384,0.9867142727596763,-0.02671054547392154
40.0,4.3,-0.026919163635124723,-0.24328309938383177,-0.00395985666007957,-0.16106765673818385,0.9631457681423767,-0.10787728738664568,0.986575638304651,-0.026907018144036596
40.0,4.32,-0.027196626851673823,-0.2444569303309704,-0.0040109673568142394,-0.1618853276566035,0.9627897121823911,-0.1084347206722999,0.9864360753783722,-0.027104525998484973
40.0,4.34,-0.027475887699180822,-0.24563126917938216,-0.0040626039291513415,-0.16270399188667575,0.9624313713955958,-0.10899272163197489,0.986295579013032,-0.027303073079502933
40.0,4.36,-0.02775694982212812,-0.24680609680839405,-0.004114766736174405,-0.1635236413849524,0.9620707365718612,-0.10955129130353033,0.9861541441424613,-0.02750266685919004
40.0,4.38,-0.028039824416034215,-0.2479814224328327,-0.004167459433291481,-0.16434428714297428,0.9617077987053397,-0.11011042900557283,0.9860117669272164,-0.027703311385164058
40.0,4.4,-0.028324517449099043,-0.249157285741283,-0.0042206919572405945,-0.1651659595842229,0.9613425476996028,-0.11067013389092825,0.9858684411573511,-0.027905014070375714
40.0,4.42,-0.028611033925734938,-0.25033364034631883,-0.004274464247696329,-0.16598863296405833,0.9609749756890497,-0.11123040532747197,0.9857241640719794,-0.028107780688735165
40.0,4.44,-0.028899385455609772,-0.2515104974962223,-0.004328786398355817,-0.16681233874232754,0.9606050715051949,-0.11179124226093706,0.9855789295503782,-0.028311615184188767
40.0,4.46,-0.029189579455376882,-0.25268786975852475,-0.004383655458117656,-0.16763705173027538,0.9602328260147279,-0.11235264552778196,0.9854327324552566,-0.028516526679310015
40.0,4.48,-0.029481620085749193,-0.25386574130680745,-0.00443908457741809,-0.16846280436084055,0.9598582304916213,-0.11291461257245718,0.9852855689774361,-0.02872251743498983
40.0,4.5,-0.02977551939294965,-0.2550441254522881,-0.004495074285335177,-0.16928959134828597,0.9594812747302852,-0.11347714402162151,0.985137432835686,-0.028929596511845995
40.0,4.52,-0.030071285176975326,-0.25622303685044917,-0.00455163152427533,-0.17011742703886015,0.9591019498436676,-0.11404023891494346,0.9849883201632021,-0.029137767862835683
40.0,4.54,-0.030368921888185036,-0.25740246136553296,-0.00460875683203549,-0.17094630684002673,0.9587202447548813,-0.11460389598896467,0.9848382247710785,-0.029347037079752288
40.0,4.56,-0.030668439484390114,-0.25858235432418614,-0.004666460229585446,-0.17177624590164442,0.9583361517184629,-0.11516811433344659,0.9846871426828471,-0.029557411525516324
40.0,4.58,-0.030969844089889096,-0.2597627925607549,-0.004724745321469219,-0.172607240249211,0.9579496605975718,-0.11573289440671806,0.9845350688343196,-0.02976889679566056
40.0,4.6,-0.031273149512200366,-0.2609437625814922,-0.004783619300689961,-0.17343930600358962,0.9575607605750899,-0.11629823314577818,0.984381997023941,-0.02998149843639158
40.0,4.62,-0.031578348745896975,-0.26212519245913557,-0.004843082258252055,-0.174272419919411,0.9571694437580446,-0.11686413119018481,0.9842279232603566,-0.03019522376533477
40.0,4.64,-0.03188547025201428,-0.2633071897303378,-0.004903145637437589,-0.175106638969741,0.9567756991668966,-0.11743058706402937,0.9840728402531868,-0.030410076544876048
40.0,4.66,-0.03219450806572305,-0.26448965235371386,-0.0049638090236231195,-0.17594192046958343,0.9563795180469271,-0.11799759951789507,0.98391674513506,-0.03062606409688499
40.0,4.68,-0.032505478271085395,-0.2656726604938501,-0.005025080385308249,-0.1767783024227787,0.9559808894614673,-0.11856516698924921,0.9837596316337224,-0.030843193622309174
40.0,4.7,-0.03281838229277614,-0.2668561733802539,-0.0050869629618965125,-0.1776157625640291,0.9555798044894146,-0.1191332898122166,0.9836014935803654,-0.031061468871159424
40.0,4.72,-0.033133233744859256,-0.26804021116264015,-0.005149467985430316,-0.1784543399227924,0.9551762533346777,-0.11970196647284655,0.983442325881868,-0.031280895330441975
40.0,4.74,-0.03345003409587281,-0.26922473343396974,-0.005212595688635169,-0.17929401286593374,0.9547702262229985,-0.12027119541407641,0.9832821233309316,-0.031501481903798
40.0,4.76,-0.03376879636045389,-0.2704097929676288,-0.005276353733855596,-0.18013480090013387,0.9543617134022022,-0.12084097503561025,0.9831208808236562,-0.03172323404508965
40.0,4.78,-0.03408953158448981,-0.2715953489652664,-0.0053407467278346905,-0.18097672423885286,0.9539507049305461,-0.12141130535875606,0.9829585921201811,-0.0319461571554677
40.0,4.8,-0.03441224846712602,-0.27278145638951984,-0.005405777455641796,-0.18181974091838896,0.9535371913106869,-0.12198218302998746,0.9827952509770866,-0.032170256618996466
40.0,4.82,-0.034736949523607806,-0.2739680442757364,-0.0054714581838777275,-0.18266391339191132,0.953121161760887,-0.12255360617747668,0.982630853353432,-0.03239553959212507
40.0,4.84,-0.035063643631399556,-0.27515516882053964,-0.005537788608132787,-0.18350920016056535,0.9527026072883207,-0.12312557649211439,0.9824653929963157,-0.03262201142503251
40.0,4.86,-0.03539234699227609,-0.27634278976230986,-0.005604780554710453,-0.18435564379592762,0.9522815173685694,-0.12369809034675162,0.9822988624609689,-0.03284967912702015
40.0,4.88,-0.03572305995121233,-0.2775309335886962,-0.005672434391042944,-0.1852032242110925,0.9518578832647072,-0.12427114767930886,0.9821312588787795,-0.0330785481257237
40.0,4.9,-0.03605579332348797,-0.27871959375019295,-0.005740754981306106,-0.18605196391641585,0.9514316934073801,-0.12484474463095123,0.9819625736643918,-0.03330862535627523
40.0,4.92,-0.0363905580504648,-0.27990876402254466,-0.0058097563568917,-0.18690186423616076,0.9510029391061571,-0.12541888104911664,0.9817928016782477,-0.03353991613487703
40.0,4.94,-0.0367273602949787,-0.2810984391495743,-0.005879436361887604,-0.18775292724026504,0.9505716095002503,-0.12599355644642932,0.9816219377173683,-0.033772427473981494
40.0,4.96,-0.037066215460110144,-0.2822886460803656,-0.005949802616453802,-0.18860515494573638,0.9501376955081056,-0.12656876545616613,0.9814499754427071,-0.03400616632855876
40.0,4.98,-0.037407120727850275,-0.28347934867538943,-0.00602086351336526,-0.18945857142755468,0.9497011858782051,-0.12714451081440034,0.981276908629361,-0.03424113620871593
40.0,5.0,-0.03775009668698616,-0.2846705741985646,-0.006092623535443499,-0.1903131795973881,0.9492620726745159,-0.12772078721088329,0.981102731999327,-0.034477345784005055
40.0,5.02,-0.038095144948299076,-0.28586231985676686,-0.006165089813629987,-0.19116896050510418,0.948820344043618,-0.12829759382419265,0.9809274369393033,-0.03471480187204385
40.0,5.04,-0.03844228212276015,-0.28705458122900873,-0.006238267611708599,-0.19202593938200624,0.9483759905665258,-0.12887492842106288,0.9807510194706786,-0.0349535080057227
40.0,5.06,-0.038791509949998394,-0.28824735623962794,-0.006312164889072626,-0.19288411979540673,0.947929001532996,-0.1294527902285498,0.9805734732303663,-0.03519347104422169
40.0,5.08,-0.03914283519434287,-0.28944064251883694,-0.006386786306399162,-0.19374350567904078,0.94747936866571,-0.13003117706844977,0.9803947906592035,-0.0354346994967021
40.0,5.1,-0.039496274822949554,-0.290634436684873,-0.00646213729165572,-0.19460412363310822,0.9470270795785777,-0.1306100844655243,0.9802149665731875,-0.03567719851000624
40.0,5.12,-0.039851835842281004,-0.29182873706606804,-0.006538224484901791,-0.19546593329262096,0.9465721266846663,-0.13118951360568118,0.9800339935269924,-0.03592097312996286
40.0,5.14,-0.04020952020551285,-0.29302354306266853,-0.006615057586744914,-0.19632898417134365,0.9461144976555603,-0.13176945991586386,0.979851866202186,-0.036166031885311846
40.0,5.16,-0.040569349920844676,-0.2942188862210563,-0.006692641471149652,-0.1971932815511743,0.9456541840935498,-0.13234992268295487,0.9796685760156038,-0.036412379738194785
40.0,5.18,-0.04093132765743967,-0.2954147323689191,-0.006770980258448315,-0.19805880818114258,0.9451911745898895,-0.1329308990386862,0.9794841188285461,-0.036660023506934716
40.0,5.2,-0.04129546591510464,-0.2966110805867526,-0.006850085791391658,-0.19892556934538141,0.9447254588557483,-0.13351238621721617,0.9792984871125554,-0.03690896986331907
40.0,5.22,-0.04166176175130166,-0.29780793248824405,-0.006929956909894987,-0.19979359407485348,0.9442570285729296,-0.13409438336078122,0.9791116733991688,-0.03715922374760817
40.0,5.24,-0.04203023821839162,-0.29900528644964197,-0.007010608293632218,-0.20066286526962374,0.943785871569396,-0.13467688565021183,0.9789236712132418,-0.03741079353869199
40.0,5.26,-0.0424009078530639,-0.30020317793302653,-0.00709204235830353,-0.2015334125881029,0.9433119795845274,-0.13525989213098066,0.9787344741378462,-0.03766368588407304
40.0,5.28,-0.042773763401992786,-0.3014015399807646,-0.007174263405569007,-0.2024052196421822,0.9428353402757852,-0.13584339953040644,0.9785440758826135,-0.037917903993451754
40.0,5.3,-0.043148832973035754,-0.3026004420349493,-0.007257287207205063,-0.20327829294463937,0.9423559456763946,-0.1364274051495076,0.9783524676356722,-0.03817345779928166
40.0,5.32,-0.04352610931157012,-0.303799817349347,-0.007341112776789127,-0.20415266341576907,0.9418737843548843,-0.13701190741603447,0.9781596441571703,-0.038430352217696424
40.0,5.34,-0.04390561594273109,-0.30499970153093775,-0.007425748100149599,-0.2050283150745584,0.9413888462341653,-0.13759690321762796,0.9779655978829153,-0.038688593762578445
40.0,5.36,-0.04428736077988032,-0.30620013339389845,-0.007511202945471905,-0.20590527922633137,0.9409011215109212,-0.13818238775019598,0.9777703223694115,-0.03894818896871704
40.0,5.38,-0.044671342068558315,-0.30740100959989447,-0.007597484589013341,-0.20678351643977677,0.9404105994500555,-0.13876836272871773,0.9775738077908174,-0.0392091442125524
40.0,5.4,-0.045057583625812865,-0.308602403162268,-0.007684600235070136,-0.20766308252185534,0.9399172707967481,-0.13935481996531565,0.9773760499442968,-0.0394714660710124
40.0,5.42,-0.04544608851299643,-0.3098043188184861,-0.007772554516354429,-0.20854396235006611,0.939421123795001,-0.13994176090905733,0.9771770400498017,-0.039735162622649915
40.0,5.44,-0.04583687080068938,-0.31100672352235936,-0.007861352058389668,-0.20942614068690987,0.9389221501009869,-0.1405291790758514,0.976976771780281,-0.04000023689537009
40.0,5.46,-0.046229933609362193,-0.31220962238079947,-0.007951011237107848,-0.21030967440213874,0.9384203382650077,-0.1411170741676589,0.9767752362761452,-0.04026669862266472
40.0,5.48,-0.04662529593704452,-0.31341301487637246,-0.00804152859741868,-0.21119452489744117,0.9379156784404549,-0.1417054427157096,0.9765724270600269,-0.04053455419333731
40.0,5.5,-0.04702296108946074,-0.31461690686441357,-0.00813291442583447,-0.2120807258913954,0.9374081610639258,-0.14229427956480714,0.9763683365243923,-0.04080380992514214
40.0,5.52,-0.04742293570806901,-0.3158212892568792,-0.00822518097153097,-0.21296826261967852,0.9368977739552679,-0.14288358245426708,0.9761629571282315,-0.041074470406605286
40.0,5.54,-0.04782524525548475,-0.3170261652415192,-0.008318330361569478,-0.21385714525102847,0.9363845092826619,-0.14347334972460016,0.975956281182926,-0.04134654360872201
40.0,5.56,-0.048229886659880414,-0.3182315352062886,-0.008412372193806077,-0.21474738396632953,0.9358683565117927,-0.14406357590313243,0.9757482998693964,-0.04162003742722672
40.0,5.58,-0.04863687290591606,-0.3194373936650466,-0.008507313381539214,-0.21563901421568638,0.9353493035692202,-0.14465425856577585,0.9755390078780302,-0.04189495646844436
40.0,5.6,-0.04904621766862267,-0.32064373903429094,-0.008603165507354566,-0.21653199707524057,0.9348273429772431,-0.14524539426582073,0.9753283941323269,-0.04217130847815985
40.0,5.62,-0.04945792915150109,-0.3218505708612823,-0.00869993184952062,-0.21742636864106693,0.9343024616573978,-0.14583698030220407,0.9751164532388358,-0.042449099712790275
40.0,5.64,-0.04987201562102896,-0.3230578889906795,-0.008797621303128575,-0.2183221151557994,0.9337746524579302,-0.14642901149437426,0.974903176429696,-0.042728336256988624
40.0,5.66,-0.05028849672703706,-0.3242656918104685,-0.008896243845119122,-0.21921924798818443,0.9332439026351166,-0.14702148340225502,0.9746885548576886,-0.043009025868323204
40.0,5.68,-0.050707374144432917,-0.32547397311090714,-0.00899580571401682,-0.22011777896525567,0.9327102040866782,-0.1476143972597396,0.9744725819131402,-0.043291176374074425
40.0,5.7,-0.051128662661455444,-0.326682736399667,-0.009096317047339167,-0.2210177200651114,0.9321735449172366,-0.14820774362876232,0.9742552488868906,-0.04357479207278885
40.0,5.72,-0.05155237032868933,-0.32789197886260285,-0.009197784214555344,-0.22191908373081884,0.9316339162816477,-0.148801521838143,0.9740365469143363,-0.04385988063564629
40.0,5.74,-0.051978504648548356,-0.32910169414429685,-0.009300215375797711,-0.22282183124961785,0.9310913066685489,-0.14939572739423387,0.9738164683227538,-0.04414644805434906
40.0,5.76,-0.05240708649525143,-0.33031188566166947,-0.009403619128761647,-0.22372602657732713,0.9305457075630834,-0.14999035788841078,0.9735950042356274,-0.04443450194063326
40.0,5.78,-0.05283812421519237,-0.33152255134378417,-0.009508004847375061,-0.2246316570673471,0.9299971077969167,-0.1505854070928071,0.9733721457700873,-0.04472404987507989
40.0,5.8,-0.05327161917484931,-0.3327336826387311,-0.009613381965978982,-0.2255387099661261,0.9294454981271917,-0.1511808706963591,0.9731478864347763,-0.04501509611358359
40.0,5.82,-0.053707593248143747,-0.3339452875766561,-0.009719754312790119,-0.22644722489371746,0.9288908677521885,-0.15177674740378963,0.9729222150162444,-0.04530764977177632
40.0,5.84,-0.05414605315532845,-0.33515735328538604,-0.009827134258315657,-0.22735716317511692,0.9283332075058031,-0.1523730327922256,0.9726951249332821,-0.045601716743778484
40.0,5.86,-0.05458700875583072,-0.3363698863421938,-0.009935534839431997,-0.22826859089786378,0.927772505325567,-0.1529697202390461,0.9724666061593307,-0.04589730443460908
40.0,5.88,-0.055030473366121435,-0.3375828771843278,-0.01004495552247772,-0.22918144372745364,0.927208753735751,-0.1535668088039536,0.9722366498623989,-0.0461944185718346
40.0,5.9,-0.055476457048072,-0.3387963329326912,-0.010155409484786536,-0.2300957884984272,0.9266419407619145,-0.1541642917526412,0.9720052482440421,-0.04649306660196659
40.0,5.92,-0.0559249726808885,-0.3400102405282855,-0.010266906572453716,-0.231011613416475,0.9260720584784,-0.15476216462312273,0.9717723923794923,-0.046793255886111725
40.0,5.94,-0.056376035825080495,-0.34122460268490595,-0.010379452646513822,-0.23192890676581512,0.9254990941950666,-0.15536042541885275,0.9715380711826416,-0.047094991948114534
40.0,5.96,-0.0568296429716309,-0.34243941749005274,-0.010493064110678954,-0.23284770998468063,0.9249230400680767,-0.15595906956407612,0.9713022779554538,-0.04739828219075806
40.0,5.98,-0.05728582113479455,-0.34365468225591433,-0.010607742918494525,-0.2337680119763853,0.9243438853748859,-0.15655809027911263,0.9710650015193021,-0.04770313376624579
40.0,6.0,-0.05774457892718381,-0.34487039351280685,-0.010723499151128744,-0.2346898011849645,0.9237616207502785,-0.15715748592876586,0.9708262351620552,-0.048009554011098306
40.0,6.02,-0.05820591896717171,-0.3460865490123321,-0.010840344201517384,-0.23561309307932535,0.9231762355650068,-0.15775724961990348,0.9705859666600382,-0.04831754825829898
40.0,6.04,-0.05866986202006552,-0.3473031436729095,-0.01095828545219746,-0.23653790364422955,0.9225877208153657,-0.15835737799013963,0.9703441881722492,-0.048627123721255924
40.0,6.06,-0.05913641150155254,-0.3485201796642907,-0.011077334484730805,-0.23746424900554294,0.9219960654152535,-0.15895786725400218,0.970100890647759,-0.048938289216832166
40.0,6.08,-0.059605587752892264,-0.34973764827912024,-0.0111975017117349,-0.23839211817100653,0.9214012607250649,-0.15955871232254407,0.9698560629656461,-0.0492510500262971
40.0,6.1,-0.060077400446724896,-0.3509555510754939,-0.01131879056064307,-0.23932152799768572,0.9208032957509587,-0.1601599092920048,0.9696096972652755,-0.049565413257892016
40.0,6.12,-0.0605518586317516,-0.3521738858226805,-0.011441217030403177,-0.24025249509048033,0.9202021611668995,-0.16076145116866233,0.9693617823302553,-0.04988138581341365
40.0,6.14,-0.061028976171875214,-0.35339264129819403,-0.011564790435540583,-0.24118498104419164,0.9195978479139518,-0.16136333590772867,0.9691123080556394,-0.05019897461364607
40.0,6.16,-0.061508763669011375,-0.35461182374924916,-0.011689517031649199,-0.24211905883431104,0.9189903454207573,-0.16196555782179475,0.9688612665619485,-0.05051818665804397
40.0,6.18,-0.061991235893242645,-0.3558314263754975,-0.011815409108408548,-0.24305466211587393,0.9183796461344628,-0.16256810673016453,0.9686086466165071,-0.050839028735475224
40.0,6.2,-0.06247640150161788,-0.35705144358994223,-0.011942477329633064,-0.24399186444649143,0.9177657354054091,-0.16317099427317708,0.9683544380079468,-0.05116150934409461
40.0,6.22,-0.06296427063533912,-0.3582718782124543,-0.012070731253366144,-0.24493062758648423,0.9171486091060552,-0.16377419752022815,0.9680986319013676,-0.05148563193205406
40.0,6.24,-0.0634548387756181,-0.35949272313207525,-0.01220018036933006,-0.24587099790220623,0.9165282538157122,-0.16437772157385433,0.9678412156648659,-0.05181140818079904
40.0,6.26,-0.06394815938003114,-0.3607139696703207,-0.01233083433849334,-0.24681293707926452,0.91590466218428,-0.1649815560285007,0.9675821805445846,-0.05213883977180104
40.0,6.28,-0.06444422413512987,-0.3619356245375143,-0.012462702810748304,-0.24775649206431358,0.9152778219257931,-0.1655857060312382,0.9673215172375044,-0.05246793848377753
40.0,6.3,-0.06494304057978235,-0.3631576746957688,-0.012595799891953818,-0.24870162425023662,0.9146477286871153,-0.16619014509443555,0.9670592123422431,-0.05279870905724159
40.0,6.32,-0.06544468285607309,-0.36438011251358415,-0.012730136910239302,-0.24964840990289253,0.914014367381812,-0.16679489420749727,0.966795257930563,-0.05313115818309179
40.0,6.34,-0.06594903233889018,-0.3656029521849423,-0.012865717977981615,-0.2505967822578463,0.9133777298026142,-0.16739994253486384,0.9665296426348402,-0.05346529401713934
40.0,6.36,-0.06645616307821628,-0.36682618658848687,-0.013002557465058033,-0.25154678920815543,0.9127378067575986,-0.1680052790038786,0.9662623552687775,-0.05380112129818877
40.0,6.38,-0.0669661477535103,-0.3680497958136515,-0.013140662505572593,-0.252498421518668,0.9120945901744917,-0.16861089268967291,0.9659933854729902,-0.05413864984458356
40.0,6.4,-0.06747893179398587,-0.3692737875054938,-0.013280050614562966,-0.25345169858790617,0.9114480701440226,-0.16921678872655516,0.9657227219563808,-0.05447788599580878
40.0,6.42,-0.06799452448213743,-0.3704981579634756,-0.013420729084168095,-0.2544066113307668,0.9107982365972698,-0.16982295568000827,0.9654503534237736,-0.05481883604807799
40.0,6.44,-0.06851300002275262,-0.3717228916946978,-0.013562711230419765,-0.2553631797434028,0.9101450816348661,-0.170429382458878,0.9651762695908761,-0.05516150800205457
40.0,6.46,-0.06903430413257995,-0.372948001399694,-0.01370600603377687,-0.25632142441054745,0.9094885925025733,-0.17103608987272126,0.9649004581377013,-0.05550590631817205
40.0,6.48,-0.06955851075308564,-0.3741734674690758,-0.013850625443061445,-0.2572813364156253,0.9088287622753486,-0.17164305041956632,0.9646229096857265,-0.05585204234016165
40.0,6.5,-0.0700855652792614,-0.37539930314498765,-0.013996576973623429,-0.2582429069961808,0.9081655812697825,-0.1722502688902884,0.9643436108921107,-0.056199918690188595
40.0,6.52,-0.07061554135098165,-0.3766254846035979,-0.014143878823653703,-0.2592061566580263,0.907499036692209,-0.17285774939174384,0.9640625513524764,-0.05654954487186614
40.0,6.54,-0.07114838320748783,-0.3778520212409029,-0.014292535778167859,-0.260171106998591,0.9068291279974079,-0.1734654490526375,0.9637797196420873,-0.056900928593525725
40.0,6.56,-0.07168416743033382,-0.3790789023353029,-0.014442564641318132,-0.2611377491705269,0.9061558375151226,-0.17407340373102365,0.9634951034204555,-0.0572540740866649
40.0,6.58,-0.07222290349433227,-0.3803061208642959,-0.01459397778547555,-0.26210607448164486,0.9054791566680496,-0.17468160168686658,0.9632086911543327,-0.05760899064675649
40.0,6.6,-0.07276453431129229,-0.38153368261654524,-0.014746780173119091,-0.2630761049527749,0.9047990810543846,-0.17529001554372126,0.9629204702942794,-0.05796568577149543
40.0,6.62,-0.07330920406509053,-0.38276156430170705,-0.014900992318527704,-0.26404789260332584,0.9041155961356317,-0.17589866506619445,0.962630430604253,-0.05832416536229812
40.0,6.64,-0.07385678810666796,-0.3839897803928586,-0.015056618838486817,-0.2650213687283886,0.9034286945650389,-0.1765075385447671,0.9623385596272721,-0.05868443513993958
40.0,6.66,-0.07440736434583142,-0.38521832053069666,-0.015213675863902869,-0.2659965858792906,0.9027383690684758,-0.17711662422635668,0.9620448434872514,-0.05904650574528803
40.0,6.68,-0.07496094159402203,-0.3864471739352594,-0.015372174438345269,-0.26697350520819063,0.9020446093293197,-0.17772590970064284,0.9617492720361009,-0.05941038125270864
40.0,6.7,-0.07551753040685967,-0.38767633881093655,-0.015532128085928184,-0.2679522109965967,0.9013474040775681,-0.17833541499520372,0.9614518314895772,-0.059776070519698424
40.0,6.72,-0.07607714052126284,-0.3889058090562213,-0.015693546222207033,-0.26893263371863046,0.9006467462106446,-0.1789451118145084,0.961152510480581,-0.060143579130976316
40.0,6.74,-0.07663978258876344,-0.3901355831767208,-0.015856445494799386,-0.2699148271583226,0.8999426234955432,-0.17955501980793095,0.9608512953204411,-0.0605129141598597
40.0,6.76,-0.07720553473720757,-0.3913656418700918,-0.016020834363634173,-0.27089878382014854,0.8992350300132754,-0.1801651107796983,0.9605481744227048,-0.06088408444136765
40.0,6.78,-0.07777433894534933,-0.3925959927018952,-0.016186727908665943,-0.2718845271528491,0.8985239525728191,-0.180775403997317,0.9602431341950985,-0.061257095263495855
40.0,6.8,-0.07834613546559835,-0.3938266392167957,-0.016354137601107564,-0.27287201814188566,0.8978093854037434,-0.18138587115862725,0.9599361630399925,-0.061631955353272844
40.0,6.82,-0.078921143136379,-0.3950575485176106,-0.016523080622166036,-0.2738613118193409,0.8970913175409732,-0.1819965154863098,0.959627246253216,-0.0620086698188859
40.0,6.84,-0.07949916300574432,-0.39628874266473474,-0.016693565749052112,-0.2748524010465553,0.8963697390887785,-0.1826073403170564,0.9593163721183195,-0.0623872489507057
40.0,6.86,-0.08008034501148317,-0.3975201978777384,-0.016865606586132655,-0.27584527831672995,0.895644642352519,-0.1832183330508429,0.9590035260336307,-0.06276769606921224
40.0,6.88,-0.08066469892506568,-0.39875190418120343,-0.017039213949637387,-0.2768399682067604,0.8949160144494157,-0.18382949623739878,0.9586886963818649,-0.06315001967772658
40.0,6.9,-0.08125216658994477,-0.3999838750506439,-0.01721440646530518,-0.2778364630901425,0.8941838498791199,-0.18444081756664116,0.958371869441482,-0.06353422640392054
40.0,6.92,-0.08184275719643218,-0.40121610102504424,-0.01739119518054149,-0.27883478795156136,0.8934481348435482,-0.1850522992163169,0.9580530302736003,-0.06392032441553973
40.0,6.94,-0.08243662137730642,-0.40244854856500384,-0.017569592076719202,-0.2798349034215072,0.892708863973775,-0.18566392874620988,0.9577321661406678,-0.06430832196547306
40.0,6.96,-0.0830336297040348,-0.4036812413872215,-0.017749612408893264,-0.2808368992237465,0.8919660256450632,-0.18627570859998033,0.9574092635348008,-0.06469822215928775
40.0,6.98,-0.08363379144686782,-0.4049141703060595,-0.017931271212072858,-0.281840703528073,0.8912196072506741,-0.18688764090528237,0.9570843095984831,-0.06509003480387753
40.0,7.0,-0.08423718968549061,-0.40614732552698696,-0.018114581977811243,-0.28284637436961746,0.8904696015547493,-0.18749971257580275,0.956757287173007,-0.06548376767169133
40.0,7.02,-0.08484390357474351,-0.40738067361753943,-0.0182995570157016,-0.28385387227861925,0.8897160014057898,-0.18811191047898923,0.9564281859357691,-0.0658794255831681
40.0,7.04,-0.08545380307544274,-0.4086142442297098,-0.0184862100489224,-0.2848632559469348,0.8889587911025237,-0.18872425203223242,0.9560969898249767,-0.06627701626115493
40.0,7.06,-0.08606697010298947,-0.4098480182621388,-0.01867455851779918,-0.2858744855352754,0.8881979636047612,-0.18933672392726159,0.9557636838772462,-0.06667654743757144
40.0,7.08,-0.0866834147334909,-0.4110819867035311,-0.018864614262876205,-0.28688758735732656,0.8874335065995366,-0.1899493278607398,0.9554282543428542,-0.06707802518763767
40.0,7.1,-0.08730314706006152,-0.41231614060683697,-0.019056389228781057,-0.2879025881215839,0.8866654154972148,-0.1905620346928957,0.9550906873522563,-0.06748145719082034
40.0,7.12,-0.08792617921780792,-0.41355048061200633,-0.01924990837751059,-0.28891948066229856,0.885893672494857,-0.19117487713580972,0.9547509679319354,-0.06788685098288742
40.0,7.14,-0.08855252035886102,-0.4147849932115711,-0.01944517160018777,-0.28993825939929246,0.8851182711033897,-0.19178782545618914,0.9544090801256279,-0.068294212287297
40.0,7.16,-0.08918225428769108,-0.41601965892063875,-0.019642206315755043,-0.290958950492464,0.8843392013135452,-0.19240088145390988,0.9540650100553738,-0.06870354858291951
40.0,7.18,-0.08981524724495991,-0.4172545049622415,-0.019841020409531118,-0.29198151426756197,0.8835564477585385,-0.19301406180482267,0.9537187437180745,-0.06911486894608905
40.0,7.2,-0.09045165491541302,-0.4184894916023634,-0.020041630922869803,-0.29300604544225706,0.8827700042041482,-0.19362733657861575,0.9533702631982729,-0.06952817540713405
40.0,7.22,-0.09109148821691859,-0.419724610080749,-0.020244053804443343,-0.2940324701148402,0.8819798587945291,-0.1942407068556183,0.9530195553448574,-0.06994348031055894
40.0,7.24,-0.09173461114545406,-0.42095988372201576,-0.02044830689211921,-0.29506081560687,0.8811859997284073,-0.1948541736091462,0.9526666044385864,-0.07036078570743223
40.0,7.26,-0.09238118286838644,-0.42219528204451195,-0.02065439787362378,-0.2960911103493259,0.8803884152596507,-0.19546773770510917,0.9523113951232632,-0.07078010363724599
40.0,7.28,-0.09303121227003429,-0.42343078681841423,-0.02086235282141355,-0.2971233475282742,0.8795870950947822,-0.19608138409843381,0.9519539105851615,-0.07120143592757633
40.0,7.3,-0.09368463839323356,-0.4246664156722514,-0.02107217722982971,-0.2981575216875093,0.8787820242043897,-0.1966951288145967,0.9515941366820554,-0.07162479288898112
40.0,7.32,-0.09434154491068893,-0.4259021392302261,-0.021283889436084752,-0.29919366101832356,0.8779731968934001,-0.19730894151669273,0.951232055132908,-0.07205018110392343
40.0,7.34,-0.09500194398877257,-0.427137954083561,-0.021497510733807706,-0.3002317591641651,0.8771605927862028,-0.1979228528789787,0.9508676521650552,-0.07247760574980092
40.0,7.36,-0.09566577198147302,-0.4283738687108591,-0.021713054567092976,-0.3012718451120881,0.8763442098216291,-0.19853681710062163,0.9505009103405831,-0.072907076659597
40.0,7.38,-0.09633311325744083,-0.4296098535497399,-0.021930534728848983,-0.30231387826583345,0.8755240252745966,-0.1991508801246629,0.9501318138230507,-0.07333859703396098
40.0,7.4,-0.09700398007905937,-0.43084590543331774,-0.022149972657231967,-0.30335792224015823,0.8747000342527966,-0.1997649953214766,0.9497603463958395,-0.07377217497456065
40.0,7.42,-0.0976783082278765,-0.43208203339160545,-0.02237138236224629,-0.30440393638956403,0.8738722210969025,-0.20037917781287276,0.9493864918395207,-0.07420781850281767
40.0,7.44,-0.0983562584008812,-0.43331819050663867,-0.022594777720079184,-0.30545195022904426,0.8730405726720766,-0.2009934270812575,0.9490102307844881,-0.07464553364512787
40.0,7.46,-0.09903776890463135,-0.43455439578775373,-0.022820178083186097,-0.30650199328845157,0.8722050784270117,-0.2016077270379633,0.948631550288729,-0.07508532851729566
40.0,7.48,-0.09972277268004429,-0.4357906488310893,-0.02304759769944041,-0.3075540246800143,0.871365719864732,-0.20222209171718786,0.9482504300242293,-0.07552720724037933
40.0,7.5,-0.10041143406406104,-0.43702691218634854,-0.023277061556130393,-0.30860807359951214,0.8705224866060602,-0.2028365048187029,0.9478668548651038,-0.07597117759587181
40.0,7.52,-0.10110368737728954,-0.4382631904116463,-0.02350857599821604,-0.30966413520596375,0.8696753622891935,-0.20345098057298766,0.9474808064091405,-0.07641724701999293
40.0,7.54,-0.1017995439528153,-0.4394994758509052,-0.023742166325296982,-0.31072223913517866,0.8688243382652818,-0.20406548683756368,0.947092267346132,-0.0768654229493122
40.0,7.56,-0.10249901515245675,-0.4407357609164826,-0.02397784447498871,-0.31178238035031214,0.8679693953385818,-0.2046800369096398,0.9467012206357697,-0.07731570942902614
40.0,7.58,-0.10320218950596059,-0.44197202007726655,-0.024215633332156202,-0.31284455290024377,0.8671105219318584,-0.2052946297119482,0.9463076488370493,-0.07776811537725009
40.0,7.6,-0.10390900172705442,-0.4432082636487495,-0.024455547815016222,-0.31390878772481623,0.8662477001587164,-0.20590924656227966,0.9459115336902146,-0.07822264622937218
40.0,7.62,-0.10461953963263305,-0.44444446087187534,-0.024697605634086486,-0.3149750794909883,0.8653809160366588,-0.2065239015177821,0.945512856803756,-0.07867930898294091
40.0,7.64,-0.10533373632868401,-0.4456806172699416,-0.024941830980082763,-0.31604343326019807,0.8645101568666146,-0.20713857685393663,0.945111599926892,-0.07913810889444552
40.0,7.66,-0.10605160449988674,-0.44691673065750526,-0.02518823136134118,-0.31711385180587187,0.8636354028329121,-0.2077532849231878,0.9447077454857301,-0.07959905616908265
40.0,7.68,-0.10677323388374375,-0.4481527751810276,-0.025436832094646398,-0.3181863512689529,0.8627566414437132,-0.20836800777014264,0.9443012753728609,-0.080062154230954
40.0,7.7,-0.10749863420451641,-0.44938873296527776,-0.02568765139821673,-0.3192609263772834,0.8618738566968839,-0.2089827424122072,0.9438921690360886,-0.08052740952559827
40.0,7.72,-0.10822773899526011,-0.45062461535304327,-0.025940703796234785,-0.3203375943524449,0.8609870326854135,-0.2095974857354976,0.9434804101340015,-0.08099483041961307
40.0,7.74,-0.10896063868810585,-0.45186039623107815,-0.026196013926429833,-0.32141635692787224,0.860096153598313,-0.21021223449449977,0.9430659782632045,-0.08146442151889094
40.0,7.76,-0.10969734553111674,-0.45309606818854786,-0.026453595679000734,-0.3224972204673882,0.8592011938295996,-0.21082698288449733,0.942648853830586,-0.08193619071691734
40.0,7.78,-0.11043786926334113,-0.45433161342040773,-0.02671347430621777,-0.32358019048195746,0.8583021476756613,-0.21144172980878898,0.9422290197030728,-0.08241014270632904
40.0,7.8,-0.11118222214981761,-0.45556702456500375,-0.02697566394647692,-0.32466527346758156,0.857399003320232,-0.21205645666052683,0.941806455211174,-0.08288628508889558
40.0,7.82,-0.11193041649011493,-0.4568022943282522,-0.027240184492236186,-0.3257524755247616,0.8564917219445412,-0.21267116976351091,0.941381139836135,-0.0833646237180569
40.0,7.84,-0.11268238467630048,-0.45803743515062106,-0.02750705629789822,-0.32684180657859885,0.8555802981446554,-0.2132858676223881,0.9409530563179989,-0.0838451646336993
40.0,7.86,-0.11343829483041205,-0.45927238480936594,-0.027776299236927322,-0.32793326911519377,0.8546647068971599,-0.2139005437112724,0.9405221827744026,-0.08432791667315301
40.0,7.88,-0.11419808218285639,-0.46050716622538823,-0.028047933640580665,-0.3290268694201503,0.8537449467259,-0.21451518138079154,0.9400884990020617,-0.08481288209539072
40.0,7.9,-0.11496175517977222,-0.46174175638610254,-0.028321979988336406,-0.3301226138407016,0.8528209792941596,-0.21512978627890508,0.9396519865312157,-0.0853000681763823
40.0,7.92,-0.11572940833258948,-0.462976133299115,-0.028598459238151585,-0.3312205125989937,0.8518928033665986,-0.2157443415129528,0.9392126247321196,-0.0857894818897596
40.0,7.94,-0.11650097102313862,-0.46421029919215206,-0.028877391513681697,-0.33232056455144393,0.85096038087044,-0.21635885238018665,0.9387703919011594,-0.08628112999970515
40.0,7.96,-0.11727645702397341,-0.4654442523926646,-0.029158792251887174,-0.3334227805395463,0.8500237146024782,-0.21697328690803744,0.938325267727186,-0.08677501598170294
40.0,7.98,-0.11805587474483954,-0.46667796986261034,-0.02944268797709175,-0.3345271628062706,0.8490827727688798,-0.21758766741520527,0.9378772313042582,-0.08727114975329803
40.0,8.0,-0.11883931966482551,-0.4679114292694291,-0.029729100257427355,-0.3356337218324264,0.8481375312591521,-0.21820198631971638,0.937426262493309,-0.08776953293255425
40.0,8.02,-0.11962680218594991,-0.46914461253209355,-0.03001805013736937,-0.33674246045729817,0.8471879737548164,-0.21881620630287346,0.9369723393248902,-0.08827017510853721
40.0,8.04,-0.1204182519666381,-0.4703775279536642,-0.030309553255734038,-0.337853385948973,0.8462340883446166,-0.21943035414546597,0.9365154404529388,-0.08877307920924149
40.0,8.06,-0.12121376382604115,-0.47161014751925484,-0.03060363124607358,-0.3389665051229904,0.8452758492672868,-0.22004438977568197,0.9360555453154423,-0.08927825142179725
40.0,8.08,-0.12201326702577582,-0.4728424798724604,-0.0309003174144991,-0.3400818198621768,0.8443132292161493,-0.22065831981130982,0.9355926308919349,-0.08978570087642618
40.0,8.1,-0.12281693819552128,-0.4740744699200556,-0.031199621906674725,-0.34119933812361736,0.8433462145723958,-0.2212721384665288,0.935126674956672,-0.09029542841476851
40.0,8.12,-0.12362462243898675,-0.47530614228849677,-0.031501566820803274,-0.3423190668673169,0.8423747918333845,-0.22188583981865648,0.934657657744603,-0.09080744323581942
40.0,8.14,-0.12443641691889486,-0.47653747399021396,-0.031806180043422665,-0.34344100860497423,0.8413989185527244,-0.2224994101230393,0.9341855544328493,-0.09132175062912284
40.0,8.16,-0.1252523305820408,-0.47776844145367797,-0.03211348404278683,-0.3445651703632302,0.8404185951343374,-0.22311283101956808,0.9337103436031317,-0.09183835444274457
40.0,8.18,-0.12607237665841098,-0.4789990375475128,-0.03242349541633448,-0.345691559794804,0.839433798866195,-0.2237260936069545,0.9332320035316845,-0.09235726166283474
40.0,8.2,-0.12689656549798975,-0.48022924414894275,-0.03273624219902149,-0.34682017550577154,0.8384444936341021,-0.22433920086914422,0.9327505094452975,-0.09287847719972192
40.0,8.22,-0.1277249103580057,-0.48145905417429413,-0.03305174808959174,-0.3479510326368528,0.8374506649145581,-0.22495211426772735,0.9322658410477916,-0.09340200463487937
40.0,8.24,-0.12855742305826973,-0.4826884550492352,-0.033370029352402575,-0.3490841309991271,0.8364522923218206,-0.22556485622953817,0.931777972039473,-0.09392785339436047
40.0,8.26,-0.12939411393368327,-0.48391742863810117,-0.03369111492309465,-0.3502194732372005,0.8354493577336587,-0.22617740255590266,0.9312868812466137,-0.09445602506573335
40.0,8.28,-0.1302350794587419,-0.4851459396138861,-0.034015028620526556,-0.35135707066415717,0.834441833636045,-0.2267897263406268,0.9307925459493269,-0.09498652588021331
40.0,8.3,-0.13108024870275045,-0.4863740034250017,-0.034341793656914525,-0.3524969265879401,0.8334296944355183,-0.2274018322636904,0.9302949391580032,-0.09551936149484969
40.0,8.32,-0.13192971557009264,-0.48760157328199594,-0.0346714330005817,-0.35363904025137977,0.8324129322142515,-0.22801369833629204,0.9297940392594563,-0.09605453797449183
40.0,8.34,-0.13278340870156707,-0.4888286649305105,-0.035003964777550446,-0.3547834237152063,0.8313915160935462,-0.22862531174847922,0.9292898228509776,-0.09659205778388323
40.0,8.36,-0.1336413383794192,-0.49005526016900197,-0.035339425044265745,-0.3559300791285071,0.8303654114194551,-0.22923667398822564,0.9287822628390703,-0.09713192778266028
40.0,8.38,-0.13450360214519114,-0.49128132293088556,-0.03567783188963796,-0.35707901457769736,0.8293346244021484,-0.22984775079154976,0.9282713376662343,-0.0976741536207576
40.0,8.4,-0.1353702124429722,-0.49250684018193525,-0.03601920266783603,-0.3582302299818817,0.8282991056986779,-0.23045852357488963,0.9277570207917143,-0.09821873700737402
40.0,8.42,-0.13624109398112957,-0.4937318169885386,-0.036363580723816805,-0.35938373097195075,0.8272588498808191,-0.2310690012437077,0.9272392873271418,-0.09876568459093488
40.0,8.44,-0.13711634650792773,-0.49495622251231064,-0.03671097164296819,-0.3605395228568584,0.8262138311178417,-0.2316791556780197,0.9267181136432904,-0.09931500136672183
40.0,8.46,-0.1379959793065363,-0.4961800323156244,-0.03706141292136208,-0.3616976119517586,0.8251640198023071,-0.2322889730377648,0.9261934729328061,-0.09986669184011236
40.0,8.48,-0.13888000638132714,-0.49740323903445066,-0.037414922966101646,-0.3628580023606639,0.824109400116555,-0.23289842758605614,0.925665339657966,-0.10042075886283636
40.0,8.5,-0.1397684385647772,-0.4986258238864854,-0.03777153297415616,-0.36402069689632555,0.8230499524003481,-0.23350750785816962,0.92513369008951,-0.10097720859993871
40.0,8.52,-0.14066128665423736,-0.49984776803987685,-0.038131268015158176,-0.3651856990140357,0.8219856530992814,-0.2341162165694457,0.924598495371646,-0.10153604486636574
40.0,8.54,-0.14155847558833864,-0.5010690830887493,-0.03849414737407261,-0.36635301706002976,0.8209164721978532,-0.2347245078064187,0.9240597320033975,-0.10209727190263354
40.0,8.56,-0.14246019245763186,-0.5022897066716657,-0.038860209234289976,-0.3675226531947607,0.8198424001612362,-0.23533237232869222,0.9235173710121906,-0.10266089481978043
40.0,8.58,-0.1433663607751705,-0.5035096444431846,-0.03922947280615526,-0.3686946115819105,0.8187633993231913,-0.23593979260892003,0.9229713891317874,-0.10322691593303936
40.0,8.6,-0.14427699291926205,-0.5047288832696333,-0.0396019633871136,-0.36986889146123286,0.8176794605575965,-0.23654675906798753,0.9224217563907482,-0.10379533991177133
40.0,8.62,-0.1451921879072656,-0.5059473788587177,-0.03997770780841262,-0.3710455048330634,0.816590556086423,-0.23715325652821115,0.9218684481612485,-0.10436617185289275
40.0,8.64,-0.14611186853670366,-0.5071651372298359,-0.04035673820996785,-0.37222445024437684,0.81549666668359,-0.23775924115192376,0.9213114359638653,-0.10493941299276323
40.0,8.66,-0.14703604883347654,-0.5083821510373802,-0.04073908138998814,-0.3734057354684124,0.8143977703576936,-0.23836471444722826,0.9207506918706062,-0.10551506934502913
40.0,8.68,-0.14796482670364255,-0.509598369573464,-0.041124756853253557,-0.3745893604226929,0.8132938442593625,-0.2389696465399001,0.9201861904726277,-0.10609314378004756
40.0,8.7,-0.14889812422919774,-0.5108137992302256,-0.04151379777361502,-0.37577532787127443,0.812184861658862,-0.2395740216154115,0.9196179019734907,-0.1066736401184203
40.0,8.72,-0.14983604478824808,-0.5120284064885756,-0.04190623806569241,-0.37696364488718126,0.8110708096171051,-0.24017781227615337,0.9190457989208937,-0.10725656064429145
40.0,8.74,-0.15077850829294784,-0.513242192139774,-0.04230209823498007,-0.37815431568903823,0.8099516712463372,-0.2407810051745131,0.9184698537147084,-0.10784190907356783
40.0,8.76,-0.15172561505292184,-0.5144551104879221,-0.042701411631919164,-0.3793473386600126,0.8088274112480841,-0.24138358124097528,0.9178900354323878,-0.10842969017318344
40.0,8.78,-0.1526773797012242,-0.515667153645441,-0.043104199063594584,-0.38054271798023404,0.807698008165165,-0.2419855098758123,0.9173063188542095,-0.10901990594567741
40.0,8.8,-0.1536338133828636,-0.5168783018818561,-0.043510501922275305,-0.3817404599681199,0.8065634594236516,-0.24258676595303677,0.91671867227414,-0.1096125590668832
40.0,8.82,-0.15459483500124505,-0.5180885564309702,-0.04392033422186554,-0.38294056518170666,0.8054237263510236,-0.24318734400625414,0.9161270673930989,-0.11020765080313673
40.0,8.84,-0.15556054559258345,-0.5192978707700482,-0.044333737810996324,-0.3841430399231627,0.8042788018425808,-0.2437872017731629,0.9155314751857975,-0.11080518863224688
40.0,8.86,-0.15653105060274586,-0.5205062096362499,-0.04475073991184075,-0.38534787873611825,0.8031286478113402,-0.24438633341408003,0.9149318646650336,-0.11140516986800719
40.0,8.88,-0.15750617776215672,-0.5217136015953152,-0.045171363226138725,-0.3865550946331948,0.8019732669858256,-0.24498469926257582,0.9143282079471491,-0.11200760173223208
40.0,8.9,-0.1584861217477836,-0.5229199778646271,-0.04559564203137817,-0.38776468130846725,0.800812612613891,-0.2455822903012834,0.9137204739538558,-0.11261248275634216
40.0,8.92,-0.1594708008228721,-0.5241253397250777,-0.046023612426521095,-0.3889766457385205,0.7996466880057155,-0.24617906665631922,0.9131086308801225,-0.11321981765708593
40.0,8.94,-0.16046022770553225,-0.5253296731260823,-0.04645529611279859,-0.39019098755063786,0.7984754605390647,-0.24677500783311976,0.9124926505176937,-0.1138296081513718
40.0,8.96,-0.16145441326043244,-0.5265329579583441,-0.046890729617983226,-0.39140771370900107,0.7972989119730033,-0.2473701127345922,0.9118725005077521,-0.11444185523689937
40.0,8.98,-0.16245345854869955,-0.5277351396311596,-0.04732994182247773,-0.392626822975076,0.7961170324049155,-0.24796432158813472,0.9112481504501031,-0.11505656156193628
40.0,9.0,-0.1634572863951008,-0.5289362380718157,-0.047772968651601834,-0.3938483132055946,0.7949297949945482,-0.2485576301799994,0.9106195681019194,-0.11567372771418642
40.0,9.02,-0.16446590568283712,-0.5301362269503899,-0.04821983360745533,-0.3950721929341652,0.7937371727117195,-0.24915000345377766,0.9099867229731866,-0.11629335751799841
40.0,9.04,-0.1654794217532285,-0.5313350631826503,-0.04867056611667032,-0.3962984607907769,0.7925391619322951,-0.24974142868318508,0.9093495829382002,-0.11691545114214112
40.0,9.06,-0.16649784209389146,-0.5325327136431307,-0.04912521022134229,-0.39752711819352465,0.7913357315147963,-0.25033185386188117,0.9087081155266467,-0.11754001171694774
40.0,9.08,-0.16752108861669582,-0.5337291988564112,-0.04958379584070409,-0.3987581636182046,0.7901268740590215,-0.25092127984123164,0.908062288945064,-0.11816703739731234
40.0,9.1,-0.16854926141181367,-0.5349244566493903,-0.05004634666474376,-0.39999160094250624,0.7889125638451003,-0.25150967103559135,0.9074120710577567,-0.11879652929683171
40.0,9.12,-0.16958228193456373,-0.5361185078508018,-0.05051290108213708,-0.4012274369118948,0.7876927755539616,-0.25209699173584676,0.9067574272891524,-0.11942849120007021
40.0,9.14,-0.1706203482655177,-0.5373112723588463,-0.050983495440651075,-0.40246565974047416,0.7864675070235334,-0.25268322856481584,0.9060983258420028,-0.12006292218799519
40.0,9.16,-0.17166328020754587,-0.538502776008244,-0.05145815517980857,-0.4037062824508138,0.785236738006732,-0.2532683318624473,0.9054347335270839,-0.12069982414552705
40.0,9.18,-0.17271127850136267,-0.5396929439908151,-0.05193691764121064,-0.4049492977276095,0.7840004309829659,-0.25385230666911496,0.904766615774391,-0.1213391937095337
40.0,9.2,-0.17376416594476166,-0.5408818151151662,-0.052419822222097144,-0.4061947121122276,0.7827585979593139,-0.2544350981272111,0.9040939401601459,-0.12198103560318917
40.0,9.22,-0.17482214005365063,-0.5420693013159921,-0.05290689258301415,-0.4074425199176711,0.7815112019228084,-0.2550166806922843,0.9034166710140087,-0.12262534743707806
40.0,9.24,-0.17588502671778053,-0.5432554544926922,-0.05339816795285436,-0.4086927228953835,0.7802582422248406,-0.25559704036175634,0.902734775442781,-0.12327213016327214
40.0,9.26,-0.17695302216509406,-0.5444401794748784,-0.05389368723313176,-0.4099453180144505,0.7789996780489626,-0.25617613466904376,0.9020482175102045,-0.12392138406830235
40.0,9.28,-0.17802604254370227,-0.5456234852118931,-0.05439347649592804,-0.4112003134887019,0.7777355094038658,-0.2567539493359116,0.9013569628359579,-0.12457310618768302
40.0,9.3,-0.179104098563518,-0.5468053500851365,-0.054897582289214805,-0.41245770522235753,0.7764657186702438,-0.25733043397303723,0.9006609764748252,-0.12522729803574464
40.0,9.32,-0.1801872944540529,-0.5479857146628403,-0.05540602922292742,-0.4137174870971221,0.7751902841147411,-0.25790558172878886,0.8999602237798843,-0.1258839593029202
40.0,9.34,-0.18127554973634605,-0.5491646008882247,-0.055918858399542415,-0.41497966526165925,0.7739092067363375,-0.2584793479461321,0.8992546673037728,-0.1265430874231296
40.0,9.36,-0.1823688708145104,-0.5503419743419992,-0.05643610203095487,-0.4162442324607451,0.7726224387410798,-0.2590517165288229,0.898544272581118,-0.12720468158214018
40.0,9.38,-0.18346736442587663,-0.5515177811191652,-0.05695780174838975,-0.41751119471291115,0.7713299953326008,-0.2596226321395756,0.8978290021332991,-0.127868740270878
40.0,9.4,-0.18457103949049483,-0.5526919923396885,-0.05748399021521233,-0.41878054456036273,0.7700318427483128,-0.2601920978091428,0.8971088204222464,-0.1285352635779573
40.0,9.42,-0.1856798145717497,-0.553864630546105,-0.058014701597381944,-0.42005228406169176,0.7687279791493742,-0.2607600521128757,0.8963836893544829,-0.12920424775213984
40.0,9.44,-0.18679379045751324,-0.5550356219524565,-0.058549984310115766,-0.42132640834104673,0.7674183715153606,-0.2613264976962694,0.8956535735872785,-0.1298756923517445
40.0,9.46,-0.18791298012523827,-0.5562049501860808,-0.05908986501210802,-0.42260291544127826,0.766103027643879,-0.26189137600758394,0.8949184350077258,-0.13054959465423138
40.0,9.48,-0.18903739437483874,-0.5573725924510761,-0.059634378551390366,-0.42388180718033414,0.7647819155777401,-0.2624546596137861,0.8941782356123857,-0.1312259516631312
40.0,9.5,-0.19016704176389873,-0.5585385194610673,-0.06018357414380242,-0.4251630783363401,0.7634550214073028,-0.2630163269259383,0.8934329383075242,-0.13190476181752392
40.0,9.52,-0.1913018330578706,-0.5597027352045596,-0.060737479051198445,-0.4264467266858699,0.7621223495468981,-0.26357633262735397,0.8926825040489058,-0.13258602297173808
40.0,9.54,-0.19244197620357945,-0.560865156504701,-0.06129614374411016,-0.42773275165263647,0.7607838600619473,-0.26413467544554925,0.8919268953980869,-0.13326972973259396
40.0,9.56,-0.19358728394272087,-0.5620258207931154,-0.06185959520826982,-0.42902114589356527,0.7594395540022405,-0.26469129353404425,0.8911660722849755,-0.13395588078903314
40.0,9.58,-0.19473796046636685,-0.5631846310367781,-0.06242787697009989,-0.4303119096648064,0.7580894102739328,-0.2652461618126886,0.890399996250924,-0.13464447157736653
40.0,9.6,-0.19589391598565964,-0.5643415910513212,-0.0630010321463322,-0.4316050381616848,0.7567334302670248,-0.2657992479353297,0.8896286287255013,-0.13533549879905513
40.0,9.62,-0.19705526399530945,-0.5654966560914707,-0.06357909658889528,-0.43290052753563774,0.7553715803207863,-0.26635053669217507,0.8888519292132322,-0.13602895854765779
40.0,9.64,-0.19822181073786,-0.5666498518144629,-0.06416210635100734,-0.434198373822847,0.7540038632189031,-0.26689996608297895,0.8880698583719004,-0.13672484677124652
40.0,9.66,-0.19939376621026025,-0.5678010922351703,-0.06475011288969035,-0.4354985706824688,0.7526302548886834,-0.2674475237097563,0.8872823749456094,-0.13742315879992908
40.0,9.68,-0.20057103949232705,-0.5689503816427122,-0.06534314517576525,-0.436801114993815,0.751250744976184,-0.26799318687981816,0.8864894396173943,-0.13812389151926083
40.0,9.7,-0.20175373774995567,-0.5700976546093708,-0.06594124834493573,-0.43810600629899277,0.749865337557647,-0.2685368934914261,0.8856910116443013,-0.138827038092713
40.0,9.72,-0.20294187147083903,-0.5712428867634827,-0.06654445865501328,-0.4394132350796035,0.7484739878616402,-0.26907863761225165,0.8848870491692538,-0.13953259275957797
40.0,9.74,-0.20413534883058992,-0.5723860827079913,-0.06715282869890833,-0.44072279436271106,0.7470767095405069,-0.26961836011997997,0.8840775112575561,-0.14024055114498613
40.0,9.76,-0.2053342796536451,-0.5735271826942699,-0.06776639680922382,-0.44203468441833144,0.7456734892263301,-0.2701560510169225,0.8832623550837326,-0.14095090822659445
40.0,9.78,-0.2065385691468974,-0.5746661849383935,-0.06838519997990994,-0.44334889523976123,0.7442642976348927,-0.2706916647393352,0.8824415402543438,-0.14166365743667647
40.0,9.8,-0.2077483321092385,-0.5758030423316579,-0.06900927697375508,-0.4446654268681663,0.7428491317523053,-0.2712251649784043,0.8816150244987051,-0.14237879155861174
40.0,9.82,-0.20896366974681316,-0.5769376671106246,-0.06963867995404087,-0.4459842614386621,0.7414279842423124,-0.27175652832930686,0.8807827641954205,-0.1430963059560591
40.0,9.84,-0.2101843956096642,-0.5780701203716306,-0.07027344904242105,-0.4473054037944663,0.7400008443868086,-0.2722857152033346,0.8799447173973873,-0.14381619274029311
40.0,9.86,-0.21141061524717264,-0.5792003275913813,-0.07091362136435451,-0.4486288381035931,0.7385676934549128,-0.27281268281441307,0.8791008403012862,-0.14453844335642402
40.0,9.88,-0.2126423384293509,-0.580328263701339,-0.07155925319965505,-0.44995456649678917,0.7371285254770525,-0.27333740745763585,0.8782510915550099,-0.1452630540079192
40.0,9.9,-0.21387957239705926,-0.5814538968762986,-0.07221037433101331,-0.45128257399422644,0.7356833311859292,-0.2738598493072958,0.8773954188581646,-0.14599001240429887
40.0,9.92,-0.21512232426674854,-0.5825771951769904,-0.07286703997830496,-0.4526128520026436,0.7342320970229642,-0.2743799813034694,0.876533792833228,-0.14671931282985348
40.0,9.94,-0.21637070290395544,-0.5836980887866486,-0.07352928283915569,-0.4539454007677082,0.7327748062547754,-0.27489776028408036,0.8756661534695696,-0.14745094722612476
40.0,9.96,-0.21762451412482386,-0.5848166275807183,-0.07419716583973375,-0.45528020483215775,0.7313114511372842,-0.2754131461901003,0.8747924719850577,-0.14818490765056738
40.0,9.98,-0.21888396865326074,-0.5859327035701478,-0.07487071252359194,-0.45661725492076577,0.7298420364208847,-0.2759261180130636,0.8739126890299637,-0.14892118376335883
40.0,10.0,-0.22014907372461145,-0.587046283739209,-0.0755499801437744,-0.4579565469090403,0.7283665252635777,-0.27643663873740576,0.8730267658680801,-0.1496597667268815
40.0,10.02,-0.22141973633871248,-0.5881573803704425,-0.07623501661715933,-0.4592980672396554,0.7268849330115633,-0.2769446617068802,0.8721346538995242,-0.15040064562385733
40.0,10.04,-0.22269596036583003,-0.5892659541345351,-0.0769258629867326,-0.4606418087343116,0.7253972323313367,-0.27745015292636255,0.8712363145122688,-0.1511438124135723
40.0,10.05,-0.2233362238882247,-0.5898192595175349,-0.07727347530783195,-0.4613145108847649,0.7246510852615154,-0.2777019402464781,0.8707847888955214,-0.1515162487763597
40.0,10.06,-0.22397785510418305,-0.590371933244959,-0.07762256051419787,-0.4619877640551464,0.7239034263595024,-0.2779530751856611,0.870331689496969,-0.15188925368074088
40.0,10.08,-0.22526542985140963,-0.5914752910310838,-0.07832516595239411,-0.4633359176343029,0.7224034888696845,-0.2784533942611096,0.8694207404001325,-0.15263696213695424
40.0,10.1,-0.2265585877960756,-0.5925760334760588,-0.07903372831987374,-0.46468625495858884,0.720897427456677,-0.2789510885997011,0.8685034305532733,-0.15338692103027196
40.0,10.12,-0.2278574384545439,-0.5936740878162169,-0.07974828248599461,-0.4660387747502451,0.7193852266888963,-0.2794460985864684,0.8675796884242553,-0.15413913672314858
40.0,10.14,-0.22916188172061466,-0.5947694534122722,-0.0804688779422965,-0.4673934621032313,0.717866878590141,-0.2799383961515681,0.8666494807684849,-0.15489357498945663
40.0,10.16,-0.23047213647867154,-0.59586203027927,-0.08119557357980421,-0.4687503058065704,0.7163423756760027,-0.28042795310325075,0.8657127594907861,-0.1556502282549858
40.0,10.18,-0.23178799836152467,-0.5969518577869922,-0.08192841040557644,-0.4701092864079394,0.7148116994000974,-0.28091472218584534,0.8647694739901981,-0.1564091036143316
40.0,10.2,-0.233109684156896,-0.5980388280088602,-0.08266744066632234,-0.47147039899319587,0.7132748532232286,-0.28139865011917703,0.863819582069586,-0.1571701624396319
40.0,10.22,-0.23443698572395516,-0.5991229740816865,-0.08341272329366663,-0.4728336261355899,0.7117318214942231,-0.2818797334123047,0.862863026422219,-0.15793339410818624
40.0,10.24,-0.23577012030796704,-0.6002041869159151,-0.08416426063476955,-0.4741989657997245,0.7101826005327561,-0.2823579154161388,0.8618997670967179,-0.15869880622852484
40.0,10.26,-0.23710888680501527,-0.6012825210285697,-0.084922128509068,-0.47556639721348454,0.7086271823647248,-0.2828331519347205,0.8609297401132883,-0.15946637038374806
40.0,10.28,-0.23845349755723333,-0.602357852403103,-0.08568644394229448,-0.4769358861742824,0.7070655578788814,-0.2833054266960069,0.8599529115793617,-0.16023606325257117
40.0,10.3,-0.23980385300395343,-0.6034301874899959,-0.08645716199777699,-0.47830744988446106,0.7054977089318669,-0.2837746764743733,0.8589692125695875,-0.16100788560266407
40.0,10.32,-0.24116006369688667,-0.6044994493879978,-0.08723439940198933,-0.47968104800723177,0.7039236487740214,-0.28424087903191314,0.8579786196044991,-0.1617818151231432
40.0,10.34,-0.24252192370945927,-0.6055656871180289,-0.08801810999728243,-0.48105669220701824,0.702343355563892,-0.2847039834291461,0.8569810572524711,-0.16255783480119157
40.0,10.36,-0.2438896489839372,-0.6066287812268182,-0.08880841318895029,-0.4824343525073005,0.7007568274538422,-0.28516396075835626,0.8559764898973582,-0.16333593459456333
40.0,10.38,-0.24526324184731577,-0.6076886888559102,-0.08960542943921855,-0.4838139981697794,0.699164060051327,-0.28562076652933516,0.8549648526097516,-0.1641160983821022
40.0,10.4,-0.24664260667978716,-0.6087454310550102,-0.09040911090495954,-0.4851956292399914,0.6975650415598043,-0.2860743529600817,0.8539461033610298,-0.16489829841484532
40.0,10.42,-0.24802784567851924,-0.609798908142026,-0.0912194937980259,-0.486579230186062,0.6959597588969522,-0.2865246998458882,0.8529201975565661,-0.16568252145075418
40.0,10.44,-0.24941886255839216,-0.610849141436754,-0.09203670064998384,-0.4879647748137168,0.6943482225699138,-0.2869717537148694,0.8518870585482312,-0.16646876291404772
40.0,10.46,-0.25081576520098064,-0.6118960445315871,-0.09286076861541881,-0.4893522467722957,0.6927304097186157,-0.28741547549505886,0.8508466579960886,-0.16725698074519643
40.0,10.48,-0.25221856082410843,-0.6129395880179951,-0.09369173602308437,-0.49074163513404245,0.6911063221083071,-0.2878558359199045,0.8497989297566036,-0.16804717130085434
40.0,10.5,-0.25362713770865414,-0.6139797584140417,-0.09452972396365779,-0.49213289531049564,0.6894759641640097,-0.28829277826390215,0.8487438334529485,-0.1688393045938717
40.0,10.52,-0.25504172269288117,-0.6150164519139486,-0.095374600499855,-0.4935260544307228,0.687839310027258,-0.2887262753071747,0.8476812938575672,-0.16963337398083492
40.0,10.54,-0.2564620992452744,-0.6160497063480863,-0.0962266604966777,-0.49492103963506107,0.686196365515067,-0.2891562703189559,0.8466112810694693,-0.170429350467524
40.0,10.56,-0.25788837516728963,-0.6170794334003683,-0.09708576979527263,-0.4963178664117423,0.6845471348944488,-0.28958273394536693,0.8455337205812952,-0.17122722633554416
40.0,10.58,-0.25932055982406593,-0.6181056102121714,-0.09795205411146955,-0.49771650565119224,0.6828915915274181,-0.2900056234187086,0.8444485667378321,-0.17202695295954865
40.0,10.6,-0.2607587585941715,-0.6191281398868478,-0.09882563799504397,-0.49911691596926944,0.6812297460679764,-0.2904248973231363,0.8433557750184922,-0.17282852750799044
40.0,10.62,-0.2622027585944431,-0.6201470758850338,-0.0997063872520017,-0.5005191187876442,0.6795615862767102,-0.2908405042620501,0.8422552654070656,-0.17363192390629456
40.0,10.64,-0.2636526736242937,-0.6211623426807831,-0.10059460271517562,-0.5019230430135772,0.6778871139712849,-0.29125242657265904,0.8411470068331717,-0.1744371255003107
40.0,10.66,-0.2651086058790745,-0.6221738350249674,-0.10149014784575142,-0.50332869820934,0.676206320715075,-0.29166058579117576,0.8400309298179864,-0.17524410712780938
40.0,10.68,-0.26657045569610205,-0.6231815753255107,-0.10239314965089791,-0.5047360470648786,0.674519204597237,-0.2920649760038561,0.8389069877588093,-0.17605283245031852
40.0,10.7,-0.26803833129150095,-0.6241854718741181,-0.10330364787219522,-0.5061450694116758,0.6728257664921203,-0.2924655222081736,0.837775112121905,-0.17686327524189394
40.0,10.72,-0.2695120170921496,-0.6251855800960417,-0.10422168234187511,-0.5075557448189064,0.6711259903212742,-0.29286221160715864,0.8366352606690706,-0.1776754294234778
40.0,10.74,-0.2709918361591231,-0.6261817064686053,-0.10514738181366509,-0.5089680342399715,0.6694198862612724,-0.29325497268323947,0.8354873592089312,-0.17848925097050225
40.0,10.76,-0.27247746595606764,-0.6271739611681715,-0.1060807858175901,-0.5103819103493725,0.6677074371050239,-0.2936437774497424,0.8343313663365515,-0.1793047326857661
40.0,10.78,-0.27396923641211,-0.6281621632939232,-0.10702193639435562,-0.5117973572652273,0.665988659687786,-0.29402858463445736,0.8331672088686416,-0.18012182942762936
40.0,10.8,-0.2754668141568489,-0.6291464026941312,-0.10797087323054153,-0.5132143470759564,0.6642635280638789,-0.2944093477145612,0.8319948398374937,-0.1809405162684119
40.0,10.82,-0.27697052968170366,-0.6301264966285334,-0.10892763731064141,-0.5146328574500522,0.6625320580569724,-0.2947860105159269,0.8308142031360742,-0.18176076566142657
40.0,10.84,-0.2784801678069639,-0.6311025093869435,-0.10989226844037332,-0.5160528598332028,0.660794243134157,-0.2951585482822644,0.8296252399567795,-0.18258256397383466
40.0,10.86,-0.2799958331536831,-0.6320743388718215,-0.11086498837509569,-0.5174742925807103,0.6590500853580022,-0.29552689818766664,0.8284278824550425,-0.1834058493221888
40.0,10.88,-0.28151741620030407,-0.6330419945798744,-0.11184565868222042,-0.518897170476187,0.6572995721679087,-0.29589103201588185,0.8272220696974004,-0.18423062133839826
40.0,10.9,-0.2830451352651594,-0.6340053314692776,-0.11283441016696298,-0.5203214443092516,0.655542707311132,-0.2962508870590821,0.8260077603416063,-0.18505683779556714
40.0,10.92,-0.2845787697325696,-0.634964408199772,-0.11383137728684303,-0.5217470758323436,0.6537794874063174,-0.2966064384616195,0.8247848785848932,-0.18588447838703148
40.0,10.94,-0.2861185414083792,-0.6359190857244125,-0.11483650771295058,-0.5231740418545676,0.6520099178357145,-0.2969576236680379,0.8235533684578289,-0.18671348109831565
40.0,10.96,-0.2876642219900179,-0.636869408906369,-0.11584993651760489,-0.5246023031044659,0.6502339944828515,-0.29730440303781464,0.822313171066066,-0.1875438430408741
40.0,10.98,-0.2892159254564447,-0.6378152951780752,-0.11687170674107845,-0.5260318337009544,0.6484517192591621,-0.29764672558862637,0.8210642283451655,-0.1883755154161174
40.0,11.0,-0.29077375627650753,-0.6387566387735022,-0.11790186014529462,-0.5274626013757159,0.6466630971799379,-0.2979845551609251,0.8198064668459533,-0.18920847533400703
40.0,11.02,-0.2923374910160636,-0.6396935004474615,-0.11894053083170948,-0.5288945527187916,0.6448681117435312,-0.29831784529353866,0.8185398392088621,-0.19004267496312297
40.0,11.04,-0.2939073519719779,-0.6406257378576083,-0.11998757625118538,-0.5303276960297499,0.6430667726873228,-0.29864653391570284,0.817264282618595,-0.19087809230960184
40.0,11.06,-0.2954832198159266,-0.6415533463141113,-0.12104331732216952,-0.5317619411781219,0.6412590823676789,-0.29897059622447825,0.8159797227291942,-0.191714671771942
40.0,11.08,-0.29706509661204894,-0.6424762923879622,-0.12210770579855927,-0.5331972807374237,0.6394450448290706,-0.2992899669360126,0.8146861201615957,-0.1925523802255357
40.0,11.1,-0.29865308282941,-0.643394460844857,-0.123180689668415,-0.5346336953765485,0.6376246546353271,-0.2996046032713983,0.8133833918502266,-0.19339120348663463
40.0,11.12,-0.30024695907026844,-0.6443079294170244,-0.12426259156632219,-0.5360710854709174,0.6357979219261282,-0.29991446935816385,0.8120714876403412,-0.19423107426635197
40.0,11.14,-0.3018470537560638,-0.6452164849326903,-0.12535317716414393,-0.5375094923621387,0.6339648336564252,-0.30021950446809575,0.8107503386046059,-0.19507196503858484
40.0,11.16,-0.30345302372431426,-0.6461202359029244,-0.12645276925641652,-0.538948808365807,0.6321254070238763,-0.30051966182503714,0.8094198858035532,-0.19591384977562784
40.0,11.18,-0.30506520470048054,-0.6470189820577547,-0.1275612235066284,-0.540389040549182,0.6302796455095153,-0.300814887901557,0.8080800626097796,-0.1967566548875296
40.0,11.2,-0.3066833651301105,-0.6479127798291728,-0.12867877332945665,-0.5418301135126543,0.628427535816309,-0.30110514779442576,0.8067307988144722,-0.19760036486155388
40.0,11.22,-0.30830749839005356,-0.648801580157117,-0.12980536676800025,-0.5432720053926453,0.6265690958707676,-0.3013903806222411,0.8053720445099452,-0.19844492344431278
40.0,11.24,-0.3099377109549668,-0.6496852797611818,-0.1309411424631217,-0.5447146551809481,0.6247043215188316,-0.3016705550510761,0.8040037378155431,-0.19929028558601833
40.0,11.26,-0.31157399965961713,-0.6505638359640625,-0.13208614778652053,-0.5461580362710307,0.6228332181816632,-0.30194560357369443,0.8026257921581974,-0.2001364289771636
40.0,11.28,-0.31321624380822444,-0.6514372531661892,-0.133240422548657,-0.5476020902267319,0.6209558013865517,-0.30221547677973326,0.8012381726885628,-0.2009832836864785
40.0,11.3,-0.3148645494919913,-0.6523054268824613,-0.13440401413705017,-0.5490467895755451,0.6190720556126939,-0.3024801366236016,0.7998407887320035,-0.20183080964609676
40.0,11.32,-0.3165189091042349,-0.6531683065959851,-0.13557696692164287,-0.5504920938575816,0.6171819983419784,-0.30273953388175223,0.7984335908597666,-0.20267896130215088
40.0,11.34,-0.3181793147298767,-0.6540258416654179,-0.13675951635518313,-0.5519379080732357,0.6152856337856409,-0.3029936125698818,0.7970165084894895,-0.20352770169386622
40.0,11.36,-0.3198457618258247,-0.6548779888662446,-0.13795151509989004,-0.5533842377217141,0.6133829601659917,-0.30324231341246366,0.7955894790044166,-0.2043769652804164
40.0,11.38,-0.3215182419120483,-0.6557246973426327,-0.13915310269384076,-0.5548310102597809,0.6114739997309429,-0.3034856019792531,0.7941524244421696,-0.20522671126969572
40.0,11.4,-0.3231966278813078,-0.6565659649685969,-0.14036442446288133,-0.5562781709906939,0.6095587334179869,-0.3037234229755771,0.7927052987364814,-0.20607689130309145
40.0,11.42,-0.324881143344866,-0.6574016356676669,-0.14158552297607946,-0.5577256630587665,0.6076371890811934,-0.30395571745052935,0.7912480328945768,-0.2069274354341122
40.0,11.44,-0.32657166442936797,-0.6582317143461921,-0.14281634636395713,-0.5591734667970188,0.6057093709305699,-0.3041824409802007,0.7897805535724173,-0.20777833060003753
40.0,11.46,-0.32826806636024114,-0.6590562069743794,-0.144057035757396,-0.5606215061827569,0.6037752772923904,-0.3044035457417669,0.7883027918907435,-0.20862947536691867
40.0,11.48,-0.32997056897930654,-0.6598749478264031,-0.14530773655910711,-0.5620697167214247,0.6018349182856093,-0.30461896300755104,0.7868146891386526,-0.20948084372240822
40.0,11.5,-0.3316791661409067,-0.6606878920709838,-0.1465683951300284,-0.563518070804563,0.5998883099797993,-0.3048286663714314,0.7853161729766672,-0.21033239022949018
40.0,11.52,-0.33339360902634524,-0.6614950883281953,-0.14783905703496844,-0.5649665218457554,0.5979354455528728,-0.3050325910089142,0.783807183114505,-0.21118402756025395
40.0,11.54,-0.3351140094165243,-0.6622964424676906,-0.14911996208335254,-0.5664149576717592,0.5959763523170145,-0.3052306759958175,0.7822876546480994,-0.2120357249087168
40.0,11.56,-0.3368404678488951,-0.6630918362266094,-0.15041105980923122,-0.5678633620472125,0.5940110220920816,-0.3054228813903816,0.780757507740855,-0.2128874023194606
40.0,11.58,-0.33857285716098945,-0.6638812758204824,-0.15171239461949404,-0.5693116796060056,0.5920394790626787,-0.30560915713965475,0.7792166832983886,-0.21373901370582973
40.0,11.6,-0.34031128131557087,-0.664664649780317,-0.15302411042791364,-0.5707598276975412,0.5900617212450889,-0.3057894394171383,0.777665114245066,-0.21459050970188764
40.0,11.62,-0.3420556121997861,-0.6654419647204216,-0.15434625217572817,-0.5722077491075248,0.5880777683376488,-0.305963675248581,0.7761027369061021,-0.21544179697674792
40.0,11.64,-0.3438058370949903,-0.6662131683685354,-0.15567876814763892,-0.5736554264090761,0.5860876169559315,-0.3061318253879595,0.7745294789679015,-0.21629285172264462
40.0,11.66,-0.34556205935314716,-0.6669781480456699,-0.15702190131696311,-0.5751027405713927,0.5840912998082453,-0.3062938168987978,0.7729452791307441,-0.2171435791144039
40.0,11.68,-0.3473242659729284,-0.6677368503694443,-0.15837569705695026,-0.5765496319417011,0.5820888092272771,-0.30644960751362854,0.7713500533424071,-0.21799393511655749
40.0,11.7,-0.3490922102568265,-0.6684893437168765,-0.159740101566318,-0.5779960747904284,0.5800801696403565,-0.30659914535146165,0.7697437606124756,-0.2188438284818022
40.0,11.72,-0.3508662281323122,-0.6692353926586933,-0.16111525851175929,-0.5794419742190081,0.5780653812585976,-0.3067423783816754,0.7681263066322911,-0.21969322441307482
40.0,11.74,-0.35264606801260867,-0.66997505798613,-0.1625013161034329,-0.5808872470652923,0.5760444630099083,-0.3068792382038251,0.7664976402062691,-0.2205420410366588
40.0,11.76,-0.3544318361861388,-0.6707082327170972,-0.16389822020206027,-0.5823318658511767,0.5740174310148007,-0.30700968049319943,0.7648576849916114,-0.22139018822259246
40.0,11.78,-0.3562233966030744,-0.671434917455748,-0.16530601174824328,-0.5837757545012217,0.5719843013587178,-0.3071336476438062,0.7632063857885423,-0.222237638635693
40.0,11.8,-0.3580208510172817,-0.672154996707661,-0.1667249414307541,-0.585218798198388,0.5699450794959249,-0.3072510888433126,0.7615436552448971,-0.22308428204934055
40.0,11.82,-0.3598241838886031,-0.6728684164435892,-0.1681548503487395,-0.5866609902098379,0.5678997787991784,-0.30736195706449304,0.7598694446206817,-0.22393007607857127
40.0,11.84,-0.3616332575891498,-0.6735751779154915,-0.16959598603592016,-0.5881021999924042,0.5658484300284029,-0.3074661759141576,0.7581836782968809,-0.22477491156347845
40.0,11.86,-0.36344818147313057,-0.6742751799528532,-0.17104829304782218,-0.5895423974137797,0.5637910308000534,-0.30756370197973854,0.7564862888056015,-0.22561875252763983
40.0,11.88,-0.3652690441595232,-0.6749682812538886,-0.17251202226795762,-0.5909814556426002,0.5617276038769088,-0.30765447945561414,0.7547772083094124,-0.2264615039905063
40.0,11.9,-0.36709560148541853,-0.6756545701770352,-0.1739870108079198,-0.5924193597866096,0.5596581668762954,-0.3077384494312153,0.7530563666121881,-0.22730308342014083
40.0,11.92,-0.36892783147210306,-0.6763339854852495,-0.17547340444890575,-0.5938560044122558,0.557582733436478,-0.3078155631730944,0.7513236997527694,-0.22814342321583497
40.0,11.94,-0.37076594801070833,-0.6770063364257332,-0.176971353777572,-0.5952912960300386,0.5555013175627407,-0.3078857590197912,0.7495791319520487,-0.2289824365355713
40.0,11.96,-0.3726098192205887,-0.6776716402824109,-0.17848090198247105,-0.5967251569079952,0.5534139474940221,-0.30794898286625705,0.7478226149414681,-0.22982004363778702
40.0,11.98,-0.37445929952893586,-0.6783298921628449,-0.1800020940366937,-0.5981575154549036,0.5513206346976817,-0.30800518362124335,0.7460540635257293,-0.23065616646427886
40.0,12.0,-0.37631461520258036,-0.6789809225789907,-0.18153497259837711,-0.5995882924945174,0.5492213965588928,-0.3080542878190381,0.7442734194679161,-0.2314907053192442
40.0,12.02,-0.3781756199388812,-0.679624726166346,-0.18307958213089653,-0.6010174150200054,0.5471162601971831,-0.30809625238052246,0.7424806014755985,-0.23232360901100627
40.0,12.04,-0.3800421751800155,-0.6802613144064228,-0.18463606775393662,-0.6024447632413575,0.5450052352035348,-0.3081310239562377,0.7406755713068311,-0.23315475296357246
40.0,12.06,-0.3819144980576736,-0.6808905000652756,-0.18620447837240658,-0.6038702757619712,0.5428883435132494,-0.3081585306248852,0.738858233970783,-0.23398407884752478
40.0,12.08,-0.3837924449354992,-0.6815122863498337,-0.18778485197140884,-0.6052938557700827,0.5407656165735844,-0.30817873067324814,0.7370285296251567,-0.23481148102946384
40.0,12.1,-0.38567587570581785,-0.6821266855537016,-0.1893772325961226,-0.606715426507585,0.5386370561204253,-0.30819156505427897,0.7351864046474494,-0.2356368687560775
40.0,12.12,-0.38756500692542295,-0.6827335083165472,-0.19098177016110904,-0.6081348771769644,0.5365026949636661,-0.30819696705435246,0.7333317820192845,-0.23646017068198316
40.0,12.14,-0.38945969781153644,-0.6833327665175003,-0.19259850447155835,-0.6095521147225574,0.5343625620263496,-0.3081948800155312,0.7314645905432653,-0.2372812733569559
40.0,12.16,-0.3913600364898983,-0.6839243209593157,-0.19422747936832174,-0.610967059302858,0.5322166762156617,-0.3081852536142813,0.7295847821625064,-0.23810008357504847
40.0,12.18,-0.3932657660981533,-0.6845082605799399,-0.1958687361417365,-0.6123796233008517,0.5300650458228395,-0.3081680308885135,0.7276922729385982,-0.2389165091078235
40.0,12.2,-0.3951770978313425,-0.685084385314182,-0.1975223157031851,-0.6137897183074327,0.5279077099169398,-0.30814314756415223,0.7257870061119615,-0.2397304650123769
40.0,12.22,-0.3970937690945485,-0.6856527774877588,-0.19918847332063916,-0.6151971855899631,0.5257446915701253,-0.3081105422335107,0.7238689185212074,-0.24054183466529638
40.0,12.24,-0.39901598598035504,-0.6862132277115273,-0.20086703304496853,-0.6166019964096557,0.5235760161910807,-0.30807016682523436,0.7219379449716531,-0.24135051337223354
40.0,12.26,-0.40094373351836815,-0.6867656954182897,-0.20255825492451174,-0.6180040034343954,0.5214016987704122,-0.308021966687901,0.7199940180222543,-0.2421564361319606
40.0,12.28,-0.40287673803295576,-0.6873102490441692,-0.20426206462554214,-0.6194031275798553,0.5192217728143478,-0.3079658731221285,0.7180370727811627,-0.24295945320393164
40.0,12.3,-0.40481520937455195,-0.6878466849635496,-0.20597850875177406,-0.6207992968744432,0.5170362681339021,-0.3079018273004305,0.7160670460974028,-0.24375949781720443
40.0,12.32,-0.4067590065754448,-0.6883750256329447,-0.20770783654594527,-0.6221923232424365,0.5148452049205513,-0.3078297765480469,0.7140838856220794,-0.24455644939595383
40.0,12.34,-0.4087082190345365,-0.6888951363489996,-0.20944998164459105,-0.6235821535532327,0.5126486158933651,-0.30774965087184997,0.7120875124143192,-0.24535019070782668
40.0,12.36,-0.4106625750338086,-0.6894070960346613,-0.21120498054770925,-0.6249686838700861,0.5104465194347286,-0.3076614079046334,0.7100778702902195,-0.2461406245700116
40.0,12.38,-0.41262228803864315,-0.6899107061940559,-0.21297298342751209,-0.6263517866136208,0.5082389576715577,-0.3075649826625202,0.7080549014425686,-0.24692763773581514
40.0,12.4,-0.4145873260290183,-0.6904059023619528,-0.21475391201204042,-0.6277313782486286,0.5060259520125353,-0.30746032167228254,0.7060185461294315,-0.2477111285351665
40.0,12.42,-0.41655753588496436,-0.690892692750342,-0.2165480281934885,-0.6291072982863547,0.5038075306757217,-0.30734735097932875,0.7039687394297979,-0.24849096412876484
40.0,12.44,-0.4185328939380811,-0.6913710298002721,-0.21835525778478174,-0.6304794755632495,0.5015837304448877,-0.3072260257243761,0.7019054141296341,-0.24926705065354782
40.0,12.46,-0.4205133616665625,-0.6918408420885999,-0.22017563278519978,-0.6318477935601104,0.49935457788905063,-0.3070962823913746,0.6998285229155752,-0.25003924436309444
40.0,12.48,-0.4224990305019501,-0.6923020003626199,-0.22200930012830628,-0.6332121106165283,0.49712010154607533,-0.3069580583189329,0.6977379912381124,-0.25080745908170343
40.0,12.5,-0.42448986597231286,-0.6927544401080461,-0.22385640458270117,-0.6345722756289907,0.4948803433150563,-0.30681129878299207,0.6956337770462432,-0.2515715496453356
40.0,12.52,-0.42648559601776376,-0.6931982536567783,-0.22571676085318038,-0.6359282607768179,0.49263532448432845,-0.30665594794260703,0.6935158198230723,-0.2523314039028183
40.0,12.54,-0.4284864268491337,-0.6936332290268618,-0.22759062347401735,-0.6372798737539801,0.49038508476078785,-0.30649193712598205,0.6913840458239277,-0.2530869030220704
40.0,12.56,-0.4304923274446236,-0.6940593097088179,-0.22947802528067493,-0.6386269988113911,0.4881296604497157,-0.30631920726413914,0.6892384203897064,-0.25383792692478074
40.0,12.58,-0.4325031351753748,-0.6944764987136693,-0.2313788840702999,-0.6399695522765578,0.4858690735281737,-0.3061377136681147,0.6870788719069987,-0.2545843402770728
40.0,12.6,-0.43451881778662066,-0.6948847406133043,-0.23329345708601587,-0.6413073434280862,0.48360337497836736,-0.3059473820644274,0.68490535553656,-0.25532601581085995
40.0,12.62,-0.43653946394023285,-0.6952839038276015,-0.23522155146518176,-0.6426403348074713,0.48133259614904095,-0.30574816115932874,0.6827178057036574,-0.2560628167845577
40.0,12.64,-0.43856491425066324,-0.6956740004830502,-0.23716353100666626,-0.6439682763378898,0.47905676493078614,-0.30553999699143797,0.680516179028292,-0.2567946264932135
40.0,12.66,-0.44059524642401887,-0.6960548823358312,-0.23911920109541962,-0.6452911289636395,0.4767759273597315,-0.3053228115136451,0.6783004238503788,-0.25752130972214815
40.0,12.68,-0.4426303099902624,-0.696426578297295,-0.2410888187154888,-0.6466086945475727,0.4744901157433512,-0.3050965646931944,0.6760704760661985,-0.25824272467722403
40.0,12.7,-0.44467006524507435,-0.6967890251148605,-0.24307218128773703,-0.6479209186275012,0.4721993695390792,-0.30486118550072605,0.6738262936816932,-0.25895874959303145
40.0,12.72,-0.4467145884811604,-0.6971420735840138,-0.24506954515442161,-0.6492275997800024,0.4699037305153115,-0.30461661588323397,0.6715678235954878,-0.25966922958307226
40.0,12.74,-0.4487638493663988,-0.6974856755133588,-0.2470809350156896,-0.650528604170596,0.4676032318671639,-0.304362803562388,0.6692950224894075,-0.26037403864992037
40.0,12.76,-0.45081755805427665,-0.6978199160510707,-0.24910626090446214,-0.6518238404230414,0.46529792500225764,-0.30409968450765995,0.6670078240651275,-0.2610730264365637
40.0,12.78,-0.4528760432752327,-0.6981445041199368,-0.25114577589621895,-0.653113093587761,0.4629878368230384,-0.30382720167485244,0.6647061993975572,-0.2617660686165622
40.0,12.8,-0.45493889732094445,-0.6984596127701983,-0.25319939138436864,-0.6543962774822107,0.46067301787678006,-0.30354528998387215,0.6623900983016459,-0.262452990458968
40.0,12.82,-0.4570063210687301,-0.6987650206225835,-0.2552671255701894,-0.6556732467492933,0.45835350503118527,-0.3032538982373344,0.6600594712516376,-0.26313366911356006
40.0,12.84,-0.45907827125713496,-0.699060663726109,-0.25734922787553444,-0.656943772695123,0.45602934276424106,-0.30295296836410907,0.6577142859897593,-0.26380794647574674
40.0,12.86,-0.46115446526065457,-0.6993466472227163,-0.25944549496555075,-0.6582078189753734,0.45370058313124906,-0.3026424356435858,0.655354477399057,-0.2644756893225244
40.0,12.88,-0.4632351027028868,-0.6996227477913348,-0.26155605719579195,-0.659465191547774,0.4513672543096407,-0.3023222421227705,0.6529800177466819,-0.26513672409515526
40.0,12.9,-0.46532013873448935,-0.6998889017133831,-0.2636810507585344,-0.6607157090417578,0.4490294131509858,-0.3019923258004454,0.6505908617274359,-0.2657909081408608
40.0,12.92,-0.4674094057482998,-0.7001451269307237,-0.2658203745903403,-0.6619592651853622,0.4466870979387472,-0.3016526348216407,0.6481869846336272,-0.26643807865340463
40.0,12.94,-0.4695028576457407,-0.700391360990162,-0.26797427285670483,-0.6631956138187395,0.44434035471574534,-0.30130311080275196,0.6457683246500732,-0.26707810848832564
40.0,12.96,-0.47160057548856305,-0.7006274672914732,-0.27014253885674083,-0.6644247238868102,0.44198923724550265,-0.3009436890596436,0.6433348594294211,-0.2677108052856072
40.0,12.98,-0.4737023844886633,-0.7008534570945743,-0.2723252931050871,-0.6656463779508398,0.43963378110948953,-0.30057431493499887,0.6408865521013137,-0.26833602158289116
40.0,13.0,-0.4758082423612336,-0.7010692763196781,-0.2745226650434818,-0.6668603789063006,0.43727405016225823,-0.3001949302075169,0.6384233598518186,-0.2689535920940592
40.0,13.02,-0.47791810086092024,-0.7012748629343268,-0.2767345570022094,-0.6680666390801966,0.43491008529992287,-0.29980547207257185,0.6359452614896959,-0.2695633716058386
40.0,13.04,-0.4800320336156479,-0.7014700712406373,-0.278961203896361,-0.6692648868584914,0.4325419299259759,-0.29940589028557874,0.6334522200898047,-0.27016517996364225
40.0,13.06,-0.4821498689011511,-0.7016549224853177,-0.2812023857185551,-0.6704550735283598,0.4301696405430278,-0.2989961209920591,0.6309441985798744,-0.27075884791271176
40.0,13.08,-0.484271684861957,-0.7018292785558927,-0.2834582248604467,-0.671636988677095,0.4277932609001639,-0.29857611359513425,0.6284211861600993,-0.27134421532656444
40.0,13.1,-0.48639718053278286,-0.7019932385079234,-0.28572884652280967,-0.6728104270137395,0.42541285800487616,-0.29814580013152314,0.6258831402495675,-0.2719211063046909
40.0,13.12,-0.48852654987989136,-0.702146571522865,-0.2880142545504583,-0.6739752231662558,0.4230284660073347,-0.29770513386878644,0.6233300374803858,-0.2724893510097883
40.0,13.14,-0.4906596244494377,-0.7022893089438361,-0.2903143336004405,-0.6751312613751529,0.420640147283818,-0.2972540542962251,0.620761863906807,-0.27304876865713285
40.0,13.16,-0.49279634646870096,-0.7024213815720207,-0.2926292055888988,-0.6762783320864457,0.4182479572304957,-0.29679249595656926,0.6181785888639508,-0.2735992077923685
40.0,13.18,-0.49493666889956295,-0.7025427365314005,-0.2949588669256277,-0.6774162590274108,0.4158519437551384,-0.2963204098657242,0.6155801914073056,-0.2741404672653121
40.0,13.2,-0.497080661151661,-0.702653226262342,-0.2973034411962316,-0.6785448363852143,0.4134521679989636,-0.295837734258135,0.612966660295775,-0.27467237396246713
40.0,13.22,-0.4992280241788514,-0.7027529632636588,-0.2996628005034636,-0.6796639290790164,0.4110486788864677,-0.2953444203297132,0.6103379751249419,-0.27519474848653613
40.0,13.24,-0.501378943137805,-0.7028417050812891,-0.3020370660389965,-0.6807733284684748,0.40864152877258114,-0.29484041047849824,0.6076941158390975,-0.2757074221015734
40.0,13.26,-0.5035331293008319,-0.7029195822369759,-0.30442622547966974,-0.6818728450683332,0.40623079269043477,-0.29432564164818065,0.6050350750343058,-0.27621019113410145
40.0,13.28,-0.5056907609561413,-0.7029863430347005,-0.3068301561767151,-0.6829623654164132,0.40381651443217853,-0.2938000606631998,0.602360841059759,-0.27670287344718253
40.0,13.3,-0.5078515424395889,-0.7030421117726066,-0.3092490879175927,-0.6840416069845933,0.40139875080486165,-0.29326361260605377,0.5996714027972065,-0.2771852975655165
40.0,13.32,-0.5100156625197705,-0.7030866518069447,-0.31168300771198976,-0.6851103837746338,0.3989775714285011,-0.29271624102806293,0.5969667552865666,-0.2776572544262735
40.0,13.34,-0.5121828185845528,-0.7031200812376611,-0.31413178112242707,-0.6861685635624538,0.39655302497061284,-0.2921578954679924,0.5942468915890197,-0.2781185699277933
40.0,13.36,-0.5143531982958643,-0.7031421623063867,-0.316595402146235,-0.6872159832825007,0.3941251826882559,-0.29158852042580885,0.5915118064171998,-0.2785690430646817
40.0,13.38,-0.5165264978796041,-0.7031530150333921,-0.3190739651568995,-0.6882523836911988,0.3916940957355923,-0.2910080561585632,0.5887615139314469,-0.2790084798151585
40.0,13.4,-0.5187027811503754,-0.7031524910944676,-0.3215675817842114,-0.6892775423843402,0.38925982771158224,-0.2904164519013239,0.5859959972152131,-0.27943669440886887
40.0,13.42,-0.5208819886349296,-0.7031405317759314,-0.3240759828443957,-0.6902913642909965,0.3868224505109064,-0.2898136524072439,0.5832152668593454,-0.2798534740245935
40.0,13.44,-0.523063937572384,-0.7031171698794365,-0.326599389607761,-0.6912935526282052,0.3843820164526037,-0.2891995982909524,0.5804193249083364,-0.2802586371656484
40.0,13.46,-0.5252486840303052,-0.7030822485201292,-0.32913778138296157,-0.692283921041233,0.38193859405088365,-0.2885742525692456,0.5776081875200636,-0.28065196927871244
40.0,13.48,-0.527436172826004,-0.7030357177688884,-0.3316910109253686,-0.6932623321475584,0.3794922532912806,-0.287937537384586,0.5747818624436517,-0.28103328696417545
40.0,13.5,-0.5296263483063959,-0.7029775279353602,-0.3342590496046353,-0.6942285910491728,0.37704305067272664,-0.2872894273427935,0.5719403586587621,-0.2814023676955585
40.0,13.52,-0.5318190071765179,-0.7029076900222636,-0.33684210956800464,-0.6951823843288474,0.3745910589431889,-0.2866298465990675,0.569083695159811,-0.281759016456091
40.0,13.54,-0.5340142275450604,-0.7028260789709805,-0.3394400378780414,-0.6961235717480319,0.37213633810026625,-0.2859587615264701,0.5662118843612318,-0.2821030326034387
40.0,13.56,-0.5362118110331491,-0.7027327151587704,-0.3420526789904176,-0.6970520139519533,0.36967896316167437,-0.285276108396624,0.5633249552826602,-0.28243419674604636
40.0,13.58,-0.5384118224211917,-0.7026274570983412,-0.3446803620265383,-0.6979673318789082,0.36721899860978574,-0.28458183608234794,0.560422927437318,-0.2827523071980339
40.0,13.6,-0.5406140682801295,-0.7025103345666551,-0.3473226841654752,-0.6988695037709455,0.36475651693323563,-0.28387589950915015,0.5575058257860395,-0.28305715034657397
40.0,13.62,-0.5428184896862815,-0.7023813005946268,-0.34997984530792114,-0.6997581990563901,0.3622915867148585,-0.2831582402873233,0.5545736710637568,-0.28334852033144037
40.0,13.64,-0.5450251372738704,-0.702240197196979,-0.35265180392358314,-0.7006332137133426,0.359824270604615,-0.2824288156829573,0.5516265138485714,-0.2836261997721177
40.0,13.66,-0.5472338221365772,-0.7020870642470878,-0.35533839806420814,-0.7014944129574903,0.35735465411319933,-0.28168757028343494,0.5486643752078926,-0.28388996625150875
40.0,13.68,-0.5494444812173888,-0.7019218524086904,-0.3580396918915141,-0.7023415057667975,0.35488279049237564,-0.2809344638236222,0.545687286563916,-0.28413962449734453
40.0,13.7,-0.5516571658196887,-0.7017444066658535,-0.36075564570793595,-0.7031743017431958,0.35240877394483267,-0.28016943775755326,0.5426953003650185,-0.2843749393306946
40.0,13.72,-0.5538715629898557,-0.7015548656224917,-0.363486319867361,-0.7039925057982465,0.3499326675885454,-0.2793924393712161,0.5396884555867332,-0.28459570272718093
40.0,13.74,-0.5560878484841216,-0.701352982259504,-0.3662314247901773,-0.7047960523623964,0.34745453719978103,-0.2786034377862012,0.5366667965368472,-0.28480168300400915
40.0,13.76,-0.5583058300918636,-0.7011387991123672,-0.3689911391917352,-0.7055845807949616,0.3449744690859331,-0.2778023685366811,0.5336303717901452,-0.2849926725223436
40.0,13.78,-0.5605253151830992,-0.7009123605919066,-0.37176528755857746,-0.7063579529322108,0.34249253919534534,-0.27698918898265823,0.5305792306008037,-0.2851684496406557
40.0,13.8,-0.562746477602532,-0.7006734183399095,-0.3745538021997375,-0.7071159420629171,0.34000881510053904,-0.27616385947372696,0.5275134293565783,-0.2853287823489487
40.0,13.82,-0.5649690006566069,-0.7004221148526794,-0.377356740794425,-0.7078582629964956,0.33752337942590294,-0.2753263228745462,0.5244330278537636,-0.2854734502291864
40.0,13.84,-0.5671929359957117,-0.7001583015142416,-0.3801740398196889,-0.708584702377054,0.3350363096353244,-0.2744765377037655,0.5213380822747999,-0.28560222862225526
40.0,13.86,-0.569418209774962,-0.6998819246654564,-0.38300550522241666,-0.7092951048619123,0.33254768385959077,-0.2736144629843274,0.5182286634536255,-0.2857148985938636
40.0,13.88,-0.571644626782998,-0.6995930323899165,-0.38585118781896127,-0.7099891817302177,0.3300575819573884,-0.27274004943459285,0.515104842959964,-0.2858112159126006
40.0,13.9,-0.5738722362192592,-0.6992914751770769,-0.38871087939305154,-0.710666760948813,0.3275660799625598,-0.2718532543938275,0.5119666814037334,-0.28589097518527967
40.0,13.92,-0.5761009625449468,-0.6989772004656372,-0.39158475895889444,-0.7113274995271677,0.3250732549877234,-0.27095403602688856,0.5088142566242256,-0.28595393125384905
40.0,13.94,-0.578330610369692,-0.6986502602296769,-0.3944724934863871,-0.7119713007204829,0.3225791984612337,-0.270042345269812,0.5056476515942422,-0.28599986324117177
40.0,13.96,-0.5805612244195717,-0.6983105017072101,-0.39737424840679997,-0.7125978020013081,0.3200839860743678,-0.26911813936105433,0.5024669460660058,-0.28602853464722594
40.0,13.98,-0.5827924865076539,-0.697958080141286,-0.40028968490044287,-0.7132069074824445,0.3175877023083815,-0.2681813828758664,0.49927222438145263,-0.2860397210579674
40.0,14.0,-0.585024562742149,-0.6975927426478122,-0.4032188389326216,-0.7137983218980638,0.31509042676548554,-0.2672320268359616,0.4960635683201334,-0.2860331828039826
40.0,14.02,-0.5872573768126051,-0.6972144410322286,-0.40616161488403946,-0.7143718101154375,0.31259225155275816,-0.26627003304225494,0.49284108102779145,-0.28600869044360655
40.0,14.04,-0.589490607274275,-0.6968233316737478,-0.40911792375054445,-0.7149271529756495,0.3100932502565834,-0.2652953665099205,0.48960486409033055,-0.28596601173001734
40.0,14.06,-0.5917242980134247,-0.6964192654632922,-0.41208778461111556,-0.7154640342781716,0.3075935158620942,-0.2643079806334064,0.4863549911165285,-0.2859049188580378
40.0,14.08,-0.5939584921055348,-0.6960020921546975,-0.41507084380875775,-0.7159823608617684,0.3050931304323116,-0.26330783845153427,0.4830915942265295,-0.28582517037738164
40.0,14.1,-0.5961928662209313,-0.6955719709345365,-0.4180672491048291,-0.7164817597234531,0.3025921827255878,-0.26229489955165175,0.47981476241050613,-0.2857265432666688
40.0,14.12,-0.5984274638093285,-0.6951287544133368,-0.4210766456558673,-0.7169621472995,0.3000907545078735,-0.26126913610890934,0.4765246154725814,-0.2856087851671223
40.0,14.14,-0.6006622028075119,-0.6946723949150999,-0.4240991662619085,-0.7174231313279807,0.29758893778444456,-0.26023049240718804,0.47322126909494383,-0.2854716735025058
40.0,14.16,-0.602897004066152,-0.6942028492137279,-0.4271344499465193,-0.7178646297305441,0.29508682706138606,-0.2591789429426937,0.46990483853848974,-0.2853149721124482
40.0,14.18,-0.605131664765665,-0.6937201777518927,-0.430182628801761,-0.7182862558359044,0.29258450117879137,-0.2581144576522248,0.46657544992200717,-0.28513843829392993
40.0,14.2,-0.6073661021918858,-0.6932243361910068,-0.43324345121954005,-0.7186878370563741,0.2900820520178951,-0.25703699067832925,0.46323322545041246,-0.2849418475233089
40.0,14.22,-0.6096003568133215,-0.6927151774580264,-0.4363167976986821,-0.7190691431327453,0.2875795764971144,-0.2559465101198259,0.45987829819415643,-0.2847249576685678
40.0,14.24,-0.6118343453273049,-0.692192657782488,-0.4394024152222968,-0.7194300120756251,0.28507716003390277,-0.254842983134023,0.45651080276430267,-0.2844875369493659
40.0,14.26,-0.6140677417650932,-0.6916569474291115,-0.4425004243513393,-0.7197700522468515,0.28257489575462286,-0.2537263749257275,0.4531308854102474,-0.284229348015641
40.0,14.28,-0.6163007057138769,-0.6911077931944067,-0.4456104351902749,-0.7200891704014422,0.2800728724176512,-0.25259665595348857,0.449738683881913,-0.2839501575964061
40.0,14.3,-0.6185330310966792,-0.6905452599264474,-0.44873256225557495,-0.7203869726030849,0.27757118668862574,-0.2514537951027277,0.44633434817299666,-0.2836497273861985
40.0,14.32,-0.6207646342767555,-0.6899693085736947,-0.45186641943765066,-0.7206633843078211,0.27506993359691306,-0.25029775138041815,0.4429180256528676,-0.2833278267458681
40.0,14.34,-0.6229954297020707,-0.6893798989981624,-0.45501185318702325,-0.720918151669974,0.2725692008679755,-0.24912851258365182,0.4394898813121852,-0.2829842128788119
40.0,14.36,-0.6252252111076564,-0.6887771006967629,-0.4581688429429044,-0.721150957547888,0.2700690937146153,-0.24794603015293235,0.4360500631378606,-0.2826186631893393
40.0,14.38,-0.6274540145434929,-0.6881607685953136,-0.4613372445462246,-0.7213615715404946,0.26756969548276593,-0.24675028828188508,0.4325987423127408,-0.28223094664054654
40.0,14.4,-0.6296817515501882,-0.6875308625222079,-0.4645167741569728,-0.7215498278724791,0.2650711081240206,-0.24554125364623738,0.4291360884031518,-0.2818208190690299
40.0,14.42,-0.6319083367952082,-0.686887346797025,-0.46770739099914377,-0.7217153916164707,0.2625734263745021,-0.24431890397082673,0.42566227982673216,-0.2813880516065008
40.0,14.44,-0.6341335625295564,-0.6862302945750607,-0.47090882060180245,-0.7218581234707548,0.26007675212439885,-0.24308320683811915,0.42217748923018183,-0.280932420885976
40.0,14.46,-0.6363573406409886,-0.6855596700426674,-0.4741208896284658,-0.7219777706763031,0.25758117467354713,-0.24183413559561742,0.4186818987352094,-0.28045368710755914
40.0,14.48,-0.6385795847560262,-0.6848754403002948,-0.477343432193169,-0.7220740974298417,0.2550867986892305,-0.24057166976220135,0.4151756903879832,-0.2799516303830688
40.0,14.5,-0.6408003245287964,-0.6841774580020615,-0.4805761420442569,-0.7221469355614205,0.25259372511771533,-0.23929578586806613,0.41165906586459594,-0.2794260216387928
40.0,14.52,-0.6430192330051009,-0.6834659138616405,-0.4838191097414202,-0.7221958995209149,0.2501020417226479,-0.2380064566934223,0.4081322179532716,-0.2788766248894258
40.0,14.54,-0.6452364589497112,-0.6827405502185646,-0.4870718906665865,-0.7222208981721341,0.24761186198227578,-0.23670366312220975,0.40459534523669377,-0.27830321750848014
40.0,14.56,-0.6474516750202444,-0.6820015604672264,-0.4903343111009862,-0.7222217075433454,0.2451232727159796,-0.23538738599564774,0.4010486430001307,-0.2777055837981012
40.0,14.58,-0.6496649104344099,-0.681248800718502,-0.4936063031773695,-0.7221979931471338,0.24263638638300916,-0.23405759804375034,0.39749234169142894,-0.2770834899067999
40.0,14.6,-0.6518760746863074,-0.6804822398928614,-0.49688755474545254,-0.7221496089085181,0.24015129692465084,-0.23271428763290475,0.39392663623151897,-0.27643671804124736
40.0,14.62,-0.654084958206976,-0.679701961657684,-0.5001778706231015,-0.7220763161035149,0.23766811166121815,-0.23135743189848307,0.39035175686819956,-0.27576505343194313
40.0,14.64,-0.6562915885363874,-0.6789078227254023,-0.503477052139448,-0.7219778767341071,0.23518692974403854,-0.22998700881766498,0.3867679188334564,-0.2750682701351593
40.0,14.66,-0.6584957562962994,-0.6780999095056838,-0.5067847769695987,-0.7218541503401357,0.23270785086854545,-0.22860300534915254,0.3831753545189707,-0.274346153685424
40.0,14.68,-0.6606973697175839,-0.677278194453657,-0.5101009655821565,-0.7217048132296764,0.23023098345002363,-0.22720540940663497,0.3795742958400146,-0.2735984887647223
40.0,14.7,-0.6628963366280952,-0.6764426506329515,-0.5134252770541347,-0.721529711188583,0.22775642756830267,-0.22579420127821143,0.37596497879460367,-0.27282507248972276
40.0,14.72,-0.665092564456668,-0.6755932517214643,-0.5167573847632106,-0.7213287181819849,0.22528429526844515,-0.22436936582847217,0.3723476456187143,-0.2720256759393446
40.0,14.74,-0.6672859617736704,-0.6747299735707317,-0.5200973126522918,-0.7211014059480941,0.22281467687628215,-0.22293089045243403,0.368722537979224,-0.2712001094443588
40.0,14.76,-0.6694764344665403,-0.6738527903225561,-0.523444601362933,-0.7208477412540756,0.2203476934241079,-0.22147877013370834,0.36508990959880405,-0.27034815195941747
40.0,14.78,-0.6716637721185694,-0.6729617955311237,-0.5267991514069079,-0.7205674008751509,0.2178834476812645,-0.22001299018797235,0.36145001489632633,-0.2694696125895232
40.0,14.8,-0.6738479999404073,-0.6720568504648109,-0.5301604823791906,-0.7202603379937492,0.215422018057452,-0.21853351940850663,0.35780311673950327,-0.26856427705783054
40.0,14.82,-0.6760289055515714,-0.6711380491607876,-0.5335284919834477,-0.7199262381529463,0.21296355642624928,-0.2170403786267018,0.3541494801964432,-0.2676319525075116
40.0,14.84,-0.6782065123464811,-0.6702052526333074,-0.5369029486327201,-0.7195648795163585,0.2105081334134017,-0.2155335450212276,0.3504893613945495,-0.2666724488846509
40.0,14.86,-0.6803804930744247,-0.6692586780415977,-0.5402834886262945,-0.7191761317214175,0.20805587623606245,-0.21401301595697794,0.3468230517759512,-0.26568556429383955
40.0,14.88,-0.6825509864697206,-0.6682980681765817,-0.5436698735653125,-0.7187597773997371,0.20560689309112323,-0.21247878544622326,0.34315081771138156,-0.26467110724983445
40.0,14.9,-0.6847177817419795,-0.6673235235147349,-0.5470618603292338,-0.7183155989622094,0.20316127826856387,-0.21093084112123187,0.3394729433414929,-0.26362889998328093
40.0,14.92,-0.6868806660830652,-0.6663351444021943,-0.5504590757472941,-0.7178434747329172,0.20071914385791104,-0.20936918208058172,0.3357897249232946,-0.26255874613829927
40.0,14.94,-0.6890396624567345,-0.6653327959121891,-0.5538612705827739,-0.7173431927755426,0.19828059652072044,-0.20779379524836564,0.3321014350102334,-0.2614604788142958
40.0,14.96,-0.6911945593487067,-0.6643165820149542,-0.5572681915051867,-0.7168145419374158,0.19584574663254206,-0.20620469397345662,0.32840838143371637,-0.26033390262786105
40.0,14.98,-0.6933453771780973,-0.6632863668362354,-0.5606794560607113,-0.7162574097661885,0.1934147111437566,-0.2046018702714512,0.3247108657349677,-0.25917885591680156
40.0,15.0,-0.6954919049727347,-0.6622422572159888,-0.5640948055793731,-0.7156715919404373,0.1909876113117797,-0.20298534336088517,0.3210091878888091,-0.25799516714055803
40.0,15.02,-0.697634045994508,-0.6611842388896548,-0.5675141008299428,-0.7150567844003999,0.1885645217443176,-0.20135507637605404,0.31730366298330054,-0.2567826594415774
40.0,15.04,-0.6997717056254887,-0.6601123005652706,-0.57093670058871,-0.7144130819553571,0.1861455812719827,-0.1997110944272681,0.31359459131669437,-0.2555411819116329
40.0,15.06,-0.7019047873694558,-0.6590264301161132,-0.5743625851018291,-0.7137400880843219,0.1837308912434792,-0.19805340460415863,0.30988230321936816,-0.25427056335542453
40.0,15.08,-0.7040331952641138,-0.6579266168703051,-0.5777912324968232,-0.7130378068167673,0.18132055983313053,-0.1963820009259266,0.3061671158834786,-0.25297065983984784
40.0,15.1,-0.7061567176370964,-0.6568129733444773,-0.5812224914866002,-0.7123059446610381,0.17891468903305474,-0.19469687848714845,0.3024493470773485,-0.2516413109734083
40.0,15.12,-0.7082753746608179,-0.6556853692711924,-0.5846559578735544,-0.7115444110714034,0.17651341981276608,-0.1929980756387512,0.2987293397374313,-0.250282369985578
40.0,15.14,-0.710388953743445,-0.6545439185563563,-0.5880912266751466,-0.7107531224935966,0.17411683011171433,-0.19128556294411594,0.2950074181861787,-0.24889369426941477
40.0,15.16,-0.7124973593333401,-0.6533886152017353,-0.5915280127459214,-0.7099318950846712,0.17172505856471507,-0.1895593781190902,0.29128393096950633,-0.24747514562921696
40.0,15.18,-0.7146004956629289,-0.6522194539137325,-0.5949660283548049,-0.7090805480728053,0.16933818433854725,-0.18781949435552237,0.2875592072673902,-0.24602658908906117
40.0,15.2,-0.7166983787311574,-0.6510363035210461,-0.5984048596122598,-0.7081990082518782,0.1669563634763866,-0.18606597724192858,0.28383359483421045,-0.24454789851466396
40.0,15.22,-0.718790684049485,-0.6498394092216974,-0.6018442121093032,-0.7072871005097189,0.16457966358483234,-0.18429878198404456,0.2801074474536345,-0.243038946604772
40.0,15.24,-0.720877317500343,-0.6486287704626161,-0.6052836677423601,-0.7063447610589888,0.16220822975495927,-0.18251795757470057,0.2763811187171382,-0.24149960847675161
40.0,15.26,-0.722958293637725,-0.6474042574881788,-0.6087230500820899,-0.7053717160634065,0.15984216968418263,-0.18072351871283773,0.2726549624640954,-0.23992977051840542
40.0,15.28,-0.7250334045679145,-0.6461659966343706,-0.6121616892474291,-0.7043681216295977,0.15748156674880223,-0.17891544046823582,0.2689293414190356,-0.23832932937891338
40.0,15.3,-0.7271026657141407,-0.6449138603655568,-0.6155995274977492,-0.7033336056285986,0.15512657798307136,-0.17709379501734585,0.26520462118608346,-0.2366981702786204
40.0,15.32,-0.7291657544308684,-0.6436481022288215,-0.6190361349049657,-0.702268117904292,0.152777280609434,-0.1752585585033403,0.26148116051364795,-0.23503620027989588
40.0,15.34,-0.7312227998204707,-0.6423684703757644,-0.6224709583230662,-0.7011717236592463,0.15043381489666663,-0.17340977993004664,0.2577593375148652,-0.23334332175042857
40.0,15.36,-0.733273481497995,-0.6410752227382196,-0.6259038097672989,-0.7000441679165803,0.14809626145097504,-0.17154744079150555,0.25403952963148335,-0.2316194400902886
40.0,15.38,-0.7353177023819694,-0.6397683626937574,-0.6293342536176038,-0.6988854157851216,0.14576476472423575,-0.16967159717143868,0.25032210637979824,-0.22986448125728026
40.0,15.4,-0.7373554792341055,-0.638447767873245,-0.6327618529331147,-0.6976954384298221,0.1434394305191425,-0.16778226167287438,0.24660744966322323,-0.22807836141955995
40.0,15.42,-0.7393867140340314,-0.6371134420624439,-0.6361864126647341,-0.6964739910445459,0.14112036018405802,-0.16587944839469873,0.2428959423304896,-0.2262610094263742
40.0,15.44,-0.7414110884085552,-0.6357656500671207,-0.6396072480603355,-0.6952212751177546,0.138807674347882,-0.16396318892761788,0.23918797516737197,-0.2244123574132008
40.0,15.46,-0.7434287295278742,-0.6344041419752893,-0.6430242813526845,-0.6939369427653077,0.13650149186816904,-0.1620335197264175,0.23548393545639795,-0.2225323462159088
40.0,15.48,-0.7454393189208071,-0.6330291847531385,-0.6464369482817452,-0.6926210972783895,0.13420191204415122,-0.16009043783484433,0.23178421060066812,-0.22062092070377856
40.0,15.5,-0.7474428715335708,-0.6316406582899965,-0.6498449229134915,-0.6912736205779554,0.13190905712696685,-0.15813399713596957,0.22808920343799136,-0.21867802924129526
40.0,15.52,-0.7494391830000638,-0.6302387048767855,-0.6532477601011771,-0.6898945157289516,0.12962303702020042,-0.15616421498771899,0.22439930975354908,-0.2167036411224172
40.0,15.54,-0.7514282659286212,-0.6288232037371492,-0.6566451311216854,-0.6884836743640637,0.1273439686827204,-0.15418112406021744,0.22071490665556107,-0.21469768154006286
40.0,15.56,-0.7534099154599289,-0.6273942986269622,-0.660036587180102,-0.6870411089321948,0.12507196076362354,-0.1521847589562982,0.21703643150979998,-0.21266017659688602
40.0,15.58,-0.7553840386794873,-0.6259520050322426,-0.6634216781484608,-0.6855668375219961,0.12280714133270865,-0.15017516782904422,0.21336424404126206,-0.2105910440888888
40.0,15.6,-0.7573504293056602,-0.6244964677580198,-0.6668000728118825,-0.6840607683096775,0.1205496008072712,-0.14815234878792802,0.20969880422251666,-0.2084903204342313
40.0,15.62,-0.7593092117441884,-0.6230274390398297,-0.6701714385116021,-0.6825228136124822,0.11829946722686924,-0.14611636814426526,0.2060404805977844,-0.20635796448162744
40.0,15.64,-0.7612600735394659,-0.6215451998680864,-0.673535084651886,-0.6809532425904472,0.11605684301005943,-0.14406724570083282,0.20238968856294487,-0.20419397201707304
40.0,15.66,-0.7632029207367826,-0.620049768298102,-0.6768909155006217,-0.6793517449527637,0.11382184257581622,-0.142005017154627,0.19874685678152207,-0.20199836534676038
40.0,15.68,-0.7651377682268309,-0.6185410303013492,-0.6802383571601938,-0.6777184833017509,0.11159457690456415,-0.13992972514772656,0.19511239166668004,-0.19977114320195238
40.0,15.7,-0.7670643059081969,-0.6170192721686872,-0.6835770743952876,-0.6760533921453614,0.10937517958593433,-0.1378414315475779,0.19148667314554338,-0.19751229671801596
40.0,15.72,-0.768982657290101,-0.6154842481939344,-0.6869066139941177,-0.6743565309584493,0.10716373736447993,-0.1357401503831547,0.18787016816265245,-0.19522188477074126
40.0,15.74,-0.770892511621051,-0.6139362460901784,-0.6902265197756188,-0.672627962764773,0.10496036855786793,-0.13362592629144435,0.18426324875407515,-0.19289990920943134
40.0,15.76,-0.7727938863094629,-0.6123751565982977,-0.6935364569010233,-0.670867640099264,0.10276518934304771,-0.13149881675636296,0.1806663806554833,-0.19054644830242143
40.0,15.78,-0.7746865800849705,-0.6108011367559545,-0.6968358529716762,-0.6690757600214685,0.10057830662632014,-0.12935885852567852,0.17707994034386323,-0.18816150060508632
40.0,15.8,-0.7765705027278227,-0.6092142129487761,-0.7001244883186635,-0.6672521635621,0.09839983108598002,-0.1272060940629178,0.1735043488165811,-0.18574512438582166
40.0,15.82,-0.77844556142288,-0.6076144101912454,-0.7034019082562697,-0.6653969386481723,0.09622988006298594,-0.12504057995486614,0.1699400434029371,-0.18329738945234694
40.0,15.84,-0.780311665225468,-0.6060017556440707,-0.7066675454201706,-0.6635103055799481,0.09406855013480285,-0.12286235096276361,0.16638745375702824,-0.18081837168708836
40.0,15.86,-0.7821687232883332,-0.6043762772053217,-0.7099211769535391,-0.6615921181314869,0.0919159743369224,-0.12067148098158999,0.16284696831655943,-0.17830812200067148
40.0,15.88,-0.7840166442362001,-0.6027380030258105,-0.7131622377363707,-0.6596426102783616,0.08977223400505575,-0.11846798585824647,0.15931902190092592,-0.17576671741570377
40.0,15.9,-0.7858551285172057,-0.6010872374929065,-0.7163903905362649,-0.6576617711300483,0.0876374647834311,-0.11625195730046317,0.15580403578053892,-0.17319425335129576
40.0,15.92,-0.7876842964158227,-0.599423737545449,-0.7196050731303769,-0.6556498492799787,0.08551175790171082,-0.11402341614255287,0.15230243849936273,-0.17059084086530318
40.0,15.94,-0.7895039536805071,-0.597747672169808,-0.7228060640846327,-0.6536067200627268,0.08339522967308727,-0.11178242951973777,0.14881465102536676,-0.16795656673505988
40.0,15.96,-0.7913140114043509,-0.5960590742441298,-0.7259928034782896,-0.6515326449989628,0.08128799603658023,-0.10952906432624152,0.14534107119112138,-0.16529152972086636
40.0,15.98,-0.7931142772814159,-0.5943581159370857,-0.7291649593724023,-0.6494276385330091,0.0791901443619339,-0.10726335293042848,0.14188212763215197,-0.1625958477843257
40.0,16.0,-0.7949047675100025,-0.5926446941260116,-0.7323220869822126,-0.6472918474443923,0.07710179804938279,-0.10498536820921195,0.13843825463441137,-0.1598696661689881
40.0,16.02,-0.7966852910890052,-0.5909189833246615,-0.7354637440743961,-0.6451254259841454,0.07502306335480635,-0.10269517162760425,0.13500984590357062,-0.1571130920562218
40.0,16.04,-0.7984557612397272,-0.5891810206517215,-0.7385894919534196,-0.6429285365883313,0.07295404817025555,-0.10039282992643625,0.13159733789338282,-0.15432627974975321
40.0,16.06,-0.8002160918409086,-0.58743084427946,-0.7416990031690301,-0.6407012166965659,0.07089485048705758,-0.09807838438768808,0.1282011190449609,-0.15150934790653053
40.0,16.08,-0.8019661968861382,-0.5856684930241803,-0.7447918410385482,-0.6384436397287452,0.06884557839093237,-0.09575190765709021,0.12482162987187347,-0.14866248002272475
40.0,16.1,-0.8037058889505327,-0.5838941468892508,-0.747867460882798,-0.6361561170190289,0.0668063390245804,-0.09341346255082061,0.12145926922795817,-0.14578582534536244
40.0,16.12,-0.8054351853644263,-0.5821077067121169,-0.7509256538217391,-0.633838575472957,0.06477724439472644,-0.091063124415556,0.1181144515135195,-0.1428795506491104
40.0,16.14,-0.8071537988732019,-0.5803094956532212,-0.7539658803700552,-0.6314913398288237,0.06275838711501408,-0.08870094947278744,0.11478758745788478,-0.1399438386388256
40.0,16.16,-0.8088618488555885,-0.5784992752716819,-0.7569877141518372,-0.629114610664176,0.060749876183086256,-0.08632700444304216,0.11147906081248728,-0.13697884375068184
40.0,16.18,-0.8105591509336271,-0.5766772301795878,-0.7599908417010071,-0.6267084631685945,0.05875181421514988,-0.08394136389250868,0.10818930241775299,-0.1339847880786746
40.0,16.2,-0.8122456223117209,-0.5748434049050962,-0.7629748425565793,-0.6242731108207062,0.05676430008842199,-0.0815440869582768,0.10491870179309509,-0.13096184885878068
40.0,16.22,-0.8139210810192634,-0.572997987119654,-0.7659393009025937,-0.6218087749932186,0.05478744839238266,-0.0791352637601429,0.10166766667058075,-0.1279102504380736
40.0,16.24,-0.8155854462516725,-0.5711410239300417,-0.7688839093815174,-0.6193155471254929,0.052821344959695274,-0.07671494967017081,0.09843657477030911,-0.12483017138282733
40.0,16.26,-0.817238637878725,-0.5692725633791967,-0.7718080416847476,-0.6167939292584754,0.050866094669626404,-0.0742832182642179,0.09522583909276348,-0.12172186375420921
40.0,16.28,-0.8188805761715502,-0.5673926542448968,-0.7747115069291253,-0.6142438928339871,0.04892180232342486,-0.0718401504646813,0.0920358284957562,-0.1185855165713645
40.0,16.3,-0.8205111818095605,-0.5655013460375472,-0.7775939018519044,-0.6116656840091584,0.046988567459683585,-0.06938582458548344,0.08886695152480013,-0.115421398132069
40.0,16.32,-0.82213037607666,-0.5635986891276697,-0.7804547200811138,-0.6090596911762083,0.04506648760733223,-0.06692031355100135,0.08571958104913129,-0.11222972913183654
40.0,16.34,-0.8237379826478202,-0.5616848783814056,-0.7832936728751076,-0.6064260378910927,0.04315566008539549,-0.06444369813017702,0.08259410458097771,-0.10901076490714075
40.0,16.36,-0.8253339247638769,-0.559759966519367,-0.7861103689674108,-0.6037649898111085,0.041256175053308766,-0.0619560409759825,0.07949088831430531,-0.10576474811408325
40.0,16.38,-0.8269181263056552,-0.55782400709868,-0.7889044213539451,-0.6010768189952673,0.0393681414975223,-0.05945744195035149,0.07641030622372735,-0.1024919388946491
40.0,16.4,-0.8284904145928336,-0.5558771989788491,-0.7916755517511179,-0.5983616655968602,0.037491652660149595,-0.0569479811127139,0.07335273552339452,-0.09919261361873598
40.0,16.42,-0.8300509088077285,-0.5539193081957997,-0.7944232769986842,-0.595619951770126,0.03562679606513496,-0.05442772377167316,0.07031854186445301,-0.09586704870137862
40.0,16.44,-0.8315993408191473,-0.5519506800650766,-0.7971472240151127,-0.5928519687297018,0.033773673161396144,-0.05189676754006813,0.06730807149714856,-0.09251550554354913
40.0,16.46,-0.8331356375123492,-0.5499713718061139,-0.79984712751818,-0.5900578742790242,0.031932374512086185,-0.04935519094703355,0.06432169281830905,-0.0891382873222186
40.0,16.48,-0.8346597266528851,-0.5479814415686601,-0.8025225203833496,-0.5872381107341517,0.03010299534967298,-0.04680308408585904,0.061359750877581797,-0.08573567698691571
40.0,16.5,-0.8361715363188627,-0.545980948047727,-0.805173146476035,-0.584392847259683,0.028285626629070332,-0.044240529650746596,0.058422594184336984,-0.08230797401193693
40.0,16.52,-0.8376709005434788,-0.5439700970594176,-0.8077987531769046,-0.5815222574046399,0.026480358880276618,-0.041667613252990905,0.05551056577743477,-0.07885549100287519
40.0,16.54,-0.8391579389378823,-0.5419486566632555,-0.8103987879229716,-0.5786269429808371,0.024687280831307935,-0.039084423798305866,0.0526240045956278,-0.0753785398407851
40.0,16.56,-0.8406322977129651,-0.539917127140356,-0.8129730092585099,-0.5757070897534113,0.02290648824279889,-0.03649105673559306,0.04976324155517302,-0.07187743265357228
40.0,16.58,-0.8420940035780367,-0.5378754247333345,-0.8155210794566867,-0.5727630299278342,0.021138064387615115,-0.033887596960062175,0.04692860067227864,-0.06835249607958888
40.0,16.6,-0.8435430824182854,-0.5358234653273592,-0.8180427656928598,-0.5697949584880267,0.019382098210661305,-0.03127413601456526,0.044120404319673935,-0.06480405874575933
40.0,16.62,-0.844979279845472,-0.5337616069225286,-0.8205376410382816,-0.5668033607571996,0.01763867618320383,-0.02865076518709665,0.041338963764758735,-0.061232447898096926
40.0,16.64,-0.8464026234052552,-0.531689767032959,-0.8230053852656228,-0.5637885859248285,0.015907886698865913,-0.02601758299916472,0.03858459612185404,-0.057638015219539464
40.0,16.66,-0.8478129549885438,-0.5296081587943756,-0.8254457815814767,-0.5607508442483815,0.014189812375914573,-0.023374678600079066,0.03585760738972214,-0.054021109963535874
40.0,16.68,-0.8492102106683695,-0.5275168487687557,-0.8278584228019515,-0.5576906388341892,0.012484537764489866,-0.020722148637992592,0.03315828693326639,-0.05038207003303024
40.0,16.7,-0.8505943272264559,-0.5254159041892573,-0.8302431035999082,-0.55460818986486,0.01079214684549277,-0.01806009020481158,0.030486932264382847,-0.04672125817339866
40.0,16.72,-0.851965242110671,-0.5233053929242351,-0.8325995265459301,-0.5515038663453257,0.009112722651470841,-0.01538860147844368,0.027843833145355944,-0.043039044552012705
40.0,16.74,-0.8533228025065092,-0.5211855324228397,-0.8349273047927598,-0.5483781880132725,0.007446344136895711,-0.01270777696125728,0.025229261932936512,-0.039335780697528425
40.0,16.76,-0.8546670389786448,-0.519056243379686,-0.8372263457737323,-0.5452312428882417,0.005793094528007175,-0.010017719735332367,0.02264349809518218,-0.035611849720189964
40.0,16.78,-0.8559978008693778,-0.5169177449731887,-0.8394962751739081,-0.5420635601460588,0.004153050505939805,-0.007318525749154322,0.020086809097770945,-0.03186762621867632
40.0,16.8,-0.8573150295798845,-0.5147701082992664,-0.8417367275485592,-0.5388756753114046,0.002526291879717427,-0.004610298193344554,0.017559451153736742,-0.02810348554802078
40.0,16.82,-0.8586186672420024,-0.5126134050612757,-0.8439476268863636,-0.5356676881832488,0.0009128954140783311,-0.001893137558636882,0.015061682458553417,-0.024319817819863875
40.0,16.84,-0.8599085676303136,-0.510447857644054,-0.8461286206932487,-0.5324401430146078,-0.0006870623610631089,0.0008328532381198477,0.012593750343356204,-0.02051701340504092
40.0,16.86,-0.8611847641986101,-0.5082733893073106,-0.8482794579673592,-0.5291934419322202,-0.002273506282358612,0.003567571438336255,0.010155893399545556,-0.016695461435948054
40.0,16.88,-0.8624471129722583,-0.5060902240534296,-0.8503999864531597,-0.5259278429117479,-0.0038463622765170444,0.006310912033561574,0.00774834668408682,-0.012855563555226643
40.0,16.9,-0.8636955602037992,-0.5038984365939354,-0.8524898761660692,-0.522643904180242,-0.005405557514114774,0.009062770772871794,0.0053713373253640164,-0.008997719991059463
40.0,16.92,-0.8649300529105453,-0.5016981022004009,-0.854548987783531,-0.5193418911674524,-0.006951019166123376,0.01182304236012988,0.003025084558264277,-0.005122336248236087
40.0,16.94,-0.8661505388815232,-0.4994892966989292,-0.856575612381505,-0.5160215308233266,-0.008482678145023076,0.01459161889442848,0.0007098009428070255,-0.0012298204124957498
40.0,16.96,-0.867356879887045,-0.4972722478429014,-0.858573806706228,-0.5126856154284298,-0.010000461908719315,0.01736839737836763,-0.0015743077082971924,0.002679415257380968
40.0,16.98,-0.868549026432649,-0.49504703316764886,-0.8605391777314623,-0.5093320499689015,-0.011504301292515604,0.020153263214041782,-0.0038270445475243023,0.006604955079988608
40.0,17.0,-0.8697269298120247,-0.49281373072411827,-0.8624729169180714,-0.5059621028067895,-0.01299413492144211,0.02294611031118324,-0.006048215696942202,0.010546382706610546
40.0,17.02,-0.8708906277457658,-0.4905722670803407,-0.8643748287736225,-0.5025762057572953,-0.014469888488818403,0.025746834471271088,-0.008237640685444952,0.014503274626324164
40.0,17.04,-0.8720399014893149,-0.48832302509890096,-0.8662447251861312,-0.49917479390848246,-0.01593150229509309,0.02855531593762786,-0.010395142540854394,0.018475207273146377
40.0,17.06,-0.8731747059255072,-0.48606608494883435,-0.8680824254737113,-0.4957583054917397,-0.01737890847885702,0.03137145035770258,-0.01252055369654965,0.02246175351867931
40.0,17.08,-0.8742950811941002,-0.4838013746803395,-0.8698877564392734,-0.49232718175574913,-0.01881204476037952,0.03419512923013399,-0.014613711307334538,0.026462484869264908
40.0,17.1,-0.8754008985648563,-0.4815291276003731,-0.8716606376963244,-0.48888171467667896,-0.02023085311135171,0.037026229884907544,-0.01667446398382423,0.03047697311480814
40.0,17.12,-0.8764921153720439,-0.4792494252820754,-0.8734009092575933,-0.4854223501886382,-0.02163526882605617,0.039864644896557305,-0.018702659886535952,0.03450478705198005
40.0,17.14,-0.8775686065646454,-0.47696250293266695,-0.8751083345812195,-0.4819496895990987,-0.023025232502150408,0.04271026625131639,-0.020698169713219,0.038545479418266436
40.0,17.16,-0.878630497911451,-0.4746681368142228,-0.876782854112214,-0.4784640318024397,-0.024400681304771413,0.04556297262924427,-0.02266085316023706,0.04259863218994402
40.0,17.18,-0.8796775008885825,-0.4723668699721674,-0.8784242478156999,-0.47496598357451736,-0.025761575806922052,0.04842264381280523,-0.0245905987151396,0.04666378901502551
40.0,17.2,-0.8807097425208236,-0.47005847932104045,-0.8800325522706718,-0.47145569407871474,-0.0271078402958793,0.051289178120710266,-0.026487284829889914,0.0507405194270197
40.0,17.22,-0.8817271027627852,-0.4677432025331745,-0.8816075621360382,-0.46793377412515497,-0.028439422291876845,0.05416245605867114,-0.028350801008501403,0.05482837503466492
40.0,17.24,-0.8827294639478598,-0.4654212783478386,-0.8831491629815201,-0.46440068330204093,-0.029756286175670478,0.05704235304753514,-0.03018104447587129,0.05892693276374774
40.0,17.26,-0.8837168724526581,-0.4630926380633797,-0.8846572480038234,-0.46085688298089345,-0.031058361553598875,0.059928763511240234,-0.03197794095972574,0.06303572781252045
40.0,17.28,-0.8846892935872176,-0.4607573671357503,-0.8861317981663229,-0.45730268168266996,-0.0323455991327826,0.0628215537957563,-0.033741383108246155,0.06715432894063059
40.0,17.3,-0.8856466135288634,-0.4584157059782211,-0.8875727200078343,-0.45373854313698775,-0.033617959779655,0.06572062320392026,-0.035471312392636144,0.07128228918216684
40.0,17.32,-0.8865887208711155,-0.45606789598430253,-0.8889798493690382,-0.4501650877551512,-0.034875373822240416,0.06862584846569365,-0.03716766311618413,0.07541916326417719
40.0,17.34,-0.8875157444053067,-0.4537137148970443,-0.8903532659980288,-0.44658247195352724,-0.036117829547106614,0.07153710284523046,-0.03883034416219016,0.07956451423796218
40.0,17.36,-0.8884275738900735,-0.4513534045373661,-0.8916927431610921,-0.4429914739669409,-0.03734525201534632,0.07445427629946134,-0.0404593389906522,0.08371787699226034
40.0,17.38,-0.8893241019296483,-0.44898720786157514,-0.8929983731773187,-0.4393922512755208,-0.038557593848325626,0.07737724515437391,-0.04205457302012915,0.08787883039622031
40.0,17.4,-0.8902053014250326,-0.44661521329536447,-0.894270023164639,-0.43578542883099763,-0.03975483220411182,0.08030588261604191,-0.04361602507099437,0.09204690474241686
40.0,17.42,-0.8910711462841922,-0.44423750962075415,-0.8955077207941776,-0.43217132040071243,-0.04093692563934692,0.08324006886741235,-0.045143650843808975,0.09622168696438926
40.0,17.44,-0.8919216110140405,-0.44185418576306856,-0.8967114242085917,-0.42855039609856344,-0.042103813407197606,0.08617969583686946,-0.04663744629942127,0.10040271128480736
40.0,17.46,-0.8927566713378061,-0.43946533109043695,-0.8978810991286986,-0.42492312652333036,-0.04325545199266557,0.08912463003109726,-0.04809736601046943,0.10458954109429348
40.0,17.48,-0.8935763037870088,-0.4370710352001642,-0.8990167186391606,-0.42128998253209454,-0.044391840387829916,0.09207475182534522,-0.04952345435978479,0.10878173300605384
40.0,17.5,-0.8943804097354546,-0.4346715439606534,-0.9001183361747865,-0.4176512780630699,-0.04551289855692303,0.09502994534638118,-0.05091565640270063,0.11297885496587007
40.0,17.52,-0.8951689685943649,-0.4322669478206806,-0.9011858656575478,-0.4140076409849022,-0.046618616746471706,0.09799008428260224,-0.052273978523465825,0.117180452293009
40.0,17.54,-0.8959419609021546,-0.4298573375697338,-0.9022193742218988,-0.41035938491656015,-0.047708959676345614,0.10095503211503214,-0.05359849597758213,0.12138609382596964
40.0,17.56,-0.896699367810617,-0.4274428040808303,-0.9032188624626281,-0.40670698003506206,-0.0487838869034547,0.10392469134249455,-0.05488917236886455,0.12559536030453824
40.0,17.58,-0.8974411716016065,-0.42502343855097396,-0.904184338878438,-0.4030508964686806,-0.04984335995907876,0.10689892886149825,-0.056146033904395695,0.12980779624370334
40.0,17.6,-0.8981672814146381,-0.4225994890064907,-0.9051158885171448,-0.3993914457299724,-0.05088735779653386,0.10987760182197538,-0.05736917389307064,0.13402295563688013
40.0,17.62,-0.8988777557810735,-0.4201708904610136,-0.9060135320337726,-0.3957290962602509,-0.05191587709255146,0.11286060355684711,-0.0585585783373137,0.13824044273611844
40.0,17.64,-0.8995724338419153,-0.41773804869079617,-0.9068772970758965,-0.39206431575182127,-0.052928832457823524,0.11584780689401519,-0.059714316903833185,0.14245978924442146
40.0,17.66,-0.9002514486932027,-0.41530074197402084,-0.9077072197162882,-0.3883975716585783,-0.05392623894178109,0.1188390987295274,-0.060836443117287774,0.14668060650597306
40.0,17.68,-0.9009146428327015,-0.4128593768207825,-0.9085034080183533,-0.38472917098217607,-0.05490805227478142,0.1218343411977964,-0.061925022011071876,0.15090245115636128
40.0,17.7,-0.9015620778904284,-0.41041388871785994,-0.9092658428265366,-0.38105973711741414,-0.05587428211109878,0.12483340286674455,-0.06298013468830344,0.1551249017063938
40.0,17.72,-0.9021937436250433,-0.40796437035688815,-0.9099947129504719,-0.37738941670342896,-0.05682484722628589,0.1278361810762581,-0.06400186888258427,0.15934753637434848
40.0,17.74,-0.9028094888678495,-0.4055112295726813,-0.9106900110179299,-0.3737188299957466,-0.05775978044839088,0.13084253656154402,-0.06499026211683263,0.163569956536283
40.0,17.76,-0.9034094484077304,-0.40305424456993366,-0.9113518045246748,-0.37004843768421003,-0.058679039821992164,0.13385233736753965,-0.06594543625038853,0.16779171953117694
40.0,17.78,-0.9039934746651223,-0.4005938238463124,-0.9119802975874067,-0.3663783814089105,-0.05958262187691929,0.13686547769996202,-0.06686750907607106,0.1720124354240251
40.0,17.8,-0.9045617019656886,-0.3981297451274744,-0.9125755027247588,-0.3627092768573969,-0.06047047464172657,0.1398818051617816,-0.06775655267336614,0.17623167155432665
40.0,17.82,-0.9051139187256038,-0.39566257613277545,-0.9131375679343462,-0.35904142010090734,-0.06134260002684214,0.14290122653146686,-0.06861266890490501,0.1804490637872303
40.0,17.84,-0.9056503274692358,-0.39319193576878425,-0.9136665852246446,-0.3553752652920507,-0.06219900972105114,0.1459235998148421,-0.0694360029479698,0.1846641607246871
40.0,17.86,-0.9061707208666403,-0.3907183923920153,-0.9141626509467364,-0.3517112638392424,-0.06303965767557193,0.14894878368010903,-0.07022663762770703,0.18887661939483574
40.0,17.88,-0.906675166459029,-0.3882418815270752,-0.9146259285887395,-0.3480497055165021,-0.06386454560132374,0.15197667900522166,-0.07098477690000363,0.19308601223239802
40.0,17.9,-0.9071637328768929,-0.38576233919701475,-0.9150564662603164,-0.3443911975065172,-0.06467366567102503,0.1550071625256086,-0.07171045705417156,0.19729195276245132
40.0,17.92,-0.9076362849744057,-0.38328017538914294,-0.9154545577349439,-0.34073570558603283,-0.0654669956002084,0.1580400740921053,-0.07240391295319644,0.20149406291698319
40.0,17.94,-0.9080928268118295,-0.38079548459431484,-0.9158202012017738,-0.3370839916715049,-0.06624453961724293,0.16107531496292202,-0.07306518049034984,0.2056919415730592
40.0,17.96,-0.9085334271159623,-0.37830820177478675,-0.9161535817637235,-0.3334363365389683,-0.06700626694292361,0.16411278122392692,-0.07369451257304784,0.20988522747705793
40.0,17.98,-0.9089580255550306,-0.37581858010942387,-0.9164548294779783,-0.3297931778538553,-0.06775221427954752,0.1671522880240898,-0.0742920424682266,0.21407354487610564
40.0,18.0,-0.9093666273280971,-0.37332671339389417,-0.916724192194831,-0.3261546300184742,-0.06848233695895405,0.170193776665846,-0.07485790635979443,0.2182565190124999
40.0,18.02,-0.9097592383581993,-0.37083269533006963,-0.9169617540322694,-0.322521286135296,-0.06919667542315572,0.17323706128073244,-0.07539228560062942,0.22243377315398424
40.0,18.04,-0.9101358663383814,-0.3683366199445693,-0.917167714673834,-0.3188934151655522,-0.06989517172094399,0.1762820521422032,-0.075895335307864,0.22660496743559358
40.0,18.06,-0.9104964568810358,-0.36583874048049414,-0.9173422231725669,-0.31527144369806565,-0.07057789162715852,0.17932861654698096,-0.07636723951316525,0.23076970837111796
40.0,18.08,-0.9108410838457981,-0.3633389919263806,-0.9174854343900646,-0.31165579553018175,-0.07124477026186092,0.1823766495688197,-0.07680817251391757,0.23492769432802818
40.0,18.1,-0.9111696300823012,-0.36083778556920515,-0.9175976175143487,-0.308046571634217,-0.07189586614120227,0.18542599014003874,-0.0772183729759897,0.2390785334569749
40.0,18.12,-0.9114822349125912,-0.3583348975016493,-0.9176788787442828,-0.3044443489836796,-0.07253115621286482,0.18847654523333596,-0.0775980130693707,0.2432218926358146
40.0,18.14,-0.9117788475176674,-0.35583058021572833,-0.9177294405916977,-0.3008493823473181,-0.073150626626641,0.19152815012939176,-0.07794722252373783,0.24735744891436032
40.0,18.16,-0.912059482255589,-0.3533249274782178,-0.917749527547801,-0.2972619230428314,-0.07375434067644543,0.19458073782627683,-0.07826626665008474,0.25148485437329626
40.0,18.18,-0.9123240929662332,-0.35081819210933185,-0.917739314767701,-0.2936823791062276,-0.07434224401377483,0.19763413188912776,-0.07855532243217006,0.255603766943463
40.0,18.2,-0.9125726956897042,-0.3483104672453898,-0.9176989807064969,-0.2901111547484722,-0.07491435573382418,0.20068824772614802,-0.0788146319127669,0.25971388940258366
40.0,18.22,-0.9128053696273484,-0.34580168731140754,-0.9176287623416894,-0.2865484918122726,-0.07547075466025745,0.20374294274878293,-0.07904437525526742,0.263814872261201
40.0,18.24,-0.9130220699483409,-0.34329210387895254,-0.9175288973231985,-0.2829946282320705,-0.07601136635737336,0.2067980890019723,-0.07924480384778393,0.2679064279772623
40.0,18.26,-0.9132228179557222,-0.3407818106665178,-0.9173995253126348,-0.279450117963692,-0.07653620578585207,0.2098535854584997,-0.07941610150982296,0.27198820108233557
40.0,18.28,-0.9134075734580275,-0.33827105940069035,-0.9172409422703292,-0.2759150325270129,-0.07704536446216532,0.21290930894657048,-0.07955853929740302,0.2760599503400112
40.0,18.3,-0.9135764766179143,-0.3357596241378348,-0.9170533449783811,-0.2723897590650435,-0.07753879951841944,0.21596510368942778,-0.07967225760606182,0.2801213359743776
40.0,18.32,-0.9137294321328803,-0.33324791636560913,-0.9168369842536511,-0.26887452188147704,-0.07801653067607019,0.21902087144183574,-0.07975756947737972,0.28417206409687706
40.0,18.34,-0.9138664611887908,-0.3307360273907834,-0.9165920628465778,-0.2653697006636706,-0.07847861569102718,0.2220764968697505,-0.07981473189780303,0.2882118106066423
40.0,18.36,-0.9139875909170315,-0.328224050175557,-0.9163187904725159,-0.2618756721890113,-0.07892501603212078,0.22513183384192031,-0.0798438755738531,0.2922403754847013
40.0,18.38,-0.9140929028228633,-0.3257119167210774,-0.9160174707628416,-0.2583924895766096,-0.07935576444558168,0.22818681592349974,-0.07984531831070724,0.2962574498072824
40.0,18.4,-0.9141823081090871,-0.3232000373638039,-0.9156883182141253,-0.25492052238304574,-0.07977090345781723,0.23124127378318446,-0.07981932496842484,0.3002627115871484
40.0,18.42,-0.9142558911251956,-0.3206883439535864,-0.9153315488028062,-0.2514601356349666,-0.08017045084831172,0.23429508951337727,-0.07976606810960589,0.30425590371318206
40.0,18.44,-0.9143136806590519,-0.31817692793923835,-0.9149474706979549,-0.24801137159328104,-0.08055442880041272,0.23734815618064697,-0.07968584708304398,0.30823682283090564
40.0,18.46,-0.9143557040612115,-0.315665879738077,-0.9145362626436964,-0.24457474791216713,-0.08092286333879942,0.24040037661120628,-0.07957887907900933,0.3122051612454803
40.0,18.48,-0.9143818810869547,-0.31315560902118084,-0.9140981933323077,-0.24115045884731987,-0.08127579819773054,0.24345156387809003,-0.0794454556063343,0.3161606678639727
40.0,18.5,-0.9143923535805664,-0.31064588716303954,-0.9136335323635726,-0.23773869490201227,-0.08161319004450307,0.2465016901045628,-0.07928587172646374,0.32010309322706976
40.0,18.52,-0.9143870970925027,-0.3081369632562391,-0.913142552291387,-0.23433964337795876,-0.081935139618161,0.2495505918488847,-0.0791003102861758,0.3240322064106978
40.0,18.54,-0.9143661450243772,-0.30562892719522067,-0.9126254840505916,-0.23095364656792675,-0.08224166520092846,0.2525981357679812,-0.07888907055069568,0.3279477660625261
40.0,18.56,-0.9143295314252251,-0.3031218685300734,-0.9120826013919917,-0.22758088348093078,-0.0825327604608965,0.25564426230502263,-0.07865233807344363,0.33184955458844345
40.0,18.58,-0.9142772888820154,-0.30061587576986076,-0.9115141808379167,-0.22422152991257346,-0.08280852460048166,0.25868878135711243,-0.0783905324320771,0.33573730797189905
40.0,18.6,-0.9142093486657672,-0.29811135689915486,-0.9109204203262274,-0.22087607537506368,-0.0830689070308107,0.26173164722176684,-0.07810378756146691,0.33961084106420847
40.0,18.62,-0.9141259041441168,-0.29560792170296923,-0.9103016780304073,-0.21754437005769875,-0.08331396271172566,0.26477267868465065,-0.07779247194346145,0.34346991418907213
40.0,18.64,-0.9140268360798147,-0.29310613660838125,-0.9096581552653047,-0.21422689558780383,-0.08354378639336993,0.26781181128093456,-0.07745677809645768,0.3473143303331931
40.0,18.66,-0.9139122857538025,-0.29060577025969436,-0.908990169903322,-0.21092365328969115,-0.08375836034842243,0.2708489450387553,-0.07709702107207288,0.3511438768190918
40.0,18.68,-0.9137822407237998,-0.28810706953507736,-0.9082979312694425,-0.2076351173168713,-0.08395774930691527,0.27388391283706875,-0.07671339590669785,0.3549583737300242
40.0,18.7,-0.9136367397042046,-0.28561012104791655,-0.9075817920829435,-0.204361122567984,-0.08414198936137941,0.2769166165628733,-0.07630628179721949,0.3587575964814407
40.0,18.72,-0.9134757747111671,-0.28311517111160023,-0.9068419645558052,-0.20110213532334817,-0.0843110657820977,0.2799469648555172,-0.07587593962619131,0.36254136163339495
40.0,18.74,-0.9132994349076561,-0.28062214573500543,-0.9060787326387438,-0.19785830039762617,-0.0844650679314272,0.2829748601192861,-0.07542263097666776,0.3663094901398298
40.0,18.76,-0.9131077629291284,-0.27813113099268183,-0.9052923804379607,-0.19462975894385073,-0.08460406526114438,0.2860001292626957,-0.07494661686549163,0.37006180136099637
40.0,18.78,-0.9129007538980284,-0.2756423718719942,-0.9044831587573143,-0.19141680633700475,-0.08472801405090155,0.28902276276096817,-0.07444816168713447,0.37379813262973716
40.0,18.8,-0.9126784487350932,-0.27315595223246436,-0.9036513863913825,-0.1882194183194066,-0.08483702815246982,0.292042547792388,-0.07392752680150494,0.3775183079422058
40.0,18.82,-0.9124408952516476,-0.27067195740704786,-0.9027973486508606,-0.18503772539156513,-0.08493115824910612,0.29505942009046743,-0.07338511099191704,0.38122214944854815
40.0,18.84,-0.9121881376344926,-0.2681904710249628,-0.9019212652425954,-0.18187216887816085,-0.08501038964081922,0.29807328313842,-0.07282104665220007,0.3849095187651599
40.0,18.86,-0.9119202670215222,-0.2657114171287326,-0.9010234537696693,-0.1787227135412582,-0.08507481655430285,0.3010840297406475,-0.07223573594423796,0.3885802477470041
40.0,18.88,-0.9116372387117829,-0.26323519776954507,-0.9001042009142795,-0.17558947873141584,-0.08512453125422025,0.30409153680992757,-0.07162944666793306,0.3922341834292828
40.0,18.9,-0.9113390988488826,-0.26076189481192785,-0.8991637900562204,-0.17247257966678242,-0.08515946008191992,0.3070956978313293,-0.0710023796920818,0.39587119997664333
40.0,18.92,-0.9110259884918541,-0.25829127286010717,-0.8982024483270209,-0.16937244221398312,-0.08517970660240305,0.31009642806695664,-0.07035484349151248,0.3994911470671559
40.0,18.94,-0.9106978194089878,-0.25582389033605546,-0.8972205188378151,-0.1662888602392132,-0.08518536496149905,0.31309359993911157,-0.06968715831308438,0.40309389530984807
40.0,18.96,-0.9103547312299353,-0.25335951037196386,-0.8962182281850761,-0.163222251617097,-0.08517642602882655,0.31608713188196325,-0.06899958664184143,0.4066793140619918
40.0,18.98,-0.9099967314107926,-0.2508983731606245,-0.8951958917582575,-0.1601725608514518,-0.08515298691811539,0.3190768996469384,-0.0682924125018213,0.410247274960353
40.0,19.0,-0.9096239121923063,-0.24844039948696695,-0.8941537918710818,-0.15713988525727537,-0.08511504002674526,0.32206282790942165,-0.0675659148265858,0.4137976653970791
40.0,19.02,-0.9092362400246571,-0.24598598715606443,-0.8930921845126245,-0.1541244748585385,-0.08506274249997038,0.32504478260677744,-0.06682037833834749,0.4173303663570411
40.0,19.04,-0.9088338086345658,-0.2435350559341426,-0.892011353643564,-0.15112641991064032,-0.0849960290136913,0.32802269635297676,-0.06605608133368364,0.42084526795763927
40.0,19.06,-0.9084166737114233,-0.2410876853351145,-0.8909116074994536,-0.1481456516846756,-0.08491506143553032,0.3309964418095815,-0.06527330255854279,0.42434226748430565
40.0,19.08,-0.9079848862263236,-0.23864395297526766,-0.8897931756402271,-0.14518256484943146,-0.08481983203135642,0.3339659388813778,-0.0644723351916461,0.42782126144998484
40.0,19.1,-0.9075384595724226,-0.23620409521153246,-0.8886563666276508,-0.14223708412137856,-0.08471038882666122,0.336931087190107,-0.06365344287135699,0.4312821564018608
40.0,19.12,-0.9070774899012208,-0.2337680306729404,-0.8875014832254527,-0.13930913129018918,-0.08458684197995942,0.3398917810724096,-0.0628169182867424,0.43472485409091005
40.0,19.14,-0.9066019924526448,-0.23133599453665016,-0.8863287312707298,-0.13639924473278037,-0.0844491828238766,0.3428479380689865,-0.06196302594256828,0.43814927962507877
40.0,19.16,-0.9061120225177824,-0.2289080624516001,-0.8851384627719953,-0.1335070304439076,-0.08429758328468799,0.3457994363195191,-0.06109205739704683,0.4415553368741688
40.0,19.18,-0.9056076774871851,-0.22648415202172284,-0.883930904838703,-0.13063286455494308,-0.08413197644471365,0.34874621350519913,-0.060204283702752014,0.44494295555274116
40.0,19.2,-0.9050889351753536,-0.22406465432550343,-0.8827063374863325,-0.12777681107164673,-0.0839524758198097,0.3516881632917758,-0.05929997425436878,0.4483120620843587
40.0,19.22,-0.9045559319859515,-0.22164932768855922,-0.881465037835575,-0.12493893061236332,-0.0837591963207688,0.3546251751458218,-0.05837941317387246,0.45166258179121294
40.0,19.24,-0.9040086483608469,-0.21923856177585674,-0.8802072862065126,-0.12211912473799232,-0.0835520717562781,0.357557198102727,-0.05744287663980586,0.4549944465272652
40.0,19.26,-0.9034471821002931,-0.21683227191008295,-0.8789333589703658,-0.1193176054077224,-0.08333134172053205,0.36048408676219446,-0.05649062576215747,0.458307605555598
40.0,19.28,-0.9028715933925212,-0.21443053109689938,-0.8776435031925359,-0.11653442053478766,-0.08309687717466484,0.3634058065548734,-0.0555229428585106,0.46160199375925337
40.0,19.3,-0.9022819407950354,-0.2120334113086614,-0.8763380253313106,-0.11376946771872469,-0.08284892362889809,0.3663222216231807,-0.05454009431488508,0.46487755690822796
40.0,19.32,-0.9016782487989218,-0.20964114184773144,-0.8750171505586669,-0.11102309799986643,-0.08258741130714412,0.3692332707475839,-0.053542346197034484,0.46813424922556485
40.0,19.34,-0.9010605780953934,-0.20725379329380353,-0.873681163579741,-0.10829520031384918,-0.08231246385750642,0.3721388595941681,-0.052529971121113135,0.47137202121780863
40.0,19.36,-0.9004290265995576,-0.20487127876370312,-0.8723303461626272,-0.10558566175762239,-0.08202414024783691,0.37503890148416663,-0.05150323372640528,0.47459083718212947
40.0,19.38,-0.899783620304959,-0.202493825351345,-0.8709649332952234,-0.10289482486703276,-0.08172250097098967,0.3779333153424534,-0.050462405140208444,0.4777906566391408
40.0,19.4,-0.8991244581735739,-0.20012134552247257,-0.8695851950261173,-0.10022256981780944,-0.0814076042060807,0.3808220080569384,-0.04940773864036549,0.48097144177989615
40.0,19.42,-0.8984515312751278,-0.19775422138571364,-0.8681914014510282,-0.09756892896889563,-0.08107958024246095,0.3837048948981061,-0.04833950396267027,0.48413316447243604
40.0,19.44,-0.8977649398015966,-0.19539236417044928,-0.8667838114904555,-0.09493393082313187,-0.08073848959299071,0.38658188404899846,-0.04725795258218928,0.48727579830930456
40.0,19.46,-0.8970647806245002,-0.19303568456051107,-0.8653626829080729,-0.09231760127417322,-0.0803842608717576,0.38945292959890543,-0.04616335189965395,0.49039932026010213
40.0,19.48,-0.8963510515921562,-0.19068456294977137,-0.863928262340319,-0.08971996260495449,-0.08001715943453402,0.39231790642722836,-0.04505595934100673,0.49350370713971736
40.0,19.5,-0.895623849738664,-0.18833890855385577,-0.8624808151452935,-0.0871410366773648,-0.0796371138156617,0.395176768399599,-0.04393602358692692,0.4965889520864093
40.0,19.52,-0.8948832079818998,-0.18599894334462586,-0.8610205954746613,-0.08458084174556982,-0.07924432381556974,0.39802939938115606,-0.042803799080870876,0.49965503416137363
40.0,19.54,-0.8941292574121261,-0.18366442003122713,-0.8595478364387983,-0.08203939169154807,-0.07883871892048878,0.4008757654510637,-0.04165954834732151,0.5027019406685697
40.0,19.56,-0.8933619986077829,-0.18133571528286382,-0.8580628095289865,-0.07951670184000326,-0.07842050104140369,0.4037157489159809,-0.04050351565350286,0.5057296691559681
40.0,19.58,-0.8925814982522623,-0.17901289255951577,-0.8565657453617892,-0.07701278131603918,-0.07798959675771386,0.4065493088854944,-0.03933594366855826,0.5087382197608524
40.0,19.6,-0.891787855251432,-0.17669585929935805,-0.8550568930684713,-0.07452763880161543,-0.07754621350651605,0.40937634374585236,-0.03815708191369215,0.5117275882533315
40.0,19.62,-0.8909811053472765,-0.1743848337232528,-0.853536500449321,-0.07206128061974715,-0.07709041867686056,0.4121967777328378,-0.03696717934822565,0.5146977839938538
40.0,19.64,-0.8901613162758973,-0.1720798775495296,-0.8520048041452177,-0.06961370996480051,-0.07662220795996526,0.4150105512762002,-0.03576647310693034,0.5176488007071273
40.0,19.66,-0.8893285857451173,-0.16978089669674826,-0.850462061016231,-0.06718478018743164,-0.07614172161363689,0.41781758058705964,-0.03455520978072513,0.5205806622167127
40.0,19.68,-0.888482922499162,-0.1674882622986117,-0.8489084811638776,-0.06477478719962691,-0.07564902907348917,0.420617797979184,-0.03333362319446556,0.5234933638964961
40.0,19.7,-0.8876244551637678,-0.1652017242301318,-0.8473443311557809,-0.06238328316997669,-0.07514412472191144,0.4234111415718761,-0.03210195693189081,0.5263869368779379
40.0,19.72,-0.8867532211243724,-0.16292149671312786,-0.8457698181167476,-0.060010707839182525,-0.07462717437541484,0.42619753103320707,-0.030860432890960594,0.5292613894505824
40.0,19.74,-0.8858692617249393,-0.1606477931695696,-0.8441851933002567,-0.057656758123592965,-0.07409823284905809,0.42897689820001195,-0.029609290261764523,0.532116740484477
40.0,19.76,-0.8849727041500198,-0.15838036261925065,-0.8425906742888493,-0.05532142460482421,-0.07355737850659992,0.43174917774908556,-0.028348767214059954,0.5349530205825124
40.0,19.78,-0.8840635606763401,-0.15611957139251026,-0.8409865064115218,-0.05300469780820466,-0.07300468864117933,0.43451429618018783,-0.02707908074018395,0.5377702482027892
40.0,19.8,-0.8831419575116108,-0.15386516795913827,-0.8393728956204082,-0.05070671082833394,-0.07244022757054316,0.4372721940329115,-0.02580046554924258,0.5405684580463135
40.0,19.82,-0.8822078826497627,-0.15161767082715819,-0.8377500650359081,-0.048427301367549004,-0.07186409732991239,0.44002280199443744,-0.024513135011494974,0.5433476718164062
40.0,19.84,-0.8812614875382719,-0.14937667345392125,-0.8361182556622329,-0.04616645398012723,-0.07127635468253662,0.4427660596424274,-0.023217320576376484,0.5461079333985147
40.0,19.86,-0.8803027887810994,-0.14714253855721082,-0.8344776684970251,-0.04392414911213322,-0.0706770943646097,0.4455018963060934,-0.021913241482088466,0.5488492662600524
40.0,19.88,-0.8793318883370704,-0.14491516752385875,-0.8328285320150952,-0.041700367007216924,-0.07006638229352961,0.448230257523042,-0.020601116298623334,0.5515717229312119
40.0,19.9,-0.8783488168267157,-0.14269476509599632,-0.8311710540264912,-0.03949508507676199,-0.06944431507976115,0.45095107973413096,-0.019281150917028304,0.5542753283198084
40.0,19.92,-0.8773536961958293,-0.14048123510571006,-0.8295054474677478,-0.0373081342655145,-0.06881096555642362,0.45366429861524843,-0.017953569478128272,0.5569601289601628
40.0,19.94,-0.876346547270156,-0.13827477902062818,-0.8278319291621997,-0.035139634799402235,-0.06816640754257228,0.45636985556018883,-0.01661857513149431,0.5596261817706025
40.0,19.96,-0.8753274568514667,-0.1360754507693484,-0.8261507083871859,-0.032989414762343836,-0.06751072379425406,0.45906769652044394,-0.015276387665408857,0.5622735138512165
40.0,19.98,-0.8742965252241853,-0.13388314940608353,-0.8244619956238544,-0.030857446059233365,-0.06684400463887133,0.46175776144737635,-0.013927196639969674,0.5649021879976479
40.0,20.0,-0.8732537852904607,-0.13169807586562313,-0.8227659759100576,-0.028743841860410107,-0.06616633201261203,0.46443998636877887,-0.01257121856575725,0.567512249307931
60.0,0.0,9.198646585343846e-07,-9.379145725149495e-06,-1.4629758768504212e-07,-1.9559740642623108e-06,0.9999999999926853,3.824775609334868e-06,0.9999996100070262,-3.9537730977646195e-06
60.0,0.02,-1.0748510217649527e-06,-0.0015645255052568192,-1.36639064015761e-07,-0.00046500602633645663,0.9999987500247834,-0.0011430611157822491,0.9999995699837022,-6.655330982992018e-05
60.0,0.04,-6.605015563842211e-06,-0.0031197308436181188,-1.697536213388658e-07,-0.0009280692701635101,0.9999929835957297,-0.002289911924973863,0.9999993098306593,-0.00012918349476466145
60.0,0.06,-1.567123280867028e-05,-0.00467498756422487,-2.4564202296816305e-07,-0.0013911486647104902,0.9999834816162643,-0.0034367215920692693,0.9999988295306508,-0.00019184694514030447
60.0,0.08,-2.8274301864963324e-05,-0.006230288073304878,-3.643070543447487e-07,-0.0018542468146230753,0.9999702441343533,-0.00458348375488911,0.9999981290607511,-0.0002545463060683831
60.0,0.1,-4.441483340934555e-05,-0.0077856250271114286,-5.258343733394563e-07,-0.0023173671100811723,0.9999532711866741,-0.005730192068686175,0.9999972083919259,-0.0003172842051475208
60.0,0.12,-6.409355355623177e-05,-0.009340989347217919,-7.301686291965601e-07,-0.0027805117522369974,0.999932562800891,-0.006876840537582332,0.9999960674893081,-0.0003800632891077807
60.0,0.14,-8.731088601244888e-05,-0.01089637417862169,-9.774229761272583e-07,-0.003243684311393934,0.9999081189988402,-0.008023422467241272,0.9999947063122012,-0.00044288620460450833
60.0,0.16,-0.00011406787269132634,-0.012451772514530026,-1.2676158112635755e-06,-0.0037068868064314246,0.9998799397849842,-0.009169932035375182,0.9999931248140772,-0.0005057555982107794
60.0,0.18,-0.00014436468744441814,-0.014007174370619121,-1.6007756801561353e-06,-0.004170123029694878,0.9998480251599287,-0.010316362720902314,0.9999913229423254,-0.0005686741513159919
60.0,0.2,-0.00017820235684152229,-0.015562575803711454,-1.976899364679079e-06,-0.0046333953712297165,0.9998123751101294,-0.011462708350857439,0.9999893006384116,-0.0006316444928524191
60.0,0.22,-0.00021558157811147065,-0.01711796412698576,-2.3961625590740437e-06,-0.0050967068176506,0.9997729896240191,-0.01260896257681264,0.9999870578379221,-0.0006946693214596588
60.0,0.24,-0.00025650271285973606,-0.018673336833992586,-2.8585474999853486e-06,-0.0055600601845551085,0.9997298686663502,-0.013755119223462928,0.9999845944706214,-0.0007577513007580916
60.0,0.26,-0.0003009663495926208,-0.020228684338865585,-3.3642394163238967e-06,-0.006023458635155579,0.999683012202282,-0.014901171765168426,0.9999819104592661,-0.0008208931116996306
60.0,0.28,-0.0003489735627156529,-0.021783995083931723,-3.913148890590634e-06,-0.006486904749039798,0.9996324201686293,-0.016047114023454784,0.9999790057215567,-0.0008840974525612026
60.0,0.3,-0.0004005246017320636,-0.0233392668606016,-4.505478585833047e-06,-0.0069504017526943445,0.9995780925384314,-0.017192939644282302,0.9999758801700473,-0.0009473670040311956
60.0,0.32,-0.00045561974059082975,-0.0248944924110499,-5.14136622278632e-06,-0.0074139515837107015,0.9995200292247961,-0.018338641747367053,0.9999725337086613,-0.0010107044641043754
60.0,0.34,-0.0005142604902834315,-0.026449659003499933,-5.820749380138756e-06,-0.007877558399235646,0.9994582301445974,-0.019484215719081804,0.9999689662384595,-0.0010741125306264329
60.0,0.36,-0.00057644666782297,-0.028004760638533525,-6.543759164958003e-06,-0.008341224618678394,0.9993926952322604,-0.02062965345388495,0.999965177651842,-0.0011375939361860014
60.0,0.38,-0.0006421792585142226,-0.029559792987020224,-7.310648914343254e-06,-0.008804953166582146,0.9993234243653005,-0.02177495033292566,0.999961167834943,-0.0012011513608450135
60.0,0.4,-0.0007114587947717824,-0.031114741472364697,-8.12151092624723e-06,-0.00926874711686167,0.9992504174698558,-0.022920098245903294,0.999956936669772,-0.0012647875717550488
60.0,0.42,-0.000784286404626003,-0.03266960927441124,-8.976235153196139e-06,-0.009732608753713224,0.9991736744492163,-0.024065090824580415,0.999952484032113,-0.0013285052486205428
60.0,0.44,-0.0008606617383821772,-0.034224378388235915,-9.875182365550459e-06,-0.010196541621315329,0.9990931951278451,-0.025209923440928976,0.9999478097889812,-0.0013923071756657178
60.0,0.46,-0.0009405853539008539,-0.035779043984311726,-1.081855900043148e-05,-0.010660547912089606,0.9990089794254329,-0.026354587976491206,0.9999429138046234,-0.0014561960496564906
60.0,0.48,-0.001024058554702396,-0.03733360080957832,-1.1806184646824554e-05,-0.011124630767673307,0.9989210271619225,-0.027499079796945252,0.9999377959334237,-0.0015201746195027967
60.0,0.5,-0.0011110820892869407,-0.03888804053767886,-1.2838625722766085e-05,-0.011588795080307895,0.9988293382375424,-0.028643390777238875,0.9999324560268485,-0.0015842456513548168
60.0,0.52,-0.0012016554951871958,-0.04044235863433332,-1.3915666744928582e-05,-0.012053040352786442,0.9987339124333636,-0.029787516275138107,0.9999268939288617,-0.0016484119111358703
60.0,0.54,-0.0012957799650968854,-0.041996536469308635,-1.5037472367718713e-05,-0.012517372793350256,0.9986347496418148,-0.03093144815859187,0.9999211094759527,-0.0017126761470819605
60.0,0.56,-0.001393456750838725,-0.04355057631844116,-1.6204427355462314e-05,-0.012981792456386415,0.998531849651256,-0.03207518177810618,0.9999151024995049,-0.001777041054834205
60.0,0.58,-0.0014946854476866366,-0.04510447387338262,-1.7416720645576132e-05,-0.013446304307445145,0.9984252123119894,-0.03321870899297519,0.999908872825038,-0.001841509696273519
60.0,0.6,-0.0015994666458042936,-0.0466582094874924,-1.8674295705365536e-05,-0.01391091057109555,0.9983148374453251,-0.03436202340229686,0.9999024202717819,-0.0019060844524013386
60.0,0.62,-0.0017078008418395314,-0.048211783594317006,-1.9977565558082552e-05,-0.014375613259731265,0.9982007247531877,-0.03550512034119284,0.999895744651293,-0.0019707684194731658
60.0,0.64,-0.0018196898132559747,-0.049765183520694145,-2.132672317868047e-05,-0.014840418613737517,0.9980828741954538,-0.0366479916605544,0.9998888457697432,-0.00203556416992045
60.0,0.66,-0.0019351322611847654,-0.05131840542375339,-2.272168478689234e-05,-0.015305325542514105,0.9979612854902873,-0.03779063094290013,0.9998817234251027,-0.002100474624919205
60.0,0.68,-0.0020541303396018357,-0.05287144476108247,-2.416289438021599e-05,-0.01577033940634403,0.997835958253668,-0.038933033506003016,0.9998743774116114,-0.0021655025308434193
60.0,0.7,-0.002176683093185671,-0.05442428521835747,-2.5650824262830533e-05,-0.016235462240931073,0.997706892416552,-0.04007519293032854,0.9998668075190544,-0.002230650808283091
60.0,0.72,-0.002302793108150411,-0.05597692920975872,-2.7185105350659465e-05,-0.016700696150845042,0.9975740878472634,-0.04121709930137976,0.9998590135261964,-0.002295922377505699
60.0,0.74,-0.0024324593587338856,-0.05752935923555046,-2.876620872715816e-05,-0.017166046720943462,0.9974375440428637,-0.04235874966079703,0.9998509952008638,-0.0023613196349225045
60.0,0.76,-0.0025656822485587024,-0.05908157084213014,-3.0394325229929858e-05,-0.017631515964203752,0.997297260850509,-0.043500135826679706,0.9998427523082363,-0.002426845849171285
60.0,0.78,-0.002702463521279381,-0.060633565887558125,-3.2069961320575885e-05,-0.01809710549551162,0.9971532380708396,-0.044641251354200245,0.9998342846259841,-0.0024925035905663494
60.0,0.8,-0.0028428027187440107,-0.062185318876407755,-3.379301220109154e-05,-0.018562819013878563,0.9970054753332723,-0.04578209152912294,0.9998255918838133,-0.0025582959524951218
60.0,0.82,-0.0029867007673458593,-0.06373683594984247,-3.556400397756541e-05,-0.019028659351045724,0.9968539724137565,-0.04692264640648554,0.9998166738466158,-0.00262422550457941
60.0,0.84,-0.0031341577657856617,-0.06528810502972353,-3.7383157348852803e-05,-0.01949463020765579,0.9966987290218106,-0.048062913007528754,0.9998075302542666,-0.0026902953395445284
60.0,0.86,-0.0032851754761696475,-0.06683912483197912,-3.925069160195715e-05,-0.019960734144773944,0.9965397449027871,-0.04920288311791614,0.999798160835364,-0.0027565082007242354
60.0,0.88,-0.0034397525419232185,-0.06838987722430424,-4.116683022006372e-05,-0.02042697550234182,0.9963770197190647,-0.050342548513379805,0.9997885653173748,-0.0028228670055868506
60.0,0.9,-0.003597890761222443,-0.06994036118550984,-4.313142463966204e-05,-0.02089335457493414,0.9962105531247052,-0.05148190619307262,0.9997787434270776,-0.0028893746712257587
60.0,0.92,-0.003759589939946815,-0.07149055925788923,-4.514579457802051e-05,-0.021359876137422348,0.9960403447131629,-0.05262094791570379,0.9997686948795638,-0.0029560339398257843
60.0,0.94,-0.003924852733660849,-0.07304048436185659,-4.72094472428404e-05,-0.02182654193241806,0.9958663943600561,-0.053759667191605895,0.9997584193652004,-0.0030228479020987502
60.0,0.96,-0.004093676958784608,-0.07459010541571502,-4.9322606817975256e-05,-0.022293355271934715,0.9956887017168089,-0.054898055769700825,0.9997479165977079,-0.003089819299437328
60.0,0.98,-0.00426606371900427,-0.07613943037140618,-5.148589968952033e-05,-0.02276032131519115,0.9955072662713702,-0.05603610886895166,0.9997371862665788,-0.003156951047249752
60.0,1.0,-0.004442014493723311,-0.07768844899086795,-5.369997918521399e-05,-0.02322744227066466,0.9953220878569484,-0.05717381997688375,0.9997262280605994,-0.003224246060524886
60.0,1.02,-0.004621528940346218,-0.07923714219770399,-5.59642913456666e-05,-0.023694720416092524,0.9951331658725951,-0.05831118254904996,0.9997150416557611,-0.0032917074282703502
60.0,1.04,-0.004804609854455451,-0.08078552104389475,-5.827989987752192e-05,-0.0241621561498591,0.9949405003038251,-0.05944818832468466,0.9997036267393897,-0.003359338064606437
60.0,1.06,-0.00499125409795213,-0.0823335671222832,-6.064709268528513e-05,-0.024629757359683594,0.994744090498733,-0.06058483248372088,0.9996919829532505,-0.003427140534096102
60.0,1.08,-0.005181463264916272,-0.08388127186001558,-6.306570155688484e-05,-0.025097524038493014,0.994543936266563,-0.061721106740172185,0.9996801099814688,-0.003495118273404384
60.0,1.1,-0.005375238792376963,-0.08542862277571146,-6.55364297436415e-05,-0.02556546068502994,0.9943400370006336,-0.0628570062598095,0.9996680074522425,-0.0035632740206107214
60.0,1.12,-0.005572582016645384,-0.08697562849860783,-6.805956122679126e-05,-0.026033572315488918,0.9941323925633735,-0.06399252274442997,0.9996556750276134,-0.003631610513449672
60.0,1.14,-0.005773492880662995,-0.08852227539279595,-7.063536286671266e-05,-0.026501857071400844,0.9939210025072351,-0.0651276496109736,0.999643112343335,-0.0037001311869853124
60.0,1.16,-0.0059779692016235,-0.09006854224068689,-7.326411979768955e-05,-0.02697031989361594,0.9937058662938952,-0.06626238200368156,0.9996303190260575,-0.0037688386033794944
60.0,1.18,-0.006186015436366767,-0.09161443757469648,-7.594658838795695e-05,-0.02743896251937149,0.99348698352293,-0.06739671158256146,0.9996172946875963,-0.0038377360221312704
60.0,1.2,-0.006397629755643183,-0.09315994571949435,-7.868309459063779e-05,-0.02790779498384926,0.9932643539360374,-0.0685306317509651,0.999604038975493,-0.003906826178953205
60.0,1.22,-0.006612812774786296,-0.094705064548605,-8.147392396893539e-05,-0.028376812458704298,0.9930379770784814,-0.0696641341485466,0.9995905514661463,-0.003976112157705678
60.0,1.24,-0.006831566056301065,-0.09624978136134864,-8.43193890925358e-05,-0.02884601962264183,0.9928078523866829,-0.07079721562319499,0.9995768317804761,-0.004045597216348596
60.0,1.26,-0.00705388841638117,-0.09779409198311778,-8.721981176677493e-05,-0.029315423858643105,0.992573979454513,-0.0719298677989683,0.999562879506892,-0.004115283914322444
60.0,1.28,-0.0072797816512409335,-0.09933798682710282,-9.01754803862556e-05,-0.02978502093117193,0.9923363580234731,-0.07306208230199746,0.999548694229482,-0.00418517568280935
60.0,1.3,-0.007509247899491336,-0.10088145977086922,-9.318725553432169e-05,-0.030254821149571294,0.9920949873809771,-0.07419385419866585,0.9995342755343862,-0.004255275254598589
60.0,1.32,-0.007742283248480698,-0.1024244946608646,-9.625546616561728e-05,-0.0307248250604535,0.9918498671921115,-0.07532517683149162,0.9995196229932447,-0.00432558588522265
60.0,1.34,-0.007978892495499814,-0.10396709727800399,-9.938045163570473e-05,-0.031195036358384474,0.991600997166815,-0.07645604179615359,0.9995047361783521,-0.0043961104807251124
60.0,1.36,-0.008219073109547025,-0.1055092472734885,-0.000102562537686497,-0.03166545421284126,0.9913483766849922,-0.0775864423945946,0.9994896146259145,-0.004466852120855762
60.0,1.38,-0.008462828573567074,-0.10705095513939474,-0.00010580264177945708,-0.03213608713275027,0.9910920052434262,-0.07871637366782372,0.9994742579058191,-0.004537813884909485
60.0,1.4,-0.00871015527019086,-0.10859218819576104,-0.00010909999052531657,-0.03260693809978722,0.9908318824074785,-0.07984582717021847,0.9994586655525847,-0.004608998851411921
60.0,1.42,-0.008961057503970233,-0.11013296653044793,-0.00011245661025782415,-0.033078003603625956,0.9905680076352792,-0.0809747961780372,0.9994428371122015,-0.004680409923878772
60.0,1.44,-0.009215534808291632,-0.11167324972479668,-0.00011587232433140695,-0.03354929201301966,0.9903003804959737,-0.0821032757060807,0.9994267720928443,-0.004752050528338319
60.0,1.46,-0.009473586085638273,-0.11321306184766619,-0.00011934691337335768,-0.034020808292628144,0.9900290005568229,-0.08323125553744923,0.9994104700396109,-0.004823923392591408
60.0,1.48,-0.00973521376190555,-0.11475237443435381,-0.00012288191786575538,-0.03449255329606761,0.9897538672137257,-0.08435873065106109,0.999393930435882,-0.004896031941238629
60.0,1.5,-0.01000041744587076,-0.11629119634432027,-0.00012647772132873457,-0.034964527094323766,0.9894749801796339,-0.08548569256132686,0.9993771528011822,-0.004968379075081442
60.0,1.52,-0.01026919821463943,-0.11782950629873884,-0.0001301341146017409,-0.035436736692142035,0.9891923385206938,-0.08661213793543336,0.9993601366418198,-0.005040967868622765
60.0,1.54,-0.01054155372988193,-0.1193672915456525,-0.00013385209085954906,-0.03590918371557765,0.9889059421545009,-0.08773805654328316,0.9993428814278069,-0.005113801569921889
60.0,1.56,-0.01081748764834532,-0.12090456046198308,-0.00013763205059857248,-0.0363818720719137,0.9886157903894839,-0.0888634415704236,0.9993253866521289,-0.00518688325202626
60.0,1.58,-0.011097001931548256,-0.12244130086315046,-0.00014147440357516116,-0.03685480776276384,0.9883218827888824,-0.08998828621304229,0.9993076517944484,-0.005260216161628828
60.0,1.6,-0.011380092634538088,-0.12397750673794794,-0.00014538018668643746,-0.03732799009742894,0.9880242185564707,-0.0911125853617615,0.9992896763008183,-0.005333803195689821
60.0,1.62,-0.011666762123764492,-0.12551314734711136,-0.00014934915561440023,-0.037801419666369934,0.9877227974649917,-0.09223633046851654,0.9992714596366109,-0.00540764777378681
60.0,1.64,-0.011957011983151255,-0.12704825391673907,-0.00015338240918788543,-0.038275106946941244,0.9874176187045953,-0.0933595146587579,0.9992530012565862,-0.005481752965864453
60.0,1.66,-0.012250841768404717,-0.1285827882739697,-0.0001574803567163758,-0.03874905034981165,0.9871086819478886,-0.094482131090459,0.9992343005906011,-0.005556122015387107
60.0,1.68,-0.012548253126711768,-0.1301167581951302,-0.00016164344664984035,-0.03922325777246323,0.9867959867209108,-0.09560417115740236,0.9992153570915213,-0.005630757990772199
60.0,1.7,-0.012849242723128531,-0.131650143604737,-0.00016587276807682741,-0.03969772408274338,0.9864795322478126,-0.09672562968863924,0.9991961701642632,-0.0057056641337973535
60.0,1.72,-0.013153817055436836,-0.13318295455029106,-0.00017016809818450407,-0.04017245784729684,0.986159318228008,-0.09784649806957521,0.9991767392357548,-0.005780843685567294
60.0,1.74,-0.013461972833169827,-0.13471517154850568,-0.0001745305833026169,-0.0406474632073294,0.9858353438242329,-0.09896677109648608,0.9991570637099358,-0.005856299711857527
60.0,1.76,-0.013773708833179011,-0.1362467735946282,-0.00017896068583802183,-0.04112274413195463,0.9855076085691149,-0.10008644011251377,0.9991371429877177,-0.005932035626397103
60.0,1.78,-0.014089030817825157,-0.13777778499822282,-0.0001834588467227163,-0.0415982994071361,0.9851761119683249,-0.10120549818344488,0.9991169764699901,-0.006008054667687841
60.0,1.8,-0.014407933226188756,-0.1393081657525414,-0.00018802554663209156,-0.042074136672087634,0.9848408532639431,-0.10232394007197047,0.9990965635231708,-0.006084359898801961
60.0,1.82,-0.014730421483057851,-0.14083793601637593,-0.00019266196397517817,-0.0425502531446313,0.984501832147152,-0.10344175536100157,0.999075903546132,-0.006160954556546074
60.0,1.84,-0.015056493325063343,-0.1423670648900851,-0.00019736862155258085,-0.04302665962135992,0.9841590479886471,-0.10455893706241812,0.9990549958781052,-0.006237842050872345
60.0,1.86,-0.01538614937373755,-0.1438955496172773,-0.00020214599471510327,-0.04350335602635048,0.9838125000457588,-0.10567548163552369,0.999033839892831,-0.00631502561668111
60.0,1.88,-0.01571939159859498,-0.14542339984700484,-0.00020699457596881299,-0.043980345822322624,0.9834621879548017,-0.10679137688093497,0.9990124349399905,-0.0063925084878351445
60.0,1.9,-0.016056220421743508,-0.14695058671699537,-0.00021191485184197435,-0.044457630934343385,0.9831081107278717,-0.1079066209388581,0.998990780356701,-0.0064702938972153205
60.0,1.92,-0.01639663412567952,-0.14847710953513898,-0.00021690811053961062,-0.04493521668511094,0.9827502682982173,-0.10902120161517591,0.9989688754663659,-0.006548385251059084
60.0,1.94,-0.016740635476069174,-0.1500029611185711,-0.00022197408149600387,-0.04541310661667789,0.98238865954379,-0.11013511353217934,0.9989467196154151,-0.006626785780457228
60.0,1.96,-0.01708822589942055,-0.15152814529928296,-0.00022711405407861162,-0.04589130223783674,0.9820232848027444,-0.1112483497236718,0.9989243121020173,-0.00670549888959909
60.0,1.98,-0.017439401408588785,-0.15305264181188494,-0.0002323293406272175,-0.046369802791936726,0.9816541419552683,-0.11236090293163564,0.9989016522243775,-0.006784527807354458
60.0,2.0,-0.017794164975953836,-0.15457642121896212,-0.00023761972133633968,-0.046848621205013666,0.9812812312862651,-0.11347276615394193,0.9988787393025996,-0.006863875761778084
60.0,2.02,-0.018152518805323252,-0.1560995178204194,-0.00024298653215362942,-0.047327757410400906,0.980904553309404,-0.11458393066880505,0.9988555726072518,-0.006943546328295236
60.0,2.04,-0.018514463454981363,-0.15762190382058122,-0.000248429488496878,-0.047807214081940864,0.9805241047845007,-0.11569439077255969,0.9988321514203985,-0.007023542907049099
60.0,2.06,-0.01887999492118289,-0.15914356044962993,-0.00025394994442155084,-0.04828699108863946,0.9801398876231472,-0.11680413614189128,0.9988084750254007,-0.007103868548507906
60.0,2.08,-0.01924912008025395,-0.16066451375935992,-0.00025954848049703763,-0.048767096489700935,0.97975189957258,-0.117913162889188,0.9987845426317824,-0.007184526824603379
60.0,2.1,-0.019621830306312378,-0.16218470705116417,-0.00026522652416624125,-0.04924753549112034,0.9793601414832666,-0.11902146054058517,0.9987603535308422,-0.007265520958133897
60.0,2.12,-0.01999813519766734,-0.1637041645193942,-0.00027098375449885665,-0.049728304485442534,0.978964611367246,-0.1201290234695432,0.9987359070548686,-0.007346854694135932
60.0,2.14,-0.02037803251766618,-0.16522288272507835,-0.00027682248977570326,-0.05020940784325788,0.9785653086000278,-0.12123584446088304,0.9987112023100322,-0.00742853107761906
60.0,2.16,-0.02076152145034271,-0.1667408467616772,-0.0002827416246636703,-0.050690858248637234,0.9781622339280959,-0.12234191472066368,0.9986862385124482,-0.007510553676266273
60.0,2.18,-0.021148602565893942,-0.16825802941414875,-0.00028874255226965637,-0.051172647510866184,0.9777553854529126,-0.1234472285792895,0.9986610148782628,-0.007592925882333365
60.0,2.2,-0.021539279293086827,-0.16977444970537764,-0.0002948268102650381,-0.051654787121652695,0.9773447630789754,-0.12455177537298003,0.9986355307373477,-0.0076756510878377305
60.0,2.22,-0.021933545662653903,-0.1712900761340798,-0.00030099406444634004,-0.052137273106097226,0.9769303658805951,-0.12565555125175695,0.998609785187013,-0.0077587328562051805
60.0,2.24,-0.022331407447331746,-0.1728049224559427,-0.0003072458651792572,-0.05262011548204028,0.9765121938333656,-0.12675854553034932,0.99858377743959,-0.007842174576277122
60.0,2.26,-0.022732863336280457,-0.1743189703281383,-0.00031358285091052804,-0.053103320511627354,0.9760902451669007,-0.12786075248083012,0.9985575065911687,-0.007925979634825369
60.0,2.28,-0.023137915854417757,-0.17583220733419067,-0.00032000650013332463,-0.05358687809491287,0.97566452083377,-0.1289621632464564,0.9985309719650844,-0.00801015159353514
60.0,2.3,-0.02354656225298729,-0.1773446282338613,-0.0003265166328343958,-0.054070810772204325,0.9752350191248027,-0.13006277207129807,0.998504172538431,-0.008094694010135333
60.0,2.32,-0.023958806776583005,-0.1788562334122536,-0.00033311374188901795,-0.05455509974970233,0.9748017401663917,-0.1311625682263944,0.9984771076332468,-0.008179610269623182
60.0,2.34,-0.024374645573354062,-0.1803670097922968,-0.00033980051777189667,-0.05503977167397604,0.974364682087484,-0.13226154762708825,0.9984497762239413,-0.008264903927237784
60.0,2.36,-0.024794081786552284,-0.18187694929276071,-0.0003465755877620177,-0.05552481114299692,0.9739238450884645,-0.13335969952003396,0.9984221775134517,-0.008350578538826016
60.0,2.38,-0.025217116256726277,-0.1833860501206307,-0.0003534415882163931,-0.05601022965515282,0.9734792275928668,-0.13445701808866217,0.9983943107047845,-0.008436637484733039
60.0,2.4,-0.02564375093249339,-0.18489429466916144,-0.00036039824070937995,-0.05649603426370948,0.973030830764987,-0.13555349441220726,0.9983661747667328,-0.008523084490595165
60.0,2.42,-0.026073982037309273,-0.1864016714796393,-0.000367448146549236,-0.05698222071725442,0.9725786530910914,-0.13664912264680226,0.9983377688995095,-0.008609922934172013
60.0,2.44,-0.02650780968218148,-0.18790817396928666,-0.00037459005801485773,-0.05746879942525017,0.9721226935656411,-0.13774389353550182,0.9983090920690438,-0.008697156538429044
60.0,2.46,-0.026945238034276838,-0.18941380043280803,-0.0003818256661680875,-0.05795577597251504,0.9716629523445884,-0.13883779796789536,0.998280143472708,-0.008784788678488512
60.0,2.48,-0.027386268821094954,-0.1909185549973455,-0.0003891555999895096,-0.05844314415118975,0.9711994280181286,-0.1399308300544578,0.9982509220719705,-0.008872823248819875
60.0,2.5,-0.027830898186461128,-0.19242240290394777,-0.0003965825986334072,-0.0589309057480162,0.9707321194504153,-0.14102298219184994,0.9982214270612687,-0.00896126362184025
60.0,2.52,-0.02827912597912969,-0.19392533579111443,-0.0004041054256365247,-0.059419077720939996,0.9702610269063089,-0.14211424523064967,0.9981916572856911,-0.009050113513956798
60.0,2.54,-0.02873095604207049,-0.19542737259452372,-0.000411725790006946,-0.05990765824216595,0.9697861501919873,-0.14320461339876234,0.9981616119351522,-0.00913937646902477
60.0,2.56,-0.029186389864498744,-0.19692849191772535,-0.00041944439002500285,-0.06039664675576493,0.9693074887792731,-0.14429407566826685,0.9981312899682243,-0.009229056027408075
60.0,2.58,-0.029645426121625764,-0.19842867701991468,-0.00042726304566232607,-0.0608860509859924,0.9688250403145917,-0.14538262590728845,0.9981006904536391,-0.00931915607748411
60.0,2.6,-0.0301080640394518,-0.199927938904357,-0.0004351814827026024,-0.06137588018771314,0.9683388049604977,-0.1464702566068244,0.9980698123468539,-0.009409680156677102
60.0,2.62,-0.030574303548623477,-0.20142624608044907,-0.0004432024936934104,-0.06186612375404828,0.9678487831711747,-0.14755695855778844,0.9980386547167049,-0.009500631802014324
60.0,2.64,-0.031044148677701063,-0.20292359395705023,-0.00045132474644226,-0.06235679350909355,0.9673549729557419,-0.14864272388982794,0.9980072163973289,-0.009592014895221782
60.0,2.66,-0.03151759714770128,-0.2044200073821836,-0.0004595511908891342,-0.06284789556294809,0.966857374327152,-0.14972754674414476,0.9979754964526811,-0.009683833144470187
60.0,2.68,-0.03199465070808067,-0.2059154429181731,-0.0004678814342217083,-0.06333942280286757,0.9663559870023423,-0.15081141601436393,0.9979434938318876,-0.00977609008111673
60.0,2.7,-0.03247530809822571,-0.20740988503516028,-0.0004763185617310106,-0.06383139103478071,0.965850808842986,-0.15189432546789258,0.9979112074790522,-0.009868789583306767
60.0,2.72,-0.03295956873292643,-0.20890334650545783,-0.00048486114304001126,-0.06432380287300889,0.9653418416107477,-0.15297626600686257,0.9978786363382963,-0.009961935353414424
60.0,2.74,-0.033447443716476226,-0.210395842771997,-0.0004935121579535179,-0.06481665458063356,0.9648290821263796,-0.15405723118999462,0.9978457792389454,-0.010055530916898049
60.0,2.76,-0.03393891474705283,-0.21188729841142043,-0.0005022713583456474,-0.0653099584113401,0.9643125324982894,-0.1551372102124914,0.9978126352331615,-0.010149580322370011
60.0,2.78,-0.034434001923066886,-0.21337778474754024,-0.0005111406567452505,-0.0658037128413214,0.9637921893536654,-0.15621619828068048,0.9977792031468786,-0.010244087092013215
60.0,2.8,-0.03493269148720054,-0.2148672322659413,-0.0005201208512632257,-0.06629791730200552,0.9632680537722097,-0.15729418438696974,0.9977454819138547,-0.010339055269951897
60.0,2.82,-0.03543498556103111,-0.21635564732669862,-0.0005292128705451142,-0.06679258756029766,0.9627401252228458,-0.15837116069931273,0.997711470354764,-0.010434488549131964
60.0,2.84,-0.03594089074889252,-0.21784303947277217,-0.0005384174748748747,-0.06728771756366858,0.9622084018263597,-0.15944712086656768,0.9976771674034148,-0.010530390621988914
60.0,2.86,-0.03645040607283045,-0.21932937153850926,-0.0005477367391423376,-0.06778331760382547,0.9616728834040751,-0.16052205534202854,0.9976425718751457,-0.010626765352161829
60.0,2.88,-0.03696352786851299,-0.22081466158178054,-0.0005571714673415104,-0.06827938347076047,0.9611335706475893,-0.1615959564315339,0.9976076825834712,-0.010723616601510753
60.0,2.9,-0.03748026034333888,-0.22229890404329308,-0.0005667226002860405,-0.06877592755354893,0.9605904612505529,-0.16266881419284387,0.997572498340066,-0.010820948230099927
60.0,2.92,-0.03800059959984418,-0.22378204500064872,-0.0005763909616540382,-0.06927294751901829,0.9600435557019749,-0.16374062257983416,0.9975370180695953,-0.010918764097438015
60.0,2.94,-0.038524555734870736,-0.225264136758205,-0.0005861786675352878,-0.06977044983539604,0.9594928528855555,-0.16481137180429897,0.9975012404651532,-0.01101706805871257
60.0,2.96,-0.03905211797066518,-0.22674513248190067,-0.0005960865858764052,-0.070268433906565,0.9589383525483681,-0.1658810539272455,0.9974651644476387,-0.011115863969778874
60.0,2.98,-0.039583292626442335,-0.2282250384313138,-0.0006061156624886704,-0.07076690807806117,0.958380053373121,-0.1669496608032359,0.9974287885895733,-0.011215155854884756
60.0,3.0,-0.040118082741779665,-0.2297038647968068,-0.0006162668563289666,-0.07126588172681693,0.9578179554802431,-0.16801718278949798,0.997392111924789,-0.011314947393335087
60.0,3.02,-0.040656477962667255,-0.23118154520386633,-0.0006265409957715531,-0.07176534874433374,0.9572520587418318,-0.1690836119038806,0.9973551330199417,-0.011415242779610984
60.0,3.04,-0.04119847870886386,-0.23265812311578238,-0.0006369415830424959,-0.07226532022589556,0.9566823628589259,-0.17014893494524563,0.9973178506752993,-0.01151604568659058
60.0,3.06,-0.041744116664353785,-0.23413355718295528,-0.0006474670503148973,-0.07276579998669952,0.9561088648131619,-0.17121316059627706,0.9972802635683319,-0.011617360306081294
60.0,3.08,-0.04229334391696518,-0.23560787816868123,-0.0006581208094201501,-0.07326678419269414,0.9555315659664437,-0.17227626039929017,0.9972423706081135,-0.011719190482434477
60.0,3.1,-0.04284619725083803,-0.2370810488848898,-0.0006689025624785186,-0.073768278142437,0.9549504650626397,-0.17333823985433872,0.9972041702404039,-0.011821540226679412
60.0,3.12,-0.04340267308283269,-0.23855304132771918,-0.0006798133622724543,-0.07427029651750465,0.9543655605713146,-0.17439908716119695,0.9971656612533325,-0.011924413551807357
60.0,3.14,-0.0439627363142706,-0.24002389244163674,-0.000690856649700374,-0.07477282923119216,0.9537768573790887,-0.17545877446401126,0.9971268424350183,-0.012027814294744164
60.0,3.16,-0.04452642565248731,-0.2414935717911245,-0.0007020322387783827,-0.07527589262491056,0.9531843479643733,-0.1765173232470246,0.9970877123355839,-0.01213174680967099
60.0,3.18,-0.04509374390587234,-0.24296208642378145,-0.0007133423249290421,-0.07577947793710381,0.9525880351131132,-0.17757470522405813,0.9970482696240933,-0.012236214927902443
60.0,3.2,-0.04566468393358596,-0.24442938982666185,-0.0007247867288119829,-0.07628360318307278,0.9519879166039538,-0.1786309255772494,0.9970085128505979,-0.012341222651231625
60.0,3.22,-0.04623920638001075,-0.2458955015585365,-0.0007363676806831032,-0.07678826093865045,0.9513839922382591,-0.17968597263053865,0.9969684409051711,-0.012446774157547457
60.0,3.24,-0.046817395592554926,-0.2473603913341882,-0.0007480862724526068,-0.07729346200539562,0.950776265030504,-0.18073981810428943,0.9969280521039056,-0.012552873441407325
60.0,3.26,-0.04739917005780109,-0.2488240918778987,-0.0007599448807179873,-0.07779920910130592,0.9501647317816476,-0.1817924669194112,0.9968873452176217,-0.012659524674843351
60.0,3.28,-0.04798456685347947,-0.25028655673694095,-0.0007719431933664355,-0.07830550563004285,0.9495493903712185,-0.18284392415585468,0.996846318787522,-0.012766731850767803
60.0,3.3,-0.04857358584272103,-0.2517477779403431,-0.000784083623717339,-0.07881235563363598,0.9489302418032342,-0.18389416108746426,0.9968049713480934,-0.01287449930775563
60.0,3.32,-0.049166188749658696,-0.253207787361748,-0.0007963686305783865,-0.0793197638234461,0.9483072851313408,-0.18494318296696358,0.9967633014359644,-0.012982831034079056
60.0,3.34,-0.04976245884797809,-0.25466653538977396,-0.0008087964458407814,-0.07982772643720311,0.9476805236997957,-0.18599096149627317,0.9967213076979707,-0.013091731191148277
60.0,3.36,-0.05036230278910991,-0.25612400819773645,-0.0008213724353477606,-0.08033625858717607,0.9470499522759692,-0.18703750104063582,0.9966789885490795,-0.013201203935003838
60.0,3.38,-0.05096581691060554,-0.25758021799640435,-0.0008340963484668841,-0.08084536705326813,0.9464155699780652,-0.18808280676987363,0.9966363426290639,-0.01331125359624497
60.0,3.4,-0.051572907597524184,-0.259035155331885,-0.0008469677157906873,-0.08135504057427155,0.9457773781517098,-0.18912684992626516,0.9965933682356782,-0.013421884150555764
60.0,3.42,-0.05218362179052396,-0.26048881575339533,-0.0008599920447887124,-0.08186529633085525,0.9451353782266361,-0.19016961893190493,0.9965500641162208,-0.013533100099127384
60.0,3.44,-0.05279795613053427,-0.2619411756088085,-0.0008731661408688474,-0.08237613355966984,0.9444895661777248,-0.19121111825058243,0.9965064285635945,-0.013644905412672043
60.0,3.46,-0.0534159595902626,-0.263392233752578,-0.0008864954912814841,-0.08288756141970109,0.9438399434991798,-0.19225133625847945,0.9964624599782824,-0.01375730440875434
60.0,3.48,-0.054037537770902755,-0.2648419885898568,-0.0008999797777300275,-0.08339958023782183,0.9431865129445351,-0.19329024442262727,0.9964181568705279,-0.01387030157784825
60.0,3.5,-0.05466273391503037,-0.2662904122953223,-0.0009136215827939077,-0.08391219078827448,0.9425292672284703,-0.194327863594973,0.9963735177552386,-0.013983900886130092
60.0,3.52,-0.05529155216034679,-0.26773751861298284,-0.0009274205856714686,-0.08442539435911958,0.9418682068885587,-0.19536418187167018,0.9963285409105462,-0.01409810664178713
60.0,3.54,-0.05592403129799182,-0.2691832517481825,-0.0009413811019988425,-0.0849392122345055,0.941203335951301,-0.19639917091500866,0.9962832248364436,-0.014212923501329624
60.0,3.56,-0.05656008894077805,-0.2706276794278894,-0.0009555011348011173,-0.08545362737470082,0.9405346540479248,-0.19743281861558046,0.9962375678107289,-0.014328355419763376
60.0,3.58,-0.057199805154045415,-0.2720707079242664,-0.0009697865598403994,-0.08596866226820742,0.9398621550283061,-0.19846514588925201,0.9961915682158646,-0.014444406872658584
60.0,3.6,-0.05784309741109032,-0.273512409184526,-0.0009842354960355431,-0.08648431058900055,0.9391858455059388,-0.19949610775467186,0.9961452243168786,-0.014561082331138684
60.0,3.62,-0.05849004708824343,-0.27495269149463986,-0.0009988507785334048,-0.08700058625864826,0.9385057193841683,-0.2005257250655332,0.9960985347226498,-0.014678386094695474
60.0,3.64,-0.059140619808415645,-0.27639162073124013,-0.001013633534295322,-0.0875174838081997,0.937821779958071,-0.2015539692387261,0.996051497465926,-0.014796322451623826
60.0,3.66,-0.059794808954377554,-0.2778291597327019,-0.001028586548614332,-0.08803500815847608,0.9371340246671699,-0.20258084467424775,0.996004110918188,-0.01491489586622982
60.0,3.68,-0.06045260794657768,-0.2792652722599621,-0.0010437111079280718,-0.08855316476144863,0.9364424558924441,-0.20360632256210656,0.9959563733307862,-0.015034110972044467
60.0,3.7,-0.061114073313598645,-0.2806999769711259,-0.0010590085095975826,-0.08907195958680125,0.9357470675953411,-0.20463042359319816,0.99590828307209,-0.015153972053720143
60.0,3.72,-0.06177915054070127,-0.2821332509187632,-0.001074481625921771,-0.08959139910688896,0.9350478669376785,-0.20565310284104968,0.9958598383930086,-0.01527448339126099
60.0,3.74,-0.06244784804647107,-0.2835651269548874,-0.001090130231654337,-0.09011149035613569,0.9343448468613137,-0.20667438069737515,0.9958110374189338,-0.015395649781333351
60.0,3.76,-0.06312015313872972,-0.2849955417641301,-0.0011059569862628001,-0.09063221999137157,0.933638012181345,-0.2076942288006805,0.9957618782776096,-0.015517475669861128
60.0,3.78,-0.06379606758667936,-0.28642449827846445,-0.0011219635089916675,-0.0911536167178616,0.9329273594875442,-0.20871265115982468,0.9957123594404969,-0.015639965331269712
60.0,3.8,-0.06447565122285774,-0.28785202293544304,-0.001138152522464436,-0.09167566801870654,0.9322128879522582,-0.209729635213856,0.9956624789093556,-0.01576312355111427
60.0,3.82,-0.06515884211981467,-0.28927806680702645,-0.0011545255735141502,-0.09219839329834154,0.9314945989626505,-0.2107451688740112,0.995612234917621,-0.015886954767776733
60.0,3.84,-0.06584564304597261,-0.29070263719961986,-0.001171083825534944,-0.0927217807194598,0.9307724928978178,-0.21175923980431102,0.995561625460885,-0.01601146376032684
60.0,3.86,-0.06653610052724634,-0.29212569780711983,-0.001187828713950005,-0.0932458399789234,0.9300465691330833,-0.21277183541600997,0.9955106487720591,-0.016136654613196313
60.0,3.88,-0.06723016747876903,-0.29354727008419235,-0.0012047633248829224,-0.0937705813013545,0.9293168292541021,-0.21378294360045286,0.9954593030641304,-0.016262532450132056
60.0,3.9,-0.06792783993620811,-0.2949673317948592,-0.0012218873634231191,-0.09429600464888807,0.9285832652746568,-0.21479258416552804,0.9954075863288802,-0.016389101692811076
60.0,3.92,-0.06862917370647126,-0.2963858838391175,-0.001239205612506041,-0.09482212115024787,0.9278458863407915,-0.21580071252565114,0.995355496552133,-0.01651636693325965
60.0,3.94,-0.0693341141233502,-0.29780291819014754,-0.001256719326182083,-0.09534892057943797,0.9271046872495232,-0.21680733199022775,0.9953030318282079,-0.01664433293569399
60.0,3.96,-0.07004271819969385,-0.299218438311562,-0.0012744285248235826,-0.0958764259235712,0.9263596698033965,-0.21781243038535808,0.9952501903656052,-0.016773004289109623
60.0,3.98,-0.07075491505034459,-0.3006323696892931,-0.001292336134970133,-0.0964046276368049,0.9256108309849213,-0.21881601143841625,0.995196969908279,-0.016902385745031112
60.0,4.0,-0.07147071794850834,-0.3020447646356248,-0.0013104454216650739,-0.09693353857322431,0.9248581733184297,-0.21981804602835148,0.9951433687697218,-0.017032482061099453
60.0,4.02,-0.07219018565921538,-0.3034556302411586,-0.001328755995639759,-0.09746314976127167,0.9241016949573401,-0.22081853809144084,0.9950893845755762,-0.01716329780600322
60.0,4.04,-0.07291330006178724,-0.3048648821870185,-0.0013472713168205862,-0.09799348611529492,0.9233413957958007,-0.2218174748839264,0.995035015629543,-0.017294837903934893
60.0,4.06,-0.07364001454387656,-0.30627255450958507,-0.0013659928741657271,-0.09852455070738098,0.9225772768625154,-0.2228148439084237,0.9949802596559126,-0.017427107439191156
60.0,4.08,-0.07437032718600185,-0.30767863502226833,-0.0013849235760353081,-0.09905632411259643,0.921809339255243,-0.2238106326623104,0.9949251146289747,-0.017560110107038368
60.0,4.1,-0.07510429541374745,-0.3090831208100245,-0.0014040652684684867,-0.09958883263931453,0.921037577036205,-0.2248048439367264,0.9948695783561253,-0.017693852375407274
60.0,4.12,-0.07584191513351077,-0.31048598735405797,-0.0014234194973112367,-0.10012208037280294,0.9202619974576555,-0.22579744962692772,0.9948136489285038,-0.01782833741319277
60.0,4.14,-0.07658313143383498,-0.3118872386383799,-0.0014429876525748132,-0.10065606015310122,0.9194825997110083,-0.22678843669064025,0.9947573241741045,-0.017963570117949506
60.0,4.16,-0.07732799801679495,-0.3132868532099743,-0.0014627732286567336,-0.10119078819422246,0.9186993772289803,-0.22777782466563587,0.9947006017711556,-0.01809955711729787
60.0,4.18,-0.07807651398073794,-0.31468482013981175,-0.0014827778310783442,-0.10172626961725928,0.9179123342975684,-0.22876558465100222,0.9946434796859515,-0.018236301566669347
60.0,4.2,-0.07882862347059284,-0.3160811432346039,-0.0015030029035332437,-0.10226249812052213,0.9171214713356557,-0.22975170379916537,0.9945859555888455,-0.018373810085484065
60.0,4.22,-0.07958432620404722,-0.31747581757435556,-0.0015234520367788575,-0.10279949115196864,0.9163267848089968,-0.2307361852475448,0.9945280274391216,-0.018512085821362743
60.0,4.24,-0.08034373069398193,-0.318868800232164,-0.0015441267211579888,-0.10333724299341278,0.9155282792774081,-0.2317190001122604,0.9944696928991301,-0.018651135385380276
60.0,4.26,-0.08110672491199358,-0.32026010838824154,-0.0015650286297526218,-0.103875759995725,0.9147259564354462,-0.23270013579068324,0.9944109495775681,-0.018790961910716913
60.0,4.28,-0.08187336539407684,-0.32164972575240913,-0.0015861614529811268,-0.10441506086312184,0.9139198088393217,-0.23367961131057502,0.9943517955051929,-0.018931570270877364
60.0,4.3,-0.08264359336310638,-0.323037650528371,-0.0016075247226105106,-0.10495512871514559,0.913109840218757,-0.23465739749955122,0.994292228184368,-0.019072968797265995
60.0,4.32,-0.08341746438865694,-0.3244238606152211,-0.0016291240124074497,-0.10549598289154737,0.9122960513882957,-0.23563348142436796,0.9942322452457684,-0.019215158875051104
60.0,4.34,-0.08419497740092327,-0.32580834525054225,-0.0016509592527672351,-0.10603763122333615,0.911478440157486,-0.23660786632621322,0.9941718444457254,-0.01935814709577786
60.0,4.36,-0.08497613152671477,-0.32719109454443185,-0.0016730338777452454,-0.10658006958351825,0.9106570105358316,-0.23758052305250635,0.9941110233407332,-0.019501938306732233
60.0,4.38,-0.08576092609575378,-0.3285720994820825,-0.0016953478189776418,-0.10712330635732338,0.9098317594005955,-0.238551454531582,0.9940497795977773,-0.019646537352994212
60.0,4.4,-0.08654930305960785,-0.3299513670319624,-0.0017179083032571754,-0.10766733778950625,0.9090026878175248,-0.23952064776357826,0.9939881108452877,-0.01979195081004011
60.0,4.42,-0.08734131726819241,-0.33132886747840035,-0.0017407136330947713,-0.10821218531375275,0.9081697958828701,-0.24048808946648562,0.9939260145473663,-0.019938181774386703
60.0,4.44,-0.08813696864382935,-0.3327045943531474,-0.0017637673488866664,-0.10875784586114334,0.9073330806034167,-0.24145378246285903,0.993863488323848,-0.020085236812192507
60.0,4.46,-0.0889362563126406,-0.3340785382263184,-0.0017870713318720653,-0.10930432910541772,0.9064925516880464,-0.2424176820481787,0.9938005297103244,-0.020233120747780095
60.0,4.48,-0.08973917856467949,-0.3354506866294547,-0.0018106291877918648,-0.1098516324239746,0.9056481967751978,-0.24337982238373218,0.9937371361238577,-0.02038183839845529
60.0,4.5,-0.0905457348983367,-0.33682103173438843,-0.0018344447769503773,-0.1103997660351168,0.9048000267887298,-0.24434015904921794,0.9936733050917869,-0.02053139457910808
60.0,4.52,-0.09135586494375145,-0.338189578591796,-0.001858516205076406,-0.11094874063927469,0.9039480315718174,-0.24529870972127385,0.9936090339867745,-0.02068179583167016
60.0,4.54,-0.09216968428425083,-0.3395562814180781,-0.0018828488684977344,-0.11149854152415299,0.9030922222737129,-0.24625543002702055,0.9935443203269849,-0.02083304696109522
60.0,4.56,-0.09298707468917956,-0.3409211667653669,-0.0019074449823936936,-0.11204919262506882,0.9022325909147237,-0.2472103381329742,0.9934791615119436,-0.02098515276508129
60.0,4.58,-0.09380815412814501,-0.3422841937310322,-0.0019323083110002082,-0.11260069256264947,0.901369143495041,-0.24816340516845925,0.9934135549369127,-0.0211381180363748
60.0,4.6,-0.09463280057843984,-0.3436453791909811,-0.0019574389389948837,-0.11315305319220453,0.9005018753900402,-0.2491146331803896,0.9933474978041721,-0.021291951027713293
60.0,4.62,-0.09546113329743715,-0.34500468312281496,-0.00198284044317152,-0.11370626051673938,0.8996307884307176,-0.25006400901836673,0.9932809876879797,-0.0214466530563258
60.0,4.64,-0.09629303183801499,-0.3463621323481117,-0.0020085153646384724,-0.11426035308036658,0.8987558878726729,-0.25101150355471963,0.9932140216664995,-0.021602232361837895
60.0,4.66,-0.09712861346658605,-0.34771767581118024,-0.002034469123772193,-0.11481530417475999,0.897877166961351,-0.25195713501991746,0.9931465971160093,-0.0217586937159398
60.0,4.68,-0.09796775599948439,-0.3490713383131909,-0.0020606998591470595,-0.11537112671565468,0.8969946300653617,-0.2529008739714662,0.99307871140834,-0.021916041885142717
60.0,4.7,-0.0988105813245559,-0.35042308159921315,-0.0020872119614410455,-0.11592784726433843,0.896108273877157,-0.2538427225910937,0.9930103615293415,-0.022074283356240513
60.0,4.72,-0.0996570258124977,-0.3517729070498384,-0.002114008918899795,-0.11648543940032785,0.895218099553487,-0.2547826673690395,0.9929415448410874,-0.022233422884728408
60.0,4.74,-0.10050708779353444,-0.3531208037571384,-0.0021410931851390926,-0.11704393027752555,0.8943241138274081,-0.25572067947621124,0.9928722584724771,-0.022393465215626282
60.0,4.76,-0.10136076692276416,-0.35446676555616513,-0.0021684688001961205,-0.1176033206006568,0.8934263115320914,-0.2566567604460641,0.9928024995834533,-0.022554418556572933
60.0,4.78,-0.10221806070383305,-0.3558107788146359,-0.002196135727030091,-0.11816361130433838,0.8925246961334834,-0.2575908973456051,0.9927322653317558,-0.02271628590819213
60.0,4.8,-0.10307896676853645,-0.3571528305034573,-0.0022240982984939295,-0.11872481707263678,0.891619262555138,-0.2585230916179499,0.9926615528317156,-0.022879071998505956
60.0,4.82,-0.1039435490401262,-0.35849290243872806,-0.0022523606491776913,-0.11928693927085558,0.8907100178812865,-0.2594533144353956,0.9925903589580984,-0.02304278674441502
60.0,4.84,-0.10481173978808864,-0.3598309883516969,-0.0022809248704508556,-0.11984997946176845,0.8897969582035428,-0.2603815674952644,0.9925186810086419,-0.02320743139951938
60.0,4.86,-0.10568354070466612,-0.36116708950470366,-0.0023097909615682217,-0.12041393940937639,0.8888800852217117,-0.2613078372111382,0.9924465158869347,-0.023373014135932665
60.0,4.88,-0.10655894884164827,-0.3625011912600194,-0.0023389654957370475,-0.12097883484765201,0.8879593986759953,-0.2622321093903878,0.9923738606127769,-0.023539537922809755
60.0,4.9,-0.10743796136135662,-0.36383327952895267,-0.0023684506330979814,-0.12154466801986628,0.8870349070781387,-0.2631543555600917,0.9923007120368625,-0.0237070126514346
60.0,4.92,-0.10832064176787361,-0.3651633302760779,-0.002398248544111849,-0.12211144133466564,0.8861065965644203,-0.26407460796486537,0.9922270672824811,-0.023875441281252997
60.0,4.94,-0.1092069229911503,-0.36649134498385044,-0.002428363550891944,-0.12267915732496736,0.8851744819417681,-0.2649928062547105,0.9921529230845693,-0.024044828489575776
60.0,4.96,-0.11009680638182716,-0.36781732396743533,-0.002458796289928358,-0.1232478471541846,0.8842385524895695,-0.26590898347943526,0.9920782763891118,-0.024215184150325524
60.0,4.98,-0.11099035030127467,-0.3691412234087572,-0.0024895527338190553,-0.12381748553129157,0.8832988176110381,-0.26682309449241287,0.9920031241179501,-0.024386509467296702
60.0,5.0,-0.11188749245437803,-0.37046306388313716,-0.0025206351561390884,-0.12438807553658142,0.8823552739291801,-0.26773514077793387,0.9919274629047319,-0.024558812561168854
60.0,5.02,-0.11278822957622033,-0.3717828305240097,-0.002552044248582467,-0.12495964923958477,0.8814079191088614,-0.2686451240598153,0.9918512896473086,-0.024732099819719255
60.0,5.04,-0.11369262361841047,-0.3731004891189743,-0.002583786681660907,-0.1255322103721757,0.8804567592337453,-0.2695530149520005,0.9917746011665519,-0.02490637589001768
60.0,5.06,-0.11460060949577343,-0.37441605394475685,-0.0026158645150853605,-0.12610574841018932,0.8795017958217772,-0.27045879948176155,0.9916973940061516,-0.025081647137726745
60.0,5.08,-0.11551218431084924,-0.37572951171942204,-0.002648280111151366,-0.12668026732627619,0.8785430257461547,-0.2713624790071441,0.9916196650460365,-0.025257919930003085
60.0,5.1,-0.11642741108190229,-0.3770408293414659,-0.0026810361534181488,-0.1272557859213253,0.8775804496503036,-0.2722640391866267,0.9915414108616494,-0.02543519888760118
60.0,5.12,-0.11734629052200217,-0.3783500027625549,-0.0027141372721199357,-0.12783230867574938,0.87661407130185,-0.27316346661583124,0.9914626280480586,-0.025613492088271475
60.0,5.14,-0.11826875183483954,-0.3796570317120323,-0.0027475878347551688,-0.128409825464491,0.8756438905192471,-0.2740607466348292,0.9913833133276968,-0.025792802411000636
60.0,5.16,-0.11919479532631368,-0.3809619136862356,-0.002781388705366152,-0.1289883707236236,0.8746699102433106,-0.2749558655238214,0.9913034632376899,-0.025973139649082985
60.0,5.18,-0.12012448408115914,-0.3822646126380775,-0.0028155443030123367,-0.12956793475829098,0.8736921266767618,-0.27584882417995776,0.9912230741463387,-0.026154506658148047
60.0,5.2,-0.12105775107562988,-0.38356514340394904,-0.0028500568141919987,-0.13014850783866466,0.8727105467222214,-0.27673959328266584,0.9911421428046797,-0.026336913221796845
60.0,5.22,-0.12199465868161972,-0.38486346616038114,-0.002884933983528826,-0.13073012520454425,0.8717251667429088,-0.2776281736892067,0.9910606656154122,-0.02652036045115649
60.0,5.24,-0.12293520565838197,-0.3861595711634513,-0.002920173507921263,-0.13131277766362953,0.8707359851428385,-0.27851456682559084,0.9909786388129402,-0.02670485983171472
60.0,5.26,-0.12387932470488322,-0.38745347525594265,-0.0029557848521961187,-0.1318964708757568,0.8697430119786353,-0.27939872754860057,0.9908960591308854,-0.026890412468877037
60.0,5.28,-0.12482707918884488,-0.38874513950783685,-0.0029917660576560434,-0.13248121094369958,0.8687462399663235,-0.2802806721420946,0.9908129226741974,-0.02707702982838485
60.0,5.3,-0.1257784001858455,-0.39003457760205557,-0.003028124389405934,-0.13306700395445,0.8677456765143764,-0.2811603713171891,0.9907292259367495,-0.02726471299434046
60.0,5.32,-0.12673335169951244,-0.39132175114661827,-0.003064860565056237,-0.1336538717297109,0.8667413173461984,-0.2820378254623784,0.9906449652839978,-0.027453471692642766
60.0,5.34,-0.12769186606080216,-0.3926066796066395,-0.0031019792662341124,-0.13424180553902013,0.8657331661556108,-0.28291302075753466,0.9905601367604119,-0.02764331044061077
60.0,5.36,-0.1286540064727861,-0.39388932063869575,-0.0031394875683894473,-0.1348307965183999,0.8647212227443729,-0.283785942082345,0.9904747367639398,-0.027834237217846978
60.0,5.38,-0.1296197740591137,-0.39516967238222434,-0.003177384272040018,-0.13542088271701946,0.8637054959689086,-0.2846565605439947,0.9903887615050346,-0.028026258260088373
60.0,5.4,-0.13058916413586472,-0.3964477152883944,-0.003215674158450019,-0.13601205578469674,0.862685972916929,-0.2855249068979068,0.9903022070083647,-0.028219378059656564
60.0,5.42,-0.13156210566381013,-0.39772346226219313,-0.0032543648089938993,-0.1366043229651084,0.8616626695932984,-0.2863909211228994,0.990215069585387,-0.028413602838777627
60.0,5.44,-0.13253866764043373,-0.39899688567169744,-0.003293453948366593,-0.1371976761303761,0.8606355792031964,-0.28725461917483625,0.9901273452125626,-0.02860894226071488
60.0,5.46,-0.1335188441164354,-0.4002679625864347,-0.003332952010528187,-0.13779213852197944,0.859604703004812,-0.28811598620191,0.9900390300073139,-0.02880540079483816
60.0,5.48,-0.13450263533121515,-0.40153668884549176,-0.003372857125809703,-0.13838771821042742,0.8585700383068509,-0.28897502266720615,0.9899501199672727,-0.02900298289887987
60.0,5.5,-0.13548996984048436,-0.402803079810681,-0.0034131770632931783,-0.13898442323675647,0.8575315986221067,-0.28983168439655743,0.9898606111083172,-0.02920169993936854
60.0,5.52,-0.13648091178635186,-0.40406709039349337,-0.003453914424755256,-0.13958224589144436,0.8564893795008746,-0.29068597120887063,0.9897704992355871,-0.029401554621054548
60.0,5.54,-0.13747546178462136,-0.4053287177557286,-0.003495072617559262,-0.14018121067283273,0.8554433785145183,-0.29153788351670074,0.9896797805022136,-0.02960255310877969
60.0,5.56,-0.13847361585700438,-0.4065879455300863,-0.003536656323607332,-0.14078129387604854,0.8543936044666594,-0.29238739217536175,0.9895884504421039,-0.029804706725991795
60.0,5.58,-0.13947537168496277,-0.40784476238512213,-0.0035786694289679875,-0.14138253661943734,0.8533400480162487,-0.2932345117891194,0.9894965052335803,-0.030008016432998608
60.0,5.6,-0.14048065565148524,-0.4090991819068818,-0.0036211146284209693,-0.14198493174437563,0.8522827223090885,-0.29407919798783183,0.9894039404463181,-0.03021249180637155
60.0,5.62,-0.1414896082306165,-0.4103511447015031,-0.003663999595526624,-0.14258847189736584,0.8512216242892621,-0.29492145078402215,0.98931075192057,-0.030418140691946927
60.0,5.64,-0.14250208276021967,-0.41160068511166836,-0.003707325872517845,-0.1431931993031576,0.850156751928307,-0.29576127045802103,0.9892169353666689,-0.030624967465161617
60.0,5.66,-0.14351822077360674,-0.41284774379655154,-0.003751097881474011,-0.14379907405116127,0.8490881126178534,-0.2965986272409774,0.9891224863811889,-0.0308329799448436
60.0,5.68,-0.14453787656780315,-0.4140923613028574,-0.003795322232982929,-0.14440613873076377,0.8480157087248441,-0.29743350624153064,0.989027400605799,-0.03104218421294019
60.0,5.7,-0.14556111693715462,-0.4153344942246371,-0.003839999697116424,-0.1450144034454267,0.8469395332880237,-0.2982659224783926,0.9889316736792397,-0.03125258979688604
60.0,5.72,-0.14658794192678315,-0.4165741387028002,-0.0038851377548083845,-0.14562384478386042,0.8458595982668277,-0.2990958310859557,0.9888353012214818,-0.031464199302027505
60.0,5.74,-0.1476184195752447,-0.4178112511426805,-0.003930737201931391,-0.14623447286157454,0.8447759011189283,-0.29992323192702025,0.9887382784574199,-0.03167702394936498
60.0,5.76,-0.14865240111322753,-0.4190458701751887,-0.003976804856649658,-0.1468463316887199,0.8436884455735674,-0.3007481104141933,0.9886406012194678,-0.03189106633075168
60.0,5.78,-0.1496899596328381,-0.42027796752233726,-0.004023345330442096,-0.1474593811714146,0.8425972272905772,-0.30157046563317447,0.9885422647134426,-0.03210633764456713
60.0,5.8,-0.15073108702257024,-0.42150751668672265,-0.004070362996289122,-0.14807366589492388,0.8415022511450188,-0.30239028329659645,0.988443264244599,-0.03232284217196888
60.0,5.82,-0.15177585937820737,-0.42273449405994873,-0.004117863468179314,-0.14868917980489335,0.8404035245010717,-0.30320753341514156,0.9883435953395538,-0.03254058764501199
60.0,5.84,-0.15282412134213172,-0.42395892655129885,-0.004165849800662613,-0.14930591685612782,0.839301043316269,-0.30402221502593824,0.9882432531739573,-0.03275958177294143
60.0,5.86,-0.1538760214840358,-0.42518075976359715,-0.00421432602204837,-0.14992390546438183,0.8381948127920289,-0.3048343138630682,0.9881422330852073,-0.032979830532261056
60.0,5.88,-0.15493140723460186,-0.42640003172588375,-0.004263297363966139,-0.15054312248520735,0.8370848305202154,-0.3056438128603191,0.9880405301170962,-0.03320134160508337
60.0,5.9,-0.15599042290326426,-0.4276166733328084,-0.004312768430160271,-0.15116361411493748,0.8359711042846802,-0.3064507151725447,0.9879381389625262,-0.03342412264975672
60.0,5.92,-0.15705299181985782,-0.4288307014621456,-0.004362744536879831,-0.15178535737329282,0.834853641063921,-0.30725499053542765,0.9878350563519146,-0.03364818138171719
60.0,5.94,-0.15811911162317113,-0.43004210648475155,-0.0044132325492291105,-0.15240838157239248,0.8337324209428858,-0.3080566318376132,0.9877312751978943,-0.03387352364899773
60.0,5.96,-0.15918885349022766,-0.43125084637256983,-0.004464232543109406,-0.15303266383785036,0.8326074732843579,-0.3088556169887566,0.9876267922121382,-0.034100157143042896
60.0,5.98,-0.1602620630627845,-0.4324569625556904,-0.004515754656821094,-0.1536582514800569,0.831478782577995,-0.30965195690561487,0.9875216018217859,-0.03432808946515341
60.0,6.0,-0.16133888896786827,-0.43366039061575495,-0.004567801703039823,-0.1542851217192706,0.830346359175557,-0.3104456224220032,0.9874156984441823,-0.034557328203324654
60.0,6.02,-0.16241925019002562,-0.4348611400097325,-0.004620374835649818,-0.15491328718225703,0.8292101986123794,-0.31123659535464976,0.987309077684203,-0.03478787924899413
60.0,6.04,-0.16350322274866974,-0.43605917917552467,-0.0046734860527723595,-0.15554276040716733,0.8280703156502409,-0.3120248646839689,0.9872017338791077,-0.03501975188752809
60.0,6.06,-0.16459064713762775,-0.43725454224119253,-0.004727136067035106,-0.15617353650621169,0.8269267006052846,-0.3128104266725259,0.9870936614775808,-0.03525295194426764
60.0,6.08,-0.165681675873997,-0.4384471695642765,-0.004781329390200315,-0.1568056465633511,0.8257793493722138,-0.3135932630706597,0.9869848559322855,-0.03548748871759903
60.0,6.1,-0.16677622735601505,-0.43963707252343437,-0.004836074971843851,-0.15743908577100754,0.8246282864881784,-0.3143733664677213,0.9868753127459321,-0.03572336976988973
60.0,6.12,-0.16787437304878913,-0.4408242049030826,-0.004891376901407146,-0.1580738676308358,0.8234734985697557,-0.31515071502906417,0.9867650240650765,-0.03596060080412152
60.0,6.14,-0.16897603681403195,-0.44200859421136934,-0.004947238160981013,-0.15870996934018725,0.8223149913824526,-0.31592529414098,0.9866539864459899,-0.03619919111846486
60.0,6.16,-0.17008121138249394,-0.4431902190363296,-0.005003664017276762,-0.15934744113296687,0.8211527747265702,-0.31669710718648364,0.9865421931516666,-0.03643914642867586
60.0,6.18,-0.17118989340359486,-0.44436906838685564,-0.0050606636582498,-0.1599862786385688,0.8199868411637639,-0.31746611793415225,0.9864296395801302,-0.036680475963508395
60.0,6.2,-0.17230215736975255,-0.4455451014974805,-0.00511824017193975,-0.16062645911378465,0.8188171912710073,-0.3182323260927102,0.9863163199811231,-0.036923188894974625
60.0,6.22,-0.1734180007083051,-0.4467183073891176,-0.0051763990104687,-0.1612680337359892,0.8176438406618174,-0.3189957207117056,0.9862022287866679,-0.03716728921585734
60.0,6.24,-0.1745373387385516,-0.44788869552681904,-0.005235146128647073,-0.16191097986499098,0.8164667917856746,-0.31975626928396034,0.9860873590250379,-0.03741278774682685
60.0,6.26,-0.1756601703878014,-0.4490562611981478,-0.005294485888537543,-0.16255531203293422,0.81528603052629,-0.3205139820594495,0.9859717073134444,-0.03765969025838801
60.0,6.28,-0.17678656923198374,-0.4502209588214531,-0.005354426151893282,-0.16320106371502188,0.8141015727853596,-0.3212688480905002,0.9858552655203854,-0.03790800749638759
60.0,6.3,-0.17791645418361432,-0.4513828095728727,-0.005414969535569514,-0.16384819356866814,0.8129134214221387,-0.32202083488378225,0.9857380291720312,-0.03815774343755814
60.0,6.32,-0.17904989728064233,-0.4525417627948282,-0.005476127502835151,-0.16449675410727732,0.8117215738794534,-0.322769924184817,0.9856199923836091,-0.03840890888274956
60.0,6.34,-0.1801868171375856,-0.4536978405724424,-0.005537900503143571,-0.1651467229211572,0.8105260351351893,-0.32351613347080577,0.9855011481886199,-0.03866151285111313
60.0,6.36,-0.1813272883435969,-0.45485099755097214,-0.005600293748646589,-0.1657981344250567,0.8093268141204656,-0.32425941614263043,0.9853814909463819,-0.03891555922949235
60.0,6.38,-0.18247122716331057,-0.45600125151796533,-0.0056633199290900375,-0.16645098496385397,0.8081239030187317,-0.32499976807284614,0.9852610146666798,-0.03917106048861846
60.0,6.4,-0.18361871079499315,-0.4571485624732037,-0.005726980214086239,-0.16710527122290048,0.8069173127076752,-0.32573719254230854,0.9851397136178596,-0.03942802220316708
60.0,6.42,-0.18476973309769779,-0.4582929116084224,-0.0057912793315249055,-0.16776100905882813,0.8057070412146872,-0.3264716712282183,0.9850175819893663,-0.0396864516517364
60.0,6.44,-0.1859242120214697,-0.4594343233348958,-0.005856224987727109,-0.16841821448231797,0.80449310741757,-0.32720316148560963,0.9848946115519015,-0.039946359442631314
60.0,6.46,-0.18708221913460535,-0.460572741956885,-0.005921827925564807,-0.16907690365393427,0.8032754925415395,-0.32793168719046095,0.9847707976037078,-0.040207752865006885
60.0,6.48,-0.18824367424973207,-0.46170819808250024,-0.005988085791819654,-0.16973705431895503,0.8020542100052772,-0.32865721974816875,0.984646133092912,-0.0404706408180029
60.0,6.5,-0.18940865375118554,-0.46284064670838826,-0.006055012384956998,-0.1703986825907195,0.8008292641698225,-0.32937972688594563,0.9845206121591811,-0.040735030510544716
60.0,6.52,-0.19057714950542354,-0.4639700648418434,-0.006122610445685201,-0.17106182495049527,0.7996006515363236,-0.33009922208046566,0.9843942265921225,-0.04100093075836991
60.0,6.54,-0.191749076570042,-0.46509647380636754,-0.0061908865978580205,-0.17172645892387478,0.7983683859388241,-0.3308156768645059,0.9842669727014403,-0.04126835054689303
60.0,6.56,-0.1929245956115087,-0.4662198003432803,-0.00625984592386038,-0.17239260148672483,0.7971324698007346,-0.3315290907127836,0.9841388411891101,-0.04153729688915901
60.0,6.58,-0.19410345667910767,-0.46734012847417244,-0.006329500318613992,-0.1730602895822349,0.7958928988789059,-0.33223942761296554,0.98400982720534,-0.041807778687093455
60.0,6.6,-0.19528590030396997,-0.4684573457770126,-0.006399852834917575,-0.1737294809355411,0.794649685030389,-0.3329466908441744,0.9838799224874643,-0.0420798046801113
60.0,6.62,-0.19647175512008713,-0.4695714982399199,-0.006470909452470736,-0.17440021292750965,0.7934028127147943,-0.3336508721401782,0.983749120951081,-0.042353385401014826
60.0,6.64,-0.19766110371591372,-0.4706825518312189,-0.0065426754751366145,-0.1750725033591996,0.7921523205569208,-0.33435193703653815,0.9836174155863586,-0.0426285261636292
60.0,6.66,-0.19885393584504446,-0.471790479585623,-0.006615163931223913,-0.17574632948748045,0.7908981783580433,-0.3350498872701614,0.9834848002811635,-0.042905237462317766
60.0,6.68,-0.20005025037921592,-0.4728952764077324,-0.006688374883778731,-0.1764217297203258,0.789640410052041,-0.3357446984573076,0.9833512655859432,-0.04318352790597694
60.0,6.7,-0.20125004168332586,-0.47399692658419357,-0.006762322279641356,-0.17709870168937494,0.7883790097794536,-0.33643636614237993,0.9832168065662894,-0.0434634062804992
60.0,6.72,-0.20245322355181447,-0.4750954554007844,-0.006837005494027104,-0.17777726403524452,0.7871139835716877,-0.33712485831043637,0.9830814160088585,-0.043744881252847374
60.0,6.74,-0.20365987062242957,-0.47619080717563567,-0.006912437837148327,-0.17845739398797775,0.7858453439827274,-0.337810178249699,0.9829450855544802,-0.04402796141832885
60.0,6.76,-0.20486997732165543,-0.4772829667818277,-0.006988622648058448,-0.17913913076942006,0.7845730855081157,-0.3384923214347558,0.9828078080391908,-0.044312653685473435
60.0,6.78,-0.2060835428440161,-0.47837193030278863,-0.007065571091076281,-0.1798224724204159,0.7832972115089539,-0.3391712383395424,0.9826695759753071,-0.0445989718027373
60.0,6.8,-0.2073005593604362,-0.47945767755772556,-0.007143285811541654,-0.18050743808866604,0.7820177289564982,-0.33984694592581033,0.9825303833775716,-0.04488692097159135
60.0,6.82,-0.20852102381313276,-0.4805401995762681,-0.007221774951025336,-0.1811940260924026,0.7807346386919061,-0.34051942595380735,0.9823902206987858,-0.04517650964817074
60.0,6.84,-0.20974492839844316,-0.48161947654389464,-0.007301050729035795,-0.18188225551960355,0.7794479566581494,-0.3411886505169828,0.9822490816122503,-0.04546774984971582
60.0,6.86,-0.21097218346781454,-0.48269553117116565,-0.007381115104018894,-0.18257212509435022,0.7781576691081312,-0.3418546111309422,0.9821069577499983,-0.045760648322991836
60.0,6.88,-0.21220295439749814,-0.48376828168442354,-0.007461979597603657,-0.18326363311898078,0.776863795291393,-0.3425172974729883,0.9819638416212807,-0.04605521698659753
60.0,6.9,-0.21343715183115977,-0.4848377510094641,-0.007543651159445898,-0.18395682046862413,0.7755663366541719,-0.34317669139134616,0.981819724909489,-0.0463514608267734
60.0,6.92,-0.21467468075490412,-0.4859039519403759,-0.007626134197029744,-0.18465166484488038,0.7742652888158047,-0.3438327882604174,0.9816746011410517,-0.04664939348174265
60.0,6.94,-0.21591571273756333,-0.48696681321492763,-0.0077094413414033934,-0.18534818600254405,0.7729606744607618,-0.3444855468711649,0.9815284608399318,-0.04694901983743045
60.0,6.96,-0.21716015050756923,-0.4880263421733029,-0.0077935756347406425,-0.18604640437802247,0.7716524685924037,-0.345134985633864,0.9813812963677288,-0.04725035342876988
60.0,6.98,-0.21840799133700137,-0.4890825314773159,-0.007878549904616578,-0.18674634028803705,0.7703407030953939,-0.3457810673881949,0.9812330992666402,-0.04755340085909524
60.0,7.0,-0.21965914704936126,-0.49013541237204616,-0.007964367839588518,-0.18744794986189392,0.7690253741529272,-0.34642378752216224,0.9810838620286315,-0.04785817218741626
60.0,7.02,-0.22091377584383473,-0.49118487893352775,-0.008051044269003603,-0.18815129657518298,0.7677064841361766,-0.3470631279501163,0.9809335748692656,-0.048164677336886966
60.0,7.04,-0.22217179230959425,-0.49223096820091017,-0.008138578263068238,-0.18885638016884582,0.7663840355921896,-0.34769907060450944,0.980782231459753,-0.04847292465827028
60.0,7.06,-0.22343318883854688,-0.49327366235026626,-0.00822698440783856,-0.1895631778211744,0.7650580400522402,-0.34833160144726427,0.9806298218975428,-0.04878292573393324
60.0,7.08,-0.2246980466697355,-0.49431291018045426,-0.0083162703251714,-0.19027173248566692,0.7637285030723202,-0.3489607198190604,0.9804763375614259,-0.04909468875066191
60.0,7.1,-0.22596618324406625,-0.49534876671184336,-0.008406445136257526,-0.19098204361366464,0.7623954188264772,-0.34958640366152055,0.980321769728643,-0.049408223579937516
60.0,7.12,-0.22723777149155988,-0.4963811530559557,-0.008497514686153087,-0.1916941107663023,0.76105879660151,-0.35020862165803834,0.980166110874072,-0.049723538412159776
60.0,7.14,-0.22851262553614485,-0.4974101197386565,-0.008589490175857101,-0.192407977625952,0.7597186511518028,-0.35082737720563556,0.9800093509377926,-0.05004064642850181
60.0,7.16,-0.22979091914131156,-0.4984355873902536,-0.008682375592796096,-0.19312359970986387,0.7583749771828223,-0.35144264831387934,0.9798514812301062,-0.050359555705838624
60.0,7.18,-0.2310726400248759,-0.4994575270551915,-0.008776186677652372,-0.19384104312164707,0.757027780926216,-0.35205443430758576,0.9796924930455757,-0.050680274293742354
60.0,7.2,-0.23235761445273306,-0.5004760197484758,-0.008870930920218359,-0.19456026306923316,0.7556770784522203,-0.3526626908437033,0.9795323773958862,-0.05100281534305572
60.0,7.22,-0.23364600409914146,-0.5014909565877372,-0.008966614139792368,-0.19528132678605414,0.7543228552654145,-0.3532674396215748,0.9793711245008062,-0.05132718507705477
60.0,7.24,-0.23493763193767936,-0.5025024141063101,-0.009063243884476468,-0.1960041893330745,0.7529651278031295,-0.35386863637561444,0.9792087252436664,-0.05165339829524194
60.0,7.26,-0.23623275088320211,-0.5035102473436381,-0.009160836392949219,-0.19672891815459773,0.7516039090452419,-0.3544662673751865,0.9790451698997011,-0.05198145945183629
60.0,7.28,-0.2375310957736106,-0.5045145748952706,-0.009259395940598594,-0.19745546831209865,0.750239191056015,-0.35506034104735473,0.9788804504393812,-0.05231138334446675
60.0,7.3,-0.23883283235853997,-0.5055152924387848,-0.00935893104518102,-0.19818388543510485,0.7488709846176982,-0.3556508264480297,0.9787145557939874,-0.052643177724240806
60.0,7.32,-0.2401378652793919,-0.5065124255055664,-0.009459454015992273,-0.19891414676219463,0.747499303121457,-0.3562377099075841,0.9785474758215164,-0.052976853786790214
60.0,7.34,-0.24144619261747274,-0.5075059702339179,-0.00956097705961846,-0.19964629827441757,0.7461241343043017,-0.35682096549158787,0.9783792027053422,-0.05331242110956119
60.0,7.36,-0.24275789014711024,-0.5084958572187184,-0.009663503332359057,-0.2003803407896444,0.7447455028427429,-0.35740060081746267,0.9782097251367696,-0.05364989076261787
60.0,7.38,-0.24407286761110414,-0.5094821248574233,-0.009767046494861582,-0.20111627459375722,0.743363403066448,-0.3579765769655953,0.9780390330073816,-0.05398927213566078
60.0,7.4,-0.24539120389865482,-0.5104647094184644,-0.00987161442635976,-0.20185412351405024,0.7419778427637997,-0.358548893379073,0.9778671172212547,-0.054330576354542394
60.0,7.42,-0.24671280284042232,-0.5114436383615127,-0.009977221003383888,-0.20259388801745312,0.7405888297996378,-0.3591175494671017,0.9776939665048742,-0.05467381267979082
60.0,7.44,-0.24803765702320105,-0.5124188969291482,-0.010083873134449955,-0.2033355688808576,0.7391963654176643,-0.3596824934778635,0.9775195717215932,-0.05501899216940669
60.0,7.46,-0.2493658515161924,-0.5133904329043079,-0.01019157892799503,-0.20407919034909927,0.7378004600764674,-0.36024374193867065,0.9773439213656557,-0.05536612742602125
60.0,7.48,-0.2506972897034414,-0.5143582749254678,-0.010300353718842895,-0.20482477662308157,0.7364011261437474,-0.3608012644074094,0.9771670064500205,-0.0557152260256846
60.0,7.5,-0.25203205128216016,-0.5153223588031001,-0.010410207039119709,-0.2055723050529704,0.7349983529761109,-0.36135503508765304,0.9769888143022172,-0.056066300434447935
60.0,7.52,-0.2533700392701572,-0.5162827139084477,-0.010521143671228049,-0.20632180048501197,0.7335921661529915,-0.36190506181044285,0.9768093369226237,-0.05641935992771053
60.0,7.54,-0.2547112492334886,-0.5172393321978294,-0.010633182881046989,-0.20707328734971853,0.732182555380481,-0.3624513187837473,0.976628560470531,-0.056774416831016056
60.0,7.56,-0.25605575841118916,-0.5181921432363157,-0.010746328426556996,-0.20782676719818896,0.7307695359158944,-0.36299379274615773,0.9764464756797372,-0.05713148198563376
60.0,7.58,-0.2574035658419825,-0.5191411445459367,-0.01086059621456007,-0.20858226500960003,0.7293531147361073,-0.3635324663206253,0.9762630711135446,-0.05749056436085539
60.0,7.6,-0.25875457099104454,-0.5200863610835483,-0.010975992505767192,-0.20933975825149964,0.7279332926454681,-0.3640673348806766,0.9760783362382282,-0.0578516763616688
60.0,7.62,-0.260108857484368,-0.5210277340607918,-0.011092529759165822,-0.21009927220094526,0.726510081319064,-0.36459835150978137,0.9758922594732767,-0.05821482858344279
60.0,7.64,-0.26146632139937687,-0.5219652831447966,-0.011210224251418778,-0.21086083225597507,0.7250834775859706,-0.36512554119677315,0.9757048279910019,-0.058580033216933405
60.0,7.66,-0.26282705570673764,-0.5228989673727457,-0.01132908006672013,-0.21162444035394049,0.7236535018590592,-0.3656488613444891,0.9755160325153623,-0.05894729920781259
60.0,7.68,-0.26419104455900727,-0.5238287550367535,-0.011449112388901245,-0.2123900978173053,0.7222201620248347,-0.36616829481571755,0.9753258612964488,-0.05931663873353807
60.0,7.7,-0.26555819257934377,-0.5247546849647929,-0.01157033043264204,-0.2131578308723283,0.7207834450538373,-0.36668384546315896,0.9751343003144397,-0.0596880637915577
60.0,7.72,-0.2669284894293957,-0.52567673844209,-0.01169274962294187,-0.21392764103798506,0.7193433821651307,-0.36719549198520257,0.9749413401211486,-0.0600615849078921
60.0,7.74,-0.268302111635599,-0.5265948092722756,-0.01181637939205609,-0.21469955492358692,0.7178999569201966,-0.3677032046440751,0.9747469666499846,-0.060437213992875945
60.0,7.76,-0.2696788687537555,-0.5275089777613646,-0.011941235410363705,-0.2154735742472285,0.7164532027535836,-0.36820697912148387,0.9745511693893908,-0.060814959717777325
60.0,7.78,-0.2710587535383772,-0.5284192316713883,-0.012067322168652977,-0.21624970131897384,0.7150030972567649,-0.36870679823419555,0.9743539362580491,-0.06119483744592632
60.0,7.8,-0.27244193726607036,-0.5293254516292698,-0.012194656906233284,-0.2170279627828069,0.713549680547668,-0.3692026452815817,0.9741552533308252,-0.06157685555056351
60.0,7.82,-0.27382822850884886,-0.5302277197734321,-0.012323246625270215,-0.21780833587927792,0.7120929242140245,-0.3696945155383504,0.9739551097037921,-0.06196102767270647
60.0,7.84,-0.27521771586921906,-0.5311259823404991,-0.012453115484902539,-0.21859089747955676,0.7106328587290361,-0.37018237150279526,0.9737534912982183,-0.06234736379383025
60.0,7.86,-0.2766102934029176,-0.5320202629694311,-0.012584261637267686,-0.21937560030341222,0.7091694953419665,-0.3706662130919959,0.9735503861463677,-0.06273587569090178
60.0,7.88,-0.278006046863569,-0.532910501569717,-0.01271671048928127,-0.22016247105449005,0.7077028209406963,-0.3711460273855348,0.9733457821444383,-0.06312657679327614
60.0,7.9,-0.2794049662722412,-0.5337966798475723,-0.012850464628700797,-0.22095153808561563,0.7062328584179774,-0.37162177295746235,0.9731396651408295,-0.06351947693885042
60.0,7.92,-0.280807044845816,-0.5346787857744177,-0.012985544489464,-0.2217428034487813,0.7047596065588452,-0.37209347443694546,0.9729320219709652,-0.06391458768768178
60.0,7.94,-0.28221227582949543,-0.5355568074719285,-0.013121959059000387,-0.22253626983426297,0.7032830804837581,-0.3725610862793864,0.9727228392204084,-0.06431192394565763
60.0,7.96,-0.2836205523424384,-0.5364307703612436,-0.013259718891364396,-0.22333196562354263,0.7018032906887971,-0.3730245919829868,0.9725121050150527,-0.0647114938507206
60.0,7.98,-0.2850319609133953,-0.5373006137955632,-0.01339884483760503,-0.22412989303903924,0.7003202348162589,-0.3734839995592416,0.9722998036469527,-0.06511331205806714
60.0,8.0,-0.2864464947831712,-0.5381663262885078,-0.013539346180173488,-0.2249300549629441,0.6988339221618549,-0.3739392759848035,0.9720859230792149,-0.0655173883016099
60.0,8.02,-0.2878641405964256,-0.5390278840922811,-0.013681237758315968,-0.22573248000671342,0.6973443783623079,-0.37439039700937154,0.9718704486678492,-0.06592373720395898
60.0,8.04,-0.28928489156123427,-0.5398852759613996,-0.01382452903000656,-0.22653717128201625,0.6958515789980236,-0.3748373742116041,0.9716533660854021,-0.0663323682432049
60.0,8.06,-0.29070864654287865,-0.5407385415389574,-0.013969243008479059,-0.22734415732367366,0.6943555631588014,-0.3752801591372316,0.9714346617509916,-0.06674329600775011
60.0,8.08,-0.2921355806967636,-0.5415875561819916,-0.014115385433921827,-0.22815344170728818,0.6928563214005574,-0.37571875555101164,0.9712143222860448,-0.06715653163966455
60.0,8.1,-0.293565498336965,-0.5424324107636102,-0.014262972381532847,-0.22896500089270258,0.6913538655603605,-0.37615314726059274,0.9709923308138425,-0.06757208768872183
60.0,8.12,-0.2949984836968847,-0.5432730375892948,-0.01441201863273153,-0.22977891724555863,0.6898481997169645,-0.3765833138137059,0.970768673784101,-0.06798997687807509
60.0,8.14,-0.296434530017687,-0.5441094260785408,-0.014562538887908578,-0.23059514098871073,0.688339350631973,-0.37700923148248305,0.970543337736226,-0.06841021018069983
60.0,8.16,-0.29787371883058156,-0.5449415012643766,-0.014714550606880237,-0.23141372838034913,0.686827309633554,-0.37743090401388585,0.9703163067081866,-0.0688328017429068
60.0,8.18,-0.2993158498333926,-0.5457693502513479,-0.014868066359230341,-0.23223465619299363,0.6853120880284101,-0.377848299120785,0.9700875649488216,-0.069257762261927
60.0,8.2,-0.30076101120134224,-0.5465929110856267,-0.015023098140943235,-0.2330579547177954,0.6837936920745455,-0.3782614129071993,0.9698570986718116,-0.06968510592063858
60.0,8.22,-0.3022091927065142,-0.5474121673987631,-0.015179666232252115,-0.23388365407706813,0.6822721401570683,-0.378670201369826,0.9696248907085545,-0.07011484659964334
60.0,8.24,-0.3036603840964107,-0.548227102934583,-0.015337783522924892,-0.23471173095791947,0.6807474335657805,-0.37907468891761426,0.9693909275776947,-0.07054699328082142
60.0,8.26,-0.3051145750946738,-0.5490377015493796,-0.015497466506546126,-0.23554221587276175,0.6792195832751524,-0.3794748273634661,0.9691551919303896,-0.07098156141047586
60.0,8.28,-0.30657175893134747,-0.5498439535424109,-0.015658727733839986,-0.2363751399608575,0.6776885975262364,-0.37987062921456194,0.9689176688645075,-0.07141856314763102
60.0,8.3,-0.30803191824226195,-0.5506458303440562,-0.01582158865951477,-0.23721047928052066,0.6761544878115718,-0.3802620465311965,0.9686783410921757,-0.0718580121136255
60.0,8.32,-0.3094950461965873,-0.5514433224701144,-0.015986059793466113,-0.23804829278875808,0.6746172616057142,-0.3806490757281047,0.96843719365075,-0.07229992033679168
60.0,8.34,-0.31096113600984515,-0.5522364205863669,-0.016152161031910053,-0.23888852906972374,0.6730769265392591,-0.38103171320274654,0.9681942103058004,-0.07274430138738647
60.0,8.36,-0.31243017375100585,-0.553025102774349,-0.016319905006080705,-0.23973127502086242,0.6715334959817465,-0.38140992750387714,0.9679493726895718,-0.07319116690923057
60.0,8.38,-0.3139022456738454,-0.553809298782323,-0.0164893118792201,-0.24057647906169247,0.6699869779699078,-0.38178371514541853,0.9677026654925458,-0.07364053210680413
60.0,8.4,-0.31537714817557994,-0.5545891025735261,-0.016660396922916525,-0.24142420083316454,0.6684373719757721,-0.382153052161114,0.9674540713993363,-0.07409240856739659
60.0,8.42,-0.3168550642656595,-0.5553643890787996,-0.016833175975950146,-0.24227444466129658,0.6668847075067115,-0.3825179162181825,0.967203572805911,-0.07454681118356653
60.0,8.44,-0.3183357897615465,-0.5561352535186442,-0.01700766727998669,-0.2431271865567717,0.66532897786186,-0.3828782952057972,0.9669511534483924,-0.07500375148381329
60.0,8.46,-0.31981950449798663,-0.556901563608383,-0.017183886591980353,-0.243982486964504,0.663770191924812,-0.3832341857935666,0.9666967957884077,-0.07546324252675941
60.0,8.48,-0.32130610839948004,-0.5576633725661686,-0.01736185443964171,-0.24484035011883887,0.6622083788215407,-0.3835855499681625,0.9664404808779044,-0.07592530058234931
60.0,8.5,-0.32279558357647237,-0.558420652776515,-0.017541587243146375,-0.24570078052039315,0.6606435258935726,-0.383932387316132,0.9661821923560989,-0.07638993695624806
60.0,8.52,-0.32428791945476415,-0.5591733895439798,-0.01772310154427074,-0.24656378264169604,0.6590756493497714,-0.38427468311771973,0.965921910361657,-0.07685716430218227
60.0,8.54,-0.32578320692175466,-0.5599215178742062,-0.017906414007042196,-0.24742936092661835,0.6575047722939781,-0.38461241128071383,0.9656596180685946,-0.07732699883041202
60.0,8.56,-0.3272813304268792,-0.5606650667539529,-0.018091545584122945,-0.24829757696241778,0.6559308894946296,-0.3849455599597594,0.9653952967950541,-0.07779945143795843
60.0,8.58,-0.32878228687290084,-0.5614040347315483,-0.018278515559567457,-0.2491684067298408,0.6543540170055517,-0.3852740988694087,0.9651289274211704,-0.07827453799635654
60.0,8.6,-0.3302860580789877,-0.5621383946506896,-0.01846733884237596,-0.2500418839863078,0.6527741659981954,-0.38559804098489986,0.9648604921745902,-0.07875227101454872
60.0,8.62,-0.3317926333546164,-0.562868132362955,-0.018658039336516278,-0.2509179841236753,0.6511913379253864,-0.38591734731596633,0.9645899707523854,-0.07923266610595622
60.0,8.64,-0.33330210036444635,-0.5635931756629965,-0.018850630040166044,-0.2517967703577808,0.6496055578364854,-0.3862320081734801,0.9643173443419255,-0.07971573383746582
60.0,8.66,-0.33481435413851024,-0.5643135747741654,-0.019045137390629994,-0.2526782472017236,0.6480168359672871,-0.3865420050941109,0.9640425924322163,-0.08020149133184386
60.0,8.68,-0.3363293723908115,-0.5650292964017569,-0.01924157258777929,-0.2535623909288619,0.6464251686129467,-0.38684732654183035,0.9637656971129406,-0.08068995075856283
60.0,8.7,-0.3378471520657141,-0.5657403398344895,-0.019439957965679593,-0.2544492649339904,0.6448305733121893,-0.38714794290435195,0.9634866379384417,-0.08118112737995964
60.0,8.72,-0.33936777738204865,-0.5664466257469295,-0.01964031830366505,-0.25533884452408434,0.6432330624026348,-0.38744386738404407,0.9632053934588107,-0.08167503459055372
60.0,8.74,-0.34089113499950774,-0.5671481928266486,-0.019842669699890292,-0.2562311645777634,0.6416326458076752,-0.38773505044071277,0.9629219455167017,-0.0821716859747605
60.0,8.76,-0.34241731316743,-0.5678449679187564,-0.020047032906476126,-0.2571262600197347,0.6400293356809386,-0.38802148975012174,0.9626362713401008,-0.08267109632845132
60.0,8.78,-0.3439462061156436,-0.5685370035224088,-0.020253426415164106,-0.2580240766872926,0.6384231437621742,-0.38830316738361836,0.9623483515903625,-0.08317327895510372
60.0,8.8,-0.3454777910933736,-0.5692242668398325,-0.020461875986959362,-0.2589247089520819,0.6368140893755084,-0.38858006999519534,0.9620581654929318,-0.08367825032801135
60.0,8.82,-0.34701206510954014,-0.5699067579010895,-0.020672398290593294,-0.25982813274609584,0.6352021632975292,-0.3888521820179662,0.9617656901635678,-0.08418602494865454
60.0,8.84,-0.34854910884533985,-0.5705843898056026,-0.02088501244330645,-0.26073435357477515,0.63358739215316,-0.38911947918314477,0.9614709062984986,-0.08469661415185942
60.0,8.86,-0.3500888119619242,-0.5712572099895552,-0.021099742270173735,-0.2616433765453219,0.6319697746202549,-0.38938195055524855,0.9611737896884225,-0.08521003381992577
60.0,8.88,-0.3516312673346071,-0.5719251509217391,-0.021316616710343874,-0.2625552671747154,0.63034933825705,-0.38963958764574763,0.9608743205106675,-0.08572630012047872
60.0,8.9,-0.35317635223585425,-0.5725882410524404,-0.021535648476742025,-0.2634700015279736,0.6287260817705267,-0.389892364151918,0.9605724746254667,-0.08624542704643295
60.0,8.92,-0.35472415969545995,-0.5732464125117623,-0.021756864502203186,-0.264387615352451,0.6271000327373909,-0.39014025639702016,0.9602682313261616,-0.08676742710489152
60.0,8.94,-0.35627447457354505,-0.5738997698249393,-0.021980284871932414,-0.26530811461167897,0.6254711840853927,-0.39038326471114054,0.9599615672030439,-0.08729231752708976
60.0,8.96,-0.3578275862562027,-0.5745481141209541,-0.02220592982008755,-0.2662315052392041,0.6238395634873746,-0.3906213502534968,0.9596524591090825,-0.08782011208093023
60.0,8.98,-0.3593832793964773,-0.5751915503891569,-0.02243382439341104,-0.2671577927463243,0.6222051716132633,-0.39085451797407,0.9593408849650995,-0.08835082452570549
60.0,9.0,-0.3609415428336839,-0.5758300665137491,-0.022663996463456175,-0.2680870134614923,0.6205680230023899,-0.3910827510591138,0.959026819031157,-0.08888447155239136
60.0,9.02,-0.3625024660213542,-0.5764635872273944,-0.02289646483517651,-0.2690192048930265,0.6189281392742093,-0.3913060220204938,0.9587102391493872,-0.08942106669243448
60.0,9.04,-0.36406592483737044,-0.5770921434391442,-0.023131249944871944,-0.26995431091854516,0.61728552154001,-0.39152432065418635,0.9583911217062049,-0.08996062660793164
60.0,9.06,-0.36563201721482375,-0.577715672805733,-0.023368385684618527,-0.27089243044345945,0.6156401780582504,-0.39173762601825934,0.9580694422564444,-0.09050316439323214
60.0,9.08,-0.3672006228801982,-0.5783342136074776,-0.0236078834192242,-0.27183350796577593,0.6139921454600088,-0.3919459201158729,0.957745174898962,-0.09104869626257493
60.0,9.1,-0.3687718315689937,-0.5789476898845068,-0.02384977965147837,-0.2727776114710062,0.6123414047055873,-0.3921491947079836,0.9574182960553427,-0.09159723684340398
60.0,9.12,-0.37034562803161464,-0.579556082660937,-0.02409409629691114,-0.27372474756198734,0.6106879929011028,-0.3923474320440498,0.9570887808435135,-0.09214880220690251
60.0,9.14,-0.37192179871489534,-0.5801595095524262,-0.024340852631751626,-0.2746748911868262,0.6090319053526905,-0.39254060267929103,0.956756602296823,-0.09270340641427863
60.0,9.16,-0.3735006274384044,-0.5807577511807979,-0.024590076474564643,-0.27562811202082566,0.6073731659519148,-0.39272871049140173,0.9564217378166205,-0.09326106382548943
60.0,9.18,-0.3750819047618065,-0.5813509323213851,-0.024841797113549113,-0.2765843841887077,0.6057117914666811,-0.39291172468824,0.956084157665927,-0.0938217930367285
60.0,9.2,-0.37666571218686035,-0.5819389627796406,-0.025096032378542063,-0.27754371457340365,0.6040477921403202,-0.39308962527233937,0.9557438393235564,-0.09438560647824268
60.0,9.22,-0.3782519368561395,-0.5825218967653458,-0.025352820619954884,-0.2785061728413048,0.6023811648116212,-0.39326241341178914,0.955400753132575,-0.09495252080495512
60.0,9.24,-0.37984066905293845,-0.5830996571235055,-0.025612177250807572,-0.2794717342908355,0.6007119410011232,-0.39343005277434956,0.9550548752259033,-0.09552254974187496
60.0,9.26,-0.38143178694748764,-0.5836722854114599,-0.025874133416174974,-0.2804404374301338,0.599040125020489,-0.39359254923218295,0.9547061756962275,-0.09609571133021089
60.0,9.28,-0.38302537652032903,-0.5842396973872156,-0.026138717613741855,-0.2814122887617866,0.5973657420155778,-0.3937498623388131,0.9543546293232776,-0.09667202057370486
60.0,9.3,-0.3846214308712374,-0.5848018883815765,-0.0264059585846719,-0.28238729473490237,0.5956887899762637,-0.3939019936153796,0.954000206449599,-0.09725149189095095
60.0,9.32,-0.38621992984033515,-0.5853588336493047,-0.02667587542387527,-0.28336546267492546,0.5940092878251125,-0.394048913395676,0.9536428805034203,-0.09783414155350627
60.0,9.34,-0.38782075533175514,-0.5859105829427377,-0.02694850532682746,-0.2843468312147842,0.5923272615750409,-0.39419061169676356,0.9532826226716417,-0.09841998546102226
60.0,9.36,-0.3894238956413339,-0.5864571260087209,-0.027223875972200353,-0.28533144031486546,0.5906427101220031,-0.39432707539115525,0.9529194053680153,-0.09900903781182019
60.0,9.38,-0.3910295394777404,-0.5869983094595251,-0.027502010847591706,-0.28631923098221385,0.5889556464154637,-0.39445828564509483,0.9525531973280318,-0.09960131563683886
60.0,9.4,-0.39263746606201555,-0.5875342518686019,-0.02778294121654447,-0.2873102760518717,0.5872661041340205,-0.39458422261856,0.9521839705321408,-0.1001968361498385
60.0,9.42,-0.39424776625303115,-0.5880648744896046,-0.02806669555570298,-0.2883046160408706,0.5855740763839204,-0.3947048690244752,0.9518116961679443,-0.10079561296942956
60.0,9.44,-0.39586031216268514,-0.5885902154211167,-0.028353308016689747,-0.28930219048166333,0.5838795769040559,-0.39482022124544913,0.9514363428395256,-0.10139766264611821
60.0,9.46,-0.3974752038462332,-0.5891102091001064,-0.028642805808797748,-0.2903030735767094,0.5821826403444937,-0.3949302452324696,0.951057880380258,-0.10200300001979026
60.0,9.48,-0.3990924205959022,-0.5896248315026887,-0.02893521162026918,-0.29130723931168023,0.5804832606652344,-0.3950349387744751,0.9506762782241927,-0.1026116430844234
60.0,9.5,-0.40071194156676965,-0.5901340586739028,-0.029230565131779476,-0.2923147274566499,0.5787814595599003,-0.3951342738313853,0.9502915062962598,-0.10322360468688112
60.0,9.52,-0.40233365195527254,-0.5906379505491305,-0.02952890137629741,-0.2933255786783657,0.5770772587916455,-0.3952282372753522,0.9499035324848718,-0.10383890567892173
60.0,9.54,-0.40395774614097535,-0.5911363568026081,-0.02983024378768249,-0.2943397667940873,0.575370666837222,-0.39531682164715704,0.9495123246227827,-0.10445755666564188
60.0,9.56,-0.40558399683690827,-0.591629394485067,-0.03013462626855946,-0.29535736712433996,0.5736616927792351,-0.39540000497940236,0.9491178515991957,-0.10507957826183034
60.0,9.58,-0.4072123873099213,-0.5921170476631434,-0.030442079531091126,-0.2963783183357752,0.5719503661661799,-0.3954777646025895,0.9487200797063774,-0.10570498390992664
60.0,9.6,-0.40884311233527854,-0.5925991646097778,-0.03075263813060967,-0.2974026960999667,0.5702366898497085,-0.39555008894768995,0.9483189781056562,-0.10633379054654718
60.0,9.62,-0.4104759486039724,-0.5930758711754494,-0.031066331593050642,-0.2984304733715206,0.5685206736142253,-0.395616971060038,0.9479145117304393,-0.1069660127792166
60.0,9.64,-0.41211097811994635,-0.5935470729719537,-0.03138319680525566,-0.2994616915181038,0.5668023547961161,-0.39567837892768487,0.9475066472829212,-0.10760166857788496
60.0,9.66,-0.41374818417245535,-0.5940127535957134,-0.031703267431728514,-0.3004963577182477,0.5650817307353538,-0.3957342968879507,0.9470953516044269,-0.10824077406495827
60.0,9.68,-0.4153875595568981,-0.5944729104273944,-0.03202657584571339,-0.3015345143558854,0.563358818695545,-0.39578472301255996,0.9466805893112334,-0.10888334491848572
60.0,9.7,-0.4170290779569323,-0.5949275135884493,-0.032353161621437455,-0.30257616828200506,0.5616336366110097,-0.39582964108756763,0.9462623260677951,-0.10952939674108174
60.0,9.72,-0.4186726233951936,-0.595376626890629,-0.032683045035756114,-0.30362129301043506,0.5599062100987323,-0.3958690109908854,0.9458405271110041,-0.11017894823638968
60.0,9.74,-0.4203183867349919,-0.5958200884742255,-0.03301627903135962,-0.30466996447109235,0.558176537046796,-0.39590284630462586,0.9454151573111715,-0.11083201117168749
60.0,9.76,-0.4219661382757864,-0.5962580220011943,-0.033352893611715506,-0.3057221907918881,0.5564446437901754,-0.3959311073301761,0.9449861792516577,-0.1114886068800584
60.0,9.78,-0.42361597463311573,-0.5966903523164503,-0.03369292048039457,-0.3067779441443275,0.5547105490958958,-0.39595379297260724,0.9445535577209359,-0.11214874670754237
60.0,9.8,-0.4252678690219147,-0.597117049976095,-0.03403639394738253,-0.3078372676138305,0.552974259768238,-0.3959708788929549,0.9441172552082508,-0.11281245155120548
60.0,9.82,-0.42692180428016924,-0.5975380993537864,-0.034383359490691184,-0.30890020352054887,0.5512357957701994,-0.39598235007463345,0.9436772351367284,-0.11347973384363708
60.0,9.84,-0.42857777305958333,-0.5979534986901742,-0.03473384972032221,-0.30996672380724055,0.5494951836962956,-0.3959881962686737,0.9432334600996662,-0.1141506123861771
60.0,9.86,-0.43023564386322727,-0.5983632938972074,-0.035087900042593316,-0.3110368720775223,0.547752425140042,-0.39598838920105506,0.942785890668602,-0.11482510383944067
60.0,9.88,-0.431895608164405,-0.5987673197540129,-0.035445553075742264,-0.31211065520207837,0.5460075404723731,-0.3959829285765582,0.942334488860908,-0.11550322147132303
60.0,9.9,-0.43355754921451517,-0.5991656427291725,-0.03580684089335293,-0.3131880811951422,0.5442605515768464,-0.39597178607775735,0.94187921713551,-0.11618498338590737
60.0,9.92,-0.4352213449981405,-0.599558323666029,-0.03617181219228848,-0.31426920378635037,0.5425114731425227,-0.39595495722368435,0.9414200335654259,-0.11687040691111941
60.0,9.94,-0.4368871772485672,-0.5999451821027351,-0.03654050236478177,-0.31535400526871854,0.5407603215292967,-0.3959324096389218,0.9409569009255448,-0.1175595063786417
60.0,9.96,-0.4385548291214644,-0.6003263691308822,-0.036912952530197204,-0.31644251486144603,0.5390071121475086,-0.39590413922655776,0.940489775917426,-0.1182523001274456
60.0,9.98,-0.4402243826666583,-0.6007017870584119,-0.037289196975444784,-0.31753474802521203,0.5372518614317614,-0.3958701280584916,0.9400186212329972,-0.11894880199469303
60.0,10.0,-0.44189592515804094,-0.6010713440319523,-0.037669281828505576,-0.31863072261295533,0.5354945861949468,-0.395830358436225,0.9395433921992717,-0.11964903130900577
60.0,10.02,-0.44356922916257385,-0.60143517938343,-0.038053247219535756,-0.3197304498149332,0.5337353097720766,-0.39578481745035743,0.939064049262561,-0.12035300112088587
60.0,10.04,-0.4452443766636859,-0.6017931948254801,-0.03844113495658138,-0.32083395186174607,0.531974043544106,-0.39573348331232755,0.9385805489593955,-0.12106072872427748
60.0,10.05,-0.44608263583143687,-0.6019700151321546,-0.038636566865588716,-0.32138712307340944,0.5310926699304539,-0.3957056439607481,0.9383372266503531,-0.12141600833385044
60.0,10.06,-0.44692135496690116,-0.6021453828548275,-0.038832992426537774,-0.3219412467100914,0.5302108115567284,-0.3956763435847316,0.938092849732021,-0.1217722330554722
60.0,10.08,-0.4486002462314832,-0.6024916439181622,-0.0392288553067856,-0.32305234627852086,0.5284456190756793,-0.39561338618202274,0.9376009075886393,-0.12248752580702504
60.0,10.1,-0.4502808222706883,-0.6028321200823107,-0.03962876612721722,-0.32416726924072814,0.526678497759918,-0.3955445898650539,0.9371046787326757,-0.12320662508167005
60.0,10.12,-0.45196317539743175,-0.6031667261610363,-0.04003277917199381,-0.32528603292926245,0.5249094536630038,-0.39546994297792254,0.936604119322341,-0.1239295486949273
60.0,10.14,-0.45364738252210735,-0.6034953550685143,-0.04044092603217922,-0.3264086537403456,0.5231385191433838,-0.3953894248370183,0.936099183750813,-0.12465631061752183
60.0,10.16,-0.45533322014672234,-0.6038181578822832,-0.04085326186711557,-0.32753514904806236,0.521365695035622,-0.3953030196763589,0.935589828317394,-0.1253869264490626
60.0,10.18,-0.4570208755985136,-0.6041349551816052,-0.04126982472060323,-0.32866553459824743,0.5195910135377313,-0.39521072100072796,0.9350760056131047,-0.12612141432510066
60.0,10.2,-0.4587101251008459,-0.6044458994363651,-0.04169066494534735,-0.3297998285065253,0.5178144901012024,-0.3951124953307028,0.9345576697068184,-0.12685978895217778
60.0,10.22,-0.4604011507716164,-0.6047508032863327,-0.042115826646282925,-0.33093804202379734,0.516036137840437,-0.39500835024326636,0.9340347744124031,-0.12760206636168242
60.0,10.24,-0.4620937285075061,-0.6050498205864464,-0.04254535627087496,-0.3320802016370614,0.5142559790028357,-0.39489825730626416,0.9335072713575123,-0.12834826197739083
60.0,10.26,-0.463788051092868,-0.6053427769200675,-0.04297930989041301,-0.3332263133032812,0.512474029383173,-0.3947821974273508,0.9329751129875022,-0.12909839267792753
60.0,10.28,-0.46548398920915335,-0.6056297323637833,-0.043417722762536706,-0.3343764012351042,0.5106903110996142,-0.39466015633253765,0.9324382506362369,-0.12985247486676185
60.0,10.3,-0.46718152434391536,-0.6059106737073172,-0.04386065234838788,-0.33553047515236134,0.5089048397447763,-0.3945321289020882,0.9318966349858834,-0.1306105212116055
60.0,10.32,-0.46888063254364876,-0.6061855808674707,-0.04430814644552699,-0.33668855782419865,0.5071176392081248,-0.3943980879239809,0.9313502168529805,-0.1313725507017651
60.0,10.34,-0.4705813005697192,-0.6064544478190458,-0.04476025176891787,-0.33785066044451867,0.5053287258652144,-0.394258028773331,0.9307989455590998,-0.13213857680179725
60.0,10.36,-0.4722835043452248,-0.6067172546856409,-0.045217022917167886,-0.33901680505897847,0.5035381186202694,-0.39411192032941034,0.9302427710112586,-0.13290861603057533
60.0,10.38,-0.47398733106743,-0.6069739059473452,-0.045678507001429294,-0.34018699890314286,0.5017458346880597,-0.393959758479351,0.9296816401049024,-0.1336826824690854
60.0,10.4,-0.4756925501256591,-0.6072245540730588,-0.046144760138154516,-0.3413612679308585,0.49995189852021615,-0.3938015305461479,0.9291155024554739,-0.1344607935420104
60.0,10.42,-0.4773993436219824,-0.607469006745568,-0.046615836881516416,-0.34253962243034325,0.4981563234495004,-0.3936372150783566,0.9285443036010522,-0.1352429640658423
60.0,10.44,-0.4791074916044794,-0.6077074318158967,-0.047091780832610335,-0.3437220781805676,0.4963591347531499,-0.39346679999217227,0.9279679914335799,-0.1360292071717576
60.0,10.46,-0.48081717618801434,-0.6079396359803769,-0.04757264854314752,-0.3449086532789544,0.4945603523628586,-0.39329026897137476,0.9273865120420638,-0.13681954031778668
60.0,10.48,-0.4825283839892553,-0.6081656130743291,-0.04805849656660205,-0.346099361832269,0.4927599841055676,-0.39310761008074163,0.9267998108973051,-0.1376139771773673
60.0,10.5,-0.4842408725671751,-0.6083855050698088,-0.048549382552994326,-0.34729422188210235,0.490958070209983,-0.39291879491856807,0.9262078321456384,-0.13841253249069224
60.0,10.52,-0.48595473442635045,-0.6085992229945353,-0.04904535807039056,-0.3484932483025274,0.4891546125407609,-0.39272382074600487,0.9256105196723701,-0.13921522221126945
60.0,10.54,-0.4876700510352454,-0.6088066627812591,-0.049546480683009354,-0.34969645104247765,0.4873496452714013,-0.3925226684186058,0.9250078186498445,-0.14002206042893797
60.0,10.56,-0.4893866969373775,-0.6090078971042012,-0.0500528102119933,-0.350903852043141,0.4855431780264499,-0.3923153271436825,0.924399669975293,-0.14083306017836505
60.0,10.58,-0.49110465282322197,-0.6092029142317523,-0.05056439362601335,-0.352115466939165,0.48373523336183705,-0.3921017824065341,0.9237860159259736,-0.1416482392316421
60.0,10.6,-0.4928238879997548,-0.6093916885108316,-0.05108130295249776,-0.35333130779315564,0.48192584109252457,-0.39188201160767694,0.923166798684338,-0.14246760831658123
60.0,10.62,-0.49454439435483416,-0.6095742224539159,-0.05160358560803371,-0.354551386035234,0.48011501223625663,-0.3916560048537406,0.9225419586211183,-0.1432911824002951
60.0,10.64,-0.49626624175415607,-0.6097503969863171,-0.05213130981388573,-0.3557757225865585,0.4783027706635746,-0.3914237486269764,0.9219114369049064,-0.14411897777754898
60.0,10.66,-0.49798930994071494,-0.6099202938365957,-0.052664524595474854,-0.3570043328940906,0.4764891420002598,-0.39118521692607705,0.9212751712015491,-0.14495100479936984
60.0,10.68,-0.49971357930878124,-0.6100839018151877,-0.05320330439650739,-0.3582372286749495,0.4746741373453671,-0.3909404135820608,0.9206331002907642,-0.14578728012073378
60.0,10.7,-0.5014390244463434,-0.6102412028187424,-0.05374770497742892,-0.35947442015270875,0.4728577832542837,-0.3906893132588932,0.9199851637044839,-0.14662781510576736
60.0,10.72,-0.5031656198291755,-0.6103921788489616,-0.0542977907484717,-0.36071592894523985,0.47104009312745115,-0.3904319075478457,0.9193312970310874,-0.14747262495789906
60.0,10.74,-0.5048934580056263,-0.610536737951059,-0.054853618553992144,-0.36196176513949163,0.46922110670394424,-0.39016816819879374,0.9186714363738685,-0.1483217211787443
60.0,10.76,-0.5066224010045179,-0.6106749428353191,-0.05541525334124383,-0.36321194609565804,0.46740082610649153,-0.38989809122198554,0.9180055183833844,-0.14917511815533568
60.0,10.78,-0.5083524288766385,-0.6108067828594355,-0.05598277212192737,-0.3644664787774102,0.46557929054532954,-0.38962166183472,0.9173334778580295,-0.15003282782715435
60.0,10.8,-0.5100836341423963,-0.6109321655021488,-0.05655622908870065,-0.3657253864788979,0.4637565045789601,-0.38933886398716416,0.9166552496087099,-0.15089486162441687
60.0,10.82,-0.5118158725878018,-0.6110511476697593,-0.05713568910669539,-0.3669886736796054,0.4619325014971152,-0.3890496917591598,0.9159707655574183,-0.15176123490960955
60.0,10.84,-0.513549135875025,-0.6111637331257408,-0.0577212260295508,-0.368256356334728,0.4601073004963379,-0.3887541136508579,0.9152799584306068,-0.15263195771098267
60.0,10.86,-0.5152833920671038,-0.6112698976083476,-0.05831290733209888,-0.3695284470562019,0.4582809183891609,-0.3884521236427251,0.9145827607127366,-0.15350704112028626
60.0,10.88,-0.5170187216952866,-0.6113695337627533,-0.05891079532782954,-0.3708049636247496,0.4564533912867044,-0.3881437045113121,0.913879101998009,-0.15438650011598332
60.0,10.9,-0.5187550097242731,-0.6114627353317297,-0.05951496452405278,-0.372085913144492,0.4546247248904862,-0.38782885441211123,0.9131689150802722,-0.15527034308773546
60.0,10.92,-0.5204922179574649,-0.6115494713469575,-0.060125484308303445,-0.373371307829639,0.4527949510021148,-0.3875075524080665,0.9124521267170029,-0.1561585817550693
60.0,10.94,-0.5222304327179785,-0.6116296409225274,-0.060742425415859565,-0.37466116406638383,0.45096408472591026,-0.3871797770445159,0.9117286657995204,-0.15705122760937065
60.0,10.96,-0.5239695268291413,-0.6117033249746557,-0.06136586370677846,-0.375955484098486,0.4491321624819164,-0.3868455251150934,0.9109984612499183,-0.15794829155464374
60.0,10.98,-0.5257094798087428,-0.611770513996202,-0.06199586613376793,-0.37725429373643393,0.44729919523391504,-0.38650477154012053,0.9102614388800354,-0.15884978335306313
60.0,11.0,-0.5274502590042258,-0.6118311845086295,-0.06263250919918069,-0.3785575905228924,0.4454652100431901,-0.38615750503501556,0.9095175250380946,-0.15975571551402343
60.0,11.02,-0.5291919566496123,-0.6118852419173768,-0.06327586709188464,-0.37986539458678065,0.4436302276932152,-0.3858037224725746,0.9087666449304741,-0.16066608826551027
60.0,11.04,-0.5309344331253646,-0.6119327547268302,-0.06392601918178867,-0.3811777117309472,0.4417942710864299,-0.3854434088671244,0.9080087186969693,-0.16158093628094763
60.0,11.06,-0.5326777806093841,-0.6119736279682111,-0.06458303297535109,-0.3824945541396173,0.4399573720370691,-0.3850765298805206,0.9072436766391057,-0.16250023650554837
60.0,11.08,-0.5344218592712645,-0.6120079309852902,-0.06524699742316872,-0.3838159348697134,0.43811953944070753,-0.3847030989821577,0.906471437368724,-0.1634240073098282
60.0,11.1,-0.5361666544099606,-0.6120356620145986,-0.06591797994311234,-0.3851418569140991,0.436280811231717,-0.3843230871887264,0.905691919787778,-0.16435228273293562
60.0,11.12,-0.537912126610912,-0.6120567912261042,-0.06659606428949498,-0.3864723340271415,0.43444119571152573,-0.3839364801312445,0.9049050490861255,-0.16528503193253313
60.0,11.14,-0.5396583740886376,-0.6120712299515857,-0.0672813342723865,-0.38780737531992027,0.4326007285175014,-0.38354327391588616,0.9041107432530685,-0.16622228738654912
60.0,11.16,-0.5414052566144241,-0.6120790492225069,-0.06797386693337241,-0.3891469863633404,0.43075943744724166,-0.38314344432031777,0.9033089169243497,-0.16716406387823143
60.0,11.18,-0.5431528599333002,-0.6120801459059666,-0.06867374158196267,-0.39049118145354533,0.42891733083208894,-0.38273699019048674,0.9024994927417959,-0.16811034432219693
60.0,11.2,-0.5449010435653785,-0.612074591881201,-0.06938103668703198,-0.39183996571615826,0.42707444435068176,-0.38232388078605767,0.9016823876350586,-0.16906114247031642
60.0,11.22,-0.546649798851135,-0.6120623931467752,-0.07009589317807964,-0.3931933329882594,0.4252307973489989,-0.3819041245955037,0.9008575144465574,-0.17001647053401275
60.0,11.24,-0.5483991925267031,-0.6120434248745331,-0.07081824940038157,-0.3945513270764547,0.4233864150055045,-0.3814776949621177,0.9000247901198107,-0.17097632443034927
60.0,11.26,-0.5501491027512103,-0.612017781360789,-0.07154837007651796,-0.3959139100171701,0.42154132619918555,-0.38104458200853747,0.8991841247100619,-0.17194073053833336
60.0,11.28,-0.5518996023235676,-0.6119853444566208,-0.07228624995420736,-0.3972811153781302,0.4196955440032665,-0.3806047749030459,0.8983354322625244,-0.17290968262405215
60.0,11.3,-0.5536505629758025,-0.6119462022662288,-0.07303195042142396,-0.39865295076200846,0.41784911171594197,-0.3801582500892144,0.8974786280262159,-0.17388317389816113
60.0,11.32,-0.5554019632451576,-0.6119003473018877,-0.07378567294172826,-0.40002939786215386,0.4160020303523701,-0.3797050123212638,0.8966136182219353,-0.1748612275073402
60.0,11.34,-0.5571538756115728,-0.6118476608676554,-0.07454734196979679,-0.4014104938176831,0.41415434616629065,-0.3792450275014901,0.895740313199153,-0.1758438340263129
60.0,11.36,-0.55890617808633,-0.6117882393969795,-0.07531723202143725,-0.40279621100407864,0.41230607096804933,-0.37877830997925543,0.8948586235154591,-0.1768309994633302
60.0,11.38,-0.5606589429525516,-0.61172196383117,-0.07609526741315263,-0.4041865818223704,0.41045723598587425,-0.37830482533669085,0.8939684547110093,-0.17782272795227227
60.0,11.4,-0.5624120417109901,-0.6116489244191802,-0.07688165501455939,-0.40558159057777243,0.40860786933675897,-0.3778245629520805,0.8930697166300317,-0.1788190073640364
60.0,11.42,-0.5641654461411357,-0.6115691072505036,-0.07767646208258955,-0.4069812474690742,0.40675798184344814,-0.3773375225942248,0.8921623078738823,-0.1798198710466405
60.0,11.44,-0.5659192346525009,-0.6114823997702463,-0.07847975457710976,-0.4083855531605591,0.4049076160095147,-0.37684368040752253,0.8912461386734075,-0.1808252888888408
60.0,11.46,-0.5676732786166803,-0.611388893521096,-0.07929167315849937,-0.4097945083677206,0.40305679047676274,-0.37634303011112996,0.890321109036352,-0.18183527639885427
60.0,11.48,-0.5694276628362495,-0.6112884826265201,-0.08011221464532656,-0.41120813165708814,0.40120553111549667,-0.3758355588654027,0.8893871202368216,-0.1828498321470718
60.0,11.5,-0.5711822455331858,-0.6111812454163247,-0.08094166342182264,-0.41262638545210373,0.3993538644261142,-0.3753212544083796,0.8884440747806887,-0.1838689539677419
60.0,11.52,-0.5729371047284978,-0.6110670686220854,-0.08177994695417502,-0.41404930634549575,0.3975018064169996,-0.37480010768333566,0.8874918712985865,-0.18489263789177343
60.0,11.54,-0.5746921182401569,-0.6109460525535696,-0.08262720689913959,-0.415476879108574,0.3956494025473193,-0.37427209801771805,0.8865304106993017,-0.18592087939864282
60.0,11.56,-0.5764472441010482,-0.610818170126922,-0.0834835902166783,-0.41690910682370036,0.393796659041187,-0.3737372201494213,0.8855595880101733,-0.18695367169745417
60.0,11.58,-0.5782025799610323,-0.6106833286401118,-0.08434924063952319,-0.4183459678475114,0.3919436270847409,-0.3731954590279078,0.8845792960407276,-0.18799103872426404
60.0,11.6,-0.5799580835797117,-0.6105415003549013,-0.08522415975178967,-0.4197874837903016,0.3900903032508792,-0.3726468130039134,0.8835894358266982,-0.1890329404962249
60.0,11.62,-0.5817135261808254,-0.610392888844665,-0.08610849473792852,-0.42123364177418204,0.3882367374624051,-0.37209125291846773,0.8825898965874275,-0.19007939796390547
60.0,11.64,-0.5834691849345909,-0.6102371629780273,-0.08700232154581887,-0.4226844480894591,0.38638294325438866,-0.37152878005389756,0.8815805703041396,-0.191130399240106
60.0,11.66,-0.5852248377266602,-0.6100745339188623,-0.08790586373499112,-0.4241398732524808,0.38452894786922576,-0.37095938265401807,0.8805613536497578,-0.1921859162159053
60.0,11.68,-0.5869804486862784,-0.6099049824121572,-0.08881912459324519,-0.4255999327331694,0.3826747856892203,-0.37038304293185786,0.8795321325688567,-0.1932459656052251
60.0,11.7,-0.5887360881934182,-0.6097283865917101,-0.08974218043565861,-0.427064621764432,0.3808204852723036,-0.36979975052980774,0.8784927915352884,-0.19431054643392837
60.0,11.72,-0.5904916339571458,-0.6095448506832759,-0.09067526079729361,-0.42853391836495913,0.3789660585903777,-0.36920950472646014,0.8774432285857119,-0.19537961125879
60.0,11.74,-0.592247162956845,-0.6093542594934692,-0.09161836958923787,-0.43000783219090855,0.3771115485194906,-0.36861228314895317,0.8763833210994862,-0.19645318723516994
60.0,11.76,-0.5940025393139283,-0.6091567040860937,-0.0925717371994363,-0.43148632966716527,0.37525697491813076,-0.36800807976391947,0.875312954961139,-0.19753125385754938
60.0,11.78,-0.5957577334838725,-0.6089521729085341,-0.09353544551100564,-0.43296940820268776,0.373402364834355,-0.3673968825934906,0.8742320130122644,-0.19861380470528214
60.0,11.8,-0.597512928329708,-0.6087404459749597,-0.09450950115211061,-0.43445708135445216,0.3715477524476691,-0.36677867388280205,0.8731403834141868,-0.19970080116038932
60.0,11.82,-0.5992677821906636,-0.6085218309537124,-0.095494139646468,-0.43594931803306836,0.36969315770289485,-0.36615346029238244,0.8720379423398216,-0.20079224867564285
60.0,11.84,-0.601022583949724,-0.6082960029251842,-0.09648944319731789,-0.4374461040544341,0.36783861407936597,-0.36552121060891885,0.8709245652862193,-0.2018881510936931
60.0,11.86,-0.6027769851662845,-0.6080632646613391,-0.09749557448086774,-0.43894742286711386,0.365984143018967,-0.36488193281383086,0.869800141263536,-0.2029884499037374
60.0,11.88,-0.6045311612729499,-0.6078233881983142,-0.0985126187187804,-0.4404532639511852,0.3641297731698176,-0.36423560368397595,0.8686645371395332,-0.20409316012762083
60.0,11.9,-0.6062851030406883,-0.6075763828889396,-0.09954066397543113,-0.44196362649730014,0.3622755401742951,-0.3635822198014275,0.8675176328466412,-0.2052022503071635
60.0,11.92,-0.6080386603969796,-0.6073223293561004,-0.10057987404927375,-0.44347848159735054,0.3604214719858736,-0.3629217701024467,0.8663593016728425,-0.20631571793348125
60.0,11.94,-0.6097919161700369,-0.6070611177222835,-0.10163041435570343,-0.44499779913182214,0.3585675890764806,-0.36225423595866224,0.8651894086250651,-0.20743352501041804
60.0,11.96,-0.6115447271117437,-0.606792836514619,-0.10269237518640198,-0.44652157080747323,0.35671392297385157,-0.36157962246347836,0.86400784558428,-0.2085556544280652
60.0,11.98,-0.6132971828980507,-0.6065173825074858,-0.10376584745200176,-0.44804978788642796,0.35486050618605514,-0.3608979104553977,0.862814456516611,-0.209682091937383
60.0,12.0,-0.6150492460416207,-0.6062347377784549,-0.10485107961919342,-0.44958240457990356,0.3530073594412522,-0.36020909405027135,0.8616091231346201,-0.21081279883055135
60.0,12.02,-0.6168006815788458,-0.6059451138197168,-0.10594808428107066,-0.451119418196905,0.3511545169000796,-0.3595131558090907,0.8603917166903259,-0.21194778009725848
60.0,12.04,-0.6185517692437942,-0.6056481709668899,-0.10705703396386973,-0.45266079924279795,0.3493020112617103,-0.35881008948807763,0.8591620940516027,-0.21308697176721608
60.0,12.06,-0.6203022811482939,-0.605344128272157,-0.10817810290778465,-0.4542065169566176,0.3474498657108095,-0.35809989159680944,0.8579201178030147,-0.21423037325086652
60.0,12.08,-0.6220521724609843,-0.6050329623504223,-0.10931138627469966,-0.4557565531143494,0.3455981065548289,-0.35738254921960244,0.8566656623097875,-0.21537793740445368
60.0,12.1,-0.6238015252042765,-0.6047145620046165,-0.1104570583681155,-0.4573108643538648,0.3437467649517407,-0.3566580544367767,0.8553985716636657,-0.21652965543699107
60.0,12.12,-0.6255503156957819,-0.6043889241291066,-0.11161514008991051,-0.4588694659229736,0.3418958790721188,-0.3559263942243644,0.8541187118418361,-0.21768547450819592
60.0,12.14,-0.6272984003827217,-0.6040561413272356,-0.11278596566849027,-0.4604322629339117,0.3400454715148573,-0.3551875643369432,0.8528259518573732,-0.21884537253984443
60.0,12.16,-0.6290457484012439,-0.6037162047484458,-0.11396955707923896,-0.4619992633464227,0.33819557427986313,-0.3544415454228756,0.8515201358066555,-0.22000930332793683
60.0,12.18,-0.630792546695099,-0.6033688924502426,-0.11516609509203907,-0.463570424558586,0.33634620948854604,-0.35368834496471313,0.8502011205771494,-0.2211772536909162
60.0,12.2,-0.6325384482123203,-0.6030145252377299,-0.11637576219180806,-0.46514570246255954,0.3344974170750768,-0.35292793959523583,0.8488687617164348,-0.2223491764175933
60.0,12.22,-0.6342837376710826,-0.6026527635028535,-0.11759865977433243,-0.4667250665644881,0.33264921704435946,-0.3521603344463774,0.8475229059312278,-0.2235250200022731
60.0,12.24,-0.6360281660420524,-0.6022838122394938,-0.11883489117331004,-0.46830849098269994,0.33080165107122284,-0.35138550818688363,0.8461634067494918,-0.2247047485073496
60.0,12.26,-0.6377717167916527,-0.6019076772116134,-0.12008464374435546,-0.4698959335708368,0.3289547394938284,-0.35060345390767245,0.8447901185785509,-0.22588832415446805
60.0,12.28,-0.6395144563780416,-0.6015242319084627,-0.12134818473946889,-0.4714873131850114,0.32710851499582777,-0.34981417767260314,0.843402887017099,-0.22707570469628954
60.0,12.3,-0.6412563533056695,-0.6011334676148516,-0.12262545952826683,-0.4730826533976693,0.3252630143417509,-0.3490176532302534,0.8420015392643387,-0.22826684070610934
60.0,12.32,-0.6429972785609589,-0.6007354949105467,-0.12391681911322305,-0.474681843481354,0.32341825465924035,-0.3482138822446911,0.8405859463777813,-0.2294616766058772
60.0,12.34,-0.6447371933532179,-0.6003302993755955,-0.12522229300948964,-0.47628488382440615,0.3215742797500357,-0.347402858324787,0.8391559296843473,-0.23066018839174723
60.0,12.36,-0.6464762830444969,-0.5999176549142187,-0.12654207136706522,-0.4778917088826892,0.31973111337463944,-0.3465845658001062,0.8377113510617904,-0.23186228201864795
60.0,12.38,-0.6482141943416128,-0.5994978850097245,-0.12787643114430275,-0.47950223441675943,0.3178887913917601,-0.3457590020720077,0.8362520204399482,-0.23306794128874478
60.0,12.4,-0.649951216999671,-0.5990706501274916,-0.1292253177448013,-0.48111646914145134,0.31604733357890574,-0.3449261591676821,0.8347777940033478,-0.23427709735222946
60.0,12.42,-0.6516871099786841,-0.5986361690450168,-0.13058909623400985,-0.48273430883029395,0.3142067837351075,-0.3440860310472064,0.8332885058685432,-0.23548968857669345
60.0,12.44,-0.6534218415888863,-0.5981944350338025,-0.13196779453909097,-0.48435572648275893,0.312367163666613,-0.3432386118838607,0.8317840010384818,-0.23670565392372206
60.0,12.46,-0.6551555811904288,-0.597745205948499,-0.13336169751425916,-0.4859806363610998,0.31052851184589897,-0.34238388998454067,0.830264079246486,-0.2379249482912675
60.0,12.48,-0.6568879988226416,-0.5972888312762767,-0.13477083607899426,-0.4876090147933805,0.3086908581566185,-0.34152185636808646,0.82872860603881,-0.2391474799466923
60.0,12.5,-0.6586193678279588,-0.5968249539309908,-0.13619549520792706,-0.48924076112046344,0.3068542311292616,-0.3406525125055526,0.827177393520111,-0.24037320199071285
60.0,12.52,-0.6603494400156507,-0.5963537896456559,-0.13763587859414309,-0.49087580123703717,0.3050186592269193,-0.339775847734499,0.8256102731410011,-0.24160203897108293
60.0,12.54,-0.6620781985785706,-0.595875346223434,-0.13909202135113638,-0.49251411316522564,0.30318418144166476,-0.3388918512324855,0.8240270641679974,-0.24283392476573099
60.0,12.56,-0.6638057039797874,-0.5953894917362212,-0.14056421361326582,-0.49415558994507847,0.3013508283629399,-0.3380005148701862,0.8224276011589949,-0.24406877927150397
60.0,12.58,-0.6655319314902485,-0.5948962265249496,-0.1420525752676485,-0.495800170944882,0.29951862336226115,-0.3371018460997074,0.8208117065518475,-0.2453065316045823
60.0,12.6,-0.6672567419019249,-0.5943956579483274,-0.1435572283797645,-0.4974478000334239,0.29768760755917123,-0.3361958248049887,0.8191791949885066,-0.24654710557758566
60.0,12.62,-0.6689802074253625,-0.593887664641349,-0.14507855693350205,-0.4990983439523661,0.2958578123665204,-0.3352824556389463,0.8175298871841308,-0.24779040819770248
60.0,12.64,-0.6707021919684664,-0.5933723576330329,-0.14661659768538374,-0.5007517616372325,0.2940292683743045,-0.334361718690716,0.815863601382502,-0.24903635827665832
60.0,12.66,-0.6724228701598756,-0.5928494972383458,-0.14817147444510767,-0.5024079859280769,0.2922020000490711,-0.333433622395786,0.8141801576560348,-0.250284872062615
60.0,12.68,-0.6741418997169822,-0.5923194305172319,-0.149743487489432,-0.5040668960776452,0.290376052899661,-0.33249815211742917,0.8124793685924895,-0.2515358603306348
60.0,12.7,-0.675859557581581,-0.5917817991706715,-0.15133285340024738,-0.5057284000232825,0.2885514527362811,-0.3315553060982869,0.810761035023123,-0.25278924244778356
60.0,12.72,-0.6775755019230126,-0.5912369523879197,-0.15293960810842241,-0.5073924391362745,0.2867282290895945,-0.33060507502723335,0.8090249917352476,-0.25404489843013495
60.0,12.74,-0.6792900090106772,-0.5906845304039814,-0.15456415102617918,-0.5090588757506425,0.2849064193071928,-0.32964745861990047,0.8072710206901893,-0.25530275052193396
60.0,12.76,-0.6810028396968538,-0.5901247649995558,-0.15620651843784494,-0.5107276413515781,0.28308605529404357,-0.3286824503798223,0.8054989565693089,-0.25656268750146033
60.0,12.78,-0.6827140642550973,-0.589557533046062,-0.15786693004530428,-0.5123986294604906,0.2812671701850567,-0.32771004526289216,0.8037085947192685,-0.25782459778468875
60.0,12.8,-0.6844235469180504,-0.5889829492971217,-0.15954551932012315,-0.514071764710092,0.2794497951139929,-0.3267302359239144,0.8018997331415479,-0.2590883978790353
60.0,12.82,-0.6861313568725781,-0.5884008896852565,-0.16124268476974304,-0.5157468680543018,0.27763395681505554,-0.32574302137724825,0.8000721902722914,-0.2603539453454558
60.0,12.84,-0.6878374618333074,-0.58781135052622,-0.16295847125457708,-0.5174238808475431,0.27581970354246627,-0.32474839132998223,0.7982257460002401,-0.26162115878720105
60.0,12.86,-0.6895417253956168,-0.5872144472988604,-0.16469310413605115,-0.5191026865588694,0.27400706132391534,-0.323746344119521,0.7963602239371002,-0.2628898900023217
60.0,12.88,-0.6912442170800784,-0.5866100562296896,-0.16644680466194547,-0.520783147841045,0.2721960575820584,-0.32273687954143465,0.7944754137298227,-0.26416003756396833
60.0,12.9,-0.6929448005887849,-0.585998293736062,-0.1682198032116251,-0.5224651482954396,0.27038673796571955,-0.3217199847009487,0.7925711031776854,-0.26543147989893207
60.0,12.92,-0.6946435451353802,-0.5853790357935532,-0.17001223255604456,-0.5241485742049609,0.2685791237949705,-0.32069566361580715,0.7906470922693684,-0.2667040646389223
60.0,12.94,-0.6963404165959417,-0.5847522782246476,-0.17182432336362072,-0.5258332980750586,0.2667732490533114,-0.31966391239659914,0.7887031882412435,-0.2679776839471023
60.0,12.96,-0.698035279647799,-0.5841181395303043,-0.17365630590487446,-0.5275191833235672,0.2649691601926476,-0.3186247195708828,0.7867391651724932,-0.2692521837928594
60.0,12.98,-0.69972820223651,-0.5834764946438865,-0.17550840791729577,-0.5292060780380982,0.2631668796475983,-0.3175780903086067,0.7847548319848479,-0.27052743303964305
60.0,13.0,-0.7014191508945196,-0.5828273405849199,-0.17738086458972122,-0.530893845288806,0.26136644495842865,-0.3165240139297794,0.7827499598456964,-0.27180329852513035
60.0,13.02,-0.7031079896927768,-0.582170796592741,-0.17927371851878166,-0.5325823830227763,0.25956788954699506,-0.31546248619882067,0.7807243555793149,-0.27307960894240274
60.0,13.04,-0.7047947852876261,-0.5815067365731439,-0.18118739248590884,-0.5342714864293342,0.25777124575871446,-0.31439351279615363,0.7786777972467794,-0.27435622442115964
60.0,13.06,-0.7064794043203995,-0.5808352827180987,-0.18312202622063764,-0.5359610221256812,0.255976546930907,-0.3133170893515561,0.7766100664312416,-0.27563300152502634
60.0,13.08,-0.7081620135732514,-0.5801561844317735,-0.18507785763381643,-0.5376508345968053,0.2541838333406577,-0.3122332089227633,0.7745209538925748,-0.27690974950180186
60.0,13.1,-0.7098422747657485,-0.579469809744492,-0.1870550233132339,-0.5393407726830116,0.25239313541833036,-0.3111418638065772,0.7724102438950444,-0.2781863315288874
60.0,13.12,-0.711520458746807,-0.5787757866142019,-0.18905385944524608,-0.5410306479489561,0.25060448556976944,-0.3100430597955417,0.7702777123857333,-0.27946255707112166
60.0,13.14,-0.7131963271316831,-0.5780743593778127,-0.19107450883050855,-0.5427203150321572,0.24881792276471124,-0.3089367886494821,0.7681231425933469,-0.28073827881438196
60.0,13.16,-0.7148698472875681,-0.5773655280215577,-0.19311720706660337,-0.5444095862391339,0.24703347957160754,-0.30782305642141855,0.7659463148897205,-0.2820132824350265
60.0,13.18,-0.7165411853742165,-0.5766490405930467,-0.1951820999976098,-0.5460983166187,0.24525118952298472,-0.3067018483138289,0.7637470121036651,-0.283287410088089
60.0,13.2,-0.7182101044257629,-0.5759251443982794,-0.1972696157971513,-0.5477862429718141,0.2434710884005986,-0.3055731743993447,0.7615250048696365,-0.28456046366225934
60.0,13.22,-0.7198765717064918,-0.5751938399614799,-0.19937980699475127,-0.549473247004811,0.24169321046330877,-0.30443703186966176,0.7592800723202342,-0.28583225786764954
60.0,13.24,-0.7215407516622017,-0.5744548734705972,-0.2015130065721122,-0.5511590849073893,0.23991759139621208,-0.3032934088872628,0.7570119858113187,-0.2871025837766848
60.0,13.26,-0.7232024096223374,-0.5737084958539584,-0.2036693612576227,-0.55284359099461,0.23814426100725536,-0.3021423189002464,0.7547205253869197,-0.2883712451866164
60.0,13.28,-0.7248615102591106,-0.5729547061967509,-0.20584911441350365,-0.5545265610521073,0.23637326617608076,-0.3009837427283476,0.7524054637536153,-0.28963802223273694
60.0,13.3,-0.7265181189094376,-0.5721933776277189,-0.20805250560932625,-0.5562077738967428,0.2346046266764662,-0.299817691911176,0.7500665738700248,-0.29090270433473225
60.0,13.32,-0.728172200611438,-0.5714245093940336,-0.2102797775980831,-0.5578870103891792,0.23283839299662498,-0.29864416302328256,0.7477036289357605,-0.29216509000415547
60.0,13.34,-0.729823719526463,-0.5706481002722029,-0.21253127162423593,-0.5595640099315697,0.2310745908666359,-0.2974631535268666,0.7453163971242547,-0.29342492447997387
60.0,13.36,-0.731472541154811,-0.5698642775513075,-0.2148069366033729,-0.561238649410831,0.22931325847250042,-0.2962746660480229,0.7429046543356348,-0.29468199491179153
60.0,13.38,-0.7331187301586644,-0.5690729139503641,-0.21710731057549604,-0.5629105850626822,0.22755443049539656,-0.29507869878630705,0.7404681617322729,-0.2959360611611327
60.0,13.4,-0.7347621514058568,-0.5682741370522381,-0.21943243805772453,-0.5645796422385386,0.22579814601692455,-0.293875245104114,0.7380067036745903,-0.2971868858014113
60.0,13.42,-0.7364028692185384,-0.567467819377536,-0.22178256446259884,-0.5662455803907125,0.22404443574330296,-0.2926643088593412,0.7355200282729344,-0.2984342102312002
60.0,13.44,-0.7380408467279255,-0.5666539599970302,-0.22415802721567274,-0.5679080955722369,0.22229333236277019,-0.29144589634965534,0.733007924171049,-0.29967778538980994
60.0,13.46,-0.7396760495744814,-0.5658325601327401,-0.22655897678055253,-0.569566982517012,0.22054488317591278,-0.29022000143322657,0.7304701580589945,-0.3009173316045597
60.0,13.48,-0.7413083430581328,-0.5650037492745706,-0.22898564963462278,-0.5712219600618171,0.2187991170647761,-0.28898662565140465,0.7279064910178966,-0.30215261947221334
60.0,13.5,-0.7429377899583854,-0.5641673989100057,-0.23143829029977897,-0.572872761665689,0.21705606757427678,-0.287745766082629,0.7253166976139354,-0.3033833284988508
60.0,13.52,-0.7445642558016595,-0.5633236394847031,-0.2339172412123659,-0.5745190683452349,0.2153157753111958,-0.2864974292298528,0.7227005449218823,-0.3046092171744852
60.0,13.54,-0.7461878038739198,-0.5624723429519578,-0.2364225444464599,-0.5761606780141721,0.2135782729599239,-0.28524161118235053,0.7200577953487887,-0.3058299749818128
60.0,13.56,-0.7478083979632361,-0.5616135101930642,-0.23895453693069618,-0.5777972484618488,0.2118436002849524,-0.28397831753090674,0.717388233463042,-0.30704532294336184
60.0,13.58,-0.749426001826072,-0.5607471422856163,-0.24151356211910394,-0.5794284436324457,0.2101117918041374,-0.28270754695807626,0.7146916075422198,-0.30825494404786974
60.0,13.6,-0.751040481472044,-0.5598733715853351,-0.24409966035451242,-0.5810540481300379,0.20838288185329168,-0.2814292979471507,0.7119677101130408,-0.3094585471562696
60.0,13.62,-0.752651898621647,-0.5589920690451987,-0.24671306167435678,-0.5826737318143855,0.2066569094103198,-0.28014357531661943,0.7092162982314091,-0.3106558030609071
60.0,13.64,-0.7542601195395975,-0.5581033679764581,-0.24935421381440095,-0.5842871053896962,0.20493390601648534,-0.27885038410134094,0.7064371543034215,-0.31184638541654996
60.0,13.66,-0.755865205591047,-0.5572071391625472,-0.2520231489458835,-0.5858939260994878,0.20321391776944395,-0.2775497185689275,0.7036300371214563,-0.3130299933637545
60.0,13.68,-0.7574671203986864,-0.5563033846670341,-0.2547202011627521,-0.5874938090263249,0.20149697129570843,-0.2762415873718059,0.7007947259005992,-0.31420625286437887
60.0,13.7,-0.7590658284340895,-0.555392107392237,-0.2574456021484644,-0.5890864064099581,0.19978311265601134,-0.2749259851378889,0.697930995841886,-0.3153748383930245
60.0,13.72,-0.760661194751176,-0.5544734412814148,-0.26019948868723075,-0.5906714303364311,0.19807236874463116,-0.273602920810326,0.6950386268591772,-0.31653538836058137
60.0,13.74,-0.7622532808701603,-0.5535472574333944,-0.2629820841985506,-0.5922485090268924,0.19636478333592428,-0.2722723962802865,0.692117390064972,-0.31768755753423955
60.0,13.76,-0.7638419529955969,-0.5526136913896172,-0.26579382429852627,-0.5938171853808978,0.19466038633018742,-0.2709344144729579,0.6891670677920215,-0.3188309527272223
60.0,13.78,-0.7654273685787492,-0.5516724804973376,-0.2686347362798999,-0.5953771934482,0.19295922443137176,-0.2695889717629674,0.6861874311108248,-0.3199652247266534
60.0,13.8,-0.7670092966151328,-0.5507238936601758,-0.27150503713035173,-0.5969281360329708,0.1912613257790229,-0.26823607870796673,0.683178276574402,-0.32108996825589575
60.0,13.82,-0.7685877019543444,-0.5497679358113805,-0.27440505615782834,-0.5984695822384768,0.1895667330804818,-0.26687573638299766,0.6801393797635983,-0.32220480243927285
60.0,13.84,-0.7701627392394732,-0.5488043419776565,-0.2773349066061705,-0.6000011757871749,0.18787548261015521,-0.26550794697103075,0.67707053153263,-0.3233093146175638
60.0,13.86,-0.7717341801711207,-0.5478333845982152,-0.2802949153968367,-0.6015224719135895,0.18618760662141187,-0.2641327168225729,0.6739715215764803,-0.3244030962158517
60.0,13.88,-0.7733019877915367,-0.5468550679458094,-0.2832852972308735,-0.6030330528676379,0.1845031493997692,-0.2627500497615098,0.6708421309759356,-0.32548573877838577
60.0,13.9,-0.774866315674229,-0.5458691260186109,-0.28630615940664444,-0.6045325441816466,0.1828221382038436,-0.26135994510586386,0.6676821594279913,-0.3265568179009241
60.0,13.92,-0.776426937386639,-0.5448758341438396,-0.2893577086219156,-0.6060205092909853,0.18114462539834264,-0.25996240891238936,0.6644914083007057,-0.3276158707174098
60.0,13.94,-0.7779839108626055,-0.5438750614230597,-0.29244025536056395,-0.607496453747397,0.1794706333340313,-0.25855744328437347,0.6612696775992731,-0.32866248079700494
60.0,13.96,-0.7795371029288762,-0.5428669475643146,-0.29555400929104936,-0.6089599396341613,0.1778002130945351,-0.25714507215013194,0.6580167680161009,-0.3296961778501938
60.0,13.98,-0.7810866675084999,-0.5418512264679646,-0.29869905414829656,-0.6104105391732985,0.17613337813240318,-0.25572525566119964,0.6547324892178074,-0.3307164994280319
60.0,14.0,-0.7826323768308474,-0.540828174586196,-0.3018755972548874,-0.6118478091363826,0.17447020579091016,-0.2542980563335728,0.6514166582535198,-0.33172297560820335
60.0,14.02,-0.7841741938633778,-0.5397977976371344,-0.305083926097713,-0.613271196754514,0.17281069106183367,-0.25286342667255357,0.6480690717636257,-0.33271512892192073
60.0,14.04,-0.7857122714407911,-0.538759828521921,-0.3083242326185565,-0.6146802217344193,0.17115489718630805,-0.25142140898633086,0.6446895688862703,-0.3336924633013799
60.0,14.06,-0.7872463828343965,-0.5377145459426652,-0.3115965946433,-0.6160744438693565,0.16950285939940926,-0.24997198619685318,0.6412779620520217,-0.33465447157370665
60.0,14.08,-0.7887765846642109,-0.5366618185750014,-0.3149011862611947,-0.6174533487621955,0.16785461413221753,-0.24851519014189685,0.6378340953606986,-0.3356006509969392
60.0,14.1,-0.7903027458489573,-0.5356017901057396,-0.3182382931731053,-0.6188163732621155,0.16621020348473378,-0.2470510141297218,0.6343577801068534,-0.3365304836485363
60.0,14.12,-0.7918249226328381,-0.5345343290988602,-0.3216080791141481,-0.6201629791989918,0.164569645468293,-0.24557943461084217,0.6308488718989581,-0.3374434340611994
60.0,14.14,-0.7933430783183653,-0.5334594423468739,-0.3250106063822699,-0.6214926989518441,0.16293299567269187,-0.24410049321551952,0.6273072168190248,-0.33833896353569287
60.0,14.16,-0.7948571743798789,-0.5323771356258272,-0.3284460260567198,-0.6228049737941476,0.16130027963193147,-0.2426141775558361,0.6237326581035263,-0.3392165190284766
60.0,14.18,-0.7963670795539237,-0.5312875539238011,-0.3319146011365964,-0.6240991936958209,0.15967154965538682,-0.24112050636346694,0.6201250584147779,-0.34007554499469245
60.0,14.2,-0.7978729436964432,-0.5301904275663024,-0.3354164818682479,-0.6253747970651833,0.15804683474974035,-0.23961948187843862,0.616484277637859,-0.3409154571888036
60.0,14.22,-0.7993744506661653,-0.5290861807417476,-0.3389516966466694,-0.626631259313224,0.15642617222034502,-0.2381111096565236,0.6128101854488779,-0.3417357055188123
60.0,14.24,-0.8008718386072097,-0.5279744017211867,-0.34252037346808173,-0.6278679834600025,0.15480962528730247,-0.23659542595591532,0.6091026609041906,-0.342535675336008
60.0,14.26,-0.8023648872500259,-0.5268553784880499,-0.3461227565803613,-0.629084325924987,0.15319718145136163,-0.23507236970762174,0.6053615998942142,-0.3433147759058851
60.0,14.28,-0.8038536504012664,-0.5257289786028219,-0.3497588537953586,-0.6302797331355725,0.15158892568833368,-0.23354201980108252,0.6015868716348428,-0.34407238742833435
60.0,14.3,-0.8053380904490028,-0.5245952099694162,-0.35342877235908304,-0.6314535771307727,0.14998488019632003,-0.23200435042872636,0.5977783961417241,-0.34480790472842204
60.0,14.32,-0.8068181679288879,-0.5234540795039392,-0.3571327319253662,-0.6326051741565736,0.14838506414030825,-0.2304593486622619,0.5939360812525463,-0.34552068762207394
60.0,14.34,-0.8082937550018465,-0.522305737228779,-0.36087071733253706,-0.6337339412918065,0.14678953961477734,-0.2289070592057279,0.59005983255388,-0.3462100939172688
60.0,14.36,-0.8097649047015496,-0.5211500505450855,-0.3646428210015368,-0.634839233833703,0.14519835546561916,-0.22734750675826917,0.5861495865957196,-0.3468754708562138
60.0,14.38,-0.8112315794390471,-0.5199870282345979,-0.3684492227260488,-0.6359203054888439,0.1436115150507302,-0.22578064491606303,0.5822052789596656,-0.34751616417030384
60.0,14.4,-0.8126936492141237,-0.5188168199451819,-0.3722897833887613,-0.6369766306847036,0.14202908090461397,-0.22420651128151595,0.578226863358419,-0.34813148775779007
60.0,14.42,-0.8141512586944317,-0.5176391520716495,-0.37616478360807704,-0.6380073892840001,0.14045107926017886,-0.2226251040859292,0.5742142761580261,-0.34872078483412094
60.0,14.44,-0.815604188489765,-0.516454317399469,-0.38007404712806536,-0.6390120055833298,0.13887755772392527,-0.22103645522551274,0.5701675112069164,-0.34928333540355333
60.0,14.46,-0.8170524906654564,-0.5152621831588995,-0.38401773644166537,-0.6399897222271164,0.13730854833262895,-0.21944054636213253,0.5660865208601007,-0.34981844735691325
60.0,14.48,-0.8184960360823627,-0.5140629009104688,-0.3879959889652215,-0.6409397416026535,0.13574409290543385,-0.2178374006211087,0.5619713119582912,-0.35032541860747485
60.0,14.5,-0.8199349678106859,-0.5128561959053496,-0.39200849481950206,-0.6418615435992646,0.1341842420966028,-0.21622704699359457,0.5578218817660223,-0.35080351175619284
60.0,14.52,-0.8213690681736855,-0.5116423638483941,-0.39605548984475786,-0.6427542554923366,0.132629005589609,-0.21460944865346357,0.5536382522768506,-0.3512520024251019
60.0,14.54,-0.8227983875141871,-0.5104212712681132,-0.4001369681164671,-0.6436171157500279,0.13107846029781484,-0.21298467739358218,0.5494204322678056,-0.3516701415159789
60.0,14.56,-0.8242227994893614,-0.5091930728068214,-0.40425281076630815,-0.6444494401666199,0.1295325975431461,-0.2113526665449048,0.5451684818667584,-0.35205718258127594
60.0,14.58,-0.8256424427066252,-0.5079574908447639,-0.40840299193488044,-0.6452504533574854,0.12799150143316848,-0.20971350856986007,0.5408824377495198,-0.3524123611464968
60.0,14.6,-0.8270571031598761,-0.5067148251602248,-0.4125873627656298,-0.6460194440275778,0.12645518337277567,-0.20806715297146122,0.5365623770349279,-0.3527349085538836
60.0,14.62,-0.8284668285045887,-0.5054649410277677,-0.416806102025561,-0.6467554777335207,0.12492369102887153,-0.20641364150537436,0.5322083807327945,-0.35302404195636383
60.0,14.64,-0.8298715823035273,-0.504207850724173,-0.4210589218761489,-0.6474578928475108,0.1233970636749842,-0.2047529696858419,0.5278205351130312,-0.3532789781887731
60.0,14.66,-0.831271238460096,-0.5029437106695392,-0.4253457436292599,-0.6481258700204241,0.12187533293264713,-0.20308515299092322,0.5233989636034923,-0.35349890155801283
60.0,14.68,-0.8326659325464084,-0.5016722413486349,-0.42966648188933027,-0.6487585897305891,0.1203585478090256,-0.20141021161077352,0.5189437967386877,-0.35368302411285585
60.0,14.7,-0.8340554519089267,-0.500393745550654,-0.4340210345364631,-0.6493552174640431,0.1188467293099248,-0.19972813520559593,0.5144551619664988,-0.35383052485633504
60.0,14.72,-0.8354398451232006,-0.49910808964237047,-0.43840928220157427,-0.6499149037825107,0.11733994363055532,-0.19803896551910244,0.5099332452279096,-0.3539405656538119
60.0,14.74,-0.8368190749328013,-0.49781528645685547,-0.44283097421091455,-0.650436861693025,0.11583820914296027,-0.19634269593008047,0.5053782071611828,-0.35401232645674774
60.0,14.76,-0.8381930145635585,-0.49651549362875436,-0.44728585667933074,-0.6509203150460947,0.11434157244909018,-0.19463935148971234,0.5007902451941402,-0.3540449683969833
60.0,14.78,-0.8395617993955007,-0.49520843153742633,-0.45177399305444577,-0.6513642322340487,0.1128500680660252,-0.1929289215402337,0.49616957687913005,-0.3540376359699325
60.0,14.8,-0.8409252182101362,-0.49389440596023454,-0.4562948544010132,-0.651767951606157,0.11136375091826889,-0.1912114616306763,0.4915164289807973,-0.3539894755165984
60.0,14.82,-0.8422833186009008,-0.49257328322170635,-0.46084847626611314,-0.6521304270295947,0.1098826263244446,-0.18948692676667098,0.4868310624841279,-0.3538996269415073
60.0,14.84,-0.8436360625030785,-0.4912450767414777,-0.4654344249387507,-0.6524509243322124,0.10840676280841344,-0.18775537303592116,0.48211374510126814,-0.3537672172456744
60.0,14.86,-0.8449834099429085,-0.48990979904252335,-0.4700524579286026,-0.6527285151775256,0.1069361924201297,-0.18601680939747944,0.4773647697207906,-0.3535913738168992
60.0,14.88,-0.8463252386243257,-0.4885676122908599,-0.4747023334901059,-0.6529622875044476,0.10547093837622588,-0.18427121422676432,0.4725844453890823,-0.3533712050797342
60.0,14.9,-0.8476616794182007,-0.48721823429375616,-0.47938367504979845,-0.6531513993504341,0.1040110633445462,-0.18251864986662986,0.46777310767472235,-0.353105846924353
60.0,14.92,-0.8489925231195922,-0.48586197450693513,-0.48409607895985024,-0.6532949911380544,0.10255659381234722,-0.18075910824556085,0.4629311135724078,-0.35279438206045616
60.0,14.94,-0.8503178180971125,-0.4844987003711837,-0.48883935306364934,-0.6533920303339207,0.10110756960634366,-0.17899259742314078,0.4580588318524792,-0.35243593542813634
60.0,14.96,-0.8516375235765364,-0.48312842504019154,-0.49361306605174077,-0.6534416555280496,0.09966403420385381,-0.17721914687670307,0.4531566731795773,-0.35202958233805876
60.0,14.98,-0.8529516017570729,-0.4817511635831617,-0.4984166499160836,-0.6534430829662959,0.09822602135107934,-0.1754387616404539,0.44822504621883064,-0.35157444243663444
60.0,15.0,-0.8542600148851378,-0.48036693130216174,-0.5032498498570829,-0.6533952522070754,0.09679356743639254,-0.17365144439946614,0.44326440509382864,-0.35106958950523454
60.0,15.02,-0.8555626387037966,-0.4789758914017888,-0.5081121707766266,-0.653297279736948,0.09536671085367937,-0.17185722301135134,0.43827522360800586,-0.35051412086195693
60.0,15.04,-0.8568596029830658,-0.4775777612433589,-0.513002985511708,-0.6531483706695317,0.09394549916985713,-0.17005612063144493,0.4332579888332853,-0.3499071268168551
60.0,15.06,-0.8581507011830228,-0.4761728546185304,-0.5179220986359183,-0.6529473638798623,0.09252998035824836,-0.16824816187081781,0.4282132144994867,-0.34924768897743147
60.0,15.08,-0.8594359793325353,-0.47476103845966827,-0.5228685999853572,-0.6526936202038253,0.09112016310888504,-0.16643332101908634,0.423141463681064,-0.3485348871454346
60.0,15.1,-0.8607153979364787,-0.4733423281667195,-0.5278422619465208,-0.6523859807719729,0.08971610975096825,-0.16461164902004605,0.41804327968624033,-0.34776781770593174
60.0,15.12,-0.8619889185368451,-0.4719167399297916,-0.532842357557857,-0.6520236187220471,0.08831785046118014,-0.16278314555731707,0.41291927724883554,-0.34694555707301655
60.0,15.14,-0.8632565027278377,-0.4704842901794705,-0.5378682723065339,-0.6516056402039018,0.08692542912072568,-0.16094783561480638,0.40777007276945,-0.3460671917249022
60.0,15.16,-0.8645181111621465,-0.469044995046953,-0.5429194607263516,-0.6511310278622587,0.08553888323689517,-0.15910573270769696,0.4025963145740953,-0.34513180643225216
60.0,15.18,-0.8657737045420782,-0.46759887091084046,-0.5479951543957089,-0.6505989837741033,0.08415825208641046,-0.1572568604300378,0.3973986789611757,-0.3441384938904802
60.0,15.2,-0.8670231642597918,-0.46614608679477276,-0.5530947603291916,-0.6500084851152026,0.08278356361872376,-0.15540121456921935,0.39217786177911895,-0.3430863599426205
60.0,15.22,-0.8682666131012209,-0.46468635659649765,-0.558217449944739,-0.649358717899981,0.08141487372234096,-0.15353883697213422,0.38693461220808995,-0.3419744811365864
60.0,15.24,-0.8695038504742915,-0.4632200008292156,-0.5633624872684017,-0.6486487763831459,0.08005221079473626,-0.15166973129149114,0.38166966501026794,-0.34080197899796316
60.0,15.26,-0.8707349186663123,-0.46174688552542664,-0.5685292216525963,-0.6478776515810106,0.07869561636754005,-0.1497939130951366,0.37638382966562617,-0.3395679424932934
60.0,15.28,-0.8719598610041698,-0.46026687716398673,-0.5737168673339147,-0.6470444349662186,0.07734513472866897,-0.14791141637290542,0.37107791235736987,-0.33827150394675215
60.0,15.3,-0.8731784746044794,-0.45878029616180716,-0.5789243911765344,-0.6461484244947228,0.07600079490021638,-0.14602223973801204,0.3657527536046417,-0.33691177702110936
60.0,15.32,-0.8743908041813429,-0.4572870102329664,-0.584151057057532,-0.6451886021631258,0.07466264488332397,-0.14412641832366482,0.360409236308592,-0.33548788948748975
60.0,15.34,-0.8755968099062572,-0.45578703719235036,-0.5893960133692157,-0.6441640769879582,0.07333071730635726,-0.142223958019176,0.35504825980294813,-0.3339989838454686
60.0,15.36,-0.8767964530192416,-0.4542803956333453,-0.5946582672481118,-0.6430740602901108,0.07200504846116834,-0.14031487186889702,0.34967076474381376,-0.3324442059579321
60.0,15.38,-0.8779897748602371,-0.45276695168118325,-0.5999369092348172,-0.6419176614642667,0.07068568490458538,-0.13839919912908658,0.34427770077084296,-0.33082272221679465
60.0,15.4,-0.8791765764725975,-0.4512470296515346,-0.6052310000880061,-0.6406939896197634,0.06937265890990027,-0.13647693943252298,0.33887006706486444,-0.329133700629444
60.0,15.42,-0.8803568997995396,-0.44972049648081736,-0.6105394728423176,-0.6394022754829853,0.0680660154974871,-0.13454812371000976,0.3334488939387554,-0.32737632988645643
60.0,15.44,-0.8815307060530686,-0.44818737160179406,-0.6158612455731732,-0.6380417690382973,0.06676578722572234,-0.13261277015417133,0.32801521768438857,-0.32554980678233125
60.0,15.46,-0.8826979564151417,-0.44664767464687766,-0.6211952971014733,-0.6366115949661838,0.06547202023305244,-0.1306708950644313,0.32257013233292664,-0.3236533536185061
60.0,15.48,-0.883858612344018,-0.4451014256028124,-0.6265406077683742,-0.635110913098808,0.06418475007094276,-0.12872252862323033,0.3171147438823554,-0.32168619742634874
60.0,15.5,-0.8850126352716702,-0.44354864465574384,-0.6318960084224896,-0.6335389874173799,0.06290400445980113,-0.12676766231832517,0.31165020108129476,-0.3196475793050564
60.0,15.52,-0.8861599865028452,-0.44198935214125634,-0.6372602002167949,-0.6318952104389813,0.06162983776719102,-0.12480634719265965,0.3061776641612991,-0.31753677999203156
60.0,15.54,-0.8873006275219678,-0.4404235686983149,-0.642632193322757,-0.6301786569435437,0.06036228153743657,-0.12283859414184431,0.3006983447676939,-0.31535308366218356
60.0,15.56,-0.8884345197909983,-0.4388513151673354,-0.6480105302955563,-0.6283888578812772,0.05910137546225541,-0.12086441973343928,0.29521346738306975,-0.3130957847083046
60.0,15.58,-0.8895616246481372,-0.4372726125407546,-0.6533942824359783,-0.6265247992572386,0.057847153855690135,-0.11888384062574048,0.289724296695199,-0.31076422827141276
60.0,15.6,-0.8906819796577443,-0.4356873266620119,-0.6587819501821972,-0.6245860476054693,0.05659966309363478,-0.1168968877942908,0.28423211266757875,-0.30835776320519587
60.0,15.62,-0.8917953941678136,-0.4340957898436061,-0.6641722292330986,-0.6225719598224051,0.05535894009999318,-0.11490358886390081,0.2787382354360019,-0.30587575956488566
60.0,15.64,-0.892901905675807,-0.432497868381844,-0.6695639027889237,-0.620481794885674,0.054125013199471946,-0.11290394303600688,0.2732440112447714,-0.30331762783084304
60.0,15.66,-0.8940015512685755,-0.43089342835285926,-0.6749555153731894,-0.6183150624750149,0.05289793452313028,-0.11089799428784003,0.26775081751791757,-0.30068278328813103
60.0,15.68,-0.8950941416082865,-0.42928280369627214,-0.6803458069392653,-0.6160710580566774,0.051677734968176174,-0.1088857479103861,0.2622600391442648,-0.29797069542056576
60.0,15.7,-0.8961797884704852,-0.4276657045788381,-0.6857331728107615,-0.6137494518329453,0.050464456941633234,-0.10686724319413275,0.25677312142564984,-0.2951808433669198
60.0,15.72,-0.8972583040287043,-0.4260424663139812,-0.6911162051548059,-0.6113497017983212,0.04925812974141575,-0.10484248186580396,0.25129150332965544,-0.2923127374962221
60.0,15.74,-0.8983297988045437,-0.42441279867494175,-0.6964935821736278,-0.6088711658306791,0.04805880082781613,-0.10281149971655718,0.24581666958371817,-0.2893659277602867
60.0,15.76,-0.8993941598740032,-0.42277688116938417,-0.7018637503262187,-0.6063134665403036,0.04686650550927629,-0.10077431659705542,0.24035012707506653,-0.28633998968262414
60.0,15.78,-0.9004513490510919,-0.4211347371489256,-0.7072250312804131,-0.603676375041483,0.04568128138341116,-0.09873095715141517,0.23489339847670893,-0.2832345388190062
60.0,15.8,-0.9015013279365588,-0.41948639007703814,-0.7125761557014119,-0.6009591999734158,0.044503171071197105,-0.09668144799413099,0.22944803330078042,-0.2800492151003324
60.0,15.82,-0.9025441312589946,-0.4178317062005652,-0.7179153064572308,-0.5981618901771646,0.043332203573674205,-0.09462579988942099,0.22401560545904733,-0.2767837025807001
60.0,15.84,-0.9035795747818315,-0.41617102441468373,-0.7232410753826749,-0.5952839301477764,0.04216842416010208,-0.09256404998189807,0.2185977177844987,-0.27343771757366253
60.0,15.86,-0.9046077657582873,-0.41450405363726633,-0.7285517227787325,-0.5923252058876021,0.04101187166084866,-0.09049622181991905,0.21319598143295687,-0.2700110151038318
60.0,15.88,-0.9056285932659669,-0.41283097589440165,-0.7338456029022526,-0.5892855118722916,0.0398625767473899,-0.08842232117955001,0.20781203348056254,-0.26650339285939434
60.0,15.9,-0.9066420192052387,-0.4111518158523513,-0.7391212610199507,-0.5861644152072939,0.03872058517600659,-0.08634239549573895,0.20244752827980161,-0.26291468298548337
60.0,15.92,-0.9076480054790694,-0.40946659839014754,-0.7443768205465034,-0.5829620285240893,0.03758593051052264,-0.08425645695652649,0.1971041403715938,-0.25924475839364813
60.0,15.94,-0.9086465139943701,-0.40777534860041986,-0.749610700587517,-0.5796781109776515,0.03645865294830927,-0.08216453664875129,0.19178355496472899,-0.2554935415258611
60.0,15.96,-0.9096375778515168,-0.40607793316877366,-0.7548212100877464,-0.5763125853286328,0.035338786348847614,-0.08006664757632379,0.18648749364999437,-0.2516609943094709
60.0,15.98,-0.9106210168203482,-0.40437469492093947,-0.7600065480370924,-0.5728655402776269,0.034226373659582934,-0.0779628309326142,0.18121764763949427,-0.24774709660434815
60.0,16.0,-0.9115970049752413,-0.4026651829834213,-0.7651651080350368,-0.5693368367596446,0.03312144686816438,-0.07585309904784415,0.17597578620118504,-0.24375194829554145
60.0,16.02,-0.9125652925214848,-0.40094990011194187,-0.7702950762516169,-0.5657266357922266,0.03202404550342511,-0.07373747774132602,0.17076360737070737,-0.23967556905123483
60.0,16.04,-0.9135259124026911,-0.3992287137303279,-0.7753946373962015,-0.5620351391107145,0.03093421329019576,-0.0716160063490653,0.16558291853096074,-0.2355181859721121
60.0,16.06,-0.9144788960611333,-0.3975014906671003,-0.7804621688394255,-0.5582623157168443,0.02985197800229199,-0.06948869399552447,0.16043542580206385,-0.23127989746479635
60.0,16.08,-0.9154241359103054,-0.39576841698934,-0.7854957519832906,-0.5544085794866275,0.02877738365186509,-0.06735557999926677,0.15532294518796816,-0.22696100086643173
60.0,16.1,-0.9163615941486453,-0.39402951961759364,-0.7904936646166526,-0.5504741134067832,0.027710464469528316,-0.06521668088735463,0.1502472432278305,-0.2225617689252023
60.0,16.12,-0.9172913017755835,-0.3922846657296121,-0.79545418347188,-0.5464591380706526,0.02665126246709292,-0.0630720343938037,0.14521008146148834,-0.21808250533902057
60.0,16.14,-0.9182131520551816,-0.3905340425041056,-0.8003754923395224,-0.5423640528576994,0.025599807910093777,-0.06092165302708638,0.14021327005243553,-0.21352362853104087
60.0,16.16,-0.9191271073471081,-0.3887776775681215,-0.8052557787894733,-0.5381892985749603,0.02455614489846703,-0.058765578258860994,0.13525856754950707,-0.2088855408547875
60.0,16.18,-0.9200331977923042,-0.3870154382824837,-0.8100933312511512,-0.533935218024498,0.02352030561038985,-0.056603828276222755,0.1303477770993838,-0.20416874409015187
60.0,16.2,-0.9209313178455427,-0.3852475130665426,-0.8148862572414087,-0.5296024772787418,0.022492329661039544,-0.05443643228700792,0.12548267563188048,-0.19937375962475762
60.0,16.22,-0.9218214300428952,-0.38347393025769533,-0.819632768938773,-0.5251916461141131,0.02147225290872011,-0.05226342028209088,0.12066502272475207,-0.194501157848711
60.0,16.24,-0.9227035636724386,-0.38169455741729424,-0.8243311777508616,-0.5207031919630629,0.020460110232700796,-0.05008481012003592,0.11589663193175957,-0.18955162233124817
60.0,16.26,-0.9235776141920953,-0.37990958410795733,-0.8289797170083434,-0.5161377687641523,0.01945594519961768,-0.04790064706838921,0.11117921827603769,-0.18452577560345254
60.0,16.28,-0.9244435444356497,-0.37811903942580216,-0.833576542364679,-0.5114962178979325,0.01845978816656561,-0.045710944068751626,0.10651456353827032,-0.1794243891166163
60.0,16.3,-0.9253013828334523,-0.3763227911464159,-0.8381200053050042,-0.5067791349390623,0.0174716799440163,-0.04351574135901924,0.10190441783708278,-0.17424826481514014
60.0,16.32,-0.9261510260196004,-0.3745210300288785,-0.8426082947170774,-0.5019874491572539,0.01649165397413241,-0.041315055194403066,0.09735049941215311,-0.16899822725256858
60.0,16.34,-0.9269925019687781,-0.3727136240491669,-0.8470396219299826,-0.4971221365653814,0.015519749580555816,-0.0391089250514151,0.09285451491661209,-0.16367514610557798
60.0,16.36,-0.9278257079911244,-0.3709007647114986,-0.8514123919304908,-0.49218392113529047,0.014556000913445243,-0.03689737337652731,0.08841818094274731,-0.15827999870424111
60.0,16.38,-0.9286506715661991,-0.3690823201824743,-0.8557248577898777,-0.4871738653606311,0.013600447933269564,-0.034680436075495334,0.08404318045845786,-0.15281377722283768
60.0,16.4,-0.9294672907442355,-0.3672584827295879,-0.8599753810785831,-0.4820929259561706,0.01265312298649076,-0.03245813342609076,0.07973116441544087,-0.14727750607808343
60.0,16.42,-0.9302755287228598,-0.3654292830770541,-0.8641623503963337,-0.47694210324980135,0.011714064986681637,-0.030230502086838223,0.07548376845264128,-0.14167228595743395
60.0,16.44,-0.9310754122038294,-0.3635945896723987,-0.8682840119900959,-0.4717227404079352,0.010783310687089546,-0.02799757171645183,0.07130261698126268,-0.1359992685032142
60.0,16.46,-0.9318669035128206,-0.3617544332793211,-0.8723388911623419,-0.46643577093617544,0.009860894054792284,-0.025759368558148362,0.06718929835172356,-0.13025965528719316
60.0,16.48,-0.9326499022451809,-0.35990900769296685,-0.8763252977534706,-0.4610826255431675,0.008946853719995713,-0.023515927227885394,0.06314536244321159,-0.12445465323784274
60.0,16.5,-0.9334244343296041,-0.3580581816638261,-0.880241736624126,-0.4556644724030926,0.008041223597503757,-0.0212672727242132,0.05917235075188954,-0.1185855755936572
60.0,16.52,-0.9341904001237328,-0.35620214973446107,-0.8840867440269417,-0.45018251902090434,0.007144041413706591,-0.019013441837996855,0.055271758367165365,-0.11265375211547045
60.0,16.54,-0.9349477632093328,-0.3543409440475122,-0.8878588112486103,-0.44463816648726645,0.006255341823744155,-0.016754461129967268,0.0514450539742524,-0.10666055095487788
60.0,16.56,-0.9356966102498074,-0.35247427035147727,-0.8915563904199569,-0.43903301180584264,0.005375161513334701,-0.014490363981539894,0.04769367607413427,-0.10060742348258617
60.0,16.58,-0.9364367806051146,-0.35060248735514654,-0.8951782038256523,-0.4333682254390454,0.004503535622173336,-0.012221180122310651,0.04401901668902407,-0.09449581796241525
60.0,16.6,-0.9371682380627424,-0.3487256279153792,-0.89872278206567,-0.42764548186295565,0.0036405004443518904,-0.009946941863181673,0.04042243431315556,-0.08832724593629691
60.0,16.62,-0.9378910070037313,-0.3468435614260717,-0.9021888490038884,-0.4218661808906717,0.002786091152917222,-0.007667680632601073,0.03690524939952664,-0.08210326343997001
60.0,16.64,-0.9386050503635046,-0.34495632083737154,-0.9055750220497752,-0.4160320725748335,0.0019403432467523752,-0.0053834280428376015,0.033468741366020724,-0.07582546464385971
60.0,16.66,-0.9393103311484906,-0.34306393934492047,-0.9088801101761635,-0.41014462764235976,0.0011032924054847181,-0.003094216527404084,0.03011414804391882,-0.0694954837708144
60.0,16.68,-0.9400032963656075,-0.3411653599382445,-0.9121028928469973,-0.4042055080138039,0.00027497404306987285,-0.0008000786417089842,0.026842655762511755,-0.06311497327647668
60.0,16.7,-0.9406914944887274,-0.3392631901585616,-0.9152422658016295,-0.39821624925724014,-0.0005445768670189302,0.0014989536342799117,0.023655413123797035,-0.05668564548498506
60.0,16.72,-0.9413729936654354,-0.3373569422819286,-0.9182969626587624,-0.3921788975990633,-0.0013553246191196318,0.003802847628857174,0.0205535232966754,-0.05020923907478666
60.0,16.74,-0.9420427398909689,-0.3354446633401787,-0.92126597616377,-0.3860950518577013,-0.0021572342053814064,0.006111570443242351,0.01753803418735225,-0.04368751810926592
60.0,16.76,-0.9427035410020826,-0.3335274136103931,-0.9241483445341624,-0.3799663382575105,-0.002950272033950266,0.00842508813825707,0.014609953305326679,-0.03712229112325715
60.0,16.78,-0.9433553604538039,-0.33160522775342804,-0.9269430216489385,-0.3737947327208257,-0.0037344008969732428,0.010743368511341403,0.011770231992535778,-0.03051538535473409
60.0,16.8,-0.9439981617786019,-0.32967814067635975,-0.9296490811871221,-0.36758207761491596,-0.004509586311800471,0.01306637830798234,0.009019771181597054,-0.023868655216299463
60.0,16.82,-0.9446318513828538,-0.3277463524012762,-0.9322656489925644,-0.36133024060987934,-0.005275796431391475,0.015394083690223331,0.0063594208651266216,-0.017183985296047453
60.0,16.84,-0.945256450843341,-0.3258097336794703,-0.9347919657636717,-0.35504095006811714,-0.006032991519259753,0.01772645090801093,0.0037899779021217704,-0.010463282251110451
60.0,16.86,-0.9458719239282661,-0.3238683201508632,-0.9372271387709642,-0.3487164457494491,-0.0067811422838067285,0.020063443762117918,0.001312184867255991,-0.003708474617982169
60.0,16.88,-0.9464782345047099,-0.321922147708048,-0.9395695908739756,-0.34235797625425646,-0.007520210728736316,0.022405031277933283,-0.0010732703728012485,0.003078489942151793
60.0,16.9,-0.9470752906668787,-0.31997141778283944,-0.9418216192711067,-0.3359685727735597,-0.008250162668175354,0.024751177490919662,-0.0033657553274348815,0.009895643866897941
60.0,16.92,-0.9476631684616064,-0.31801583626615243,-0.9439795426538384,-0.32954945724962525,-0.008970966624891457,0.027101846921093648,-0.005564691447951558,0.016741004543171015
60.0,16.94,-0.9482417206538096,-0.3160557704807814,-0.9460439156349282,-0.3231026480777121,-0.009682584168542839,0.029457007081466965,-0.007669562412308209,0.023612576814687175
60.0,16.96,-0.948811022124512,-0.31409092641120373,-0.9480141875948068,-0.3166303123571112,-0.010384980136421727,0.031816620347101025,-0.009679898652949796,0.030508348232722277
60.0,16.98,-0.9493709271779678,-0.3121216722779415,-0.9498899227821106,-0.3101344657951838,-0.011078128562382763,0.03418065467554732,-0.011595298586589873,0.037426305321786354
60.0,17.0,-0.949921455334926,-0.310147879944629,-0.951670794909888,-0.30361696938293525,-0.011761987124571646,0.036549070987008686,-0.013415413478643463,0.04436441585387925
60.0,17.02,-0.950462571093996,-0.30816958703853764,-0.9533564259974587,-0.29708002546116724,-0.012436529880327469,0.03892183859610995,-0.015139944029354745,0.051320653405921415
60.0,17.04,-0.9509942924262619,-0.3061866654360444,-0.9549466008554043,-0.2905255124089749,-0.01310171653424734,0.041298917503466925,-0.01676866546450223,0.058292969924569144
60.0,17.06,-0.9515164767813464,-0.3041994851268236,-0.9564410571460541,-0.28395564787229255,-0.013757510490288782,0.04368026923160093,-0.018301394069563878,0.06527933922623215
60.0,17.08,-0.9520291426688356,-0.3022079185786551,-0.9578397390660021,-0.27737215393674697,-0.014403891907756101,0.046065863248474226,-0.019738008757116024,0.07227771686767206
60.0,17.1,-0.9525322549614428,-0.30021200441196894,-0.9591424490112698,-0.27077742368892416,-0.01504081218476294,0.04845566559517039,-0.02107846229599882,0.07928606511667638
60.0,17.12,-0.953025830643084,-0.2982116151508608,-0.9603492393092442,-0.2641731832556669,-0.01566824318256307,0.05084963098253948,-0.02232272791931821,0.08630234879316065
60.0,17.14,-0.9535097302701395,-0.2962071224769482,-0.9614600744155788,-0.2575616606682091,-0.016286161601979036,0.053247729107346285,-0.02347087731184902,0.09332455278823781
60.0,17.16,-0.9539840227002278,-0.2941982329908418,-0.9624750665167676,-0.25094474723005183,-0.016894511236481512,0.05564992570573997,-0.024522995497566147,0.10035064143248933
60.0,17.18,-0.95444862122074,-0.29218515266956235,-0.9633943360896855,-0.24432449869976258,-0.017493281837010582,0.05805617283204135,-0.02547926259237721,0.1073786202446546
60.0,17.2,-0.9549034910635169,-0.29016792134177266,-0.9642180584820849,-0.23770296624850257,-0.018082427409101598,0.06046644395999869,-0.026339889200656837,0.11440648359947139
60.0,17.22,-0.9553485976888653,-0.2881465791242715,-0.9649465035127666,-0.23108202643527986,-0.018661927319755876,0.06288068900345035,-0.027105160906962168,0.1214322421988007
60.0,17.24,-0.955783906678131,-0.2861211663881494,-0.9655799514508536,-0.22446371633464487,-0.01923173479089962,0.0652988882179404,-0.027775400116658168,0.12845393970492913
60.0,17.26,-0.9562093836259771,-0.2840917237263175,-0.9661187735660044,-0.21784989525929266,-0.01979182833345462,0.06772098877116384,-0.028350955959048362,0.13546964072599832
60.0,17.28,-0.9566250434811042,-0.2820581250248137,-0.9665633523065962,-0.21124258036515614,-0.02034215706251056,0.07014696653777262,-0.02883228705876878,0.14247736299803723
60.0,17.3,-0.9570308022622982,-0.2800205782413113,-0.9669141222040917,-0.2046437769292716,-0.020882712078650816,0.07257676474887086,-0.029219879195468007,0.1494752497111293
60.0,17.32,-0.9574266258361005,-0.2779791247089008,-0.9671716367096256,-0.19805513899217775,-0.021413441876093505,0.0750103621096977,-0.02951427500426857,0.15646136536499775
60.0,17.34,-0.9578125284715477,-0.2759336388798602,-0.9673364252616895,-0.19147864364642647,-0.02193432811822581,0.07744771216258295,-0.029716000607902162,0.16343389431973898
60.0,17.36,-0.9581884274283453,-0.273884329639828,-0.967409065395231,-0.18491625178268534,-0.02244534049065783,0.07988877212962482,-0.029825749782029235,0.17039093583879886
60.0,17.38,-0.9585542890870479,-0.2718312391299336,-0.9673902141277625,-0.17836973817481636,-0.02294643697596963,0.08233351199400933,-0.0298441584029353,0.17733071576617598
60.0,17.4,-0.9589101268322375,-0.2697742423245655,-0.9672806038151149,-0.17184069072935393,-0.02343757346716214,0.08478190017656607,-0.029771960590272782,0.1842514507015572
60.0,17.42,-0.9592558595235803,-0.26771354912061923,-0.9670809425435354,-0.16533101474790257,-0.023918745203077303,0.0872338754787299,-0.029609917340649435,0.19115138395744674
60.0,17.44,-0.959591453636532,-0.2656492023448078,-0.9667919869132144,-0.15884259532049308,-0.02438991029219546,0.08968941119289248,-0.029358836711703914,0.1980287617924869
60.0,17.46,-0.959916921908101,-0.26358107757701443,-0.9664146177092126,-0.15237678955078515,-0.02485101960970581,0.09214846004910023,-0.029019570740238487,0.20488190815116508
60.0,17.48,-0.9602321846057046,-0.2615093856504383,-0.9659496406037602,-0.145935606307202,-0.025302063960836486,0.0946109973776332,-0.028593008944820218,0.21170917715468765
60.0,17.5,-0.9605372539331369,-0.25943400252959964,-0.9653979849853098,-0.13952052530877163,-0.02574300879167835,0.09707696439066875,-0.028080072996816963,0.21850889435440027
60.0,17.52,-0.9608320957705155,-0.25735497190050394,-0.9647605856038208,-0.13313316995660818,-0.026173828765643975,0.09954633597082213,-0.027481735635687173,0.22527953749816976
60.0,17.54,-0.9611165873770259,-0.25527267330215286,-0.9640384382622574,-0.1267749705101875,-0.026594457605395742,0.10201907560935346,-0.02679900052458267,0.23201950389059153
60.0,17.56,-0.961390829696494,-0.2531866478662325,-0.963232523713476,-0.12044766740973206,-0.027004914792363794,0.10449511522062647,-0.02603289502774745,0.23872728090463072
60.0,17.58,-0.9616547002290092,-0.25109727559515804,-0.9623439019744338,-0.11415263790568053,-0.027405121669613265,0.10697444726101206,-0.025184495556244232,0.24540141162917212
60.0,17.6,-0.961908210155163,-0.24900443353240376,-0.96137364063892,-0.1078913998473048,-0.027795081966983635,0.10945700940237242,-0.024254894027649757,0.2520404243032086
60.0,17.62,-0.9621512829519422,-0.24690833460908962,-0.9603228549691372,-0.10166527506787322,-0.028174747913292778,0.11194276679176113,-0.02324522476480521,0.2586429423618885
60.0,17.64,-0.962383929073239,-0.24480885622803683,-0.9591926715782496,-0.09547572492808458,-0.028544090211773482,0.11443168006605135,-0.022156644602682046,0.2652075872430197
60.0,17.66,-0.9626061156509432,-0.24270604399003914,-0.9579842574926766,-0.08932401371186643,-0.028903079810365332,0.11692371011170735,-0.020990336790307474,0.27173303477548094
60.0,17.68,-0.9628177674434495,-0.2406001116715611,-0.9566987914773244,-0.0832115438462065,-0.029251684884297285,0.11941880576217088,-0.01974750972184926,0.27821802851567984
60.0,17.7,-0.9630188944390099,-0.23849093739037752,-0.9553374887766218,-0.077139520228642,-0.029589878133448114,0.12191693331157845,-0.018429397430091043,0.28466127341624037
60.0,17.72,-0.9632094637448393,-0.2363785674227994,-0.9539015993279271,-0.07110895143886388,-0.02991763108625361,0.124418053646176,-0.017037257321501513,0.2910616273234928
60.0,17.74,-0.9633894429823392,-0.2342630484013449,-0.9523923518061546,-0.0651213153014552,-0.030234915206066682,0.1269221266383108,-0.015572359876102056,0.29741791449371985
60.0,17.76,-0.9635587995137653,-0.2321444271238504,-0.9508110347618357,-0.059177559272053495,-0.030541673673097153,0.12942909258123136,-0.014035999646187514,0.30372903551231717
60.0,17.78,-0.9637174608529513,-0.2300229188910287,-0.9491589292725972,-0.053278932268580895,-0.030837926848780294,0.13193891623155451,-0.012429488278515335,0.30999384896419613
60.0,17.8,-0.9638654755144345,-0.2278982347029374,-0.9474373514986978,-0.047426320219437074,-0.031123602549562104,0.1344515740363706,-0.010754153041521384,0.31621141198642094
60.0,17.82,-0.9640027313987058,-0.22577075858022028,-0.9456476252750123,-0.04162074433718475,-0.031398665345659785,0.13696699839301724,-0.009011333106788819,0.32238069367186695
60.0,17.84,-0.9641292367826251,-0.22364037021658906,-0.9437910817172843,-0.03586319422931061,-0.031663137347842756,0.13948514775375584,-0.007202386210074135,0.32850075040535864
60.0,17.86,-0.9642449598845021,-0.22150711775576212,-0.941869069281631,-0.030154628349125384,-0.031916945551985335,0.1420060043253925,-0.005328673813905338,0.3345706838929943
60.0,17.88,-0.9643498691246231,-0.21937104961724138,-0.9398829484956809,-0.0244958095265205,-0.03216005571727698,0.14452950239564033,-0.003391576569155827,0.340589628256018
60.0,17.9,-0.9644439707093295,-0.217232046093765,-0.9378340817808686,-0.01888779799573292,-0.03239249392666915,0.14705560391603897,-0.0013924699280457226,0.34655677166219884
60.0,17.92,-0.9645271574918698,-0.21509049284716697,-0.935723848643944,-0.013331131111745859,-0.0326141524719475,0.14958426761013185,0.0006672480292676289,0.35247132963163114
60.0,17.94,-0.9645994354714816,-0.21294627051817755,-0.9335536265036748,-0.007826806700403451,-0.03282505440518234,0.15211543779952455,0.002786187641417112,0.3583325682640275
60.0,17.96,-0.9646608116974779,-0.2107992604892345,-0.9313248057462257,-0.0023753021620423944,-0.03302515163390709,0.15464910428781967,0.004962938528542403,0.3641397900427421
60.0,17.98,-0.9647111797995677,-0.20864984886980104,-0.9290387735932663,0.003022446676197799,-0.03321443565615166,0.15718518170303797,0.007196108420417233,0.3698923456245534
60.0,18.0,-0.9647505842355086,-0.20649774934037837,-0.9266969215952532,0.00836618349629968,-0.03339285235618615,0.15972363371371467,0.009484279995789597,0.37558961487805426
60.0,18.02,-0.9647789553554138,-0.20434318002923663,-0.9243006466873568,0.013654871213464781,-0.033560378165591945,0.16226443667691912,0.011826057223413079,0.38123102613196536
60.0,18.04,-0.9647962650813828,-0.2021861919515364,-0.9218513384762765,0.018888311121211403,-0.033716985148005536,0.16480754548801038,0.014220020831442942,0.3868160450267866
60.0,18.06,-0.9648025150339894,-0.20002666686059872,-0.9193503893495972,0.024065848278158185,-0.03386267335045524,0.16735290201884734,0.01666478254644185,0.3923441746365758
60.0,18.08,-0.9647976421546374,-0.19786482475742626,-0.91679919536704,0.02918685781307057,-0.03399738344237986,0.16990044928728773,0.019158932778399407,0.39781495582243975
60.0,18.1,-0.9647816149537145,-0.19570071663194566,-0.9141991333921664,0.03425122327331694,-0.03412106366283244,0.17245017577581848,0.021701068159664067,0.40322796623234924
60.0,18.12,-0.9647544034030751,-0.1935343940107779,-0.9115515894922072,0.03925837486363665,-0.034233745326978586,0.1750020176838593,0.02428980772648562,0.40858282963317377
60.0,18.14,-0.9647160123388747,-0.19136574056824243,-0.9088579483971104,0.04420777184804822,-0.034335366918285,0.17755590990993006,0.02692375761485133,0.41387919169668863
60.0,18.16,-0.964666377176104,-0.18919497659999382,-0.9061195681971348,0.049099376757196875,-0.03442590850433392,0.18011184152994014,0.029601541940766255,0.41911674932190934
60.0,18.18,-0.9646055004882802,-0.1870219859684576,-0.9033378109952444,0.05393285933065267,-0.034505310068116975,0.18266976473870272,0.032321787520378224,0.42429521711825136
60.0,18.2,-0.964533321391814,-0.18484699000416016,-0.9005140427974879,0.05870775815566124,-0.0345736060484171,0.18522960816696446,0.03508313474196869,0.42941436499407065
60.0,18.22,-0.9644498413204131,-0.18266987298822882,-0.8976496039300211,0.06342395278094085,-0.0346307062273092,0.18779133829307346,0.03788422752508825,0.43447397030521673
60.0,18.24,-0.9643549997751146,-0.1804908566195547,-0.8947458220376205,0.06808134583401121,-0.03467661903008801,0.19035491637021426,0.0407237184041131,0.4394738730620664
60.0,18.26,-0.9642487981729585,-0.1783098258283932,-0.8918040264992132,0.07267970700977225,-0.03471131524533483,0.1929202771730322,0.04360028859501986,0.44441392593950463
60.0,18.28,-0.9641312082652229,-0.17612683461384726,-0.888825535501711,0.0772188300554295,-0.03473477157117073,0.19548738657695955,0.04651260360040148,0.44929401003433017
60.0,18.3,-0.9640021684935272,-0.17394210492272577,-0.8858116424245537,0.08169868697413431,-0.03474692486986849,0.19805622652110488,0.04945936252221718,0.4541140539573028
60.0,18.32,-0.96386168138311,-0.17175552287452994,-0.882763653862227,0.08611911794170803,-0.03474778325700963,0.20062670286933432,0.05243928068913037,0.4588740023173664
60.0,18.34,-0.9637097176147587,-0.16956714299096934,-0.8796828131758474,0.09048029103319294,-0.034737309374717015,0.20319878115259857,0.05545106766141987,0.46357383219740983
60.0,18.36,-0.9635462190465885,-0.16737718827651793,-0.8765704120377957,0.09478193479007191,-0.03471547680372486,0.205772429569411,0.05849346840477975,0.4682135529855707
60.0,18.38,-0.9633711860119543,-0.16518554545337477,-0.8734276642475595,0.09902425715185297,-0.03468225923974308,0.2083475951308121,0.061565221766756884,0.47279319426364586
60.0,18.4,-0.9631845914830609,-0.16299227016262618,-0.8702558168189123,0.10320733470329443,-0.034637630830486786,0.21092422596825722,0.06466509611711614,0.4773128230162357
60.0,18.42,-0.9629864066145861,-0.16079741797068114,-0.8670561017380184,0.10733095570300341,-0.03458155852828165,0.21350227142185702,0.06779187949603756,0.481772522694854
60.0,18.44,-0.962776601857897,-0.15860104457488494,-0.8638296865743517,0.11139553660843687,-0.034514016542767034,0.21608167848283344,0.07094437172807994,0.486172394100167
60.0,18.46,-0.9625551491823092,-0.15640320617403333,-0.860577761057572,0.11540105412857334,-0.03443499073370484,0.2186624416004959,0.07412138038845321,0.4905125851913392
60.0,18.48,-0.9623219951638029,-0.1542041274102989,-0.8573015247709521,0.11934750718549575,-0.03434443554395797,0.2212444546613159,0.0773217422450836,0.4947932550079064
60.0,18.5,-0.9620771657031205,-0.15200352895898342,-0.8540020727888757,0.12323535702720663,-0.03424233986054807,0.22382770460091667,0.08054430589444968,0.4990145708902869
60.0,18.52,-0.9618206056127404,-0.14980163576380073,-0.8506805803505972,0.12706448400853634,-0.03412866863736921,0.2264121251592631,0.0837879386371055,0.5031767498547941
60.0,18.54,-0.9615522627732955,-0.14759867307532712,-0.8473381136762173,0.1308353790672301,-0.034003401635331776,0.22899769455257532,0.08705153669572081,0.5072800058266994
60.0,18.56,-0.9612721598392864,-0.14539436242485357,-0.8439758103704741,0.13454810494823544,-0.03386650993542351,0.23158433178114404,0.09033399433965938,0.5113245799375282
60.0,18.58,-0.9609802701581882,-0.143188762006186,-0.8405947244320939,0.13820288069281236,-0.03371796743791631,0.23417200084546522,0.09363423312720626,0.5153107503518655
60.0,18.6,-0.9606765160862931,-0.14098226533460798,-0.837195910601505,0.14180009192792922,-0.033557746786801734,0.236760657363342,0.09695121277302106,0.5192387838272203
60.0,18.62,-0.9603608972696447,-0.13877476312525472,-0.8337804388729159,0.1453398416954928,-0.03338582346509259,0.23935024672902505,0.10028387394868704,0.5231089787593639
60.0,18.64,-0.9600334100457619,-0.13656614629437772,-0.8303492806409618,0.1488226819195125,-0.03320217133159138,0.24194073187391743,0.10363122309037678,0.5269216651998199
60.0,18.66,-0.9596940038647768,-0.13435664146334172,-0.8269034591645672,0.15224873787708432,-0.033006771235437264,0.24453206358343899,0.10699222942485682,0.5306771585861852
60.0,18.68,-0.9593426762986187,-0.13214614045120637,-0.8234439879750544,0.15561829865527002,-0.032799586078662554,0.24712415365685936,0.11036594199599295,0.5343758216423607
60.0,18.7,-0.9589793773711628,-0.1299348702295702,-0.8199717639472411,0.15893194280521528,-0.03258060077887281,0.24971701297045001,0.1137513815882044,0.5380180004757452
60.0,18.72,-0.9586040802990312,-0.127722890374549,-0.816487779281601,0.16218983334016093,-0.032349779182655095,0.2523105254887829,0.11714761200591843,0.5416040903756061
60.0,18.74,-0.9582167839807619,-0.12551009397178994,-0.8129929382890622,0.1653924269832227,-0.032107106524990214,0.2549047039633468,0.12055371669508196,0.5451344668591627
60.0,18.76,-0.9578174387852075,-0.1232967084423083,-0.809488159037601,0.16854004736041825,-0.0318525506297431,0.25749946004725044,0.12396879943741916,0.5486095344170513
60.0,18.78,-0.957406041572852,-0.1210826273345074,-0.8059743069138287,0.17163316704938653,-0.031586089386100816,0.2600947470861354,0.12739195255654995,0.5520297184866458
60.0,18.8,-0.9569825455400144,-0.11886807870316575,-0.8024522318632507,0.17467226592879914,-0.031307697920207225,0.2626905326454217,0.13082233985815275,0.5553954306544622
60.0,18.82,-0.9565469466307173,-0.11665295671866152,-0.7989228396697501,0.17765755398547478,-0.031017345719441595,0.26528673701506156,0.1342591062022793,0.558707113319953
60.0,18.84,-0.9560992197553064,-0.11443732303667363,-0.7953869027197118,0.18058966308927582,-0.03071502033583198,0.2678833526609186,0.13770143347793326,0.561965218109182
60.0,18.86,-0.9556393381133064,-0.11222123936611099,-0.7918452815638392,0.18346881612031005,-0.03040068625794291,0.27048029436326027,0.14114850633322107,0.5651701910869686
60.0,18.88,-0.9551672584020513,-0.11000493470632837,-0.78829871905285,0.18629565729085631,-0.030074322328925075,0.2730775179199298,0.1445995522864012,0.5683225087185331
60.0,18.9,-0.9546829758901554,-0.10778830465279551,-0.7847479832527025,0.18907069887048242,-0.02973590061671119,0.27567495991025476,0.14805378906705347,0.5714226337144632
60.0,18.92,-0.9541864663770128,-0.10557141198437411,-0.7811938583097916,0.19179417673386726,-0.02938539788873606,0.27827259985976216,0.15151048684862048,0.5744710526595989
60.0,18.94,-0.9536777039739797,-0.10335431955138215,-0.7776370609075579,0.19446675440160013,-0.029022795071397323,0.2808703638352074,0.15496890818066283,0.5774682475314554
60.0,18.96,-0.9531566489494372,-0.10113725723732081,-0.7740783062697582,0.19708881372644935,-0.02864805986589537,0.2834681894076405,0.15842834597163852,0.5804147191947144
60.0,18.98,-0.9526233110406876,-0.09891995559817088,-0.770518280503104,0.19966088173516094,-0.028261174183278323,0.28606605613675057,0.16188810793287098,0.5833109684432665
60.0,19.0,-0.9520776331938084,-0.0967028112787938,-0.7669576733025939,0.20218349368263308,-0.027862112733594242,0.2886639222343734,0.16534751590111152,0.5861574941879307
60.0,19.02,-0.9515196246517891,-0.09448555584180661,-0.7633971518578329,0.20465704332833393,-0.02745084167786038,0.29126165559571626,0.16880592123798413,0.5889548090806168
60.0,19.04,-0.9509492459758402,-0.09226842008515837,-0.7598373530671113,0.20708206698509055,-0.027027354401405267,0.2938592991255503,0.17226268228851657,0.5917034371582012
60.0,19.06,-0.9503664733386502,-0.0900514686350226,-0.7562788723880804,0.20945923802588823,-0.026591608985065088,0.2964567398645932,0.1757171888186069,0.5944038830199379
60.0,19.08,-0.9497712856443237,-0.08783476663645653,-0.7527223575896597,0.21178882353134515,-0.026143594282186617,0.29905397324398836,0.1791688217552577,0.5970566862777364
60.0,19.1,-0.9491636579690915,-0.08561837913290962,-0.7491683780412722,0.21407150186156318,-0.02568328062816443,0.3016509021342207,0.18261701330577604,0.5996623578510941
60.0,19.12,-0.9485435848724298,-0.08340220632974744,-0.745617520728232,0.21630767819625887,-0.025210647627526513,0.3042474711609189,0.18606119660123432,0.6022214380924972
60.0,19.14,-0.9479110272137033,-0.08118647966889055,-0.7420703492555314,0.21849789853131255,-0.024725662604351564,0.3068436700528617,0.18950080281864493,0.604734451472603
60.0,19.16,-0.9472659639308538,-0.07897126533033873,-0.7385273504063143,0.2206428314997662,-0.024228311593652112,0.3094393892047125,0.1929353072095796,0.6072019440290399
60.0,19.18,-0.946608386834316,-0.07675646448984026,-0.7349891308745687,0.22274276440464022,-0.02371856861730196,0.31203463476291926,0.19636420107120134,0.6096244293901182
60.0,19.2,-0.9459382607416104,-0.07454230929058114,-0.7314561057093998,0.22479849321728834,-0.023196405243854384,0.314629313645217,0.19978696628789616,0.6120024570393588
60.0,19.22,-0.9452555778411087,-0.0723287017568693,-0.7279288421006205,0.2268103037595656,-0.022661802847228876,0.3172233862208153,0.2032031299066155,0.614336563022771
60.0,19.24,-0.9445603149454987,-0.0701157093909563,-0.7244077784964421,0.228778866343102,-0.022114736354110823,0.3198167991839578,0.2066122187371241,0.6166272752328332
60.0,19.26,-0.9438524257578443,-0.06790372948850272,-0.720893404284877,0.23070459195318999,-0.02155518587307588,0.3224094913512161,0.21001377043917557,0.6188751480856458
60.0,19.28,-0.9431319282514473,-0.06569233585094947,-0.7173861343649116,0.23258814952851245,-0.020983115490006875,0.32500141335415256,0.21340735127362656,0.6210807081655874
60.0,19.3,-0.9423987766221988,-0.06348192618268386,-0.7138863872536212,0.234430072604172,-0.020398517280609065,0.32759250976726884,0.2167925328157079,0.6232444923639249
60.0,19.32,-0.9416529619283529,-0.06127240450701603,-0.7103946614254466,0.2362306487851809,-0.019801361055828474,0.33018272969158685,0.22016890242327483,0.6253670435429922
60.0,19.34,-0.9408944629047231,-0.059063839823065824,-0.7069112809665109,0.23799066331480812,-0.019191621572660734,0.3327720094594576,0.2235360687728329,0.6274488914130599
60.0,19.36,-0.9401232599877635,-0.056856301511859185,-0.7034366244043679,0.2397106446101572,-0.018569274720743482,0.33536030321115556,0.22689365299556657,0.6294905624528021
60.0,19.38,-0.939339323614553,-0.054650023139168113,-0.6999711525023729,0.2413908783412048,-0.01793430748791615,0.33794755164551954,0.23024127409545853,0.6314926089096017
60.0,19.4,-0.9385426527695742,-0.05244474654228643,-0.6965151405292458,0.24303213721978278,-0.01728668365846067,0.3405336989346095,0.23357857408189805,0.6334555415384086
60.0,19.42,-0.9377332100002903,-0.0502408697080976,-0.6930690304072363,0.24463470663917286,-0.016626384799465103,0.34311869036973447,0.23690523322541146,0.6353799050435976
60.0,19.44,-0.9369109929482008,-0.04803813558999057,-0.6896330607369292,0.24619934824197204,-0.015953392807148768,0.34570247327019865,0.24022089593967577,0.6372662137305548
60.0,19.46,-0.9360759669847671,-0.04583694221854756,-0.6862075963286991,0.24772646058807632,-0.015267677193520249,0.3482849853891248,0.2435252526191212,0.6391150033894508
60.0,19.48,-0.9352281284354258,-0.04363703368082121,-0.6827929581937241,0.24921656479095092,-0.014569220230631827,0.3508661774662673,0.24681800930746622,0.6409267831565548
60.0,19.5,-0.9343674516717976,-0.04143864489698551,-0.6793894346213698,0.2506701713866164,-0.013857997793153342,0.3534459900031787,0.25009886479711235,0.6427020769801426
60.0,19.52,-0.933493917960119,-0.03924184746585267,-0.6759973130399262,0.2520877915915074,-0.013133979687254726,0.3560243649490062,0.2533675438926157,0.6444414104213038
60.0,19.54,-0.9326075157049659,-0.037046550521814305,-0.6726168722178626,0.2534699343735682,-0.012397154727500479,0.3586012529222539,0.2566237600602617,0.6461452816341866
60.0,19.56,-0.9317082202907765,-0.034852989356074345,-0.6692483302251667,0.25481722023357434,-0.011647498984452982,0.36117658966164,0.25986727201658205,0.6478142067411871
60.0,19.58,-0.9307960150164334,-0.03266123647853353,-0.6658920377657687,0.25612991913053895,-0.010884976368769476,0.36375032451111633,0.26309783524064806,0.6494486954822283
60.0,19.6,-0.92987088811522,-0.030471202362557976,-0.6625481738325758,0.2574086382524368,-0.010109575699619785,0.36632239425631474,0.26631521262263935,0.6510492462054297
60.0,19.62,-0.9289328171158627,-0.02828312269182541,-0.6592169921149743,0.25865387946448243,-0.009321273630260932,0.3688927450517836,0.2695191656056587,0.6526163574614247
60.0,19.64,-0.9279817841938334,-0.02609707076777291,-0.6558987004231762,0.259866127071524,-0.008520040287180501,0.3714613194914529,0.2727094910540515,0.6541505210197734
60.0,19.66,-0.9270177837877019,-0.023912796690748125,-0.6525934688091637,0.26104598233731685,-0.0077058652836496325,0.3740280600451242,0.2758859755387638,0.6556522401597246
60.0,19.68,-0.9260407896255087,-0.021730698619770474,-0.6493015889351603,0.26219369833376666,-0.006878712374920643,0.3765929099994116,0.2790484310983686,0.6571219876433592
60.0,19.7,-0.9250507894441223,-0.019550689299357094,-0.6460232090712021,0.2633098679675353,-0.006038564810486328,0.37915580795132836,0.28219666175182717,0.658560254549495
60.0,19.72,-0.9240477630606699,-0.017373004998427595,-0.6427584623106943,0.2643950757396147,-0.005185399520899939,0.3817166969153555,0.28533050599805243,0.6599675230113871
60.0,19.74,-0.9230316999820383,-0.01519755942156192,-0.6395076206537725,0.2654495689234773,-0.004319193550268545,0.38427552420566535,0.2884497889250354,0.6613442499474863
60.0,19.76,-0.9220025868088553,-0.01302426723146122,-0.6362708039788523,0.2664739262422237,-0.003439923846481662,0.3868322236515419,0.2915543479964668,0.6626909277003844
60.0,19.78,-0.9209604026336632,-0.010853526317418328,-0.6330481176912885,0.2674687178152895,-0.002547567590690264,0.38938674193555833,0.29464402946325674,0.6640080128292954
60.0,19.8,-0.9199051359462469,-0.008685251759894807,-0.6298398008855611,0.2684341783938778,-0.0016421087926185994,0.3919390163252712,0.29771870467560785,0.6652959634970979
60.0,19.82,-0.9188367712288847,-0.006519520010139637,-0.6266459070834249,0.26937098440622187,-0.0007235111143820296,0.3944889925571053,0.30077823994466335,0.6665552341059953
60.0,19.84,-0.9177552947959841,-0.004356407824931353,-0.6234666095734674,0.2702794717850616,0.00020823437993061685,0.39703660650897077,0.3038225030148916,0.6677862905554548
60.0,19.86,-0.9166606941208557,-0.0021958322582238685,-0.6203020837431487,0.2711599783230769,0.0011531640520037968,0.39958179775104147,0.3068513685855867,0.6689895610502665
60.0,19.88,-0.9155529527688546,-3.819079829221159e-05,-0.6171523432215555,0.27201315741591353,0.0021112864990723915,0.40212451416512934,0.3098647343274421,0.670165502397605
60.0,19.9,-0.9144320587459034,0.0021167587143147795,-0.6140175926884032,0.27283922896692964,0.0030826380914031953,0.40466468872435213,0.31286250784111647,0.671314540431008
60.0,19.92,-0.9132979972331686,0.004268937781966965,-0.6108978486168435,0.27363884333108424,0.004067227056993198,0.4072022626005797,0.3158445735971773,0.6724371222902897
60.0,19.94,-0.9121507585669373,0.006417949217289405,-0.6077932436810363,0.274412315253042,0.005065089846188221,0.40973718025224565,0.31881085576756124,0.6735336681036164
60.0,19.96,-0.9109903277638569,0.008564033137050368,-0.6047039132224669,0.27515996115162983,0.006076241481617478,0.4122693756005355,0.32176125923288645,0.6746045979657415
60.0,19.98,-0.909816691409751,0.010707110159964969,-0.6016298437538051,0.2758824109606948,0.007100704047169353,0.41479879048309765,0.324695727369601,0.6756503328102967
60.0,20.0,-0.9086298391682968,0.012846942024358434,-0.5985712090997866,0.27657986879007246,0.008138506727103019,0.4173253603178821,0.32761418000118536,0.6766712854849117
80.0,0.0,2.4933572343519082e-05,-8.212246725695345e-05,1.948877986775884e-08,-3.8826082748314573e-07,0.999988184432184,-8.959703840404187e-05,0.9999999998839229,-1.5236610224787877e-05
80.0,0.02,2.057700751607645e-06,-0.004278626727581924,1.7487645756517852e-08,-0.00014240595372820675,0.9999728987782824,-0.004141539354644065,0.999999998594793,-5.301333753359125e-05
80.0,0.04,-5.4723715039591445e-05,-0.008475000773089882,1.9891473689476426e-08,-0.0002844266256157137,0.9999235444925314,-0.008193503715214455,0.9999999958727166,-9.085464648665377e-05
80.0,0.06,-0.00014540959650457663,-0.012670842840513728,2.669797327456438e-08,-0.00042645140456833185,0.9998401212827354,-0.01224508485894266,0.9999999477339944,-0.00012876109231564124
80.0,0.08,-0.0002699923722272658,-0.016865750041527086,3.791147703882741e-08,-0.0005684814515082508,0.9997226352683901,-0.01629587779159343,0.9999998447289992,-0.00016673323735865887
80.0,0.1,-0.0004284578967190059,-0.021059324408366716,5.3509780223196097e-08,-0.0007105178594813933,0.9995710989846321,-0.020345478015204633,0.9999997217857549,-0.00020477164285975148
80.0,0.12,-0.0006207860981154093,-0.02525116076005185,7.349236837091675e-08,-0.0008525617581802251,0.9993855313962952,-0.02439347901419196,0.9999995788537405,-0.00024287690177689285
80.0,0.14,-0.0008469509438760254,-0.029440864969269395,9.787169019377852e-08,-0.0009946141830098005,0.9991659577772375,-0.028439478988110955,0.999999415882088,-0.0002810495494572987
80.0,0.16,-0.001106919434362138,-0.0336280278304073,1.266108768570579e-07,-0.0011366764108974498,0.9989124099164608,-0.03248307240806026,0.9999992328195819,-0.0003192901945368826
80.0,0.18,-0.0014006521148857318,-0.03781226126327019,1.597327187466432e-07,-0.001278749558016201,0.9986249258322573,-0.03652385779143877,0.999999029614682,-0.00035759941072968947
80.0,0.2,-0.001728103654010915,-0.04199315688253748,1.9722042876924873e-07,-0.0014208346698938458,0.9983035499830851,-0.040561432574864865,0.9999988062154649,-0.00039597778918753216
80.0,0.22,-0.002089222787186591,-0.04617032433766626,2.390399710789592e-07,-0.0015629329420253015,0.9979483331655202,-0.044595394959518836,0.9999985625696641,-0.00043442588613997596
80.0,0.24,-0.0024839522225392078,-0.05034336686994594,2.8523671935829196e-07,-0.0017050453864294042,0.9975593324758905,-0.048625344011929236,0.9999982986247545,-0.00047294432761381996
80.0,0.26,-0.0029122269597766557,-0.05451188178023827,3.3573961535649435e-07,-0.0018471733016556654,0.9971366111665981,-0.052650883248764886,0.9999980143275985,-0.0005115336872598156
80.0,0.28,-0.0033739773241773354,-0.058675484323330605,3.90566897229e-07,-0.0019893176763448837,0.9966802390626296,-0.056671612033716574,0.9999977096250029,-0.0005501945561658155
80.0,0.3,-0.003869126108419369,-0.06283377309861202,4.497269794062813e-07,-0.002131479648503771,0.9961902919897958,-0.060687134376538034,0.9999973844631884,-0.000588927560309546
80.0,0.32,-0.004397592536291286,-0.06698636315995968,5.131788035080192e-07,-0.0022736606153166707,0.995666851702959,-0.06469705727943177,0.9999970387880665,-0.0006277332732922422
80.0,0.34,-0.004959287473816414,-0.07113286835299468,5.809457030712109e-07,-0.002415861247686788,0.9951100066393248,-0.06870098739387966,0.999996672545168,-0.0006666123385111756
80.0,0.36,-0.005554114054938638,-0.0752728853410655,6.529619698828656e-07,-0.0025580830252529677,0.9945198509971697,-0.07269853280909568,0.9999962856796123,-0.0007055653295334168
80.0,0.38,-0.006181975619601258,-0.07940604831290855,7.292363150662435e-07,-0.0027003271573219317,0.9938964852999536,-0.07668930144266882,0.9999958781362475,-0.0007445928897216779
80.0,0.4,-0.006842764150634279,-0.08353196373026404,8.097773688957681e-07,-0.0028425943100025496,0.9932400155556776,-0.08067291154606833,0.9999954498595004,-0.0007836956100613113
80.0,0.42,-0.007536367355578737,-0.08765025754768789,8.945940202751497e-07,-0.0029848858726238114,0.9925505545616726,-0.0846489727077094,0.9999950007932878,-0.0008228741513326262
80.0,0.44,-0.008262665430222027,-0.09176052929279778,9.835861326578287e-07,-0.0031272033921835073,0.9918282203039881,-0.08861710327366877,0.9999945308811206,-0.0008621291044849178
80.0,0.46,-0.009021537295937753,-0.09586243197732303,1.0768046192381735e-06,-0.003269547313821966,0.991073136839342,-0.09257692527615702,0.9999940400662386,-0.000901461112808922
80.0,0.48,-0.009812849926618617,-0.09995555991941629,1.1741916057435597e-06,-0.0034119190938665033,0.9902854346085703,-0.09652805583945122,0.9999935282915496,-0.0009408708021236683
80.0,0.5,-0.010636472818008015,-0.10403957335708948,1.2757413199636935e-06,-0.0035543199730339284,0.9894652487299919,-0.10047012281651747,0.9999929954992536,-0.0009803588156823081
80.0,0.52,-0.011492260153232804,-0.10811407206059241,1.3815125744462433e-06,-0.003696751175748369,0.9886127208605389,-0.10440275284332826,0.9999924416313334,-0.0010199257792659283
80.0,0.54,-0.012380067515557702,-0.11217871414745989,1.491373021166344e-06,-0.003839213528078012,0.9877279981216524,-0.1083255730761673,0.9999918666295038,-0.0010595723535428549
80.0,0.56,-0.0132997413923747,-0.116233114129101,1.6053790305876006e-06,-0.0039817080640352194,0.9868112327938718,-0.11223821996857813,0.9999912704345508,-0.0010992991991613087
80.0,0.58,-0.014251126574737979,-0.12027693093821226,1.7234533021786563e-06,-0.004124236505648457,0.985862583212418,-0.11614032724658563,0.9999906529874273,-0.0011391069243908588
80.0,0.6,-0.01523405828797954,-0.12430979948417138,1.8456570437326667e-06,-0.004266799243017255,0.984882212871797,-0.12003153287940498,0.9999900142281769,-0.001178996224746309
80.0,0.62,-0.016248368692625845,-0.1283313529429583,1.9719081397177695e-06,-0.004409398058832501,0.9838702904680912,-0.1239114809121259,0.9999893540967988,-0.0012189677259099806
80.0,0.64,-0.01729388775169911,-0.1323412629411594,2.102114309018126e-06,-0.004552034067768129,0.9828269899974373,-0.12777981632926783,0.9999886725326246,-0.0012590221233559364
80.0,0.66,-0.01837043159713434,-0.13633916826071854,2.23641882043628e-06,-0.004694707625923028,0.9817524913056834,-0.13163618521556403,0.999987969474485,-0.0012991600427248026
80.0,0.68,-0.01947781988789587,-0.1403247202126012,2.3747325951386865e-06,-0.004837421134271637,0.9806469783212881,-0.13548024333160413,0.9999872448612043,-0.0013393821969022895
80.0,0.7,-0.020615865322828324,-0.14429758980155172,2.5169553723689965e-06,-0.004980174319893141,0.979510640683992,-0.1393116441978078,0.9999864986296108,-0.0013796892289381984
80.0,0.72,-0.02178437141674736,-0.14825741902529127,2.6632466119072832e-06,-0.0051229697481458124,0.9783436729928542,-0.14313004780210814,0.9999857307189823,-0.0014200818342239398
80.0,0.74,-0.02298314372038479,-0.1522038992164918,2.8133250570223295e-06,-0.0052658076125938254,0.9771462735881615,-0.14693511875342607,0.9999849410650353,-0.0014605606906716421
80.0,0.76,-0.024211975937192272,-0.15613669317440262,2.967352187160317e-06,-0.005408689304424689,0.975918648290491,-0.15072652168391854,0.9999841296045332,-0.0015011264587202376
80.0,0.78,-0.02547066186093304,-0.160055462274533,3.1253156802235478e-06,-0.005551616158925872,0.9746610044468407,-0.15450392915869207,0.9999832962751539,-0.0015417798686005748
80.0,0.8,-0.02675898816862914,-0.16395989011258758,3.287004531143454e-06,-0.005694589560924509,0.9733735560402901,-0.1582670155429841,0.999982441011064,-0.0015825215981569694
80.0,0.82,-0.02807674181128996,-0.16784967450816118,3.452594822448127e-06,-0.0058376099574847665,0.9720565214080528,-0.16201546022673885,0.9999815637462979,-0.0016233523252110408
80.0,0.84,-0.02942369749168599,-0.17172448672574706,3.6219700094905474e-06,-0.005980678685146033,0.970710121202071,-0.16574894560343656,0.9999806644181227,-0.0016642727799261205
80.0,0.86,-0.03079963270532356,-0.17558400850661907,3.79511072271826e-06,-0.006123797436040425,0.9693345839229819,-0.1694671580675028,0.9999797429602992,-0.0017052836400781046
80.0,0.88,-0.03220430546360086,-0.1794279648790419,3.971997145856256e-06,-0.0062669670711756435,0.967930141376164,-0.1731697873445609,0.9999787993039375,-0.001746385705586013
80.0,0.9,-0.033637509566369385,-0.1832560203839861,4.152609604637786e-06,-0.006410188620529452,0.9664970250336247,-0.17685653982341554,0.9999778333851598,-0.0017875794622004304
80.0,0.92,-0.03509900514723043,-0.18706788855685016,4.336814042281758e-06,-0.006553463046835862,0.9650354741040145,-0.1805271121472613,0.9999768451355083,-0.0018288659541354502
80.0,0.94,-0.03658850374519043,-0.19086329005849723,4.524700563288584e-06,-0.006696791857504855,0.9635457379348245,-0.18418119181880135,0.9999758344876346,-0.001870245527464746
80.0,0.96,-0.038105809624120426,-0.19464192364145239,4.71624979479407e-06,-0.006840176320721308,0.9620280548563824,-0.18781851950170728,0.9999748013716221,-0.001911719226350901
80.0,0.98,-0.03965069565685582,-0.1984035128785896,4.911320363240858e-06,-0.006983617468088734,0.960482678995752,-0.19143878953352755,0.9999737457191888,-0.0019532877458757906
80.0,1.0,-0.041222821288898495,-0.20214778000848568,5.110009591496888e-06,-0.007127116180496293,0.958909867524285,-0.19504171736903303,0.9999726674622603,-0.001994951606568267
80.0,1.02,-0.042822015246097855,-0.20587441677745447,5.312171681193382e-06,-0.007270674196708778,0.9573098771085321,-0.19862702145982084,0.9999715665296353,-0.0020367116779841012
80.0,1.04,-0.04444794296709168,-0.20958323475449175,5.517908677505544e-06,-0.007414291892551038,0.9556829645216398,-0.20219445821295348,0.9999704428514553,-0.0020785686551272465
80.0,1.06,-0.046100420050476924,-0.21327388707911402,5.726937999160613e-06,-0.007557971071870513,0.9540293983884258,-0.20574373737562213,0.9999692963561971,-0.0021205234075010663
80.0,1.08,-0.047779128953985804,-0.21694613549425978,5.939494202596756e-06,-0.007701712822766488,0.9523494450908866,-0.20927460630515007,0.999968126971391,-0.002162576630052133
80.0,1.1,-0.04948382586065422,-0.2205997469528294,6.155421587562345e-06,-0.007845518780182413,0.950643377023361,-0.21278679947865986,0.9999669346255731,-0.0022047290177029904
80.0,1.12,-0.051214221650637534,-0.22423448066611193,6.374553136275991e-06,-0.007989388898318059,0.9489114663811526,-0.21628007203836042,0.999965719246743,-0.00224698143987653
80.0,1.14,-0.0529700487453404,-0.22785003170554619,6.597139592025514e-06,-0.00813332557098635,0.9471539886200879,-0.21975418315256856,0.9999644807608212,-0.002289334591435964
80.0,1.16,-0.05475102281684096,-0.2314462198044946,6.822872772517782e-06,-0.008277329666371739,0.9453712290896127,-0.22320886279854732,0.9999632190935818,-0.002331789167217046
80.0,1.18,-0.05655687823301956,-0.23502278088866807,7.052012262357073e-06,-0.008421401973033642,0.9435634620107678,-0.226643911428,0.9999619341713883,-0.0023743460365568568
80.0,1.2,-0.058387357828264305,-0.23857949761926636,7.284240278564843e-06,-0.008565543854493568,0.941730979149757,-0.23005906737254697,0.9999606259185457,-0.002417005894232229
80.0,1.22,-0.060242107217498765,-0.2421161316038354,7.519522389649088e-06,-0.008709755990732872,0.9398740665019313,-0.23345410592256216,0.9999592942587804,-0.0024597696095174457
80.0,1.24,-0.06212085783830117,-0.24563245678285264,7.75798047489254e-06,-0.008854041093219264,0.9379930110080237,-0.23682882346908685,0.9999579391167912,-0.002502638051660129
80.0,1.26,-0.06402335278482883,-0.24912830192239255,7.999586655193326e-06,-0.008998398626621485,0.9360881073550289,-0.24018298701322452,0.9999565604156819,-0.0025456117408217283
80.0,1.28,-0.06594926497153022,-0.25260341334827663,8.243997097420449e-06,-0.009142831658777948,0.9341596468988993,-0.2435164010907133,0.9999551580782317,-0.0025886917207136348
80.0,1.3,-0.06789836959231392,-0.25605758457735145,8.491654894391706e-06,-0.009287339434407321,0.9322079288536276,-0.24682884100285446,0.9999537320249312,-0.0026318785114322787
80.0,1.32,-0.06987025528706724,-0.2594906350248757,8.742048640962288e-06,-0.009431924451466893,0.9302332530888135,-0.25012010327573336,0.9999522821777347,-0.002675173331152517
80.0,1.34,-0.0718647392110228,-0.262902357150098,8.99547037639792e-06,-0.009576586999373764,0.9282359121163364,-0.25339002088123547,0.9999508084567971,-0.0027185766999095395
80.0,1.36,-0.07388145478873252,-0.26629258966261726,9.251554383753824e-06,-0.009721328151146371,0.9262162173365441,-0.25663836589890804,0.9999493107834863,-0.002762089486763353
80.0,1.38,-0.07592011190271988,-0.2696611085213019,9.510605266880627e-06,-0.009866150778068553,0.9241744648902959,-0.2598649795657385,0.9999477890748705,-0.0028057123862056024
80.0,1.4,-0.07798043149996234,-0.27300773751123225,9.77224626633032e-06,-0.010011054901483575,0.9221109665991614,-0.26306965893038736,0.9999462432514716,-0.0028494464417565023
80.0,1.42,-0.08006208862465276,-0.27633232877391917,1.0036790805125082e-05,-0.010156041993112255,0.9200260207322266,-0.2662522531459331,0.9999446732306451,-0.002893292522369735
80.0,1.44,-0.08216474809432679,-0.2796347145176851,1.0303852462739522e-05,-0.010301112560359342,0.9179199378062242,-0.26941258373399035,0.9999430789294319,-0.002937251147916521
80.0,1.46,-0.08428817089601287,-0.2829147047104158,1.0573572748060137e-05,-0.010446268337177897,0.9157930304870008,-0.2725504766405202,0.9999414602654869,-0.0029813233618117374
80.0,1.48,-0.08643197913454684,-0.2861721881582018,1.0845918440911e-05,-0.010591511017095935,0.9136456066005391,-0.2756657775660694,0.9999398171521671,-0.00302551003289933
80.0,1.5,-0.08859592015268968,-0.2894069436711626,1.1120668782266624e-05,-0.010736842119525709,0.911477974728598,-0.2787583361711361,0.9999381495077785,-0.0030698118554806832
80.0,1.52,-0.09077965780441655,-0.2926188410798043,1.1397971112018183e-05,-0.010882261600781784,0.9092904532578746,-0.2818279914994309,0.9999364572459261,-0.003114229872857228
80.0,1.54,-0.09298286065746127,-0.2958077786500481,1.1677598729079672e-05,-0.011027770173051604,0.9070833522397221,-0.284874601274681,0.99993474027879,-0.003158764779243914
80.0,1.56,-0.09520528443357146,-0.29897357927109613,1.1959513269470886e-05,-0.011173371821380229,0.9048569814502281,-0.287898044284476,0.999932998522434,-0.0032034174433572156
80.0,1.58,-0.09744653926475214,-0.3021161531577311,1.2243867842116305e-05,-0.011319064792692247,0.9026116590169614,-0.29089817097624004,0.9999312318864034,-0.003248188908380695
80.0,1.6,-0.09970637404606165,-0.30523531411898075,1.2530431588337068e-05,-0.0114648529985692,0.9003476945053976,-0.29387486767699816,0.9999294402851941,-0.00329307969390974
80.0,1.62,-0.10198444923890027,-0.30833096752456013,1.2819160989259281e-05,-0.011610735597164279,0.8980654142336076,-0.29682797783504317,0.9999276236268013,-0.0033380911920960227
80.0,1.64,-0.10428041743582743,-0.3114030065483385,1.311001574274879e-05,-0.011756714718298304,0.8957651201204346,-0.299757427697932,0.9999257818236214,-0.0033832237479343575
80.0,1.66,-0.10659403913544664,-0.3144512935171044,1.3402952874147772e-05,-0.011902790088410385,0.8934471380794551,-0.3026630683313118,0.999923914783205,-0.0034284787535001434
80.0,1.68,-0.1089249116083349,-0.317475752458543,1.3697723932540995e-05,-0.012048965735824913,0.8911117817281429,-0.30554480276462825,0.9999220224175965,-0.003473856553715229
80.0,1.7,-0.11127279474717447,-0.3204762530575729,1.3994704394271756e-05,-0.01219524175437708,0.8887593625682347,-0.30840253710732596,0.9999201046315958,-0.0035193585405693226
80.0,1.72,-0.11363739499057383,-0.3234526891922642,1.4293643912006455e-05,-0.012341618250223983,0.8863902049089296,-0.31123615099142377,0.9999181613339664,-0.0035649852334202065
80.0,1.74,-0.11601830520569117,-0.32640499946778284,1.4594285161507371e-05,-0.012488098150921879,0.8840046168392602,-0.31404557442372527,0.9999161924296607,-0.0036107378496585013
80.0,1.76,-0.11841528912931236,-0.329333073886959,1.489657774719065e-05,-0.012634681488841403,0.881602916074958,-0.31683070984501255,0.9999141978252776,-0.003656617083078767
80.0,1.78,-0.12082793523725512,-0.3322368574010383,1.5200918879387137e-05,-0.012781369579332935,0.8791854167125683,-0.31959147965192414,0.9999121774259492,-0.0037026239764723565
80.0,1.8,-0.12325606758948945,-0.33511623057868517,1.5506597820869844e-05,-0.012928163550433061,0.8767524381429493,-0.3223277946526648,0.9999101311360726,-0.0037487593980675303
80.0,1.82,-0.1256992738649329,-0.3379711484898389,1.581401558208753e-05,-0.013075065776694275,0.8743042918809099,-0.3250395840304088,0.9999080588575344,-0.0037950242160431267
80.0,1.84,-0.12815732108690758,-0.3408015180628501,1.612313185144171e-05,-0.013222078373802855,0.8718412977660429,-0.3277267665321823,0.9999059604931633,-0.003841419298540966
80.0,1.86,-0.1306297956586941,-0.34360730776873166,1.643343547019587e-05,-0.013369200050089557,0.8693637580377012,-0.33038931026151325,0.9999038359453724,-0.0038879458626980587
80.0,1.88,-0.13311646718078604,-0.3463884369187208,1.674534141939166e-05,-0.013516432089025435,0.8668719952846722,-0.3330271253304792,0.9999016851130665,-0.003934604776557072
80.0,1.9,-0.1356170411113435,-0.34914483496040605,1.705833463760761e-05,-0.013663778449381582,0.8643663094702515,-0.33564018652348554,0.999899507897936,-0.003981396733611505
80.0,1.92,-0.13813110505989662,-0.35187649425862216,1.7372837246818694e-05,-0.01381123791017354,0.861847025178616,-0.338228412467008,0.9998973041982293,-0.004028322950853903
80.0,1.94,-0.14065842862159975,-0.3545833387714476,1.7688566193043795e-05,-0.013958813387805637,0.8593144478411673,-0.3407917703222207,0.9998950739121861,-0.004075384296196383
80.0,1.96,-0.14319872389035776,-0.3572653244343796,1.8005225367756718e-05,-0.01410650562053648,0.8567688860163882,-0.3433302148741805,0.9998928169378299,-0.004122581637507045
80.0,1.98,-0.14575157336010158,-0.35992244933507167,1.8323004960201406e-05,-0.014254314650234336,0.854210645428076,-0.34584372090488824,0.9998905331699369,-0.004169916017113832
80.0,2.0,-0.14831681613201866,-0.3625546305935832,1.864185731966323e-05,-0.014402243065245764,0.8516400400217374,-0.34833223560177845,0.9998882225064855,-0.0042173884773124845
80.0,2.02,-0.15089403874582827,-0.3651618846476457,1.8961733877712425e-05,-0.014550292745385706,0.8490573656984356,-0.35079575464641016,0.9998858848382933,-0.0042650000603227526
80.0,2.04,-0.1534830165625939,-0.3677441517863798,1.9282328479166077e-05,-0.01469846478720807,0.8464629304412051,-0.353234247656823,0.9998835200631859,-0.0043127514593157765
80.0,2.06,-0.15608340055035527,-0.37030143309722513,1.960358255495876e-05,-0.014846759427780827,0.8438570403316081,-0.3556476872620106,0.9998811280711503,-0.004360644065447105
80.0,2.08,-0.1586949060471888,-0.3728337068996365,1.992570020797208e-05,-0.014995177694982438,0.841239995212505,-0.3580360645668624,0.9998787087556968,-0.004408678397261332
80.0,2.1,-0.16131724915392417,-0.37534095376876,2.0248370628032662e-05,-0.015143723160989197,0.8386120981108858,-0.36039935839030235,0.9998762620066625,-0.00445685602033201
80.0,2.12,-0.16395008421888893,-0.3778231929942106,2.0571533629199155e-05,-0.015292394993147438,0.8359736402944318,-0.3627375808797284,0.9998737877136358,-0.004505177453091994
80.0,2.14,-0.16659312670341722,-0.380280408656911,2.0895132218685682e-05,-0.015441194816903682,0.833324924365582,-0.36505071802896166,0.999871285772076,-0.004553643912012372
80.0,2.16,-0.16924616635327186,-0.38271257264253905,2.1219380035128632e-05,-0.015590123219367225,0.830666244441608,-0.3673387731797053,0.9998687560629839,-0.004602256438934236
80.0,2.18,-0.171908790752718,-0.38511973988648296,2.1543682846185842e-05,-0.015739185108995704,0.8279978997900679,-0.36960173826855464,0.9998661984690587,-0.004651015901141751
80.0,2.2,-0.17458079030001014,-0.3875018849454614,2.1868248643600553e-05,-0.01588837891739221,0.825320169982886,-0.37183965207521413,0.9998636128818187,-0.004699923689449439
80.0,2.22,-0.17726188809130486,-0.38985900923676775,2.219301910988859e-05,-0.016037705496630226,0.8226333580706799,-0.3740524981364647,0.9998609991957622,-0.004748980496582438
80.0,2.24,-0.17995167516497887,-0.3921911875073297,2.2517939337758603e-05,-0.016187168211780775,0.8199377463173512,-0.3762403062462702,0.9998583572804893,-0.004798187364123934
80.0,2.26,-0.18265001749873713,-0.3944983763244285,2.2842947529187703e-05,-0.016336765510501353,0.817233622953343,-0.37840309510030995,0.9998556870266607,-0.0048475456827277216
80.0,2.28,-0.18535657274519926,-0.3967806168691681,2.3167702724619113e-05,-0.01648650206015095,0.8145212662247657,-0.3805408996285442,0.9998529883165035,-0.004897056144905991
80.0,2.3,-0.18807100552508177,-0.3990379701795781,2.3492136804760247e-05,-0.016636377520010015,0.8118009670508992,-0.38265372951606547,0.9998502610179396,-0.004946719966582989
80.0,2.32,-0.1907931146485756,-0.40127042270806623,2.3816477992481025e-05,-0.01678639401912206,0.8090730015575526,-0.38474162569799164,0.9998475050339867,-0.004996538189289434
80.0,2.34,-0.19352256580895136,-0.4034780389913599,2.4140369035849716e-05,-0.01693655040018011,0.8063376518663864,-0.3868046180755857,0.9998447202328524,-0.005046511854330284
80.0,2.36,-0.1962591665264569,-0.40566081979472673,2.4464047622832284e-05,-0.01708685188673366,0.8035951889604545,-0.3888427519925661,0.9998419064815771,-0.005096642177457005
80.0,2.38,-0.1990025115655001,-0.40781886578726195,2.478685183619305e-05,-0.017237298443456204,0.8008458867273174,-0.39085607754893986,0.9998390636708062,-0.00514693019997346
80.0,2.4,-0.20175248474517135,-0.40995215176810046,2.5109310331882604e-05,-0.01738788852263876,0.7980900208699544,-0.3928446145287216,0.9998361916803004,-0.005197376788564167
80.0,2.42,-0.20450868170711486,-0.41206078337993035,2.5431066634242114e-05,-0.017538629081666843,0.7953278665632417,-0.3948084205186691,0.9998332903753128,-0.005247983333308794
80.0,2.44,-0.20727092228726277,-0.4141447813662292,2.5751737019122315e-05,-0.01768951556830222,0.7925596691705913,-0.39674755892607994,0.9998303596225919,-0.005298750875215552
80.0,2.46,-0.21003894646874124,-0.4162041826300005,2.6071876546811627e-05,-0.0178405539968187,0.7897857134894598,-0.39866208141837217,0.9998273993116205,-0.0053496804553545526
80.0,2.48,-0.21281243126788885,-0.41823908020147965,2.639079410558546e-05,-0.017991742748276834,0.7870062643018548,-0.4005520331166211,0.9998244092961185,-0.005400773289054576
80.0,2.5,-0.21559112859962076,-0.4202495358782879,2.670873396526692e-05,-0.018143084756825877,0.7842215777051875,-0.4024174752954293,0.9998213894544049,-0.00545203024269972
80.0,2.52,-0.2183748593966273,-0.4222355628541576,2.7025309931029967e-05,-0.018294581372006263,0.7814319009298623,-0.4042584851064095,0.9998183396616613,-0.0055034527061194405
80.0,2.54,-0.2211632313038464,-0.42419730140197726,2.7340769673237266e-05,-0.018446234397898845,0.7786375023902721,-0.4060751192060733,0.9998152597831326,-0.005555041720012694
80.0,2.56,-0.22395614922031473,-0.4261347426216075,2.765504105195108e-05,-0.01859804181649531,0.7758386254855293,-0.40786745908497163,0.999812149682789,-0.00560679849951476
80.0,2.58,-0.22675321903747112,-0.4280480250871932,2.7967737856121022e-05,-0.01875001056906815,0.7730355259295645,-0.4096355611887093,0.9998090092127581,-0.005658724259629253
80.0,2.6,-0.22955427633420994,-0.42993718338725445,2.8278777768483443e-05,-0.018902137323603085,0.7702284505047239,-0.4113794977022562,0.999805838261357,-0.005710819866489477
80.0,2.62,-0.23235908203667857,-0.4318022879710732,2.858809180415062e-05,-0.019054427784915638,0.7674176457280206,-0.4130993610273632,0.9998026366790899,-0.005763086709466743
80.0,2.64,-0.23516740426033567,-0.4336434210762484,2.889559842122557e-05,-0.019206879358965232,0.7646033544004587,-0.4147952273599396,0.9997994043286098,-0.005815526003428579
80.0,2.66,-0.2379789287707787,-0.43546069306919283,2.9201226357523278e-05,-0.019359496407503687,0.7617858086366222,-0.416467170098121,0.9997961410732541,-0.005868138788676405
80.0,2.68,-0.2407935051174437,-0.43725415341302226,2.9504894788339344e-05,-0.019512277036644807,0.7589652649656476,-0.41811527896849543,0.9997928467635093,-0.005920926279873198
80.0,2.7,-0.24361082130541786,-0.4390239154743919,2.9806533402023707e-05,-0.019665226420824966,0.7561419442731965,-0.41973964447815837,0.9997895212725381,-0.005973889691747154
80.0,2.72,-0.24643065336358436,-0.440770072272348,3.0106065599654573e-05,-0.019818345662070743,0.7533160741824513,-0.42134036360809435,0.9997861644501349,-0.006027030238819649
80.0,2.74,-0.24925285587649768,-0.4424926737228559,3.0403059586566557e-05,-0.019971631617774165,0.750487911028175,-0.4229175005771716,0.9997827761352958,-0.006080348960973514
80.0,2.76,-0.25207712489668105,-0.4441918456113935,3.069779313652944e-05,-0.0201250929446219,0.7476576463954195,-0.424471172483705,0.9997793562095332,-0.006133847421783097
80.0,2.78,-0.25490324258994845,-0.4458676862113866,3.0989826261244196e-05,-0.020278724864306024,0.7448255264289412,-0.4260014781043601,0.9997759045122088,-0.006187526486490407
80.0,2.8,-0.2577309890326419,-0.44752028817206024,3.127943586539939e-05,-0.020432532157757213,0.7419917693961542,-0.4275085033515992,0.9997724209021567,-0.006241387543887787
80.0,2.82,-0.26056022923761385,-0.44914970815203337,3.156618061693631e-05,-0.020586512933608074,0.7391565927190278,-0.42899235363539723,0.9997689052147952,-0.006295431982546708
80.0,2.84,-0.2633905908910315,-0.4507561325456972,3.185034722310976e-05,-0.02074067507808649,0.7363202192229846,-0.4304531230111453,0.99976535731149,-0.006349660667627356
80.0,2.86,-0.26622202162535197,-0.45233957487342896,3.2131117567439915e-05,-0.020895012559501974,0.7334828546441581,-0.4318909327991235,0.9997617770258289,-0.00640407516203808
80.0,2.88,-0.2690542339192304,-0.45390018404542776,3.24091400525592e-05,-0.021049531551664592,0.7306447092130409,-0.43330587505902,0.999758164228872,-0.00645867650535277
80.0,2.9,-0.271886942370365,-0.4554381143665697,3.268359733454943e-05,-0.021204233797145613,0.7278059920589219,-0.4346980610893885,0.9997545187430362,-0.006513466085754556
80.0,2.92,-0.2747200997733813,-0.4569533762336706,3.2954765308382954e-05,-0.021359118887216335,0.7249669185307263,-0.4360676085756906,0.9997508404260083,-0.0065684451170772455
80.0,2.94,-0.2775533471346138,-0.4584461780859462,3.322255916557242e-05,-0.021514189131326637,0.722127684410003,-0.4374146088881376,0.9997471290994175,-0.006623614987337362
80.0,2.96,-0.28038664426652476,-0.4599165341024215,3.3486890528420324e-05,-0.02166944465876349,0.7192884932289322,-0.43873919503471165,0.9997433846316872,-0.006678976910282693
80.0,2.98,-0.2832197110246142,-0.4613646000531363,3.3747294155410195e-05,-0.021824888357725614,0.7164495373453689,-0.4400414785195419,0.9997396068333139,-0.0067345320991972785
80.0,3.0,-0.286052278750721,-0.46279055198037805,3.4004057579600764e-05,-0.021980520904302848,0.7136110148153528,-0.4413215595706223,0.9997357955707814,-0.00679028194215334
80.0,3.02,-0.28888431382115737,-0.4641944029309385,3.425671060475613e-05,-0.022136345774741682,0.7107731067870047,-0.442579582075034,0.999731950652604,-0.0068462278267489435
80.0,3.04,-0.2917154620015728,-0.4655763675922288,3.4505546609840015e-05,-0.022292364202171025,0.7079360230809564,-0.4438156412779395,0.9997280719353229,-0.006902370791835438
80.0,3.06,-0.2945457022896,-0.4669364714828905,3.475008242941097e-05,-0.022448575091541828,0.7050999401331752,-0.4450298657622185,0.9997241592369593,-0.00695871239939956
80.0,3.08,-0.2973747661036284,-0.46827488279713103,3.4990226631255316e-05,-0.022604982737515825,0.7022650403729015,-0.44622239011035275,0.9997202123993125,-0.007015254037010205
80.0,3.1,-0.3002023895929894,-0.4695917785136201,3.5225879938265037e-05,-0.022761586525233326,0.6994315113316572,-0.44739330286913254,0.9997162312432002,-0.007071996743018517
80.0,3.12,-0.30302855332688533,-0.4708871747868873,3.545694720262591e-05,-0.022918388667921487,0.696599523745969,-0.448542770212233,0.9997122155968644,-0.0071289420792173125
80.0,3.14,-0.30585300152969996,-0.47216125590022645,3.56833334315818e-05,-0.02307539164254117,0.6937692532800276,-0.4496708948348809,0.9997081653008352,-0.007186091432905127
80.0,3.16,-0.30867555524730256,-0.473414144340133,3.5904534165819826e-05,-0.023232595517788862,0.6909408818494356,-0.45077780296316255,0.9997040801619402,-0.007243446016558678
80.0,3.18,-0.31149604454029767,-0.47464597424435856,3.6120858788475425e-05,-0.023390005942339538,0.688114565510005,-0.45186362339794395,0.999699960018587,-0.007301007391771775
80.0,3.2,-0.31431429785311155,-0.47585687494324064,3.6332200194968124e-05,-0.023547618063900662,0.6852904899509289,-0.4529284892676649,0.9996958046882478,-0.007358776770914336
80.0,3.22,-0.3171302250102697,-0.47704691537683186,3.653846796161024e-05,-0.023705438001016627,0.6824688071144215,-0.4539725308940096,0.9996916139866953,-0.007416755540740284
80.0,3.24,-0.3199434988470552,-0.4782163467983054,3.6738730449430284e-05,-0.02386346672525402,0.6796496906026143,-0.45499587780502443,0.9996873877292529,-0.007474945087904734
80.0,3.26,-0.32275420328665266,-0.4793651319365106,3.693371099989612e-05,-0.024021705408658296,0.6768332963190633,-0.4559986498860949,0.9996831257538104,-0.0075333467991366395
80.0,3.28,-0.32556192291857255,-0.48049356854416814,3.7123311029120025e-05,-0.024180155429340825,0.6740197701244018,-0.45698099654948016,0.9996788278491155,-0.007591962409674018
80.0,3.3,-0.32836667293075866,-0.4816016901629195,3.7306582407479474e-05,-0.024338818373261958,0.6712092797453285,-0.4579430324291101,0.9996744938445805,-0.007650792782525835
80.0,3.32,-0.33116829174231277,-0.4826896251778313,3.748384187002802e-05,-0.02449769885312424,0.6684019746729902,-0.45888491336878695,0.9996701235496971,-0.007709839827374077
80.0,3.34,-0.33396654212842963,-0.4837575709347917,3.765539998401232e-05,-0.024656790410003813,0.6655979952345786,-0.45980675645574365,0.9996657167787936,-0.007769104755890255
80.0,3.36,-0.33676135272556756,-0.4848056030851768,3.782030496863396e-05,-0.024816103721047863,0.6627975025385929,-0.46070871215994114,0.9996612733200215,-0.007828589128412465
80.0,3.38,-0.339552496044275,-0.4858339299304686,3.7978868877413406e-05,-0.024975635517782074,0.6600006330818715,-0.4615908987201371,0.9996567930098111,-0.007888294156582695
80.0,3.4,-0.34233989932888254,-0.48684261909544774,3.8130546131705386e-05,-0.02513538838875126,0.6572075362991224,-0.46245346237049706,0.9996522756339636,-0.007948221574996675
80.0,3.42,-0.34512342588902784,-0.48783182354614646,3.827566294967956e-05,-0.025295365137726625,0.6544183368923121,-0.4632965337975396,0.999647720993423,-0.008008372594809694
80.0,3.44,-0.34790292816840984,-0.4888016784295578,3.841366370328461e-05,-0.025455565857326078,0.6516331878362461,-0.46412026537565454,0.9996431288959798,-0.008068748950574883
80.0,3.46,-0.350678263291458,-0.4897523233242226,3.854488008237432e-05,-0.025615993733931218,0.64885220251451,-0.46492478315959773,0.9996384991401874,-0.008129352027697411
80.0,3.48,-0.35344929716895485,-0.4906839078134991,3.866875071118143e-05,-0.02577664920891183,0.6460755380391195,-0.4657102289716336,0.9996338315241129,-0.008190183211470446
80.0,3.5,-0.35621597408728467,-0.4915965066515472,3.878516004766359e-05,-0.02593753585795234,0.6433033041811501,-0.4664767295982129,0.9996291258424552,-0.008251244236010619
80.0,3.52,-0.3589779897521009,-0.4924903904138138,3.889398352239148e-05,-0.026098651471646323,0.6405356378537154,-0.4672244500967468,0.9996243818922372,-0.008312536486379373
80.0,3.54,-0.361735383585765,-0.49336557939856635,3.8995109857211966e-05,-0.02626000298779904,0.6377726533368816,-0.46795350647966427,0.9996195994584778,-0.008374061347426897
80.0,3.56,-0.3644879420438559,-0.4942222848738114,3.908840972958294e-05,-0.026421585478234248,0.6350144926481378,-0.46866403669326584,0.9996147783342617,-0.008435820552913267
80.0,3.58,-0.3672356157227178,-0.49506057864232084,3.917377163346696e-05,-0.026583406262255686,0.6322612566630609,-0.46935620144403145,0.9996099183150514,-0.008497815487545362
80.0,3.6,-0.3699782905503924,-0.4958806217149126,3.9250608160153034e-05,-0.026745466806118876,0.6295130689793687,-0.47003012827748214,0.9996050191697995,-0.008560047884643188
80.0,3.62,-0.37271574480215713,-0.4966826096432943,3.9319255144865204e-05,-0.0269077656338287,0.6267700422455793,-0.4706859723939618,0.9996000806928892,-0.00862251912866769
80.0,3.64,-0.3754479511940392,-0.4974666352471755,3.937912368914092e-05,-0.027070307587338423,0.6240322902918373,-0.4713238400254239,0.9995951026521434,-0.008685230952684577
80.0,3.66,-0.3781747831992956,-0.49823283608202645,3.9430079616209194e-05,-0.02723309147159269,0.6212999283428807,-0.4719439083977202,0.9995900848523606,-0.008748184741005426
80.0,3.68,-0.38089613154432206,-0.49898137031386974,3.947247576610383e-05,-0.027396122484746727,0.6185730585421855,-0.4725462949591079,0.9995850270602186,-0.008811382226439552
80.0,3.7,-0.38361196100104933,-0.49971230955733525,3.950570508390049e-05,-0.02755939971760649,0.6158517792499802,-0.4731311497751832,0.9995799290433341,-0.008874824967200962
80.0,3.72,-0.38632198772787757,-0.5004259405488775,3.9529637296628475e-05,-0.027722925539986603,0.6131362094404136,-0.4736986230017358,0.9995747905802609,-0.008938514521473222
80.0,3.74,-0.3890262720693854,-0.5011222738927067,3.954365518838146e-05,-0.02788670248673993,0.6104264462843548,-0.47424883240803395,0.999569611435899,-0.009002452621662594
80.0,3.76,-0.39172470873877663,-0.501801462022437,3.9548594032255895e-05,-0.028050730026767584,0.6077225829509283,-0.4747819280858157,0.9995643913876159,-0.009066640825683633
80.0,3.78,-0.3944170998491225,-0.5024637177044299,3.954335108971017e-05,-0.028215014219626446,0.6050247178386425,-0.47529806543223757,0.9995591302121968,-0.009131080691317166
80.0,3.8,-0.39710342662789005,-0.5031091199062456,3.9528277259233345e-05,-0.0283795548317891,0.6023329433042175,-0.4757973622261646,0.9995538276497118,-0.009195773950346599
80.0,3.82,-0.3997834988842293,-0.5037378881504541,3.9502738265965616e-05,-0.028544351724454426,0.5996473613003889,-0.476279979243034,0.9995484834757363,-0.009260722160272418
80.0,3.84,-0.4024573940547946,-0.5043500359226387,3.946709473521185e-05,-0.02870940815699373,0.596968044343078,-0.4767460551328978,0.9995430974619955,-0.00932592722736428
80.0,3.86,-0.4051249206994939,-0.5049457762366175,3.942020663720439e-05,-0.028874727562141343,0.594295102180641,-0.47719570814439644,0.9995376693384123,-0.009391390533956772
80.0,3.88,-0.40778597894639645,-0.5055252554494939,3.936292884744761e-05,-0.029040306855595274,0.5916286096367122,-0.47762909814504445,0.9995321988869388,-0.00945711398613489
80.0,3.9,-0.41044056575001714,-0.506088556705193,3.929462794675456e-05,-0.029206156425995295,0.5889686565310377,-0.4780463639981973,0.9995266858461237,-0.009523099140499078
80.0,3.92,-0.41308850074751785,-0.5066359022269366,3.9215148588829056e-05,-0.029372270080773914,0.5863153092145704,-0.4784476436958054,0.9995211299637384,-0.009589347728058441
80.0,3.94,-0.4157297744446769,-0.5071673617781868,3.912434867879231e-05,-0.0295386517758697,0.5836686628024964,-0.47883306555821814,0.9995155310099083,-0.009655861479891253
80.0,3.96,-0.41836420887014336,-0.5076831575467031,3.90220857394041e-05,-0.02970530564393643,0.581028800803464,-0.4792027837738528,0.9995098887080641,-0.009722642126479709
80.0,3.98,-0.42099189546341953,-0.5081832954847809,3.890769104340303e-05,-0.029872232557039302,0.5783957783595288,-0.47955693014884104,0.9995042028039802,-0.009789691398369486
80.0,4.0,-0.42361257004715136,-0.5086680700675605,3.878153240067989e-05,-0.03003943348796676,0.5757696776432142,-0.4798956426399791,0.9994984730542652,-0.009857011026062635
80.0,4.02,-0.42622632188199905,-0.5091374782371146,3.8642934492907813e-05,-0.030206909513815983,0.5731505858666287,-0.48021906457738633,0.999492699190101,-0.009924602914121738
80.0,4.04,-0.4288329824533378,-0.5095917458542307,3.8491744480628514e-05,-0.030374665311827215,0.5705385539131228,-0.4805273269646806,0.9994868809339195,-0.009992468617940644
80.0,4.06,-0.43143247056026396,-0.5100310215646431,3.832780461957564e-05,-0.030542702224934194,0.5679336594778684,-0.480820567093606,0.9994810180385214,-0.010060610041982016
80.0,4.08,-0.4340247925684538,-0.5104553744495862,3.81514927393526e-05,-0.03071102170112182,0.5653359703358861,-0.48109893192908393,0.9994751102347202,-0.010129028915870466
80.0,4.1,-0.4366098693254081,-0.5108649499850378,3.79615811425431e-05,-0.030879625296944872,0.5627455416969918,-0.4813625416006635,0.9994691572296179,-0.01019772696882873
80.0,4.12,-0.4391876300837005,-0.5112599014908327,3.7758443822004125e-05,-0.031048514674372155,0.5601624450203277,-0.4816115479398152,0.999463158772058,-0.010266706279255942
80.0,4.14,-0.4417579973959759,-0.5116403724348512,3.7541921234346056e-05,-0.0312176916043055,0.5575867392935305,-0.4818460760056803,0.9994571145809708,-0.01033596840170772
80.0,4.16,-0.444320897053867,-0.5120065081325044,3.7311305549937154e-05,-0.03138715796740558,0.5550184866328434,-0.48206627138193525,0.9994510243594837,-0.010405515239323732
80.0,4.18,-0.4468763475154202,-0.5123583777078597,3.7066978143092456e-05,-0.03155691575297094,0.5524577433733483,-0.48227225847404426,0.9994448878559856,-0.010475348695542485
80.0,4.2,-0.44942419175601095,-0.5126962071441175,3.680878222546057e-05,-0.031726970714449375,0.5499045562148818,-0.48246417100352673,0.9994387047605602,-0.010545470673023227
80.0,4.22,-0.451964444429906,-0.5130200563431877,3.653543852920909e-05,-0.03189732145200906,0.5473589979691824,-0.4826421493404895,0.9994324747873816,-0.010615882900045845
80.0,4.24,-0.4544970442972024,-0.5133300762266992,3.624788232005582e-05,-0.032067966597328273,0.5448210979614662,-0.48280633036336096,0.9994261976595319,-0.010686587279265376
80.0,4.26,-0.45702183844975547,-0.5136264932066674,3.5944833980415705e-05,-0.03223891595413324,0.5422909222056581,-0.4829568330071456,0.9994198730762937,-0.010757585712905826
80.0,4.28,-0.4595389406963001,-0.5139092905039676,3.562723539084261e-05,-0.032410164669834665,0.5397685185773624,-0.483093794915638,0.9994135007476631,-0.010828880103124418
80.0,4.3,-0.46204819370069283,-0.5141786853644044,3.529378960153128e-05,-0.03258171910484306,0.5372539336684755,-0.48321735323786047,0.99940708036943,-0.010900472526192497
80.0,4.32,-0.46454963309569797,-0.5144347479523915,3.49448858767254e-05,-0.032753582041524176,0.5347472150797455,-0.48332762972237797,0.9994006116403604,-0.01097236470932553
80.0,4.34,-0.4670431073974171,-0.5146776993312434,3.4579767541206776e-05,-0.03292574879866591,0.532248398529874,-0.48342476992162364,0.9993940942431004,-0.011044558728274251
80.0,4.36,-0.4695286475783863,-0.5149075998114228,3.419883666754814e-05,-0.03309822989473165,0.5297575377035887,-0.4835088853911695,0.9993875278978293,-0.011117056310115277
80.0,4.38,-0.4720062031844494,-0.5151245976476282,3.380132939580837e-05,-0.033271020804524425,0.5272746682989288,-0.4835801059103478,0.9993809122720736,-0.011189859704495998
80.0,4.4,-0.4744757103670479,-0.5153288246390905,3.338706470915059e-05,-0.03344412851311169,0.5247998369910499,-0.4836385718588914,0.9993742470613415,-0.011262970637834479
80.0,4.42,-0.47693721437699177,-0.5155203484278401,3.2955853079110863e-05,-0.03361755246421262,0.5223330710926412,-0.4836844063734112,0.999367531954424,-0.011336391359617743
80.0,4.44,-0.4793905670097859,-0.5156993857400259,3.250750442665397e-05,-0.0337912921420993,0.5198744089190367,-0.4837177431782629,0.9993607666106292,-0.011410123595460184
80.0,4.46,-0.48183571816381127,-0.515866078069153,3.2041835498541446e-05,-0.033965354892872494,0.5174238925747956,-0.4837386862455523,0.9993539507304867,-0.01148416942013304
80.0,4.48,-0.4842727105605624,-0.5160204835698766,3.155805892519749e-05,-0.034139740404309116,0.5149815556793139,-0.4837473830011484,0.9993470839770905,-0.011558531082217296
80.0,4.5,-0.48670149408817326,-0.5161627388523777,3.105657593549189e-05,-0.03431445235604587,0.5125474272214029,-0.48374396005123377,0.9993401660186657,-0.011633210306813673
80.0,4.52,-0.48912211700712643,-0.5162929022196416,3.0536591695952e-05,-0.034489490581518185,0.5101215461689761,-0.48372852005537875,0.9993331965280036,-0.011708209342192919
80.0,4.54,-0.4915343430309469,-0.5164112709107337,2.999851201722276e-05,-0.03466485894753802,0.5077039310949055,-0.48370119758850355,0.9993261751674726,-0.011783530261847355
80.0,4.56,-0.49393832146000693,-0.5165178255237268,2.9441537918387325e-05,-0.03484056144687094,0.5052946138214612,-0.483662123225535,0.9993191015890799,-0.011859174964490711
80.0,4.58,-0.49633399567999253,-0.5166126878470026,2.886485059894493e-05,-0.03501659413509854,0.5028936277121067,-0.4836114126094515,0.9993119754743007,-0.011935145697846108
80.0,4.6,-0.49872133431968313,-0.5166960044480822,2.8269471012339513e-05,-0.03519296518561848,0.500500996699815,-0.4835491896958815,0.9993047964596935,-0.012011444534442013
80.0,4.62,-0.5011002012206067,-0.5167679924745522,2.765396788455286e-05,-0.03536967483798681,0.4981167380067824,-0.4834755722794346,0.9992975642038793,-0.012088073546844193
80.0,4.64,-0.5034707447657799,-0.5168286199418222,2.7018745784363798e-05,-0.03554672337673306,0.4957408878520105,-0.4833906800379931,0.9992902783415168,-0.012165034807102279
80.0,4.66,-0.5058328220824718,-0.5168780935139721,2.6362976957704808e-05,-0.03572411524716572,0.49337346159025536,-0.48329462969110926,0.9992829385271773,-0.012242330561710363
80.0,4.68,-0.5081864118876888,-0.5169165634353124,2.5687073436342036e-05,-0.03590185502287233,0.49101447939590803,-0.48318754291887134,0.999275544402906,-0.012319963056775355
80.0,4.7,-0.5105315564273891,-0.5169440619361748,2.4990193420005452e-05,-0.036079939100714824,0.4886639661383181,-0.4830695463527697,0.9992680956025429,-0.012397934189199959
80.0,4.72,-0.5128682275948551,-0.5169607277961107,2.427212065171497e-05,-0.036258372192453675,0.4863219316924815,-0.48294073527658116,0.9992605917639733,-0.012476246378995698
80.0,4.74,-0.5151963938081647,-0.5169666946404968,2.353263775767633e-05,-0.036437159141131006,0.4839884103449153,-0.482801246336481,0.9992530325053591,-0.012554901696819148
80.0,4.76,-0.5175160139126959,-0.5169620849605728,2.277152359312551e-05,-0.03661630070631485,0.48166339346608833,-0.4826511906045545,0.9992454174624653,-0.012633902562160513
80.0,4.78,-0.5198271510729965,-0.5169469431675098,2.1987913983436144e-05,-0.03679579769828365,0.4793469136911872,-0.4824906699545442,0.999237746253592,-0.012713250870752221
80.0,4.8,-0.5221296843188286,-0.5169214890883677,2.1182224499491867e-05,-0.0369756552342728,0.4770389914123944,-0.48231980816235404,0.9992300185008911,-0.012792949041410668
80.0,4.82,-0.5244235851300042,-0.5168858533235856,2.0354231199195102e-05,-0.03715587428841196,0.4747396267037455,-0.48213872555021,0.9992222338183753,-0.012872999143735955
80.0,4.84,-0.526709007614546,-0.5168399832844686,1.9502405987310157e-05,-0.037336455887425055,0.4724488302876918,-0.48194751961612065,0.9992143918237546,-0.012953403770395819
80.0,4.86,-0.5289857411402749,-0.5167841871974663,1.8627815982250216e-05,-0.03751740542832379,0.4701666284790734,-0.4817463040409734,0.9992064921035766,-0.013034165164534853
80.0,4.88,-0.5312539379844765,-0.5167184062092661,1.772957426034541e-05,-0.03769871976502179,0.46789301603939365,-0.4815352109736652,0.9991985342823824,-0.013115285220677796
80.0,4.9,-0.5335135720722991,-0.5166427651401329,1.6806786531100078e-05,-0.0378804088046338,0.46562801285794875,-0.4813143143492004,0.9991905179491982,-0.013196766704736872
80.0,4.92,-0.535764445254336,-0.5165575823666796,1.585986712881077e-05,-0.0380624695287208,0.4633716176335626,-0.4810837505581488,0.9991824427125419,-0.013278611684911436
80.0,4.94,-0.5380067937977733,-0.5164626926238627,1.4888576755426034e-05,-0.038244903292917395,0.4611238427497358,-0.48084361980667434,0.9991743081406939,-0.013360822577435878
80.0,4.96,-0.5402405137963437,-0.5163583214994126,1.3892007634375577e-05,-0.038427720356254254,0.45888469988453606,-0.48059402182454763,0.9991661138352596,-0.013443401798702494
80.0,4.98,-0.542465497323202,-0.5162446907197551,1.2870579107122005e-05,-0.03861091342027807,0.4566541885092131,-0.48033507733305697,0.9991578593875073,-0.013526351590264225
80.0,5.0,-0.5446818900111955,-0.5161217210398329,1.1822697377564382e-05,-0.038794492939934054,0.45443230525582146,-0.48006688726453345,0.9991495443621791,-0.01360967436744676
80.0,5.02,-0.5468896841232694,-0.5159895452841498,1.0749458445161534e-05,-0.03897845613220845,0.45221906815298657,-0.4797895416657966,0.9991411683319186,-0.013693372719801932
80.0,5.04,-0.5490887587290676,-0.5158483688185681,9.64925154050248e-06,-0.03916280920475138,0.45001447979393283,-0.4795031648585239,0.9991327308729008,-0.01377744888779909
80.0,5.06,-0.5512792001172284,-0.5156982303223256,8.522497758827499e-06,-0.03934755397698513,0.44781852968807256,-0.47920785046065284,0.9991242315601294,-0.013861905111597182
80.0,5.08,-0.5534609811200798,-0.5155392402187678,7.368939107162255e-06,-0.03953268777524111,0.44563122743671035,-0.47890371353269456,0.9991156699461906,-0.013946744328395792
80.0,5.1,-0.5556340826698459,-0.5153715152941566,6.187625895599845e-06,-0.039718221617231785,0.4434525697481625,-0.4785908386877868,0.9991070455944904,-0.01403196860316528
80.0,5.12,-0.5577985003403775,-0.5151951846011047,4.978287917876995e-06,-0.039904152968046475,0.4412825547085216,-0.47826932879413997,0.9990983580484034,-0.0141175805235234
80.0,5.14,-0.5599543921282834,-0.5150101643113615,3.740654709270464e-06,-0.040090483882262176,0.439121189908876,-0.4779392970845621,0.9990896068614822,-0.01420358267690968
80.0,5.16,-0.5621014681833,-0.514816858499011,2.4751575175351224e-06,-0.04027721647430245,0.4369684620218209,-0.47760083412584,0.99908079157943,-0.01428997730151328
80.0,5.18,-0.564239999132155,-0.5146151029955434,1.1801208065669202e-06,-0.04046435757772127,0.43482437567238863,-0.4772540332750161,0.9990719117366901,-0.014376767332671587
80.0,5.2,-0.5663698654139434,-0.5144050952627551,-1.4473995557499848e-07,-0.04065190481262349,0.4326889315397084,-0.4768990004399686,0.9990629668763275,-0.014463955007881004
80.0,5.22,-0.56849107154208,-0.514186964981442,-1.4989976092070514e-06,-0.040839865177853756,0.4305621064455712,-0.4765358319261771,0.9990539565210442,-0.014551543087232159
80.0,5.24,-0.5706035976983679,-0.5139608184471975,-2.8829296037688597e-06,-0.04102824109722573,0.4284439215334601,-0.4761646227784967,0.999044880197217,-0.014639533981715509
80.0,5.26,-0.5727075218694144,-0.5137266682212195,-4.298253014406761e-06,-0.041217030311593864,0.426334347692312,-0.4757854625961738,0.9990357374247597,-0.014727930450692454
80.0,5.28,-0.5748028405108375,-0.5134846319165238,-5.743822686410664e-06,-0.041406240071960296,0.42423338830114726,-0.47539846020484455,0.9990265277273014,-0.014816734904423971
80.0,5.3,-0.5768895385166833,-0.5132348155907269,-7.2213722600478e-06,-0.04159587299057005,0.42214103485864346,-0.47500369451189783,0.9990172506078231,-0.01490595027571881
80.0,5.32,-0.5789676089695734,-0.5129773314764539,-8.730475445745707e-06,-0.041785931743795274,0.42005728472419174,-0.4746012676907078,0.9990079055667328,-0.014995578799382219
80.0,5.34,-0.5810370465647628,-0.5127122920483684,-1.0272158277628187e-05,-0.04197641423938928,0.4179821202034353,-0.4741912648783128,0.9989984921156109,-0.015085623407626054
80.0,5.36,-0.5830979303277896,-0.5124397023381123,-1.1845993097685874e-05,-0.04216733292639183,0.41591554591383545,-0.47377377971520285,0.9989890097441209,-0.015176086857561576
80.0,5.38,-0.5851502579411635,-0.5121596741929316,-1.3453012798862852e-05,-0.04235867611110314,0.41385753979044787,-0.47334890887520426,0.9989794579457465,-0.015266971557190407
80.0,5.4,-0.5871939325732048,-0.5118724162569154,-1.5092788133724574e-05,-0.042550461294169666,0.4118080911621519,-0.4729167284508585,0.9989698362018549,-0.01535828061153643
80.0,5.42,-0.5892290376560981,-0.5115779331190141,-1.6767110631528546e-05,-0.04274268662295384,0.40976719965010605,-0.4724773429912811,0.9989601440029403,-0.015450016427797007
80.0,5.44,-0.591255657896531,-0.5112762281341763,-1.847630086288076e-05,-0.04293535022353802,0.4077348407341002,-0.47203082919646955,0.9989503808096536,-0.015542181761113624
80.0,5.46,-0.5932736940651712,-0.5109675046332451,-2.0219929938909864e-05,-0.04312845516598726,0.4057110166138874,-0.47157727782912234,0.9989405460986358,-0.01563477971526057
80.0,5.48,-0.5952831582037372,-0.5106518812764048,-2.19983158553918e-05,-0.04332200957512736,0.4036957031560122,-0.47111678238159893,0.9989306393213098,-0.015727812695651416
80.0,5.5,-0.5972841186836101,-0.510329343220584,-2.3812535933374575e-05,-0.04351601672262314,0.4016889005351989,-0.47064941456121917,0.9989206599626077,-0.015821283805385028
80.0,5.52,-0.5992766793186504,-0.5099999037699686,-2.5662917010071518e-05,-0.04371047491678358,0.39969057567547855,-0.4701752736480535,0.9989106074450707,-0.015915195622996547
80.0,5.54,-0.601260643838429,-0.5096638604253239,-2.7550556382583352e-05,-0.0439053874996401,0.39770073258284516,-0.4696944356772025,0.9989004812388235,-0.016009551250520865
80.0,5.56,-0.6032361120613653,-0.5093212212212894,-2.94742577454198e-05,-0.04410075788398276,0.3957193410779386,-0.4692069862475307,0.9988902807718653,-0.016104353440124296
80.0,5.58,-0.6052031711491839,-0.5089719811811794,-3.143589550145543e-05,-0.04429659465035642,0.3937463961934199,-0.4687130072843303,0.9988800054820693,-0.016199604943703823
80.0,5.6,-0.6071618135817801,-0.5086162341845958,-3.3435809621040654e-05,-0.04449289117364086,0.3917818879917968,-0.4682125748329486,0.9988696548114829,-0.016295308861559714
80.0,5.62,-0.6091119583814782,-0.508254192247495,-3.5474356570718e-05,-0.04468966129900149,0.38982578617141045,-0.4677057902682094,0.9988592281687293,-0.016391468118622413
80.0,5.64,-0.6110537780838589,-0.5078857371783209,-3.755109170661185e-05,-0.04488689328597048,0.3878780874639227,-0.4671927040824263,0.9988487249750791,-0.016488085465199923
80.0,5.66,-0.6129870986679199,-0.5075111819665141,-3.966794378827163e-05,-0.045084606334529126,0.38593876540525146,-0.46667342179390486,0.9988381446558372,-0.016585163999978635
80.0,5.68,-0.6149121019770591,-0.5071304130808444,-4.1824479155785204e-05,-0.045282793925196005,0.3840078042605054,-0.46614801179776016,0.998827486588486,-0.01668270682038911
80.0,5.7,-0.6168286981779523,-0.5067436315030142,-4.402184821913725e-05,-0.045481459899827714,0.3820851843166552,-0.4656165540815892,0.9988167502005253,-0.01678071667547175
80.0,5.72,-0.6187369827727183,-0.5063508294734584,-4.626042016853442e-05,-0.045680608173997904,0.38017089368082774,-0.46507912140388435,0.9988059348744036,-0.016879196836175836
80.0,5.74,-0.6206369568104451,-0.505952100442291,-4.853977126212637e-05,-0.04588024801986518,0.37826491202362883,-0.46453579266637746,0.998795039996562,-0.01697815022428289
80.0,5.76,-0.6225285271142739,-0.5055476407470596,-5.0861058075342325e-05,-0.04608037295864031,0.37636722306326137,-0.4639866515220881,0.9987840649486504,-0.017077579935382985
80.0,5.78,-0.6244118879327633,-0.5051373386105557,-5.322546356151957e-05,-0.04628098705815511,0.3744777972173974,-0.4634317650036941,0.9987730091104241,-0.01717748906454161
80.0,5.8,-0.6262870364647682,-0.504721280809957,-5.563257091290621e-05,-0.04648209981427854,0.3725966214619189,-0.4628712037638102,0.9987618718397493,-0.01727788053158011
80.0,5.82,-0.6281538021727705,-0.5042997792495175,-5.808356898640782e-05,-0.04668371013988427,0.37072367866422423,-0.46230504979494313,0.9987506525065374,-0.01737875777912874
80.0,5.84,-0.6300124559735315,-0.503872598664404,-6.057885069700687e-05,-0.04688582232980413,0.3688589509081921,-0.4617333674113043,0.9987393504708786,-0.01748012337729563
80.0,5.86,-0.6318628224203802,-0.5034400455212712,-6.311798960919273e-05,-0.04708844075637973,0.36700240014526897,-0.46115624502823327,0.9987279650635067,-0.01758198146445704
80.0,5.88,-0.63370500568433,-0.5030021086691016,-6.570301626258331e-05,-0.047291564420998806,0.3651540283485887,-0.46057373835853443,0.9987164956259552,-0.017684334783707484
80.0,5.9,-0.6355390888943849,-0.5025587582873602,-6.833351983894003e-05,-0.04749520324815382,0.3633138008267346,-0.4599859229939517,0.9987049414969986,-0.017787186775020693
80.0,5.92,-0.6373649952258286,-0.5021101973541047,-7.101071964351795e-05,-0.04769935085696901,0.36148169079030684,-0.4593928675415333,0.9986933020329961,-0.01789053913452987
80.0,5.94,-0.6391827368368943,-0.501656518546384,-7.373504730507931e-05,-0.047904022818368586,0.3596576837198489,-0.458794655910541,0.9986815764915687,-0.017994397043288632
80.0,5.96,-0.6409923997115622,-0.5011976910974474,-7.650690447754293e-05,-0.048109212815578464,0.35784176009219865,-0.45819133251914795,0.9986697642165164,-0.01809876393968696
80.0,5.98,-0.6427939904531041,-0.5007338009414034,-7.932587717842411e-05,-0.048314931110827276,0.3560338927611605,-0.45758298126912417,0.9986578646157098,-0.018203641519158636
80.0,6.0,-0.6445875315168921,-0.5002649455157474,-8.219490017318344e-05,-0.04852117137670568,0.3542340661912144,-0.4569696677166469,0.9986458767441988,-0.01830903495729383
80.0,6.02,-0.6463731114321845,-0.49979109211518336,-8.511188808705396e-05,-0.04872794962418462,0.35244224850766653,-0.45635145262370835,0.9986338000954195,-0.018414944206408556
80.0,6.04,-0.6481505578704528,-0.499312546154259,-8.807980175657532e-05,-0.04893525959134614,0.3506584199002289,-0.45572841198885666,0.9986216338854442,-0.018521377930897358
80.0,6.06,-0.6499200558150273,-0.49882916752251444,-9.10982358316177e-05,-0.04914310622780365,0.34888255616270464,-0.45510059941589087,0.9986093775209295,-0.018628334336855665
80.0,6.08,-0.651681624108953,-0.4983410468119326,-9.416678432645259e-05,-0.04935150024662335,0.34711462513474045,-0.4544680907153983,0.9985970300150613,-0.018735820340088236
80.0,6.1,-0.6534352600838361,-0.49784825735075333,-9.728759254836693e-05,-0.049560435416666826,0.3453546182649386,-0.45383094293861115,0.9985845908208073,-0.01884383763341697
80.0,6.12,-0.6551809845100403,-0.497350889637193,-0.00010046112106266102,-0.04976991685985208,0.3436025029886816,-0.45318921438982235,0.9985720591265643,-0.018952389647624204
80.0,6.14,-0.6569188040775592,-0.49684902264557484,-0.00010368784556478057,-0.04997995553505785,0.34185825852075385,-0.45254297851341213,0.9985594342001015,-0.019061481557796644
80.0,6.16,-0.6586487263560615,-0.4963427353056112,-0.0001069673335720092,-0.05019054524820483,0.340121855979564,-0.45189229777195067,0.9985467152580351,-0.019171115050478034
80.0,6.18,-0.6603708539317421,-0.4958319969478343,-0.00011030181525263695,-0.05040169709769795,0.3383932703633581,-0.4512372230125522,0.9985339014480816,-0.019281295297123028
80.0,6.2,-0.6620851018365644,-0.49531699533078527,-0.00011369089195710437,-0.05061341654204165,0.33667247250774507,-0.45057783203598206,0.9985209920974581,-0.019392023985107677
80.0,6.22,-0.6637916606059036,-0.49479758320471817,-0.00011713590087040134,-0.05082569741802945,0.3349594490282403,-0.4499141578495043,0.998507986463673,-0.01950330628666723
80.0,6.24,-0.6654903759135504,-0.49427407545342883,-0.00012063645437182028,-0.05103855108426973,0.33325416644922023,-0.4492462883159663,0.9984948836053568,-0.0196151456260392
80.0,6.26,-0.6671814167495658,-0.49374630640296285,-0.00012419481004453394,-0.05125197727581802,0.33155659546923477,-0.44857426728150573,0.9984816828086174,-0.01972754543120524
80.0,6.28,-0.6688647246105632,-0.4932144809248443,-0.00012781056248873564,-0.051465975722001296,0.3298667182081279,-0.4478981537415286,0.9984683832767755,-0.019840507384504654
80.0,6.3,-0.6705402974664096,-0.4926786652183732,-0.00013148424073769734,-0.051680563987967054,0.3281845049988029,-0.44721800685857194,0.9984549842219409,-0.01995403839780478
80.0,6.32,-0.6722082430787865,-0.49213882512077634,-0.00013521813015301311,-0.051895736020524344,0.32650992985874955,-0.44653389043987607,0.9984414845773375,-0.0200681418899204
80.0,6.34,-0.6738685684199396,-0.4915950314854914,-0.00013901094047065642,-0.052111497664559914,0.3248429710010184,-0.4458458410296326,0.9984278838039262,-0.020182817802908388
80.0,6.36,-0.6755212889830804,-0.49104736075400734,-0.00014286407855808436,-0.05232784882186992,0.32318359043350514,-0.4451539380394883,0.9984141808397521,-0.020298074784135534
80.0,6.38,-0.6771663354689598,-0.4904960074596365,-0.0001467789853739151,-0.052544795432479995,0.32153176996750926,-0.44445822229956133,0.9984003749903005,-0.020413914514388395
80.0,6.4,-0.6788039740041344,-0.48994068764209714,-0.0001507552966032101,-0.052762349605079646,0.31988748320789717,-0.44375875580127455,0.9983864652935606,-0.020530340411590253
80.0,6.42,-0.6804339656325696,-0.4893818320208688,-0.000154795341394227,-0.05298049923240465,0.3182506962981544,-0.44305558981898513,0.9983724507849308,-0.020647355892804635
80.0,6.44,-0.6820565774067703,-0.4888191547413885,-0.00015889785534702118,-0.05319926263034323,0.31662139813399487,-0.4423487743126421,0.9983583307695364,-0.02076496786632698
80.0,6.46,-0.6836716419655361,-0.4882529574618316,-0.0001630652244542523,-0.05341863994617418,0.3149995356739748,-0.4416383656963632,0.998344104119302,-0.020883176257763016
80.0,6.48,-0.6852791951696384,-0.4876833272814544,-0.00016729705917679552,-0.053638631325840055,0.3133851089864656,-0.4409244127060281,0.9983297702481622,-0.02100198797608761
80.0,6.5,-0.6868794043066637,-0.4871100833128016,-0.00017159485676207544,-0.053859243100805296,0.3117780686123426,-0.44020697588067353,0.9983153278717317,-0.021121404685212404
80.0,6.52,-0.6884722903653084,-0.48653329951748847,-0.00017595919035284755,-0.05408048169758114,0.3101784071478605,-0.439486093090015,0.9983007763970968,-0.021241433292291962
80.0,6.54,-0.6900576895840461,-0.48595327942132216,-0.00018039059602769042,-0.05430234113204934,0.30858607870931815,-0.4387618290004387,0.9982861146491755,-0.021362075461817294
80.0,6.56,-0.6916358023743802,-0.48536986259156667,-0.00018489064705258716,-0.054524840415182414,0.3070010645236257,-0.4380342211158361,0.9982713418732216,-0.02148333460955637
80.0,6.58,-0.6932066280225057,-0.4847831058781686,-0.0001894589426960074,-0.05474797365082317,0.3054233375228407,-0.4373033274636643,0.9982564568915101,-0.021605217627571026
80.0,6.6,-0.6947701983473881,-0.4841930883740412,-0.0001940979901100287,-0.054971747479582694,0.30385287115827836,-0.4365691902226304,0.9982414588275252,-0.021727727927203667
80.0,6.62,-0.6963264215014824,-0.4835999826978651,-0.00019880647904987802,-0.05519616865011012,0.30228962714054675,-0.43583186682749114,0.9982263468400636,-0.021850867176671472
80.0,6.64,-0.6978754995851921,-0.48300362491130006,-0.00020358788572541153,-0.05542123760885005,0.30073358652498905,-0.4350913933945582,0.9982111198559576,-0.021974642267489325
80.0,6.66,-0.6994173579336035,-0.4824041982912181,-0.00020843993289839077,-0.055646961221923336,0.2991847220390787,-0.43434782628478424,0.9981957767596674,-0.022099056603088772
80.0,6.68,-0.7009520069829565,-0.4818017647557308,-0.0002133661274846279,-0.0558733399979393,0.29764300703251845,-0.4336012061968458,0.9981803166626126,-0.022224113590985188
80.0,6.7,-0.7024795498315328,-0.48119626905485485,-0.0002183661352107285,-0.05610038091113849,0.2961083997462246,-0.43285158386088246,0.9981647385193708,-0.022349818377319284
80.0,6.72,-0.7040000059306354,-0.4805877776143515,-0.00022344157733748278,-0.05632809102574996,0.2945808879358393,-0.4320990040162983,0.9981490412807067,-0.02247617610712779
80.0,6.74,-0.7055133872576729,-0.47997635120351423,-0.0002285920694687595,-0.05655646448918145,0.2930604373635738,-0.4313435114375219,0.9981332238180753,-0.022603190179658575
80.0,6.76,-0.7070196308402665,-0.4793621794025171,-0.00023382029275104783,-0.056785521475586756,0.291547013850682,-0.43058515049492396,0.9981172853446897,-0.02273086400093592
80.0,6.78,-0.7085189172902557,-0.4787450762086531,-0.00023912488005742137,-0.05701525622887142,0.2900406016222223,-0.42982395998220896,0.9981012245711989,-0.022859202707564752
80.0,6.8,-0.7100112518524359,-0.47812509575088646,-0.00024450845742418116,-0.05724566945541894,0.28854116232472865,-0.42905999357753727,0.9980850404341536,-0.022988211440176955
80.0,6.82,-0.711496506349456,-0.4775025624262603,-0.00024997173736398853,-0.057476775097853025,0.2870486692994406,-0.4282932894725694,0.99806873179158,-0.02311789359362409
80.0,6.84,-0.712974837911164,-0.47687727180494754,-0.00025551538177469286,-0.05770857401810011,0.2855630884391404,-0.4275238905541787,0.9980522977619865,-0.023248256053529592
80.0,6.86,-0.7144462862549831,-0.47624929964513657,-0.0002611400858473365,-0.05794107374341471,0.2840844071427517,-0.4267518392290334,0.9980357370068232,-0.023379300465177447
80.0,6.88,-0.7159108506395067,-0.4756186941196823,-0.000266847504522135,-0.058174268503241276,0.2826125880050837,-0.4259771728032655,0.9980190484479691,-0.023511031964570734
80.0,6.9,-0.7173685637700152,-0.47498552521046783,-0.0002726383844461916,-0.05840817259215352,0.28114760023426294,-0.42519993802369316,0.9980022310768487,-0.023643457431070047
80.0,6.92,-0.7188194259247501,-0.4743498408702071,-0.00027851242541623953,-0.05864279376865904,0.27968942045216083,-0.4244201763372931,0.9979852835447314,-0.023776578506371295
80.0,6.94,-0.7202635453418188,-0.4737115796326412,-0.0002844733619451085,-0.05887812631843439,0.2782380114341117,-0.4236379239783559,0.9979682048767318,-0.023910400325568498
80.0,6.96,-0.7217008569712872,-0.47307092534106654,-0.00029051885509611395,-0.0591141780550444,0.27679335303951774,-0.4228532266138273,0.9979509937071239,-0.024044929756021727
80.0,6.98,-0.7231313708691761,-0.4724279310599258,-0.00029665273798056333,-0.059350956866646286,0.2753554123381581,-0.4220661101275329,0.9979336489792203,-0.02418017018571117
80.0,7.0,-0.7245552789195868,-0.47178240769073754,-0.0003028747048233863,-0.05958846390606151,0.27392416497275945,-0.42127662923528425,0.9979161693608,-0.024316126737560773
80.0,7.02,-0.7259724270609978,-0.4711346599614536,-0.00030918656089015,-0.059826707199825614,0.2724995812599134,-0.4204848140539228,0.9978985537878174,-0.024452802797054404
80.0,7.04,-0.727382908934544,-0.4704846136124522,-0.0003155880380514387,-0.0600656948913337,0.27108162740579783,-0.41969070403198067,0.997880800877252,-0.02459020522610171
80.0,7.06,-0.7287868349586224,-0.4698322041055958,-0.00032208194166236125,-0.06030542132883286,0.2696702770122032,-0.4188943335467978,0.9978629095137019,-0.02472833914914588
80.0,7.08,-0.7301840531958345,-0.46917773727496914,-0.0003286680547654155,-0.06054590167512038,0.26826550988816933,-0.4180957463392033,0.9978448783910032,-0.02486720794201173
80.0,7.1,-0.7315748303503384,-0.46852088776286904,-0.00033534713733542146,-0.060787137309654925,0.26686728617232286,-0.4172949712551236,0.997826706155899,-0.02500681672072039
80.0,7.12,-0.7329589254310656,-0.4678620839377939,-0.0003421221230154899,-0.0610291366238286,0.2654755784462683,-0.4164920560372233,0.997808391565558,-0.02514717060270778
80.0,7.14,-0.7343366222690846,-0.46720100949754045,-0.0003489926979316251,-0.06127189402737334,0.264090371897645,-0.4156870198147971,0.9977899333726524,-0.025288274703978975
80.0,7.16,-0.7357077544503388,-0.46653796021754385,-0.00035595972879778236,-0.06151542505690368,0.2627116215444838,-0.4148799141703968,0.997771330210447,-0.025430134136165856
80.0,7.18,-0.7370725159731626,-0.465872740609115,-0.0003630250872259583,-0.06175973124453661,0.26133930543672756,-0.41407076232789647,0.99775258066301,-0.025572755750781166
80.0,7.2,-0.7384307501778307,-0.4652056525529227,-0.00037019066615378345,-0.06200481412045661,0.25997339322884727,-0.41325960598321376,0.9977336835134422,-0.025716142917877154
80.0,7.22,-0.7397826515551775,-0.46453649931077917,-0.00037745629394576614,-0.06225068955979563,0.25861386602706027,-0.4124464726742153,0.9977146372663277,-0.025860300741532255
80.0,7.24,-0.7411281457273184,-0.4638654541049397,-0.0003848238415897354,-0.0624973520646183,0.2572606833671514,-0.41163140325573844,0.9976954407661733,-0.026005234333166902
80.0,7.26,-0.7424673293707234,-0.4631924371656609,-0.00039229309850403923,-0.06274481048329207,0.255913816332912,-0.4108144244852316,0.997676092347663,-0.0261509505319762
80.0,7.28,-0.7438002269426113,-0.4625175028059734,-0.00039986824250715493,-0.06299307375010095,0.2545732520596812,-0.4099955726319122,0.9976565907760939,-0.02629745270188336
80.0,7.3,-0.745126765605996,-0.46184082459786,-0.00040754794577874256,-0.06324214366647701,0.2532389473735068,-0.4091748828680022,0.9976369344909573,-0.026444747681713083
80.0,7.32,-0.7464470600991956,-0.461162332308111,-0.00041533417488241487,-0.06349202201320382,0.25191087357394665,-0.40835238118388023,0.9976171220871531,-0.026592840570336014
80.0,7.34,-0.7477611190150795,-0.4604820691924925,-0.0004232290160200319,-0.06374272524782734,0.25058901494825425,-0.40752809838013354,0.997597152154701,-0.026741736464965027
80.0,7.36,-0.7490690315354223,-0.4597999476698398,-0.0004312322023456446,-0.06399424797119059,0.24927333441502197,-0.4067020781270384,0.9975770232317646,-0.026891442202238634
80.0,7.38,-0.7503706635864053,-0.45911628261346793,-0.0004393457944894371,-0.06424659944755684,0.24796380482599345,-0.4058743319641935,0.997556733715194,-0.02704196112860537
80.0,7.4,-0.7516662825595579,-0.4584307345931601,-0.00044757182790755313,-0.06449978163189284,0.2466603950327414,-0.405044912299062,0.9975362821326733,-0.027193300077126385
80.0,7.42,-0.7529556495050361,-0.457743733986699,-0.0004559102055049679,-0.0647538114056481,0.2453630879652518,-0.40421383061415744,0.997515667053509,-0.027345464137998064
80.0,7.44,-0.754239023175201,-0.4570549344839592,-0.0004643629342015595,-0.06500868341719601,0.24407184406356394,-0.4033811247481571,0.9974948867642414,-0.027498460134295195
80.0,7.46,-0.7555162717087547,-0.45636465151940586,-0.0004729321489859931,-0.06526440722639526,0.2427866478049993,-0.4025468240546241,0.9974739397083233,-0.027652293149303203
80.0,7.48,-0.7567875740551512,-0.4556726685576503,-0.00048161881304744465,-0.06552098497722716,0.2415074542240719,-0.40171095648361427,0.9974528244388717,-0.027806968267652315
80.0,7.5,-0.7580527734848129,-0.45497928589708325,-0.0004904228599325849,-0.06577843397038273,0.2402342479269005,-0.4008735509274227,0.997431539340142,-0.027962492309795906
80.0,7.52,-0.7593120578719573,-0.4542842911157971,-0.0004993475040851438,-0.06603674891275038,0.23896700372006563,-0.40003463567225417,0.9974100825603794,-0.028118872087668726
80.0,7.54,-0.7605653595400301,-0.4535878576495114,-0.0005083938004695062,-0.06629593967683281,0.2377056867576635,-0.399194238336883,0.9973884526846327,-0.028276110939218037
80.0,7.56,-0.7618126994254919,-0.45289003195308936,-0.0005175627544066143,-0.06655600859500184,0.23645027203730276,-0.3983523867318488,0.9973666479647797,-0.028434215675597365
80.0,7.58,-0.7630541777544618,-0.4521907271590342,-0.0005268554377020204,-0.06681696569545692,0.23520072496343805,-0.3975091079797639,0.9973446667610304,-0.02859319310907023
80.0,7.6,-0.7642898070294977,-0.4514899835871149,-0.0005362741030960605,-0.067078821120851,0.23395703034321375,-0.39666442990727946,0.9973225073122142,-0.028753050046457566
80.0,7.62,-0.7655196088703672,-0.4507878466379851,-0.0005458197310179786,-0.06734156964156061,0.2327191606543771,-0.3958183751234639,0.9973001679514809,-0.02891378981111648
80.0,7.64,-0.7667435178729707,-0.4500844902096841,-0.000555494675405097,-0.0676052292512998,0.231487077363869,-0.3949709786922105,0.9972776468553322,-0.02907542094619811
80.0,7.66,-0.767961704719186,-0.4493796868349644,-0.0005652999440015897,-0.06786979475904105,0.23026076009701768,-0.39412225870196393,0.997254942409301,-0.029237948514709972
80.0,7.68,-0.7691741221895676,-0.4486736203041429,-0.0005752355558768117,-0.06813528439966475,0.22904017744069463,-0.3932722456806482,0.9972320527123391,-0.02940137931132135
80.0,7.7,-0.7703807755403018,-0.4479663251471894,-0.0005853061003001476,-0.06840169299255235,0.22782530917194557,-0.3924209573942195,0.9972089759713901,-0.02956572013170552
80.0,7.72,-0.7715817660921033,-0.44725771144267373,-0.0005955116359699654,-0.0686690389965336,0.22661612406099912,-0.39156842394623037,0.9971857102717064,-0.029730977765762685
80.0,7.74,-0.7727770329133554,-0.4465479544360403,-0.0006058532129945217,-0.06893731730256696,0.22541259781331247,-0.3907146712183912,0.9971622540255703,-0.02989715552707189
80.0,7.76,-0.773966671498618,-0.4458369599153881,-0.0006163332332603732,-0.06920653860856683,0.22421470361003507,-0.3898597204023956,0.9971386050862907,-0.030064263678173945
80.0,7.78,-0.7751506976738531,-0.4451247669768702,-0.0006269517039525337,-0.06947671376365717,0.2230224079554394,-0.3890035964216809,0.9971147617384576,-0.030232305524485286
80.0,7.8,-0.7763291302344205,-0.44441141613304935,-0.0006377133477302205,-0.06974783764430488,0.22183569618288085,-0.38814632515153513,0.9970907219879144,-0.030401289586557415
80.0,7.82,-0.7775019864875867,-0.44369694674520904,-0.000648617134522801,-0.07001993730832945,0.22065453242938848,-0.3872879266394405,0.9970664837707209,-0.030571222638487598
80.0,7.84,-0.7786692831332864,-0.4429813975403576,-0.0006596665462742274,-0.07029299968864376,0.21947888358594192,-0.3864284251830512,0.9970420453600793,-0.030742111462326322
80.0,7.86,-0.7798310380509108,-0.4422648076325182,-0.000670862868699326,-0.07056703586891039,0.21830874444457674,-0.38556784673066646,0.9970174047314694,-0.030913961086866528
80.0,7.88,-0.7809873464692499,-0.44154707970109713,-0.000682207478682469,-0.07084206522236915,0.2171440677713355,-0.38470620570710373,0.9969925597457138,-0.031086780018513522
80.0,7.9,-0.7821381477190067,-0.4408283874970102,-0.0006937014517744098,-0.07111807463300626,0.21598484174390994,-0.3838435315486486,0.9969675084789192,-0.031260573284274396
80.0,7.92,-0.7832835364310399,-0.44010863254343663,-0.0007053475126961216,-0.07139509182467081,0.21483103364406197,-0.38297984777511823,0.9969422487215516,-0.031435351124989776
80.0,7.94,-0.7844234536310426,-0.43938798925654915,-0.0007171480166703043,-0.07167310365374974,0.21368261513613987,-0.3821151695490507,0.9969167785895524,-0.03161111682218291
80.0,7.96,-0.7855580689950727,-0.43866622039528574,-0.0007291032435669927,-0.07195213817293268,0.21253956294415352,-0.3812495207050816,0.9968910957977198,-0.03178787886736305
80.0,7.98,-0.7866872466123711,-0.43794363673538644,-0.0007412155731482138,-0.07223218222489534,0.21140185805739248,-0.3803829168240972,0.996865198396266,-0.03196564575994733
80.0,8.0,-0.787811157079732,-0.43722000051071946,-0.0007534890143537849,-0.07251325578346286,0.21026945744302905,-0.37951539247144217,0.9968390839647728,-0.03214442249830244
80.0,8.02,-0.7889296655110605,-0.4364956230428374,-0.0007659223767274111,-0.07279536238130153,0.20914235555473676,-0.37864695553308264,0.996812750708457,-0.03232421583988916
80.0,8.04,-0.7900429397855515,-0.43577026403136976,-0.0007785195408013011,-0.07307850550892413,0.2080205138098262,-0.3777776321434948,0.9967861959078507,-0.03250503599269405
80.0,8.06,-0.7911509987935801,-0.4350439596769158,-0.0007912807762334726,-0.07336270559937333,0.2069039135945108,-0.37690743730784926,0.9967594178075003,-0.03268688796831893
80.0,8.08,-0.7922537813198699,-0.4343168818318243,-0.0008042098392933302,-0.07364794940155428,0.20579251902682688,-0.37603640107599,0.9967324136697902,-0.032869781968157354
80.0,8.1,-0.7933513818922369,-0.4335889280728931,-0.0008173084127908127,-0.0739342659993352,0.2046863158862631,-0.3751645302382147,0.9967051816657616,-0.03305372125433514
80.0,8.12,-0.7944437418533347,-0.43286027140433353,-0.0008305777287254588,-0.07422164215870393,0.20358527508366717,-0.3742918509225457,0.9966777190403115,-0.03323871602158722
80.0,8.14,-0.7955309532181015,-0.432130807283986,-0.000844020802400596,-0.07451010726944736,0.20248936950722835,-0.3734183768739075,0.9966500238327064,-0.03342477300490882
80.0,8.16,-0.7966131077225007,-0.43140043029617453,-0.0008576388981426196,-0.0747996480885366,0.2013985791636152,-0.37254413461252384,0.9966220933267717,-0.03361190065250695
80.0,8.18,-0.7976900722408146,-0.4306694523251835,-0.0008714336786032485,-0.07509028569915953,0.2003128683595384,-0.3716691368273281,0.9965939253146318,-0.03380010568501773
80.0,8.2,-0.7987620132137147,-0.42993762800853846,-0.0008854079406261812,-0.07538202409246926,0.19923223026419815,-0.37079340272672645,0.9965655172911604,-0.03398939655133747
80.0,8.22,-0.799828873390182,-0.4292051301547453,-0.0008995646148963754,-0.07567487598464664,0.19815662298614173,-0.3699169482594962,0.9965368668010522,-0.03417977995741901
80.0,8.24,-0.8008906682746616,-0.4284719909378808,-0.0009139064587934316,-0.07596883674741882,0.19708602465567965,-0.36903979504469364,0.9965079712604382,-0.03437126608418564
80.0,8.26,-0.8019474910074983,-0.4277381039331724,-0.0009284325814121656,-0.07626392801928215,0.19602041989058966,-0.36816196111453897,0.996478828194752,-0.03456386163024986
80.0,8.28,-0.8029992816905535,-0.4270036401939094,-0.0009431472021319522,-0.07656015403282622,0.1949597801655294,-0.3672834551279955,0.996449435060013,-0.03475757502977645
80.0,8.3,-0.8040461327146754,-0.426268492208615,-0.0009580532508706297,-0.07685751905060575,0.19390407330317133,-0.3664043093437192,0.9964197892483427,-0.034952412969999784
80.0,8.32,-0.8050880591233699,-0.42553269066415683,-0.0009731523424953871,-0.07715602736644044,0.19285328389964476,-0.36552452537385044,0.9963898880202771,-0.035148385612460344
80.0,8.34,-0.8061250789442068,-0.4247962676103276,-0.0009884463303914124,-0.07745570112434441,0.1918073905315771,-0.3646441242274594,0.9963597288627224,-0.03534549964060377
80.0,8.36,-0.8071572816418023,-0.4240591126416149,-0.0010039381035552963,-0.07775653588713882,0.19076635474712464,-0.36376312503644903,0.9963293089000228,-0.03554376520379003
80.0,8.38,-0.8081845365728179,-0.42332153866885064,-0.001019630810943191,-0.07805854506818248,0.1897301680777337,-0.3628815418201342,0.9962986255987887,-0.035743188977471974
80.0,8.4,-0.8092069318662801,-0.42258343427657713,-0.0010355249060324157,-0.07836174227178817,0.18869879869442036,-0.36199939012983584,0.9962676760095476,-0.035943779359668256
80.0,8.42,-0.8102245599844426,-0.4218446896620384,-0.0010516247169760017,-0.07866612309210042,0.18767221714717286,-0.3611166895271977,0.9962364574531396,-0.036145546495269965
80.0,8.44,-0.8112373623503321,-0.42110547543361987,-0.0010679322310996298,-0.07897171031144692,0.18665041086944192,-0.36023344546771346,0.9962049670722151,-0.03634849877773084
80.0,8.46,-0.8122454278242708,-0.42036567927653595,-0.0010844492132147665,-0.0792785087574055,0.18563335492289781,-0.35934968560797126,0.9961732020623125,-0.03655264285747464
80.0,8.48,-0.8132487735685674,-0.4196253309750838,-0.0011011787027434916,-0.07958651409456394,0.18462102633093505,-0.3584654102603362,0.9961411591875652,-0.03675799058803831
80.0,8.5,-0.8142473419534587,-0.4188846013541908,-0.0011181242802270931,-0.07989575865630884,0.183613392035756,-0.3575806458997764,0.996108835850434,-0.03696454861924935
80.0,8.52,-0.815241222946117,-0.418143377739576,-0.001135287530681379,-0.08020622907138929,0.18261043784078168,-0.3566954091485548,0.9960762289697996,-0.03717232706094197
80.0,8.54,-0.8162304305113866,-0.4174016876732964,-0.0011526705670721709,-0.08051794878217605,0.18161213497548875,-0.3558097033335217,0.9960433354023701,-0.03738133427531518
80.0,8.56,-0.8172149825469694,-0.4166595605202992,-0.0011702766727944957,-0.08083092290605763,0.18061846323191422,-0.3549235481409364,0.9960101522718738,-0.03759158037108589
80.0,8.58,-0.8181949659600752,-0.4159168808180918,-0.0011881091664854124,-0.08114515658017608,0.17962940039477937,-0.3540369590335348,0.9959766763623316,-0.03780307195811945
80.0,8.6,-0.8191702527507456,-0.4151739626768121,-0.0012061715411964694,-0.08146066433997436,0.1786449284620796,-0.35314994418464973,0.9959429044115958,-0.038015822603222706
80.0,8.62,-0.8201410026299573,-0.41443054746122465,-0.0012244644796903898,-0.0817774609293581,0.17766501312213176,-0.35226252513035383,0.9959088334749612,-0.0382298371766464
80.0,8.64,-0.8211072319215177,-0.41368666265729964,-0.0012429912446480587,-0.08209554231547818,0.176689636656464,-0.35137470986968716,0.9958744602158391,-0.03844512749224709
80.0,8.66,-0.8220688822092458,-0.4129424777022667,-0.0012617554171829046,-0.0824149233168951,0.17571878143467087,-0.3504865064082947,0.9958397812355491,-0.03866170361576512
80.0,8.68,-0.8230260434280098,-0.4121978772187322,-0.0012807606238601586,-0.08273561892075568,0.17475242173413535,-0.3495979369084901,0.9958047934190299,-0.038879573878364174
80.0,8.7,-0.82397865774748,-0.4114530307825144,-0.0013000089380005638,-0.08305763474467916,0.17379053403862282,-0.34870901226099593,0.9957694932732981,-0.03909875007295756
80.0,8.72,-0.824926812325772,-0.4107078210586739,-0.0013195024480390405,-0.08338097643046513,0.17283309299045121,-0.34781973929353194,0.9957338776105743,-0.0393192387774379
80.0,8.74,-0.8258705949092338,-0.4099621304250981,-0.0013392463336910816,-0.08370565923441588,0.17188007935996197,-0.34693013679976326,0.9956979426813116,-0.03954105176438842
80.0,8.76,-0.8268098776671029,-0.4092162729498908,-0.0013592414448302132,-0.08403169865573461,0.1709314700408319,-0.3460402154669776,0.9956616852483483,-0.039764199080709856
80.0,8.78,-0.8277447459337911,-0.4084701295679005,-0.0013794927330690362,-0.0843590908745421,0.16998725005419502,-0.34514998693371457,0.9956251016018333,-0.03998869074924225
80.0,8.8,-0.8286752875303696,-0.40772358187788454,-0.0014000025686982498,-0.08468785149210313,0.1690473945604638,-0.3442594578320646,0.9955881883615297,-0.040214536800588216
80.0,8.82,-0.8296014459416613,-0.40697679937962455,-0.0014207748316557695,-0.08501799626247061,0.16811187485085194,-0.3433686416682947,0.9955509416743009,-0.04044174724084035
80.0,8.84,-0.830523236221526,-0.40622980717299095,-0.0014418119616118573,-0.08534954114268212,0.16718067224975,-0.34247755679849196,0.9955133580163543,-0.04067033208376246
80.0,8.86,-0.8314407443400434,-0.4054824851493082,-0.0014631175835677342,-0.08568248251610626,0.1662537702732638,-0.34158621067789624,0.9954754336632254,-0.04090030306970803
80.0,8.88,-0.8323539852508708,-0.40473485774039586,-0.0014846940228633258,-0.0860168265683554,0.16533114466883456,-0.3406946097384713,0.9954371647166215,-0.04113167018561457
80.0,8.9,-0.833262902582951,-0.4039870942537509,-0.0015065454762297743,-0.08635259937004967,0.16441276922376621,-0.3398027710966452,0.9953985474925409,-0.0413644434213396
80.0,8.92,-0.8341675823431898,-0.4032390738253081,-0.0015286775388272803,-0.08668981732162748,0.16349863563234138,-0.3389107031537038,0.9953595780627141,-0.04159863275069521
80.0,8.94,-0.835068038948517,-0.402490820149619,-0.0015510892700989192,-0.08702846705615215,0.16258870634965997,-0.338018414024829,0.9953202523792418,-0.04183425335703476
80.0,8.96,-0.8359642869521002,-0.40174235683252385,-0.0015737880289637286,-0.08736857502514532,0.16168296927708198,-0.33712591879229725,0.9952805666264828,-0.042071311725844975
80.0,8.98,-0.836856342005764,-0.40099370785245564,-0.0015967763250850236,-0.0877101479068621,0.16078140088835285,-0.33623322366579955,0.9952405167550967,-0.0423098195473084
80.0,9.0,-0.8377442170060981,-0.40024489571258604,-0.0016200568738314325,-0.08805320254847686,0.15988398737194948,-0.3353403397811489,0.9952000986242009,-0.04254979024127282
80.0,9.02,-0.8386279269056351,-0.39949594375310393,-0.0016436337743573534,-0.08839774578154315,0.1589906996156944,-0.3344472760991535,0.9951593081832656,-0.042791232004357374
80.0,9.04,-0.8395075573499552,-0.398746729161489,-0.0016675113616268895,-0.08874379468569914,0.15810151821044527,-0.33355404643591885,0.9951181410276544,-0.043034158231647114
80.0,9.06,-0.8403830507991801,-0.39799741993633825,-0.0016916938312127204,-0.08909135627479815,0.1572164278390123,-0.3326606579491004,0.9950765929624272,-0.04327858232012433
80.0,9.08,-0.8412544919257463,-0.39724789232738456,-0.0017161823014853722,-0.08944043765493083,0.1563353998773708,-0.33176711945272297,0.9950346599622849,-0.043524510707164774
80.0,9.1,-0.8421218266038009,-0.3964983158437997,-0.001740984356172311,-0.0897910561841259,0.1554584268438853,-0.3308734391773175,0.9949923371869649,-0.04377196022758655
80.0,9.12,-0.8429851375600734,-0.3957485653418279,-0.0017661011885992991,-0.090143219156873,0.15458547463012262,-0.32997962858712315,0.9949496206151647,-0.04402093904472397
80.0,9.14,-0.8438444381766214,-0.3949986622717793,-0.0017915389337133673,-0.09049694422998475,0.15371652842723466,-0.3290856947652546,0.994906505520634,-0.0442714605035031
80.0,9.16,-0.8446996741166856,-0.39424877588501755,-0.0018172988433412265,-0.09085223889141127,0.15285156776912298,-0.32819164748346874,0.9948629873859091,-0.044523537950305773
80.0,9.18,-0.84555099675018,-0.39349863276023034,-0.0018433871546815353,-0.09120912107215,0.1519905780345932,-0.32729749382162276,0.9948190617147663,-0.04477718124511169
80.0,9.2,-0.8463982833001978,-0.39274854955719884,-0.001869808376087841,-0.09156759839224311,0.15113353327819273,-0.3264032461565478,0.9947747236075869,-0.04503240370166992
80.0,9.22,-0.8472416838720701,-0.3919982516434886,-0.001896565678056371,-0.09192768912487778,0.15028041342920695,-0.32550891414454103,0.994729968487481,-0.045289218640133216
80.0,9.24,-0.8480811447299431,-0.39124790808717413,-0.0019236636562846,-0.09228940108953303,0.1494312064377483,-0.32461449471429527,0.9946847914923976,-0.04554763761987225
80.0,9.26,-0.8489166789791406,-0.390497539395117,-0.0019511069556888796,-0.09265274214359316,0.14858588457934882,-0.3237200102397966,0.9946391877754169,-0.045807673932353514
80.0,9.28,-0.8497483008120956,-0.38974716644397944,-0.0019789004987021417,-0.09301773089155274,0.147744430404679,-0.3228254602562842,0.9945931523999594,-0.046069337377187464
80.0,9.3,-0.850576090467223,-0.38899666067858624,-0.002007046011149989,-0.09338438621500199,0.1469068243713945,-0.3219308543817824,0.9945466802361734,-0.04633264643453517
80.0,9.32,-0.8514000639213852,-0.3882460432778991,-0.0020355513079137184,-0.09375270547914327,0.14607305266747614,-0.32103619965032393,0.994499766271299,-0.04659760914340984
80.0,9.34,-0.8522201647325421,-0.38749548184479155,-0.0020644200782855278,-0.09412271853254967,0.14524308869774596,-0.32014150450419815,0.9944524054924196,-0.04686424049239349
80.0,9.36,-0.8530364740441452,-0.3867448476077099,-0.0020936555823182594,-0.09449443384982756,0.14441691889987057,-0.3192467759699918,0.9944045924868048,-0.04713255370252547
80.0,9.38,-0.8538489388258543,-0.3859943096417207,-0.0021232644182051573,-0.09486785987586356,0.1435945242177029,-0.3183520236053649,0.9943563218510657,-0.04740256372521613
80.0,9.4,-0.8546577064240557,-0.3852435891219557,-0.0021532518489549833,-0.09524301609882864,0.14277587853494145,-0.31745725577273837,0.994307588635845,-0.047674280305757565
80.0,9.42,-0.8554627229011187,-0.3844928543844526,-0.0021836193647220533,-0.09561990028205404,0.14196097089970441,-0.316562469709578,0.9942583868819195,-0.04794772182861088
80.0,9.44,-0.8562639339598613,-0.38374227381001796,-0.0022143744893670923,-0.09599855415586105,0.1411497859139301,-0.31566768228248193,0.99420871147999,-0.04822289801208504
80.0,9.46,-0.8570614874455101,-0.3829915679473342,-0.0022455238366383247,-0.09637897563289118,0.14034229626994077,-0.31477289819844445,0.994158556504853,-0.04849982548253295
80.0,9.48,-0.8578553291272617,-0.38224090488757684,-0.002277069284126975,-0.0967611737537405,0.13953848200271876,-0.3138781233388145,0.9941079165175938,-0.04877851740086159
80.0,9.5,-0.8586454719771647,-0.38149030334162076,-0.00230901636904361,-0.09714516871293882,0.13873833582687237,-0.31298336235740704,0.9940567857121934,-0.04905898689977169
80.0,9.52,-0.8594319280732334,-0.3807397815079112,-0.0023413724023021447,-0.09753098088791472,0.1379418309343622,-0.31208862002713167,0.9940051579720387,-0.04934125056422454
80.0,9.54,-0.8602147778859074,-0.3799892082532415,-0.00237414110303577,-0.09791861968943594,0.1371489525187515,-0.3111939130564416,0.9939530277833875,-0.049625321519686856
80.0,9.56,-0.8609940342783268,-0.3792386016576946,-0.0024073296532362235,-0.0983080944955192,0.13635967639920563,-0.3102992366088004,0.9939003887472335,-0.04991121631481047
80.0,9.58,-0.8617696421639423,-0.37848812926619707,-0.0024409407152057717,-0.0986994375852448,0.13557399882256616,-0.30940460262564057,0.9938472349276755,-0.050198946292648254
80.0,9.6,-0.8625416818999725,-0.37773765931935793,-0.00247498276550719,-0.09909263584735215,0.13479188665739125,-0.30851001469940537,0.993793560330431,-0.050488527999197924
80.0,9.62,-0.8633100998338656,-0.37698735992693,-0.0025094588635260063,-0.0994877332990933,0.134013333224832,-0.3076154776791945,0.9937393582455644,-0.05077997793219442
80.0,9.64,-0.8640750389269033,-0.37623694680296044,-0.002544376180476486,-0.09988472842902814,0.1332383142418209,-0.3067209999416784,0.9936846225949417,-0.05107331087029854
80.0,9.66,-0.8648363810283146,-0.37548673916436803,-0.002579740804784501,-0.10028364272979651,0.1324668163125483,-0.30582658520093886,0.993629346929531,-0.05136854156114016
80.0,9.68,-0.865594205336205,-0.37473660399411446,-0.002615558602673759,-0.10068448633984184,0.1316988154830723,-0.3049322418379341,0.9935735245436205,-0.05166568472658468
80.0,9.7,-0.8663485223487633,-0.3739865575876252,-0.002651835809041617,-0.10108728109022241,0.1309343039287364,-0.3040379713407711,0.9935171488651394,-0.05196475856015408
80.0,9.72,-0.8670994097807738,-0.37323646570067165,-0.0026885769683403843,-0.10149204910007553,0.13017325797392867,-0.30314378213674287,0.9934602131286634,-0.05226577775460478
80.0,9.74,-0.867846815884531,-0.37248649686303587,-0.002725789608037459,-0.10189878917660115,0.12941566321151352,-0.30224967461982605,0.9934027105400712,-0.05256875698799577
80.0,9.76,-0.8685907514032456,-0.3717366671735414,-0.0027634787157910985,-0.10230753542641872,0.1286614977944379,-0.3013556607255531,0.9933446339773456,-0.05287371438484035
80.0,9.78,-0.8693312281570822,-0.37098699309600347,-0.002801651969919438,-0.10271828681857702,0.12791074906227787,-0.30046174438946877,0.9932859766064983,-0.05318066633225071
80.0,9.8,-0.8700683246671446,-0.3702373400254624,-0.002840316308207006,-0.1031310778591017,0.127163401506757,-0.29956792272,0.9932267311977555,-0.053489627443646555
80.0,9.82,-0.8708019880356664,-0.36948787588847154,-0.0028794763022423064,-0.10354591970283145,0.12641943516350929,-0.29867421114573667,0.99316689032421,-0.053800617522942115
80.0,9.84,-0.8715322926730612,-0.36873846398779586,-0.00291914019285485,-0.10396282346739709,0.12567883480936745,-0.2977806068795723,0.9931064469199903,-0.054113651163154156
80.0,9.86,-0.8722592523276792,-0.36798912099211895,-0.002959314498169355,-0.10438180038154679,0.1249415882433328,-0.2968871141236503,0.9930453932414626,-0.05442874638257077
80.0,9.88,-0.8729828778159803,-0.36723986223211896,-0.0030000064978705394,-0.10480288586829965,0.12420766784221211,-0.2959937436542892,0.9929837217385836,-0.054745921194391485
80.0,9.9,-0.8737031170682759,-0.36649085589099006,-0.0030412210443009837,-0.10522609162714086,0.12347706684688933,-0.29510049754495016,0.9929214249037431,-0.055065190121889485
80.0,9.92,-0.8744200452744438,-0.36574196493821304,-0.003082966721008701,-0.10565142931889801,0.12274976541385978,-0.29420737550159465,0.9928584946970443,-0.05538657459627987
80.0,9.94,-0.8751336744772363,-0.36499320494180826,-0.003125252574690539,-0.10607892288066008,0.12202574671166669,-0.2933143840864707,0.9927949233296872,-0.0557100908312325
80.0,9.96,-0.8758440157853237,-0.36424459098723005,-0.003168082199467512,-0.10650859667696765,0.12130499543968312,-0.2924215332490195,0.9927307027500699,-0.056035755009308616
80.0,9.98,-0.8765511448290058,-0.36349598553151263,-0.0032114659513840437,-0.10694045049761174,0.1205874917675265,-0.29152880731938857,0.9926658246912705,-0.05636358849840008
80.0,10.0,-0.8772549448350669,-0.36274770897123987,-0.0032554113049321656,-0.10737450883433064,0.11987322900116971,-0.290636236536614,0.992600280699677,-0.056693609161779256
80.0,10.02,-0.8779555558969071,-0.3619994709496387,-0.003299922449152747,-0.10781080897629458,0.11916218662878567,-0.2897438175152469,0.9925340627412834,-0.05702583486895604
80.0,10.04,-0.8786529229297958,-0.36125143804779913,-0.0033450119232324616,-0.10824935101399928,0.1184543589551827,-0.28885156822595565,0.992467161944283,-0.05736028342353851
80.0,10.05,-0.8790003867771836,-0.36087752278499796,-0.00336777476949276,-0.10846945891270429,0.11810162950855994,-0.2884054674234543,0.992433452820501,-0.057528347811162395
80.0,10.06,-0.8793471233437322,-0.3605034728250359,-0.003390683322796665,-0.10869014770931158,0.11774970305812921,-0.28795944435125254,0.9923995698693148,-0.057696974373391684
80.0,10.08,-0.8800381034596589,-0.35975574240783653,-0.0034369490685545686,-0.10913324935715475,0.11704821870631514,-0.2870674621748627,0.9923312773634719,-0.05803592894391975
80.0,10.1,-0.88072587486814,-0.35900826146354525,-0.003483812133970276,-0.10957864409966664,0.11634990395166248,-0.2861756769753063,0.9922622757766724,-0.05837716489449247
80.0,10.12,-0.8814105107399899,-0.35826089035127207,-0.0035312847776667517,-0.11002637017452128,0.11565472161885576,-0.2852840428775103,0.9921925559742321,-0.05872070167448792
80.0,10.14,-0.88209202342061,-0.35751364367440125,-0.0035793743562105304,-0.11047642827104508,0.1149626715682644,-0.28439257615684155,0.9921221086762513,-0.059066560442198206
80.0,10.16,-0.8827704222754027,-0.3567665347431435,-0.00362808996019979,-0.11092887003446,0.11427373868796209,-0.28350129902683774,0.9920509245368175,-0.059414758855853754
80.0,10.18,-0.8834456566259371,-0.3560197318271111,-0.003677438717645035,-0.11138368369912671,0.11358788670300951,-0.28261016645557124,0.9919789938565987,-0.059765319744562666
80.0,10.2,-0.8841178613825658,-0.35527294027542955,-0.003727429515433289,-0.11184090866669189,0.11290512387773563,-0.28171922942245153,0.9919063073262407,-0.06011826246392803
80.0,10.22,-0.8847869229682247,-0.35452648214322047,-0.0037780729005634805,-0.11230057184800607,0.1122254273528121,-0.28082847569869257,0.9918328548018177,-0.06047360803491512
80.0,10.24,-0.885452914147767,-0.35378021674222976,-0.0038293767163611,-0.11276267455007244,0.11154877946286709,-0.27993789137785124,0.9917586265495043,-0.06083137748073518
80.0,10.26,-0.8861159072253,-0.3530340028636363,-0.0038813517440686608,-0.11322724395648884,0.11087517068024315,-0.2790474969314989,0.9916836123315502,-0.06119159177095877
80.0,10.28,-0.8867757895864148,-0.35228816309801936,-0.003934005398489528,-0.11369432077462814,0.11020459147078777,-0.278157312690325,0.9916078018693532,-0.061554273586446925
80.0,10.3,-0.8874326941187497,-0.35154240095199685,-0.003987347353794668,-0.11416389352208743,0.10953700707261621,-0.27726729500126124,0.991531184821489,-0.06191944210549627
80.0,10.32,-0.8880865700703561,-0.35079688436960743,-0.0040413876888742515,-0.11463601642982643,0.10887242575752781,-0.2763774944476737,0.9914537504744197,-0.062287121670794816
80.0,10.34,-0.8887374904825817,-0.35005147187269586,-0.004096136777200793,-0.11511069139121605,0.10821081323880745,-0.27548786784758555,0.9913754881650049,-0.0626573331284137
80.0,10.36,-0.8893854019109148,-0.3493063303178689,-0.0041516045152854,-0.11558796016544172,0.10755217777002549,-0.2745984656637416,0.9912963868423185,-0.06303009901172195
80.0,10.38,-0.8900303772494268,-0.3485613178963825,-0.004207801523421713,-0.1160678248848198,0.10689648075602133,-0.27370924705043,0.9912164354028676,-0.0634054418244682
80.0,10.4,-0.8906723654706645,-0.34781660239522133,-0.004264737478848892,-0.11655031446376292,0.10624371824459643,-0.2728202309055145,0.9911356225787252,-0.06378338577022429
80.0,10.42,-0.8913113766964599,-0.3470721964356991,-0.004322422187914799,-0.11703545813587181,0.1055938862109548,-0.2719314360322379,0.9910539370414242,-0.06416395154733212
80.0,10.44,-0.8919475430201405,-0.34632780163766647,-0.004380867134863109,-0.11752327185070288,0.10494695166281308,-0.2710428205606779,0.9909713667322066,-0.06454716672689156
80.0,10.46,-0.8925807512061332,-0.34558374062689173,-0.004440082906663948,-0.11801379890539096,0.10430291350160668,-0.2701544384274371,0.9908879003244289,-0.06493305021405404
80.0,10.48,-0.8932110737758211,-0.3448398707741058,-0.004500080766897776,-0.11850704214296232,0.10366174867802883,-0.26926624454607545,0.9908035254152219,-0.06532162949931776
80.0,10.5,-0.8938385186169749,-0.3440962033728337,-0.004560873145507593,-0.11900303168062067,0.10302346081137471,-0.26837829088825627,0.9907182298819156,-0.06571292685071592
80.0,10.52,-0.8944630977827293,-0.34335275125566234,-0.004622467942535776,-0.11950178436814708,0.10238801785123956,-0.267490536488503,0.9906320014288073,-0.06610696796806662
80.0,10.54,-0.895084819261532,-0.34260952562149893,-0.004684881037031118,-0.12000335836847867,0.10175542811709817,-0.2666030313641965,0.990544827243589,-0.06650377674878931
80.0,10.56,-0.8957036941809513,-0.3418665388077431,-0.004748119536333004,-0.12050774351843412,0.10112564371687074,-0.26571570619122814,0.9904566945650972,-0.06690337879828105
80.0,10.58,-0.8963197901637475,-0.3411236454836831,-0.004812200680950976,-0.12101497076668413,0.10049867782261822,-0.2648286093830919,0.9903675904544893,-0.06730579967732593
80.0,10.6,-0.8969329982011476,-0.34038117026486764,-0.0048771319214876195,-0.12152508581013625,0.09987451785971938,-0.2639417637338137,0.9902775015707687,-0.06771106314958578
80.0,10.62,-0.8975434474837766,-0.339638811969282,-0.004942927629869348,-0.12203809244441022,0.09925314222070689,-0.26305512608597753,0.9901864143823118,-0.0681191981407766
80.0,10.64,-0.8981510877355823,-0.3388967383948399,-0.005009601932280431,-0.12255403675175246,0.09863452278315123,-0.26216869111414526,0.9900943152974572,-0.0685302300644271
80.0,10.66,-0.8987559872834788,-0.3381548039936456,-0.005077165859274236,-0.12307293715354667,0.09801867262552466,-0.26128250699365135,0.9900011903164097,-0.06894418427025091
80.0,10.68,-0.8993580962033351,-0.33741317668660614,-0.005145630567333904,-0.12359481219177208,0.09740556166961238,-0.26039653489939785,0.9899070253584342,-0.06936108953820824
80.0,10.7,-0.8999574836913927,-0.3366717110130469,-0.005215014439579988,-0.12411969454647337,0.09679518720074932,-0.2595107947465734,0.9898118059431963,-0.06978097111031002
80.0,10.72,-0.9005540991391566,-0.3359305746253892,-0.005285325861791573,-0.12464763205993538,0.09618753739568012,-0.25862530970944797,0.989715517741592,-0.07020385593725122
80.0,10.74,-0.9011480115762184,-0.33518962176257133,-0.005356579615382085,-0.12517861517717008,0.09558259196105816,-0.2577400384273971,0.9896181455364221,-0.07062977433983773
80.0,10.76,-0.9017392291138618,-0.3344488628142433,-0.005428793748878025,-0.12571270633701231,0.09498033943792462,-0.25685500441445175,0.9895196743839498,-0.07105875488155443
80.0,10.78,-0.902327701662201,-0.3337084656159233,-0.005501975907517795,-0.12624992561524415,0.0943807664772013,-0.2559701982369871,0.989420088944089,-0.07149082258475614
80.0,10.8,-0.9029135571500477,-0.33296812675763215,-0.005576144864663307,-0.12679029274449025,0.09378385547047659,-0.2550856124059362,0.9893193736570914,-0.07192600762189943
80.0,10.82,-0.9034966864223292,-0.33222817119170905,-0.005651315853311946,-0.12733384243287155,0.09318960422689583,-0.254201267337294,0.9892175123005167,-0.07236434180970645
80.0,10.84,-0.9040771560031973,-0.33148845165495555,-0.005727499198990249,-0.12788059524673281,0.0925980060498217,-0.2533171849626199,0.9891144891894622,-0.07280585001677985
80.0,10.86,-0.9046549762974262,-0.330748979091413,-0.00580471563678372,-0.12843060106236096,0.09200903744032637,-0.2524333273405461,0.9890102874571663,-0.07325056739447647
80.0,10.88,-0.9052302132686508,-0.33000960564568327,-0.005882975876896998,-0.1289838810988131,0.09142267710089226,-0.25154968939431366,0.9889048909161058,-0.07369851868379851
80.0,10.9,-0.9058027599989104,-0.32927065729952765,-0.005962300471454721,-0.12954047122189918,0.09083892762293863,-0.250666290373161,0.9887982820722069,-0.07414973889532918
80.0,10.92,-0.906372741043777,-0.3285318284035902,-0.006042700500562253,-0.1301003931265112,0.09025777837009834,-0.24978315419065542,0.9886904439717917,-0.07460425608885679
80.0,10.94,-0.906940106248958,-0.32779328658773466,-0.006124194707265343,-0.13066368338322254,0.08967921112541791,-0.2489002425696995,0.9885813588441051,-0.0750621034197992
80.0,10.96,-0.9075049233105204,-0.3270548841924161,-0.006206797528069992,-0.13123037917717462,0.0891032112564477,-0.248017581312256,0.9884710088434336,-0.0755233122512793
80.0,10.98,-0.9080671413654258,-0.3263167885907727,-0.0062905297752808955,-0.13180050260411794,0.08852976540827419,-0.24713513136556967,0.9883593759195688,-0.07598791387895629
80.0,11.0,-0.9086267700619323,-0.32557901005482665,-0.006375406347290647,-0.13237409147083007,0.08795887372824719,-0.24625294565888034,0.988246441455901,-0.07645594123708553
80.0,11.02,-0.9091838747379302,-0.32484139975612036,-0.006461442348156357,-0.13295118400531647,0.08739051451515578,-0.2453709887321848,0.9881321866263073,-0.07692742718890788
80.0,11.04,-0.9097384071208706,-0.3241041259970591,-0.006548659328651595,-0.13353180314553617,0.08682467795770411,-0.244489285159122,0.9880165923941714,-0.0774024045254324
80.0,11.06,-0.9102904888053032,-0.32336688080048404,-0.006637073639425444,-0.13411600320212905,0.08626136135158127,-0.24360782526029104,0.987899639147997,-0.077880907670478
80.0,11.08,-0.9108399577978239,-0.32263014986768845,-0.0067267042671207465,-0.13470379243024833,0.08570054085448314,-0.24272660721333877,0.9877813070605604,-0.07836297097187132
80.0,11.1,-0.9113869918182546,-0.3218934659819408,-0.006817568049584466,-0.13529522593631568,0.08514220563638206,-0.24184562491952177,0.9876615762254709,-0.07884862697634595
80.0,11.12,-0.9119314868183317,-0.32115715655309757,-0.006909686037932836,-0.13589034365604197,0.08458634502971557,-0.24096487257859703,0.9875404257654109,-0.07933791329620357
80.0,11.14,-0.9124735624602496,-0.32042091231669373,-0.007003077981717695,-0.13648915453356333,0.08403295401157448,-0.2400843737953312,0.9874178351091485,-0.07983086230048007
80.0,11.16,-0.9130131152813936,-0.31968506098893973,-0.007097761525285265,-0.13709171499679512,0.08348202208854484,-0.23920412303096159,0.9872937826808853,-0.08032751315137351
80.0,11.18,-0.9135502088326392,-0.31894945229936367,-0.007193758570060129,-0.13769806610312607,0.0829335252171721,-0.23832408905237207,0.9871682471241465,-0.0808278980237519
80.0,11.2,-0.9140848516983346,-0.3182140954710522,-0.007291087249102618,-0.138308217639526,0.08238746827792436,-0.23744432329918908,0.9870412062678902,-0.0813320576309269
80.0,11.22,-0.9146171058031527,-0.3174788393269841,-0.007389771719100268,-0.13892224313552512,0.08184382643071753,-0.23656476485852093,0.9869126376778432,-0.0818400273908992
80.0,11.24,-0.9151468699033805,-0.31674401255249557,-0.007489829103753017,-0.13954016920986062,0.08130259641259618,-0.23568546817245634,0.9867825189192959,-0.08235184265067637
80.0,11.26,-0.9156742623267573,-0.31600930454120585,-0.007591286518269373,-0.14016202214383316,0.08076377259179256,-0.23480642734867369,0.9866508261821229,-0.08286754550666652
80.0,11.28,-0.9161992342755396,-0.31527488327402764,-0.007694160061221148,-0.14078784526407706,0.08022733202151536,-0.23392761269361434,0.986517536189247,-0.08338717282119448
80.0,11.3,-0.9167218483455564,-0.3145405974334084,-0.007798476818916288,-0.14141769812593424,0.07969326545113284,-0.2330490206124223,0.9863826249743906,-0.08391076132228927
80.0,11.32,-0.9172420033995701,-0.3138067759316491,-0.00790425663544114,-0.14205159225817116,0.07916156883431434,-0.23217067591214677,0.9862460676322928,-0.08443835451529041
80.0,11.34,-0.9177598715104387,-0.3130729471110878,-0.008011524829603744,-0.1426895882368717,0.0786322330667793,-0.23129257524720487,0.9861078395989261,-0.08496998891715427
80.0,11.36,-0.9182752961650358,-0.3123395998125432,-0.008120302762857586,-0.14333171455630456,0.07810524114137567,-0.23041471828744123,0.9859679152477534,-0.08550570780652803
80.0,11.38,-0.9187884466155875,-0.31160626105079303,-0.008230615532124065,-0.14397801634581764,0.07758058432392062,-0.22953710220938642,0.9858262688843593,-0.08604555090280204
80.0,11.4,-0.9192992235507454,-0.3108732604115003,-0.00834248957024613,-0.14462855588129064,0.07705824913542966,-0.22865969680669448,0.985682873960659,-0.08658955949751877
80.0,11.42,-0.9198076338010169,-0.3101406060085698,-0.008455946287657879,-0.14528334620995403,0.07653823294228031,-0.2277825566163626,0.9855377038632934,-0.08713777652019837
80.0,11.44,-0.9203137932886231,-0.3094079850301719,-0.008571012839256837,-0.14594245054728175,0.07602051774059178,-0.226905624416282,0.9853907311921466,-0.08769024300553709
80.0,11.46,-0.9208175993272426,-0.3086757260669853,-0.008687717384659979,-0.1466058990156386,0.0755051010569488,-0.2260289548279159,0.9852419280961043,-0.08824700332061963
80.0,11.48,-0.9213191157606164,-0.30794367740282147,-0.008806084348850385,-0.14727373920370496,0.0749919614388398,-0.22515249291904355,0.9850912662314459,-0.08880810169129753
80.0,11.5,-0.9218183470312695,-0.3072118460501474,-0.008926139543670174,-0.14794603626351796,0.0744811044417337,-0.22427629076600147,0.9849387169163585,-0.08937358048037915
80.0,11.52,-0.9223153029142143,-0.3064802407628767,-0.009047914900666785,-0.1486228215002103,0.07397250127068808,-0.22340029700442457,0.9847842502797541,-0.0899434870405426
80.0,11.54,-0.9228099345435452,-0.30574902955594657,-0.009171432386146205,-0.14930412706604115,0.07346615692377013,-0.22252453561467334,0.9846278368284465,-0.090517865187199
80.0,11.56,-0.9233023586085451,-0.3050178990810394,-0.009296724233661437,-0.14999001940523946,0.0729620523502495,-0.22164901006396653,0.9844694457991173,-0.09109676197843175
80.0,11.58,-0.9237925261696837,-0.30428701720838824,-0.009423818415185735,-0.1506805312843261,0.07246018806707927,-0.2207737176692548,0.9843090460803424,-0.09168022259629456
80.0,11.6,-0.924280444993179,-0.30355639185937683,-0.009552745483304443,-0.15137573055881925,0.07196054923345106,-0.21989866111874581,0.9841466057806989,-0.09226829376983328
80.0,11.62,-0.9247661746627291,-0.30282586917157334,-0.00968353426755082,-0.15207565094670922,0.07146312066297976,-0.21902381559663958,0.9839820942124675,-0.09286102569070098
80.0,11.64,-0.9252496698928052,-0.3020956182361709,-0.009816218918321214,-0.15278036141582713,0.0709678918728618,-0.21814918331916144,0.9838154762508216,-0.09345846628095929
80.0,11.66,-0.9257309364030633,-0.30136564618515377,-0.009950825364294428,-0.1534898791552628,0.07047486066413028,-0.21727479175667783,0.9836467190845927,-0.0940606635561987
80.0,11.68,-0.9262099820698504,-0.30063596081636296,-0.010087391387711728,-0.1542042740177335,0.06998402427660218,-0.21640064085862273,0.9834757884236363,-0.09466766699853943
80.0,11.7,-0.9266868650075358,-0.29990640746658986,-0.010225947298958865,-0.1549236172835637,0.0694953564707221,-0.21552668367949507,0.9833026496245075,-0.0952795276589739
80.0,11.72,-0.9271615405473661,-0.299177155444127,-0.01036652185129294,-0.15564790930713837,0.06900885170944743,-0.21465294965793566,0.9831272678503228,-0.09589629643750858
80.0,11.74,-0.9276340665997427,-0.29844804986369056,-0.010509156814139848,-0.15637725769078797,0.06852451564830093,-0.213779464443806,0.9829496067684163,-0.09651802568509198
80.0,11.76,-0.928104449696265,-0.29771909781270683,-0.010653883141500549,-0.1571116815598604,0.06804231870904122,-0.21290615672743873,0.9827696287132138,-0.09714476748062122
80.0,11.78,-0.9285726456285314,-0.2969904687594476,-0.010800735895622667,-0.15785125449314236,0.06756225986610606,-0.2120330822658672,0.9825872956455584,-0.09777657545211837
80.0,11.8,-0.9290387109303773,-0.2962620071476562,-0.010949752233529456,-0.1585960325771237,0.0670843409103269,-0.21116024170152092,0.9824025706194052,-0.09841350145639643
80.0,11.82,-0.9295026016975466,-0.2955338825523952,-0.011100967337568402,-0.1593460358227669,0.06660853358706924,-0.21028759223756446,0.9822154136999462,-0.0990556020965441
80.0,11.84,-0.9299644257091647,-0.2948057768936569,-0.011254420524341191,-0.160101376525873,0.06613484044460584,-0.209415162098252,0.982025784903737,-0.0997029320804351
80.0,11.86,-0.9304240887281078,-0.2940780223392391,-0.011410148110121116,-0.1608620758673504,0.065663248782469,-0.20854293134889412,0.9818336449818642,-0.10035554776208158
80.0,11.88,-0.9308816458016175,-0.2933504625664709,-0.011568192362927773,-0.1616281919775418,0.06519375396640285,-0.20767093081027446,0.9816389499360936,-0.10101350484584924
80.0,11.9,-0.9313371057759496,-0.29262310514829215,-0.01172858772136652,-0.16239978423023788,0.0647263398254053,-0.20679911628007167,0.981441659882702,-0.10167686101746164
80.0,11.92,-0.9317904721620669,-0.29189595594290296,-0.011891379059654551,-0.1631769308334238,0.06426100564711067,-0.20592751801687037,0.9812417301805328,-0.10234567329899168
80.0,11.94,-0.9322417527819737,-0.291169022131662,-0.012056607773850873,-0.1639596923335118,0.0637977359562733,-0.20505611888534847,0.9810391174904314,-0.10302000559063709
80.0,11.96,-0.9326910051016895,-0.2904421477451154,-0.012224311631372508,-0.1647481111897749,0.06333652648575336,-0.2041849247758709,0.980833776858467,-0.1036999127833396
80.0,11.98,-0.9331381311861245,-0.2897156640631711,-0.01239454191522224,-0.16554224837565215,0.06287736225705776,-0.20331391952180303,0.9806256623633728,-0.10438545640026047
80.0,12.0,-0.933583240183986,-0.28898925253835606,-0.01256733477803308,-0.16634218597391398,0.06242023935717932,-0.2024431097946725,0.980414727456582,-0.10507670116348111
80.0,12.02,-0.9340262871705433,-0.28826308236250986,-0.012742738624771717,-0.16714796756152583,0.06196516107849862,-0.2015725257227263,0.9802009236130795,-0.10577370618895672
80.0,12.04,-0.9344672779341102,-0.28753715991765444,-0.012920799703884616,-0.16795967614041707,0.06151209524128882,-0.20070210700199695,0.9799842037470136,-0.10647653573275545
80.0,12.06,-0.9349062683421994,-0.2868113283893403,-0.013101563550151176,-0.16877737635972914,0.06106105609267722,-0.19983190654976615,0.9797645182369438,-0.10718525356572688
80.0,12.08,-0.935343214990882,-0.28608575745924636,-0.013285079384165899,-0.16960113335088361,0.06061201216038243,-0.19896186540028682,0.9795418147367857,-0.1078999246707171
80.0,12.1,-0.9357781713832363,-0.28536028945308806,-0.013471395671870749,-0.1704309933331262,0.06016497778177066,-0.1980920368511227,0.9793160426787851,-0.10862061572813662
80.0,12.12,-0.9362110954878041,-0.28463509448653335,-0.013660563331376106,-0.17126706224994878,0.05971992905397571,-0.19722238597416025,0.9790871489432206,-0.10934739290529571
80.0,12.14,-0.9366419931990316,-0.2839101788182953,-0.01385262784201433,-0.17210936829569465,0.05927686659375144,-0.19635292092826243,0.9788550799193417,-0.1100803238052331
80.0,12.16,-0.9370709671244506,-0.28318522093093185,-0.014047647791171835,-0.17295801879439784,0.05883577400368817,-0.1954836307160114,0.9786197805622074,-0.1108194756242231
80.0,12.18,-0.9374979259987837,-0.28246055449067464,-0.014245674904805182,-0.17381306279716358,0.05839665217727401,-0.19461452426322287,0.9783811947380113,-0.11156492210134651
80.0,12.2,-0.93792287361799,-0.28173618503565545,-0.01444676196438411,-0.1746745901852139,0.05795949185402809,-0.19374561379552063,0.9781392656363908,-0.11231672971821532
80.0,12.22,-0.9383459151267372,-0.2810117915120704,-0.014650962358639249,-0.17554265133616243,0.05752428079795732,-0.19287686428668296,0.9778939344128055,-0.11307496964496468
80.0,12.24,-0.9387669579219688,-0.28028770731046887,-0.014858333702743982,-0.17641733761797362,0.05709101360284883,-0.19200828797600594,0.9776451412919428,-0.11383971785504526
80.0,12.26,-0.9391860557295673,-0.2795637743074388,-0.01506893907732995,-0.17729872064173638,0.056659678443731966,-0.19113987529535187,0.9773928254185477,-0.11461104645161099
80.0,12.28,-0.9396032617878429,-0.27883983406695234,-0.01528283193971982,-0.17818689435889273,0.05623027026998723,-0.19027163917894,0.9771369242640492,-0.11538902877781362
80.0,12.3,-0.9400184864730795,-0.27811622099683286,-0.015500072481025796,-0.17908191191346393,0.055802784317848,-0.18940356900207403,0.9768773756637902,-0.11617374137647822
80.0,12.32,-0.9404317810242533,-0.27739277604889523,-0.01572072363253845,-0.1799838475512087,0.05537720941560738,-0.18853565672530745,0.9766141125840447,-0.1169652599014815
80.0,12.34,-0.9408431522337604,-0.27666950535521584,-0.015944851209312903,-0.18089279714319123,0.05495354100898132,-0.18766791650568546,0.9763470694570651,-0.1177636633145449
80.0,12.36,-0.9412526047479044,-0.2759464143863987,-0.016172515851825674,-0.18180885835448024,0.05453177161846382,-0.18680034023118958,0.9760761780785477,-0.11856902992977912
80.0,12.38,-0.9416601923499781,-0.2752233445597634,-0.01640377997965547,-0.18273206644258932,0.05411188451351564,-0.18593289994370485,0.9758013707681391,-0.11938143951285259
80.0,12.4,-0.9420658235249659,-0.2745006299351231,-0.016638722894357295,-0.18366256178728696,0.053693885212153646,-0.1850656316509721,0.97552257565391,-0.12020097442516317
80.0,12.42,-0.9424695989171696,-0.27377794715065656,-0.016877399657600288,-0.18460038207301105,0.05327776066297394,-0.18419850755318296,0.9752397208713797,-0.12102771320690595
80.0,12.44,-0.9428715239500907,-0.2730553017005357,-0.01711988816870255,-0.18554562761285645,0.0528635039924226,-0.183331544917442,0.9749527317492472,-0.12186174404690645
80.0,12.46,-0.9432715079179789,-0.2723330280084021,-0.017366257975781722,-0.18649840089068548,0.05245110594394935,-0.1824647163997875,0.974661534026084,-0.12270314788498103
80.0,12.48,-0.9436696992519422,-0.27161063784180783,-0.017616584383430917,-0.18745878352360174,0.05204056007091164,-0.18159804022737439,0.9743660499059229,-0.12355201173406108
80.0,12.5,-0.9440659590413631,-0.2708886301133198,-0.01787093534562476,-0.188426836926509,0.051631857636015785,-0.18073149045392511,0.9740662011383485,-0.12440842213781074
80.0,12.52,-0.9444603878422778,-0.2701666809741574,-0.018129398134840775,-0.1894027092508378,0.051224995745202055,-0.17986508536303092,0.9737619063337263,-0.1252724682723814
80.0,12.54,-0.9448529900791913,-0.2694447955082506,-0.018392044549350103,-0.19038644191540952,0.05081996884664457,-0.17899882191201666,0.9734530836279875,-0.12614423881444198
80.0,12.56,-0.9452437232920401,-0.26872314375802203,-0.018658957218505568,-0.19137814212273754,0.050416765363248704,-0.1781326994115351,0.973139647992968,-0.12702382503610096
80.0,12.58,-0.9456326390910643,-0.2680015659316606,-0.018930216918692247,-0.19237791876872792,0.050015377551469106,-0.17726669467946118,0.9728215139055316,-0.12791131767822775
80.0,12.6,-0.9460196963897467,-0.26728023247839516,-0.019205910430450602,-0.19338585921480528,0.049615800165118414,-0.17640082876415847,0.9724985948922142,-0.12880681033496066
80.0,12.62,-0.9464049920137872,-0.2665588179451125,-0.019486115863020223,-0.19440205275498318,0.04921802899842529,-0.17553507899024487,0.9721707981378205,-0.1297103969942367
80.0,12.64,-0.9467884372963837,-0.2658376576160495,-0.019770930842540533,-0.1954266332817483,0.04882205046382909,-0.17466944808886142,0.9718380340948578,-0.13062217674380153
80.0,12.66,-0.9471700834083466,-0.26511659135535565,-0.020060438799757073,-0.1964596467761334,0.04842786346281798,-0.17380393590672819,0.9715002075273331,-0.13154224393122538
80.0,12.68,-0.9475499359780567,-0.2643956244253852,-0.02035473613724815,-0.19750125292083012,0.04803546097025041,-0.1729385445712552,0.9711572217334098,-0.13247069906419823
80.0,12.7,-0.9479279973773607,-0.26367476115666605,-0.02065390932911234,-0.19855149952151116,0.04764483618844197,-0.17207327675581813,0.9708089785531699,-0.13340764016091822
80.0,12.72,-0.9483042732656071,-0.2629540067767558,-0.02095806277529782,-0.1996105255955696,0.047255977638912906,-0.17120809460522274,0.970455377199793,-0.13435317120402945
80.0,12.74,-0.9486787224588589,-0.26223353176582,-0.021267293465658154,-0.20067844973102145,0.04686888993731623,-0.17034304173714385,0.970096315402637,-0.13530739364417024
80.0,12.76,-0.9490514401268667,-0.2615130096231099,-0.021581695214097092,-0.20175534556827246,0.04648355319471384,-0.1694780842730123,0.9697316873429302,-0.13627041299729434
80.0,12.78,-0.9494224305063343,-0.2607924450247126,-0.021901381555781658,-0.2028413561878303,0.04609996759306688,-0.16861322604863227,0.9693613854603959,-0.13724233389256654
80.0,12.8,-0.9497916070670246,-0.26007217417048517,-0.022226452470000987,-0.2039365808477631,0.04571813047375159,-0.16774847228172465,0.9689852983676875,-0.13822326665797888
80.0,12.82,-0.9501590200959698,-0.2593520362551364,-0.022557016847328422,-0.20504111907063055,0.0453380282772614,-0.1668838111130481,0.9686033133861086,-0.13921331729796332
80.0,12.84,-0.9505247172037911,-0.2586318696027994,-0.0228931881567139,-0.20615509512808966,0.04495965657263576,-0.16601922922468496,0.968215315089368,-0.14021259761792357
80.0,12.86,-0.9508886587661014,-0.2579118450857703,-0.02323507209397478,-0.20727861177872653,0.04458301279642461,-0.16515475463251925,0.9678211848885998,-0.14122121995881165
80.0,12.88,-0.9512508932643807,-0.2571918011683606,-0.02358279163862665,-0.20841184402596752,0.04420808493085646,-0.1642903571577854,0.967420801885803,-0.1422392990175632
80.0,12.9,-0.9516113802606683,-0.25647190851886187,-0.023936465853213594,-0.20955484803285346,0.043834874377184876,-0.16342604482238848,0.967014041987141,-0.14326694996419578
80.0,12.92,-0.9519701233755196,-0.2557521715952672,-0.02429621309951199,-0.21070775397200592,0.04346336908463539,-0.16256180976974333,0.9666007778905437,-0.14430428840844642
80.0,12.94,-0.9523271718504457,-0.255032428922051,-0.024662160508698953,-0.21187071760568293,0.04309356305834242,-0.16169764351667706,0.9661808794245819,-0.1453514355918496
80.0,12.96,-0.9526824845703902,-0.2543128510137373,-0.025034435698251898,-0.2130438473661898,0.04272545270098853,-0.16083355776790478,0.96575421478355,-0.1464085099198519
80.0,12.98,-0.9530361537166722,-0.25359310961025033,-0.025413167795769256,-0.21422727787021548,0.04235903250250892,-0.159969545569535,0.9653206461668608,-0.14747563316926948
80.0,13.0,-0.9533880509024656,-0.2528737082245609,-0.02579849294092244,-0.21542111969295746,0.041994292394456435,-0.15910558256726226,0.9648800328258168,-0.14855293262869784
80.0,13.02,-0.9537383122194599,-0.2521541520459473,-0.026190545229301226,-0.21662551033448302,0.04163123436384773,-0.15824170109889388,0.9644322348072785,-0.1496405313001122
80.0,13.04,-0.9540868528469486,-0.2514347781150013,-0.0265894727279989,-0.21784058759388011,0.041269844131300644,-0.1573778603943418,0.9639771033505697,-0.15073855845296857
80.0,13.06,-0.9544337213544308,-0.25071542449370565,-0.02699541419485429,-0.21906651800199692,0.04091012138716704,-0.1565140948886607,0.9635144879826747,-0.15184714032736848
80.0,13.08,-0.9547789210915358,-0.24999609533748923,-0.027408517773422836,-0.2203033665718697,0.04055205805867003,-0.15565036456010375,0.9630442357612621,-0.15296641204928868
80.0,13.1,-0.9551224119133342,-0.2492769614890442,-0.027828938533837215,-0.22155132722501464,0.04019564690777427,-0.1547866880964233,0.9625661886563273,-0.15409650511119122
80.0,13.12,-0.9554642843338959,-0.24855769373672534,-0.028256828309231097,-0.22281054546065662,0.039840887117223736,-0.15392306410073164,0.9620801860712819,-0.15523755289759625
80.0,13.14,-0.9558044992078821,-0.24783846312244578,-0.02869235030942971,-0.22408114123389422,0.0394877708321668,-0.15305947515380647,0.9615860606760868,-0.15638969513770007
80.0,13.16,-0.9561430157042726,-0.2471194403407739,-0.029135662952269985,-0.2253632366092975,0.03913628978789202,-0.1521959240026358,0.961083644159134,-0.15755307016748238
80.0,13.18,-0.9564799236207695,-0.24640029578362496,-0.02958693783013686,-0.22665703309319085,0.03878643952751697,-0.15133239476673732,0.9605727614103853,-0.158727815663071
80.0,13.2,-0.9568151842263432,-0.24568120063005533,-0.030046347764140946,-0.22796265537267496,0.03843821689031703,-0.15046890951703187,0.9600532346466992,-0.15991407787069312
80.0,13.22,-0.9571487998556243,-0.24496215865925675,-0.030514068362091144,-0.2292802561889425,0.03809161795662174,-0.14960545430048516,0.9595248808887936,-0.16111199908295845
80.0,13.24,-0.9574807750583729,-0.24424317420294417,-0.030990279156537407,-0.23060996296365444,0.037746629581299415,-0.14874200063812962,0.9589875124814622,-0.16232172799916966
80.0,13.26,-0.9578111121923474,-0.24352425101559755,-0.031475165867748324,-0.23195198546619966,0.037403256428197175,-0.1478785897763319,0.9584409373599739,-0.1635434111014042
80.0,13.28,-0.9581398582093531,-0.24280522617392836,-0.03196891936530901,-0.23330645428702215,0.037061484338598856,-0.14701517771460118,0.9578849587134716,-0.1647772011466143
80.0,13.3,-0.9584669723098205,-0.24208627038105357,-0.03247173418268111,-0.23467350114518473,0.03672131673208034,-0.14615178979272855,0.9573193724893244,-0.16602325150519853
80.0,13.32,-0.958792500887143,-0.24136722049038664,-0.03298381586401724,-0.2360533409922185,0.03638274195959268,-0.14528840224304518,0.9567439731758004,-0.1672817153696149
80.0,13.34,-0.959116404628748,-0.24064824760365672,-0.03350536281887628,-0.237446109853728,0.036045757227882454,-0.14442502615442054,0.9561585459982616,-0.1685527512202108
80.0,13.36,-0.9594386869419533,-0.23992935566656215,-0.034036589525502564,-0.23885197125273813,0.03571035677071228,-0.14356163911305747,0.9555628743626251,-0.1698365188838979
80.0,13.38,-0.9597593926640648,-0.23921038101961073,-0.03457771458701418,-0.24027111874128093,0.03537653840678371,-0.1426982544332388,0.9549567335234168,-0.17113317663133257
80.0,13.4,-0.9600785246272804,-0.23849132736131967,-0.03512895310460355,-0.24170369268849284,0.035044293670913586,-0.14183487049870944,0.9543398935771797,-0.17244288334300975
80.0,13.42,-0.96039604439681,-0.2377723660550292,-0.03569054530564208,-0.24314988874855073,0.03471362037683379,-0.14097146819492123,0.9537121173893692,-0.1737658221327472
80.0,13.44,-0.9607119963558426,-0.23705333321239447,-0.03626271943576669,-0.24460990749389153,0.0343845084076801,-0.14010804917664604,0.9530731648190269,-0.17510213910979525
80.0,13.46,-0.9610263832586965,-0.23633423247186228,-0.036845717292699545,-0.24608386385769085,0.03405695635647382,-0.1392445972139919,0.9524227830506116,-0.17645202751601505
80.0,13.48,-0.9613391668584207,-0.2356152352739569,-0.03743978523633164,-0.24757201888998887,0.03373096512709684,-0.1383811478504596,0.9517607206579102,-0.17781564422509294
80.0,13.5,-0.9616503911936098,-0.2348961775323452,-0.03804517938248975,-0.24907449025377396,0.033406521299138285,-0.1375176566336692,0.9510867162686628,-0.17919315916492257
80.0,13.52,-0.9619600590504126,-0.23417706285344078,-0.03866215663880381,-0.25059148514803503,0.03308362121933152,-0.13665412924520956,0.9504004995476626,-0.18058475537061155
80.0,13.54,-0.9622681730038996,-0.23345789477945914,-0.039290988183769984,-0.25212321194270254,0.032762263934177714,-0.1357905719294253,0.9497017899859808,-0.1819906286227337
80.0,13.56,-0.9625747359717586,-0.23273867692320713,-0.03993195526860966,-0.2536698508851257,0.03244244501786498,-0.13492697654561978,0.948990308573645,-0.18341093801486538
80.0,13.58,-0.9628797503279294,-0.23201941275311744,-0.040585331868918946,-0.25523161612499906,0.032124154408914356,-0.13406332161750117,0.9482657618689231,-0.18484587155121127
80.0,13.6,-0.9631832188996886,-0.2313001058349739,-0.041251415223568635,-0.25680866095256255,0.03180739595679745,-0.13319963302458057,0.9475278526294294,-0.1862956136865471
80.0,13.62,-0.963485144302749,-0.23058075967095112,-0.041930495726360144,-0.25840120267974603,0.0314921581088385,-0.13233589276412594,0.9467762699920591,-0.1877603604657029
80.0,13.64,-0.9637855289408596,-0.22986137770043086,-0.042622893085268516,-0.26000948813556535,0.031178442723707338,-0.1314720976591335,0.9460107003305742,-0.18924028716543845
80.0,13.66,-0.9640843755603853,-0.2291419634327132,-0.04332891423713648,-0.2616336467893238,0.030866239236400455,-0.13060823319744386,0.9452308184937523,-0.19073559796199493
80.0,13.68,-0.9643817265628676,-0.22842235199790917,-0.044048888321804765,-0.26327396133264436,0.03055554348817632,-0.1297443011188169,0.9444362877344277,-0.19224649139387628
80.0,13.7,-0.964677544262816,-0.2277027150197955,-0.04478314481059974,-0.2649305628243635,0.030246356230151636,-0.12888030356958613,0.9436267673441346,-0.19377316175987955
80.0,13.72,-0.9649718312137245,-0.22698305592670204,-0.045532036636632266,-0.26660373736907134,0.02993866834571297,-0.1280162310207944,0.9428019005603295,-0.19531581366970024
80.0,13.74,-0.9652646293579342,-0.22626320964083166,-0.04629590362460439,-0.26829365144427386,0.029632477971441917,-0.1271520742106907,0.9419613345385569,-0.19687461451015034
80.0,13.76,-0.9655559014151498,-0.22554334791432581,-0.047075122987535516,-0.2700005631421098,0.02932778261650512,-0.1262878413132291,0.9411046866266798,-0.19844980741104307
80.0,13.78,-0.9658456498560706,-0.22482347412201206,-0.04787006003190147,-0.2717246726615143,0.02902457901278808,-0.1254235269769379,0.9402315781443372,-0.2000415807812372
80.0,13.8,-0.9661339161629198,-0.22410342298140104,-0.04868111652964486,-0.27346617662764916,0.028722856682804495,-0.12455911434175933,0.9393416118060586,-0.2016501492066229
80.0,13.82,-0.9664206633488578,-0.22338336634524278,-0.049508651053824605,-0.2752253148747016,0.028422615592183363,-0.12369460147419355,0.9384343875266766,-0.2032757051372939
80.0,13.84,-0.966705932774255,-0.2226631388395778,-0.050353093836422634,-0.2770023512174671,0.028123851782678764,-0.1228299892495415,0.9375094853738867,-0.2049184664889812
80.0,13.86,-0.9669897262355034,-0.22194274357784036,-0.05121483919140855,-0.27879749428278044,0.02782656177029491,-0.12196528031623781,0.9365664754062869,-0.2065786613502185
80.0,13.88,-0.9672720071498115,-0.22122235253837327,-0.05209439387447204,-0.2806109683229686,0.027530740423145517,-0.121100450238132,0.9356049161970905,-0.20825649315900183
80.0,13.9,-0.9675528547893796,-0.22050163125317584,-0.052992122312308355,-0.28244299388363686,0.027236383189510743,-0.12023550627629087,0.9346243563240735,-0.20995217509922887
80.0,13.92,-0.9678321939928757,-0.21978092052977796,-0.05390850822862238,-0.28429384020969417,0.02694348916801521,-0.11937044225243881,0.9336243241014207,-0.2116659446748997
80.0,13.94,-0.9681100269689621,-0.21906022359862296,-0.054843984065227315,-0.2861637226962147,0.026652051697321703,-0.11850525554446177,0.932604344382725,-0.213397998677374
80.0,13.96,-0.9683864321497124,-0.21833920565106021,-0.05579910504276913,-0.2880529049567918,0.02636207088998717,-0.11763994423555178,0.9315639217479216,-0.21514855767639698
80.0,13.98,-0.9686613351544004,-0.2176182077643537,-0.05677432525375255,-0.289961605382449,0.026073538163615146,-0.11677449646200448,0.9305025424069642,-0.21691786608533256
80.0,14.0,-0.9689348138172674,-0.216896894897795,-0.05777021721831125,-0.2918900570741389,0.0257864546962958,-0.11590891480977282,0.9294196870727316,-0.21870612634127523
80.0,14.02,-0.9692068316729161,-0.2161754390733286,-0.05878721967571863,-0.29383855844379886,0.02550081217491413,-0.11504317836696631,0.9283148131694181,-0.22051358008703972
80.0,14.04,-0.9694773531025163,-0.2154540125714044,-0.05982592935008209,-0.2958073462027575,0.02521661176289868,-0.11417730850043087,0.9271873628674404,-0.22234045829708143
80.0,14.06,-0.9697464550981506,-0.21473228002076983,-0.06088689790142287,-0.2977966339772246,0.024933845480012262,-0.1133112755910045,0.9260367692179894,-0.22418696531795815
80.0,14.08,-0.9700141017083229,-0.21401041359143289,-0.06197064416170361,-0.29980668101754704,0.024652512706761425,-0.11244509251614233,0.92486244168248,-0.2260533434993327
80.0,14.1,-0.9702802944960258,-0.2132884162390844,-0.06307792395470595,-0.3018377739353623,0.02437260681851056,-0.1115787351856711,0.9236637702165106,-0.22793982238926658
80.0,14.12,-0.9705450352556084,-0.2125662909623036,-0.06420916410685638,-0.30389012722180264,0.02409413029012394,-0.11071222094236867,0.9224401298866217,-0.22984663656365728
80.0,14.14,-0.970808362651491,-0.2118438712905211,-0.065365150440826,-0.30596402925967103,0.023817077748281137,-0.1098455311683899,0.921190879529443,-0.2317740077974374
80.0,14.16,-0.9710702410445592,-0.2111213295070753,-0.06654639657645674,-0.30805972044265945,0.02354144157051842,-0.108978664181961,0.919915354620226,-0.23372215993787335
80.0,14.18,-0.9713306721411848,-0.2103986685675628,-0.06775371505306167,-0.3101774620428998,0.023267224353837802,-0.10811161895139756,0.9186128725460986,-0.23569131973003485
80.0,14.2,-0.9715896939153769,-0.20967572177432034,-0.06898770612386103,-0.31231749803367603,0.02299441638041335,-0.1072443741124449,0.9172827232063491,-0.23768174807141212
80.0,14.22,-0.971847271241273,-0.20895266155525047,-0.07024904973936698,-0.3144801115811609,0.022723022294135108,-0.10637694730987705,0.9159241894742448,-0.23969362514779782
80.0,14.24,-0.9721034419675241,-0.20822932113604192,-0.07153860287755533,-0.3166655277038906,0.022453033829627787,-0.10550932321684467,0.9145365153971056,-0.24172721252190907
80.0,14.26,-0.9723581711240096,-0.2075058729996323,-0.07285707806982093,-0.3188740146155881,0.02218444910959345,-0.10464148875875452,0.9131189330112429,-0.24378272280934357
80.0,14.28,-0.9726114960979697,-0.2067821502242371,-0.07420520380668942,-0.32110583728098724,0.02191726405500686,-0.10377344740311073,0.9116706457387455,-0.24586038306366734
80.0,14.3,-0.9728634181506278,-0.20605815557487872,-0.07558384036535955,-0.32336124193379895,0.021651480724022235,-0.1029052044511552,0.9101908336175027,-0.24796041840253089
80.0,14.32,-0.9731139024890001,-0.2053340616049863,-0.07699381121480837,-0.3256404827973945,0.021387088995289048,-0.10203673407983971,0.908678654562193,-0.2500830346268176
80.0,14.34,-0.9733629862552052,-0.20460970127002287,-0.07843595959390517,-0.3279438130341753,0.02112408998646087,-0.10116803677169675,0.9071332314159043,-0.2522284651379689
80.0,14.36,-0.9736106705082057,-0.20388507727408509,-0.07991120849259753,-0.33027147818110597,0.020862479544989886,-0.10029910553561329,0.9055536749017161,-0.25439689119988157
80.0,14.38,-0.9738569562019441,-0.20316019229376547,-0.08142044259400566,-0.3326237241430202,0.020602256745107492,-0.09942994850904824,0.9039390453306115,-0.25658856693659327
80.0,14.4,-0.9741018090778811,-0.20243521903800518,-0.08296456975182709,-0.33500080263176923,0.020343418411962397,-0.09856055403242965,0.9022884014582749,-0.258803644590464
80.0,14.42,-0.9743453007815782,-0.2017098201691264,-0.08454469836781514,-0.33740292691089674,0.020085960537865176,-0.09769091483823622,0.9006007415237786,-0.26104237859474466
80.0,14.44,-0.9745873968296578,-0.20098416832237762,-0.08616166503339506,-0.33983036831165364,0.01982987943240988,-0.09682101615875131,0.8988750597232739,-0.2633049191156338
80.0,14.46,-0.9748280631398987,-0.20025843627560197,-0.08781662569085225,-0.3422833250448708,0.019575176857007184,-0.09595086969931257,0.8971103069143881,-0.2655914532521837
80.0,14.48,-0.9750673707308785,-0.19953228644906282,-0.08951064582714001,-0.34476202413646123,0.01932184526751115,-0.09508045854492228,0.895305393885442,-0.26790218770879143
80.0,14.5,-0.9753052854072973,-0.19880589157126793,-0.09124475649174368,-0.34726670414609784,0.019069887027764194,-0.09420977997306589,0.8934592049196911,-0.2702372835605973
80.0,14.52,-0.9755418079466486,-0.198079254246774,-0.09302019588225231,-0.34979754733925333,0.018819294940483153,-0.09333882646881374,0.8915705893845942,-0.27259690374259743
80.0,14.54,-0.9757769736898501,-0.19735220679440968,-0.09483804867101543,-0.3523547777949259,0.01857006993306669,-0.09246760477831106,0.8896383584291758,-0.27498119378155306
80.0,14.56,-0.9760107142994634,-0.19662509235896145,-0.09669961393692371,-0.354938572582223,0.01832220691625748,-0.09159608334665136,0.8876612856657646,-0.2773902976982144
80.0,14.58,-0.9762430994470861,-0.1958975729070381,-0.09860609631340546,-0.35754912625167706,0.01807570764650472,-0.0907242895732028,0.8856381022489878,-0.2798243550699388
80.0,14.6,-0.9764741294431637,-0.195169650886466,-0.10055879404912911,-0.3601866130700601,0.01783056547753933,-0.08985219184920956,0.8835675000305867,-0.28228348351871657
80.0,14.62,-0.9767037706678194,-0.19444149921050843,-0.10255909864073605,-0.3628511723639535,0.017586781143514123,-0.08897979538079065,0.8814481341244939,-0.28476777803569864
80.0,14.64,-0.9769320239376413,-0.1937131204657471,-0.10460831237374774,-0.3655429815966243,0.017344350785347126,-0.088107090221485,0.8792786093824132,-0.2872773390130834
80.0,14.66,-0.9771589235328699,-0.1929843466445872,-0.10670795756625251,-0.3682621369372603,0.017103271736649,-0.08723407199653443,0.8770574876850946,-0.2898122388095037
80.0,14.68,-0.9773844361213215,-0.19225535075085096,-0.1088594715738156,-0.3710087798221633,0.016863543565056063,-0.08636073132271455,0.8747832845723689,-0.29237253582426714
80.0,14.7,-0.977608595966252,-0.19152596473791872,-0.11106431992502945,-0.3737830145602696,0.01662516439298094,-0.0854870754366475,0.8724544780711736,-0.29495824160630063
80.0,14.72,-0.9778314030774559,-0.19079619097616782,-0.11332420534809777,-0.3765848862743143,0.016388130793064733,-0.0846130871800761,0.870069475602735,-0.29756940951545285
80.0,14.74,-0.9780528245228658,-0.19006620258154733,-0.11564060890703572,-0.37941450267036025,0.016152440666149386,-0.08373875598118924,0.8676266507080083,-0.3002060090773661
80.0,14.76,-0.9782729271348574,-0.18933566062164553,-0.11801531210850723,-0.38227186757782794,0.015918092144158926,-0.08286408789246962,0.8651243243614981,-0.3028680023509104
80.0,14.78,-0.9784916447227834,-0.1886049089064705,-0.12045007560942932,-0.38515698972729095,0.015685086739635826,-0.08198907502506221,0.8625607493178806,-0.3055553528696922
80.0,14.8,-0.9787090104926791,-0.18787377909945552,-0.12294656449206284,-0.38806988740276915,0.015453418308644266,-0.0811137083397912,0.8599341405771096,-0.3082679489463415
80.0,14.82,-0.9789250248215882,-0.18714227363041894,-0.12550669217637145,-0.3910105041550676,0.01522308788215369,-0.08023798483034282,0.8572426406801872,-0.31100569041934656
80.0,14.84,-0.9791396549941355,-0.18641056571228423,-0.128132417243531,-0.39397875014538647,0.014994091555745385,-0.07936189083093509,0.8544843372289872,-0.3137684240840545
80.0,14.86,-0.9793529663707862,-0.1856783159829762,-0.1308256764593993,-0.3969745277379941,0.014766428372502596,-0.07848542021125017,0.8516572619654762,-0.3165559573326524
80.0,14.88,-0.9795649263451621,-0.1849456976597089,-0.13358852732747487,-0.39999769937763646,0.014540096137870108,-0.07760857508190364,0.8487593824794505,-0.3193680519083892
80.0,14.9,-0.979775534866255,-0.18421271308311254,-0.1364230004599123,-0.40304809910979883,0.014315094927192861,-0.07673134675809455,0.8457885890437069,-0.3222044661376407
80.0,14.92,-0.9799847920014441,-0.18347936461453565,-0.1393313210738958,-0.4061254923206021,0.014091422070601416,-0.0758537267076832,0.842742724904421,-0.32506486118080113
80.0,14.94,-0.9801927294931837,-0.18274548349658684,-0.1423157631382057,-0.4092295906429894,0.013869076310576602,-0.07497570620378016,0.8396195499181798,-0.32794888487038015
80.0,14.96,-0.9803993151557515,-0.18201124307243116,-0.14537866156714271,-0.41236008247411365,0.013648056786113114,-0.0740972857651853,0.8364167594216271,-0.33085612395219893
80.0,14.98,-0.9806045490730683,-0.18127664570256916,-0.14852225348347783,-0.41551664020944107,0.013428361242039714,-0.0732184579471763,0.8331319683202221,-0.33378612724389095
80.0,15.0,-0.9808084308830133,-0.18054169366356032,-0.15174919824686395,-0.41869877575263337,0.013209989010131068,-0.07233921634993566,0.8297627379403768,-0.33673832728103814
80.0,15.02,-0.9810109919496726,-0.17980621807589164,-0.15506192121348997,-0.4219060437040312,0.012992937009714503,-0.0714595482639147,0.8263065264828475,-0.3397121674207082
80.0,15.04,-0.9812122003956708,-0.17907039238553402,-0.15846305199342625,-0.4251378936584849,0.012777205419121298,-0.07057945135752389,0.822760736013937,-0.34270696358036523
80.0,15.06,-0.9814120872259051,-0.17833404762266794,-0.16195535063431354,-0.42839367502012327,0.012562793426627031,-0.06969891774882837,0.8191226699350151,-0.34572199935047415
80.0,15.08,-0.9816106518267868,-0.17759718598162338,-0.16554157153917104,-0.4316727179142742,0.012349698431604241,-0.06881794324919244,0.8153895747984216,-0.3487564531263558
80.0,15.1,-0.9818078626087087,-0.17685998099572103,-0.16922467233632357,-0.43497419999153136,0.012137920783874679,-0.06793651882195982,0.8115585912225199,-0.3518094049638143
80.0,15.12,-0.9820037500932145,-0.17612226357322178,-0.17300752917194823,-0.43829729656088134,0.011927458076720987,-0.06705464048389582,0.8076267738125831,-0.3548798884386412
80.0,15.14,-0.9821982830712894,-0.1753842073385828,-0.17689315726923077,-0.44164107610093395,0.011718311004941109,-0.06617230076681661,0.8035911189547033,-0.3579668285020478
80.0,15.16,-0.9823914915910539,-0.17464564309313027,-0.18088485927084705,-0.4450044042545007,0.011510476459983607,-0.06528949083991195,0.7994485055058559,-0.3610690080352715
80.0,15.18,-0.9825834051898787,-0.17390640150502373,-0.184985782974335,-0.4483861681891369,0.0113039572662411,-0.06440621495581403,0.7951957406012137,-0.36418514708625427
80.0,15.2,-0.9827739625629908,-0.1731668277506099,-0.18919920958984515,-0.4517851046396366,0.011098747546928535,-0.06352244761513781,0.7908295263251562,-0.36731381213591446
80.0,15.22,-0.9829631930468936,-0.17242675247555803,-0.19352872798190304,-0.4551997545735556,0.010894849075240458,-0.06263819312485189,0.7863464935785083,-0.3704534728527999
80.0,15.24,-0.9831510960671054,-0.17168617788720864,-0.19797767456303197,-0.45862866764049276,0.010692260172021734,-0.0617534423257339,0.7817431519540388,-0.3736024522971171
80.0,15.26,-0.9833376706012075,-0.17094510611563973,-0.20254985103035228,-0.46207010432379836,0.010490981755402796,-0.06086818787348427,0.7770159589393768,-0.3767589324112802
80.0,15.28,-0.9835229158578112,-0.17020353933293533,-0.20724896304579188,-0.4655222473219492,0.010291013265659604,-0.059982432880109494,0.7721612480514221,-0.37992090916436994
80.0,15.3,-0.9837068309370179,-0.16946147969379124,-0.21207870441456061,-0.4689831873975987,0.01009235005992135,-0.05909614961410072,0.7671752596099819,-0.38308627886252067
80.0,15.32,-0.9838894443905845,-0.16871875763425667,-0.217043153295129,-0.4724507049527056,0.009894996429310876,-0.05820934968831836,0.7620541703769825,-0.38625272351263046
80.0,15.34,-0.984070696190976,-0.16797571870515265,-0.22214620575564548,-0.4759225274338517,0.00969894881579729,-0.05732201715448885,0.7567940505257481,-0.38941772688637544
80.0,15.36,-0.9842506441030227,-0.16723202157613334,-0.22739206676944407,-0.4793960969798645,0.009504209185696803,-0.056434149737626844,0.7513908650579306,-0.3925786107922723
80.0,15.38,-0.984429286742399,-0.1664876682994718,-0.2327849199412126,-0.48286871134759063,0.009310774672886886,-0.0555457344977704,0.7458405144297676,-0.3957324742548583
80.0,15.4,-0.9846065936878656,-0.16574283275877152,-0.2383290779188225,-0.4863374090650397,0.009118646148589826,-0.05465676810278259,0.7401388014763958,-0.3988761942524271
80.0,15.42,-0.984782563953404,-0.16499751710698676,-0.24402891778818805,-0.4897990426609614,0.008927823270045586,-0.05376724563534314,0.7342814704898813,-0.4020063964739233
80.0,15.44,-0.9849572249981432,-0.1642515515545263,-0.24988893879710938,-0.49325017550003314,0.008738305683578397,-0.05287715587066778,0.728264154804486,-0.4051194760416813
80.0,15.46,-0.9851305754543631,-0.16350493816957656,-0.2559136844996221,-0.49668713356373495,0.008550092498712485,-0.05198648975229233,0.7220824342839925,-0.40821155960647426
80.0,15.48,-0.985302585211496,-0.16275785093596196,-0.26210782181899295,-0.500105943688112,0.0083631835176951,-0.05109524186663581,0.7157318302920957,-0.4112784666962924
80.0,15.5,-0.9854732814639318,-0.1620101200040437,-0.2684761378560718,-0.5035023172872785,0.008177579417767514,-0.050203406128119285,0.709207793209414,-0.41431576471314446
80.0,15.52,-0.9856426342568403,-0.16126191940748416,-0.2750232610763278,-0.5068717598540646,0.007993281153405658,-0.04931097802383451,0.7025057139796812,-0.4173186695889882
80.0,15.54,-0.9858106986603781,-0.1605129072073803,-0.28175419071772023,-0.5102092928483883,0.007810286792990963,-0.048417945791667104,0.6956209614887622,-0.42028206083663755
80.0,15.56,-0.9859774165994234,-0.1597634294848537,-0.28867365266126316,-0.5135097353217437,0.0076285963893036384,-0.04752429837196773,0.6885488731805773,-0.42320048476451677
80.0,15.58,-0.9861428146490994,-0.15901331627090273,-0.2957866372025509,-0.5167674284411797,0.0074482114471759835,-0.046630033557186056,0.6812847472764779,-0.4260681228862813
80.0,15.6,-0.9863068910158985,-0.15826256959193674,-0.3030981175643402,-0.5199763507572296,0.007269131087831565,-0.0457351443770861,0.6738238849613017,-0.42887873984633257
80.0,15.62,-0.9864696439555812,-0.15751119148705792,-0.3106130228364568,-0.5231300802291176,0.007091356679164805,-0.04483962187063084,0.6661616292204304,-0.431625695934083
80.0,15.64,-0.9866310990079039,-0.15675901178842527,-0.31833622962417096,-0.526221791615731,0.006914885972616244,-0.04394345428479246,0.6582933062135728,-0.43430192842904664
80.0,15.66,-0.9867911995176017,-0.15600637690641345,-0.3262726345345876,-0.5292441790241665,0.006739722340996373,-0.04304663968727768,0.6502143241143411,-0.43689989979365035
80.0,15.68,-0.9869499981919929,-0.1552529444464026,-0.3344271310905657,-0.5321894219605707,0.00656586438947196,-0.042149170498067316,0.6419201383150724,-0.439411640159013
80.0,15.7,-0.9871074657946454,-0.15449888864651434,-0.3428045061989115,-0.5350492349581857,0.0063933128453345645,-0.041251032368704546,0.6334063431033531,-0.44182862514168675
80.0,15.72,-0.9872636003844136,-0.15374421154037085,-0.3514093985609442,-0.5378148215067394,0.006222068281431191,-0.040352224081934146,0.6246686009040623,-0.4441418713132686
80.0,15.74,-0.9874184267142069,-0.15298874282874111,-0.3602462813817705,-0.5404768708417967,0.006052131099258778,-0.03945273322053812,0.6157027753849365,-0.4463417917912734
80.0,15.76,-0.9875719158282324,-0.15223265683182516,-0.369319616912973,-0.5430254015797177,0.005883501742700611,-0.03855255187629719,0.6065049004672479,-0.44841828295843567
80.0,15.78,-0.9877240656942092,-0.15147595558619392,-0.3786334416262996,-0.5454499825181901,0.005716181567997808,-0.037651673106017094,0.5970712409059065,-0.450360659903567
80.0,15.8,-0.9878749005776649,-0.15071846871622693,-0.388191820372181,-0.5477394143209715,0.005550169860042445,-0.03675008911366784,0.5873983310059663,-0.4521576091524687
80.0,15.82,-0.9880244179774322,-0.14996019818063097,-0.3979984026068152,-0.5498819243281928,0.005385469529367376,-0.03584779345669289,0.5774830154115405,-0.45379722376432524
80.0,15.84,-0.9881726153726873,-0.14920114594254627,-0.4080563025850245,-0.551865257780217,0.005222079925825972,-0.03494477743662582,0.5673225105945089,-0.4552669396249934
80.0,15.86,-0.988319464303667,-0.1484414864622138,-0.4183686112938057,-0.5536762138443178,0.005060002739886157,-0.03404103023662229,0.5569144329912393,-0.4565535596673417
80.0,15.88,-0.988464988349498,-0.14768104926333953,-0.4289377897951913,-0.5553010669880292,0.004899237367884506,-0.03313654169416266,0.546256876015397,-0.4576432185978388
80.0,15.9,-0.9886091592429315,-0.14692000886038567,-0.4397656906335345,-0.5567254673010894,0.004739786701405629,-0.032231312117011475,0.535348471813713,-0.4585213860292339
80.0,15.92,-0.9887520257571535,-0.14615802216311866,-0.4508538059827597,-0.5579342197623108,0.004581650891340376,-0.0313253230542891,0.5241884451667017,-0.45917284745062237
80.0,15.94,-0.988893559395846,-0.14539526366239958,-0.46220290074398823,-0.5589114766016944,0.004424830640891667,-0.030418570602070462,0.5127766905078157,-0.45958170604042553
80.0,15.96,-0.9890337321980114,-0.14463190795696748,-0.4738129562003501,-0.5596407514699224,0.004269328363216651,-0.02951105030661488,0.5011138700547134,-0.4597314067868239
80.0,15.98,-0.9891725920226805,-0.14386761181492289,-0.485683296274678,-0.5601047551927526,0.004115144029768197,-0.028602744157077396,0.4892014382239932,-0.4596047134529583
80.0,16.0,-0.9893101106679904,-0.1431025498113878,-0.49781221628585604,-0.5602856384113266,0.003962280087353471,-0.02769365055731797,0.4770417687319054,-0.4591837647239495
80.0,16.02,-0.9894462853228825,-0.14233672393760363,-0.5101971990274206,-0.5601647487573845,0.0038107373887062744,-0.026783759534831877,0.46463824184317265,-0.4584500536917433
80.0,16.04,-0.9895811377855697,-0.14156996346459194,-0.5228344493617701,-0.5597229995551621,0.003660517176814736,-0.02587306269700678,0.45199532004376347,-0.45738449825099253
80.0,16.06,-0.9897146401950477,-0.14080244305824635,-0.5357193001498026,-0.5589404490827251,0.0035116212597920493,-0.02496154820133346,0.43911864996228317,-0.4559674635676225
80.0,16.08,-0.9898467895670628,-0.1400341647119563,-0.5488457288687671,-0.5577966744774023,0.003364051070252316,-0.024049210395395256,0.4260151541966354,-0.4541787843208374
80.0,16.1,-0.9899776072496621,-0.13926495764814067,-0.5622060815567863,-0.5562710233597566,0.0032178076212649362,-0.023136036077325856,0.4126931517286549,-0.451997891929885
80.0,16.12,-0.9901070656215072,-0.13849499660809098,-0.5757915945373373,-0.5543421172127421,0.003072893793564137,-0.022222021406594742,0.39916241355761206,-0.4494038374211603
80.0,16.14,-0.9902351856537446,-0.13772411077322738,-0.5895918892060595,-0.5519882554371092,0.002929310993804845,-0.021307156730899095,0.38543430432563947,-0.44637540500000533
80.0,16.16,-0.9903619399424032,-0.1369524749430879,-0.6035947927653406,-0.5491876011369952,0.002787060817277522,-0.020391429425053943,0.37152188179955575,-0.44289116958265945
80.0,16.18,-0.9904873728718305,-0.13617974539029498,-0.6177864784009088,-0.5459180930200098,0.0026461450737738776,-0.019474832236710437,0.3574399387052471,-0.43892969300090945
80.0,16.2,-0.9906114331840226,-0.13540626979691794,-0.6321510959185853,-0.542157857026414,0.0025065657102889935,-0.018557356775874154,0.34320516137114293,-0.4344695647086031
80.0,16.22,-0.9907341176420574,-0.1346320501902137,-0.6466710668926353,-0.5378848770622541,0.0023683251219241593,-0.017638993458999008,0.3288361668067174,-0.42948959270650977
80.0,16.24,-0.9908554697257608,-0.13385674273249898,-0.6613265734065246,-0.5330776915587734,0.0022314250577266707,-0.016719730561890054,0.31435359002194246,-0.42396898593786597
80.0,16.26,-0.990975462073933,-0.1330805222918169,-0.6760959795545878,-0.5277149774361976,0.0020958678342056876,-0.015799562062970715,0.2997801384805314,-0.4178874803615987
80.0,16.28,-0.9910940909344436,-0.13230339085053747,-0.6909552997783928,-0.5217762546770144,0.0019616556066258456,-0.01487847703388466,0.2851406665383649,-0.4112255748727475
80.0,16.3,-0.9912113525199785,-0.131525350398262,-0.7058782354799614,-0.5152421226738654,0.0018287907996278959,-0.013956464659350167,0.27046217003941503,-0.40396471075759127
80.0,16.32,-0.9913272429897991,-0.13074640292957426,-0.7208365141932397,-0.5080939469376515,0.0016972758963339218,-0.013033517313113757,0.25577383041650986,-0.39608752922323404
80.0,16.34,-0.9914417584600262,-0.12996655044562175,-0.7357996167453427,-0.5003144025758791,0.0015671129899029993,-0.012109624644152625,0.24110698535836977,-0.38757805365098985
80.0,16.36,-0.9915549175565253,-0.12918562189606947,-0.7507347773933389,-0.49188785108290806,0.0014383048021065267,-0.011184775755479881,0.22649510685792484,-0.3784219893669708
80.0,16.38,-0.9916666934925782,-0.12840379231615748,-0.765606935273741,-0.48280068125017334,0.0013108538601855524,-0.010258962835044912,0.21197371729362105,-0.368606943683332
80.0,16.4,-0.9917771045285895,-0.1276208906308182,-0.7803792847852955,-0.4730408983511966,0.0011847630625911247,-0.009332175295934178,0.19758033148471774,-0.35812269655397083
80.0,16.42,-0.9918861240624941,-0.12683709193007173,-0.7950128841037071,-0.46259914282967163,0.001060034778211945,-0.00840440212202825,0.18335429757460836,-0.346961444235908
80.0,16.44,-0.991993769994344,-0.12605222511662276,-0.8094669903054175,-0.4514686719403815,0.0009366722676257738,-0.007475634887710469,0.16933665486279617,-0.3351180902750398
80.0,16.46,-0.9921000159040828,-0.1252664653346732,-0.823699256751325,-0.439645596358123,0.000814677921749151,-0.00654586169372715,0.15556995327714548,-0.32259045334348535
80.0,16.48,-0.9922048793251103,-0.12447964146575025,-0.8376660384679169,-0.4271289620254323,0.000694055090638287,-0.005615074652811798,0.14209799603821158,-0.3093795229737457
80.0,16.5,-0.9923083556084613,-0.12369175551762342,-0.8513224899689129,-0.413921245575179,0.0005748065712166936,-0.004683261851384118,0.12896558101837532,-0.2954896927889842
80.0,16.52,-0.9924104400577843,-0.12290280950744242,-0.8646228735598844,-0.4000285659318827,0.00045693567214410215,-0.003750413465802898,0.11621821288321464,-0.28092892296487115
80.0,16.54,-0.9925111279274269,-0.12211280546171448,-0.8775209585463579,-0.38546071575195384,0.00034044546049689196,-0.0028165193621427355,0.10390177756225602,-0.2657089614417911
80.0,16.56,-0.9926104144248672,-0.12132174541682376,-0.8899703671568189,-0.3702313072558918,0.0002253392752736961,-0.0018815691256991553,0.0920621371742077,-0.24984537701789958
80.0,16.58,-0.9927082947088021,-0.12052963141901438,-0.9019248963136506,-0.35435805059689385,0.00011162045140025498,-0.0009455520179539166,0.08074478376978306,-0.23335778169066929
80.0,16.6,-0.9928047638888147,-0.11973646552456861,-0.9133390970792027,-0.3378623646297112,-7.075507915523827e-07,-8.457617476132422e-06,0.0699944175766258,-0.2162697813478575
80.0,16.62,-0.992899817025179,-0.11894224980001025,-0.9241683263094042,-0.3207703706253232,-0.00011164124502307263,0.0009297247102134498,0.059854490479145726,-0.19860897058727853
80.0,16.64,-0.9929934697485048,-0.11814681301216932,-0.9343697087378441,-0.3031114642411711,-0.00022117699913453868,0.001869005676763672,0.05036682398678661,-0.1804069674871127
80.0,16.66,-0.9930856961199775,-0.11735033052636133,-0.9439021362853768,-0.2849193802962639,-0.0003293111346896825,0.002809395983412407,0.041571135221604875,-0.16169923710943432
80.0,16.68,-0.9931764910479529,-0.11655280444153422,-0.9527268291701467,-0.26623179337227737,-0.0004360398899715383,0.0037509066030433427,0.033504606359049977,-0.1425248758954061
80.0,16.7,-0.993265889795609,-0.11575389015240613,-0.9608079230886686,-0.24708951050593908,-0.0005413594487270699,0.004693548495702919,0.026201493651992976,-0.12292651657008367
80.0,16.72,-0.9933538261389131,-0.1149541098064924,-0.9681126140946973,-0.2275371106576873,-0.0006452658758286162,0.005637332645931655,0.019692720441365066,-0.10294996475232211
80.0,16.74,-0.9934403550208765,-0.11415294541888102,-0.9746117397068391,-0.2076218779434078,-0.000747755075346732,0.006582269849971426,0.014005511864489683,-0.08264386426913929
80.0,16.76,-0.9935254307334312,-0.11335074585069188,-0.980280000679396,-0.18739385756017773,-0.0008488229510189995,0.007528371770402552,0.009163092365160032,-0.062059362788092626
80.0,16.78,-0.993609067563758,-0.11254733984197177,-0.9850962766621288,-0.16690537404152814,-0.0009484653350379647,0.008475649171678869,0.005184398966793058,-0.041249675238405226
80.0,16.8,-0.9936912596808739,-0.11174272951910612,-0.9890439050586839,-0.14621034039778402,-0.001046678083419882,0.009424114133887109,0.0020838688368839727,-0.0202696282702771
80.0,16.82,-0.9937720011989439,-0.11093691702213612,-0.9921107625251201,-0.1253644015988635,-0.0011434566497525863,0.01037377739808805,-0.00012872826832076049,0.0008248187928263542
80.0,16.84,-0.9938512861761873,-0.1101299045048926,-0.994289527370375,-0.10442350802130661,-0.0012387965170199587,0.011324649805399432,-0.0014483851759114373,0.021977064728934306
80.0,16.86,-0.9939291086114965,-0.10932169413489194,-0.995577599956209,-0.08344437615712383,-0.0013326931559636268,0.012276745129522012,-0.0018748969093427294,0.04313038138828939
80.0,16.88,-0.9940054624490663,-0.10851228809412014,-0.9959771686756972,-0.062483564898398666,-0.0014251419747416789,0.013230072443202368,-0.0014128312762887575,0.06422841502374874
80.0,16.9,-0.9940803603713476,-0.10770151507905346,-0.9954951666057706,-0.04159637832426872,-0.0015161382811580881,0.014184644156046592,-7.144071138128074e-05,0.0852156865678791
80.0,16.92,-0.9941537771289995,-0.10688955077518905,-0.9941430521050908,-0.02083769453011976,-0.0016056772061370523,0.015140474015092446,0.002135497132275903,0.10603805367928386
80.0,16.94,-0.9942257249916113,-0.10607622388264064,-0.99193669597703,-0.0002605540538005577,-0.0016937537216466455,0.016097571457987365,0.005189875457652159,0.12664318729410115
80.0,16.96,-0.994296178868118,-0.10526171014341054,-0.988896111585676,0.020084526345958517,-0.0017803627784498143,0.017055950279873184,0.00906952625535615,0.14698095617329313
80.0,16.98,-0.9943651506546597,-0.10444583826773986,-0.9850451689633256,0.040148651034406894,-0.0018654996137778715,0.018015621776417433,0.0137485284024369,0.167003830676791
80.0,17.0,-0.9944326154024172,-0.10362878405245078,-0.9804112702536788,0.05988620259714911,-0.0019491582560566337,0.018976596363676,0.019197538283370452,0.18666716566176472
80.0,17.02,-0.9944986025199927,-0.1028102026413507,-0.9750249811617491,0.07925455236099446,-0.002031334075358513,0.019938889539799314,0.025384168853772184,0.20592954296773203
80.0,17.04,-0.9945630690132677,-0.10199044344090234,-0.9689196468201062,0.09821442003652835,-0.0021120213501890426,0.020902512914952272,0.03227337910684954,0.22475290715485552
80.0,17.06,-0.9946260259487689,-0.10116933518061702,-0.9621310513746124,0.11672951270623225,-0.0021912145951149785,0.021867476611242144,0.039827886140347386,0.24310279547423877
80.0,17.08,-0.9946874837293292,-0.10034670656087842,-0.9546968946837391,0.13476781004752136,-0.0022689080074064787,0.022833794084726508,0.04800858615423868,0.26094848612994
80.0,17.1,-0.9947474000160752,-0.09952290710798305,-0.9466564614942954,0.15230077120872587,-0.0023450965077348824,0.02380148092727782,0.056774934915942106,0.27826298537386607
80.0,17.12,-0.9948058024685201,-0.09869759194542008,-0.9380502738096897,0.16930319547645992,-0.0024197732401533734,0.024770545506223762,0.0660853811506446,0.29502300616705907
80.0,17.14,-0.9948626662805332,-0.09787093704323872,-0.9289195714770503,0.18575402841794542,-0.002492932541916163,0.025741002349978736,0.07589775839705591,0.31120914630883934
80.0,17.16,-0.9949179840806651,-0.0970429447836942,-0.9193060468486709,0.2016356427746228,-0.0025645689894767745,0.026712865616087513,0.08616962245316043,0.3268055531756882
80.0,17.18,-0.9949717652222902,-0.09621344391312586,-0.9092513585337438,0.21693439491919095,-0.002634675682020278,0.027686145518331172,0.09685861798483636,0.34179999270691597
80.0,17.2,-0.9950240017752643,-0.09538243682672354,-0.8987971011076915,0.23163923115771143,-0.0027032471418568767,0.02866085931395611,0.1079227946746833,0.3561836303301421
80.0,17.22,-0.9950746692269796,-0.09455009961358858,-0.8879840941490339,0.24574329969706796,-0.0027702758479438805,0.029637015043540774,0.11932089785308099,0.3699508832957756
80.0,17.24,-0.9951237762912759,-0.09371626105548095,-0.8768525443363467,0.25924205556736774,-0.0028357559131565267,0.030614629391330677,0.13101259583191438,0.38309923091098097
80.0,17.26,-0.9951713148094005,-0.0928809236108891,-0.8654414332694913,0.2721344947191257,-0.0028996809285825463,0.03159371485359331,0.14295874974331,0.395628991502935
80.0,17.28,-0.9952172765539603,-0.09204408976116261,-0.8537886628908388,0.2844217389248082,-0.00296204410457085,0.0325742874033463,0.15512155763253072,0.40754312199328135
80.0,17.3,-0.9952616532290193,-0.09120576201088028,-0.841930652222859,0.29610761638021693,-0.0030228384167432956,0.03355635612551639,0.16746474303368117,0.41884697283072847
80.0,17.32,-0.9953044364358232,-0.09036594288509406,-0.829902171409685,0.3071984532357158,-0.003082055890547018,0.03453993434269844,0.1799536758303786,0.42954807583166504
80.0,17.34,-0.9953456177531118,-0.08952463493705695,-0.8177365572195604,0.3177020136647061,-0.003139691444609109,0.035525042839037166,0.19255545452322445,0.43965589088667917
80.0,17.36,-0.9953852041005219,-0.08868166701069657,-0.8054651448912626,0.3276284576768573,-0.0031957367284628003,0.03651168724068437,0.20523900204381057,0.4491816109659201
80.0,17.38,-0.9954231711134273,-0.08783721541960005,-0.7931177484791009,0.33698888698337376,-0.0032501839530745327,0.03749988923998917,0.2179751085497728,0.4581379001394901
80.0,17.4,-0.9954595252680202,-0.08699110904464676,-0.7807220867815023,0.3457964358696813,-0.0033030263082931303,0.03848965384782629,0.23073643375306463,0.466538730502751
80.0,17.42,-0.9954942423340193,-0.08614352426319066,-0.7683042373700502,0.3540648270632635,-0.003354256655862909,0.039481006285832954,0.24349753597714188,0.4743991239635268
80.0,17.44,-0.9955273283549969,-0.08529428999682168,-0.7558884164219318,0.36180894890494375,-0.0034038659263848385,0.04047395167382052,0.25623484287523635,0.4817350247257858
80.0,17.46,-0.995558773928901,-0.08444340892551898,-0.7434968962104128,0.369044657682273,-0.0034518472470460877,0.0414685060800039,0.26892663190806,0.4885630530468336
80.0,17.48,-0.9955885550180418,-0.08359105752287611,-0.7311504044658239,0.37578801394107836,-0.003498192132161469,0.04246468497694972,0.28155297613667496,0.4949004150213681
80.0,17.5,-0.9956166914099609,-0.08273689100556335,-0.7188676112835122,0.3820561815206455,-0.0035428927777623165,0.043462505397690344,0.29409569636638244,0.5007646782858685
80.0,17.52,-0.9956431587228831,-0.08188108589575986,-0.7066658999329848,0.38786590915799524,-0.003585942012127983,0.04446198433381884,0.30653831007355814,0.5061736920215463
80.0,17.54,-0.9956679472444098,-0.08102364498787244,-0.6945607602840563,0.393234702562671,-0.0036273292873185117,0.04546312743863108,0.3188659410924743,0.5111454265828612
80.0,17.56,-0.9956910471820244,-0.08016457110579388,-0.6825662318161557,0.3981799667876059,-0.0036670469205524205,0.046465959119965865,0.3310652451005381,0.5156978870249417
80.0,17.58,-0.9957124624470323,-0.07930369331418555,-0.6706949226005093,0.4027190699778993,-0.0037050865532802907,0.047470486662589954,0.343124364193088,0.5198489914643188
80.0,17.6,-0.9957321826240254,-0.07844101448619319,-0.6589580550406936,0.4068692644460502,-0.003741439685083035,0.0484767271076998,0.35503280486139915,0.523616504610924
80.0,17.62,-0.9957501836191163,-0.07757671131436492,-0.6473655291471091,0.4106476236589341,-0.003776096421938726,0.04948470394510367,0.36678138399726595,0.5270179554823078
80.0,17.64,-0.9957664553419584,-0.07671078674899344,-0.6359259579304543,0.41407112559099374,-0.0038090485432892775,0.05049441999141566,0.37836210924970204,0.5300705681737007
80.0,17.66,-0.9957810138906872,-0.07584289616319598,-0.6246468926254543,0.41715623343996194,-0.003840285848994815,0.051505899458382645,0.38976816981580265,0.5327912055427398
80.0,17.68,-0.9957938219237326,-0.07497339015497684,-0.6135348091384946,0.4199191288300709,-0.003869799804351801,0.0525191559328274,0.40099375886690397,0.5351963372706632
80.0,17.7,-0.9958048948173681,-0.07410192416004718,-0.6025951234673976,0.42237564520968873,-0.003897580210591325,0.05353420688488999,0.41203409333997426,0.5373019983755858
80.0,17.72,-0.9958142082729662,-0.07322867503933217,-0.5918324339472354,0.4245410524254854,-0.00392361817775096,0.05455106448323497,0.42288525577352903,0.5391237432042433
80.0,17.74,-0.9958217512287306,-0.072353645899106,-0.5812503770617086,0.4264303663941636,-0.003947903120402892,0.05556974537625259,0.4335441745201707,0.5406766357036918
80.0,17.76,-0.9958275125081291,-0.07147683987946443,-0.5708518558659493,0.42805798269158757,-0.003970425370685534,0.05659026831521977,0.4440085445914213,0.5419752398958861
80.0,17.78,-0.9958314930271266,-0.07059808634145265,-0.5606391683811827,0.42943772841321887,-0.003991175097185404,0.057612651995654234,0.4542767354092495,0.5430335798975153
80.0,17.8,-0.9958336809192111,-0.06971738849388727,-0.5506137234057885,0.4305832228357177,-0.004010141225451161,0.05863689927963477,0.46434776672340533,0.5438651665627282
80.0,17.82,-0.9958340523024426,-0.06883492339697674,-0.5407765562369393,0.4315072945582995,-0.004027313939031477,0.05966304871331799,0.4742212031377443,0.544482984209883
80.0,17.84,-0.9958326074009294,-0.06795052052883437,-0.5311280675855685,0.4322223705042012,-0.004042681508098768,0.06069109870537642,0.48389714346144996,0.5448994760687014
80.0,17.86,-0.9958293338867154,-0.06706418320419397,-0.5216681709480517,0.43274040059025853,-0.0040562337966623474,0.06172107328965869,0.49337616390486677,0.5451265502624555
80.0,17.88,-0.9958242309808206,-0.06617574098132675,-0.5123964639480554,0.4330726653576374,-0.004067959839514621,0.06275298651924187,0.5026592278908714,0.5451756075789076
80.0,17.9,-0.9958172632132853,-0.0652855448874002,-0.5033119170423556,0.4332302590014877,-0.004077848666498591,0.06378685467401324,0.5117476703295175,0.5450575382262399
80.0,17.92,-0.9958084408538328,-0.06439325075167926,-0.4944133425364291,0.4332235372181986,-0.004085887416036701,0.0648227025420788,0.5206431768404068,0.5447827094898143
80.0,17.94,-0.9957977396774249,-0.06349903586426592,-0.4856992983616145,0.43306233553974544,-0.004092068172860923,0.06586054700055953,0.5293477080665584,0.5443610272759026
80.0,17.96,-0.9957851579351147,-0.06260272996339748,-0.47716780859341373,0.43275631102938406,-0.004096375489216959,0.06690039582316916,0.5378634719973187,0.5438019156135507
80.0,17.98,-0.9957706714828561,-0.06170451042246487,-0.46881686055852145,0.43231445109682903,-0.0040987978496955825,0.0679422684992451,0.5461929062191511,0.5431143042972587
80.0,18.0,-0.9957542777988688,-0.06080420705830629,-0.4606441914114034,0.43174533445177643,-0.004099325467057006,0.06898619614424872,0.5543386393921321,0.5423067073668973
80.0,18.02,-0.9957359739614094,-0.059901649766057774,-0.4526474025273299,0.4310570750337384,-0.00409794427924305,0.07003218115238843,0.5623034649122933,0.54138719882607
80.0,18.04,-0.995715725181307,-0.058997189843230116,-0.44482383448249274,0.4302574975167771,-0.004094642729623942,0.07108025098521094,0.5700902987295985,0.5403634477205981
80.0,18.06,-0.9956935280044044,-0.05809065724893089,-0.43717080645220324,0.42935390528508643,-0.0040894069233974595,0.07213041771086592,0.5777021845117645,0.5392426840311499
80.0,18.08,-0.9956693785729827,-0.05718188202623336,-0.4296853485065187,0.4283534174325868,-0.004082225729022254,0.07318270094853033,0.5851422705214047,0.5380318048197793
80.0,18.1,-0.9956432525214778,-0.0562710418238886,-0.42236466155898794,0.42726251741942795,-0.004073083960982517,0.07423711935713717,0.5924137460580691,0.5367372913636616
80.0,18.12,-0.9956151453283455,-0.055357966787863463,-0.41520567746201764,0.4260875174075442,-0.004061970409615285,0.075293697933874,0.5995198964467047,0.5353653099125286
80.0,18.14,-0.9955850324853103,-0.05444283464808608,-0.4082053999797902,0.424834298929062,-0.004048871805358459,0.07635245037032064,0.606464025120715,0.5339216506872227
80.0,18.16,-0.995552918263225,-0.053525301908523885,-0.4013606039001572,0.4235085991287246,-0.004033772273241586,0.07741339536550318,0.6132494793658901,0.5324118167597607
80.0,18.18,-0.9955187688093445,-0.0526057201762519,-0.3946682078473417,0.4221156533593411,-0.0040166585835010316,0.0784765559663833,0.6198796108118102,0.5308409963017628
80.0,18.2,-0.9954825782723047,-0.051683919819682754,-0.3881250927941031,0.4206604585366764,-0.003997517986878883,0.07954194093835087,0.6263577881370579,0.5292140609921058
80.0,18.22,-0.9954443401570574,-0.05075973129433828,-0.38172809208392994,0.41914776153661026,-0.0039763359029926365,0.08060958047134922,0.632687364047098,0.5275356359239696
80.0,18.24,-0.9954040296968935,-0.04983333259674887,-0.3754739999155178,0.4175820671654614,-0.003953097159723549,0.081679498647079,0.6388716898298448,0.5258100590061054
80.0,18.26,-0.9953616398417597,-0.048904554313153215,-0.36935966881202476,0.4159676007492548,-0.0039277865109436805,0.08275169328264535,0.6449140885009935,0.5240414352536438
80.0,18.28,-0.9953171458019924,-0.047973574539642974,-0.36338200151356687,0.41430830646539457,-0.003900389411356927,0.08382621099230454,0.6508178554700697,0.5222336009608061
80.0,18.3,-0.9952705398576864,-0.047040223992689874,-0.3575379003063481,0.4126079411938231,-0.003870891803632586,0.084903051888983,0.6565862651574627,0.520390203283672
80.0,18.32,-0.995221805475157,-0.046104507182374056,-0.35182425935500516,0.41087006692890754,-0.0038392778977015384,0.08598224550444236,0.662222537032676,0.5185146341934402
80.0,18.34,-0.9951709258902631,-0.045166428677221024,-0.346238037197227,0.4090979924060748,-0.0038055296723946115,0.08706381202962019,0.667729853062555,0.5166101169442392
80.0,18.36,-0.9951178839942321,-0.04422599310046406,-0.34077622437562294,0.40729488628549293,-0.00376963490353413,0.0881477710456076,0.6731113559947323,0.5146796637695922
80.0,18.38,-0.995062670461228,-0.04328303148567188,-0.3354358696187267,0.405463668032807,-0.00373157350628732,0.08923414165087418,0.6783701334722659,0.5127261151762189
80.0,18.4,-0.995005260068376,-0.042337722280333605,-0.33021405476919363,0.40360712777510765,-0.0036913328084804287,0.09032294132117849,0.6835092238685619,0.5107521208004219
80.0,18.42,-0.9949456427000019,-0.04138989666409193,-0.32510787754884257,0.4017279082131243,-0.0036488928965511254,0.09141420712626849,0.6885316105941106,0.5087601849861368
80.0,18.44,-0.994883793232484,-0.04043973320371788,-0.32011452040190974,0.39982844957115615,-0.003604240146902338,0.0925079425958161,0.6934402138967927,0.5067526355567218
80.0,18.46,-0.9948197076520775,-0.03948688960258859,-0.3152312733680996,0.3979110267365597,-0.003557355114062763,0.09360416979227505,0.6982378862873925,0.504731687728901
80.0,18.48,-0.9947533603231258,-0.03853154457958384,-0.31045537713743454,0.3959778433969708,-0.0035082203519411076,0.09470292974279744,0.7029274563476057,0.5026993935374146
80.0,18.5,-0.9946847327187223,-0.03757370327727168,-0.30578416784191664,0.39403093038484643,-0.00345681845366556,0.09580422804990979,0.7075116604190095,0.500657694905761
80.0,18.52,-0.9946138060827214,-0.03661337090935319,-0.3012150154399606,0.3920722158268222,-0.00340313210727347,0.09690807716433511,0.7119931954676293,0.4986083599894774
80.0,18.54,-0.9945405738745553,-0.03565020560194267,-0.29674539268165784,0.39010347737589357,-0.003347143510896439,0.098014530405535,0.7163746743868336,0.4965531270036314
80.0,18.56,-0.9944650039916961,-0.0346845599362137,-0.29237280303088725,0.3881263964800833,-0.0032888341963918833,0.09912358115590457,0.7206586750869118,0.4944935247238149
80.0,18.58,-0.9943870769905956,-0.033716439349701116,-0.2880948522489984,0.3861425162584291,-0.003228181642313859,0.10023526322571469,0.7248476961212217,0.49243107143290016
80.0,18.6,-0.9943067849743012,-0.032745502289652714,-0.28390911307629074,0.3841533477366655,-0.0031651715417674213,0.10134960574011842,0.7289441967346075,0.4903671247404347
80.0,18.62,-0.9942241070259223,-0.03177175443453808,-0.2798132607802028,0.38216027180557816,-0.003099783628012138,0.1024666212610683,0.7329505478782966,0.48830296617623925
80.0,18.64,-0.9941390117051103,-0.030795548581913162,-0.2758050053926342,0.3801645941077067,-0.0030319957419634525,0.10358632832420765,0.7368690784374873,0.48623982054829296
80.0,18.66,-0.9940514944981573,-0.029816370011365983,-0.2718821579577964,0.378167500574895,-0.0029617898706035743,0.10470877547676923,0.7407020543918457,0.48417877401660664
80.0,18.68,-0.9939615235617041,-0.02883457167128785,-0.2680425694797931,0.37617011910997933,-0.002889144360426245,0.1058339575320343,0.744451683183383,0.4821209120323049
80.0,18.7,-0.993869082662016,-0.02784998607994458,-0.26428412146899405,0.37417350907827573,-0.002814040325658596,0.10696191082670112,0.7481201267540343,0.4800671670389741
80.0,18.72,-0.9937741503043863,-0.026862619365084727,-0.26060473522170613,0.3721786768310497,-0.002736454670898141,0.10809266562066899,0.7517094730814764,0.4780184527384104
80.0,18.74,-0.9936767045364072,-0.025872477738922834,-0.2570024330594321,0.3701865288237808,-0.002656369134334184,0.10922623270799584,0.7552217762724729,0.47597560244357684
80.0,18.76,-0.9935767274053924,-0.02487939409186826,-0.2534751990805887,0.36819795272095596,-0.0025737602785602933,0.11036265330284983,0.7586589994860945,0.47393941104049053
80.0,18.78,-0.9934741921565228,-0.02388354827977691,-0.2500212599220824,0.3662136759590834,-0.0024886054226581676,0.11150193604247735,0.7620230933059658,0.4719105782868906
80.0,18.8,-0.993369084027228,-0.022884600045162833,-0.2466386713010541,0.36423449667204266,-0.002400885933551281,0.11264410693237505,0.7653159313623855,0.4698897826864493
80.0,18.82,-0.993261371581722,-0.02188290281138535,-0.24332571983245427,0.3622610473461877,-0.0023105751690553483,0.11378919722964297,0.7685393481633925,0.46787763532116877
80.0,18.84,-0.99315103560159,-0.02087828994182744,-0.24008053431513787,0.36029404815957483,-0.0022176500878794683,0.11493724324864482,0.7716951204954913,0.46587470868121345
80.0,18.86,-0.993038055711548,-0.019870594974203508,-0.2369014685027535,0.3583340562366471,-0.0021220906893501578,0.11608824634996669,0.7747849879929153,0.4638815157707348
80.0,18.88,-0.9929224074263711,-0.018859824932161158,-0.23378690613125058,0.3563815938144655,-0.0020238733365189232,0.11724223866398152,0.7778106180156077,0.4618985656262681
80.0,18.9,-0.9928040628023556,-0.01784616022368855,-0.2307351341818091,0.354437226122427,-0.0019229701983689122,0.11839927083191765,0.7807736660286507,0.4599262738766108
80.0,18.92,-0.9926830004801361,-0.01682943477597624,-0.22774466678626681,0.35250137918825075,-0.0018193602250249415,0.11955932993955204,0.783675715633431,0.45796505827600553
80.0,18.94,-0.9925591977065363,-0.015809482704865565,-0.22481397881105805,0.35057448132428387,-0.0017130170519762055,0.12072247546790037,0.7865183148800413,0.4560152895713204
80.0,18.96,-0.9924326236163599,-0.014786657975547247,-0.22194151261570658,0.3486569700343123,-0.001603917341880874,0.12188871623359089,0.7893029686984051,0.4540773078240809
80.0,18.98,-0.9923032599845404,-0.013760448534989344,-0.21912587097248223,0.34674919201068133,-0.0014920334822652861,0.1230580787225789,0.7920311386262482,0.45215142462319463
80.0,19.0,-0.9921710753267817,-0.012731208559069215,-0.21636561719029526,0.34485149825314254,-0.0013773419692460842,0.12423060769970386,0.7947042417098567,0.4502379247267076
80.0,19.02,-0.9920360433386746,-0.011698945874110186,-0.21365940626506924,0.34296418417561675,-0.0012598141864711022,0.1254063092951216,0.7973236715453835,0.4483370434456256
80.0,19.04,-0.9918981431897759,-0.010663149073570426,-0.21100585618604342,0.34108755466992724,-0.0011394236649666454,0.12658522181320547,0.7998907709415225,0.4464490080232707
80.0,19.06,-0.991757341458455,-0.009624345734406277,-0.20840380055689628,0.33922180084320064,-0.0010161455584340264,0.12776735830993194,0.8024068349229214,0.4445740414020679
80.0,19.08,-0.9916136138208215,-0.00858219791877146,-0.20585184910149454,0.33736722371595845,-0.000889948377071682,0.1289527795846754,0.8048731410514777,0.442712307657542
80.0,19.1,-0.9914669320986602,-0.007536714113750746,-0.2033488276871169,0.3355240168243642,-0.0007608086345528533,0.13014147628639317,0.807290912553972,0.44086398470141536
80.0,19.12,-0.9913172674306756,-0.006487902938967047,-0.20089351385558726,0.33369237103313415,-0.0006286962200623335,0.13133350174297492,0.8096613668018305,0.43902918274494956
80.0,19.14,-0.9911645908443923,-0.005435773154032389,-0.19848483996278404,0.331872415631584,-0.0004935803610650202,0.1325288831418022,0.8119856512230004,0.43720805709243565
80.0,19.16,-0.9910088730288988,-0.004380333658850691,-0.1961215780757646,0.330064355674231,-0.00035543446377357213,0.13372763558376205,0.81426490514519,0.43540069700021267
80.0,19.18,-0.9908500848016121,-0.003321420559804601,-0.19380264462818747,0.32826832039216736,-0.00021422701263204192,0.13492979254213192,0.8165002331181007,0.4336071855732138
80.0,19.2,-0.9906881959642163,-0.002259043130908138,-0.1915270921220726,0.32648436016080573,-6.992838804383108e-05,0.13613540656716494,0.8186927045380925,0.4318276008887209
80.0,19.22,-0.990523175523514,-0.0011932107953638023,-0.1892937066914941,0.324712678469813,7.74914875411761e-05,0.13734447097382832,0.8208433504647334,0.43006201560186147
80.0,19.24,-0.9903549926267873,-0.0001237602812000911,-0.18710163768218105,0.3229532673472688,0.00022806545685388462,0.13855704470797356,0.8229531932674704,0.42831045888973607
80.0,19.26,-0.990183615211338,0.0009491257692002749,-0.18494983164389425,0.3212062495358338,0.0003818243688294332,0.13977312644070453,0.8250232114033238,0.42657297202822525
80.0,19.28,-0.9900090112624922,0.002025610251398346,-0.18283731024752584,0.3194717006021352,0.0005387971342560058,0.14099278167847448,0.8270543653515248,0.4248495682385581
80.0,19.3,-0.9898311482200346,0.0031056830178502657,-0.18076322808020442,0.3177496271474254,0.0006990228476138579,0.1422160309497051,0.8290475759094994,0.42314027717578995
80.0,19.32,-0.9896499931877871,0.004189333754088027,-0.1787265871573005,0.31604011576187563,0.0008625287260347616,0.14344289735445362,0.8310037516790842,0.4214450870287724
80.0,19.34,-0.989465512593224,0.005276551974159549,-0.17672663341476685,0.31434312684869803,0.0010293523164706213,0.1446734065071758,0.8329237648958178,0.41976400596543073
80.0,19.36,-0.989277670763779,0.006367672344173243,-0.1747623550274829,0.31265876907746043,0.0011995242546978065,0.14590760345649367,0.8348084841254462,0.41809698835334225
80.0,19.38,-0.989086435148531,0.0074623385742308935,-0.17283308643062223,0.3109869593634037,0.001373083153070642,0.1471455194498361,0.836658725574732,0.41644403860719115
80.0,19.4,-0.9888917683019451,0.00856088483629613,-0.17093790730526193,0.309327765032281,0.0015500630744148922,0.1483871884291834,0.8384753113690767,0.4148050953977
80.0,19.42,-0.9886936360843894,0.009663127166210787,-0.16907607313080297,0.30768114903302113,0.0017304983585614028,0.14963262980674502,0.8402590110869367,0.4131801489589699
80.0,19.44,-0.9884920010343353,0.010769226597939488,-0.1672468086209235,0.3060471132303777,0.0019144266097673788,0.15088188248705375,0.8420105982371738,0.41156914228598157
80.0,19.46,-0.9882868244722403,0.011879343830157362,-0.1654493462951772,0.3044256397754209,0.00210188603221553,0.1521349881217597,0.8437308123556956,0.40997202585999604
80.0,19.48,-0.988078071819906,0.012993121840558937,-0.16368304734034544,0.3028166625087644,0.002292912509469189,0.15339197352178463,0.8454203809932416,0.4083887326509341
80.0,19.5,-0.9878657036290382,0.01411089340553841,-0.16194712217684762,0.3012201869342684,0.0024875450882941063,0.15465286769871806,0.8470800062478894,0.4068192085197558
80.0,19.52,-0.9876496808062407,0.01523264600752737,-0.16024090533846166,0.2996361635903894,0.0026858209723966756,0.1559177199200376,0.8487103660266044,0.40526339524068244
80.0,19.54,-0.9874299642693272,0.0163583669198196,-0.1585637463293208,0.2980645430088679,0.002887780035175994,0.15718654609339006,0.850312134855677,0.4037212045999758
80.0,19.56,-0.9872065149487477,0.017488043205410624,-0.15691500563494087,0.2965052689838974,0.0030934657842148533,0.15845938204574617,0.8518859605323834,0.40219256225021993
80.0,19.58,-0.9869792882663199,0.01862183393334454,-0.1552940066394842,0.29495831273691997,0.003302914075624605,0.15973626610308042,0.8534324701997293,0.40067739295345356
80.0,19.6,-0.9867482468600712,0.019759725659230194,-0.15370018670108643,0.2934235843753758,0.0035161700649135957,0.16101725734236266,0.8549522751955922,0.3991756233343821
80.0,19.62,-0.9865133465641488,0.02090170458698148,-0.15213289577196304,0.2919010522187925,0.003733275206522965,0.16230234313493785,0.856445979982046,0.397687150095053
80.0,19.64,-0.9862745439253247,0.022047928919346756,-0.15059159614989717,0.29039062488380785,0.003954270754804248,0.16359160573614834,0.8579141581174754,0.39621190190743616
80.0,19.66,-0.9860317993953706,0.023198212199183454,-0.14907566314656068,0.2888922682671295,0.004179199730570696,0.1648850550468874,0.8593573790646948,0.39474977960956864
80.0,19.68,-0.9857850626325247,0.02435288408392246,-0.14758457943809936,0.2874058832962835,0.004408106680938197,0.16618274051512794,0.8607762020395809,0.3933006718155998
80.0,19.7,-0.9855342927872138,0.025511757564165356,-0.14611784613953605,0.2859313862698972,0.004641038745350931,0.16748467544179105,0.862171148520226,0.3918645153554626
80.0,19.72,-0.9852794474517187,0.026674817579657548,-0.14467486621851663,0.28446872627795855,0.0048780394884737855,0.1687909329027611,0.8635427523069301,0.390441191395004
80.0,19.74,-0.9850204722521305,0.02784239260272822,-0.14325515966550062,0.28301781254974623,0.005119154471518383,0.17010153030091363,0.864891520111532,0.3890305985264549
80.0,19.76,-0.9847573241275906,0.029014294801335837,-0.1418582146114731,0.28157859424203463,0.005364432822728756,0.17141648631210393,0.8662179396403822,0.38763265682541725
80.0,19.78,-0.9844899537204151,0.030190680012729794,-0.14048354857787382,0.2801509356908917,0.00561392327520758,0.17273588073753193,0.8675225017312249,0.38624724546917494
80.0,19.8,-0.9842183184229506,0.031371359964837135,-0.1391307126584832,0.2787347493660722,0.005867669775207792,0.1740597165530142,0.8688056818486891,0.3848742490968693
80.0,19.82,-0.9839423594324896,0.032556661492645765,-0.1377992433373659,0.27733002196032563,0.006125724920862702,0.17538805793091877,0.8700679257253884,0.38351358804424385
80.0,19.84,-0.9836620292282171,0.0337465674421122,-0.13648862248613686,0.2759366103131936,0.006388136990711186,0.17672091076893176,0.8713096859812305,0.38216514414791886
80.0,19.86,-0.9833772830134774,0.03494088862788125,-0.13519850054218646,0.2745544504032399,0.006654960970452822,0.17805836369637412,0.8725313942251622,0.3808288211657532
80.0,19.88,-0.9830880601978631,0.036139950596330045,-0.13392842455784978,0.2731833749941214,0.006926245865674637,0.17940040550627442,0.8737334780668248,0.379504498096798
80.0,19.9,-0.9827943135702895,0.03734356343877473,-0.13267793219323182,0.27182342053624914,0.007202044439374835,0.1807471084935603,0.8749163471504593,0.3781920776831505
80.0,19.92,-0.9824959822640279,0.038552051793985964,-0.13144669735360373,0.2704744032614672,0.007482411010967456,0.18209848468856335,0.8760804100439127,0.37689143957672994
80.0,19.94,-0.9821930235955285,0.03976505357158276,-0.1302342423505322,0.26913629440931236,0.0077674000709250296,0.18345461051535286,0.8772260523724439,0.37560248545596264
80.0,19.96,-0.9818853665030175,0.04098306386708324,-0.1290402555220312,0.26780891100088783,0.008057068487486049,0.18481552250852862,0.8783536571120417,0.37432511174398986
80.0,19.98,-0.9815729697140397,0.04220572004312708,-0.1278642893273378,0.26649225352287914,0.0083514688156631,0.18618121603500068,0.8794636029703422,0.373059190927562
80.0,20.0,-0.9812557709607019,0.0434331733500339,-0.1267060138162253,0.265186192147701,0.00865065909634034,0.18755179475655098,0.8805562453381655,0.37180463609294667
