Angle,Frequency_GHz,S11_TE_Re,S11_TE_Im,S11_TM_Re,S11_TM_Im,S21_TE_Re,S21_TE_Im,S21_TM_Re,S21_TM_Im
0.0,0.0,-4.2264893510431194e-07,-7.121969405566621e-06,-1.9755884561749048e-07,-6.838129605109689e-06,0.9999999999924051,-3.89737624476246e-06,0.9999998221368968,-3.992402778343899e-06
0.0,0.02,-5.680144580183299e-07,-0.00048399536309563974,-3.8986239601587073e-07,-0.00048296177446314906,0.9999997688372264,-0.000498353980100395,0.9999995208481766,-0.0004976297544813494
0.0,0.04,-1.1781553275052563e-06,-0.0009608736270700607,-1.0441142918649587e-06,-0.0009590912804776726,0.9999989227849192,-0.0009928105507399849,0.9999987500298161,-0.0009912702312909907
0.0,0.06,-2.253060033805775e-06,-0.0014377600656897362,-2.16029463603093e-06,-0.00143523001442529,0.9999976076506325,-0.0014872705056504368,0.9999975096529876,-0.001484917168040488
0.0,0.08,-3.79274387606928e-06,-0.0019146579437100467,-3.7384815024550594e-06,-0.0019113812406597703,0.9999958233652273,-0.0019817373176359366,0.9999957996744901,-0.001978573862301198
0.0,0.1,-5.797180670090109e-06,-0.0023915709753846094,-5.778636632509251e-06,-0.0023875480903245865,0.9999935698459491,-0.002476214110262093,0.9999936200368017,-0.0024722437860556544
0.0,0.12,-8.266422816349261e-06,-0.002868501931571461,-8.28087264788804e-06,-0.0028637340564916995,0.9999908469946237,-0.002970704722467572,0.9999909706687572,-0.0029659300446123233
0.0,0.14,-1.1200491972488983e-05,-0.0033454547958989005,-1.1245227228934253e-05,-0.003339942487078377,0.999987654700885,-0.0034652121901012226,0.9999878514839959,-0.0034596361968710827
0.0,0.16,-1.4599436552393476e-05,-0.00382243256441599,-1.4671788759419027e-05,-0.003816176829563794,0.999983992838102,-0.0039597402468585915,0.9999842623820936,-0.0039533656269718515
0.0,0.18,-1.8463397594660238e-05,-0.004299438543426334,-1.8560705139854085e-05,-0.004292440065991329,0.9999798612670936,-0.004454292102528255,0.9999802032489943,-0.004447121544261747
0.0,0.2,-2.2792394679966384e-05,-0.004776476062405955,-2.291202050146e-05,-0.004768736077097525,0.9999752598352926,-0.004948870966555295,0.9999756739563468,-0.004940907157790998
0.0,0.22,-2.758653023651724e-05,-0.005253548096704214,-2.772582328177791e-05,-0.005245067509958671,0.9999701883720248,-0.005443480746114087,0.9999706743610777,-0.0054347261998741745
0.0,0.24,-3.284595574587542e-05,-0.005730658996870367,-3.300231219676829e-05,-0.005721437724782141,0.9999646466982961,-0.005938124475325787,0.999965204304778,-0.0059285817043196205
0.0,0.26,-3.8570747176415186e-05,-0.0062078114452119035,-3.874154790116916e-05,-0.0061978507764787845,0.9999586346146736,-0.006432805711422866,0.9999592636166446,-0.006422477053608043
0.0,0.28,-4.4761094616144286e-05,-0.0066850092859740045,-4.494387040972191e-05,-0.006674308914269982,0.9999521519132305,-0.006927527836649809,0.9999528521119238,-0.006916415629785259
0.0,0.3,-5.1417034329073634e-05,-0.007162254670439314,-5.1609382706802826e-05,-0.007150816594412112,0.9999451983687668,-0.007422294058176844,0.9999459695871635,-0.007410400988925591
0.0,0.32,-5.853895936197291e-05,-0.007639552159673822,-5.8738148461219805e-05,-0.007627376290696273,0.9999377737417724,-0.007917108106212545,0.999938615831056,-0.007904436163039054
0.0,0.34,-6.612694944641763e-05,-0.008116904537347631,-6.633054031395353e-05,-0.008103991991106419,0.999929877777564,-0.008411973361296416,0.9999307906134818,-0.008398524707158227
0.0,0.36,-7.418120338210849e-05,-0.008594316095216688,-7.43867472936542e-05,-0.008580666666476194,0.999921510212502,-0.008906893028849464,0.9999224936908236,-0.008892669826673557
0.0,0.38,-8.27019275789409e-05,-0.00907178823801668,-8.290705647508533e-05,-0.009057403313325822,0.99991267076259,-0.009401870662643941,0.9999137248048809,-0.009386875075422255
0.0,0.4,-9.168926912255324e-05,-0.00954932626364988,-9.1891571523525e-05,-0.009534205962054754,0.999903359132398,-0.009896909641242142,0.9999044836860236,-0.009881143483017307
0.0,0.42,-0.00010114360943698469,-0.010026932840222168,-0.00010134049547093699,-0.010011076951879132,0.9998935750125285,-0.01039201334247468,0.9998947700423002,-0.010375478950972121
0.0,0.44,-0.00011106530678614042,-0.010504611055150541,-0.00011125439926057924,-0.010488021452006654,0.9998833180777144,-0.01088718531791837,0.9998845835781495,-0.01086988433298249
0.0,0.46,-0.00012145432611532441,-0.010982365521174653,-0.00012163348063472612,-0.010965041543155628,0.9998725879888934,-0.011382428769280748,0.9998739239760005,-0.011364363180041357
0.0,0.48,-0.0001323113049488515,-0.011460197643271202,-0.00013247791226406644,-0.011442139623877806,0.999861384394988,-0.011877747246519858,0.9998627909060479,-0.011858918867833674
0.0,0.5,-0.00014363632004628073,-0.011938111131511999,-0.0001437880770481753,-0.01191932060555026,0.9998497069258548,-0.012373144124127362,0.9998511840245234,-0.012353554771217886
0.0,0.52,-0.00015542963549936787,-0.012416112058441701,-0.00015556434658690126,-0.012396587697746108,0.9998375551997365,-0.012868622950243724,0.9998391029724857,-0.012848274089641964
0.0,0.54,-0.00016769184985908578,-0.012894199215049758,-0.00016780709540944466,-0.012873943816276177,0.9998249288217361,-0.013364187097542082,0.9998265473738405,-0.013343080545213801
0.0,0.56,-0.0001804230152591392,-0.013372380455803466,-0.00018051671069417889,-0.013351392354431335,0.9998118273795281,-0.013859839937669304,0.9998135168440448,-0.013837977161043404
0.0,0.58,-0.00019362376283114038,-0.01385065680961816,-0.0001936933300126468,-0.013828935611285653,0.9997982504491113,-0.01435558484128513,0.9998000109789253,-0.014332967482797115
0.0,0.6,-0.00020729427749160807,-0.01432903055598957,-0.00020733785674243712,-0.014306578985349917,0.9997841975910653,-0.014851425352511109,0.9997860293614308,-0.014828054880614158
0.0,0.62,-0.00022143504412564722,-0.014807508647623039,-0.00022145021440894442,-0.014784326189068924,0.9997696683497176,-0.015347364839811998,0.9997715715582373,-0.01532324272355604
0.0,0.64,-0.00023604644556025726,-0.015286090513601438,-0.0002360310252537353,-0.015262178244073577,0.9997546622577159,-0.015843406670561114,0.9997566371289547,-0.0158185343797116
0.0,0.66,-0.00025112898643510627,-0.01576478326423554,-0.0002510804371113067,-0.015740138632611103,0.9997391788320237,-0.016339554385479578,0.9997412256042554,-0.01631393321582221
0.0,0.68,-0.00026668306379305995,-0.01624358657619408,-0.0002665994451701782,-0.016218212297740054,0.9997232175672158,-0.01683581152395044,0.9997253365077416,-0.01680944259757736
0.0,0.7,-0.0002827091971078012,-0.016722507371319122,-0.00028258821829299394,-0.016696402478308905,0.9997067779679997,-0.017332181275458183,0.9997089693513406,-0.017305065889516975
0.0,0.72,-0.0002992075252679416,-0.017201547146198412,-0.0002990474995458443,-0.017174712473381603,0.99968985948537,-0.01782866752567962,0.9996921236336904,-0.01780080680404234
0.0,0.74,-0.0003161787981643209,-0.017680708717423693,-0.0003159771030356395,-0.01765314308068126,0.9996724615813877,-0.018325273112195554,0.9996747988449958,-0.018296667830661004
0.0,0.76,-0.00033362384476161045,-0.018159997051797588,-0.00033337847266382307,-0.01813170117390387,0.9996545837317994,-0.01882200104630556,0.9996569943962864,-0.018792654772534566
0.0,0.78,-0.0003515425178192384,-0.018639414798594753,-0.0003512514622420125,-0.01861038940048165,0.9996362253262022,-0.01931885608194392,0.999638709819367,-0.019288767150734427
0.0,0.8,-0.0003699359851803858,-0.01911896672929558,-0.0003695965297400165,-0.019089210341917642,0.9996173857904211,-0.01981584122720201,0.999619944485436,-0.01978501146360757
0.0,0.82,-0.0003888040161461139,-0.01959865223509439,-0.0003884148444659264,-0.01956816770782593,0.9995980644854108,-0.02031296123305444,0.9996006978346753,-0.020281390718954392
0.0,0.84,-0.00040814786433817496,-0.02007847806870035,-0.00040770657202481074,-0.02004726381146019,0.9995782608827238,-0.02081021561545838,0.9995809693026092,-0.020777906178009158
0.0,0.86,-0.000427968126777273,-0.020558450042239662,-0.0004274726356299335,-0.02052650428628882,0.9995579742941879,-0.02130761086730194,0.9995607582104404,-0.021274564334499358
0.0,0.88,-0.0004482648826257869,-0.021038566340235786,-0.0004477131594055752,-0.021005889574790968,0.9995372040448296,-0.021805151735043084,0.9995400639915393,-0.021771366447187177
0.0,0.9,-0.00046903871487025063,-0.02151883269699838,-0.0004684287797816407,-0.021485427878237248,0.999515949555061,-0.022302837729863904,0.9995188859755954,-0.022268317262097586
0.0,0.92,-0.0004902909297078716,-0.021999252291301643,-0.0004896206958863135,-0.021965117480766922,0.9994942100866542,-0.02280067533957372,0.999497223561891,-0.022765418034791898
0.0,0.94,-0.000512021712983693,-0.022479827565671347,-0.0005112891451821115,-0.022444963241800744,0.9994719849463303,-0.02329866756085065,0.9994750759904478,-0.023262675251990998
0.0,0.96,-0.0005342317223149201,-0.02296056521601278,-0.0005334347846203582,-0.022924971849159946,0.9994492734574072,-0.023796817389378815,0.9994524426353573,-0.02376009016601471
0.0,0.98,-0.0005569214872469737,-0.023441465966626877,-0.0005560584877222857,-0.023405141324014878,0.999426074890757,-0.024295127818210357,0.9994293227715884,-0.024257667516238757
0.0,1.0,-0.0005800924903957969,-0.02392253530218932,-0.0005791605683248295,-0.023885479757995057,0.999402388502077,-0.024793603583918057,0.9994057157276208,-0.024755408551192445
0.0,1.02,-0.0006037440315800847,-0.024403773427525546,-0.0006027419782184786,-0.024365987318247857,0.9993782135679159,-0.025292245931391732,0.9993816206967678,-0.02525331975072769
0.0,1.04,-0.0006278780793518668,-0.024885186928249124,-0.0006268038660254785,-0.024846670601859917,0.9993535492728597,-0.025791061337776727,0.9993570369938024,-0.025751402360124392
0.0,1.06,-0.0006524948551449182,-0.02536677890361249,-0.0006513463779454557,-0.025327529789617494,0.9993283948682248,-0.026290051044255042,0.9993319638159118,-0.02624966111092471
0.0,1.08,-0.0006775953870662836,-0.025848549806942525,-0.0006763702372468486,-0.025808571124729958,0.9993027494851231,-0.026789221523371525,0.999306400455253,-0.026748097244869925
0.0,1.1,-0.0007031800243398656,-0.026330507788405524,-0.000701876451362481,-0.026289793809850758,0.9992766124317687,-0.027288572269303032,0.9992803460238547,-0.02724671723346932
0.0,1.12,-0.0007292493358875524,-0.026812652480228173,-0.000727865847048051,-0.026771206392639104,0.9992499828253925,-0.027788108005615274,0.9992537997287078,-0.027745524058353635
0.0,1.14,-0.0007558049831177652,-0.027294988533414954,-0.0007543395546940742,-0.027252810559619044,0.9992228597963078,-0.028287833454472833,0.9992267608081568,-0.028244518955070342
0.0,1.16,-0.0007828471898250021,-0.027777518489124003,-0.0007812973135565259,-0.027734608863880763,0.9991952424418856,-0.02878775333534475,0.999199228397258,-0.028743706645403624
0.0,1.18,-0.0008103767307550784,-0.028260247862941453,-0.0008087413491790424,-0.028216606773816575,0.9991671300144125,-0.029287867134305486,0.9991712015866298,-0.02924309184810074
0.0,1.2,-0.0008383948601249482,-0.028743180995621488,-0.0008366713651385281,-0.028698805362567435,0.9991385215357389,-0.029788181310537242,0.9991426795722848,-0.029742675792463345
0.0,1.22,-0.0008669021973052824,-0.029226316582070797,-0.0008650891624699994,-0.029181209853181272,0.9991094161085007,-0.030288698832955385,0.9991136614417088,-0.030242463193637367
0.0,1.24,-0.0008958996618769962,-0.029709663331060832,-0.0008939944528118749,-0.029663822309213248,0.9990798128288758,-0.03078942266846202,0.9990841463030964,-0.03074245702018854
0.0,1.26,-0.0009253879640036598,-0.030193222530776956,-0.0009233894880843602,-0.03014664380553979,0.9990497107089648,-0.03129035752487823,0.9990541331921571,-0.031242661981996704
0.0,1.28,-0.0009553679806359171,-0.03067700071652402,-0.0009532742242379956,-0.0306296842592764,0.9990191088293973,-0.03179150636483095,0.9990236211900518,-0.03174308104305804
0.0,1.3,-0.0009858408469806002,-0.031160994944046186,-0.0009836499075178498,-0.031112944314820597,0.998988006241329,-0.032292872148131035,0.9989926093714785,-0.03224371716529996
0.0,1.32,-0.0010168080777063686,-0.031645213178299256,-0.0010145172751645512,-0.031596424836304864,0.9989564018977041,-0.03279445957482783,0.9989610967130149,-0.032744575050948084
0.0,1.34,-0.0010482693139317956,-0.032129656027668346,-0.0010458778528429165,-0.03208013359987253,0.9989242948226054,-0.033296271599837085,0.9989290823203247,-0.03324565591367557
0.0,1.36,-0.0010802266193914428,-0.03261433041008543,-0.0010777318088483758,-0.03256407023704198,0.998891684022135,-0.03379831117548381,0.9988965651552953,-0.03374696445126083
0.0,1.38,-0.0011126803612244091,-0.033099241932671275,-0.0011100807541003543,-0.03304824394899379,0.9988585684729119,-0.034300581251060135,0.9988635441583391,-0.03424850535864672
0.0,1.4,-0.0011456317231223927,-0.03358438637638925,-0.0011429258953592769,-0.03353265052361574,0.9988249470350846,-0.034803088260507806,0.9988300182975366,-0.034750281584197164
0.0,1.42,-0.0011790818885494606,-0.03406977595080114,-0.0011762671158742808,-0.03401729827669775,0.9987908187056562,-0.035305833404112905,0.9987959865689829,-0.035252296075166174
0.0,1.44,-0.0012130321522786304,-0.034555408117538246,-0.0012101071538225562,-0.03450219241237111,0.998756182388146,-0.03580882136755493,0.9987614479162862,-0.035754551774884555
0.0,1.46,-0.0012474828979473088,-0.03504128830479928,-0.0012444455313842865,-0.03498733048384975,0.9987210370338231,-0.03631205334521973,0.9987264011500032,-0.03625705511050807
0.0,1.48,-0.0012824349544307409,-0.03552741769250116,-0.0012792839771653553,-0.03547272164925966,0.9986853813684464,-0.03681553750264384,0.9986908453238094,-0.036759805534112115
0.0,1.5,-0.001317890684838798,-0.03601380489650856,-0.0013146233293070669,-0.035958366445323756,0.998649214426392,-0.03731927328729485,0.99865477920876,-0.037262809466907125
0.0,1.52,-0.001353850285234512,-0.036500449376844955,-0.0013504651727674949,-0.036444268317688856,0.9986125349325123,-0.037823267114553215,0.9986182017172067,-0.03776606984213674
0.0,1.54,-0.0013903154639969054,-0.0369873573385005,-0.0013868105931542957,-0.03693043348616076,0.9985753418102886,-0.0383275201686038,0.9985811116307123,-0.03826959133122047
0.0,1.56,-0.0014272866024641726,-0.03747453329078139,-0.0014236604593708944,-0.03741686212248294,0.9985376338331585,-0.038832037116405545,0.9985435078791504,-0.03877337511802472
0.0,1.58,-0.0014647651290403965,-0.037961975110476893,-0.0014610158843207804,-0.03790356069182743,0.9984994097645152,-0.039336822622017334,0.9985053892407937,-0.03927742586908388
0.0,1.6,-0.0015027524101574093,-0.03844969549132222,-0.0014988778987765539,-0.038390533198760436,0.9984606684042442,-0.039841879603009736,0.9984667544723792,-0.039781748247580365
0.0,1.62,-0.0015412497097363593,-0.03893768667389079,-0.0015372481048899615,-0.03887778068149135,0.9984214085456994,-0.040347210974223946,0.9984276023794136,-0.040286345170702134
0.0,1.64,-0.0015802578714198272,-0.039425964308043016,-0.0015761276808910218,-0.039365309844383606,0.998381628892902,-0.04085282138978661,0.9983879318320666,-0.040791217810401105
0.0,1.66,-0.0016197782620233706,-0.039914522591881885,-0.0016155181887899106,-0.039853119314241674,0.9983413282119875,-0.04135871375831678,0.9983477413747132,-0.04129637430452538
0.0,1.68,-0.0016598128553709961,-0.040403369919113495,-0.001655420215344308,-0.04034121752950189,0.9983005052395565,-0.041864890984652466,0.9983070298609226,-0.04180181581919227
0.0,1.7,-0.001700361887818416,-0.04089250602887089,-0.0016958346825543136,-0.04082960420408099,0.9982591585462655,-0.042371359454842016,0.998265796009937,-0.0423075452578835
0.0,1.72,-0.001741426686991206,-0.04138194019851779,-0.0017367636356395563,-0.0413182885726857,0.9982172869136534,-0.04287812032476875,0.998224038482716,-0.04281356726437499
0.0,1.74,-0.0017830096627467343,-0.041871672269805434,-0.001778208570867243,-0.041807265694940504,0.9981748889687941,-0.04338517823194154,0.9981817559186391,-0.04331988647875388
0.0,1.76,-0.0018251105296116104,-0.04236170667711745,-0.0018201703447366198,-0.04229654953863242,0.9981319633822804,-0.043892536067517224,0.9981389470769905,-0.04382650405269343
0.0,1.78,-0.0018677319176394697,-0.042852047324111985,-0.0018626496996775857,-0.042786134383323224,0.9980885087406438,-0.04440019846160038,0.9980956105477858,-0.04433342461865389
0.0,1.8,-0.001910874237198874,-0.043342697574027235,-0.0019056497083780341,-0.04327603328688293,0.9980445235973158,-0.04490817003988866,0.9980517448441658,-0.04484065454818008
0.0,1.82,-0.0019545403539567925,-0.04383366487201358,-0.0019491695680794521,-0.043766238869424996,0.9980000066426458,-0.04541645194043014,0.9980073487592205,-0.045348193240690185
0.0,1.84,-0.001998729624554556,-0.0443249457181875,-0.0019932123318412136,-0.04425676245061734,0.997954956426621,-0.045925048782976444,0.9979624207664148,-0.04585604706018631
0.0,1.86,-0.0020434450946275515,-0.0448165503951389,-0.002037779308735319,-0.04474760938328174,0.9979093713620882,-0.04643396692334623,0.9979169593719925,-0.046364220623595895
0.0,1.88,-0.002088687786589259,-0.045308477700875864,-0.0020828707287874073,-0.0452387785054194,0.9978632501988963,-0.04694320574811843,0.9978709633289751,-0.046872713319977576
0.0,1.9,-0.0021344583295476293,-0.04580073520561625,-0.002128489342026812,-0.04573027200340069,0.9978165912158619,-0.04745277334612187,0.9978244309774109,-0.0473815332434503
0.0,1.92,-0.002180759432341022,-0.04629332343970759,-0.0021746351611120645,-0.04622210102882466,0.99776939313903,-0.04796266909683545,0.9977773608563836,-0.047890683257882906
0.0,1.94,-0.0022275907668980314,-0.046786246399748314,-0.0022213113864225638,-0.04671425879838113,0.997721654226001,-0.048472901081602335,0.9977297515828469,-0.048400164482408796
0.0,1.96,-0.0022749562330636745,-0.047279511246203824,-0.002268519197723646,-0.047206763314118355,0.9976733730705294,-0.048983470412806325,0.9976816015146128,-0.048909983256956335
0.0,1.98,-0.002322855311335779,-0.04777311772531079,-0.002316258364660861,-0.04769960347326403,0.9976245481424707,-0.04949437993919278,0.997632909145297,-0.04942014243383456
0.0,2.0,-0.0023712912029379067,-0.04826707395581354,-0.0023645323371909895,-0.04819279276202979,0.9975751776845679,-0.05000563598585876,0.9975836728517808,-0.04993064660182927
0.0,2.02,-0.00242026424641211,-0.04876138018498693,-0.0024133423014779747,-0.04868633138681944,0.9975252602858935,-0.050517241400834176,0.9975338911577029,-0.05044149860828362
0.0,2.04,-0.0024697768925923133,-0.049256045062439975,-0.0024626887280407616,-0.04918022240696997,0.9974747941526946,-0.05102920075507126,0.9974835623073871,-0.050952703028651514
0.0,2.06,-0.0025198291948009995,-0.04975106321294067,-0.0025125748052752515,-0.049674471595446856,0.997423777948024,-0.05154151514841163,0.9974326849672535,-0.05146426096553045
0.0,2.08,-0.002570424509004511,-0.05024644312078965,-0.0025630010288964673,-0.05016908194900264,0.9973722095999699,-0.052054190875951915,0.9973812572081054,-0.05197618046959469
0.0,2.1,-0.0026215637726986203,-0.05074219630709279,-0.002613969774211331,-0.050664059051100795,0.9973200877804669,-0.05256723077669438,0.9973292775414392,-0.0524884608832533
0.0,2.12,-0.002673248624412408,-0.05123831354279129,-0.0026654815123266363,-0.0511594053877823,0.9972674104880124,-0.053080639396469814,0.9972767441315595,-0.053001110254755346
0.0,2.14,-0.0027254808666943462,-0.05173480556074084,-0.0027175392098431183,-0.051655119861955416,0.997214176284954,-0.05359442130720833,0.9972236553841504,-0.053514129659490886
0.0,2.16,-0.002778262152699651,-0.052231679842004324,-0.002770143931684846,-0.05215121582323013,0.9971603832233724,-0.05410857755911511,0.9971700096280333,-0.05402752365629657
0.0,2.18,-0.002831594558291879,-0.052728934235894635,-0.002823297748822528,-0.05264769112583577,0.9971060297551124,-0.054623114456666566,0.9971158049521638,-0.05454129678736348
0.0,2.2,-0.0028854793778163726,-0.053226568764153284,-0.0028770019517588806,-0.053144545793026646,0.9970511139365985,-0.055138034788196025,0.9970610397609347,-0.05505545186276698
0.0,2.22,-0.00293991776436681,-0.05372459801981107,-0.002931258625070693,-0.05364179434566213,0.9969956339500504,-0.05565334309044557,0.9970057123372501,-0.05556999168241843
0.0,2.24,-0.0029949128178457943,-0.05422302034647139,-0.002986069943250044,-0.054139435180835686,0.9969395881802036,-0.056169042162203926,0.9969498206467772,-0.056084922515757335
0.0,2.26,-0.003050464950793063,-0.05472183620545853,-0.0030414363162927682,-0.05463746876061572,0.9968829745618183,-0.05668513651873784,0.9968933629536664,-0.05660024715384998
0.0,2.28,-0.0031065772983258832,-0.0552210606557147,-0.0030973601581993086,-0.05513589742682118,0.9968257912638473,-0.057201632429891375,0.9968363375304424,-0.05711597013006063
0.0,2.3,-0.0031632507741762993,-0.0557206856151935,-0.0031538447644091907,-0.05563473833251643,0.9967680366147165,-0.05771852918877242,0.996778742395601,-0.057632094213867655
0.0,2.32,-0.0032204880900687455,-0.056220717459110656,-0.003210889836739435,-0.05613397891039669,0.9967097084351636,-0.05823583478283856,0.9967205756889856,-0.05814862392312995
0.0,2.34,-0.003278290146255267,-0.05672116472104482,-0.0032684989548651907,-0.05663364043903799,0.9966508050532996,-0.05875355024273251,0.9966618355401031,-0.058665563771133376
0.0,2.36,-0.003336659561304397,-0.05722203130148678,-0.0033266726309385524,-0.057133707308847315,0.9965913243577312,-0.05927168006041018,0.9966025200566675,-0.0591829165203435
0.0,2.38,-0.0033955987171461585,-0.05772331630650329,-0.0033854133641288875,-0.05763419824838997,0.9965312644665839,-0.05979023048262406,0.9965426272354748,-0.05970068666805926
0.0,2.4,-0.003455108493891514,-0.05822502730421561,-0.003444723657159313,-0.05813511417807877,0.9964706234555561,-0.060309202512917465,0.9964821551680795,-0.060218876967481585
0.0,2.42,-0.003515190082954277,-0.05872716017360835,-0.003504605127501457,-0.05863645773231521,0.9964093990787528,-0.06082860236767031,0.9964211017272858,-0.0607374936454599
0.0,2.44,-0.003575848059137069,-0.0592297325708609,-0.0035650590906585286,-0.059138226410546293,0.996347589412789,-0.06134843453277326,0.9963594649857342,-0.061256539445490046
0.0,2.46,-0.003637082853776155,-0.0597327438585928,-0.0036260888236864393,-0.05964043284022473,0.9962851926251142,-0.061868700004510516,0.9962972429014894,-0.06177601884535491
0.0,2.48,-0.0036988960058919424,-0.06023619481597359,-0.0036876952619169967,-0.060143084785926774,0.9962222064386721,-0.062389404984003145,0.9962344335309494,-0.06229593457903682
0.0,2.5,-0.0037612902108451756,-0.060740087648461144,-0.0037498802519638002,-0.06064617066048313,0.9961586287819804,-0.06291055218934827,0.9961710346994161,-0.062816291107296
0.0,2.52,-0.003824268740514994,-0.06124443311482724,-0.003812646407423728,-0.06114970814025811,0.9960944575807629,-0.06343214607953353,0.9961070442259418,-0.06333709463137079
0.0,2.54,-0.00388783090881187,-0.06174922970820903,-0.0038759962427560362,-0.06165369552211628,0.996029690524007,-0.0639541928394201,0.9960424601351981,-0.06385834612428541
0.0,2.56,-0.003951981928508776,-0.062254484055897855,-0.003939931757771308,-0.06215813962425904,0.9959643257388884,-0.06447669344053879,0.9959772803386608,-0.06438005003857494
0.0,2.58,-0.004016721294639431,-0.06276019744570653,-0.004004454606631028,-0.06266304159710188,0.9958983607797571,-0.06499965404964386,0.9959115025094191,-0.0649022125522841
0.0,2.6,-0.004082053409009269,-0.0632663795027705,-0.004069567002353445,-0.0631684111909711,0.9958317936449064,-0.06552307736625439,0.995845124534389,-0.06542483461573999
0.0,2.62,-0.0041479785751379035,-0.06377302695151194,-0.004135271441981865,-0.0636742449955549,0.9957646220958719,-0.06604696781538119,0.99577814406625,-0.06594792414145959
0.0,2.64,-0.0042145003444526066,-0.064280152296381,-0.004201568770135503,-0.06418054825141879,0.9956968436544431,-0.06657132980112371,0.9957105590893041,-0.06647148207667579
0.0,2.66,-0.004281619828786947,-0.06478774733572772,-0.004268463286437362,-0.0646873273451139,0.9956284562904836,-0.06709616775237645,0.9956423672362005,-0.06699551283170038
0.0,2.68,-0.004349341328689786,-0.06529583477318122,-0.0043359571933273555,-0.06519459018201558,0.9955594576228367,-0.06762148432413882,0.9955735662405274,-0.06752002256412164
0.0,2.7,-0.004417664515258065,-0.06580440144062231,-0.004404051151732212,-0.06570233856867456,0.9954898452549006,-0.06814728565632194,0.9955041537153605,-0.06804501392714703
0.0,2.72,-0.004486592910714791,-0.0663134576213889,-0.004472747668414976,-0.06621056770364907,0.9954196169009827,-0.06867357440004124,0.9954341274961943,-0.06857048958406259
0.0,2.74,-0.004556129669028545,-0.0668230073138317,-0.004542050911341717,-0.06671929676741596,0.9953487701415894,-0.0692003566832796,0.995363485164472,-0.06909645741256562
0.0,2.76,-0.004626276255044778,-0.06733306361431667,-0.004611960770118683,-0.06722851579292433,0.9952773026789089,-0.06972763340039924,0.9952922241968358,-0.06962291829529217
0.0,2.78,-0.0046970337893001025,-0.06784361754475403,-0.004682481112664788,-0.06773823877938098,0.9952052119506641,-0.0702554124044506,0.9952203425094569,-0.07014987663151197
0.0,2.8,-0.004768406911829756,-0.06835467643966357,-0.00475361368963066,-0.06824846553210355,0.9951324957562127,-0.07078369458610524,0.9951478374262324,-0.07067733851943432
0.0,2.82,-0.004840398034551137,-0.06886624901240529,-0.004825361523183503,-0.06875919675529865,0.9950591512793043,-0.07131248776949714,0.9950747065054093,-0.07120530657690849
0.0,2.84,-0.00491300790129467,-0.06937833730435966,-0.004897727664626393,-0.0692704501761616,0.994985176301855,-0.07184179283324606,0.9950009473916501,-0.07173378691385249
0.0,2.86,-0.004986239164407318,-0.06989093614495309,-0.0049707130214219596,-0.06978221285890798,0.9949105683499485,-0.07237161412365077,0.9949265575209165,-0.07226278038291001
0.0,2.88,-0.0050600968902892686,-0.0704040735570117,-0.005044320838439267,-0.0702945047790406,0.9948353246972871,-0.07290195770864911,0.9948515342760261,-0.07279229480966931
0.0,2.9,-0.005134580346722231,-0.07091773047986118,-0.005118553392244986,-0.07080731470653699,0.994759442731442,-0.07343282791289828,0.9947758752911436,-0.07332233279553464
0.0,2.92,-0.005209693644109444,-0.07143192089229572,-0.005193413564176522,-0.07132065668619901,0.9946829199438924,-0.07396422906295437,0.9946995779644687,-0.073852896919088
0.0,2.94,-0.005285438582692053,-0.07194664356921171,-0.005268903755236562,-0.07183453776595873,0.9946057538309695,-0.07449616373446916,0.9946226395268856,-0.07438399497753491
0.0,2.96,-0.005361819522514428,-0.07246191468683166,-0.00534502584642495,-0.07234895770984916,0.994527941636634,-0.07502863622407836,0.9945450575997145,-0.0749156278087193
0.0,2.98,-0.005438837841590993,-0.07297772659807467,-0.005421784325644877,-0.07286391690943664,0.994449480691335,-0.07556165257447742,0.994466829159848,-0.07544780317885995
0.0,3.0,-0.005516496219324353,-0.07349408916669725,-0.005499180609979254,-0.0733794253059358,0.9943703682149455,-0.0760952170682516,0.9943879519255435,-0.07598052192143881
0.0,3.02,-0.005594796796324838,-0.07401100480679174,-0.0055772161910491915,-0.0738954768030155,0.9942906016649065,-0.07662933225437088,0.9943084230966975,-0.07651379006186707
0.0,3.04,-0.005673743739710443,-0.07452848525472869,-0.005655895848750899,-0.07441209150833246,0.9942101781078763,-0.07716400413706026,0.9942282396298764,-0.07704761360042221
0.0,3.06,-0.005753338730216108,-0.07504652614838482,-0.005735221918474457,-0.0749292736938081,0.9941290949606225,-0.07769923699563364,0.9941473992168786,-0.07758199335089434
0.0,3.08,-0.005833585480826269,-0.0755651323404414,-0.00581519679188337,-0.07544701101190106,0.9940473493079157,-0.07823503333172559,0.9940658989083071,-0.07811693530845386
0.0,3.1,-0.00591448516608961,-0.07608430974677237,-0.005895822288570955,-0.07596531793677966,0.9939649381584957,-0.07877140087139901,0.9939837357403439,-0.07865244546048783
0.0,3.12,-0.005996042329059274,-0.07660405602493382,-0.005977102294406178,-0.07648420104057677,0.9938818589421028,-0.07930834038478289,0.9939009071493546,-0.07918852458249112
0.0,3.14,-0.00607825834963988,-0.07712439651982402,-0.006059040818243221,-0.07700366776460202,0.9937981085278091,-0.07984585957385061,0.993817409758323,-0.07972518210732622
0.0,3.16,-0.006161136574992584,-0.07764531282388988,-0.006141637874718802,-0.07752370878992014,0.9937136841873165,-0.08038396092894859,0.9937332413520212,-0.08026241707987347
0.0,3.18,-0.006244681914592705,-0.07816682279380611,-0.006224899694597346,-0.07804434184180116,0.9936285828152845,-0.08092264864915827,0.9936483985529395,-0.08080023717388383
0.0,3.2,-0.006328893870879528,-0.07868892762892916,-0.006308825050950729,-0.07856555907286907,0.9935428016110334,-0.08146192869716498,0.9935628784780721,-0.08133864660452512
0.0,3.22,-0.0064137774629482525,-0.0792116287544486,-0.006393420394015742,-0.07908737993743774,0.993456337473597,-0.08200180351300687,0.9934766782336275,-0.08187764957947148
0.0,3.24,-0.006499335061470027,-0.07973492847818715,-0.006478687370060424,-0.07960979775523111,0.9933691874644177,-0.08254227903453623,0.9933897946862763,-0.08241725027987995
0.0,3.26,-0.00658557126030284,-0.0802588389064834,-0.006564630560389285,-0.08013282461447821,0.9932813482872236,-0.08308336116293269,0.9933022250350269,-0.08295745290747686
0.0,3.28,-0.006672485798483435,-0.08078336410899163,-0.0066512489344076045,-0.08065645529285037,0.9931928170374417,-0.08362505233332358,0.9932139660106227,-0.08349826161815217
0.0,3.3,-0.006760085506652717,-0.0813085082626198,-0.006738550053275581,-0.0811807031271544,0.9931035906565528,-0.08416735670678135,0.9931250146437554,-0.08403968233140062
0.0,3.32,-0.006848370895672281,-0.08183426727301533,-0.006826535209497065,-0.08170557343648407,0.9930136656651766,-0.08471028189288621,0.9930353676407411,-0.08458171918648846
0.0,3.34,-0.006937346945242405,-0.08236065622762143,-0.00691520637195519,-0.08223106265303817,0.9929230392750257,-0.0852538285695481,0.9929450219257681,-0.08512437633375158
0.0,3.36,-0.0070270142779136156,-0.08288767231099453,-0.007004569239926507,-0.08275717695029211,0.9928317082452884,-0.08579800260628434,0.9928539742626468,-0.08566765964830281
0.0,3.38,-0.007117378703917526,-0.08341532240859376,-0.007094623850212868,-0.08328392368966492,0.992739669055472,-0.0863428115865301,0.9927622215871539,-0.08621157152116656
0.0,3.4,-0.007208442622879534,-0.08394362414662086,-0.007185376097982328,-0.08381131045398882,0.9926469186589111,-0.08688825614397529,0.9926697605251774,-0.08675611780064847
0.0,3.42,-0.0073002081101513775,-0.08447255696216904,-0.007276828253558769,-0.08433933607318547,0.9925534536621794,-0.08743434211189864,0.9925765879545788,-0.08730130260360411
0.0,3.44,-0.007392681492404808,-0.08500214920790687,-0.007368984327425282,-0.08486801939612801,0.9924592707713972,-0.08798107532448604,0.9924827002461781,-0.08784713174047314
0.0,3.46,-0.0074858613809775,-0.08553239144746978,-0.007461845024374342,-0.08539734091406824,0.9923643667181609,-0.08852845986469574,0.9923880945217294,-0.08839360758856532
0.0,3.48,-0.007579754700938072,-0.0860632837477883,-0.007555417489625865,-0.08592732042443177,0.9922687378804076,-0.08907649977603964,0.992292766973136,-0.08894073767239026
0.0,3.5,-0.007674364259430845,-0.08659484712269934,-0.00764970128055229,-0.08645795931703726,0.9921723809257363,-0.08962520086548173,0.9921967144708316,-0.0894885243314012
0.0,3.52,-0.007769694217598798,-0.08712708324572953,-0.007744702896389758,-0.08698926896477488,0.9920752925500617,-0.09017456718889717,0.9920999334496107,-0.0900369733496899
0.0,3.54,-0.007865744862084821,-0.08765998446706687,-0.007840425050043821,-0.08752125166943556,0.9919774690956863,-0.0907246027619831,0.9920024203295101,-0.09058609050161726
0.0,3.56,-0.007962522904607848,-0.088193563293484,-0.00793686959612051,-0.0880539000995804,0.9918789070322044,-0.0912753150951251,0.9919041719481035,-0.09113587809984167
0.0,3.58,-0.008060032136092033,-0.08872783325443163,-0.008034041797795346,-0.08858722744440203,0.9917796027203296,-0.09182670644282201,0.9918051844273542,-0.09168634362076362
0.0,3.6,-0.008158272076371726,-0.08926277795116923,-0.00813194550374439,-0.08912124778623838,0.9916795529233836,-0.09237878083422274,0.9917054544677278,-0.09223748934798313
0.0,3.62,-0.008257250682885308,-0.08979842193776712,-0.008230581209122964,-0.08965595546986392,0.9915787537267068,-0.09293154571883278,0.9916049783244782,-0.09278932100718816
0.0,3.64,-0.008356971064756536,-0.09033477026077898,-0.008329956644886833,-0.09019135492365474,0.991477201523251,-0.09348500507420576,0.9915037523521865,-0.09334184432452085
0.0,3.66,-0.008457432863248217,-0.0908718077162318,-0.008430071801478693,-0.09072745181538254,0.9913748927449456,-0.0940391611270963,0.9914017729402738,-0.0938950632748853
0.0,3.68,-0.008558644383909568,-0.09140956078931255,-0.008530933032620303,-0.09126425175976587,0.9912718233844694,-0.09459402303713493,0.9912990363023061,-0.09444898355361799
0.0,3.7,-0.008660607968787062,-0.0919480255244022,-0.008632542028902764,-0.09180176134186298,0.9911679897958712,-0.09514959475153503,0.9911955389685763,-0.09500360738564134
0.0,3.72,-0.008763324369804542,-0.09248719840817263,-0.008734903737241605,-0.09233998738525226,0.9910633882609629,-0.09570587845586101,0.9910912766809761,-0.09555894389489616
0.0,3.74,-0.008866802862536669,-0.09302709702818966,-0.00883802219716194,-0.09287892655347178,0.9909580151747863,-0.09626287982939005,0.9909862461115971,-0.09611499355606842
0.0,3.76,-0.008971043759830552,-0.09356772975412715,-0.008941901941054858,-0.09341859746479228,0.990851866177932,-0.09682060621481413,0.9908804430855929,-0.09667176548242483
0.0,3.78,-0.009076050213588292,-0.09410908337426889,-0.00904654286111735,-0.09395898723922,0.9907449375743306,-0.09737906151779165,0.9907738640256997,-0.09722926010647887
0.0,3.8,-0.00918182962332048,-0.09465118831127274,-0.009151952902276743,-0.09450011521729211,0.990637225542714,-0.0979382496225797,0.9906665048402248,-0.09778748653061776
0.0,3.82,-0.009288382596141004,-0.095194021399621,-0.00925813476415048,-0.09504197996763403,0.9905287259647514,-0.09849817612045267,0.9905583613593203,-0.09834644860193302
0.0,3.84,-0.009395714000800916,-0.09573760337158535,-0.009365092257510607,-0.09558459137211602,0.9904194349351731,-0.09905884661397249,0.9904494301449435,-0.09890614848455365
0.0,3.86,-0.00950382942559382,-0.09628194452155853,-0.009472828186265578,-0.09612794880724279,0.9903093481915508,-0.09962026666021491,0.9903397067152746,-0.09946659521288734
0.0,3.88,-0.009612728989662086,-0.09682703374306871,-0.009581349867745234,-0.09667206275977629,0.9901984619201657,-0.10018243835941676,0.9902291869753939,-0.10002779261185002
0.0,3.9,-0.00972242291721742,-0.09737289295728,-0.009690656880021109,-0.09721693375392544,0.9900867717107402,-0.10074537072533803,0.9901178671612832,-0.10058974452992259
0.0,3.92,-0.009832909745819202,-0.0979195119246337,-0.009800758423659848,-0.09776257305026523,0.9899742737232885,-0.10130906583563648,0.990005742979205,-0.10115245649807304
0.0,3.94,-0.009944195371717384,-0.09846690264588061,-0.009911653043406809,-0.09830897069014857,0.9898609634632096,-0.10187353092882762,0.9898928103483188,-0.10171593405860176
0.0,3.96,-0.010056285822491866,-0.09901507769348925,-0.010023349561586164,-0.09885615024943627,0.9897468368884008,-0.10243876978734069,0.9897790648953232,-0.1022801809675713
0.0,3.98,-0.01016918318010273,-0.09956402746718253,-0.0101358483176041,-0.09940410232005539,0.9896318895378898,-0.10300478788588242,0.9896645022670801,-0.10284520621015554
0.0,4.0,-0.010282893070961661,-0.10011377702510113,-0.010249158378904505,-0.099952851567965,0.9895161174581544,-0.10357158899526916,0.9895491185340155,-0.10341101007531958
0.0,4.02,-0.010397419438692813,-0.10066431731844795,-0.010363280759815617,-0.10050237756325785,0.989399515683457,-0.10413918200773052,0.9894329089698634,-0.10397760148819749
0.0,4.04,-0.010512765704441322,-0.1012156512123313,-0.010478219478782915,-0.10105270642739106,0.9892820802977313,-0.10470756893048704,0.9893158695551473,-0.10454498245310248
0.0,4.06,-0.010628935338546074,-0.10176778191340857,-0.010593980331784452,-0.10160382949053674,0.9891638067124696,-0.1052767569271851,0.9891979956431883,-0.10511316188144444
0.0,4.08,-0.010745937907868996,-0.10232073615767392,-0.010710566306329885,-0.1021557622397598,0.9890446903478187,-0.10584674965898536,0.9890792828464174,-0.10568214171687547
0.0,4.1,-0.010863771032018944,-0.10287449490456009,-0.010827984588348459,-0.10270850837939609,0.9889247269963423,-0.10641755256158732,0.9889597266692371,-0.10625192911832686
0.0,4.12,-0.010982445017478842,-0.10342907373449915,-0.010946235827620443,-0.10326206063144878,0.9888039116792706,-0.10698917272257558,0.9888393226281025,-0.10682252774277695
0.0,4.14,-0.011101961322288245,-0.10398448977965151,-0.01106532808119694,-0.10381644729358427,0.9886822400018019,-0.1075616137885871,0.9887180660810616,-0.10739394471066091
0.0,4.16,-0.011222324861285177,-0.10454072390966981,-0.01118526263853634,-0.10437164965086486,0.9885597071803793,-0.10813488284455976,0.988595952327661,-0.1079661853783332
0.0,4.18,-0.011343540823336613,-0.10509779351810238,-0.011306047774267034,-0.10492769695764778,0.9884363086777931,-0.10870898349840734,0.9884729769554522,-0.10853925337587185
0.0,4.2,-0.011465614512504748,-0.10565571661513862,-0.011427684868913488,-0.10548457095392048,0.9883120397548188,-0.10928392107012999,0.9883491349322249,-0.10911315574570282
0.0,4.22,-0.011588551055496325,-0.10621447474147062,-0.011550181091621769,-0.10604228965297274,0.988186895465183,-0.10985970259065189,0.9882244218169667,-0.10968789609109784
0.0,4.24,-0.011712352197217947,-0.10677408696726917,-0.011673540564449907,-0.10660085961184437,0.9880608712287468,-0.11043633162716088,0.9880988324662173,-0.11026348316363266
0.0,4.26,-0.011837023982425084,-0.10733456002834453,-0.011797766114925471,-0.10716027541761745,0.9879339619527826,-0.11101381516952082,0.9879723625666557,-0.11083991706477785
0.0,4.28,-0.01196257444354056,-0.10789590081355058,-0.011922865203583351,-0.10772055636471971,0.9878061630284533,-0.11159215675714368,0.9878450067487091,-0.11141720824192358
0.0,4.3,-0.01208900468774559,-0.10845810471342557,-0.012048842177168296,-0.10828171011293566,0.9876774690207948,-0.11217136506183434,0.9877167602834849,-0.11199536021725828
0.0,4.32,-0.012216321004882385,-0.10902117936861075,-0.012175700048897705,-0.10884373216583443,0.9875478752891819,-0.11275144359400424,0.9875876182342881,-0.11257437822309733
0.0,4.34,-0.012344529302154794,-0.10958514562015849,-0.012303445661929799,-0.10940661771570935,0.9874173766427181,-0.11333239753486893,0.9874575753378659,-0.11315426918764727
0.0,4.36,-0.012473633231470766,-0.11014998668697158,-0.012432084485417763,-0.10997040068997965,0.9872859680173692,-0.1139142338129123,0.9873266269359152,-0.11373503660309152
0.0,4.38,-0.012603638858454419,-0.1107157241006833,-0.012561620213724268,-0.1105350645844869,0.9871536441883927,-0.11449695757873742,0.9871947676186861,-0.11431668735456782
0.0,4.4,-0.01273454945035174,-0.11128235441439747,-0.012692057518399275,-0.11110061855335493,0.9870204001429401,-0.11508057399403633,0.9870619922712035,-0.11489922660143963
0.0,4.42,-0.012866375156360856,-0.1118498996125017,-0.012823403094821054,-0.11166707191298783,0.9868862305117819,-0.11566508816558699,0.9869282958766867,-0.11548265950120379
0.0,4.44,-0.012999114004887673,-0.11241834439148717,-0.012955661795563487,-0.11223443458527324,0.9867511300482438,-0.11625050694665817,0.9867936726568617,-0.116066994600843
0.0,4.46,-0.013132776784855346,-0.11298769820465648,-0.013088837044427364,-0.11280270389621537,0.9866150934627268,-0.11683683542554597,0.9866581180786873,-0.1166522335951074
0.0,4.48,-0.013267368083547861,-0.11355798487086677,-0.013222936240629727,-0.11337187684164358,0.9864781151316354,-0.11742408038295996,0.9865216263063346,-0.11723838325015955
0.0,4.5,-0.013402889954738255,-0.1141291892246103,-0.013357965529228015,-0.11394199058495996,0.986340189731352,-0.11801224687458135,0.9863841918467646,-0.11782545210397515
0.0,4.52,-0.013539351531314976,-0.11470132191088378,-0.013493929005636127,-0.1145130300158195,0.9862013120362622,-0.11860133995374537,0.9862458096691473,-0.11841344175103063
0.0,4.54,-0.013676756074214525,-0.11527439467194808,-0.013630830324575616,-0.11508499337598979,0.9860614761429981,-0.11919136632407325,0.9861064736969072,-0.11900236237684793
0.0,4.56,-0.0138151129557667,-0.11584841893900426,-0.013768678784934976,-0.11565789188042806,0.9859206767917676,-0.11978233100559679,0.9859661789827855,-0.11959221555721991
0.0,4.58,-0.013954422406798601,-0.11642338045221994,-0.013907477338657406,-0.11623175148118425,0.9857789080430339,-0.12037424066738842,0.9858249196196412,-0.12018300972219301
0.0,4.6,-0.014094691488062349,-0.11699930500278609,-0.014047230695613186,-0.11680654404860795,0.9856361644892293,-0.12096710028182071,0.9856826901954286,-0.12077474810831058
0.0,4.62,-0.014235930293149865,-0.1175761912380749,-0.014187947611843901,-0.11738230911342193,0.9854924399424071,-0.12156091820278084,0.9855394844394207,-0.12136744081649571
0.0,4.64,-0.014378138752180204,-0.11815403917628638,-0.014329632523924841,-0.11795903257511868,0.9853477289438641,-0.12215569761949062,0.9853952970178286,-0.12196109106226005
0.0,4.66,-0.014521324630452795,-0.11873286191187012,-0.014472289468090788,-0.11853671410444662,0.9852020257083919,-0.1227514451580344,0.9852501222580385,-0.12255570375066896
0.0,4.68,-0.014665497910311609,-0.11931267268880877,-0.014615925873791511,-0.11911538094771264,0.9850553243059869,-0.12334816566451376,0.985103953928554,-0.1231512871939685
0.0,4.7,-0.014810656970833752,-0.11989345857626889,-0.014760550111505755,-0.11969503295865379,0.9849076184823258,-0.12394586916675404,0.9849567863193627,-0.12374784626076767
0.0,4.72,-0.014956814030712804,-0.12047523298347099,-0.014906162649479793,-0.12027565705623279,0.9847589024747901,-0.12454455700679934,0.9848086132610155,-0.12434538749232564
0.0,4.74,-0.015103970964717718,-0.1210580110284978,-0.015052773296932347,-0.12085728127246502,0.9846091701017391,-0.1251442391887188,0.9846594290091413,-0.12494391572088441
0.0,4.76,-0.015252138525865542,-0.1216417929383988,-0.015200386451392555,-0.12143990662265251,0.9844584152375743,-0.1257449187219909,0.9845092273578561,-0.1255434374503137
0.0,4.78,-0.015401316956798982,-0.1222265804102282,-0.0153490086735087,-0.12202353401108686,0.9843066319843711,-0.12634660212095353,0.9843580021948233,-0.12614395917953292
0.0,4.8,-0.015551516817178748,-0.12281238837387638,-0.01549864624328854,-0.12260817887613602,0.9841538136360485,-0.1269492975256788,0.9842057471611972,-0.12674548735895302
0.0,4.82,-0.01570274489163497,-0.12339921823539676,-0.015649308043636095,-0.12319384235586799,0.9839999542476663,-0.12755300966403574,0.9840524559916399,-0.1273480284336396
0.0,4.84,-0.015855003714481543,-0.12398707210532442,-0.015800994775444346,-0.12378051230527007,0.9838450471817412,-0.1281577449034049,0.9838981225109628,-0.1279515870968417
0.0,4.86,-0.016008302007921502,-0.12457596605134294,-0.0159537165831519,-0.12436823347722839,0.9836890862340454,-0.12876350964954553,0.9837427405304838,-0.12855616976918088
0.0,4.88,-0.016162646783721618,-0.12516590215612958,-0.016107478950469437,-0.12495697910811433,0.9835320648405788,-0.12937031024359685,0.9835863033885345,-0.12916178279196522
0.0,4.9,-0.0163180429397189,-0.12575688294261714,-0.01626228857540332,-0.1255467659663061,0.9833739764174475,-0.12997815300578994,0.9834288042904044,-0.1297684342167698
0.0,4.92,-0.01647449761951866,-0.126348910813732,-0.016418150377209166,-0.12613759673668024,0.9832148145887473,-0.13058704251927775,0.9832702374395152,-0.13037612696976505
0.0,4.94,-0.016632015533193847,-0.1269420035255708,-0.016575071224600144,-0.1267294888629724,0.9830545722759234,-0.1311969884944125,0.9831105955472691,-0.1309848707471126
0.0,4.96,-0.01679060843522502,-0.12753616343365298,-0.016733060618938277,-0.12732244498926581,0.9828932432920959,-0.13180799375609684,0.9829498720989526,-0.1315946700894085
0.0,4.98,-0.016950277066852468,-0.12813139451150773,-0.01689212372289768,-0.1279164684990576,0.9827308202881384,-0.13242006794029668,0.9827880603290038,-0.13220553297775733
0.0,5.0,-0.01711103533446526,-0.1287277142554677,-0.01705226798663316,-0.12851156265130634,0.982567296809262,-0.13303321554446584,0.9826251539166639,-0.13281746219532523
0.0,5.02,-0.01727288212654417,-0.12932511230702456,-0.017213498422335608,-0.1291077463330621,0.9824026659253874,-0.13364744272929946,0.9824611453719995,-0.1334304673337979
0.0,5.04,-0.017435831573028412,-0.12992360662580207,-0.017375820648168363,-0.12970500842115873,0.9822369203390338,-0.13426275733191453,0.9822960279838264,-0.1340445545773886
0.0,5.06,-0.01759988260936041,-0.1305231870723369,-0.01753924660936209,-0.1303033673806126,0.9820700535384899,-0.13487916378390155,0.982129794794681,-0.13465973005738124
0.0,5.08,-0.017765049350212073,-0.13112388748103332,-0.017703779566310775,-0.13090282796400712,0.9819020578344991,-0.13549667157467093,0.9819624389501301,-0.13527599815300492
0.0,5.1,-0.01793133770414722,-0.1317256972137584,-0.01786942508247537,-0.1315033948037154,0.9817329265725311,-0.13611528332970024,0.981793952981576,-0.1358933683779081
0.0,5.12,-0.018098751060957066,-0.13232862139220286,-0.018036195688905868,-0.13210507176928366,0.9815626521194253,-0.1367350102507369,0.9816243297552175,-0.13651184677822453
0.0,5.14,-0.018267299780505238,-0.1329326643762967,-0.01820409251342025,-0.13270786446657024,0.9813912272027849,-0.13735585658257024,0.9814535622435518,-0.13713143764796892
0.0,5.16,-0.018436991821123447,-0.13353784670435218,-0.018373128074425125,-0.1333117927742727,0.9812186446327448,-0.1379778283068873,0.9812816429080904,-0.137752150428246
0.0,5.18,-0.018607833131337705,-0.13414417393545994,-0.018543305959806907,-0.13391686256454163,0.9810448969573842,-0.13860093309382585,0.9811085643256394,-0.1383739910618612
0.0,5.2,-0.018779829904966218,-0.1347516359746764,-0.01871463700732952,-0.13452306311468715,0.9808699766044565,-0.13922517682832644,0.980934319165947,-0.13899696548321183
0.0,5.22,-0.01895299490117969,-0.1353602693753909,-0.018887124899234397,-0.1351304004509492,0.9806938757193764,-0.13985056882582045,0.980758899722062,-0.13962108129808892
0.0,5.24,-0.01912732995743456,-0.13597004914710162,-0.01906077789545332,-0.13573889609542275,0.9805165871735824,-0.14047711149706044,0.9805822988650645,-0.140246342679597
0.0,5.26,-0.019302843637395248,-0.1365809810407901,-0.019235609153343144,-0.1363485713698411,0.9803381027087098,-0.14110481580127973,0.9804045082410136,-0.14087276058955542
0.0,5.28,-0.01947954669708749,-0.13719310291683523,-0.019411615945267947,-0.13695938598937885,0.9801584149097213,-0.14173368580966741,0.9802255204506582,-0.1415003391174429
0.0,5.3,-0.01965744573198236,-0.13780640545382622,-0.019588816052014967,-0.13757139303570998,0.9799775156004369,-0.1423637307001705,0.9800453279438216,-0.14212908405533572
0.0,5.32,-0.019836547228341404,-0.13842089551341835,-0.01976721371941512,-0.13818458365977646,0.9797953969620646,-0.14299495618579344,0.9798639220642241,-0.14275900625117355
0.0,5.34,-0.02001686016187503,-0.13903657980434697,-0.019946813173966862,-0.13879894892649797,0.9796120511557066,-0.14362736795325445,0.9796812957120938,-0.14339010802284544
0.0,5.36,-0.020198391289750664,-0.1396534491422574,-0.020127630440779896,-0.13941452726422526,0.9794274697060057,-0.14426097506505675,0.979497440181074,-0.1440224001630413
0.0,5.38,-0.020381149536089938,-0.14027154340390421,-0.02030966517750982,-0.1400312944185137,0.9792416447271916,-0.14489578315267954,0.979312347854155,-0.14465588661357456
0.0,5.4,-0.020565146749610123,-0.14089085315096952,-0.020492931338971003,-0.14064927328474902,0.9790545678338524,-0.14553179949604841,0.9791260101123994,-0.14529057638411721
0.0,5.42,-0.020750387401214442,-0.14151138656385892,-0.02067743333995096,-0.14126847203672716,0.978866230841464,-0.1461690313798578,0.9789384187880826,-0.14592647677933154
0.0,5.44,-0.02093687605714425,-0.14213313530954946,-0.020863183049299867,-0.1418888979712307,0.9786766248338562,-0.14680748770081206,0.978749565606559,-0.14656359331666635
0.0,5.46,-0.021124629605445727,-0.1427561227369887,-0.021050185093651422,-0.14251054289048268,0.9784857418633138,-0.1474471722350262,0.9785594422415879,-0.14720193322727324
0.0,5.48,-0.021313652709313836,-0.14338037450760963,-0.021238448973648082,-0.14313343147253163,0.978293573191039,-0.14808809385413893,0.9783680401169887,-0.14784150367923835
0.0,5.5,-0.021503950254839085,-0.14400584898551255,-0.021427986898906716,-0.14375757158965327,0.9781001101960658,-0.14873025967454284,0.9781753502602863,-0.14848231350098007
0.0,5.52,-0.021695536962817574,-0.14463260451709925,-0.02161880371006736,-0.14438295542711763,0.9779053440076312,-0.1493736767480594,0.97798136478864,-0.14912436642006158
0.0,5.54,-0.02188842036356873,-0.14526061614106248,-0.021810906744336438,-0.14500959178525888,0.9777092656937804,-0.15001835383650367,0.9777860739335615,-0.14976767458371554
0.0,5.56,-0.0220826054147558,-0.14588991043106592,-0.022004308488315208,-0.14563750605679174,0.977511866857141,-0.15066429451679342,0.977589469914008,-0.15041223993573596
0.0,5.58,-0.022278102243692584,-0.1465204619387252,-0.02219901908178102,-0.1462667072816701,0.9773131378768776,-0.1513115108833037,0.9773915427931484,-0.15105807454196993
0.0,5.6,-0.022474926239206633,-0.14715233069026232,-0.022395041065573846,-0.14689717126548074,0.9771130700825128,-0.15196000641552596,0.9771922843701423,-0.15170518197433208
0.0,5.62,-0.022673080058697146,-0.14778547531681693,-0.02259238725561887,-0.14752892400633438,0.9769116543265153,-0.15260978973113212,0.9769916850273406,-0.15235357254453333
0.0,5.64,-0.022872571562055227,-0.1484199229239494,-0.022791070681731355,-0.1481619919936188,0.976708880982252,-0.15326086934407132,0.9767897358021637,-0.15300325139723947
0.0,5.66,-0.02307341654181399,-0.14905569993101958,-0.022991094052747494,-0.14879635121947718,0.9765047409999983,-0.1539132520825478,0.9765864274005954,-0.1536542270901508
0.0,5.68,-0.023275617790204907,-0.1496927823505179,-0.023192467923104112,-0.14943201131169276,0.9762992254176607,-0.15456694476007116,0.9763817497124934,-0.1543065080228844
0.0,5.7,-0.023479188650253578,-0.15033117962198153,-0.0233952030480699,-0.15006899978703897,0.9760923232916808,-0.15522195559328858,0.9761756958829337,-0.15496009784022802
0.0,5.72,-0.023684137460040784,-0.15097091999675785,-0.023599310273731747,-0.15070732691227362,0.9758840256727694,-0.15587829308326592,0.9759682532529006,-0.15561500971905112
0.0,5.74,-0.023890475235023058,-0.15161201396718554,-0.023804797835859752,-0.15134698573640123,0.9756743240158676,-0.15653596227387406,0.9757594127166409,-0.15627124513951812
0.0,5.76,-0.024098207574127076,-0.15225443717597428,-0.024011674006770733,-0.15198796922111732,0.9754632066861366,-0.15719497292351847,0.9755491668840375,-0.15692881630877156
0.0,5.78,-0.02430734841293282,-0.15289821769148995,-0.02421995279661385,-0.15263032337979401,0.9752506659356421,-0.1578553318897985,0.975337503534691,-0.1575877293890668
0.0,5.8,-0.024517911917394938,-0.15354338408792803,-0.02442963724639413,-0.15327402445637475,0.9750366892232945,-0.1585170469721515,0.9751244135176447,-0.15824799274925433
0.0,5.82,-0.02472989571624932,-0.15418989530422686,-0.024640741340463353,-0.15391908290802386,0.9748212684702224,-0.1591801266592171,0.9749098868069879,-0.15890961283918234
0.0,5.84,-0.024943319657234564,-0.15483779745276746,-0.02485327671003121,-0.15456552805062332,0.9746043924793657,-0.1598445771546402,0.9746939130739672,-0.15957259777355545
0.0,5.86,-0.025158192747730013,-0.1554871025165113,-0.025067252114115316,-0.1552133535486512,0.9743860505917589,-0.1605104082082937,0.9744764819608324,-0.16023695562901547
0.0,5.88,-0.02537452369779031,-0.1561377858702861,-0.02528267635243292,-0.1558625529819293,0.9741662340801558,-0.16117762461482024,0.9742575844832743,-0.16090269292872
0.0,5.9,-0.025592321834217342,-0.156789877982338,-0.02549955867349119,-0.15651315677380354,0.9739449305415051,-0.16184623926281827,0.9740372088247491,-0.16156981918984203
0.0,5.92,-0.025811596187817556,-0.15744337271381287,-0.02571791648776026,-0.15716517600337973,0.9737221314745094,-0.1625162551714947,0.9738153456613898,-0.1622383425600221
0.0,5.94,-0.026032364585414493,-0.15809829979087012,-0.02593775343642777,-0.15781860557757219,0.9734978246959964,-0.16318768344808074,0.9735919836816727,-0.1629082690764956
0.0,5.96,-0.026254633559888562,-0.1587546538059734,-0.026159078644543695,-0.15847343943764264,0.9732719988431386,-0.16386053005791365,0.9733671106940608,-0.16357960983210865
0.0,5.98,-0.026478412691271554,-0.15941244763706958,-0.02638191316967239,-0.15912972594230643,0.9730446441957102,-0.16453480470031365,0.973140719263894,-0.164252367948825
0.0,6.0,-0.026703714174949784,-0.1600716750368926,-0.026606254786133487,-0.15978742367133908,0.9728157504550573,-0.16521051344994708,0.9729127957316804,-0.16492655594839986
0.0,6.02,-0.026930544982311413,-0.16073234957466367,-0.026832122061026347,-0.16044658197118417,0.9725853041897841,-0.16588766705308128,0.9726833297923619,-0.16560217989205495
0.0,6.04,-0.02715892653713924,-0.16139450175822254,-0.027059527385388797,-0.16110719490046074,0.9723532961622322,-0.1665662716898144,0.9724523105357787,-0.16627924919656634
0.0,6.06,-0.027388859840238162,-0.16205810853122124,-0.02728848073846931,-0.16176927599752233,0.972119714286725,-0.16724633651215928,0.9722197264810847,-0.1669577696503573
0.0,6.08,-0.027620360961379226,-0.16272320172055138,-0.027518989038339263,-0.1624328203397909,0.9718845467374575,-0.16792786892974204,0.9719855663650597,-0.16763775228153222
0.0,6.1,-0.027853439818699664,-0.16338977606272173,-0.027751068092932586,-0.16309784074841085,0.9716477824844978,-0.1686108781973457,0.9717498186480117,-0.16831920279164136
0.0,6.12,-0.028088109613450055,-0.16405784510123733,-0.027984724973974046,-0.16376433237651014,0.9714094096406156,-0.1692953716357865,0.9715124722950963,-0.16900213042480566
0.0,6.14,-0.028324383705029984,-0.16472742260660775,-0.02821997650259485,-0.1644323471055114,0.971169417111438,-0.16998135841115555,0.9712735140006575,-0.16968654399074484
0.0,6.16,-0.028562269437731793,-0.1653985040338896,-0.028456832093094964,-0.16510184114669843,0.9709277918303174,-0.1706688455577087,0.9710329340780011,-0.1703724511425294
0.0,6.18,-0.02880178079230915,-0.16607112301389948,-0.02869530603125308,-0.16577286741129799,0.9706845232372457,-0.17135783876086355,0.9707907205743049,-0.17105985909985716
0.0,6.2,-0.029042930675654853,-0.16674525462215678,-0.0289354053757478,-0.1664454020307326,0.9704395972277502,-0.1720483570163481,0.9705468597912352,-0.1717487782264221
0.0,6.22,-0.029285727085819137,-0.16742091410494664,-0.02917714384558499,-0.16711945922817983,0.9701930017452959,-0.17274040740801122,0.9703013403142686,-0.1724392122574224
0.0,6.24,-0.029530190292982417,-0.16809813478065533,-0.029420535782693255,-0.1677950732894823,0.969944726823447,-0.17343398512246322,0.9700541466897815,-0.17313119386611914
0.0,6.26,-0.029776321773454996,-0.16877689376143964,-0.029665594335887654,-0.16847221932021833,0.9696947594617967,-0.17412910223544428,0.969805274987206,-0.17382468436525728
0.0,6.28,-0.03002414505081381,-0.16945722423475718,-0.029912327769299873,-0.16915091303795152,0.9694430855005142,-0.17482577056849508,0.9695547050320945,-0.1745197294758354
0.0,6.3,-0.03027367408800847,-0.17013912125404876,-0.030160753821862014,-0.16983118892826318,0.9691896887898748,-0.17552401900423129,0.9693024248589007,-0.17521634139604023
0.0,6.32,-0.030524920504493982,-0.17082260050907214,-0.030410885966998553,-0.17051302207130795,0.9689345665060741,-0.17622380891217848,0.9690484252509947,-0.17591449783993726
0.0,6.34,-0.03077786256874682,-0.17150766356987152,-0.030662709462900502,-0.17119645320652999,0.968677694054005,-0.1769252024931276,0.9687926911467704,-0.17661422783273617
0.0,6.36,-0.031032575386775337,-0.1721943355243481,-0.030916292210662433,-0.17188146805499846,0.9684190654961233,-0.17762817793598581,0.9685352093707786,-0.17731554322256013
0.0,6.38,-0.03128900737115245,-0.17288262371345503,-0.031171612723527874,-0.17256806824506715,0.9681586653792307,-0.1783327465931918,0.9682759675813973,-0.17801843849335813
0.0,6.4,-0.03154722716196507,-0.17357251375389315,-0.03142865628401541,-0.1732562954167544,0.9678964835623057,-0.17903890327465577,0.9680149505496477,-0.1787229424930984
0.0,6.42,-0.03180724720787357,-0.17426402200783866,-0.03168748807606431,-0.17394611529577497,0.9676325004984346,-0.17974669341808416,0.9677521458731576,-0.17942904959863926
0.0,6.44,-0.032069015328334206,-0.17495715614699942,-0.03194812421516451,-0.17463756433909733,0.9673667048328717,-0.1804561115091109,0.9674875444990608,-0.18013675476498586
0.0,6.46,-0.032332612183112,-0.17565196224640128,-0.032210516161775504,-0.1753306706387314,0.9670990852175914,-0.1811671519919572,0.9672211245692168,-0.18084610293171866
0.0,6.48,-0.032598039460194794,-0.17634839678040728,-0.032474729955200926,-0.17602539971330908,0.9668296271370962,-0.18187982614364717,0.9669528789864897,-0.18155707184993097
0.0,6.5,-0.03286528285429395,-0.17704650279195558,-0.032740782118773175,-0.1767217888009758,0.9665583128462936,-0.18259416205018755,0.9666827889395818,-0.18226968944678937
0.0,6.52,-0.033134382250683346,-0.1777462716026703,-0.03300865087189401,-0.1774198406316952,0.9662851309060392,-0.18331015398768905,0.9664108441384978,-0.18298395025372843
0.0,6.54,-0.03340535074143727,-0.17844772066384984,-0.033278379970057254,-0.17811956695640135,0.9660100666723559,-0.18402781304974258,0.96613702566211,-0.1836998820647889
0.0,6.56,-0.033678170294280704,-0.17915087357028542,-0.03354997872664492,-0.17882096487139265,0.9657331065701672,-0.1847471504805785,0.9658613242709988,-0.1844174795118624
0.0,6.58,-0.03395291279347919,-0.1798557158914175,-0.03382346036783802,-0.17952405208428981,0.965454236882571,-0.18546815997427069,0.9655837251720069,-0.1851367361247946
0.0,6.6,-0.03422952507176829,-0.1805622566526647,-0.034098834339403375,-0.18022882582023866,0.965173436376075,-0.18619088613991505,0.9653042094084534,-0.18585769699350208
0.0,6.62,-0.034508087491021834,-0.1812705228574956,-0.03437608644300099,-0.18093533090950495,0.9648906967222306,-0.18691530612173657,0.9650227643135963,-0.1865803559394692
0.0,6.64,-0.034788578385443074,-0.18198051802932558,-0.0346552893911628,-0.18164355300228957,0.9646059998257112,-0.1876414475461517,0.964739373960213,-0.18730472357474823
0.0,6.66,-0.03507103938789374,-0.18269223358966008,-0.03493645325448513,-0.18235348949865912,0.9643193318521858,-0.18836930386043763,0.9644540256610028,-0.1880307936110916
0.0,6.68,-0.035355424761154476,-0.1834057214489934,-0.035219528280186846,-0.1830651711117213,0.9640306757064265,-0.1890989027644494,0.9641667023687547,-0.1887585938027949
0.0,6.7,-0.03564183642231666,-0.18412093982235148,-0.035504588088151746,-0.18377858327860558,0.963740017495301,-0.18983023757928197,0.9638773913358956,-0.1894881177404703
0.0,6.72,-0.035930224651537356,-0.18483791985479425,-0.035791651158698236,-0.18449376595823044,0.9634473411193488,-0.1905633186084197,0.9635860720746344,-0.19021939238264038
0.0,6.74,-0.03622064021294857,-0.1855566957666732,-0.03608069147568717,-0.18521070204082757,0.9631526293161182,-0.19129817333629412,0.9632927306653514,-0.19095242844162758
0.0,6.76,-0.036513057032898644,-0.1862772505914229,-0.03637175987829083,-0.18592942575581262,0.9628558669961739,-0.19203479466879303,0.9629973520544538,-0.19168721887630225
0.0,6.78,-0.03680755057677532,-0.18699956943819332,-0.03666486698342212,-0.18664993515901884,0.962557039042171,-0.19277319292049747,0.9626999222753538,-0.19242377427744192
0.0,6.8,-0.03710407910559943,-0.18772372768974988,-0.03696002343626154,-0.18737222825225086,0.9622561247001961,-0.19351339468703468,0.9624004195134234,-0.19316212107929073
0.0,6.82,-0.03740271464619281,-0.1884496891944541,-0.03725724419952562,-0.18809632463836293,0.9619531144024974,-0.1942553763235105,0.962098831954567,-0.1939022527029931
0.0,6.84,-0.03770343541988103,-0.18917745851675627,-0.037556544401766194,-0.1888222441998439,0.9616479850293496,-0.19499918129070215,0.96179513989121,-0.19464419587105933
0.0,6.86,-0.03800626106631609,-0.1899070774707304,-0.03785793062252863,-0.18954996345509306,0.9613407224573384,-0.19574480237271116,0.9614893315383678,-0.19538792641883138
0.0,6.88,-0.0383112027138822,-0.19063854459370377,-0.038161426906217856,-0.19027954616071086,0.9610313068218291,-0.19649226607060746,0.9611813813796327,-0.19613350470087224
0.0,6.9,-0.03861830492381532,-0.1913718516307649,-0.03846707337149385,-0.19101096235183768,0.960719727385147,-0.19724154825938173,0.9608712821035619,-0.19688088986133911
0.0,6.92,-0.03892758375534947,-0.19210701896998775,-0.03877488153897924,-0.191744210303036,0.9604059596510179,-0.1979926918284941,0.9605590092680645,-0.19763012485634504
0.0,6.94,-0.03923902178739539,-0.19284407413237276,-0.0390848383686313,-0.19247933937572642,0.9600899893837369,-0.1987456892746405,0.9602445463160024,-0.19838121922969967
0.0,6.96,-0.039552698068881356,-0.19358300214731908,-0.03939695527809889,-0.19321634840717067,0.9597717976053904,-0.19950056699894989,0.9599278813886609,-0.19913414848337485
0.0,6.98,-0.03986855705424105,-0.19432381538590413,-0.03971131599466144,-0.19395524465213299,0.9594513667087536,-0.20025731666334007,0.9596089874592528,-0.19988897228277763
0.0,7.0,-0.040186653589421494,-0.19506655048161986,-0.04002789430080029,-0.1946960113417658,0.9591286811158152,-0.2010159477581966,0.9592878537057477,-0.20064566620518465
0.0,7.02,-0.040507029379197715,-0.19581117684789756,-0.040346677288814095,-0.19543869903533662,0.9588037183715615,-0.2017764857372005,0.95896446123655,-0.20140423903433735
0.0,7.04,-0.040829637725206765,-0.19655775254460328,-0.04066774522036868,-0.19618329268168036,0.9584764594634533,-0.20253893921744665,0.9586387886961003,-0.20216471643350936
0.0,7.06,-0.0411545547546571,-0.1973062398405964,-0.040991081043801496,-0.19692982086418956,0.9581468910940466,-0.20330330047529188,0.9583108181766894,-0.2029271072356607
0.0,7.08,-0.041481802723340976,-0.1980566830400033,-0.04131673162208891,-0.19767827550308975,0.9578149895453973,-0.20406959445985884,0.9579805306268327,-0.20369141995665307
0.0,7.1,-0.04181135990582788,-0.1988090886048836,-0.041644675118136326,-0.19842866277539112,0.9574807367880636,-0.2048378297668103,0.9576479080582644,-0.20445766326100356
0.0,7.12,-0.04214327375538419,-0.1995634484655259,-0.04197493364105096,-0.19918102757200365,0.9571441136497791,-0.2056080146706837,0.9573129313397571,-0.20522584549311396
0.0,7.14,-0.042477527261363134,-0.200319792158358,-0.04230758482497253,-0.1999353316035159,0.9568050973169734,-0.206380174056821,0.9569755813008407,-0.20599597490937438
0.0,7.16,-0.042814203438299225,-0.20107810418314917,-0.04264258186856751,-0.20069163480168548,0.9564636757293645,-0.2071542826171574,0.9566358340216989,-0.206768076135907
0.0,7.18,-0.04315329066036948,-0.20183843758627495,-0.04297997285115943,-0.20144992932185307,0.9561198187502888,-0.20793039843867023,0.9562936760384155,-0.20754214101794302
0.0,7.2,-0.04349476210964032,-0.2026007763234113,-0.04331976614848589,-0.20221019131382517,0.9557735178970961,-0.20870847935712095,0.9559490869612283,-0.2083181773066264
0.0,7.22,-0.0438387069015001,-0.203365128060496,-0.04366199013318702,-0.20297248999702763,0.9554247417734587,-0.20948858300022358,0.9556020438136816,-0.20909620957802327
0.0,7.24,-0.04418513908412176,-0.20413149220502047,-0.044006688992739004,-0.20373679408853354,0.9550734771316387,-0.2102706834809846,0.9552525213263378,-0.20987626180923205
0.0,7.26,-0.044534042122520795,-0.20489989947322765,-0.04435384616828727,-0.2045031342315271,0.9547196982595746,-0.21105482200304845,0.9549005095668026,-0.21065830882497522
0.0,7.28,-0.044885435053360505,-0.20567037329320603,-0.044703475456686854,-0.2052715101781448,0.9543633870906613,-0.2118409889286088,0.9545459784133863,-0.21144239083620775
0.0,7.3,-0.04523940398110902,-0.20644289783898687,-0.04505563185385626,-0.2060419374878826,0.9540045192535839,-0.21262920808898886,0.9541889120087,-0.21222849867162594
0.0,7.32,-0.04559589672886096,-0.20721751242592637,-0.04541032978509251,-0.20681441589277122,0.9536430788322885,-0.21341947014896884,0.9538292870756119,-0.2130166563853559
0.0,7.34,-0.04595495858171654,-0.20799418521859608,-0.04576758899951335,-0.20758896897196422,0.9532790365159046,-0.21421181512313953,0.9534670817792216,-0.21380687077776414
0.0,7.36,-0.046316614815912836,-0.20877296391282496,-0.04612742946659029,-0.2083656206093984,0.9529123789546387,-0.21500621659291538,0.9531022753463542,-0.21459914879299444
0.0,7.38,-0.04668092229787168,-0.20955386459692488,-0.04648986067445816,-0.209144346838501,0.9525430729435714,-0.2158027309665699,0.9527348469667081,-0.2153934972748097
0.0,7.4,-0.04704784899706526,-0.21033684718751652,-0.0468549081845244,-0.20992519578785757,0.9521711061699366,-0.2166013318754339,0.9523647709232911,-0.21618993933886407
0.0,7.42,-0.047417426200542505,-0.21112198433891557,-0.04722261841873911,-0.210708135236534,0.9517964517231996,-0.21740204198881097,0.9519920262913684,-0.21698848160368767
0.0,7.44,-0.04778970074365379,-0.21190924381090695,-0.04759298084972304,-0.2114932219535045,0.9514190875072458,-0.21820486748482654,0.9516165910136392,-0.21778913033419062
0.0,7.46,-0.04816469941517706,-0.21269867455830035,-0.04796600528775484,-0.2122804319475591,0.9510389875684473,-0.21900983103233804,0.9512384391825431,-0.21859190829020117
0.0,7.48,-0.04854242706003125,-0.21349022789481822,-0.04834179250424625,-0.21306979753157157,0.9506561307929366,-0.2198169388256595,0.9508575535524848,-0.21939680515825732
0.0,7.5,-0.048922916401695916,-0.2142839777031431,-0.04872028426306056,-0.2138613359371783,0.9502704938420284,-0.22062619644493764,0.9504739059280481,-0.2202038429634708
0.0,7.52,-0.04930614051125024,-0.2150799084679319,-0.049101571146000146,-0.2146550305942257,0.9498820544376066,-0.22143760961086192,0.950087472401562,-0.22101304460467686
0.0,7.54,-0.04969223966797072,-0.21587804439454714,-0.049485600194462076,-0.2154509236990368,0.9494907814157678,-0.2222512168202563,0.949698227375139,-0.22182441499796537
0.0,7.56,-0.050081106281899476,-0.21667836222152337,-0.049872462811028584,-0.216248998585704,0.9490966551458445,-0.22306700670430343,0.9493061545719806,-0.22263794364945502
0.0,7.58,-0.050472849639419025,-0.2174809198583344,-0.050262175817478154,-0.21704925554016496,0.9486996532061176,-0.22388498462013412,0.9489112205717206,-0.22345366838625255
0.0,7.6,-0.050867481139123844,-0.21828569295597788,-0.050654691725653817,-0.21785176263714745,0.9482997431133884,-0.22470518839516473,0.9485134040077837,-0.22427159477891973
0.0,7.62,-0.051265017974137676,-0.21909268196474707,-0.051050141418139156,-0.21865649429172626,0.9478969090753896,-0.2255275897619181,0.9481126841313445,-0.22509171096206237
0.0,7.64,-0.0516654952558272,-0.21990196323127711,-0.051448460096918426,-0.219463443668161,0.9474911167204689,-0.22635224333407344,0.9477090244487727,-0.22591407113805484
0.0,7.66,-0.05206888023158544,-0.220713496202579,-0.051849753414583366,-0.2202726439430936,0.9470823440591962,-0.22717913661950356,0.9473024113223488,-0.22673864741595923
0.0,7.68,-0.05247527340210465,-0.22152728884519812,-0.05225396823831876,-0.22108413945034444,0.9466705673319333,-0.22800827407240637,0.9468928138277255,-0.22756546011731174
0.0,7.7,-0.05288469905723239,-0.2223433673381391,-0.05266119335489591,-0.22189788755242865,0.9462557536699595,-0.2288396927911797,0.9464802013292659,-0.22839454697262507
0.0,7.72,-0.05329713667224766,-0.22316174178971154,-0.053071408076376066,-0.22271389804330277,0.9458378860929038,-0.2296733636563309,0.9460645557772416,-0.2292258786957411
0.0,7.74,-0.05371261050857884,-0.2239824389543964,-0.05348468772426819,-0.2235322394836536,0.9454169265032804,-0.23050933971580287,0.9456458442379732,-0.23005949221021255
0.0,7.76,-0.05413121734087394,-0.2248054411350959,-0.05390103866134812,-0.22435286148209255,0.9449928508903808,-0.2313476248484401,0.9452240427800572,-0.23089539152339297
0.0,7.78,-0.05455290393973932,-0.22563079405525732,-0.05432045266598788,-0.22517582601352243,0.9445656370897767,-0.23218820578522806,0.9447991212209569,-0.23173359647262118
0.0,7.8,-0.0549777679720627,-0.22645847989940268,-0.054742981394206545,-0.22600109888350134,0.9441352518543978,-0.23303111885418576,0.9443710533517187,-0.23257411024805316
0.0,7.82,-0.05540579571998961,-0.22728853538044888,-0.0551686960233301,-0.226828723511556,0.9437016666951754,-0.23387636644077678,0.943939809949437,-0.2334169526472428
0.0,7.84,-0.055837000131386455,-0.22812093556436078,-0.05559757652085458,-0.2276587107120493,0.9432648574444358,-0.2347239518652643,0.9435053677085424,-0.23426210983020254
0.0,7.86,-0.05627145344039027,-0.22895572433519065,-0.05602964224488708,-0.22849106176425463,0.9428247914509393,-0.23557389368694226,0.9430676932194839,-0.23510961776544198
0.0,7.88,-0.05670917579306758,-0.22979290297134133,-0.05646495266867408,-0.22932576803749666,0.9423814392371305,-0.2364262111026165,0.9426267548741072,-0.23595949522949633
0.0,7.9,-0.05715018743123607,-0.2306324726935143,-0.05690354087184471,-0.23016288346789426,0.9419347732105964,-0.23728090615399683,0.9421825303319875,-0.23681172820752686
0.0,7.92,-0.057594474923613366,-0.23147447136570706,-0.05734538031024803,-0.2310023929284894,0.9414847615992492,-0.23813799716791342,0.941734987906362,-0.2376663351730255
0.0,7.94,-0.05804214619369077,-0.23231890710355915,-0.057790585098472874,-0.23184433097565563,0.941031376719352,-0.2389974858675426,0.9412840927483674,-0.23852335112449788
0.0,7.96,-0.05849321579261944,-0.2331657544581354,-0.05823912908596899,-0.23268868238762966,0.9405745855952152,-0.23985938996675274,0.9408298233268612,-0.23938274434387796
0.0,7.98,-0.058947670896114156,-0.2340150517012529,-0.058691039700008094,-0.23353547533825014,0.9401143573353428,-0.240723727547277,0.940372141577705,-0.24024456618867654
0.0,8.0,-0.05940553939002889,-0.23486682738565567,-0.05914637877468345,-0.23438470102617745,0.9396506619346628,-0.24159049927632228,0.9399110175256762,-0.24110881745376
0.0,8.02,-0.05986692486441062,-0.23572106236346552,-0.05960513358937241,-0.23523639816082118,0.9391834662201206,-0.24245972233096194,0.939446422259263,-0.24197549905246038
0.0,8.04,-0.06033177399369506,-0.23657780613723406,-0.060067414760984025,-0.23609057465449437,0.9387127433470688,-0.2433313978738596,0.9389783247711279,-0.24284462868832524
0.0,8.06,-0.06080018434107367,-0.2374370120756999,-0.060533155062739416,-0.23694722580743635,0.9382384525223173,-0.24420555826100657,0.938506689647824,-0.24371622275935445
0.0,8.08,-0.06127215800726647,-0.2382987742577945,-0.06100246603095787,-0.23780635928510976,0.9377605656920461,-0.24508220400346706,0.9380314835604553,-0.2445902980257993
0.0,8.1,-0.06174774519629332,-0.2391630289946136,-0.06147533576148895,-0.2386680146193723,0.9372790483309683,-0.24596135124599314,0.9375526816689772,-0.24546683832651087
0.0,8.12,-0.06222697599128796,-0.24002980517011582,-0.06195182855933502,-0.23953218280524421,0.9367938701449968,-0.24684299958156114,0.9370702462780086,-0.24634587643621672
0.0,8.14,-0.06270983876694938,-0.24089914294725934,-0.062431974677988056,-0.24039889301571454,0.9363049921776182,-0.24772718111706782,0.9365841406319325,-0.24722742769799438
0.0,8.16,-0.06319644094552447,-0.24177102224044847,-0.06291574811381881,-0.2412681301861571,0.935812387274025,-0.2486138784349466,0.9360943311361548,-0.2481115081001776
0.0,8.18,-0.06368677157071391,-0.2426454835010174,-0.06340327083207262,-0.2421399295613666,0.9353160152654493,-0.2495031229488532,0.9356007906547805,-0.24899810019783727
0.0,8.2,-0.06418085453799444,-0.24352252862195317,-0.06389452463129403,-0.24301430394218335,0.9348158412939419,-0.2503949297980151,0.9351034757332836,-0.2498872519744496
0.0,8.22,-0.064678763968716,-0.24440217628151703,-0.064389533390034,-0.24389125516954685,0.9343118282745098,-0.2512893133327337,0.9346023580728483,-0.2507789453103149
0.0,8.24,-0.06518047432607364,-0.24528441142269256,-0.06488837130085494,-0.24477080187529815,0.9338039500044791,-0.25218625566766617,0.9340973984016616,-0.25167321142588445
0.0,8.26,-0.06568611093323397,-0.2461692694968847,-0.06539106312401491,-0.2456529458126589,0.9332921583648903,-0.25308580276545833,0.9335885629022047,-0.25257004783343334
0.0,8.28,-0.06619565634555051,-0.2470567637681993,-0.06589764133562788,-0.24653771705055275,0.9327764226402915,-0.25398795261462703,0.9330758165507066,-0.2534694690151247
0.0,8.3,-0.06670913590766113,-0.24794689614458462,-0.06640812348541496,-0.24742508902600666,0.9322567044351969,-0.25489271841267314,0.9325591165884521,-0.25437150463508623
0.0,8.32,-0.0672266262682036,-0.248839685381048,-0.06692255013314655,-0.24831512046335402,0.9317329663600167,-0.2558001134197017,0.9320384301105139,-0.255276151850641
0.0,8.34,-0.06774815368832124,-0.24973513328410782,-0.06744099041262222,-0.24920780168574452,0.9312051732926053,-0.2567101338224188,0.9315137231336534,-0.25618340733250006
0.0,8.36,-0.06827375242951896,-0.2506332704430232,-0.06796347839247541,-0.250103163239983,0.9306732787648594,-0.2576228249277058,0.930984949282497,-0.25709331659649526
0.0,8.38,-0.06880344129522059,-0.2515340698706596,-0.0684900327531186,-0.25100117821854084,0.9301372530916816,-0.2585381665008264,0.9304520789273761,-0.25800585959778216
0.0,8.4,-0.06933726293518172,-0.25243759128024185,-0.0690206879662307,-0.2519018772298808,0.929597056523829,-0.25945617029242174,0.9299150633541599,-0.25892108075022596
0.0,8.42,-0.06987528876371454,-0.253343824614369,-0.06955547088262524,-0.2528052621186875,0.9290526390917598,-0.2603768799376,0.929373871798702,-0.2598389592656946
0.0,8.44,-0.07041751033373471,-0.2542528132170335,-0.07009446891804466,-0.2537113808414897,0.9285039720873832,-0.2613002748233889,0.928828462048688,-0.2607595234191155
0.0,8.46,-0.07096403622839659,-0.25516450524543177,-0.07063771006311056,-0.25462023543830076,0.9279510088620361,-0.2622263815514195,0.9282787966208791,-0.2616827675993335
0.0,8.48,-0.07151481389603963,-0.25607895648541806,-0.07118516966810533,-0.25553181087802374,0.9273937083077669,-0.2631552105406259,0.9277248264270215,-0.26260873515498034
0.0,8.5,-0.07206996933249639,-0.25699617352184784,-0.07173697313829719,-0.25644611350418434,0.926832031393469,-0.2640867725589731,0.9271665149206826,-0.26353742025469173
0.0,8.52,-0.0726295318374398,-0.2579161581666173,-0.07229311280968284,-0.25736318708332545,0.9262659336941855,-0.26502107659620694,0.9266038220141399,-0.26446883332350546
0.0,8.54,-0.07319353087312222,-0.25883891214919424,-0.07285367095056172,-0.25828305068261365,0.9256953749998029,-0.2659581325905057,0.9260367043623172,-0.2654029836127105
0.0,8.56,-0.073761959219728,-0.2597644798959509,-0.07341866874763994,-0.2592056764512444,0.9251203118470525,-0.2668979492968663,0.9254651217661539,-0.266339881021309
0.0,8.58,-0.07433494593549528,-0.26069286765456273,-0.07398814432770136,-0.26013109592780764,0.9245406981775451,-0.2678405519467219,0.9248890250448052,-0.267279550098305
0.0,8.6,-0.07491246757423103,-0.2616240601991596,-0.07456212766106692,-0.26105931093796914,0.923956489313039,-0.2687859484061169,0.9243083785246788,-0.2682219840418797
0.0,8.62,-0.07549460897735455,-0.26255807629619915,-0.07514066618709585,-0.2619903835489469,0.9233676415931088,-0.26973414656563044,0.9237231318286204,-0.2691672065191888
0.0,8.64,-0.07608141009099187,-0.2634949479268078,-0.07572381906699638,-0.2629242423056661,0.9227741113102528,-0.2706851540318403,0.9231332376597681,-0.27011524179912616
0.0,8.66,-0.07667290248220997,-0.2644346769708423,-0.07631164362560916,-0.26386097960721777,0.9221758499697696,-0.27163899421997467,0.9225386606741852,-0.2710660649011366
0.0,8.68,-0.07726912679383119,-0.2653772957718026,-0.07690420012540954,-0.26480052320488373,0.9215728152972412,-0.2725956571039682,0.9219393487499644,-0.2720197156268268
0.0,8.7,-0.07787015267784743,-0.2663227621044023,-0.0775014456674524,-0.2657429624364261,0.920964959741259,-0.2735551658028403,0.9213352548699765,-0.2729761999917169
0.0,8.72,-0.07847603081100725,-0.2672711388030941,-0.0781035049668362,-0.26668827231961806,0.9203522313986614,-0.2745175418395112,0.9207263341011942,-0.27393552433709717
0.0,8.74,-0.07908678530205365,-0.268222396840084,-0.07871041988292825,-0.2676364852281039,0.9197345878808509,-0.2754827742791995,0.9201125366722209,-0.27489771076462716
0.0,8.76,-0.07970245852098956,-0.26917656863345485,-0.07932226135763386,-0.2685875581886432,0.9191119744748482,-0.2764509006789005,0.9194938202170155,-0.2758627483001169
0.0,8.78,-0.08032314046087785,-0.2701336729248403,-0.07993897818207492,-0.2695415511830804,0.9184843487053064,-0.2774219094715538,0.9188701279092845,-0.2768306738118875
0.0,8.8,-0.08094881831827312,-0.2710937254093957,-0.08056070713380882,-0.27049846915634074,0.9178516563022137,-0.2783958202138876,0.9182414194156323,-0.277801476326153
0.0,8.82,-0.08157963065985072,-0.27205673072736086,-0.08118749205317942,-0.27145834486753284,0.9172138509472972,-0.2793726370451646,0.9176076404770358,-0.2787751753505016
0.0,8.84,-0.08221555600812394,-0.27302267316009377,-0.08181934901334821,-0.27242111732592245,0.9165708782316796,-0.2803523788144178,0.9169687377983909,-0.2797517903404186
0.0,8.86,-0.08285663902300407,-0.27399158550995756,-0.08245634117211881,-0.273386881923807,0.9159226847107297,-0.2813350643140798,0.9163246688450336,-0.2807313087156137
0.0,8.88,-0.08350297285649583,-0.2749634863467868,-0.08309849450561481,-0.2743556089393219,0.9152692207211441,-0.28232069565753104,0.9156753693476674,-0.2817137808917542
0.0,8.9,-0.08415459400105299,-0.2759383770482175,-0.0837459502934271,-0.275327302264434,0.9146104355271967,-0.28330927429027103,0.9150207994809367,-0.28269917695874436
0.0,8.92,-0.08481159726090244,-0.2769162759603304,-0.08439863935630151,-0.2763019605233741,0.9139462744684855,-0.2843008175874939,0.9143609046843297,-0.2836875146320516
0.0,8.94,-0.08547396196201042,-0.2778971671545766,-0.08505672381380898,-0.27727965100394203,0.9132766806958509,-0.2852953418735603,0.9136956232384643,-0.284678826528202
0.0,8.96,-0.08614179376137451,-0.2788811008516036,-0.08572017324027628,-0.27826032601732253,0.9126016033289245,-0.2862928474677386,0.9130249103354116,-0.285673097665549
0.0,8.98,-0.08681508216220503,-0.279868093458409,-0.08638909339398967,-0.2792440357616732,0.9119209854124806,-0.2872933499161001,0.9123487041110415,-0.28667035986883516
0.0,9.0,-0.08749400221049118,-0.2808580683207151,-0.08706357151504958,-0.28023076623247994,0.9112347728488294,-0.28829684778304526,0.91166695259628,-0.2876706126818373
0.0,9.02,-0.08817852559200563,-0.281851153527177,-0.08774354851848762,-0.28122054877465474,0.9105429045884611,-0.289303372037535,0.9109796017186591,-0.2886738546170391
0.0,9.04,-0.08886867136628437,-0.28284728553026345,-0.08842916119010026,-0.28221335382947044,0.9098453253788948,-0.29031292008700654,0.9102865904403383,-0.28968011658371867
0.0,9.06,-0.08956459852118269,-0.283846499195817,-0.08912051902715727,-0.28320923152321104,0.9091419759379703,-0.29132550515152933,0.9095878635353418,-0.2906893959366024
0.0,9.08,-0.09026633771773704,-0.2848487623342843,-0.08981755327038245,-0.2842081811528487,0.9084327979655042,-0.2923411403496139,0.9088833627880404,-0.29170170617468716
0.0,9.1,-0.09097390107229587,-0.2858541567676014,-0.09052041364435219,-0.2852102048795732,0.9077177340355165,-0.2933598211686931,0.9081730318883136,-0.29271704350170474
0.0,9.12,-0.09168736936847229,-0.28686263452292476,-0.09122909147818029,-0.286215319029307,0.9069967185549825,-0.29438157502427115,0.9074568074227569,-0.2937354364104484
0.0,9.14,-0.0924068559349727,-0.28787424595826855,-0.09194373862393554,-0.28722352521690253,0.9062697012712101,-0.2954063813745685,0.9067346257682346,-0.2947568953799824
0.0,9.16,-0.09313234272335999,-0.28888897445089606,-0.0926643473392168,-0.28823483971970054,0.9055366092407219,-0.2964342818568763,0.9060064377532762,-0.29578140015662313
0.0,9.18,-0.09386392290784909,-0.28990680388876006,-0.0933909599181504,-0.2892492628785362,0.9047973838645929,-0.29746526981626004,0.9052721704450037,-0.29680899230941177
0.0,9.2,-0.09460167253404962,-0.29092783449771586,-0.09412369124790408,-0.29026684530338814,0.9040519634475742,-0.29849935463408556,0.9045317652756059,-0.2978396651282982
0.0,9.22,-0.09534565403348728,-0.2919519494548426,-0.09486262510470914,-0.2912875372798932,0.9033002768616928,-0.29953655960202735,0.9037851532769856,-0.2988734430214914
0.0,9.24,-0.0960959450440155,-0.2929792490040542,-0.09560776588836434,-0.2923113886370686,0.9025422706935882,-0.3005768608946934,0.903032283153763,-0.2999103032669873
0.0,9.26,-0.0968525397537512,-0.2940097500093933,-0.09635919810824504,-0.2933383488658742,0.901777869546073,-0.30162029690741843,0.902273082761408,-0.3009502682783232
0.0,9.28,-0.09761557516059409,-0.2950433846323976,-0.09711700026689898,-0.294368518816129,0.9010070116208888,-0.3026668575518045,0.9015074829737594,-0.3019933609507156
0.0,9.3,-0.09838512026877264,-0.29608021993702605,-0.09788119585382418,-0.29540183055782465,0.9002296319459252,-0.3037165486870134,0.9007354230645378,-0.3030395714875064
0.0,9.32,-0.09916122225159657,-0.2971202553617051,-0.09865195684680984,-0.29643831712917273,0.899445657099694,-0.3047693903056967,0.8999568296716872,-0.30408892034728474
0.0,9.34,-0.09994391707331612,-0.2981634558507017,-0.099429227101078,-0.297478012195985,0.8986550189143494,-0.3058253861295976,0.89917164206938,-0.30514139672259166
0.0,9.36,-0.10073333924486765,-0.29920990590725083,-0.10021310562109616,-0.298520897872974,0.8978576502477503,-0.30688453969724466,0.8983797868314064,-0.3061970199931904
0.0,9.38,-0.10152951689303283,-0.30025954254596776,-0.10100374472085892,-0.29956693793188804,0.8970534744429781,-0.3079468682492836,0.8975811958132466,-0.307255793281375
0.0,9.4,-0.10233256808298237,-0.3013123948795042,-0.10180111087791552,-0.3006162316883801,0.8962424276275656,-0.3090123578359855,0.8967757944521154,-0.3083177344648651
0.0,9.42,-0.10314249265054375,-0.302368486182883,-0.10260534882144973,-0.3016687149080341,0.8954244297716125,-0.3100810408928544,0.8959635168491697,-0.3093828288264079
0.0,9.44,-0.1039593995930378,-0.3034278144008724,-0.10341646531123463,-0.3027244315752815,0.894599412874738,-0.3111529009059773,0.8951442884164352,-0.3104510931010816
0.0,9.46,-0.10478334360095976,-0.30449038824042624,-0.10423456822528872,-0.3037833760703284,0.8937673012244514,-0.3122279531100617,0.8943180324396478,-0.3115225426886336
0.0,9.48,-0.10561448889603532,-0.3055561865319792,-0.10505976544348829,-0.30484553869885345,0.8929280204059317,-0.31330619507833524,0.8934846765748057,-0.3125971764007659
0.0,9.5,-0.10645278519806813,-0.3066252542443776,-0.10589211507593041,-0.30591093466467695,0.8920814936336602,-0.31438764043860484,0.8926441474750697,-0.31367499210176103
0.0,9.52,-0.10729839846972074,-0.30769756964013206,-0.10673161972151726,-0.30697959077442016,0.891227644449166,-0.3154722847971467,0.8917963718257306,-0.3147559870597208
0.0,9.54,-0.10815133378895572,-0.3087731629129182,-0.10757844669400965,-0.30805148868113186,0.8903663884691242,-0.3165601553114515,0.890941259810372,-0.3158402045911761
0.0,9.56,-0.10901175696861196,-0.3098520041944151,-0.10843265248019418,-0.30912663255757405,0.8894976547596931,-0.31765123073475,0.890078747031733,-0.3169276088221098
0.0,9.58,-0.10987967678949512,-0.31093413061625785,-0.10929429776745685,-0.31020503717402625,0.8886213613941206,-0.3187455202666145,0.8892087526433264,-0.31801820993532354
0.0,9.6,-0.11075520696341346,-0.31201953055569004,-0.1101634437923303,-0.3112867173314319,0.8877374254083847,-0.3198430320387269,0.8883311891844744,-0.31911203256221227
0.0,9.62,-0.11163840779477947,-0.31310821118673454,-0.11104025754957879,-0.3123716383110338,0.8868457638309052,-0.32094377347152225,0.887445978237474,-0.3202090688575435
0.0,9.64,-0.11252939880097741,-0.3142001708142319,-0.11192469431049078,-0.31345985661082826,0.8859462916463043,-0.322047750526053,0.8865530424791499,-0.3213093106910775
0.0,9.66,-0.11342824193358429,-0.31529541609067646,-0.1128169228389309,-0.31455133678860664,0.8850389361467077,-0.32315493790706157,0.8856522980136001,-0.3224127643638066
0.0,9.68,-0.11433505618371335,-0.31639393726310205,-0.11371700893111088,-0.31564609625063506,0.8841235970600492,-0.32426536956764873,0.8847436532666264,-0.3235194501445793
0.0,9.7,-0.11524985103347789,-0.31749576412537095,-0.11462506901271843,-0.316744117868568,0.8832001961138597,-0.32537903419377445,0.8838270289535979,-0.3246293570148023
0.0,9.72,-0.11617274830132536,-0.31860089017712123,-0.1155411151145967,-0.31784543869721904,0.8822686443531288,-0.32649593330555876,0.8829023371503422,-0.3257424875565981
0.0,9.74,-0.11710386848578823,-0.31970930090937966,-0.11646532211745715,-0.3189500244856644,0.8813288528657136,-0.3276160676414836,0.8819694899676193,-0.3268588435823986
0.0,9.76,-0.1180432787529194,-0.32082100534382235,-0.11739770073550708,-0.3200579047357977,0.8803807327871302,-0.32873943715138754,0.8810284062943605,-0.3279784111287677
0.0,9.78,-0.11899104684682997,-0.3219360124327349,-0.11833837358820314,-0.32116906823048263,0.8794241942929674,-0.32986604060965874,0.8800789828399224,-0.32910121970650885
0.0,9.8,-0.11994735524363286,-0.3230542929065852,-0.11928746464712676,-0.32228350302873104,0.8784591388097295,-0.3309958901715271,0.879121142314002,-0.3302272376486061
0.0,9.82,-0.12091215951800625,-0.3241758930746866,-0.12024498774352449,-0.32340124214556404,0.8774854871761407,-0.3321289519132469,0.878154782487131,-0.3313564931630219
0.0,9.84,-0.1218856441415392,-0.32530078285788616,-0.12121106565624121,-0.3245222657194114,0.876503127347057,-0.33326526617438834,0.8771798154241076,-0.3324889664247155
0.0,9.86,-0.12286787903349984,-0.32642896615170225,-0.12218582808174433,-0.3256465680246626,0.8755119793461256,-0.3344047969842879,0.8761961495549687,-0.33362465289388105
0.0,9.88,-0.12385899327866906,-0.32756042885415193,-0.12316940052595571,-0.32677412761596525,0.8745119349892083,-0.33554756678361997,0.8752036845324553,-0.33476356130960144
0.0,9.9,-0.12485900263836212,-0.328695199647126,-0.12416174383459475,-0.32790500226278,0.873502903683492,-0.3366935512546627,0.874202325900047,-0.33590568422023775
0.0,9.92,-0.1258680968589828,-0.3298332456958104,-0.1251630993616999,-0.329039126746701,0.8724847852602876,-0.33784275649374956,0.8731919714215708,-0.33705102776669976
0.0,9.94,-0.12688634950683894,-0.33097456935950303,-0.12617348522495103,-0.33017653302233335,0.8714574735759288,-0.33899518529743644,0.8721725307152848,-0.33819956668472145
0.0,9.96,-0.12791383622040564,-0.33211917663914,-0.12719303361840953,-0.3313172054679954,0.8704208715092097,-0.3401508254463109,0.8711438948439675,-0.33935132010622626
0.0,9.98,-0.1289506914567917,-0.3332670508968682,-0.12822182015145375,-0.33246115000211035,0.8693748790887136,-0.34130966262270557,0.8701059647388036,-0.3405062749519366
0.0,10.0,-0.12999699276877522,-0.33441819731734296,-0.12925991959719926,-0.33360836856896353,0.8683193825632487,-0.3424717110873517,0.8690586394930369,-0.3416644164258484
0.0,10.02,-0.13105287694653997,-0.33557259806320866,-0.1303075271921664,-0.33475882514557986,0.867254288200067,-0.3436369393726205,0.868001821378019,-0.3428257299676344
0.0,10.04,-0.13211842349347078,-0.3367302574598814,-0.13136472021624515,-0.3359125202664197,0.8661794804938336,-0.3448053588904226,0.8669353878401572,-0.3439902426972821
0.0,10.05,-0.13265480858351827,-0.3373103254144954,-0.13189692947874251,-0.3364905884140444,0.8656384000051464,-0.3453907628263629,0.8663985353698392,-0.34457368944092776
0.0,10.06,-0.1331937125985285,-0.33789117966677035,-0.13243157962775745,-0.3370694620108662,0.8650948490348829,-0.34597696441515513,0.8658592443804205,-0.3451579216651393
0.0,10.08,-0.13427894194965886,-0.33905531789793225,-0.13350818250757,-0.338229646662757,0.8640002956789518,-0.3471517194811092,0.8647732807123983,-0.34632876161392817
0.0,10.1,-0.13537413804889775,-0.3402227062437644,-0.1345946719616079,-0.3393930623668356,0.862895696296958,-0.34832964612569833,0.8636773866987331,-0.34750275620663457
0.0,10.12,-0.13647943870721574,-0.34139331218322555,-0.13569118802159597,-0.3405596846727958,0.8617809450700082,-0.3495107199989017,0.8625714554656029,-0.3486798817578019
0.0,10.14,-0.1375949910385125,-0.3425671217826642,-0.13679781255049384,-0.3417295119912765,0.8606559324811413,-0.35069491409322295,0.8614553620837492,-0.3498601586501244
0.0,10.16,-0.13872087902137684,-0.34374413256281744,-0.13791469110133275,-0.34290252630066204,0.8595205318740897,-0.3518822457382712,0.8603290071465132,-0.35104354632663903
0.0,10.18,-0.13985718892926566,-0.3449243457395817,-0.1390419075699549,-0.34407872498364767,0.858374634142211,-0.3530726855976684,0.8591922662388164,-0.35223004540684455
0.0,10.2,-0.1410041285934568,-0.34610771308287586,-0.14017954976303126,-0.3452581130959328,0.8572181141797285,-0.3542662315340669,0.8580450262096753,-0.35341964231202927
0.0,10.22,-0.14216172477304287,-0.3472942549528758,-0.14132776349306286,-0.3464406628770013,0.8560508614394631,-0.35546285106150055,0.8568871682114397,-0.3546123198532916
0.0,10.24,-0.14333018987332966,-0.3484839251893905,-0.14248669609671075,-0.3476263454711402,0.8548727483493811,-0.35666253835973744,0.8557185736607997,-0.35580805963811046
0.0,10.26,-0.1445095540331717,-0.3496767474279605,-0.14365643887437032,-0.3488151640081971,0.8536836485367305,-0.35786528669675116,0.8545391180183132,-0.35700685697467976
0.0,10.28,-0.14570002770064397,-0.3508726614882364,-0.144837141702971,-0.35000708807078323,0.8524834474028586,-0.35907105783933585,0.8533486802506692,-0.35820868973313563
0.0,10.3,-0.14690164440350775,-0.3520716942061925,-0.1460288964012575,-0.3512021156157797,0.8512720079713982,-0.36027985528846557,0.852147132383152,-0.3594135489906025
0.0,10.32,-0.14811461924858552,-0.3532737873305421,-0.1472318570808547,-0.3524002186173212,0.8500492123812744,-0.3614916365706918,0.8509343563353977,-0.36062139352291306
0.0,10.34,-0.149338987607266,-0.3544789669050087,-0.14844611777181482,-0.3536013938192466,0.8488149222790629,-0.3627064015993555,0.8497102237957883,-0.36183221138886856
0.0,10.36,-0.15057496591863842,-0.35568716844022513,-0.14967183351199773,-0.3548056074491612,0.8475690122376123,-0.36392411919956696,0.8484745955067255,-0.3630460019856323
0.0,10.38,-0.15182271597423652,-0.35689836409881903,-0.1509090988024772,-0.35601285083947404,0.8463113469647965,-0.3651447699443238,0.8472273515135318,-0.3642627188417397
0.0,10.4,-0.15308221203694816,-0.35811260090050445,-0.1521581371081609,-0.3572230700463851,0.8450417969466185,-0.36636831777291257,0.8459683503008536,-0.3654823572593632
0.0,10.42,-0.15435380025244877,-0.3593297573587184,-0.1534189832669257,-0.3584362811592931,0.8437602193279841,-0.36759475426216964,0.8446974653720185,-0.3667048823492007
0.0,10.44,-0.15563739578503086,-0.3605499105396838,-0.15469179937752855,-0.35965245087336956,0.8424664760617253,-0.3688240538469238,0.8434145574572915,-0.3679302696024621
0.0,10.46,-0.15693334873334588,-0.361772935646575,-0.1559767474432087,-0.3608715404680486,0.8411604340450325,-0.3700561739048926,0.8421194896417036,-0.36915849384519056
0.0,10.48,-0.15824164052195008,-0.3629988861669758,-0.15727392792349187,-0.36209353732708854,0.8398419532637125,-0.37129108458817595,0.8408121234927113,-0.3703895275339041
0.0,10.5,-0.15956249879772585,-0.3642276889413148,-0.15858357438724843,-0.36331838556712304,0.8385108773098285,-0.3725287820374,0.8394923171571668,-0.3716233398729459
0.0,10.52,-0.1608960917616169,-0.3654593007074683,-0.15990572303602968,-0.36454608990282733,0.8371670771721718,-0.37376920258941043,0.8381599227595606,-0.3728599131189441
0.0,10.54,-0.1622424650517414,-0.3666937418325043,-0.16124054502671087,-0.36577661592810734,0.8358103945052847,-0.37501233778294596,0.8368148039710092,-0.37409919777360556
0.0,10.56,-0.16360185329831514,-0.36793093908355906,-0.16258820771948235,-0.36700991523817883,0.834440683527691,-0.3762581477605618,0.8354568090920407,-0.3753411706850685
0.0,10.58,-0.1649743648530751,-0.3691708743747735,-0.16394888578259,-0.36824595062380455,0.833057795209879,-0.3775065892605724,0.8340857925151061,-0.3765857919709562
0.0,10.6,-0.16636017358484398,-0.370413500025403,-0.1653226874356003,-0.3694847038388406,0.8316615764590635,-0.37875763270684076,0.8327016073056215,-0.3778330192151307
0.0,10.62,-0.167759394102488,-0.37165880464678186,-0.1667097198440842,-0.3707261518085355,0.8302518756307462,-0.38001122960584255,0.8313040920038354,-0.3790828364583371
0.0,10.64,-0.16917226635518873,-0.3729067044417022,-0.16811022856509703,-0.371970229279882,0.8288285284684939,-0.38126735864324307,0.8298930950828886,-0.3803351951113489
0.0,10.66,-0.1705988408853496,-0.37415721090375215,-0.16952438707253556,-0.3732168767228003,0.8273913884287349,-0.3825259518953006,0.8284684676221264,-0.3815900457119565
0.0,10.68,-0.17203936291489866,-0.37541024154925173,-0.17095224566520278,-0.3744661054869551,0.8259402878167532,-0.38378698210327233,0.8270300413777547,-0.38284736282828813
0.0,10.7,-0.17349394884718897,-0.37666577179035227,-0.1723939858854209,-0.3757178671693029,0.8244750643764709,-0.3850504047055236,0.8255776697655264,-0.38410707623419776
0.0,10.72,-0.17496284994186825,-0.37792371964312266,-0.17384985491661661,-0.37697207709054886,0.822995553749471,-0.3863161718533902,0.824111177326972,-0.38536917019204237
0.0,10.74,-0.17644611761216814,-0.37918408408263804,-0.1753199025547131,-0.3782287353020198,0.8215015895234514,-0.3875842323738615,0.8226304133204377,-0.3866335680426932
0.0,10.76,-0.17794394220929946,-0.38044681537277336,-0.17680438134709012,-0.3794877582970875,0.8199930129007708,-0.3888545187637031,0.8211351989951855,-0.38790024778390264
0.0,10.78,-0.1794565077876664,-0.38171184453882423,-0.17830348014990002,-0.38074909095850135,0.8184696418287549,-0.39012700265035116,0.8196253747361543,-0.38916914138224684
0.0,10.8,-0.1809840752792363,-0.38297908672526715,-0.1798172522277435,-0.38201273040555134,0.8169313058234253,-0.39140162350705326,0.8181007663654539,-0.39044020652994244
0.0,10.82,-0.18252670099791943,-0.3842485365645644,-0.1813460205126926,-0.3832785518123506,0.8153778334760712,-0.3926783177955605,0.8165612026530512,-0.3917133822408234
0.0,10.84,-0.18408457796664,-0.3855201290813697,-0.1828898451924059,-0.38454655846871316,0.8138090446854742,-0.39395703268624366,0.815006513330847,-0.3929886054182425
0.0,10.86,-0.18565790321580944,-0.38679380184096507,-0.18444891704004557,-0.38581668072409125,0.8122247653327541,-0.395237697985612,0.8134365194290366,-0.3942658236752568
0.0,10.88,-0.1872469369931634,-0.38806944443119495,-0.1860234307638494,-0.38708885141181154,0.8106248057450927,-0.3965202682310842,0.8118510451571823,-0.39554496590938826
0.0,10.9,-0.18885174701783394,-0.38934706002239877,-0.1876135829473157,-0.3883630014115214,0.8090089952440404,-0.3978046517724896,0.8102499029095453,-0.39682598755353515
0.0,10.92,-0.1904725310493592,-0.390626572136534,-0.1892195040546001,-0.38963909263402163,0.8073771407476925,-0.39909079570499123,0.8086329143382237,-0.3981088106246012
0.0,10.94,-0.1921095570829479,-0.39190786864913696,-0.19084146200905658,-0.39091701947137536,0.8057290474577201,-0.4003786432156046,0.8069998934675346,-0.3993933680375224
0.0,10.96,-0.19376296083371497,-0.3931909062849099,-0.1924795884125673,-0.39219673578515213,0.8040645399515415,-0.4016680914399499,0.8053506545529521,-0.4006795898371265
0.0,10.98,-0.19543287904927567,-0.3944756407737351,-0.19413408895644538,-0.3934781695914826,0.80238341427564,-0.40295909035343136,0.8036850074967262,-0.40196740085945093
0.0,11.0,-0.19711965673681411,-0.39576192362428647,-0.19580516456796548,-0.39476123318614087,0.8006854771167932,-0.40425155690853354,0.8020027616324827,-0.4032567225270859
0.0,11.02,-0.19882336545345838,-0.39704974055738324,-0.1974930247725539,-0.3960458502370699,0.7989705417938021,-0.40554539061941197,0.8003037196403099,-0.4045474872509078
0.0,11.04,-0.2005442113420895,-0.3983389982265626,-0.19919780488589459,-0.3973319632815133,0.7972383991069446,-0.40684052887066746,0.7985876932129208,-0.405839593638596
0.0,11.06,-0.20228247675464742,-0.3996295747583964,-0.2009197176273988,-0.3986194923626681,0.7954888446446621,-0.40813689041790363,0.7968544662571604,-0.4071329929841294
0.0,11.08,-0.20403830461711342,-0.40092141130893144,-0.20265904288172207,-0.3999083106977491,0.7937216852085954,-0.4094343611651894,0.7951038568157839,-0.40842756280069126
0.0,11.1,-0.20581191141913277,-0.40221441650477996,-0.20441585325042924,-0.4011983948970402,0.7919367087595092,-0.4107328663667711,0.7933356524295384,-0.4097232316895468
0.0,11.12,-0.20760351563486146,-0.4035084965248514,-0.20619050241371187,-0.4024895776220754,0.7901337001391806,-0.4120323083469108,0.7915496456348434,-0.4110199096011777
0.0,11.14,-0.2094133304979435,-0.40480354106978694,-0.20798306825204632,-0.4037818363902,0.788312463144629,-0.41333257796051925,0.789745632341779,-0.4123174869914698
0.0,11.16,-0.21124158071740765,-0.40609945581588897,-0.2097938385072761,-0.4050750342187483,0.7864727707988666,-0.41463359874440703,0.7879233994681021,-0.4136158809347839
0.0,11.18,-0.2130884170800748,-0.4073961717115362,-0.2116230303702695,-0.40636906251641874,0.7846144159663544,-0.4159352479923875,0.7860827419169368,-0.4149149737286175
0.0,11.2,-0.2149541315788045,-0.4086935385597926,-0.21347079662410143,-0.40766385661839916,0.7827371682375355,-0.417237404152054,0.7842234311377333,-0.4162146839619426
0.0,11.22,-0.21683887833754997,-0.40999148245717254,-0.21533743142399672,-0.4089592706371916,0.7808408207166755,-0.4185399890352666,0.7823452604818107,-0.4175148675136269
0.0,11.24,-0.21874302785730326,-0.41128981348020205,-0.21722308604391824,-0.4102552257278532,0.7789251453368187,-0.4198428562902405,0.7804479979978917,-0.41881545035203804
0.0,11.26,-0.2206665917962278,-0.4125885239875322,-0.21912806139467084,-0.4115515744855394,0.7769899033745804,-0.421145901967902,0.7785314412044124,-0.42011628221063835
0.0,11.28,-0.2226099498156711,-0.4138874274331795,-0.22105251210689222,-0.41284823302687734,0.7750348819205948,-0.42244899643796907,0.776595335327345,-0.421417268021085
0.0,11.3,-0.22457332765693155,-0.4151863861999271,-0.22299666603007068,-0.414145076919727,0.7730598466664874,-0.4237520289988194,0.7746394766260729,-0.42271828307458215
0.0,11.32,-0.22655688786740816,-0.41648531337838574,-0.2249608279543588,-0.4154419442305736,0.771064562645149,-0.42505484871529375,0.7726636368767532,-0.4240191849044632
0.0,11.34,-0.22856093986496462,-0.41778404057788326,-0.22694516003967244,-0.41673874784097154,0.7690487901329366,-0.42635731468372395,0.7706675666690438,-0.4253198497414781
0.0,11.36,-0.23058564697630704,-0.41908247052379305,-0.2289499687619075,-0.4180353142030409,0.767012294797416,-0.42765931907478516,0.7686510353928335,-0.4266201416496875
0.0,11.38,-0.2326313228913379,-0.4203804277291272,-0.23097541431164753,-0.41933154095791103,0.7649548406982216,-0.4289606954599233,0.7666138075355917,-0.427919934591732
0.0,11.4,-0.23469820244690573,-0.421677758406385,-0.2330217391833065,-0.4206272976972089,0.7628761710666676,-0.4302612955882661,0.7645556563034375,-0.42921906725919057
0.0,11.42,-0.2367864592158381,-0.4229743660545226,-0.23508925341911793,-0.42192239521303254,0.7607760496098932,-0.4315609772834973,0.7624763089049175,-0.4305173999668851
0.0,11.44,-0.2388964077479961,-0.42427005425765246,-0.23717812470661548,-0.4232167270657917,0.7586542166682223,-0.4328595796581434,0.7603755456030542,-0.4318147823124822
0.0,11.46,-0.24102836523898433,-0.4255646215478012,-0.23928866984417976,-0.4245101012996186,0.7565104407803984,-0.4341569346606979,0.7582531145726157,-0.43311104040107656
0.0,11.48,-0.24318243361795377,-0.42685799846042854,-0.24142113126490644,-0.4258023582003529,0.7543444524014169,-0.4354528818284689,0.7561087608218636,-0.43440602793305855
0.0,11.5,-0.24535893063876157,-0.4281499716905992,-0.24357575592931946,-0.4270933393204556,0.7521559929747078,-0.43674724337240317,0.7539422324483158,-0.4356995945546403
0.0,11.52,-0.24755818512609765,-0.4294403374099198,-0.2457527926129725,-0.42838288255547113,0.7499448171055326,-0.4380398606163214,0.7517532689766174,-0.4369915263528415
0.0,11.54,-0.24978036973710444,-0.43072895881777945,-0.2479524890452351,-0.4296708171302667,0.7477106550198762,-0.43933051938162043,0.7495416340512068,-0.43828167002409474
0.0,11.56,-0.252025814430877,-0.43201561864984694,-0.2501750946542968,-0.43095696841855036,0.7454532437265307,-0.44061905562947107,0.7473070352474583,-0.43956985090146433
0.0,11.58,-0.25429469474964433,-0.4333001729137402,-0.25242086055643326,-0.4322411578740389,0.7431723144505403,-0.44190527775844013,0.7450492327932209,-0.44085586596248655
0.0,11.6,-0.25658741741019947,-0.43458234572536436,-0.25469011520849033,-0.43352315850881634,0.740867601628115,-0.4431889717422637,0.7427679582645406,-0.4421395239970682
0.0,11.62,-0.25890416734192423,-0.4358619944109192,-0.2569831137373196,-0.43480278252552035,0.7385388362345346,-0.4444699321442307,0.7404629309780748,-0.4434206372337433
0.0,11.64,-0.2612451976046767,-0.43713891303681457,-0.25930010993248387,-0.43607983294859004,0.7361857457703722,-0.44574796190555677,0.7381339061496667,-0.44469897975899425
0.0,11.66,-0.2636108452588484,-0.43841285532987434,-0.26164136212136796,-0.4373541135480108,0.7338080529572101,-0.44702283622094824,0.7357805868213565,-0.44597435754684583
0.0,11.68,-0.2660013700615339,-0.439683610328494,-0.2640072068020252,-0.43862537771064125,0.7314054689986939,-0.44829433328186236,0.733402704533352,-0.4472465512029908
0.0,11.7,-0.26841703324882615,-0.44095096252625665,-0.2663978232714517,-0.4398934556352329,0.7289777261953878,-0.4495622188916074,0.7309999954424471,-0.44851533679469774
0.0,11.72,-0.27085817781337906,-0.442214649611695,-0.2688136284790141,-0.441158044014809,0.7265245371964129,-0.4508262565338291,0.7285721674125677,-0.4497804830261674
0.0,11.74,-0.27332498493306573,-0.4434744829991958,-0.2712547275816126,-0.4424190107841263,0.7240456119570047,-0.45208621741858734,0.7261189496176116,-0.4510417462273433
0.0,11.76,-0.27581787529815954,-0.4447301367415716,-0.2737215381809675,-0.4436760365542575,0.7215406810894328,-0.4533418246674143,0.7236400439491819,-0.4522988929048164
0.0,11.78,-0.27833704241793344,-0.4459814273838348,-0.27621432253871575,-0.4449288850003834,0.7190094326398285,-0.4545928365070684,0.721135173469306,-0.4535516592592253
0.0,11.8,-0.28088282357186856,-0.44722804966410074,-0.27873335058429927,-0.4461773251288465,0.7164515845508405,-0.4558389859601683,0.7186040592737416,-0.45479980702500744
0.0,11.82,-0.2834554893929263,-0.44846975625936003,-0.2812788807476792,-0.4474211004320005,0.7138668444928062,-0.45708000821516825,0.7160463867069721,-0.4560430666034779
0.0,11.84,-0.28605530850458943,-0.44970628950191704,-0.28385134209706786,-0.44865987075957464,0.7112549178459188,-0.4583156102282154,0.7134618796894651,-0.45728114865158626
0.0,11.86,-0.2886826260414559,-0.45093733083800386,-0.2864508395408498,-0.44989346651718826,0.7086154923434402,-0.4595455132086378,0.7108502443913058,-0.45851379615751575
0.0,11.88,-0.2913377923205186,-0.4521625596134169,-0.289077880805537,-0.45112147964563737,0.7059482946187149,-0.460769401098465,0.7082111845738907,-0.4597406884269332
0.0,11.9,-0.29402099452891634,-0.4533817399815535,-0.29173257256338075,-0.45234373018274593,0.7032530017228864,-0.46198700358929207,0.7055443951590684,-0.46096157716235575
0.0,11.92,-0.29673266803400117,-0.4545944925786845,-0.2944152614439499,-0.45355988733100755,0.7005293218974376,-0.46319797255057454,0.7028495934710334,-0.46217611333305086
0.0,11.94,-0.2994729950815445,-0.4558005591460607,-0.2971263820089069,-0.4547695713934326,0.6977769467265714,-0.4644020087393372,0.7001264477725369,-0.46338401095787723
0.0,11.96,-0.3022423343996858,-0.4569995981001055,-0.2998660359836751,-0.4559725763186008,0.6949955674710145,-0.4655987667072613,0.6973746982573569,-0.4645849331356119
0.0,11.98,-0.3050410289797922,-0.45819123368087933,-0.3026347401821688,-0.4571684560846861,0.6921848752125118,-0.4667879249183017,0.6945939959949443,-0.4657785610746221
0.0,12.0,-0.30786935692948025,-0.45937515679786695,-0.3054326773146217,-0.4583569398486523,0.6893445615813403,-0.4679691156732373,0.6917840565057122,-0.4669645549661133
0.0,12.02,-0.3107275863670015,-0.4605510363037735,-0.30826012038247086,-0.45953771454567344,0.6864743266789659,-0.46914198297698373,0.6889445795640212,-0.4681425533588384
0.0,12.04,-0.3136161432618808,-0.46171841985587186,-0.31111749664508925,-0.46071034173840314,0.6835738553818317,-0.4703061661458826,0.6860752331858231,-0.46931221431299014
0.0,12.06,-0.3165353046525029,-0.4628769709603296,-0.3140050812754484,-0.4618744928362202,0.6806428181519917,-0.4714612821461821,0.6831757427772585,-0.4704731527441464
0.0,12.08,-0.31948534063209233,-0.464026335885347,-0.3169231353204996,-0.4630298115099258,0.677680910750802,-0.4726069526367222,0.6802457624866721,-0.4716250104489993
0.0,12.1,-0.3224665139426536,-0.4651661434315898,-0.3198720154372163,-0.46417590025512806,0.674687831796949,-0.4737427533201878,0.6772849967849951,-0.4727673808036558
0.0,12.12,-0.3254792610600037,-0.46629591793367237,-0.3228519833334947,-0.46531238780002554,0.6716632494211409,-0.474868295591532,0.6742931435058986,-0.4738998750606147
0.0,12.14,-0.32852392715973483,-0.46741521377133094,-0.32586347074641603,-0.4664387929196963,0.6686068588023426,-0.4759831609337483,0.6712698634971593,-0.47502208281711644
0.0,12.16,-0.3316006980054925,-0.46852369710296404,-0.3289066584932206,-0.46755478465194955,0.6655183352782599,-0.47708690276409027,0.6682148680809095,-0.47613358034425174
0.0,12.18,-0.3347100040732214,-0.4696208537053621,-0.3319819012024808,-0.46865992728087447,0.6623973650660058,-0.4781790853325584,0.6651278313450983,-0.4772339564478999
0.0,12.2,-0.337852022623771,-0.4707063236649927,-0.3350896168408776,-0.4697536902798725,0.6592436391795756,-0.4792592440170872,0.6620084414245081,-0.47832272514464447
0.0,12.22,-0.34102726256162835,-0.4717795090034241,-0.3382299891010166,-0.47083572459665796,0.6560568365263026,-0.48032692543117733,0.6588563872108194,-0.4793994742203822
0.0,12.24,-0.344235904069863,-0.4728400376987247,-0.34140343953060703,-0.47190548625405326,0.6528366502386099,-0.48138163576804055,0.6556713489906413,-0.48046371731401294
0.0,12.26,-0.3474782830384148,-0.4738873999376616,-0.344610232991119,-0.47296255030069284,0.649582746380337,-0.4824228980166078,0.6524530181396011,-0.48151499574708495
0.0,12.28,-0.35075482567343785,-0.47492102532583064,-0.34785070422467795,-0.47400640695202,0.6462948223773383,-0.48345018897067715,0.6492010866097796,-0.48255278262883344
0.0,12.3,-0.3540656969777312,-0.4759404997454795,-0.35112510439571015,-0.4750365974263702,0.6429725728687433,-0.4844630018217775,0.6459152254914862,-0.4835766070997665
0.0,12.32,-0.35741131329569664,-0.4769452214022781,-0.3544337703189177,-0.4760525984356126,0.6396156688174097,-0.4854608121737827,0.6425951544245307,-0.48458592974825065
0.0,12.34,-0.36079192792058506,-0.4779347068461207,-0.3577771171685194,-0.4770538082432565,0.6362238132475333,-0.48644306672471643,0.6392405356694597,-0.48558023890844465
0.0,12.36,-0.3642079427862133,-0.4789083149343902,-0.3611553094228308,-0.4780398011372996,0.6327966858223698,-0.4874092113311931,0.6358510719436482,-0.4865589827142454
0.0,12.38,-0.36765952008399777,-0.47986560000249173,-0.36456874716943893,-0.4790099378260335,0.6293339921490346,-0.4883586576923644,0.6324264498614015,-0.4875216140767972
0.0,12.4,-0.3711471505207021,-0.4808058453545567,-0.3680177624847497,-0.4799636518127708,0.6258354217501682,-0.48929083866582046,0.6289663817967467,-0.4884675518281068
0.0,12.42,-0.3746709749800377,-0.4817285629208877,-0.37150258499710737,-0.48090040814309587,0.6223006767821343,-0.49020514186358083,0.6254705579796874,-0.4893962138172275
0.0,12.44,-0.3782313919289293,-0.48263307092793056,-0.3750235298832559,-0.48181960293035014,0.6187294616591338,-0.4911009539844171,0.6219386800794473,-0.49030698938163525
0.0,12.46,-0.3818286248795143,-0.48351880106434186,-0.3785809943447573,-0.48272055465338365,0.6151214693450873,-0.4919776493075433,0.6183704434114952,-0.49119927775589695
0.0,12.48,-0.3854630630421582,-0.4843850410237119,-0.382175111771161,-0.4836027565357035,0.6114764150845847,-0.4928345630761532,0.6147655630808304,-0.4920724553899216
0.0,12.5,-0.3891349996049674,-0.48523112058214746,-0.3858063540466526,-0.48446543111167867,0.6077940098530565,-0.4936710403620986,0.6111237534926178,-0.4929258593781155
0.0,12.52,-0.39284464390770574,-0.4860564313061927,-0.3894748434928026,-0.48530804449353165,0.6040739710829658,-0.49448640882133704,0.6074447247336117,-0.49375883665206804
0.0,12.54,-0.3965922815433385,-0.4868602800707714,-0.39318096131733354,-0.48612986095330124,0.600316025188112,-0.4952799626538322,0.6037281933045123,-0.49457071674713937
0.0,12.56,-0.40037827463156733,-0.48764188562365707,-0.3969249871981034,-0.48693018227068097,0.5965198826795816,-0.49605099428234867,0.5999738846480441,-0.495360795767022
0.0,12.58,-0.40420281094913524,-0.48840059231748456,-0.40070711614297727,-0.4877083731381962,0.5926852942249785,-0.4967987696087087,0.5961815306454002,-0.4961283690626993
0.0,12.6,-0.40806624383619594,-0.4891355917547065,-0.40452778484721186,-0.4884635651078723,0.5888119806351957,-0.49752255744153323,0.5923508583574315,-0.49687270362761504
0.0,12.62,-0.41196874175721004,-0.48984619222853315,-0.4083870894003144,-0.4891951621580325,0.5848997015678917,-0.4982215628941739,0.5884816251703203,-0.4975930668557866
0.0,12.64,-0.41591063837455305,-0.490531546246038,-0.4122853717316259,-0.4899023390826635,0.580948191866202,-0.4988950317005559,0.5845735651238196,-0.49828868099162493
0.0,12.66,-0.4198921811094896,-0.4911908690216633,-0.41622287849870643,-0.49058432171589234,0.5769572337345807,-0.4995421524174059,0.5806264269495612,-0.4989587893973967
0.0,12.68,-0.42391350608389683,-0.4918234135075133,-0.42019984570330715,-0.49124031681936264,0.5729265703555013,-0.500162105065925,0.5766399911877457,-0.49960258291383625
0.0,12.7,-0.4279749286898124,-0.49242828926055277,-0.42421642209243005,-0.4918695972781043,0.5688559883567718,-0.5007540608958803,0.5726140080304375,-0.5002192338463541
0.0,12.72,-0.4320766570508282,-0.49300464751249107,-0.4282729975841449,-0.4924711895468398,0.5647452638113826,-0.501317152637897,0.5685482666861573,-0.5008079374112308
0.0,12.74,-0.43621889167390326,-0.4935516254044701,-0.43236969270562264,-0.49304432125304837,0.5605942028308132,-0.5018505094114819,0.5644425498349824,-0.5013678188368248
0.0,12.76,-0.44040182004380624,-0.4940683401846494,-0.43650680232312444,-0.49358806786039056,0.5564026012249973,-0.502353237981171,0.5602966549352126,-0.5018980040384143
0.0,12.78,-0.4446257125903446,-0.4945538228552416,-0.44068441627427324,-0.49410161322989793,0.5521702676193476,-0.5028244246725713,0.5561103861023696,-0.5023976293979971
0.0,12.8,-0.44889073467880525,-0.495007153968909,-0.4449027219883802,-0.4945840749523392,0.5478970485389907,-0.503263122474587,0.5518835604844704,-0.5028657585837774
0.0,12.82,-0.4531969453295461,-0.49542746716337,-0.4491619693526311,-0.49503446081625785,0.5435827641927208,-0.5036683976113332,0.5476160107683843,-0.5033014723305049
0.0,12.84,-0.4575445766787026,-0.49581373608309465,-0.4534623887284515,-0.49545174972596856,0.5392272775997281,-0.5040392684408082,0.5433075869320642,-0.5037038165983438
0.0,12.86,-0.46193374305894686,-0.49616497434760926,-0.4578039462098025,-0.49583514832686754,0.5348304334472714,-0.5043747363878223,0.5389581251510394,-0.5040718258438811
0.0,12.88,-0.466364655503772,-0.49648012212776416,-0.4621869433881265,-0.4961835319704513,0.5303921407332107,-0.5046737742842754,0.5345675005059305,-0.5044045179992149
0.0,12.9,-0.47083738956547344,-0.49675814369094673,-0.46661139546666525,-0.49649598226407055,0.5259122725696733,-0.5049353725810941,0.5301355972447556,-0.5047008664176283
0.0,12.92,-0.4753519484773,-0.4969980997645815,-0.4710774898645705,-0.49677141600435487,0.5213907412123863,-0.5051584503137314,0.5256623025512677,-0.5049598458002537
0.0,12.94,-0.4799085612139681,-0.49719876498114723,-0.475585293697664,-0.4970087920424098,0.5168274918232266,-0.5053419373679316,0.521147540230186,-0.5051804106152624
0.0,12.96,-0.4845071829574551,-0.4973591461074393,-0.48013486647635734,-0.4972070599047153,0.5122224410665456,-0.5054847314483901,0.5165912303230351,-0.5053614909722753
0.0,12.98,-0.4891478358434619,-0.4974781468092161,-0.4847262543282104,-0.4973651540482479,0.5075755737270841,-0.5055857208116923,0.5119933294334719,-0.5055019777818046
0.0,13.0,-0.49383069518812295,-0.49755447743165415,-0.48935956509157696,-0.49748189697165857,0.5028868586112937,-0.505643754082601,0.5073537970259192,-0.5056007597844581
0.0,13.02,-0.4985556545498958,-0.49758708182423256,-0.49403488052773453,-0.4975560813357844,0.49815630355200796,-0.5056576582880622,0.5026726204276594,-0.5056567118769093
0.0,13.04,-0.5033226779875782,-0.4975748040336681,-0.4987520176409625,-0.4975867539497669,0.49338394478152836,-0.5056262633009188,0.4979498020477068,-0.505668664043717
0.0,13.06,-0.5081317878610192,-0.4975163727563975,-0.5035111075864339,-0.49757258437994684,0.4885698029965074,-0.505548355894796,0.49318536685687797,-0.5056354432402026
0.0,13.08,-0.5129829018273948,-0.49741058767775026,-0.5083119981542463,-0.4975124808455617,0.4837139688113122,-0.505422713314263,0.48837937012882854,-0.5055558453218062
0.0,13.1,-0.517875993987225,-0.4972561315108097,-0.5131547857691093,-0.4974050768839847,0.4788165304866144,-0.5052480638108673,0.48353187285813237,-0.5054286618813962
0.0,13.12,-0.522810851373713,-0.4970518567010544,-0.5180392703202129,-0.4972492382824516,0.473877599904015,-0.5050231650935582,0.47864296793526734,-0.5052526355200249
0.0,13.14,-0.527787390458886,-0.4967963970629267,-0.5229653191845096,-0.4970437280047223,0.46889733189117333,-0.5047467005331893,0.4737127779609992,-0.5050265100247335
0.0,13.16,-0.5328055184593566,-0.4964883795546113,-0.527932854352912,-0.4967871905911174,0.4638758957304764,-0.5044173541750394,0.46874145803597445,-0.5047489974369223
0.0,13.18,-0.5378649290658685,-0.49612658350265454,-0.532941696098277,-0.49647835111749566,0.458813496493568,-0.5040338149610055,0.4637291749812752,-0.5044187902742937
0.0,13.2,-0.5429653736316666,-0.4957096767730365,-0.5379917174768992,-0.4961158147210928,0.4537103609895657,-0.503594707667173,0.45867613800845125,-0.5040345582043402
0.0,13.22,-0.5481067589752825,-0.49523612730956884,-0.5430825832175559,-0.49569834671374363,0.44856675117094275,-0.503098659637442,0.45358256900222516,-0.5035949679992645
0.0,13.24,-0.5532886825374438,-0.4947046486261417,-0.5482141075832314,-0.49522451037769716,0.44338297311845687,-0.5025442750188648,0.44844873837190985,-0.5030986335953871
0.0,13.26,-0.558510895208536,-0.4941137547445287,-0.5533859811304196,-0.49469293657977814,0.43815933271891444,-0.5019301369182368,0.4432749391572568,-0.5025441753031017
0.0,13.28,-0.5637729424306311,-0.4934621335346856,-0.5585979616326671,-0.49410215062191304,0.43289622653825827,-0.5012548036781405,0.4380614964380324,-0.5019301938916924
0.0,13.3,-0.5690745746917176,-0.4927481425885954,-0.563849502679345,-0.49345093879622337,0.42759402482928754,-0.5005168337544134,0.43280878232046754,-0.50125525170202
0.0,13.32,-0.5744151955209194,-0.49197054288527553,-0.5691404549397905,-0.49273757923755584,0.42225318218400765,-0.49971473512328196,0.4275171885526431,-0.500517911319453
0.0,13.34,-0.579794562754507,-0.49112754465955727,-0.5744702958317468,-0.4919607272007328,0.4168741699643382,-0.4988470281788218,0.4221871503944816,-0.49971670901210713
0.0,13.36,-0.5852119936846533,-0.4902178624404115,-0.5798384542523054,-0.491119012171519,0.4114575128997201,-0.4979121994334749,0.4168191492767832,-0.49885015757328116
0.0,13.38,-0.5906669328828192,-0.48923998911444655,-0.5852445926659371,-0.49021075459549385,0.406003752551518,-0.4969087277928149,0.41141369330501837,-0.4979167579254355
0.0,13.4,-0.5961589423732286,-0.48819218139960285,-0.5906881501056052,-0.4892344449879596,0.40051350326155,-0.4958350629758204,0.40597133834425736,-0.49691500569408203
0.0,13.42,-0.6016872156189371,-0.4870731033744412,-0.5961684478718805,-0.48818866678599865,0.39498740221694795,-0.49468965296123907,0.40049268460423626,-0.4958433513856146
0.0,13.44,-0.6072512314327939,-0.4858809759684987,-0.601684845918427,-0.48707188039515,0.38942615178140993,-0.4934709247208344,0.3949783862414442,-0.4947002650438012
0.0,13.46,-0.6128501771756926,-0.48461432377602154,-0.6072367545254155,-0.4858824302328529,0.38383047449636254,-0.4921772982717288,0.3894291127030462,-0.4934841874780013
0.0,13.48,-0.6184832814919572,-0.48327155293032237,-0.6128234421004843,-0.4846187375750226,0.37820118151299315,-0.4908071667113803,0.3838456097191071,-0.49219353491027956
0.0,13.5,-0.624149790534599,-0.48185093028142467,-0.6184441401851216,-0.48327921495818754,0.3725390807957545,-0.48935893776967093,0.37822866311611547,-0.4908267246075124
0.0,13.52,-0.6298486799674428,-0.4803510578602629,-0.6240979513852594,-0.4818623701863409,0.3668450838074619,-0.4878309762401056,0.37257909337667006,-0.4893821667712811
0.0,13.54,-0.635579185539405,-0.47877006768159464,-0.6297840865841083,-0.4803664712232875,0.3611201273960569,-0.4862216622030037,0.3668977891525635,-0.4878582544258792
0.0,13.56,-0.6413402565228921,-0.4771064194597284,-0.6355016391301096,-0.4787898920370606,0.35536521585381325,-0.4845293573298366,0.36118569757006846,-0.4862533691857216
0.0,13.58,-0.6471307786245153,-0.47535855565207813,-0.6412495487668219,-0.477131090759475,0.34958138658993515,-0.482752429413032,0.3554437983418996,-0.48456588177112897
0.0,13.6,-0.6529497676932925,-0.4735246965540396,-0.6470268191218038,-0.4753884283694021,0.343769756338937,-0.48088922634195125,0.3496731408465206,-0.48279418359124665
0.0,13.62,-0.6587960736190794,-0.4716031433080971,-0.6528323586545047,-0.4735602236369511,0.3379314910563502,-0.47893810641751894,0.34387482359599486,-0.480936623791372
0.0,13.64,-0.664668351062737,-0.46959243834563147,-0.6586650533593555,-0.4716448090559041,0.332067835422166,-0.4768974090975124,0.33805001770093973,-0.47899157737955667
0.0,13.66,-0.6705654400911505,-0.46749076975422094,-0.6645236467639205,-0.469640620411404,0.3261800630478756,-0.47476549110137317,0.33219993479070237,-0.47695740072718823
0.0,13.68,-0.6764859532488324,-0.4652965475002797,-0.6704068957906212,-0.4675459637305656,0.32026952637261746,-0.4725407086055949,0.3263258713664559,-0.4748324591475874
0.0,13.7,-0.682428520368607,-0.4630080578059656,-0.6763135093571441,-0.4653591456915353,0.314337664789725,-0.4702214137371418,0.32042915635954555,-0.472615123336926
0.0,13.72,-0.6883916402751415,-0.46062371031989985,-0.6822419702585587,-0.46307870221029546,0.30838594490330257,-0.46780597361928333,0.31451119290998875,-0.4703037584804152
0.0,13.74,-0.6943737461778345,-0.45814191282271627,-0.6881909557643533,-0.46070282028793796,0.3024159139679881,-0.4652927607001276,0.3085734695033781,-0.4678967428777952
0.0,13.76,-0.7003733715097705,-0.45556083359109084,-0.6941589068874225,-0.45822991359992393,0.29642920039955856,-0.4626801560338174,0.30261751317390123,-0.46539247011327245
0.0,13.78,-0.7063886619813131,-0.4528791269268443,-0.7001442061263677,-0.4556584006940979,0.29042749502495274,-0.45996655786504975,0.29664494003443437,-0.4627893193892765
0.0,13.8,-0.7124180285948076,-0.45009497152422173,-0.7061452637800752,-0.4529865884635815,0.2844125414354082,-0.45715038465993824,0.29065741000903766,-0.4600857119373908
0.0,13.82,-0.7184595662585609,-0.44720691321863076,-0.7121602628927671,-0.4502130308163473,0.27838617005965777,-0.4542300591442084,0.28465668107913583,-0.4572800723528745
0.0,13.84,-0.7245114032456879,-0.4442133974734384,-0.7181873888806117,-0.4473361597493599,0.27235029328715094,-0.45120403950602006,0.2786445525370334,-0.45437084775267583
0.0,13.86,-0.7305715711450144,-0.4411128625574373,-0.7242247814164122,-0.44435442897942196,0.2663068693599464,-0.4480707976530776,0.27262292163199914,-0.4513564931671269
0.0,13.88,-0.7366381385254515,-0.43790364880754706,-0.7302706631679073,-0.4412660451862894,0.26025795068464247,-0.4448288472620118,0.2665937345063449,-0.4482355012030328
0.0,13.9,-0.7427087949401235,-0.43458462278931276,-0.7363227979380907,-0.4380698590065454,0.254205658305887,-0.44147670474015555,0.2605590279848081,-0.44500638378582624
0.0,13.92,-0.7487816228280152,-0.43115389871212934,-0.7423792036849959,-0.43476423737430187,0.24815219052571896,-0.4380129422111471,0.254520900352763,-0.44166769761079383
0.0,13.94,-0.7548540826474315,-0.42761050657824695,-0.7484376805435625,-0.4313478229164875,0.2420998109896148,-0.43443616973394994,0.24848152754149486,-0.4382180026799879
0.0,13.96,-0.7609240650144333,-0.4239527445248636,-0.7544960141269299,-0.4278191366645781,0.23605086951689963,-0.43074502188323366,0.242443163529057,-0.4346559201039803
0.0,13.98,-0.766989115832191,-0.42017929968139356,-0.7605519406838723,-0.42417673258257693,0.23000778571258562,-0.426938186254925,0.2364081356273839,-0.43098009187716857
0.0,14.0,-0.7730466778305143,-0.4162890456187331,-0.7666029917034418,-0.42041946201171065,0.22397304980332672,-0.42301439051918266,0.23037883197069264,-0.42718923264307024
0.0,14.02,-0.7790941943268139,-0.41228075328407415,-0.7726467646805094,-0.4165459323539721,0.21794924438741212,-0.41897241221567133,0.22435774085875979,-0.4232820630976454
0.0,14.04,-0.7851290963110945,-0.4081530835138511,-0.7786807173754783,-0.4125549163801944,0.21193900418429842,-0.41481109706067193,0.2183473986395638,-0.419257379092256
0.0,14.06,-0.7911486320390898,-0.403905022084381,-0.7847021710588212,-0.40844535975838403,0.20594506248751818,-0.4105293278498594,0.21235043822642138,-0.41511402196378394
0.0,14.08,-0.7971500424717318,-0.39953545331128815,-0.7907084552291016,-0.40421611258967166,0.19997020341272337,-0.40612606261628637,0.20636954711609615,-0.4108508933365224
0.0,14.1,-0.8031304946166725,-0.3950433009663093,-0.7966969177844232,-0.3998659334067281,0.19401730392822192,-0.4016003162616964,0.20040750443355654,-0.40646694312204423
0.0,14.12,-0.8090869674462483,-0.3904278241925795,-0.8026646124026791,-0.3953940299479446,0.1880893022983499,-0.3969511759535534,0.19446714335481682,-0.40196120865119694
0.0,14.14,-0.8150165806064528,-0.3856879107344813,-0.8086087506770941,-0.39079924625260853,0.1821892036530903,-0.39217780027541194,0.18855138859882667,-0.39733277150356694
0.0,14.16,-0.8209161217939687,-0.38082306914052083,-0.8145262032346099,-0.3860810367874995,0.17632009678945282,-0.38727942705376867,0.182663216730862,-0.3925807906326746
0.0,14.18,-0.8267825891912834,-0.375832297405529,-0.8204140583475587,-0.3812383485384521,0.17048513142812352,-0.38225536948649586,0.1768056844662321,-0.3877045145016823
0.0,14.2,-0.8326126581681547,-0.3707152279535067,-0.8262691413824265,-0.3762706100916879,0.16468751670643092,-0.37710503792013234,0.17098191296565632,-0.3827032564294267
0.0,14.22,-0.8384031475237396,-0.36547112657085334,-0.8320882885154931,-0.37117716898345415,0.15893053774145563,-0.37182791458730685,0.1651950795338724,-0.3775764195225937
0.0,14.24,-0.8441506298061996,-0.36009976366039825,-0.8378682184024847,-0.3659575827941318,0.15321753565089033,-0.36642359051914847,0.15944844543413492,-0.3723234968163676
0.0,14.26,-0.8498518189317361,-0.3546005421486915,-0.8436057247641736,-0.36061118400302195,0.14755190828279122,-0.36089174065618224,0.1537453164802799,-0.36694406388686174
0.0,14.28,-0.8555031926998165,-0.3489733812337643,-0.8492973621247398,-0.3551378152203338,0.1419371201721967,-0.3552321413318023,0.14808906410144224,-0.3614378006176916
0.0,14.3,-0.8611013075509184,-0.34321798167508183,-0.8549397626454407,-0.3495370986909703,0.13637667679190482,-0.3494446911899501,0.14248311731224608,-0.3558044840588723
0.0,14.32,-0.866642498817148,-0.33733457580052517,-0.8605293937602909,-0.34380903195763474,0.1308741426832091,-0.34352937784413956,0.13693094654020008,-0.35004399537148734
0.0,14.34,-0.8721232460804182,-0.331323031251223,-0.866062801903747,-0.337953393588275,0.1254331265504651,-0.33748630791710277,0.13143609408331713,-0.34415631855317064
0.0,14.36,-0.8775398727486511,-0.3251836033875925,-0.8715363762980178,-0.3319703457644888,0.12005728345242994,-0.3313157085302314,0.12600213048391026,-0.33814155147629094
0.0,14.38,-0.8828886772249693,-0.3189166413220475,-0.8769464751202677,-0.3258601398230097,0.1147502993745557,-0.3250179179226583,0.1206326737077749,-0.3319999128863631
0.0,14.4,-0.8881659293261605,-0.31252258754564377,-0.8822894267843682,-0.31962311784194775,0.10951591156271462,-0.3185934033069639,0.11533138436838744,-0.32573172710413684
0.0,14.42,-0.8933678809774915,-0.30600198269113127,-0.8875615920878064,-0.31325956147408324,0.10435787525242368,-0.3120427568063607,0.11010195654866418,-0.3193374504718706
0.0,14.44,-0.8984907638425335,-0.29935546539113356,-0.892759248936799,-0.306769998974787,0.09927997209338074,-0.3053666981264595,0.1049481207781072,-0.31281766012801193
0.0,14.46,-0.9035307951881416,-0.29258377498616556,-0.8978786087227091,-0.3001552143897301,0.09428600681360297,-0.2985660828371817,0.09987362608716051,-0.3061730550920008
0.0,14.48,-0.908484084221088,-0.28568807113824096,-0.9029159223086715,-0.2934159365373803,0.0893798063533487,-0.2916419019829684,0.0948822497944626,-0.2994044844068187
0.0,14.5,-0.913346791239671,-0.2786694647509774,-0.9078673801881951,-0.2865531539998491,0.08456520514223925,-0.2845952927788088,0.08997776974032805,-0.29251289771989614
0.0,14.52,-0.9181151291745894,-0.27152901602007656,-0.9127291724692448,-0.2795679620699181,0.07984603999379297,-0.27742752331881043,0.08516399221003895,-0.28549941541226853
0.0,14.54,-0.9227852202702166,-0.26426821376396065,-0.9174975408252193,-0.2724614039603236,0.07522614726648441,-0.2701399858020433,0.08044472402671393,-0.2783652804014497
0.0,14.56,-0.9273532489246226,-0.25688849941645214,-0.9221685893976163,-0.2652351110955121,0.07070934614245981,-0.2627342317172022,0.07582377939181942,-0.2711118845554889
0.0,14.58,-0.9318153327068847,-0.24939175260700142,-0.9267385794934151,-0.2578903461730778,0.06629947113859398,-0.2552119877326218,0.07130493842461072,-0.2637407350974493
0.0,14.6,-0.9361677472017107,-0.24177948126640933,-0.9312036560962443,-0.2504289680248237,0.06200030460333039,-0.24757507812233934,0.06689200665700201,-0.2562535256643814
0.0,14.62,-0.9404066272487084,-0.2340539601659151,-0.9355601212558301,-0.24285246267410815,0.057815634231794144,-0.23982552134773769,0.06258874348445655,-0.24865204903693044
0.0,14.64,-0.9445282765367492,-0.2262170920887419,-0.9398041350723682,-0.2351630814482402,0.053749188475033495,-0.2319654330030358,0.05839890250042784,-0.24093831710824026
0.0,14.66,-0.9485289967722346,-0.2182710582081603,-0.943932026514654,-0.22736270290515848,0.049804678121881406,-0.2239971480285786,0.054326184847077845,-0.233114385805588
0.0,14.68,-0.9524050685285947,-0.21021848886188738,-0.9479400846003031,-0.2194536484902558,0.04598574531883737,-0.21592306998592473,0.050374267333477704,-0.22518253014535997
0.0,14.7,-0.9561528722460391,-0.20206196781551075,-0.9518246891932024,-0.2114381911047598,0.04229600328230066,-0.2077458218930495,0.04654678580469132,-0.21714517327050897
0.0,14.72,-0.9597688888917681,-0.1938040283469013,-0.955582239479709,-0.203318884847521,0.03873898334845786,-0.19946812770596703,0.04284731147560754,-0.2090048640985191
0.0,14.74,-0.963249599980651,-0.18544765303487856,-0.9592091993826484,-0.1950983997140263,0.035318166018347946,-0.191092880509828,0.03927936571675658,-0.2007642814535623
0.0,14.76,-0.966591602553909,-0.17699577262369218,-0.9627020693113527,-0.18677968816376384,0.03203694417083294,-0.1826231044164533,0.0358464059788259,-0.1924262974419348
0.0,14.78,-0.9697915474840759,-0.16845159946124688,-0.9660574656467691,-0.17836565021984488,0.028898634605474358,-0.17406197134572654,0.032551803314091556,-0.18399389238871042
0.0,14.8,-0.9728462071346624,-0.15981828834011552,-0.9692720848606526,-0.16985929693731372,0.025906471807449517,-0.1654128301150584,0.029398860087546306,-0.17547016856354178
0.0,14.82,-0.9757523975520488,-0.15109944287633206,-0.972342711132318,-0.16126374885049055,0.023063581245050924,-0.15667910129942597,0.02639079497564514,-0.16685844473372885
0.0,14.84,-0.9785070942708446,-0.14229843391388705,-0.9752661429514193,-0.15258274453076906,0.020372993403579804,-0.14786437970176539,0.02353072303804533,-0.15816209895192748
0.0,14.86,-0.9811073109926892,-0.13341924860717913,-0.9780393942851491,-0.14381944997082272,0.017837631282968423,-0.13897240250439133,0.02082165975829899,-0.14938466271186635
0.0,14.88,-0.9835502763486238,-0.12446529148825798,-0.9806594838189607,-0.13497781561959388,0.01546029666996118,-0.13000701185917674,0.018266519695009274,-0.14052984219269135
0.0,14.9,-0.9858332283209204,-0.11544092115851638,-0.9831236235407056,-0.1260613808710106,0.01324366723082166,-0.12097216904644065,0.015868100549101604,-0.13160141782459442
0.0,14.92,-0.9879536256971849,-0.10634990434506299,-0.985429098922676,-0.11707412396636767,0.011190293829057892,-0.11187197957958826,0.013629072547711424,-0.12260331487879665
0.0,14.94,-0.989909002081186,-0.09719661344978323,-0.9875733463270088,-0.1080199451510263,0.009302594020894426,-0.10271065273778243,0.011551988560776915,-0.11353956446507656
0.0,14.96,-0.991697056563124,-0.0879853348951448,-0.9895538980660535,-0.09890317873644162,0.0075828374615172405,-0.09349247993005935,0.009639258562692576,-0.10441432949505099
0.0,14.98,-0.9933156361325894,-0.07872043585863289,-0.9913684498182432,-0.08972807289557119,0.006033149881120069,-0.08422189791426962,0.007893161660822766,-0.09523185966018576
0.0,15.0,-0.9947627525320407,-0.06940618558161181,-0.9930148579344307,-0.08049878320895446,0.004655505391868556,-0.07490339712015351,0.006315828868526631,-0.08599653204265835
0.0,15.02,-0.9960365359029549,-0.0600474442646738,-0.9944911098386663,-0.07121971340560797,0.0034517182295390695,-0.06554159620988777,0.00490923856538868,-0.07671278832321053
0.0,15.04,-0.9971353073784823,-0.05064879056196837,-0.9957953262654478,-0.06189568544178075,0.0024234399684730707,-0.056141155662372356,0.003675215992739227,-0.06738517648040784
0.0,15.06,-0.998057544820043,-0.041215036225682386,-0.9969258267375074,-0.052531066005203936,0.0015721567063586594,-0.046706853498009966,0.0026154268248399877,-0.05801833658108761
0.0,15.08,-0.9988019109310604,-0.031750697879422925,-0.9978810782615466,-0.043130454418280624,0.0008991799584465683,-0.03724349783165367,0.0017313698997731464,-0.04861696323743175
0.0,15.1,-0.9993672160263825,-0.022261036179613565,-0.9986597015351383,-0.03369885215108447,0.0004056502107004455,-0.027755983681564123,0.0010243780515349292,-0.03918583058656585
0.0,15.12,-0.9997524718217746,-0.012750655359466338,-0.9992605024550664,-0.024241134654132055,9.252807746938657e-05,-0.01824924147332243,0.000495609830321435,-0.029729777714775026
0.0,15.14,-0.9999568564252369,-0.0032247169061968305,-0.9996824692953067,-0.014761869784582651,-3.940614752669192e-05,-0.008728256969649897,0.00014604974925715538,-0.020253680693381616
0.0,15.16,-0.9999797367851783,0.006311764627580553,-0.9999247537976929,-0.005266183419758383,1.0444751442437953e-05,0.000801957621705019,-2.349646613851783e-05,-0.01076247894941378
0.0,15.18,-0.999820664638405,0.01585375415808398,-0.9999866942283332,0.004241119079438837,0.00024249266534999816,0.010336357447744271,-1.2403999196997616e-05,-0.0012611356265302212
0.0,15.2,-0.9994793732187787,0.02539637744300187,-0.9998678099430636,0.01375486170477833,0.000656963492430671,0.019869877901374757,0.00017976938102848525,0.008245352056457883
0.0,15.22,-0.9989557818891854,0.03493457890716565,-0.9995678029468242,0.02327020268214535,0.0012538953311483985,0.029397449562174577,0.000553282207161686,0.017751968330740928
0.0,15.24,-0.9982500125777846,0.0444629547284357,-0.9990865592428619,0.03278211772630946,0.002033138162480509,0.03891399788589594,0.0011082078567106982,0.027253686359751055
0.0,15.26,-0.9973623593059119,0.053976631779566464,-0.9984241576254338,0.04228540723945903,0.002994355558435203,0.04841445509723852,0.001844433438071108,0.03674547626680531
0.0,15.28,-0.9962932961391455,0.06347075082836176,-0.9975808598976725,0.05177505221868422,0.004137022485688491,0.05789377084831478,0.0027616609384763452,0.046222307187200204
0.0,15.3,-0.995043514387512,0.07293995219328389,-0.9965571022486833,0.06124622062319383,0.005460428007598901,0.06734691931811725,0.003859407088200843,0.05567917563449266
0.0,15.32,-0.9936138603417903,0.08237942664821421,-0.9953535111267661,0.07069392581066355,0.0069636765539963725,0.07676890981162418,0.005137004285496192,0.06511109356173221
0.0,15.34,-0.992005372644887,0.09178422612953063,-0.9939708960199709,0.08011320775992407,0.008645686860011458,0.08615478647586837,0.006593601186019116,0.07451309239039287
0.0,15.36,-0.9902192712064048,0.10114944460625684,-0.9924102641254086,0.0894989667059357,0.010505204514013936,0.09549965835319087,0.008228165990204322,0.083880275269315
0.0,15.38,-0.9882569548989382,0.11047022475253362,-0.9906727918933109,0.09884631717483967,0.01254078568863244,0.10479866273160426,0.010039486554152929,0.09320775340666648
0.0,15.4,-0.986119998625614,0.11974176445785097,-0.9887597958531817,0.10815076582069187,0.01475082616008645,0.11404704542351624,0.012026175886840297,0.10249072329942586
0.0,15.42,-0.9838101504511709,0.12895932322783385,-0.9866728161761621,0.11740735322406487,0.017133537238163427,0.12324008608124756,0.014186674700335723,0.11172443265955442
0.0,15.44,-0.9813293287996773,0.1381182284846005,-0.9844135720995648,0.12661118103350683,0.0196869752127386,0.1323731795195072,0.016519248872472452,0.12090419438695979
0.0,15.46,-0.9786795918865155,0.14721405226546586,-0.9819838633265434,0.13575810395757176,0.022409028118537774,0.14144178441715682,0.019022009198876037,0.13002542398228265
0.0,15.48,-0.975863182307685,0.15624227424217732,-0.9793857626427113,0.14484318865057189,0.025297423392665115,0.15044144834125955,0.02169289299988909,0.13908359385899352
0.0,15.5,-0.9728824687020619,0.16519862859014667,-0.9766214100212005,0.15386226480535414,0.02834974820239525,0.15936785830691622,0.024529689787180876,0.14807429454036292
0.0,15.52,-0.969740002855519,0.17407876955206322,-0.973693175480819,0.16281073147921565,0.03156343208832199,0.168216788458034,0.02753003656987471,0.15699321320552068
0.0,15.54,-0.9664384480326518,0.18287861477951922,-0.9706034677996085,0.1716847557192951,0.03493577011000528,0.1769841157359918,0.03069141617003152,0.16583610351129674
0.0,15.56,-0.9629806072575388,0.19159418040157924,-0.9673549863055995,0.18047974783082002,0.03846391693629216,0.18566585742124742,0.03401118637676564,0.1745989068916046
0.0,15.58,-0.959369415747185,0.2002215850169776,-0.9639504167614454,0.18919206144117248,0.04214490770520929,0.19425813771071707,0.03748655357557008,0.18327759570275387
0.0,15.6,-0.955607936541718,0.20875705402532502,-0.9603926376634316,0.19781781122909273,0.04597565725206231,0.20275724952873633,0.041114616006729394,0.1918683400502636
0.0,15.62,-0.9516993526843303,0.21719692300012644,-0.9566846895786116,0.20635304915237176,0.049952945869630484,0.21115953859592854,0.04489232321629488,0.2003673792818017
0.0,15.64,-0.9476469254242337,0.22553780736801587,-0.9528297042296568,0.21479410471362986,0.05407347051781921,0.2194615891983849,0.04881654461935378,0.2087711393085833
0.0,15.66,-0.9434540584022266,0.2337762717199338,-0.9488308491556521,0.2231377501909892,0.058333819882723285,0.22766006615849774,0.05288400462911393,0.21707612338625812
0.0,15.68,-0.9391242622357991,0.24190900155755649,-0.9446914756732563,0.2313805387102225,0.06273048223312792,0.23575179413131384,0.05709136032323993,0.22527903050031503
0.0,15.7,-0.9346610132721369,0.24993329439781117,-0.9404150373902613,0.23951914107075128,0.0672598775399995,0.24373377357665238,0.061435147559639046,0.23337666499090287
0.0,15.72,-0.9300679979161615,0.25784607648062396,-0.9360049989944341,0.24755067543836862,0.07191831692094616,0.25160307074754984,0.06591183728252684,0.2413659918765175
0.0,15.74,-0.9253489895019383,0.26564440144750373,-0.9314649991049349,0.25547205276567636,0.07670207265022723,0.25935701775244296,0.0705178044444765,0.24924412148579342
0.0,15.76,-0.9205076979527316,0.27332593395434507,-0.9267986700982568,0.2632806326681106,0.08160732957204597,0.26699301233959855,0.07524936321531141,0.2570083188725415
0.0,15.78,-0.9155479378091361,0.2808882984940539,-0.9220097615747029,0.2709737345251717,0.08663022853497782,0.2745086302961356,0.08010275159306539,0.26465599041732774
0.0,15.8,-0.9104736848100979,0.2883289272419748,-0.91710204404765,0.2785489631581504,0.09176687003555664,0.2819016587269009,0.08507416077917983,0.2721846959353664
0.0,15.82,-0.9052888175579428,0.29564585757661266,-0.9120793454101245,0.2860040461493186,0.09701329246300884,0.2891699732651547,0.09015972872965294,0.27959216828319844
0.0,15.84,-0.8999973642098983,0.30283693594534583,-0.9069455975328642,0.29333667661346635,0.10236550547093669,0.29631160679217206,0.09535555040057148,0.28687627501755875
0.0,15.86,-0.8946032326642361,0.30990060599083247,-0.901704681622562,0.3005449911235982,0.10781951267259204,0.3033248071290608,0.10065768627755453,0.29403505632427357
0.0,15.88,-0.8891104652135474,0.31683511904804396,-0.8963605648561599,0.3076270894791421,0.11337126115681327,0.310207904586876,0.10606215494258105,0.30106666675985333
0.0,15.9,-0.8835230779498746,0.3236390066432673,-0.8909172514614327,0.3145811964784172,0.11901671382577449,0.3169594324326087,0.11156497432621428,0.30796945806469794
0.0,15.92,-0.8778451597006625,0.3303107668036072,-0.8853786619423115,0.3214059697396078,0.12475181422327707,0.3235780565375939,0.11716213045571847,0.31474191822225084
0.0,15.94,-0.8720807611667457,0.3368491748620906,-0.8797488471187684,0.3280998759864222,0.13057250691056702,0.3300625966318009,0.12284960666761628,0.32138268543999465
0.0,15.96,-0.8662338770075918,0.34325327480237217,-0.8740318184623104,0.33466165738000964,0.13647474280037308,0.3364120214861268,0.12862339377942122,0.3278905370399632
0.0,15.98,-0.8603085025429453,0.3495222249670606,-0.8682315948000541,0.34109017330678265,0.14245449067729998,0.34262544268993883,0.1344794687210146,0.33426441683030256
0.0,16.0,-0.8543087503223932,0.35565499714885596,-0.8623520811995077,0.3473847021553572,0.14850772455620573,0.3487021175068525,0.1404138268114428,0.3405034013841185
0.0,16.02,-0.848238476489517,0.3616512733061086,-0.8563973549619854,0.35354417948963424,0.15463045038058756,0.3546414473419678,0.14642247922398244,0.34660670870018456
0.0,16.04,-0.8421017716585837,0.3675102479302432,-0.8503713056965134,0.3595681044947025,0.16081870933908107,0.3604429674878558,0.15250146750170548,0.3525736991478142
0.0,16.06,-0.8359024512065866,0.3732318124895435,-0.8442778682861949,0.365455932254256,0.1670685588795352,0.3661063399765546,0.15864684101196094,0.35840387454520234
0.0,16.08,-0.8296444347793042,0.37881566578837067,-0.8381209611462938,0.3712072241760376,0.17337611711546916,0.3716313714484581,0.1648546980828842,0.36409685809813763
0.0,16.1,-0.8233315453759531,0.38426175107180405,-0.8319044783143595,0.37682164422464354,0.1797375171349453,0.3770179831270756,0.17112116670222854,0.36965241872427596
0.0,16.12,-0.8169677069207653,0.3895698211477915,-0.825632220828124,0.38229910161465613,0.18614896859851374,0.38226622925921894,0.17744241398031163,0.37507044557454355
0.0,16.14,-0.8105564676793745,0.39474043727434116,-0.8193079597641019,0.38763960174316137,0.19260671473127453,0.38737627641383593,0.1838146638495087,0.38035093828641164
0.0,16.16,-0.8041017430598786,0.399773395172428,-0.8129354261918087,0.39284324061332215,0.1991070652497165,0.39234840956954165,0.19023416869740953,0.38549403627155326
0.0,16.18,-0.7976069922652588,0.40466942705884007,-0.8065183127229003,0.3979102044130241,0.20564637412169293,0.39718302644548287,0.1966972608199279,0.39049997798738567
0.0,16.2,-0.7910758255297791,0.40942891848807594,-0.8000602685387216,0.40284076594418783,0.21222108209309443,0.40188062521795465,0.20320031220962517,0.39536912453785067
0.0,16.22,-0.784511812072238,0.4140523406995706,-0.7935647551034545,0.40763555932279144,0.21882767342420484,0.4064418111014636,0.20973976002885492,0.40010193316105885
0.0,16.24,-0.7779183157992979,0.418540511298436,-0.7870353203521886,0.4122950148905943,0.2254627023288367,0.410867287841376,0.21631211177426937,0.40469897257016485
0.0,16.26,-0.7712987976351041,0.42289405031376015,-0.7804754716048727,0.4168196467614126,0.23212280814943054,0.4151578580991196,0.222913927786617,0.4091609138029794
0.0,16.28,-0.7646564995297214,0.4271139100228824,-0.773888433391821,0.42121044521210016,0.2388046889273727,0.41931439975070484,0.22954185593534235,0.41348850078159277
0.0,16.3,-0.7579946045559462,0.43120110576135945,-0.7672776559050719,0.4254679197303154,0.24550512850920142,0.42333788958311297,0.2361925851706421,0.4176825921258294
0.0,16.32,-0.7513163032652901,0.4351565773110563,-0.7606462581394077,0.42959319774638544,0.25222098121566705,0.4272293846947759,0.24286292212345828,0.42174412065441014
0.0,16.34,-0.7446247456603151,0.4389813371806483,-0.7539973465040001,0.43358731660547584,0.2589491761033406,0.4309900060501663,0.24954970447661376,0.4256741007009742
0.0,16.36,-0.7379228339376871,0.44267669561937223,-0.7473341294630047,0.4374511159394394,0.2656867278613372,0.43462096676049694,0.2562498740017494,0.4294736307385658
0.0,16.38,-0.7312134842344777,0.4462438833328563,-0.7406595122976762,0.4411858782412479,0.27243073282092706,0.4381235240462212,0.26296044616410974,0.4331438660788677
0.0,16.4,-0.7244994806385044,0.44968431302802475,-0.7339764231623727,0.4447928115334355,0.27917835858497214,0.4414990246535251,0.26967850769167484,0.4366860430211956
0.0,16.42,-0.717783738073316,0.45299903898732763,-0.7272877119906461,0.4482731644846281,0.28592688041234116,0.44474885462647046,0.2764012293535327,0.4401014770124108
0.0,16.44,-0.7110687572778869,0.45618981674329323,-0.7205960636151556,0.45162834423713677,0.29267362362406585,0.4478744618010476,0.28312587412880447,0.4433915007608869
0.0,16.46,-0.7043572327965094,0.4592579025660843,-0.7139042913507763,0.45485957056293447,0.2994160152008483,0.45087734721180334,0.28984975911727756,0.4465575520727295
0.0,16.48,-0.6976515819602953,0.46220497896768326,-0.7072147878566507,0.4579685791607167,0.3061515661540242,0.45375906596783727,0.29657032513054576,0.4496010899902836
0.0,16.5,-0.690954220785893,0.4650326263319445,-0.7005302885763727,0.46095652663931164,0.31287785832403814,0.45652120346576214,0.30328505245918697,0.4525236297590424
0.0,16.52,-0.6842675595044891,0.4677423209093846,-0.6938530427836389,0.4638252073240232,0.31959257089513254,0.4591653936631966,0.30999152511966466,0.45532673543311253
0.0,16.54,-0.6775937910368942,0.4703358145478707,-0.6871854852588251,0.46657608350212615,0.3262934600485692,0.4616933019110591,0.3166874029012324,0.45801200682257254
0.0,16.56,-0.6709352008968507,0.4728146418855472,-0.6805299000690469,0.4692107652706339,0.3329783642576691,0.4641066294255175,0.3233704496471456,0.46058108241146867
0.0,16.58,-0.6642937421647522,0.47518069860883433,-0.6738883130973781,0.4717311038602875,0.33964519462387827,0.4664071138461398,0.3300384650870256,0.46303564026802907
0.0,16.6,-0.6576714701719982,0.47743566432124196,-0.6672630245044842,0.47413850607025426,0.3462919659798222,0.4685965007976047,0.33668938125728565,0.4653773789993832
0.0,16.62,-0.6510702808552997,0.4795813421356792,-0.6606560197196488,0.4764347518060435,0.3529167386581495,0.47067658093849846,0.3433211661690234,0.4676080319882021
0.0,16.64,-0.6444920856402114,0.4816194314615913,-0.6540691310834065,0.4786217464646043,0.3595176908998768,0.4726491491253788,0.3499318981937639,0.46972934922674664
0.0,16.66,-0.6379387370447326,0.48355164881721896,-0.6475042737347821,0.4807011632079245,0.3660930570018311,0.4745160209185217,0.3565197169389256,0.47174311219675646
0.0,16.68,-0.6314117531688378,0.4853800399801955,-0.6409632972182339,0.48267468721457873,0.37264114244638574,0.4762790177095343,0.36308285505539656,0.4736511062544521
0.0,16.7,-0.6249128320700549,0.48710631222553225,-0.6344479163157948,0.4845441357842933,0.37916034081743955,0.4779400037989662,0.36961959210486095,0.4754551433107876
0.0,16.72,-0.6184435379595487,0.4887322982905055,-0.6279596662068508,0.48631141755886337,0.3856491114726457,0.47950080447077587,0.376128320498545,0.4771570435145964
0.0,16.74,-0.6120052788868912,0.49025993240720667,-0.6215002162888319,0.48797824438589427,0.39210600647285965,0.4809632896569854,0.3826074785761432,0.47875863206180913
0.0,16.76,-0.605599636279995,0.4916908090187998,-0.6150709742388136,0.48954652573042434,0.398529622370458,0.48232931266946616,0.38905560117622867,0.48026175116229636
0.0,16.78,-0.5992277307192949,0.4930270742729388,-0.6086734636652278,0.49101795892924943,0.40491863975331027,0.48360074137332504,0.3954712594436349,0.4816682347710791
0.0,16.8,-0.5928909376344655,0.49427042036585084,-0.6023088907697082,0.49239455896632395,0.4112718057700435,0.48477943546609265,0.4018531261462309,0.4829799373699547
0.0,16.82,-0.5865904093658001,0.49542274893072724,-0.5959786589090337,0.4936780163686593,0.41758794770063246,0.4858672444286555,0.4081999404260661,0.4841986885265697
0.0,16.84,-0.5803273272059092,0.496485849309147,-0.5896839209354574,0.4948702100054427,0.4238659302429564,0.4868660253961148,0.41451048313517286,0.48532633191325847
0.0,16.86,-0.574102723299104,0.4974615975473536,-0.5834258860348788,0.4959729291535188,0.4301047082640527,0.48777761872708864,0.42078363049120715,0.4863647199201546
0.0,16.88,-0.5679176553342342,0.4983517515880724,-0.5772055004320485,0.49698812879016235,0.4363032808841441,0.488603879991672,0.42701830379371525,0.4873156705325675
0.0,16.9,-0.5617729604820024,0.4991582612385182,-0.5710240227100177,0.497917365274571,0.44246072368024936,0.4893466135628237,0.43321349879391446,0.4881810013078486
0.0,16.92,-0.5556696847646038,0.4998827658988993,-0.5648822111563788,0.49876267563066917,0.44857615013847446,0.4900076493120763,0.43936825189655127,0.48896254199299277
0.0,16.94,-0.5496084556901657,0.50052726381217,-0.5587810323315825,0.49952578097374406,0.4546487683493943,0.49058878490569263,0.4454816927834388,0.4896620905030563
0.0,16.96,-0.5435902070251752,0.5010933540658014,-0.5527213152120324,0.5002084875118253,0.4606777968520024,0.4910918137620342,0.4515529691399447,0.4902814316489336
0.0,16.98,-0.5376155750924946,0.5015829194744057,-0.5467039203232833,0.5008124837941083,0.4666625350384965,0.4915185163394961,0.4575813148093164,0.49082236130992585
0.0,17.0,-0.5316852932343702,0.5019976058009632,-0.5407294855404013,0.50133963401536,0.4726023334683719,0.49187062759173666,0.4635660032758807,0.4912866179375142
0.0,17.02,-0.5257998992855398,0.502339250457914,-0.5347987767437519,0.5017915935102049,0.47849658828803143,0.492149900218157,0.4695063590055588,0.491675981329056
0.0,17.04,-0.5199600438494325,0.5026094682010995,-0.5289124208360438,0.5021700895882832,0.48434474232919095,0.4923580548127572,0.4754017752266016,0.4919921538391754
0.0,17.06,-0.5141661597470228,0.5028100370297385,-0.5230709129478784,0.5024769215001328,0.49014629834810425,0.49249679360336873,0.4812516597780911,0.4922368587284427
0.0,17.08,-0.5084187320745251,0.5029426271448499,-0.5172749684182687,0.5027135936792767,0.4959007848655492,0.49256778334390194,0.48705551198686764,0.4924117827889304
0.0,17.1,-0.5027182876769251,0.503008793955143,-0.511524810635368,0.5028820329889993,0.5016077896825291,0.4925727069963645,0.49281284316269197,0.49251861492178683
0.0,17.12,-0.49706503977648253,0.5030103237965958,-0.5058210792049456,0.5029837093021506,0.507266940237787,0.4925131754832404,0.4985232161503181,0.4925590016606331
0.0,17.14,-0.49145953259921654,0.5029486473083561,-0.5001641757901589,0.5030202305269335,0.512877909332891,0.4923908198363333,0.5041862507481337,0.49253456965282477
0.0,17.16,-0.48590190570588815,0.502825502348279,-0.494554388353181,0.5029932806693314,0.5184404035870772,0.49220722896962826,0.509801600917014,0.4924469205348694
0.0,17.18,-0.48039245053530655,0.5026424401650533,-0.4889920503916897,0.5029044265557215,0.5239541659896935,0.4919639529557427,0.5153689463398968,0.4922976582018733
0.0,17.2,-0.4749314901799072,0.5024008829826536,-0.48347746575332545,0.5027552183642439,0.5294189749817412,0.4916625716958811,0.5208880183294525,0.4920883457915952
0.0,17.22,-0.4695190795908432,0.502102508349651,-0.47801088741994374,0.5025471661791227,0.5348346564653438,0.49130456898708935,0.5263586030500302,0.49182050854914416
0.0,17.24,-0.4641555654906322,0.5017486098737558,-0.4725924645249813,0.5022818569512539,0.5402010607853744,0.4908914493062785,0.5317804752491622,0.49149567552241646
0.0,17.26,-0.4588409300003387,0.5013408026994024,-0.46722239109504493,0.5019607575562902,0.5455180680842543,0.49042469216288004,0.5371534947463658,0.49111533314273115
0.0,17.28,-0.4535752031687088,0.5008805800844969,-0.46190091281345685,0.5015852251381936,0.5507855943485602,0.48990574108280466,0.5424775283679882,0.4906809559733337
0.0,17.3,-0.44835864931793773,0.5003691730662044,-0.4566279938819792,0.5011568476698307,0.5560035803252882,0.48933601155026546,0.5477524580174639,0.4901939814788559
0.0,17.32,-0.443191166228056,0.4998081169504097,-0.4514038221158817,0.5006769342417418,0.5611720040237341,0.48871688563530297,0.5529782243360076,0.4896558329300027
0.0,17.34,-0.4380728771895717,0.49919867493906445,-0.4462283061294606,0.5001470190506435,0.5662908659654542,0.4880497512835144,0.5581547932548673,0.48906788943830876
0.0,17.36,-0.43300360892847456,0.4985423050326691,-0.4411016570139985,0.4995682743327149,0.5713602105125478,0.4873359353625995,0.5632821535364019,0.488431536383393
0.0,17.38,-0.4279834457765139,0.49784023306651876,-0.4360237369767699,0.4989421888414752,0.5763800505063849,0.48657676059287286,0.5683602996204835,0.48774811721929495
0.0,17.4,-0.4230122597449633,0.49709379482035226,-0.4309946250919089,0.49826997172098564,0.5813504908113732,0.4857735314163735,0.5733892871153595,0.48701893057853246
0.0,17.42,-0.41808999751235154,0.4963042371453591,-0.4260141211464275,0.497553040617462,0.5862716148484861,0.48492748963458554,0.578369166815311,0.48624527730730094
0.0,17.44,-0.4132165698173528,0.4954727658481339,-0.42108235025684426,0.4967924884870858,0.5911435471949553,0.48403988554318894,0.5833000301015514,0.48542843135839836
0.0,17.46,-0.4083917903360362,0.4946006456425914,-0.4161989867828892,0.4959897603166291,0.5959664271020053,0.4831119391831033,0.5881819870232703,0.48456962172253976
0.0,17.48,-0.40361554908069885,0.4936890550719334,-0.4113641131605458,0.49514590249203183,0.6007403995047021,0.48214483413369646,0.5930151521822247,0.48367007350672325
0.0,17.5,-0.398887607763752,0.49273919022812973,-0.4065774409880581,0.4942622227008617,0.6054656629230765,0.48113973964862855,0.5977996821459697,0.48273098787175284
0.0,17.52,-0.39420789659998773,0.4917520999349041,-0.4018389271764469,0.49333979378112247,0.6101423873672377,0.48009779715278383,0.6025357409331399,0.4817534970411912
0.0,17.54,-0.38957616546395124,0.4907289601979999,-0.39714834240667274,0.4923798127948364,0.6147708030512994,0.47902010571664383,0.6072235011804986,0.48073878710148793
0.0,17.56,-0.38499212580311193,0.4896708922833742,-0.39250543579972164,0.49138344457346567,0.6193511277554671,0.47790776853232764,0.6118631799430709,0.4796879375484184
0.0,17.58,-0.38045566709924356,0.48857888670025024,-0.38791019275359173,0.4903516188756255,0.6238835975599043,0.4767618665020254,0.6164549721279604,0.47860205892664115
0.0,17.6,-0.3759663943598105,0.48745409416307384,-0.38336216328060263,0.48928559475338496,0.6283684686303296,0.47558340844650787,0.6209991150226156,0.4774822239545714
0.0,17.62,-0.3715242437995923,0.48629738273573453,-0.3788613102036619,0.48818626830174344,0.6328060087742033,0.47437342876629884,0.6254958642353737,0.4763294661385042
0.0,17.64,-0.3671287976578376,0.4851098604792177,-0.374407227100328,0.48705476379648616,0.6371964925726769,0.47313293287889807,0.6299454515092751,0.47514481753210003
0.0,17.66,-0.3627797957342373,0.4838924803985174,-0.36999968660143745,0.48589207580979776,0.6415402162390864,0.4718628745558105,0.6343481692929487,0.4739292705059299
0.0,17.68,-0.35847696961190756,0.48264617900501056,-0.36563851533142294,0.48469909042842807,0.645837477825326,0.47056421086962746,0.6387042844551041,0.47268379912359526
0.0,17.7,-0.3542200389589342,0.4813718709116953,-0.3613233663065947,0.4834768120731353,0.650088585268688,0.46923787451994503,0.643014098104513,0.47140935328043443
0.0,17.72,-0.35000870408191376,0.48007043799496035,-0.3570538813053583,0.4822262202935818,0.6542938557248648,0.4678847567976225,0.6472779058901696,0.4701068642672867
0.0,17.74,-0.34584258335330365,0.47874281769075444,-0.3528298634770921,0.4809481524356014,0.6584536285280402,0.4665057347101926,0.6514960197501726,0.46877724440356316
0.0,17.76,-0.3417212857667218,0.47738992327137486,-0.3486509245583943,0.47964353247360586,0.6625682247968765,0.4651016946503544,0.655668759325821,0.467421381372075
0.0,17.78,-0.33764464912516917,0.47601245092697136,-0.3445168501391173,0.47831316219941383,0.6666380032088282,0.4636734518889982,0.6597964588330852,0.4660401265273221
0.0,17.8,-0.3336121808586157,0.47461133125161636,-0.34042715721294,0.476957992496849,0.6706633014623183,0.4622218480132873,0.663879449013142,0.4646343345045116
0.0,17.82,-0.32962363326103317,0.4731873015687883,-0.33638160841231823,0.4755787772341927,0.6746444846100728,0.46074764736346246,0.6679180729531522,0.4632048234305044
0.0,17.84,-0.3256785809034424,0.4717411899266424,-0.3323797910965326,0.4741763686560316,0.678581910260509,0.4592516515752216,0.6719126844358354,0.46175239152255715
0.0,17.86,-0.32177666641923786,0.4702737346548107,-0.3284214503612879,0.47275148136519773,0.6824759451204876,0.4577346081217769,0.6758636311697171,0.46027782344009965
0.0,17.88,-0.31791754397621397,0.46878568150638744,-0.32450616549601574,0.4713049368851441,0.6863269631819935,0.4561972614035025,0.6797712774135626,0.4587818892893171
0.0,17.9,-0.3141009276492318,0.4672776802549113,-0.3206335764090766,0.4698374565764732,0.6901353372189617,0.45464033041010676,0.6836359876502952,0.4572653167056181
0.0,17.92,-0.31032628770966364,0.465750537423338,-0.31680333846239916,0.46834977486697,0.6939014615671582,0.4530645070761317,0.6874581329413592,0.4557288303478731
0.0,17.94,-0.30659334076198297,0.4642048854708362,-0.31301508197163014,0.46684257987921174,0.6976257035971705,0.45147047676349766,0.6912380824358003,0.4541731468559226
0.0,17.96,-0.3029016245552689,0.46264143039483135,-0.30926844579389395,0.46531656234437174,0.7013084585621453,0.4498589030747466,0.6949762263333463,0.45259893874377877
0.0,17.98,-0.2992508408778509,0.4610607634558104,-0.3055630593110404,0.4637723888240163,0.7049501087584511,0.44823041900547594,0.6986729430942747,0.45100686511178123
0.0,18.0,-0.29564060880612325,0.4594635171522804,-0.30189846587661817,0.46221076008127215,0.708551047483765,0.44658567759032264,0.7023285990096411,0.44939760692160985
0.0,18.02,-0.2920704629128914,0.45785035694836734,-0.2982744496223185,0.4606322052599174,0.7121116774085914,0.4449252820691639,0.7059436024071502,0.44777176413712394
0.0,18.04,-0.28854009063294833,0.45622182213922197,-0.2946904638990467,0.4590374409834632,0.7156323696009721,0.4432498126652199,0.709518324268625,0.44612997800371157
0.0,18.06,-0.2850491018265617,0.45457849733876504,-0.2911461298621719,0.4574270753900644,0.719113544512843,0.44155986044516404,0.713053167970633,0.4444728206401745
0.0,18.08,-0.2815970236780519,0.45292099906129657,-0.28764121358722017,0.45580158290042283,0.722555589234953,0.4398559761649377,0.7165485143527952,0.4428008990014161
0.0,18.1,-0.2781835355814127,0.45124982217116144,-0.28417516821326794,0.4541616397849006,0.7259588984557783,0.43813871367958884,0.7200047590532184,0.4411147579433366
0.0,18.12,-0.2748081623975222,0.4495655535982939,-0.28074768256962196,0.4525077534329392,0.7293238811124543,0.4364085996528308,0.7234222977620244,0.43941495779582884
0.0,18.14,-0.27147058375704525,0.4478686666995197,-0.2773583560766825,0.4508404548894319,0.7326509192372556,0.4346661438281679,0.7268015163533303,0.43770203436495364
0.0,18.16,-0.26817039781535285,0.44615966777812466,-0.2740067982342982,0.4491602795388845,0.735940417862589,0.4329118695397059,0.7301428151906079,0.43597651418387157
0.0,18.18,-0.26490728428504384,0.4444390112154162,-0.2706926094783861,0.447467736087563,0.7391927767568961,0.4311462452274608,0.7334465826086746,0.4342388816212705
0.0,18.2,-0.26168067872463663,0.4427072595713647,-0.2674153941976186,0.44576332756436454,0.7424083836771554,0.4293697329633759,0.7367132219360852,0.4324896473628785
0.0,18.22,-0.25849033750516565,0.44096479548039613,-0.2641747484994774,0.44404753095357,0.7455876407375758,0.4275828215819395,0.739943114794371,0.4307292752494364
0.0,18.24,-0.25533577998272233,0.43921211933511967,-0.2609703500992908,0.4423207724921626,0.7487309416201101,0.42578592731413784,0.7431366560824716,0.42895823800364147
0.0,18.26,-0.2522166752878109,0.4374496212735862,-0.25780180293031446,0.44058352050384775,0.7518386848595902,0.42397948832831334,0.7462942431683021,0.4271769765413485
0.0,18.28,-0.24913254987784825,0.4356777860100005,-0.25466870050328294,0.4388362129686519,0.7549112553666207,0.42216393737168184,0.7494162602435774,0.42538592600629177
0.0,18.3,-0.24608314899780429,0.4338969376033772,-0.2515705707111548,0.4370793372323945,0.7579490386462305,0.4203396757463535,0.7525031025739847,0.4235855128220576
0.0,18.32,-0.2430679942841497,0.4321075274075496,-0.24850716080184074,0.43531321863081496,0.7609524288016563,0.41850707803585885,0.7555551427826561,0.4217761532682642
0.0,18.34,-0.24008668322474794,0.4303099486951557,-0.24547799649126903,0.4335383160699306,0.7639218164616507,0.4166665548499911,0.7585727871536151,0.4199582336408601
0.0,18.36,-0.23713889056792165,0.4285045444947769,-0.24248275193857627,0.4317549825425072,0.7668575900808693,0.41481846744629886,0.7615564109820189,0.41813214350107547
0.0,18.38,-0.23422428963543163,0.4266916462685493,-0.2395210301948192,0.42996361099310443,0.7697601132577724,0.4129631678176633,0.764506383009134,0.4162982727287963
0.0,18.4,-0.23134240689146418,0.42487165976918334,-0.23659250866506007,0.4281645393223208,0.7726297847252204,0.41110101416472583,0.767423094121826,0.4144569582814653
0.0,18.42,-0.22849284404843165,0.4230449356641528,-0.23369671183306776,0.4263581706363228,0.7754669743520131,0.40923231933490767,0.7703069382123947,0.412608560241995
0.0,18.44,-0.22567535020783616,0.42121173292919795,-0.23083331650569738,0.42454481718715936,0.7782720562378826,0.40735743826930565,0.7731582679421959,0.4107534385605156
0.0,18.46,-0.22288945801608814,0.4193724281392935,-0.22800192998370788,0.4227248297805292,0.7810454087447646,0.4054766816821052,0.7759774566848129,0.40889190036814926
0.0,18.48,-0.22013477477516008,0.41752734490137333,-0.22520223326483196,0.42089850702881937,0.7837873995656542,0.40359034314568054,0.7787648961615723,0.40702426776360745
0.0,18.5,-0.21741104857815705,0.41567670902965626,-0.2224338308088226,0.41906617084777087,0.7864983963207542,0.4016987222874216,0.7815209356713335,0.40515086349458124
0.0,18.52,-0.21471782174720386,0.41382087444539634,-0.2196963328958189,0.4172281404455571,0.7891787665419764,0.3998021250302936,0.7842459388241807,0.40327198937384284
0.0,18.54,-0.21205484452756024,0.4119600510733333,-0.21698942050639478,0.41538468015133584,0.791828868974725,0.3979007902240333,0.7869402902032039,0.40138791230370735
0.0,18.56,-0.2094215892677854,0.41009460609967335,-0.21431270956804796,0.4135360959672976,0.7944490518882473,0.3959950276798559,0.78960432574937,0.3994989327025472
0.0,18.58,-0.20681788582916116,0.40822470623630863,-0.21166588624049792,0.41168264029793095,0.7970396861221198,0.3940850618445359,0.7922384200323228,0.39760532569193213
0.0,18.6,-0.2042432778009466,0.4063506549187699,-0.20904856256936902,0.4098245875651461,0.7996011206037276,0.3921711655313729,0.7948429150942884,0.3957073224047801
0.0,18.62,-0.201697455081352,0.4044726769575487,-0.20646043033612785,0.4079621789761724,0.8021336984474259,0.3902535818446929,0.7974181676347164,0.3938052207112707
0.0,18.64,-0.1991799695492477,0.40259106217579155,-0.20390103712613158,0.40609571274587286,0.8046377779466014,0.3883325172999014,0.7999645287825359,0.3918992194237794
0.0,18.66,-0.1966906557110155,0.40070595056547303,-0.2013701496035265,0.40422537821716914,0.8071136820407943,0.38640823872405833,0.8024823284845847,0.38998960144740286
0.0,18.68,-0.1942290674097706,0.3988176123671646,-0.1988673904908349,0.4023514221403288,0.8095617736636588,0.3844809194468331,0.8049719300698764,0.38807655294016197
0.0,18.7,-0.19179490463104215,0.39692624796318227,-0.19639245407851944,0.4004740463866392,0.8119823706535968,0.38255080640414385,0.8074336526764464,0.3861603335110669
0.0,18.72,-0.18938779886354717,0.39503208221595054,-0.19394497452491136,0.398593496381699,0.8143758166750166,0.38061808115555223,0.8098678466925386,0.38424112258565635
0.0,18.74,-0.1870075164270701,0.3931352556122631,-0.1915245764701383,0.3967099842190798,0.8167424378587161,0.3786829433550193,0.8122748344918597,0.38231914692219665
0.0,18.76,-0.18465356074116374,0.39123605372472836,-0.18913096873245905,0.394823706431951,0.8190825588748114,0.3767455839988417,0.8146549497909923,0.3803945957919245
0.0,18.78,-0.1823257710790433,0.38933457194380755,-0.18676392261505956,0.39293480492833777,0.8213965046256412,0.37480618637720353,0.817008515396938,0.3784676625671342
0.0,18.8,-0.18002379262785084,0.3874310177870587,-0.18442294015921512,0.39104355299706445,0.8236845989994367,0.3728649083316359,0.8193358525361497,0.37653853204973037
0.0,18.82,-0.1777472643683911,0.385525571471732,-0.18210786768470225,0.38915005213519505,0.8259471470953654,0.37092194372140896,0.8216372760132219,0.3746073957627908
0.0,18.84,-0.17549590081446384,0.3836183868677634,-0.1798183469408461,0.38725449343108453,0.8281844639722994,0.36897744910093444,0.8239131135927158,0.37267439169368677
0.0,18.86,-0.17326941945897437,0.3817096147893858,-0.17755395878562577,0.3853570986262924,0.8303968686663642,0.3670315583457054,0.8261636666049244,0.37073970777035004
0.0,18.88,-0.17106746855929394,0.37979941980481635,-0.1753145532741173,0.38345795193392335,0.8325846573984917,0.36508444026148956,0.8283892471791386,0.3688034951194741
0.0,18.9,-0.1688898386907406,0.37788791640822833,-0.17309971449998005,0.38155725862430584,0.8347481384723867,0.36313622767094456,0.8305901585192947,0.36686591125717144
0.0,18.92,-0.16673611747353814,0.37597528776305295,-0.17090916281445712,0.37965515401630845,0.8368876080622614,0.36118705884646674,0.8327667057204737,0.3649270904645328
0.0,18.94,-0.16460603285312117,0.3740616627840886,-0.16874269151002286,0.37775175001900857,0.8390033559776668,0.35923708030782536,0.8349191802445215,0.36298718910168437
0.0,18.96,-0.16249937518314447,0.37214712667992694,-0.16659988906962706,0.3758472228677734,0.8410956752768801,0.3572864164717397,0.8370478780589883,0.36104634181038325
0.0,18.98,-0.160415748499548,0.370231860730842,-0.16448048811277305,0.37394170335830945,0.8431648619401374,0.35533516956247685,0.8391531026877193,0.359104645522194
0.0,19.0,-0.1583549480843196,0.3683159410729658,-0.16238428353694745,0.37203527857049506,0.8452111979895041,0.3533834645980657,0.8412351258968782,0.35716226404401175
0.0,19.02,-0.15631670909809162,0.36639947483625274,-0.1603108764821811,0.370128114509454,0.8472349610446456,0.35143141903364644,0.8432942413095148,0.35521929533475494
0.0,19.04,-0.15430070454809153,0.36448258990197596,-0.1582600704780018,0.36822029785593763,0.8492364331979935,0.3494791292509431,0.8453307256085179,0.35327585899430364
0.0,19.06,-0.15230661383045668,0.3625654150963984,-0.15623159965729647,0.3663119249611909,0.8512158815484386,0.34752671462622603,0.847344861014935,0.3513320539774702
0.0,19.08,-0.15033430449436222,0.36064798485124494,-0.15422507968461072,0.364403156839241,0.853173590535595,0.34557424430106193,0.8493369218356711,0.3493879877246804
0.0,19.1,-0.14838339608859982,0.3587304425388504,-0.15224037979476454,0.3624940309640204,0.8551098134377224,0.3436218388303046,0.851307175678755,0.347443759550598
0.0,19.12,-0.14645370094795648,0.3568128505697251,-0.15027711815764314,0.36058469086304623,0.8570248284861721,0.34166955447042413,0.8532558870754049,0.3454994796413969
0.0,19.14,-0.1445448408349587,0.35489533053867106,-0.1483351693112735,0.3586751722027195,0.8589188867199303,0.33971750091344016,0.8551833247520846,0.34355522011075645
0.0,19.16,-0.1426566967417703,0.3529779169596498,-0.14641409368278685,0.35676563139190903,0.8607922479210066,0.3377657518906184,0.8570897521094195,0.34161106321965545
0.0,19.18,-0.14078896147448053,0.3510607071785428,-0.14451377376266217,0.354856105691432,0.8626451635697729,0.3358143904812205,0.8589754223736903,0.3396670996283479
0.0,19.2,-0.138941330966924,0.34914379213390695,-0.14263389782216263,0.35294668382762234,0.8644778934003747,0.3338634636978381,0.8608405924115803,0.337723399383029
0.0,19.22,-0.13711368773009536,0.34722718875391295,-0.14077416553147612,0.3510374684658151,0.8662906837743426,0.33191304349440853,0.8626855117313559,0.3357800423244099
0.0,19.24,-0.13530561364635754,0.3453110336914811,-0.13893445909568927,0.34912847497051697,0.8680837716957108,0.3299632112347682,0.8645104244091825,0.3338371016832177
0.0,19.26,-0.13351705448430554,0.3433953112544273,-0.1371144190615578,0.34721981608935965,0.8698574060577445,0.32801401389432605,0.866315587527871,0.3318946166184507
0.0,19.28,-0.13174759938572467,0.34148015076004296,-0.1353139330825576,0.34531150671018035,0.8716118164501847,0.3260655216345478,0.8681012292363004,0.32995268017951457
0.0,19.3,-0.12999713667878837,0.3395655519866226,-0.1335325867232464,0.34340367203505756,0.873347246042,0.3241177709966844,0.8698675923825308,0.328011334892043
0.0,19.32,-0.1282653817122916,0.33765159172794906,-0.13177027251878004,0.3414963218979993,0.8750639272832232,0.3221708078357533,0.8716149141619848,0.3260706343406939
0.0,19.34,-0.12655216877937686,0.335738293162388,-0.13002676212805417,0.33958950553086464,0.8767620839885717,0.32022468830290807,0.8733434201960383,0.3241306411214194
0.0,19.36,-0.12485715804863914,0.3338257419029277,-0.12830171129516363,0.33768331263397994,0.8784419455681368,0.3182794494990816,0.8750533474998957,0.3221913835028244
0.0,19.38,-0.123180247546687,0.3319139350500194,-0.1265950763715529,0.3357777236120126,0.8801037317098996,0.3163351386290295,0.8767449131141406,0.32025293056929555
0.0,19.4,-0.12152110286632611,0.3300029491575018,-0.12490646199064255,0.3338728490479978,0.8817476634343938,0.31439178244837096,0.878418351396748,0.31831528468108583
0.0,19.42,-0.11987962622198996,0.3280927786430699,-0.12323570764939584,0.33196869827605346,0.8833739515632953,0.3124494352528571,0.8800738696300411,0.3163785214103766
0.0,19.44,-0.11825554704400397,0.3261834746516888,-0.12158265786870001,0.3300652894889617,0.8849828180034082,0.31050809981131555,0.8817116886694394,0.31444266573005275
0.0,19.46,-0.11664865618639064,0.32427506707033493,-0.11994704187992478,0.3281626762784769,0.8865744733213841,0.30856780618079194,0.8833320294169702,0.31250772176555364
0.0,19.48,-0.11505868903158209,0.32236759871613396,-0.11832864927650869,0.3262608868313895,0.8881491193213504,0.3066285954616324,0.8849350871675052,0.3105737679210712
0.0,19.5,-0.11348555492748495,0.3204610560528191,-0.11672727447131116,0.32435995333897416,0.8897069608027363,0.3046904892954792,0.8865210845354218,0.30864078490231706
0.0,19.52,-0.11192899459647968,0.3185554794223776,-0.1151427099253118,0.32245989335525244,0.8912482043042438,0.30275348943597596,0.8880902209112392,0.30670881138931033
0.0,19.54,-0.11038880758548862,0.3166508857813934,-0.11357475430488023,0.32056073240682614,0.8927730451995957,0.30081762546793156,0.8896426923130056,0.30477788182178683
0.0,19.56,-0.10886479695566431,0.31474729281920616,-0.11202326270532713,0.31866246957518185,0.8942816805557914,0.29888290725089933,0.8911787059927853,0.3028479967503736
0.0,19.58,-0.10735682135641647,0.31284469304185963,-0.11048798180674307,0.31676514422679686,0.8957743005959596,0.2969493568058127,0.8926984518653287,0.30091918248839533
0.0,19.6,-0.10586457884133729,0.3109431363841369,-0.10896871548693234,0.31486876905306294,0.8972511032353341,0.29501696116940535,0.8942021256141472,0.2989914470669647
0.0,19.62,-0.10438798695119422,0.3090425916891452,-0.10746527113563809,0.3129733576156769,0.8987122670786636,0.29308575028262607,0.8956899191838813,0.297064794389794
0.0,19.64,-0.10292685929189158,0.3071430740323384,-0.1059775102314807,0.311078895129089,0.9001579824544217,0.2911557205613898,0.8971620196975792,0.2951392413178054
0.0,19.66,-0.1014809525543638,0.305244596120288,-0.1045051922183627,0.3091854161712058,0.9015884316214495,0.28922686312751045,0.898618612589691,0.29321478408804347
0.0,19.68,-0.10005008601666161,0.30334716771734865,-0.10304818372508659,0.3072929051018286,0.9030037900845604,0.2872991990791509,0.9000598733539942,0.2912914477597295
0.0,19.7,-0.0986341830255345,0.3014507515092882,-0.10160624700954837,0.3054013840606704,0.9044042435039473,0.28537269817169014,0.9014859920675117,0.28936920748280526
0.0,19.72,-0.09723295761933275,0.2995553781710897,-0.1001793057569568,0.30351081605819935,0.9057899535393162,0.28344738951682447,0.9028971425714686,0.2874480652944505
0.0,19.74,-0.09584628371988616,0.29766102107554,-0.0987670751466435,0.30162124001880813,0.9071610991276903,0.28152325324410626,0.9042934939634799,0.28552803664323845
0.0,19.76,-0.09447399901002743,0.295767713796962,-0.097369376580731,0.2997326465403284,0.9085178519189804,0.27960026481062156,0.9056752224629478,0.2836091021284153
0.0,19.78,-0.0931159129210216,0.29387539263805895,-0.09598614017176484,0.29784499795513164,0.9098603689928755,0.2776784449781761,0.9070424973241503,0.28169125512802107
0.0,19.8,-0.09177191156415489,0.2919840485024319,-0.09461714739199376,0.2959583268239413,0.9111888259818769,0.2757577485423791,0.908395483756982,0.27977448546193906
0.0,19.82,-0.09044179215424546,0.2900937398461316,-0.09326227178832114,0.29407258609683823,0.912503374985791,0.27383819036257373,0.9097343470638136,0.27785878073455506
0.0,19.84,-0.0891254153940267,0.28820436115506687,-0.09192123655350436,0.2921877803225274,0.9138041805168999,0.27191973486757387,0.9110592505208919,0.27594412571817906
0.0,19.86,-0.08782257602631191,0.2863159416578507,-0.0905940351568313,0.29030386909025924,0.9150913964548089,0.2700023759222339,0.9123703426260688,0.2740305332950356
0.0,19.88,-0.08653321216206776,0.28442843330016276,-0.08928035828912556,0.288420909936175,0.9163651782819406,0.26808608848357385,0.9136677969322775,0.2721179350114548
0.0,19.9,-0.0852570754614344,0.2825418844225813,-0.08798018353366996,0.2865388012320562,0.9176256792870152,0.2661708448618831,0.9149517540589225,0.27020635462298564
0.0,19.92,-0.08399409011298374,0.2806561877024653,-0.08669331004083253,0.28465757356700466,0.9188730459209412,0.2642566307982865,0.9162223679531942,0.26829576583575665
0.0,19.94,-0.08274406493187766,0.27877138148424385,-0.08541957097809802,0.2827771783075535,0.9201074235705912,0.26234342985562087,0.9174797939534028,0.2663861234121171
0.0,19.96,-0.08150693909932409,0.2768873985019688,-0.08415881332851752,0.28089760259973184,0.921328960019761,0.26043120706497386,0.9187241722350016,0.26447742786100253
0.0,19.98,-0.08028241309775859,0.27500424669798396,-0.08291093624316553,0.27901882169870784,0.9225377941039122,0.25851994046505195,0.9199556557826812,0.2625696294538274
0.0,20.0,-0.07907048120480256,0.2731218520887697,-0.0816757348227496,0.2771408109100619,0.923734075650718,0.256609574674094,0.9211743783288355,0.2606627231943126
20.0,0.0,9.550648680060237e-08,-3.915581311779028e-07,2.2876029275157957e-08,-6.170381487579205e-06,0.9999999999999893,-1.4591229181358982e-07,0.999999999992662,-3.830942206647969e-06
20.0,0.02,-1.7752890856296527e-07,-0.0004988306984836996,-1.8821245750706617e-07,-0.00045317611560381294,0.9999998673823565,-0.0005150099701294714,0.999999890420276,-0.00046814467397434864
20.0,0.04,-9.540257063535094e-07,-0.000997274814299888,-8.051838497360041e-07,-0.0009001858381365943,0.9999993118451715,-0.0010298772397753636,0.9999995339948099,-0.0009324623042325152
20.0,0.06,-2.2340205505861404e-06,-0.0014957272831661386,-1.8280523913959863e-06,-0.0013472027174656416,0.9999979061018647,-0.001544750605134534,0.9999982098155453,-0.0013967862285522797
20.0,0.08,-4.017535352526726e-06,-0.0019941913065596316,-3.256849349914436e-06,-0.0017942300851433296,0.9999959891938724,-0.002059633616322357,0.9999964776293425,-0.0018611199362181309
20.0,0.1,-6.304715390380685e-06,-0.002492670424573579,-5.0915893636958165e-06,-0.0022412710389932856,0.9999935610365388,-0.0025745295264510515,0.9999943372752742,-0.0023254664970147674
20.0,0.12,-9.095572113990719e-06,-0.002991168248873438,-7.332422943078732e-06,-0.002688328490089483,0.9999906215297054,-0.003089441920020735,0.9999917885811674,-0.0027898290851133506
20.0,0.14,-1.2390207207698023e-05,-0.0034896872974945797,-9.979349154988715e-06,-0.003135406109645605,0.9999871705587785,-0.003604374119471198,0.9999888313629817,-0.003254210996496872
20.0,0.16,-1.6188770556943036e-05,-0.003988232077210287,-1.303246412931629e-05,-0.0035825068244393914,0.9999832079947895,-0.004119329272411391,0.9999854654254416,-0.0037186155267622182
20.0,0.18,-2.0491393454687445e-05,-0.004486804748551502,-1.649186161195259e-05,-0.004029633634873197,0.9999787336921849,-0.004634311049703865,0.9999816905634206,-0.004183045447501841
20.0,0.2,-2.5298206158312624e-05,-0.00498540974791107,-2.0357673612898993e-05,-0.004476789866169571,0.9999737474927552,-0.005149322598244461,0.9999775065579344,-0.004647504402524944
20.0,0.22,-3.0609312405558946e-05,-0.00548404974110086,-2.4629990852401228e-05,-0.004923978715055507,0.9999682492200141,-0.005664367588095524,0.9999729131789205,-0.0051119953370445965
20.0,0.24,-3.642489449885957e-05,-0.005982727896946844,-2.93089751500447e-05,-0.005371203840656364,0.9999622386860919,-0.006179448990750496,0.9999679101891306,-0.005576521370337964
20.0,0.26,-4.274524287473854e-05,-0.006481448216055262,-3.439474786367195e-05,-0.005818467491922638,0.9999557156867165,-0.006694570475334679,0.9999624973334796,-0.006041085795665452
20.0,0.28,-4.9570583333844575e-05,-0.0069802141853408635,-3.988758622464502e-05,-0.0062657736241534066,0.9999486800006345,-0.007209735361360779,0.9999566743504654,-0.006505691731238287
20.0,0.3,-5.6900855156049964e-05,-0.007479028382328618,-4.5787479340130414e-05,-0.0067131252244164216,0.9999411313945232,-0.007724947142321941,0.9999504409632336,-0.006970342469207055
20.0,0.32,-6.473657139259943e-05,-0.007977894748492566,-5.209463775952104e-05,-0.0071605248596759334,0.9999330696187962,-0.00824020896202675,0.9999437968850742,-0.007435041301134362
20.0,0.34,-7.307794786399162e-05,-0.008476817089467297,-5.880945365849025e-05,-0.007607976725040539,0.999924494408146,-0.008755524312694099,0.9999367418212555,-0.0078997909943883
20.0,0.36,-8.19250739108999e-05,-0.0089757978010677,-6.59318135660684e-05,-0.00805548334185125,0.9999154054854983,-0.009270896511349946,0.9999292754585599,-0.008364595188298561
20.0,0.38,-9.127838463534086e-05,-0.009474840278781729,-7.346229716284367e-05,-0.0085030482298948,0.9999058025532884,-0.009786329048777609,0.9999213974771259,-0.00882945682342328
20.0,0.4,-0.00010113822443259697,-0.009973948538403214,-8.140096107523342e-05,-0.008950675057629047,0.9998956853005655,-0.010301825415004861,0.9999131075457893,-0.009294379188687063
20.0,0.42,-0.00011150461147438914,-0.010473126208209104,-8.974798659400425e-05,-0.009398365905629136,0.9998850534056158,-0.010817388750230972,0.9999044053171724,-0.009759365397708527
20.0,0.44,-0.0001223782809634552,-0.010972374934665532,-9.85037462769052e-05,-0.009846124379259571,0.9998739065266475,-0.011333022542825977,0.9998952904383336,-0.010224418737937236
20.0,0.46,-0.00013375911741706232,-0.011471699971482858,-0.00010766847588259657,-0.010293954531783878,0.9998622443084796,-0.011848730280291585,0.999885762539127,-0.01068954232145071
20.0,0.48,-0.00014564796200174272,-0.01197110413709766,-0.00011724239967953742,-0.010741858653469402,0.9998500663789432,-0.012364515274648356,0.9998758212413764,-0.011154739434082558
20.0,0.5,-0.0001580446841877004,-0.012470590709789165,-0.00012722593932928676,-0.011189838816716882,0.9998373723562912,-0.012880380837020243,0.9998654661533151,-0.011620013186273403
20.0,0.52,-0.00017094999562650823,-0.01297016289978344,-0.00013761920113968126,-0.011637901787206096,0.9998241618330101,-0.013396330626459731,0.9998546968726792,-0.012085366862142557
20.0,0.54,-0.00018436423793459774,-0.013469825624777752,-0.00014842280735456428,-0.012086046318264309,0.9998104343985703,-0.013912367777529999,0.9998435129815838,-0.012550803744866402
20.0,0.56,-0.00019828793266317605,-0.01396957855505105,-0.0001596368927277802,-0.01253427965766124,0.9997961896189758,-0.014428495772669121,0.999831914059124,-0.013016326767739724
20.0,0.58,-0.00021272125776913863,-0.014469429983238,-0.00017126171661862685,-0.012982602661243672,0.999781427046834,-0.014944718093212694,0.9998198996612105,-0.013481939386562296
20.0,0.6,-0.00022766475354021683,-0.014969378811544391,-0.00018329804619640925,-0.013431018891241691,0.9997661462206007,-0.01546103804481327,0.9998074693394482,-0.013947644881715893
20.0,0.62,-0.000243118852681716,-0.015469432161769096,-0.00019574574630733995,-0.01387953171779395,0.9997503466675075,-0.015977459106517586,0.9997946226325441,-0.014413446183496697
20.0,0.64,-0.000259084157894316,-0.01596958952114057,-0.00020860538733450038,-0.014328145284709904,0.9997340278772152,-0.016493984755768742,0.9997813590670925,-0.014879346570229776
20.0,0.66,-0.0002755611570350116,-0.016469858635023028,-0.00022187751756065846,-0.01477685964600297,0.9997171893565752,-0.017010618294706296,0.9997676781536818,-0.015345349493648186
20.0,0.68,-0.000292550224401013,-0.016970239712692972,-0.00023556257488087902,-0.01522568284085391,0.999699830563382,-0.017527363896253218,0.9997535793936146,-0.01581145805536142
20.0,0.7,-0.00031005180236594077,-0.017470736739885893,-0.00024966087823769125,-0.01567461449176037,0.9996819510124727,-0.018044222068015012,0.9997390622751892,-0.016277675355839592
20.0,0.72,-0.00032806669899173365,-0.017971356068415326,-0.0002641725504511549,-0.01612365944662702,0.9996635500566384,-0.018561201342150762,0.999724126288039,-0.016744004669156733
20.0,0.74,-0.00034659528798216567,-0.018472095502068592,-0.0002790985237144195,-0.016572820383959186,0.9996446272369955,-0.01907829943194112,0.9997087708835911,-0.017210449442313366
20.0,0.76,-0.00036563847317695964,-0.018972963361660322,-0.0002944392050960247,-0.01702210004742737,0.9996251818591875,-0.01959552451715243,0.9996929955211117,-0.017677012946893906
20.0,0.78,-0.0003851960635092303,-0.019473961524507057,-0.0003101947311045911,-0.017471502813845977,0.9996052133748828,-0.020112877797667055,0.9996767996442399,-0.018143697056920417
20.0,0.8,-0.0004052695443850769,-0.019975091776795646,-0.00032636611891190715,-0.017921031135721573,0.9995847211737603,-0.020630362216285083,0.9996601826673652,-0.018610507484580933
20.0,0.82,-0.0004258588465229106,-0.02047636184666864,-0.00034295319092877703,-0.018370688559087512,0.9995637046020112,-0.021147982458959512,0.999643144031082,-0.01907744557812302
20.0,0.84,-0.0004469650840134184,-0.020977768753945594,-0.00035995704366982356,-0.0188204794455981,0.9995421630104303,-0.021665741465031058,0.9996256830933988,-0.019544516173818204
20.0,0.86,-0.00046858859278179406,-0.021479322457917675,-0.00037737810728298414,-0.019270404849024952,0.9995200957547388,-0.022183642172591746,0.9996077992958213,-0.020011720617727814
20.0,0.88,-0.0004907302377109043,-0.02198102285568942,-0.00039521650042261393,-0.0197204673402025,0.9994975021214366,-0.022701689262164794,0.9995894920297462,-0.02047906199918506
20.0,0.9,-0.00051339059417406,-0.022482872800605617,-0.00041347347773327485,-0.02017067464501371,0.9994743814273472,-0.023219885668135903,0.9995707605728099,-0.020946546894695026
20.0,0.92,-0.00053657030032614,-0.022984877554806802,-0.0004321487370140576,-0.020621025222785798,0.9994507329711991,-0.023738234323029597,0.9995516043740214,-0.021414174901703956
20.0,0.94,-0.0005602703377771596,-0.0234870391032949,-0.0004512439333477013,-0.021071526072726002,0.9994265560336237,-0.024256738157461058,0.9995320227336965,-0.02188195084940954
20.0,0.96,-0.0005844909990996982,-0.02398936390156916,-0.0004707588310617071,-0.021522178729086103,0.999401849802179,-0.024775403588943805,0.9995120149932741,-0.022349877821275226
20.0,0.98,-0.0006092332554304721,-0.024491852146020354,-0.0004906939370934446,-0.021972986288410178,0.9993766136156657,-0.02529423005569221,0.9994915804535399,-0.022817958898604024
20.0,1.0,-0.0006344978047287364,-0.02499450903680843,-0.0005110505365164297,-0.02242395135492726,0.9993508466103111,-0.02581322397072707,0.9994707184030274,-0.023286198906456616
20.0,1.02,-0.0006602856571689605,-0.025497334194101162,-0.0005318292469649426,-0.022875079246286314,0.999324548023426,-0.02633238825720836,0.9994494281577548,-0.02375459917851189
20.0,1.04,-0.0006865976610493599,-0.026000336971399928,-0.0005530301876144471,-0.023326371001242432,0.9992977170980675,-0.02685172409148398,0.9994277090231151,-0.024223162792258873
20.0,1.06,-0.0007134340469306691,-0.026503520229692563,-0.0005746539721329659,-0.023777832141072076,0.9992703529194963,-0.027371237880073625,0.9994055602092385,-0.024691894566886616
20.0,1.08,-0.0007407963557543362,-0.02700688405117796,-0.0005967020152153735,-0.02422946591460397,0.9992424546909845,-0.02789093254014809,0.9993829810276785,-0.025160795831944967
20.0,1.1,-0.0007686843262416441,-0.027510430250985277,-0.0006191744094560042,-0.024681271635390224,0.9992140215401683,-0.02841081098504904,0.9993599706299054,-0.02562987314765786
20.0,1.12,-0.0007971002687329103,-0.028014167352325536,-0.0006420718777553498,-0.025133257370418206,0.9991850526110817,-0.028930876126755177,0.9993365283483998,-0.02609912609595019
20.0,1.14,-0.0008260440163277642,-0.028518100061497294,-0.0006653954378138271,-0.025585424746216036,0.9991555469897438,-0.029451132619100515,0.9993126532845357,-0.026568561232785108
20.0,1.16,-0.0008555171052337409,-0.029022224102939833,-0.0006891452542127442,-0.0260377761887418,0.9991255037812284,-0.029971583369197207,0.9992883447260728,-0.027038179881398276
20.0,1.18,-0.0008855195603380644,-0.0295265515120356,-0.0007133229274420994,-0.026490316888026652,0.9990949220839896,-0.030492231282065775,0.9992636018293425,-0.027507985105425663
20.0,1.2,-0.0009160535376492277,-0.0300310796705611,-0.0007379286909164163,-0.026943050981920975,0.9990638008470977,-0.031013082746935403,0.9992384237647111,-0.02797798171267381
20.0,1.22,-0.0009471188680891502,-0.030535813721059044,-0.0007629635632802204,-0.027395977278864576,0.9990321392718832,-0.03153413717728344,0.9992128097118672,-0.028448171018919124
20.0,1.24,-0.0009787169553090664,-0.03104075896514344,-0.0007884278869253855,-0.02784910399990569,0.9989999362675241,-0.03205540095702139,0.9991867587537163,-0.02891855957169428
20.0,1.26,-0.001010848559967574,-0.03154591636574229,-0.0008143226824820003,-0.028302429125289946,0.9989671909228673,-0.032576875237485155,0.999160270119578,-0.029389146939631145
20.0,1.28,-0.0010435151835287604,-0.032051292349332704,-0.0008406488285733192,-0.028755961979216052,0.9989339021389624,-0.03309856639799643,0.9991333428422081,-0.029859939665513313
20.0,1.3,-0.0010767176057302895,-0.03255688722040274,-0.0008674073744931553,-0.029209699846966253,0.9989000689087956,-0.033620477327889385,0.9991059760889148,-0.030330939058266535
20.0,1.32,-0.0011104562937326755,-0.03306270912895957,-0.0008945987729432773,-0.02966365368649285,0.9988656902783026,-0.03414260917078462,0.9990781689473441,-0.03080214816815507
20.0,1.34,-0.001144733190772897,-0.033568758425977605,-0.0009222240985910771,-0.03011782075457241,0.9988307650744184,-0.0346649682968312,0.9990499204673755,-0.031273571787912596
20.0,1.36,-0.001179549218082458,-0.034075038241802545,-0.0009502840993305155,-0.03057220409467906,0.9987952922559667,-0.035187557587569966,0.9990212296663988,-0.031745214707447025
20.0,1.38,-0.0012149046425381377,-0.03458155006859862,-0.0009787802493792885,-0.031026812389025517,0.9987592708029511,-0.035710378177691515,0.9989920957094983,-0.03221707648342279
20.0,1.4,-0.0012508012716698391,-0.035088305095133596,-0.0010077121362059179,-0.0314816454044459,0.9987226995141562,-0.03623343642931349,0.9989625176024873,-0.0326891619018476
20.0,1.42,-0.0012872398195034412,-0.035595299824130594,-0.001037082099785903,-0.03193670370647301,0.9986855772797174,-0.03675673521458324,0.9989324943071751,-0.03316147574538723
20.0,1.44,-0.0013242213100397666,-0.03610253937643974,-0.0010668900122012817,-0.03239199588976507,0.9986479029180461,-0.03728027914600231,0.998902024857568,-0.033634021051782946
20.0,1.46,-0.0013617474297132205,-0.03661002916642761,-0.0010971373087558934,-0.03284752720892015,0.9986096753462019,-0.037804069346494135,0.998871108317982,-0.03410679911258066
20.0,1.48,-0.0013998197461326236,-0.03711777018785399,-0.0011278250732496946,-0.03330329128479063,0.9985708933444494,-0.03832811042221318,0.9988397435457588,-0.03457981644655038
20.0,1.5,-0.0014384380287592456,-0.0376257669917357,-0.001158953858560826,-0.03375930003040497,0.9985315556827262,-0.03885240697631501,0.998807929614947,-0.03505307434171922
20.0,1.52,-0.0014776047767885688,-0.03813402733336738,-0.0011905251095585556,-0.03421555688506528,0.9984916611778676,-0.03937696186577601,0.9987756654541702,-0.035526575824562874
20.0,1.54,-0.0015173201526058166,-0.038642548809240604,-0.0012225395147524548,-0.03467205990814919,0.99845120852441,-0.03990177968556007,0.9987429499919837,-0.03600032566490844
20.0,1.56,-0.0015575859134419239,-0.03915133568938618,-0.0012549981199944775,-0.03512881723790995,0.9984101965936462,-0.04042686154417891,0.9987097821305668,-0.03647432688417774
20.0,1.58,-0.0015984034447782697,-0.039660399087989656,-0.0012879022442440938,-0.035585826931736876,0.9983686240049419,-0.04095221377361754,0.9986761608233511,-0.03694858250358812
20.0,1.6,-0.001639774195580676,-0.04016973387593581,-0.0013212524859101463,-0.036043100958338924,0.9983264895578322,-0.04147783747415632,0.9986420848947157,-0.03742309728292264
20.0,1.62,-0.0016816986553458103,-0.04067934548469478,-0.001355050791015188,-0.03650063627252921,0.9982837918403972,-0.04200373897084189,0.9986075532601135,-0.037897874237767346
20.0,1.64,-0.0017241785881415106,-0.04118923594129564,-0.0013892967758254652,-0.03695843500728311,0.9982405296263807,-0.04252991935735419,0.9985725648612215,-0.038372914637222706
20.0,1.66,-0.001767215518320064,-0.0416994178462471,-0.0014239928058870398,-0.037416504356199934,0.9981967014725541,-0.04305638495163093,0.9985371184218703,-0.03884822497611217
20.0,1.68,-0.0018108109517809706,-0.04220988552420164,-0.0014591392072767608,-0.037874848085149265,0.9981523061038685,-0.0435831368395889,0.998501212870384,-0.039323806518630475
20.0,1.7,-0.001854965570435755,-0.042720648147146954,-0.0014947376376890252,-0.03833347036013494,0.9981073421112616,-0.04411017958931524,0.9984648470511759,-0.03979966226897265
20.0,1.72,-0.0018996811349507891,-0.04323170537845027,-0.0015307889521175618,-0.03879237115165069,0.998061808052301,-0.04463751776437324,0.9984280196388069,-0.04027579871309755
20.0,1.74,-0.0019449588943577035,-0.043743061756931344,-0.0015672941801276874,-0.039251554777834805,0.9980157025529895,-0.04516515418288397,0.9983907295312763,-0.040752217107278395
20.0,1.76,-0.001990800100045835,-0.04425472163230311,-0.0016042550466697592,-0.03971102535976453,0.9979690241981439,-0.04569309165810827,0.9983529754452216,-0.04122892218901192
20.0,1.78,-0.0020372070104299504,-0.04476669404782865,-0.001641672789955899,-0.04017079128878843,0.9979217714275008,-0.04622133648439848,0.99831475622175,-0.04170591520766769
20.0,1.8,-0.0020841804102944995,-0.04527897201366358,-0.0016795473599837548,-0.04063084656939066,0.9978739428655223,-0.04674988972508017,0.9982760705011203,-0.04218320263816863
20.0,1.82,-0.002131721988909804,-0.04579156825141892,-0.0017178815554216593,-0.041091202807196615,0.9978255369205498,-0.04727875766657032,0.9982369170995146,-0.04266078572404272
20.0,1.84,-0.0021798326789490546,-0.04630447881389754,-0.001756675454276699,-0.04155185673743232,0.9977765521911749,-0.047807941364629424,0.9981972946795606,-0.04313866919074778
20.0,1.86,-0.002228514915557725,-0.0468177142551955,-0.0017959303883762138,-0.04201281811498395,0.9977269871042223,-0.048337445354531355,0.9981572019588716,-0.043616856018120556
20.0,1.88,-0.002277770048856817,-0.04733127854733082,-0.0018356487236889413,-0.04247408580233156,0.9976768400645951,-0.04886727416706383,0.998116637571781,-0.044095350925268395
20.0,1.9,-0.002327598255304954,-0.04784516853898321,-0.0018758302500416742,-0.042935666976060535,0.9976261095759411,-0.04939743058898527,0.9980756002870582,-0.0445741551437678
20.0,1.92,-0.0023780029183168763,-0.04835939551600806,-0.001916477670933928,-0.04339756718567978,0.9975747939216775,-0.04992791913822103,0.9980340886345882,-0.045053275128343534
20.0,1.94,-0.0024289851693692086,-0.04887395790005555,-0.001957591707355735,-0.043859780217483095,0.9975228914896284,-0.050458744334245124,0.9979921014146362,-0.0455327103614126
20.0,1.96,-0.0024805454404236657,-0.04938885742416548,-0.001999173339600124,-0.04432232302416441,0.9974704009499724,-0.050989907216523925,0.9979496370492695,-0.04601246903285308
20.0,1.98,-0.002532687205065658,-0.0499041047444296,-0.002041223866571765,-0.044785185160878344,0.9974173202407097,-0.05152141402016519,0.997906694245758,-0.04649255236096056
20.0,2.0,-0.0025854109814990225,-0.050419702616745075,-0.0020837456694456323,-0.045248379379678204,0.9973636479267178,-0.05205326751757902,0.9978632716148972,-0.04697296330240495
20.0,2.02,-0.002638718007375449,-0.050935651033015644,-0.002126739252991527,-0.04571191122572839,0.9973093822446477,-0.052585472206180206,0.9978193676897912,-0.04745370655290144
20.0,2.04,-0.0026926117818845993,-0.051451958754167,-0.0021702063475586638,-0.046175778391208636,0.9972545215133761,-0.05311803083842931,0.9977749810315315,-0.0479347850611804
20.0,2.06,-0.002747091489581627,-0.051968619986394765,-0.0022141480154351492,-0.04663998105872264,0.9971990639513691,-0.05365094790316378,0.9977301100602995,-0.04841620525724485
20.0,2.08,-0.0028021609992434407,-0.052485649404366744,-0.002258565959742689,-0.04710453274046216,0.9971430078611629,-0.0541842261443991,0.997684753490083,-0.04889796660053417
20.0,2.1,-0.0028578216241885723,-0.05300304674187744,-0.002303461257391989,-0.04756943345799221,0.9970863513475066,-0.054717871782520515,0.9976389097651751,-0.04938007377100016
20.0,2.12,-0.002914073885903005,-0.053520814372552114,-0.0023488359387509638,-0.04803468551611037,0.9970290929049895,-0.055251885818900524,0.9975925772330896,-0.049862533186182445
20.0,2.14,-0.002970921249887415,-0.05403895713593339,-0.0023946913421039285,-0.04850029360818576,0.996971230273885,-0.055786274445821016,0.9975457546371052,-0.05034534429844055
20.0,2.16,-0.0030283645565903684,-0.054557482667393103,-0.0024410295081207923,-0.04896625912248414,0.9969127620655177,-0.05632104040883485,0.9974984400360984,-0.05082851525016135
20.0,2.18,-0.003086405989902405,-0.05507638848891371,-0.002487850035889743,-0.049432585758797165,0.9968536861957144,-0.05685618641072424,0.9974506323221536,-0.051312045495370176
20.0,2.2,-0.0031450463137835828,-0.055595680848941016,-0.0025351572263308964,-0.04989928495489573,0.9967940007175086,-0.05739171864856245,0.9974023295667196,-0.051795941425201455
20.0,2.22,-0.00320428898220968,-0.0561153618557194,-0.002582950042377961,-0.05036634761495604,0.9967337038718334,-0.05792763983503936,0.9973535302402471,-0.0522802059569301
20.0,2.24,-0.003264136058082889,-0.056635442512383165,-0.0026312313222973892,-0.0508337895287882,0.9966727936632918,-0.05846395266506084,0.9973042329215697,-0.05276484201052485
20.0,2.26,-0.0033245876312756888,-0.0571559166709118,-0.00268000286467513,-0.05130160534641326,0.9966112682279674,-0.05900066332789888,0.9972544356527371,-0.053249855965458975
20.0,2.28,-0.003385647034574774,-0.057676799825540005,-0.0027292663039722954,-0.051769803330247,0.996549125551199,-0.05953777450865601,0.9972041369735898,-0.053735248987658704
20.0,2.3,-0.0034473162375140217,-0.05819808324174008,-0.002779022172092365,-0.05223838787545479,0.9964863635066719,-0.06007529062672568,0.9971533352114589,-0.05422102397406936
20.0,2.32,-0.0035095964900214963,-0.05871978022197048,-0.0028292735143234725,-0.05270735906637148,0.9964229804074511,-0.06061321437797557,0.997102028725858,-0.05470718731108223
20.0,2.34,-0.0035724900135802808,-0.05924188586557386,-0.0028800210830345224,-0.05317672495771132,0.9963589739941286,-0.06115155016486509,0.9970502155965117,-0.055193741875318725
20.0,2.36,-0.003635999372773668,-0.0597644176501609,-0.002931266319682895,-0.05364648931873687,0.9962943421184799,-0.061690304137229916,0.9969978942586795,-0.05568069230493658
20.0,2.38,-0.0037001266685612886,-0.060287367643802756,-0.0029830123161880637,-0.0541166513238648,0.9962290828290322,-0.06222947721581072,0.9969450629894265,-0.05616803973500998
20.0,2.4,-0.00376487285931037,-0.060810743517605244,-0.00303525885467233,-0.0545872181765739,0.9961631941815073,-0.06276907380846275,0.9968917199797689,-0.0566557887832966
20.0,2.42,-0.0038302407087468754,-0.061334547725704874,-0.0030880092547148044,-0.055058192306002604,0.9960966737664197,-0.0633091000346402,0.9968378633110915,-0.05714394580317585
20.0,2.44,-0.0038962325040861915,-0.06185879165741619,-0.0031412650589366306,-0.05552957781534594,0.9960295197235777,-0.0638495568069967,0.9967834915685688,-0.057632510191201664
20.0,2.46,-0.003962850863348284,-0.062383474277068286,-0.003195026932898216,-0.056001380450605286,0.9959617296254758,-0.06439045197946106,0.996728602486199,-0.058121490019070104
20.0,2.48,-0.004030096344413192,-0.06290859622686895,-0.003249298197128851,-0.05647360089168702,0.9958933015930436,-0.06493178470854154,0.9966731944323924,-0.05861088815465671
20.0,2.5,-0.0040979728942160155,-0.06343415949669438,-0.0033040797214155524,-0.05694624793908523,0.9958242329476066,-0.06547356456719336,0.9966172655395207,-0.05910070744853077
20.0,2.52,-0.004166481773381034,-0.06396017522158036,-0.00335937368763711,-0.05741931868926638,0.9957545217944598,-0.06601579070101797,0.9965608140481736,-0.05959095075395078
20.0,2.54,-0.004235624990333629,-0.0644866488733415,-0.0034151821544052352,-0.05789282483338285,0.9956841658895408,-0.06655846921015297,0.9965038377532147,-0.060081624384826865
20.0,2.56,-0.004305406447763646,-0.0650135798913134,-0.0034715061046465437,-0.05836675956132371,0.9956131627475172,-0.06710160442783551,0.9964463350974655,-0.06057272945336284
20.0,2.58,-0.004375826143610318,-0.06554097693043533,-0.003528347789646089,-0.05884113740202903,0.9955415102162652,-0.06764520070431408,0.9963883038567087,-0.06106427226435416
20.0,2.6,-0.004446887721563324,-0.06606883476296015,-0.0035857093895987464,-0.059315954018621594,0.9954692059081,-0.06818926062322228,0.9963297422376212,-0.061556255653609344
20.0,2.62,-0.004518593685037596,-0.0665971648014964,-0.003643592970417003,-0.05979121994140518,0.9953962475377094,-0.0687337885153906,0.9962706482172928,-0.06204868418453564
20.0,2.64,-0.0045909444496773635,-0.06712596473988419,-0.0037020013378379333,-0.0602669401871208,0.9953226325735394,-0.06927879043487381,0.9962110196481072,-0.06254156240859539
20.0,2.66,-0.004663945089676716,-0.06765524879427467,-0.0037609344360057697,-0.06074310719537088,0.9952483587205262,-0.06982426720980428,0.9961508548218524,-0.06303489140953789
20.0,2.68,-0.004737597433217261,-0.06818501731888274,-0.003820395044277462,-0.06121974239055321,0.9951734235329737,-0.07037022663473065,0.9960901514651462,-0.06352867746826366
20.0,2.7,-0.004811902197414459,-0.06871527195935584,-0.00388038601569817,-0.0616968332896028,0.9950978244690161,-0.07091666950940083,0.9960289076292886,-0.06402292339075873
20.0,2.72,-0.004886863780400986,-0.06924601532961734,-0.003940908395284218,-0.062174389737536154,0.9950215592969233,-0.07146360188677092,0.9959671211337542,-0.06451763545514826
20.0,2.74,-0.004962483097410335,-0.0697772515231048,-0.004001964394342068,-0.06265242283912634,0.9949446250941267,-0.07201102801906087,0.9959047900102281,-0.06501281471219068
20.0,2.76,-0.005038762934526391,-0.07030899388640034,-0.004063557134480592,-0.06313092308860462,0.9948670196146494,-0.0725589522011399,0.9958419120585756,-0.06550846568449682
20.0,2.78,-0.0051157075130615565,-0.07084124077287558,-0.004125687291640685,-0.06360991123760194,0.994788740385657,-0.0731073769603915,0.9957784851826705,-0.06600459464264395
20.0,2.8,-0.005193317465454115,-0.07137399181470046,-0.004188357684141971,-0.06408937243754974,0.9947097846843017,-0.07365630654556561,0.9957145071624225,-0.06650120260781829
20.0,2.82,-0.005271596581362593,-0.07190725577158608,-0.0042515697795109785,-0.0645693222708121,0.9946301498765027,-0.07420574695136592,0.9956499757677085,-0.06699829583273248
20.0,2.84,-0.005350545660385399,-0.0724410345274699,-0.004315328045189602,-0.06504976998356278,0.994549833214981,-0.07475570241227822,0.9955848887579632,-0.06749587881918706
20.0,2.86,-0.005430169370885708,-0.07297533073458355,-0.00437963217068459,-0.0655307035716083,0.9944688323021049,-0.0753061754372688,0.9955192442344363,-0.06799395259645917
20.0,2.88,-0.005510470612969866,-0.07351015674596903,-0.004444485023604405,-0.06601214186405975,0.9943871443718673,-0.07585717024721948,0.995453039592706,-0.06849252337813393
20.0,2.9,-0.0055914498366079835,-0.07404550927476257,-0.004509889209364517,-0.06649408204674356,0.9943047666285834,-0.07640869279993347,0.9953862726789711,-0.06899159565802943
20.0,2.92,-0.005673111422943517,-0.07458140284299679,-0.004575845603997476,-0.06697652991611035,0.9942216962817296,-0.076960747301474,0.9953189412213175,-0.06949117217159757
20.0,2.94,-0.005755457940327286,-0.07511782735284601,-0.0046423593059929085,-0.06745948415701912,0.9941379307796985,-0.07751333622436911,0.9952510429335764,-0.0699912573941608
20.0,2.96,-0.0058384907255931975,-0.0756547909228089,-0.004709429537678065,-0.0679429603377228,0.9940534671987283,-0.0780664637515598,0.9951825752817584,-0.07049185752434416
20.0,2.98,-0.005922215856117497,-0.0761923112396661,-0.004777061053744458,-0.06842695111925969,0.9939683026959041,-0.07862013581119279,0.9951135360898958,-0.07099297354411811
20.0,3.0,-0.006006632850089369,-0.07673037231422518,-0.0048452550424494005,-0.06891146590596783,0.9938824342991202,-0.07917435831446504,0.9950439230437997,-0.07149460991220079
20.0,3.02,-0.006091745339433567,-0.07726899401428225,-0.0049140139620314355,-0.06939651502610787,0.9937958595781367,-0.07972913022642215,0.9949737334531561,-0.07199677454652664
20.0,3.04,-0.006177557695282312,-0.07780817049133845,-0.00498334043865464,-0.0698820936425307,0.9937085750339026,-0.08028446089394677,0.9949029651285229,-0.07249946666765185
20.0,3.06,-0.006264070378774784,-0.07834791499888975,-0.005053236520516411,-0.07036820567509987,0.9936205780524717,-0.08084035274508686,0.9948316154727599,-0.07300269418982094
20.0,3.08,-0.00635128794535376,-0.07888822333528733,-0.005123704914542938,-0.07085486400359918,0.9935318657563715,-0.08139680992574465,0.9947596820272153,-0.07350645979508329
20.0,3.1,-0.00643921516995291,-0.07942911033894659,-0.0051947478827015165,-0.07134205780995666,0.9934424347710419,-0.08195383827967119,0.9946871623118366,-0.07401076790434159
20.0,3.12,-0.00652785130664435,-0.07997057392583883,-0.005266368900957464,-0.07182980980871381,0.9933522825670504,-0.08251144022148496,0.9946140539663151,-0.0745156211965384
20.0,3.14,-0.006617201208104971,-0.08051261222678015,-0.005338569129435674,-0.07231811068219368,0.9932614057767132,-0.08306961983530613,0.9945403541162312,-0.07502102754382464
20.0,3.16,-0.006707267158850388,-0.08105524304572054,-0.005411352257520196,-0.07280696816138679,0.993169801301341,-0.08362838471131054,0.9944660603970745,-0.07552698786829516
20.0,3.18,-0.006798053471849332,-0.08159845683119958,-0.005484719531616912,-0.0732963909981336,0.9930774663824886,-0.08418773547834749,0.9943911700429614,-0.07603350829332184
20.0,3.2,-0.006889564067726141,-0.08214227306403624,-0.005558674183670285,-0.07378638010116066,0.9929843973239473,-0.08474767966139153,0.9943156805221919,-0.07654059320873713
20.0,3.22,-0.006981799161154023,-0.08268668397896271,-0.005633218235853655,-0.07427693709339088,0.9928905914290724,-0.0853082196254014,0.9942395893126772,-0.07704824525399825
20.0,3.24,-0.007074763487464116,-0.08323170118051904,-0.005708357031862207,-0.07476807263297931,0.9927960453514189,-0.08586936116402437,0.9941628935003156,-0.07755647052394866
20.0,3.26,-0.007168459644830421,-0.08377732769992377,-0.005784090155331054,-0.07525978996505936,0.992700755766226,-0.08643110831906037,0.9940855906584924,-0.07806527165408171
20.0,3.28,-0.007262892410885987,-0.08432355731503455,-0.00586042114655445,-0.07575209267609938,0.9926047193002492,-0.08699346686578771,0.9940076777361038,-0.07857465471668605
20.0,3.3,-0.007358063286831046,-0.08487041407954601,-0.005937352957642765,-0.07624497621210644,0.9925079331380384,-0.0875564373833786,0.9939291521494494,-0.07908462406899314
20.0,3.32,-0.0074539772514569695,-0.08541789326132086,-0.0060148886482046795,-0.07673845420918007,0.9924103934634585,-0.08812002908394018,0.9938500110999989,-0.0795951822997135
20.0,3.34,-0.0075506363951904085,-0.0859659908517718,-0.0060930306772061125,-0.07723253229201635,0.9923120970567293,-0.0886842442407702,0.9937702518460075,-0.08010633548751327
20.0,3.36,-0.00764804460725638,-0.08651472324126515,-0.006171782217051899,-0.07772720768723121,0.992213040763717,-0.08924908687096499,0.9936898713147345,-0.0806180879325437
20.0,3.38,-0.007746205015015818,-0.08706409778553931,-0.006251145216610813,-0.07822249628078913,0.9921132209197779,-0.0898145626834586,0.9936088668806207,-0.08113044396481453
20.0,3.4,-0.007845120556502433,-0.08761410227143898,-0.006331122259394159,-0.07871838745114247,0.9920126339595597,-0.09038067738734896,0.9935272355643948,-0.08164340787953343
20.0,3.42,-0.007944796326944803,-0.08816476545906579,-0.006411718177745712,-0.07921489814702502,0.9919112767343872,-0.09094743322973321,0.9934449744906959,-0.0821569839740118
20.0,3.44,-0.008045232975198676,-0.08871606629897208,-0.006492933673866161,-0.07971202809006778,0.991809145540629,-0.09151483589027551,0.993362080659277,-0.08267117652888038
20.0,3.46,-0.008146436416007739,-0.08926802470438946,-0.006574774412226748,-0.08020978635122537,0.9917062369345688,-0.09208288931796005,0.9932785510285601,-0.08318599156050124
20.0,3.48,-0.008248410847663177,-0.0898206409158476,-0.0066572398056737436,-0.08070817384989658,0.9916025471855444,-0.09265159917226662,0.9931943828349855,-0.08370143161049502
20.0,3.5,-0.008351156789907646,-0.09037392652135268,-0.00674033632788389,-0.08120719139080435,0.9914980728247302,-0.09322096938236042,0.9931095727853695,-0.08421750266098611
20.0,3.52,-0.008454680776308848,-0.09092787222078294,-0.006824063472170039,-0.0817068408227367,0.9913928099802198,-0.09379100557648895,0.9930241179489481,-0.08473420897204233
20.0,3.54,-0.008558986035671904,-0.0914825011532618,-0.0069084280388732175,-0.08220714292273322,0.9912867551580444,-0.0943617116635559,0.992938015270024,-0.08525155478652283
20.0,3.56,-0.00866407353047334,-0.09203779496616656,-0.006993429473848871,-0.08270808166900374,0.9911799045732922,-0.0949330932617223,0.9928512616823046,-0.0857695443396093
20.0,3.58,-0.00876994984266615,-0.09259377781370219,-0.007079074777006335,-0.08320967901119755,0.9910722544785407,-0.09550515423758728,0.992763853843986,-0.08628818358152503
20.0,3.6,-0.008876618084716622,-0.09315045359583916,-0.0071653636554997735,-0.08371193905603569,0.9909638010616965,-0.09607790018797285,0.992675788816349,-0.08680747499877062
20.0,3.62,-0.008984082036538981,-0.09370781580656297,-0.007252300844992856,-0.0842148562067708,0.990854540718829,-0.09665133322888546,0.9925870630821267,-0.08732742625776113
20.0,3.64,-0.009092344338529535,-0.09426588024170406,-0.0073398890548115134,-0.08471843512254194,0.9907444691601502,-0.09722546238328023,0.9924976736803937,-0.0878480398289669
20.0,3.66,-0.009201410558452784,-0.09482464119312158,-0.007428131906702366,-0.08522269076754221,0.9906335828695519,-0.09780028975655128,0.9924076172204407,-0.08836932162954217
20.0,3.68,-0.009311284106443402,-0.09538410453794066,-0.007517032887616543,-0.08572761896496162,0.9905218777522785,-0.09837582087940362,0.9923168904523904,-0.08889127583588
20.0,3.7,-0.00942196787688651,-0.09594428791885384,-0.0076065949102850266,-0.08623322586099588,0.9904093498711612,-0.09895205954219466,0.9922254900014364,-0.08941390660581541
20.0,3.72,-0.009533467710337104,-0.09650518708348697,-0.007696820949795952,-0.08673951810637277,0.9902959950445097,-0.09952901299248502,0.9921334125535793,-0.08993721984093753
20.0,3.74,-0.009645785580894135,-0.09706680974916965,-0.0077877155680524685,-0.08724650272410367,0.99018180942083,-0.1001066850090188,0.99204065482406,-0.09046121969221398
20.0,3.76,-0.009758927492174892,-0.09762915245722675,-0.007879279457877534,-0.0877541774146276,0.99006678902344,-0.100685079348035,0.9919472131747571,-0.0909859102707675
20.0,3.78,-0.009872896688459162,-0.09819223517138016,-0.007971519758688431,-0.08826256007193678,0.9899509295737853,-0.10126420147066342,0.9918530843681435,-0.09151129746231405
20.0,3.8,-0.00998769478581626,-0.0987560444138796,-0.008064436359208026,-0.08877163909171151,0.9898342268921039,-0.10184405683737453,0.9917582648560547,-0.09203738537054142
20.0,3.82,-0.010103330337304418,-0.09932060071725496,-0.008158036590077312,-0.0892814333387303,0.9897166769621549,-0.10242464916906205,0.99166275103221,-0.09256417983150904
20.0,3.84,-0.010219806276716039,-0.09988590279691698,-0.008252319799859117,-0.08979194232566359,0.9895982753969309,-0.10300598562952318,0.9915665391616965,-0.09309168666101414
20.0,3.86,-0.010337123821602515,-0.10045194987385843,-0.008347291600838188,-0.09030316528935951,0.9894790179238306,-0.10358806989159532,0.9914696260502294,-0.09361990822567673
20.0,3.88,-0.01045529188494815,-0.10101876421844012,-0.008442957095430415,-0.09081511235265978,0.9893589001912101,-0.10417090735473865,0.991372008053553,-0.09414885033375117
20.0,3.9,-0.010574310636783407,-0.1015863344052988,-0.008539316717148528,-0.09132779461394444,0.989237917832149,-0.10475450340564435,0.9912736813357308,-0.09467851702096816
20.0,3.92,-0.010694186222662055,-0.10215467223933067,-0.008636376933036169,-0.09184120182283685,0.9891160666482808,-0.1053388616918213,0.9911746422883091,-0.09520891582788664
20.0,3.94,-0.010814923681112299,-0.10272377828995859,-0.008734139265805812,-0.0923553564377542,0.9889933420602565,-0.10592398930094328,0.9910748870481166,-0.09574005077039267
20.0,3.96,-0.01093652578869814,-0.10329366573268535,-0.00883260974345412,-0.0928702597116276,0.9888697397992887,-0.10650988810458473,0.9909744120834608,-0.09627192588766832
20.0,3.98,-0.011058999549849785,-0.10386433582093736,-0.008931788586611748,-0.09338590291086497,0.9887452550695184,-0.10709656688982906,0.990873213623544,-0.09680454518732937
20.0,4.0,-0.01118234845137098,-0.10443579052815247,-0.009031682970082324,-0.09390229853349312,0.9886198834618278,-0.10768402748979033,0.9907712874911021,-0.09733791786604279
20.0,4.02,-0.011306575498672334,-0.10500804446412083,-0.009132295283863655,-0.0944194600954893,0.9884936202594057,-0.10827227867612288,0.9906686302267876,-0.09787204445221065
20.0,4.04,-0.011431686661763554,-0.1055810879540601,-0.0092336302215743,-0.09493739042463367,0.9883664610265721,-0.1088613222554202,0.990565237794823,-0.09840693239250069
20.0,4.06,-0.011557685088707005,-0.10615493644527778,-0.009335689816013492,-0.09545608183647841,0.9882384009750615,-0.10945116522142878,0.9904611061996274,-0.09894258738230235
20.0,4.08,-0.011684578242929159,-0.10672959311679903,-0.009438478270982294,-0.09597554883074062,0.9881094353753747,-0.11004181281598434,0.9903562316641374,-0.09947901163775287
20.0,4.1,-0.011812368105633022,-0.10730506210940613,-0.00954200325201174,-0.09649580613982145,0.9879795593688853,-0.11063327025405288,0.9902506098198589,-0.1000162142901103
20.0,4.12,-0.01194106044108969,-0.1078813475196806,-0.009646264181315502,-0.0970168360473781,0.9878487683894791,-0.11122554102479223,0.9901442369780303,-0.10055419754570585
20.0,4.14,-0.012070661112775095,-0.10845845380159067,-0.009751268292618478,-0.0975386652737118,0.987717057355721,-0.11181863203888161,0.9900371090897281,-0.10109296705722953
20.0,4.16,-0.012201173683621877,-0.10903639874820147,-0.009857017886935222,-0.09806128764952789,0.9875844214765477,-0.11241254848069697,0.9899292215719182,-0.10163253015894633
20.0,4.18,-0.012332602785357824,-0.10961517512958266,-0.009963516415057843,-0.09858470845152742,0.9874508557180571,-0.11300729549410901,0.9898205708138997,-0.10217288903683276
20.0,4.2,-0.012464954528441059,-0.110194788501232,-0.010070769110007085,-0.09910893311960833,0.9873163552583157,-0.11360287823402437,0.9897111523179446,-0.10271405101405136
20.0,4.22,-0.01259823319557736,-0.11077524500614812,-0.010178780728094023,-0.09963397907598154,0.9871809147196005,-0.11419930352419824,0.989600961861887,-0.1032560216859175
20.0,4.24,-0.012732446545638779,-0.11135656376497138,-0.010287555510092932,-0.10015984108659638,0.9870445293326605,-0.11479657475285175,0.9894899954570748,-0.10379880317020422
20.0,4.26,-0.012867594156981391,-0.11193872632599976,-0.010397095982645543,-0.10068651419545266,0.9869071941155156,-0.1153946970165109,0.9893782484930334,-0.10434240449347489
20.0,4.28,-0.013003685895481872,-0.11252175227802409,-0.010507408308426367,-0.10121402851027182,0.9867689035274035,-0.11599367707866128,0.9892657164750863,-0.10488683119162602
20.0,4.3,-0.013140724407401128,-0.11310564951260706,-0.010618495696637394,-0.10174236793638403,0.9866296525522922,-0.11659352000395731,0.9891523954894638,-0.10543208535968678
20.0,4.32,-0.01327871679549421,-0.11369041253631734,-0.010730363272411446,-0.10227155174851481,0.9864894358178599,-0.11719423080116391,0.9890382808323684,-0.10597817423654299
20.0,4.34,-0.013417665366662626,-0.11427606320882314,-0.010843015571489138,-0.1028015759604386,0.9863482479579134,-0.11779581621133521,0.988923368081036,-0.1065251033340545
20.0,4.36,-0.013557579388216591,-0.11486259644243962,-0.010956457896842587,-0.10333246067607153,0.9862060837931534,-0.11839828123739914,0.9888076524969657,-0.10707287986522203
20.0,4.38,-0.013698460203789972,-0.11545000820340309,-0.011070691844355158,-0.10386419073064863,0.9860629376746068,-0.11900163081149571,0.9886911298863366,-0.10762150585279938
20.0,4.4,-0.013840318392609257,-0.11603832059033009,-0.01118572154547574,-0.1043967748699738,0.9859188045055113,-0.11960586991742056,0.9885737953677702,-0.10817098847213727
20.0,4.42,-0.013983155010248521,-0.11662754390352408,-0.011301556161735244,-0.1049302338899526,0.9857736781863509,-0.12021100689486644,0.9884556445722085,-0.1087213331970663
20.0,4.44,-0.014126976043242367,-0.11721766089105906,-0.011418198740020008,-0.1054645652971762,0.9856275538911417,-0.12081704323875059,0.9883366726602515,-0.10927254543869969
20.0,4.46,-0.014271788328686181,-0.11780869533136251,-0.011535653670949025,-0.10599977892470848,0.9854804254851717,-0.12142398725367733,0.9882168746995849,-0.10982463233206569
20.0,4.48,-0.014417597602498656,-0.11840064416923558,-0.01165392407403032,-0.10653587271126931,0.9853322872497058,-0.12203184553295406,0.98809624623799,-0.11037759756162856
20.0,4.5,-0.014564409261751116,-0.11899351843138059,-0.011773013085964488,-0.10707284472172637,0.9851831337608569,-0.12264062119862718,0.9879747821972149,-0.11093144822267914
20.0,4.52,-0.014712227098292367,-0.11958731578965427,-0.011892931725144683,-0.10761072990073862,0.9850329591532347,-0.12325032079464907,0.9878524779829284,-0.11148618796048695
20.0,4.54,-0.014861058734318918,-0.12018204763482325,-0.012013680579456794,-0.10814950221280206,0.9848817577578218,-0.12386094912732427,0.9877293285983872,-0.11204182385542048
20.0,4.56,-0.01501091192508679,-0.12077772576478961,-0.012135265733938961,-0.10868918531045495,0.9847295233421678,-0.1244725144082167,0.9876053291105679,-0.112598361236659
20.0,4.58,-0.015161788578565828,-0.12137434894246227,-0.0122576905839648,-0.1092297783250274,0.9845762500863826,-0.12508502139177885,0.9874804742600696,-0.11315580712981686
20.0,4.6,-0.015313696972814702,-0.12197191528680619,-0.012380961887902896,-0.1097712929442083,0.9844219321550224,-0.12569847481418248,0.9873547591942416,-0.11371416684819412
20.0,4.62,-0.015466642638952904,-0.12257045207697563,-0.012505085081710549,-0.11031372853236969,0.984266563363298,-0.12631288109653788,0.9872281790172379,-0.11427344394179523
20.0,4.64,-0.015620632288873736,-0.12316994394578207,-0.012630063247226438,-0.11085709778667784,0.9841101376199104,-0.12692824665469654,0.9871007282206201,-0.11483364711541261
20.0,4.66,-0.01577567164386958,-0.1237704189555699,-0.012755901930467663,-0.11140140053189494,0.9839526490362521,-0.12754457616747167,0.9869724017892931,-0.11539478162551761
20.0,4.68,-0.015931765731266867,-0.1243718477774248,-0.012882610177750761,-0.11194664938844763,0.9837940910313396,-0.1281618759529621,0.9868431946679525,-0.1159568509650332
20.0,4.7,-0.01608892226672196,-0.12497427344533968,-0.013010186347129561,-0.1124928323585624,0.9836344575707374,-0.12878015238229693,0.9867131012934536,-0.11651986379253139
20.0,4.72,-0.01624714607428291,-0.12557768159633792,-0.013138641118015307,-0.11303997547981347,0.9834737421470285,-0.12939941174720423,0.986582116374541,-0.11708382529253772
20.0,4.74,-0.016406445757914626,-0.1261820867921802,-0.013267978372528468,-0.11358807972987678,0.9833119386863263,-0.13001965863206474,0.986450234512852,-0.11764874236951438
20.0,4.76,-0.016566825950976017,-0.12678748971472228,-0.013398203564434436,-0.11413715937420739,0.9831490401903105,-0.13064090097342682,0.9863174504761821,-0.11821461844175594
20.0,4.78,-0.01672829354532346,-0.12739389091612155,-0.013529321124046378,-0.1146872024362729,0.9829850408897487,-0.13126314161344407,0.9861837585125385,-0.11878146209006228
20.0,4.8,-0.016890852987573857,-0.12800130642713714,-0.013661337063152703,-0.11523821009436291,0.9828199338608211,-0.1318863884612443,0.9860491532631815,-0.11934927843581719
20.0,4.82,-0.017054517772573257,-0.12860975154443677,-0.013794258185703866,-0.11579022414253755,0.9826537122686458,-0.13251064941816162,0.9859136290310931,-0.11991807429165047
20.0,4.84,-0.0172192844129714,-0.1292191988498933,-0.01392808954784142,-0.11634321959857184,0.9824863697248962,-0.1331359271876674,0.9857771802934356,-0.12048785298443247
20.0,4.86,-0.017385168294917274,-0.1298296940773774,-0.014062833310594085,-0.11689719875970818,0.9823178994690573,-0.13376222964270976,0.9856398012382348,-0.12105862477605688
20.0,4.88,-0.017552168225974135,-0.13044120978235252,-0.014198501049237934,-0.11745219038892668,0.982148294611489,-0.1343895628727321,0.9855014860807767,-0.12163039293193706
20.0,4.9,-0.017720300168250765,-0.13105377725552156,-0.014335095097261243,-0.11800819747711705,0.9819775482426684,-0.1350179329444264,0.9853622292791415,-0.1222031642250008
20.0,4.92,-0.017889564800434455,-0.13166739973326994,-0.014472620258366417,-0.11856520902842153,0.9818056535461973,-0.13564734591720576,0.9852220247045652,-0.12277694534057454
20.0,4.94,-0.01805996991545347,-0.13228206416022195,-0.014611086395142886,-0.11912325508458013,0.9816326035726463,-0.13627780781204346,0.98508086643568,-0.12335174297402242
20.0,4.96,-0.018231525016034263,-0.13289780388757447,-0.014750496782114972,-0.11968231123777619,0.9814583911266316,-0.13690932459520233,0.9849387486344161,-0.12392756206944086
20.0,4.98,-0.018404233663952906,-0.13351459120444614,-0.014890855204727974,-0.12024240887147739,0.9812830089788317,-0.1375419039533618,0.9847956654566085,-0.12450440930104147
20.0,5.0,-0.018578107704978756,-0.13413247553546034,-0.01503217262003861,-0.12080355094118822,0.9811064503578081,-0.13817555012377916,0.9846516102532261,-0.1250822929716481
20.0,5.02,-0.01875314631950936,-0.1347514142567336,-0.015174451670740226,-0.12136574159822301,0.9809287076531582,-0.13881027069745344,0.9845065773571073,-0.1256612179994521
20.0,5.04,-0.018929363933438016,-0.13537145725163552,-0.015317701386277909,-0.12192898436906265,0.9807497735865094,-0.1394460715437988,0.9843605605186516,-0.12624118921280977
20.0,5.06,-0.019106768884423947,-0.13599259247094947,-0.015461924503678517,-0.12249328373820359,0.9805696407279493,-0.14008296023524175,0.9842135532619807,-0.12682221663320292
20.0,5.08,-0.019285362249820526,-0.13661482481425113,-0.015607128059557945,-0.12305864382511907,0.9803883020014014,-0.14072094088014866,0.984065549519516,-0.12740430333261885
20.0,5.1,-0.019465154653575168,-0.1372381580331799,-0.01575331883023451,-0.12362508341788718,0.9802057492365396,-0.1413600226468286,0.9839165428818766,-0.1279874575612017
20.0,5.12,-0.019646154453966412,-0.13786259638447473,-0.015900506209373177,-0.12419260688486561,0.9800219753163385,-0.14200020959280577,0.9837665266870989,-0.12857168577263456
20.0,5.14,-0.019828367556094743,-0.1384881609369074,-0.01604869133638667,-0.12476120522454134,0.9798369724974726,-0.142641509155569,0.9836154944811294,-0.1291569961763866
20.0,5.16,-0.020011804941420977,-0.139114856186442,-0.016197885259171083,-0.12533091208105043,0.9796507330366526,-0.1432839270028792,0.9834634400122941,-0.1297433917522333
20.0,5.18,-0.020196470419395714,-0.13974268785278557,-0.016348091722771508,-0.12590170380974736,0.9794632491450737,-0.14392747051873558,0.9833103564481849,-0.13033088062498874
20.0,5.2,-0.02038237281725298,-0.14037164463365517,-0.0164993176061911,-0.12647361522641704,0.9792745126711635,-0.14457214700992818,0.9831562370456518,-0.13091947091291495
20.0,5.22,-0.020569523298717633,-0.14100174793093415,-0.01665157113924731,-0.1270466221937919,0.9790845158052078,-0.14521796206278878,0.9830010749274923,-0.13150916895168385
20.0,5.24,-0.020757923412328943,-0.14163300439974155,-0.016804857184262757,-0.12762076043284057,0.9788932505756837,-0.14586492296202513,0.9828448637667399,-0.13209997938581736
20.0,5.26,-0.020947587095038134,-0.1422654190905699,-0.016959185761450373,-0.12819603569422433,0.9787007090168698,-0.14651303522233292,0.9826875961863377,-0.13269191193973404
20.0,5.28,-0.021138520996818063,-0.14289899831925998,-0.017114560836582384,-0.12877242453822896,0.9785068826610032,-0.14716230600478408,0.9825292655920924,-0.1332849711848182
20.0,5.3,-0.021330731831546747,-0.14353374860113038,-0.0172709897645574,-0.12934996333764892,0.9783117633539535,-0.14781274249181645,0.9823698646804435,-0.13387916507030884
20.0,5.32,-0.021524231372364037,-0.14416969287480644,-0.01742848058123848,-0.12992865866793812,0.978115342950922,-0.1484643500955658,0.9822093864630482,-0.13447450156854202
20.0,5.34,-0.021719021563775958,-0.1448068049254662,-0.017587041672222754,-0.13050850194838698,0.9779176127667245,-0.14911713761334594,0.9820478241822371,-0.135070983424971
20.0,5.36,-0.021915116884006363,-0.14544510762458293,-0.017746674379360637,-0.13108950082800855,0.9777185643848355,-0.14977111036375013,0.981885169874158,-0.13566862367801918
20.0,5.38,-0.022112524409916304,-0.14608462547230372,-0.01790739151140446,-0.1316716616041911,0.9775181895940747,-0.15042627367062775,0.9817214169769475,-0.1362674233137783
20.0,5.4,-0.022311248750465404,-0.1467253320275946,-0.018069200985065807,-0.13225502244491152,0.9773164791472257,-0.1510826379113007,0.9815565577140527,-0.13686739360900524
20.0,5.42,-0.022511304813579824,-0.1473672683175142,-0.01823210270916932,-0.13283954547221116,0.977113424445556,-0.15174020829547386,0.9813905846570049,-0.13746854062825004
20.0,5.44,-0.022712697348977982,-0.1480104079938161,-0.018396114003714444,-0.13342526803564403,0.9769090169420447,-0.15239899176024813,0.9812234904703095,-0.13807087042824004
20.0,5.46,-0.022915436402656853,-0.14865479356918418,-0.018561236757705914,-0.13401218319341449,0.9767032475028203,-0.15305899512363808,0.9810552676692814,-0.13867439077033675
20.0,5.48,-0.023119532013241205,-0.14930039800590053,-0.018727477311346503,-0.13460029910969373,0.9764961075319561,-0.15372022525943993,0.9808859084060068,-0.1392791093431423
20.0,5.5,-0.023324989212835715,-0.14994724766623854,-0.018894848962789312,-0.13518963904960027,0.9762875868352572,-0.1543826887612187,0.9807154050524519,-0.13988503209792222
20.0,5.52,-0.02353182083794702,-0.1505953327229974,-0.019063353735886697,-0.1357801964578301,0.9760776785205658,-0.15504639446144527,0.9805437496958695,-0.14049216841638826
20.0,5.54,-0.023740034844125464,-0.15124469753121086,-0.01923300074208907,-0.13637196371082094,0.9758663708152967,-0.1557113468978923,0.9803709347949365,-0.14110052247164795
20.0,5.56,-0.02394964159392584,-0.1518953152492197,-0.019403801084559146,-0.13696498107147892,0.9756536558768482,-0.15637755469439615,0.9801969520288645,-0.1417101052884468
20.0,5.58,-0.02416064904945998,-0.15254719499969566,-0.019575761731664927,-0.13755924169738756,0.9754395238602478,-0.15704502438003948,0.9800217936988952,-0.1423209209720016
20.0,5.6,-0.024373065254068356,-0.1532003461230961,-0.01974888727219472,-0.13815473900782285,0.9752239657441788,-0.1577137643320065,0.9798454514548508,-0.1429329787497683
20.0,5.62,-0.024586903849508318,-0.15385479546310704,-0.019923186872356273,-0.13875149829964814,0.9750069707856074,-0.158383779125154,0.9796679171683196,-0.14354628611110123
20.0,5.64,-0.02480217299526978,-0.1545105347935487,-0.020098674831996295,-0.13934952825371624,0.9747885307572756,-0.15905507895008228,0.9794891828251753,-0.14416084879200658
20.0,5.66,-0.025018881055267252,-0.15516757409421053,-0.02027534876739951,-0.13994880726520822,0.974568634588125,-0.15972767001069604,0.9793092395202704,-0.14477667761303642
20.0,5.68,-0.025237036294137094,-0.15582590518732675,-0.020453225253955674,-0.14054939324415444,0.9743472725858676,-0.16040155695540767,0.9791280795558519,-0.14539377656193053
20.0,5.7,-0.02545665287091402,-0.15648555583258428,-0.020632309440726634,-0.1411512472628446,0.9741244361574402,-0.16107675156900342,0.9789456941154417,-0.1460121546764835
20.0,5.72,-0.025677739481922902,-0.15714653665939482,-0.020812611025024828,-0.14175439575301432,0.9739001133138534,-0.16175325805682744,0.9787620743537353,-0.14663182096437488
20.0,5.74,-0.025900301932406073,-0.15780884035569234,-0.020994142347989322,-0.1423588652678687,0.9736742959658322,-0.16243108472910886,0.9785772120232032,-0.14725278100402261
20.0,5.76,-0.02612435732185599,-0.15847247640909382,-0.02117690121205795,-0.14296461774018082,0.9734469715103561,-0.1631102391121157,0.9783910981144847,-0.14787504372735072
20.0,5.78,-0.026349909094161333,-0.15913745678828276,-0.0213609074757793,-0.143571712548168,0.9732181320853961,-0.16379072774223058,0.9782037239610883,-0.14849861634504932
20.0,5.8,-0.026576974639968057,-0.15980379140415557,-0.021546164016766817,-0.14418011087740873,0.9729877647478349,-0.16447255976306338,0.9780150806466036,-0.1491235060038061
20.0,5.82,-0.026805557296027915,-0.16047147374768014,-0.021732681035934794,-0.14478985738102465,0.9727558615792528,-0.16515574163548236,0.977825158968658,-0.14974972152648805
20.0,5.84,-0.02703567500613191,-0.16114053293864924,-0.021920471525241212,-0.14540094575312618,0.972522410156321,-0.16584027902441698,0.9776339499209631,-0.15037727173859597
20.0,5.86,-0.027267334085005722,-0.16181096229983588,-0.022109535859490683,-0.14601337151408916,0.9722873994005615,-0.16652618302405423,0.9774414441688531,-0.15100616364110114
20.0,5.88,-0.02750054400633323,-0.1624827737863395,-0.02229989225497222,-0.14662716196287873,0.9720508201895951,-0.16721345978747212,0.9772476326906938,-0.15163640425537142
20.0,5.9,-0.02773532003963759,-0.163155978620788,-0.022491546360702722,-0.1472423294792081,0.9718126597261773,-0.16790211654781934,0.977052505796039,-0.15226800396447818
20.0,5.92,-0.027971668711599246,-0.16383057034463216,-0.022684506388308958,-0.1478588514439865,0.971572907423361,-0.16859216087884835,0.9768560544489633,-0.1529009679845102
20.0,5.94,-0.02820959979094487,-0.1645065613657742,-0.022878783306797483,-0.14847677443869403,0.9713315537834339,-0.16928360050766647,0.9766582689448442,-0.1535353048920727
20.0,5.96,-0.028449135075012483,-0.16518398185875546,-0.02307438549052691,-0.14909607598146166,0.971088585627794,-0.169976444230538,0.9764591393932784,-0.1541710249515043
20.0,5.98,-0.028690272336615367,-0.1658628077171233,-0.02327132405539882,-0.14971676809650197,0.9708439914595958,-0.17067069760113068,0.9762586558485419,-0.15480813489462958
20.0,6.0,-0.028933033665613492,-0.1665430694809602,-0.023469607705602226,-0.15033888114660562,0.9705977619937153,-0.17136636652378617,0.9760568091928968,-0.15544664330124036
20.0,6.02,-0.029177423122235202,-0.16722476172710293,-0.02366924774014485,-0.1509624100220227,0.9703498823819009,-0.1720634750982666,0.9758535897647113,-0.15608655688890735
20.0,6.04,-0.029423456895884235,-0.16790789676938844,-0.023870252901226352,-0.15158734994240625,0.9701003435173401,-0.17276200821949808,0.9756489855966853,-0.15672788721498895
20.0,6.06,-0.0296711454978914,-0.1685924881673623,-0.02407263486276648,-0.1522137315223254,0.9698491337188946,-0.17346197823801315,0.9754429880291385,-0.1573706393468035
20.0,6.08,-0.029920513834898417,-0.16927852710410296,-0.02427639989811467,-0.15284155070158278,0.9695962401452801,-0.17416339725499275,0.9752355875539395,-0.15801482342686432
20.0,6.1,-0.030171546584554825,-0.16996605214974175,-0.024481562319616366,-0.1534708020799917,0.9693416468604317,-0.17486629423736,0.9750267715376156,-0.15866044731224802
20.0,6.12,-0.030424259366854202,-0.1706550362385504,-0.02468813165385069,-0.15410153553500552,0.9690853481447942,-0.17557064754222101,0.9748165318085807,-0.15930751955022185
20.0,6.14,-0.030678696417096474,-0.17134550781670446,-0.024896116967111463,-0.1547337287919638,0.9688273288336415,-0.17627646872211897,0.9746048565186736,-0.15995604980478623
20.0,6.16,-0.030934835513652444,-0.17203746690509772,-0.02510553039250581,-0.1553673954121662,0.9685675781821549,-0.17698377008462596,0.9743917354692475,-0.16060604448106755
20.0,6.18,-0.031192691283512583,-0.17273094796432947,-0.025316381294717447,-0.15600253121689794,0.9683060809409302,-0.17769256307160697,0.9741771575924396,-0.16125751504814245
20.0,6.2,-0.03145229799933095,-0.17342592063910425,-0.025528679499052572,-0.15663916891458132,0.9680428251634173,-0.17840285968024006,0.973961111508254,-0.16191046764742884
20.0,6.22,-0.031713667215273314,-0.17412239963370618,-0.025742443005121362,-0.15727732185490312,0.9677777966303234,-0.1791146714437871,0.9737435877711139,-0.1625649104537768
20.0,6.24,-0.03197681429161763,-0.174820420032252,-0.0259576730512629,-0.15791696903249972,0.9675109884714262,-0.17982797627157548,0.9735245752142936,-0.16322085481621443
20.0,6.26,-0.03224171306713589,-0.1755199625002202,-0.026174385068806545,-0.15855812424611407,0.9672423801551692,-0.18054281937321948,0.9733040595565905,-0.16387830977649923
20.0,6.28,-0.032508409515685746,-0.17622105701758495,-0.02639259216791138,-0.15920082075420736,0.966971962725398,-0.18125919564844073,0.973082032948562,-0.1645372801780869
20.0,6.3,-0.03277691192625146,-0.17692369894122945,-0.026612301541732292,-0.15984505554770237,0.9666997227795558,-0.181977099124749,0.9728584824280754,-0.16519778045072783
20.0,6.32,-0.03304723239982772,-0.17762790401296846,-0.026833531886255514,-0.16049084263640673,0.9664256461115932,-0.1826965585684313,0.972633396722611,-0.1658598147891234
20.0,6.34,-0.03331937933374676,-0.17833366770273984,-0.027056287781126256,-0.16113817956522905,0.9661497192601919,-0.18341756789533062,0.9724067644970065,-0.16652339432779453
20.0,6.36,-0.033593396249517155,-0.17904100016556027,-0.027280579419513604,-0.16178706288931724,0.9658719256830799,-0.1841401553243785,0.9721785738412141,-0.1671885265710943
20.0,6.38,-0.03386926455382529,-0.1797499234480584,-0.027506429386491817,-0.16243754471870242,0.9655922584234881,-0.18486429843879915,0.9719488119373356,-0.16785522406813594
20.0,6.4,-0.03414699286066466,-0.18046043331593403,-0.027733836179136034,-0.16308958554912356,0.9653106986421375,-0.18559002491880924,0.9717174682197263,-0.1685234927286742
20.0,6.42,-0.0344266253779583,-0.1811725403213975,-0.027962822722663854,-0.16374323803344853,0.9650272317710573,-0.18631734573115424,0.9714845289744436,-0.16919334311924303
20.0,6.44,-0.03470814346085063,-0.18188626720081025,-0.028193396511381332,-0.16439848042822475,0.9647418443106659,-0.18704627199530902,0.9712499821612732,-0.16986478255994966
20.0,6.46,-0.03499158781938224,-0.1826016039161255,-0.02842556577758097,-0.16505532961853386,0.9644545226639073,-0.1877767972895579,0.9710138170537441,-0.17053782380210936
20.0,6.48,-0.03527693974701458,-0.1833185735876906,-0.028659350398486893,-0.16571380075630104,0.9641652499949734,-0.18850894944888388,0.970776019305745,-0.17121247368082748
20.0,6.5,-0.03556424442212593,-0.18403718738911767,-0.02889476180167309,-0.16637391071019045,0.96387401817222,-0.1892427055412636,0.9705365758788027,-0.17188874445612357
20.0,6.52,-0.03585353941614153,-0.18475741402071688,-0.029131807747831025,-0.1670356376332855,0.9635808047518165,-0.18997810966299167,0.9702954754104006,-0.1725666451479595
20.0,6.54,-0.036144782214308196,-0.18547932592651703,-0.02937050947711571,-0.16769903653515353,0.9632855971319645,-0.19071515536363046,0.9700527066881101,-0.17324617078723176
20.0,6.56,-0.03643801042755954,-0.18620289206536506,-0.02961087204969438,-0.1683640862584868,0.9629883849385465,-0.1914538365854069,0.9698082524332555,-0.1739273502189072
20.0,6.58,-0.03673326628223923,-0.18692810231848422,-0.029852907307960273,-0.16903080421156266,0.9626891433086578,-0.19219419675022945,0.9695621005569953,-0.1746101956948174
20.0,6.6,-0.03703050706225252,-0.18765503050051455,-0.030096647454523368,-0.16969918432127745,0.9623878662470154,-0.1929362130848821,0.9693142397529612,-0.17529470209516554
20.0,6.62,-0.03732983237230886,-0.1883836107674903,-0.03034208152269978,-0.17036926856044313,0.9620845355177459,-0.19367989526647494,0.9690646556483379,-0.17598088117394425
20.0,6.64,-0.03763116670984946,-0.18911392418479162,-0.03058921467406719,-0.171041035745107,0.9617791293818867,-0.19442528713866514,0.9688133338274855,-0.17666874462787166
20.0,6.66,-0.03793458168113368,-0.18984593286715706,-0.030838092597969578,-0.17171451826034828,0.9614716384723753,-0.19517236508645133,0.9685602620620369,-0.17735830450431977
20.0,6.68,-0.03824008767306994,-0.19057963339825323,-0.031088724459936944,-0.17238971462188296,0.9611620466463302,-0.19592113901690655,0.968305424733857,-0.1780495721838792
20.0,6.7,-0.03854767501679825,-0.19131509510541578,-0.03134109285213407,-0.17306664869271024,0.9608503366135583,-0.19667161853854548,0.9680488104170141,-0.17874254229547054
20.0,6.72,-0.0388574121678265,-0.192052257588411,-0.03159526736933591,-0.17374530823131396,0.9605364898102229,-0.19742383040286146,0.9677903994097622,-0.17943726030692517
20.0,6.74,-0.039169251793931,-0.1927911754030601,-0.031851196807582235,-0.17442570282986425,0.960220488825151,-0.19817778405421055,0.9675301822166754,-0.18013370363244482
20.0,6.76,-0.03948324262910141,-0.19353186120716614,-0.03210893181364754,-0.17510788605901323,0.9599023231514013,-0.19893345535258072,0.967268145312422,-0.18083188383979193
20.0,6.78,-0.0397993910227588,-0.19427428993525267,-0.03236850526067811,-0.17579181101338,0.959581970616408,-0.19969088757592826,0.9670042697322118,-0.1815318288990413
20.0,6.8,-0.04011774647841907,-0.19501847402311448,-0.032629903712750236,-0.17647752259009913,0.959259414977155,-0.20045007273621446,0.9667385438942312,-0.18223353316195648
20.0,6.82,-0.040438295513354684,-0.1957644626197844,-0.032893136871496184,-0.17716501991961836,0.9589346420151691,-0.2012110206767457,0.9664709498364022,-0.18293702467370263
20.0,6.84,-0.04076104466717754,-0.19651223073950636,-0.033158214466995774,-0.17785430208751096,0.9586076284245469,-0.2019737567400491,0.9662014780069433,-0.18364228059724452
20.0,6.86,-0.04108604897778486,-0.19726181395496803,-0.033425185116169265,-0.17854540341200278,0.9582783622993366,-0.20273827364197505,0.9659301071522531,-0.1843493457146068
20.0,6.88,-0.04141328091270221,-0.19801319430819947,-0.0336940591542353,-0.17923832322595662,0.9579468237809187,-0.2035045798298146,0.9656568212242022,-0.1850582307862539
20.0,6.9,-0.04174279128787704,-0.19876638486200465,-0.033964819455203674,-0.17993308746057782,0.9576129962816269,-0.20427268436807258,0.9653816117279113,-0.1857689130216157
20.0,6.92,-0.04207459680428637,-0.19952140608036092,-0.034237503733150425,-0.18062966897007032,0.9572768584919296,-0.20504261271450516,0.9651044560939219,-0.18648143676715087
20.0,6.94,-0.042408709465806604,-0.20027825565813273,-0.0345121303675913,-0.18132810870478097,0.9569383950914452,-0.20581435658038671,0.9648253446792603,-0.18719577890546943
20.0,6.96,-0.042745146230505626,-0.2010369543765612,-0.03478871402006775,-0.1820284272571508,0.9565975846657194,-0.20658794124332439,0.9645442547792706,-0.18791198362802009
20.0,6.98,-0.04308392424530465,-0.20179752330792,-0.03506726144098566,-0.18273060342385997,0.9562544118441261,-0.2073633582549858,0.9642611734230593,-0.18863004452971055
20.0,7.0,-0.04342508620293914,-0.2025599295970424,-0.03534778742713229,-0.18343465787189095,0.9559088551073328,-0.20814063271019934,0.9639760821471769,-0.18934998902308933
20.0,7.02,-0.043768583864182746,-0.20332423288249193,-0.03563033907902418,-0.1841406053301987,0.9555608942883227,-0.20891977243585552,0.9636889690171959,-0.1900717933191602
20.0,7.04,-0.04411450059890499,-0.2040904161386779,-0.03591489963445584,-0.18484847314825015,0.9552105161429303,-0.20970076921858669,0.9633998110574657,-0.1907955012895047
20.0,7.06,-0.04446284937559007,-0.20485847731984438,-0.03620150844373068,-0.18555823379479422,0.9548576956960221,-0.21048364714834283,0.963108596285027,-0.191521106486698
20.0,7.08,-0.0448136535205783,-0.20562846166824553,-0.036490152842935344,-0.18626993624068564,0.9545024159663336,-0.2112684145063613,0.9628153060422522,-0.1922486185558571
20.0,7.1,-0.04516688510084643,-0.20640035167193954,-0.03678087677782153,-0.1869835743782562,0.9541446555376245,-0.2120550785132397,0.962519921587401,-0.19297806452914107
20.0,7.12,-0.04552259832106771,-0.20717416146635753,-0.03707369197447697,-0.18769914832526163,0.9537843914406808,-0.21284366342711467,0.9622224241405914,-0.19370945388581937
20.0,7.14,-0.04588081183686521,-0.2079499132448585,-0.03736858592098292,-0.18841670806281247,0.953421608070815,-0.21363416010744848,0.9619227993823747,-0.19444277946028418
20.0,7.16,-0.04624153918839912,-0.2087276054696708,-0.03766563194138608,-0.18913621935148883,0.9530562860985671,-0.21442657597959136,0.9616210318102685,-0.19517805126361515
20.0,7.18,-0.046604830525570906,-0.20950722841127545,-0.03796481797599252,-0.18985773261578462,0.9526884002071594,-0.2152209345068867,0.9613170946113311,-0.19591531189013792
20.0,7.2,-0.046970673998435346,-0.21028883684332803,-0.03826615182959025,-0.19058122660865623,0.9523179309533707,-0.21601724290112956,0.9610109767721623,-0.19665453716802928
20.0,7.22,-0.047339083533924665,-0.21107242959376385,-0.03856968348441952,-0.19130671702679616,0.9519448577606675,-0.2168155080288551,0.9607026581109362,-0.19739575341876975
20.0,7.24,-0.04771010458950521,-0.21185797271631573,-0.03887539658422728,-0.19203423321636948,0.951569160016996,-0.21761573665658615,0.9603921161391723,-0.1981389864099231
20.0,7.26,-0.048083762541396034,-0.21264551342198568,-0.039183341741561205,-0.1927637913534524,0.9511908159798099,-0.21841793519865924,0.9600793363233117,-0.1988842285194092
20.0,7.28,-0.048460077580548565,-0.21343507501523984,-0.039493493634696314,-0.1934953769262692,0.9508098022362302,-0.21922212706380734,0.9597642995503645,-0.19963148858722743
20.0,7.3,-0.048839021488154714,-0.21422664030279776,-0.03980593720179389,-0.19422899914247385,0.9504260958377844,-0.22002831818750088,0.9594469831692946,-0.20038079211392182
20.0,7.32,-0.04922068928617188,-0.21502021567287136,-0.040120627109718365,-0.1949647175239577,0.9500396809400093,-0.2208364985760229,0.9591273725609595,-0.20113213124381
20.0,7.34,-0.049605064332266406,-0.21581583325969944,-0.04043763534552841,-0.195702474315119,0.9496505268328255,-0.2216467071206755,0.9588054414418435,-0.20188554803115008
20.0,7.36,-0.04999216746650189,-0.2166135170482629,-0.040756921007532476,-0.19644235213090402,0.9492586126127096,-0.22245894992305643,0.9584811775292599,-0.20264101748340216
20.0,7.38,-0.05038204610789941,-0.21741323247950597,-0.041078561400241735,-0.19718431553013135,0.9488639190532403,-0.22327321590415652,0.9581545544052876,-0.2033985814573697
20.0,7.4,-0.05077468363074428,-0.21821501226382106,-0.04140254067120011,-0.19792839549318725,0.9484664174045131,-0.2240895440763212,0.9578255515290207,-0.20415824800621044
20.0,7.42,-0.05117013364773694,-0.21901884661906398,-0.04172890720155182,-0.1986745860893651,0.948066092286544,-0.22490790658370005,0.9574941529989079,-0.204920008614655
20.0,7.44,-0.05156842389804746,-0.2198247850442812,-0.04205767998852394,-0.199422911418692,0.9476629097955266,-0.22572835846997188,0.9571603310541623,-0.20568390458062175
20.0,7.46,-0.05196956459924599,-0.22063280151775597,-0.04238887336142429,-0.20017337283848044,0.9472568534124375,-0.2265508713961099,0.956824074403929,-0.20644991073745436
20.0,7.48,-0.052373583934587936,-0.22144294606967346,-0.04272247648010568,-0.20092602538602058,0.9468478991596493,-0.2273754675825899,0.9564853529505744,-0.20721806769856854
20.0,7.5,-0.05278049229294993,-0.22225519265346028,-0.04305853387662422,-0.2016808402982326,0.9464360164284138,-0.22820216753822198,0.9561441492171219,-0.20798838374872397
20.0,7.52,-0.053190312186609905,-0.22306956615296586,-0.04339710051103197,-0.20243783480347383,0.9460211850600817,-0.2290309766832609,0.9558004390799636,-0.20876086564453933
20.0,7.54,-0.0536031445315416,-0.22388607305687303,-0.04373815612932729,-0.20319701807406657,0.9456033783283303,-0.2298618987413813,0.9554542002238022,-0.20953553791650525
20.0,7.56,-0.05401888933189807,-0.22470474086145,-0.04408172068622277,-0.20395841526740954,0.9451825698092827,-0.2306949548626668,0.9551054131794625,-0.21031239067171356
20.0,7.58,-0.054437681113813224,-0.22552554086856794,-0.044427850092092186,-0.20472204409800435,0.9447587359426913,-0.23153014929384844,0.9547540581092782,-0.2110914313281056
20.0,7.6,-0.054859464981206016,-0.22634851737439626,-0.04477655484539073,-0.20548788284995032,0.9443318520517504,-0.23236748589108852,0.9544001018436089,-0.21187271669194124
20.0,7.62,-0.05528433738523249,-0.22717365083264593,-0.045127860941092494,-0.2062559806510492,0.9439018923458457,-0.23320696811429967,0.9540435295690611,-0.21265622013475804
20.0,7.64,-0.05571224965475198,-0.22800101243496781,-0.045481748164716014,-0.20702634756425112,0.9434688250121522,-0.23404863276307294,0.9536843201913996,-0.2134419485082005
20.0,7.66,-0.05614328632995711,-0.22883053009789545,-0.045838304639508096,-0.20779896986035615,0.9430326293048102,-0.23489246680294507,0.9533224380676124,-0.2142299577375822
20.0,7.68,-0.05657748518728771,-0.22966228226297708,-0.04619751575198335,-0.2085738814726981,0.9425932710819971,-0.23573850618172637,0.952957870507837,-0.2150202213868686
20.0,7.7,-0.05701481819573505,-0.23049625226107304,-0.04655943966663516,-0.20935110064901824,0.9421507295318139,-0.2365867375913873,0.9525905903016028,-0.2158127621024078
20.0,7.72,-0.05745534398317111,-0.23133242986058494,-0.046924014507519124,-0.21013062188658077,0.9417049745033158,-0.23743718022015228,0.952220575024207,-0.21660758602250793
20.0,7.74,-0.057899094649152924,-0.232170868023624,-0.047291377608320376,-0.21091247137095934,0.9412559799215022,-0.23828983665917758,0.9518477924330572,-0.21740473190098653
20.0,7.76,-0.05834608934873606,-0.23301156676864607,-0.04766146715830029,-0.21169664367196442,0.9408037155141986,-0.23914472578076,0.95147222375621,-0.21820418900485386
20.0,7.78,-0.05879634055089082,-0.23385449912807038,-0.048034385094076266,-0.21248317332877786,0.9403481561979212,-0.24000185014961062,0.9510938464178524,-0.21900596311534545
20.0,7.8,-0.05924992202597538,-0.2346997084033032,-0.048410074839914184,-0.21327207973138512,0.939889268332165,-0.2408612274881383,0.9507126268486372,-0.21981009232818569
20.0,7.82,-0.05970681266841229,-0.23554720489691197,-0.04878862824767502,-0.21406334869420776,0.9394270225265352,-0.2417228764456005,0.9503285423183011,-0.22061658215031058
20.0,7.84,-0.06016708031267297,-0.23639700538046626,-0.04917002586180232,-0.21485699120674265,0.9389613956119305,-0.24258678216470494,0.9499415689657464,-0.22142543771896384
20.0,7.86,-0.06063069691128306,-0.2372490931663885,-0.049554334446956554,-0.21565305084076794,0.9384923517127949,-0.24345297881144656,0.9495516818014565,-0.22223666379617835
20.0,7.88,-0.06109777946919856,-0.23810350168108274,-0.04994156674103905,-0.2164515055481724,0.9380198590774829,-0.2443214839648732,0.9491588469240436,-0.22305029789510622
20.0,7.9,-0.061568307411297894,-0.23896024163294663,-0.05033171486166107,-0.21725241669094758,0.9375438976333719,-0.24519226564766894,0.948763041378386,-0.22386634500011593
20.0,7.92,-0.062042301515144074,-0.23981931316361793,-0.05072482941514062,-0.21805575358119741,0.9370644270187567,-0.2460653738504952,0.9483642428184802,-0.22468479264855157
20.0,7.94,-0.06251978984998136,-0.24068074405784937,-0.051120979137708536,-0.21886156043734262,0.9365814174440479,-0.24694080870212987,0.9479624131812704,-0.2255056944549448
20.0,7.96,-0.0630008357048264,-0.2415445236266842,-0.05152013931787649,-0.21966982401272817,0.9360948412615935,-0.2478185707389282,0.9475575321833051,-0.22632903818640815
20.0,7.98,-0.0634854607613958,-0.24241065185718302,-0.05192233503072821,-0.22048057262969387,0.9356046610479529,-0.24869869271366213,0.9471495683634945,-0.22715484378963646
20.0,8.0,-0.06397369416600046,-0.24327915667456954,-0.05232763025780027,-0.22129382580932533,0.9351108501567326,-0.2495811576120676,0.9467384923543016,-0.22798313156944708
20.0,8.02,-0.0644655653910316,-0.24415006633402767,-0.05273604500051984,-0.22210958675444548,0.9346133764785048,-0.2504659817727585,0.946324280506027,-0.22881388811011358
20.0,8.04,-0.06496113952511186,-0.24502336987553022,-0.0531475604564013,-0.22292786790012495,0.9341122002127223,-0.25135319677497464,0.9459068953443737,-0.22964716644981148
20.0,8.06,-0.06546036115726035,-0.24589911850643367,-0.0535622806757615,-0.22374867964150136,0.9336072957082401,-0.25224278536100103,0.9454863131020403,-0.2304829528667566
20.0,8.08,-0.06596337415504192,-0.24677725008048867,-0.05398018735307456,-0.2245720345369672,0.9330986241112935,-0.2531347789944523,0.94506250305544,-0.2313212667805052
20.0,8.1,-0.06647012328567228,-0.24765781595096256,-0.05440135292166476,-0.22539797830199407,0.9325861497933368,-0.25402919232639587,0.9446354311300971,-0.23216212663864036
20.0,8.12,-0.06698072594377076,-0.24854082174995146,-0.05482575298813791,-0.2262264980764827,0.9320698470275811,-0.2549260075520942,0.9442050726711595,-0.23300553556719356
20.0,8.14,-0.06749511920287367,-0.24942629113282025,-0.055253487745980635,-0.22705757808175844,0.931549673528352,-0.2558252546200635,0.9437713883082154,-0.2338515278853602
20.0,8.16,-0.06801342159619492,-0.25031422973716017,-0.0556845123875858,-0.22789129324265162,0.9310255956513068,-0.25672694814997155,0.9433343551645701,-0.23470008937957695
20.0,8.18,-0.06853560594130206,-0.251204620854376,-0.056118888294369736,-0.22872763775923027,0.9304975798899752,-0.25763108512407473,0.9428939369749717,-0.23555125481976982
20.0,8.2,-0.06906175616201167,-0.25209751061875446,-0.056556637483146883,-0.22956661535566616,0.9299655892960216,-0.25853767886114326,0.9424500981996096,-0.236405041498022
20.0,8.22,-0.0695918972309488,-0.2529928994355252,-0.05699786251822248,-0.23040820981471122,0.9294295879259049,-0.2594467427520767,0.9420028106132283,-0.23726145088948417
20.0,8.24,-0.07012605424434828,-0.25389078763242384,-0.05744247868379549,-0.2312525076281106,0.9288895365604878,-0.2603582890642414,0.9415520448804245,-0.23812048404135827
20.0,8.26,-0.07066426055794181,-0.2547912047927621,-0.05789062308859808,-0.23209945616502986,0.9283453991275935,-0.26127233072859035,0.9410977591291237,-0.23898219111774274
20.0,8.28,-0.07120658633061537,-0.25569413897069954,-0.05834229205771052,-0.2329491226058081,0.9277971408601315,-0.26218886334923946,0.940639924778731,-0.23984655552939552
20.0,8.3,-0.07175301291075611,-0.25659960280712163,-0.05879750236836584,-0.2338014841657967,0.927244718880062,-0.26310791499595315,0.9401785039356849,-0.24071361060408153
20.0,8.32,-0.07230366429833995,-0.25750760103233883,-0.05925627754110244,-0.23465654463558533,0.9266881004680781,-0.26402948141597216,0.9397134669953211,-0.24158335663936298
20.0,8.34,-0.07285848573859491,-0.2584181888060531,-0.05971870295810331,-0.23551437867728037,0.9261272393932787,-0.26495358926515883,0.9392447757734055,-0.24245580904416808
20.0,8.36,-0.07341754892921883,-0.2593313541030769,-0.060184789476934945,-0.23637493620230826,0.9255621017864719,-0.265880233513092,0.9387723974153307,-0.2433309844128902
20.0,8.38,-0.07398091782476497,-0.26024705446455915,-0.06065453419115034,-0.23723828611647776,0.9249926434062083,-0.26680944090359515,0.9382962882376337,-0.2442089138323601
20.0,8.4,-0.07454864564646108,-0.2611653798110082,-0.06112803772163356,-0.23810438415545965,0.9244188339095752,-0.26774118948541753,0.9378164226549613,-0.2450895804396837
20.0,8.42,-0.07512069755843388,-0.2620862834862465,-0.061605339683433416,-0.23897328898467307,0.9238406210812438,-0.2686755207012059,0.9373327590058843,-0.2459730154633887
20.0,8.44,-0.07569716436441346,-0.2630098129965137,-0.062086375113396854,-0.23984499884806035,0.9232579651294185,-0.2696124443464496,0.9368452587215795,-0.24685923324424286
20.0,8.46,-0.07627812062541696,-0.2639359554353975,-0.06257130943296846,-0.24071954074770463,0.9226708309307695,-0.27055195385360936,0.9363538809920161,-0.24774826481098636
20.0,8.48,-0.07686355809358211,-0.2648647547232622,-0.06306012004697074,-0.24159690200103848,0.9220791733284766,-0.27149405696540374,0.9358585957313029,-0.24864009136507545
20.0,8.5,-0.07745349685029337,-0.2657961808068635,-0.06355284794663772,-0.24247714246296895,0.9214829487379532,-0.2724387791044614,0.9353593609167973,-0.24953474321089092
20.0,8.52,-0.07804806793364583,-0.26673023728691997,-0.06404950523698277,-0.24336021067379524,0.9208821166364043,-0.2733861113570603,0.9348561366071576,-0.25043223349826693
20.0,8.54,-0.07864726396567055,-0.267666968446784,-0.06455018350735406,-0.24424618363778716,0.9202766264044885,-0.27433609401074455,0.934348884942816,-0.25133257571856005
20.0,8.56,-0.07925106822600217,-0.2686063883988257,-0.06505486778103754,-0.24513507721855596,0.9196664432855705,-0.27528870183797854,0.9338375614376713,-0.2522357988498892
20.0,8.58,-0.07985965167735323,-0.2695484558326018,-0.06556366389548651,-0.2460268449237642,0.9190515133330368,-0.276243973568337,0.9333221347279704,-0.25314188272437055
20.0,8.6,-0.08047296063426984,-0.27049322942949205,-0.06607657239882939,-0.24692155896041698,0.9184317990592081,-0.277201900102184,0.9328025513380173,-0.2540508884050854
20.0,8.62,-0.08109108266625652,-0.2714407266037008,-0.06659362177506917,-0.24781922397266293,0.9178072539203259,-0.27816248683477013,0.9322787787098158,-0.25496279494996477
20.0,8.64,-0.08171404010196975,-0.27239091621693323,-0.0671148840889255,-0.24871983283304444,0.917177823712352,-0.2791257715135792,0.9317507730951128,-0.25587763061325103
20.0,8.66,-0.08234192182059806,-0.2733438151594263,-0.06764039642755246,-0.24962341853292358,0.9165434736169644,-0.2800917275111607,0.9312184908056174,-0.25679540593077943
20.0,8.68,-0.0829747125279891,-0.2742994375993824,-0.06817018060097821,-0.2505299567303619,0.9159041471874415,-0.2810603912813592,0.9306818902365619,-0.2577161317663905
20.0,8.7,-0.08361251177287413,-0.27525783223580724,-0.06870433387671156,-0.25143952640252665,0.9152597987145472,-0.2820317672508784,0.9301409252052861,-0.2586398349587243
20.0,8.72,-0.08425534323108409,-0.27621896740217056,-0.06924283510564208,-0.2523521153031742,0.9146103842417772,-0.2830058425936712,0.9295955528612864,-0.25956652552351606
20.0,8.74,-0.08490328861707049,-0.2771828279740777,-0.06978575888134812,-0.2532677158766838,0.9139558492029948,-0.2839826533635135,0.9290457292240635,-0.2604962129080738
20.0,8.76,-0.08555635310950434,-0.27814949217167145,-0.07033314435739976,-0.2541863616610989,0.9132961456600273,-0.28496220234553765,0.9284914113249005,-0.2614289065855327
20.0,8.78,-0.0862146096552911,-0.2791189129513131,-0.07088503113075041,-0.25510808654929157,0.9126312235551897,-0.285944491337101,0.9279325494202828,-0.26236463134715665
20.0,8.8,-0.08687810288411929,-0.2800911219054387,-0.07144145102287149,-0.25603289531455087,0.9119610359700697,-0.28692952278558037,0.9273690947156867,-0.2633034119637671
20.0,8.82,-0.0875468779239735,-0.28106615095725496,-0.07200252574886003,-0.2569607675290214,0.9112855238194187,-0.2879173299552734,0.9268010064524584,-0.2642452402279987
20.0,8.84,-0.08822100932028269,-0.2820439520220541,-0.07256820683440753,-0.2578917622594502,0.9106046408994662,-0.28890789732935984,0.926228234628872,-0.265190140013814
20.0,8.86,-0.08890049386517071,-0.2830245721728925,-0.07313862566405674,-0.2588258886593001,0.9099183340957095,-0.28990124184778115,0.925650729126045,-0.26613813486273447
20.0,8.88,-0.08958547688497227,-0.2840080123807925,-0.07371376241460409,-0.25976313422571834,0.9092265481195968,-0.2908973793894104,0.9250684422398177,-0.2670892312200203
20.0,8.9,-0.09027595637907981,-0.28499432025518073,-0.0742937046632499,-0.2607035204458831,0.9085292295661753,-0.29189630856408144,0.9244813283502963,-0.2680434358411843
20.0,8.92,-0.09097194868097243,-0.28598342956292183,-0.07487844979215794,-0.2616470948948258,0.9078263292190344,-0.29289802895799155,0.9238893349664554,-0.26900077068651473
20.0,8.94,-0.09167361208136311,-0.28697537318918476,-0.07546812381603664,-0.2625938361679314,0.9071177834219112,-0.29390257011145704,0.9232924073618533,-0.2699612567408771
20.0,8.96,-0.09238089544049578,-0.2879702151575915,-0.07606277105676344,-0.2635437788489277,0.906403540770825,-0.2949099301266267,0.9226904996843472,-0.2709248997666046
20.0,8.98,-0.0930939270764731,-0.28896788927759104,-0.07666238134856826,-0.2644969408037038,0.9056835477827107,-0.295920106051493,0.9220835570436453,-0.2718917200576845
20.0,9.0,-0.09381270636686535,-0.2899684436544323,-0.0772670830793962,-0.2654532997786681,0.9049577406244872,-0.29693312613813605,0.9214715255085195,-0.27286173784940887
20.0,9.02,-0.09453732322903395,-0.29097186071873127,-0.07787682917984307,-0.26641291762834335,0.9042260709387664,-0.2979489708035486,0.9208543584820962,-0.27383494023063637
20.0,9.04,-0.09526787947516063,-0.291978155869245,-0.07849180508483085,-0.26737578891951835,0.903488472723469,-0.2989676667424948,0.92023199233977,-0.2748113788695366
20.0,9.06,-0.09600432478138904,-0.2929873945780872,-0.07911194638376999,-0.268341914534187,0.9027448861367409,-0.2999892247318726,0.9196043814134612,-0.2757910404503144
20.0,9.08,-0.09674684227492789,-0.29399949154568605,-0.07973735582517966,-0.2693113469510102,0.9019952555064222,-0.30101363900385514,0.9189714672382527,-0.27677394248009984
20.0,9.1,-0.09749538209970476,-0.29501451230939596,-0.08036810989948558,-0.270284045662116,0.9012395199201949,-0.3020409191088465,0.9183331933752613,-0.2777601027016404
20.0,9.12,-0.0982501002366019,-0.296032455176399,-0.08100421902796534,-0.2712600911400404,0.9004776110646435,-0.3030710891481531,0.9176894984271078,-0.27874955447563854
20.0,9.14,-0.09901102819315463,-0.29705328387566066,-0.0816457700221783,-0.27223947392083364,0.8997094774838325,-0.3041041259297426,0.9170403333703607,-0.27974228205461216
20.0,9.16,-0.09977817981306616,-0.29807708187031234,-0.08229284116408175,-0.2732221525405297,0.898935055114355,-0.30514003656464506,0.9163856345354364,-0.2807383173480676
20.0,9.18,-0.10055163886149858,-0.2991037955379966,-0.08294544431867522,-0.27420820818733305,0.8981542712522561,-0.306178859726771,0.915725346879237,-0.28173765951110147
20.0,9.2,-0.10133151538392088,-0.30013344610036263,-0.08360366834273869,-0.27519763076097997,0.8973670713708294,-0.3072205697827061,0.9150594054790667,-0.2827403392585647
20.0,9.22,-0.10211785769138007,-0.3011660412507379,-0.08426756455379798,-0.27619045610217574,0.8965733849350745,-0.3082651876460715,0.9143877502158161,-0.28374637086750276
20.0,9.24,-0.10291071328375694,-0.30220158517264395,-0.08493717507432179,-0.2771866884898923,0.8957731456937107,-0.3093127176730937,0.9137103248108087,-0.2847557519033092
20.0,9.26,-0.10371013477712983,-0.3032400959347569,-0.08561263941292836,-0.2781863022110901,0.8949662884213412,-0.3103631640562182,0.9130270619566394,-0.2857685110753487
20.0,9.28,-0.10451617287226692,-0.3042815847101701,-0.08629391378512037,-0.2791893628795657,0.8941527512633306,-0.31141651414426225,0.9123379052678943,-0.28678464507477414
20.0,9.3,-0.10532898284565972,-0.3053260188892437,-0.08698113920816267,-0.2801958444257192,0.8933324560822659,-0.312472801583309,0.9116427841156806,-0.28780418068433405
20.0,9.32,-0.1061485650366293,-0.30637343079609924,-0.08767433134777129,-0.2812058303578163,0.8925053444340482,-0.31353199633484696,0.9109416380291316,-0.2888271299251411
20.0,9.34,-0.10697502560474423,-0.3074238124974605,-0.0883735639201439,-0.2822192446658669,0.8916713326400373,-0.31459414645993683,0.9102343991316005,-0.28985350202452626
20.0,9.36,-0.10780841804316418,-0.30847717429864846,-0.08907895202893219,-0.2832361402302854,0.8908303612816191,-0.31565922046605294,0.9095209996595499,-0.2908833232630807
20.0,9.38,-0.10864879629018505,-0.3095335265009536,-0.08979049254790952,-0.28425653613608937,0.8899823610852627,-0.3167272178408843,0.9088013777217776,-0.2919165863275338
20.0,9.4,-0.1094962147336769,-0.3105928794005043,-0.09050834174424043,-0.2852804372910317,0.8891272441174,-0.31779818332761794,0.9080754622735188,-0.2929533154900496
20.0,9.42,-0.11035083700376208,-0.3116552047674257,-0.09123244758263528,-0.28630787866682833,0.8882649556500526,-0.31887206788808875,0.9073431862375951,-0.2939935182975675
20.0,9.44,-0.11121260907614129,-0.31272054720181547,-0.09196296810345854,-0.28733886499312555,0.8873954066949842,-0.3199489146368603,0.9066044804080546,-0.2950372011080928
20.0,9.46,-0.11208175227751814,-0.31378886185967914,-0.09270000244938618,-0.28837338329631823,0.8865185294785147,-0.3210287036482718,0.905859267297269,-0.29608440205793385
20.0,9.48,-0.11295821461823953,-0.31486019705025753,-0.0934434992876429,-0.2894114688677644,0.8856342461345003,-0.322111445735311,0.9051074816659849,-0.2971351102418261
20.0,9.5,-0.11384216234382036,-0.31593451916839144,-0.0941936197909613,-0.29045312557424396,0.8847424747027692,-0.3231971495528514,0.9043490479150501,-0.2981893458354873
20.0,9.52,-0.11473359897729699,-0.31701185701842594,-0.09495046546773951,-0.29149833957871135,0.883843148613324,-0.3242857937012736,0.9035838966128068,-0.299247112991325
20.0,9.54,-0.11563269566245123,-0.31809218311165915,-0.09571399675012983,-0.29254718015323866,0.8829361839788802,-0.32537738479810185,0.9028119447035476,-0.3003084457939679
20.0,9.56,-0.11653945578683791,-0.31917552238249874,-0.09648442952471753,-0.2935996337678395,0.882021494277074,-0.3264719452656332,0.9020331247530011,-0.3013733304247088
20.0,9.58,-0.11745393833819276,-0.3202618798053127,-0.09726171426888522,-0.2946557365547709,0.8810990013078711,-0.3275694648659483,0.9012473598742737,-0.3024417843566124
20.0,9.6,-0.11837631902884346,-0.3213512300395762,-0.09804599551325169,-0.2957154230756091,0.8801686337219822,-0.32866991771196824,0.9004545689509554,-0.30351382303948865
20.0,9.62,-0.11930660274048324,-0.3224435978338789,-0.09883736119669875,-0.29677879731057233,0.8792302953015552,-0.3297733379388867,0.8996546728724413,-0.30458946197285464
20.0,9.64,-0.12024490839036553,-0.32353897023031436,-0.09963584337809599,-0.29784579308107173,0.878283907036995,-0.33087971281664874,0.8988475957229182,-0.3056686996163405
20.0,9.66,-0.12119135479143679,-0.3246373298164119,-0.10044157218885431,-0.2989164631738663,0.8773293870077097,-0.33198902778064404,0.8980332572818832,-0.3067515498485681
20.0,9.68,-0.12214594971607756,-0.3257387047829731,-0.10125455743765173,-0.2999908441534487,0.8763666448300862,-0.3331012992992547,0.8972115721031357,-0.30783802411061134
20.0,9.7,-0.12310881621309246,-0.32684308470519785,-0.1020749581796305,-0.3010688955081091,0.8753955967215256,-0.3342165105259494,0.8963824534376323,-0.3089281502138532
20.0,9.72,-0.12408001859638508,-0.32795047256485116,-0.10290284167888439,-0.3021506459954224,0.8744161503708824,-0.33533467556423624,0.8955458275484571,-0.3100219072659393
20.0,9.74,-0.12505968055806443,-0.32906085317217265,-0.10373827113711213,-0.3032361106077787,0.8734282191704391,-0.3364557748461886,0.8947016045249644,-0.3111193206322977
20.0,9.76,-0.12604792712392748,-0.3301742105632464,-0.10458136343975362,-0.30432528608370385,0.8724317158241123,-0.33757980521487796,0.8938496902306705,-0.3122204134691975
20.0,9.78,-0.12704476902193237,-0.3312905723296571,-0.10543213141288436,-0.3054182088843792,0.8714265481053514,-0.33870676075482437,0.8929900119843743,-0.31332516317975145
20.0,9.8,-0.12805033133099242,-0.3324099181328717,-0.10629074823207996,-0.3065148604551907,0.8704126189730367,-0.3398366502916998,0.8921224735761006,-0.3144335907432139
20.0,9.82,-0.129064683716552,-0.3335322531399445,-0.10715728185873422,-0.3076152584821865,0.8693898343711214,-0.3409694653849047,0.8912469817988425,-0.31554571740402665
20.0,9.84,-0.13008801324590316,-0.33465753699610273,-0.10803179965274107,-0.30871941712498724,0.8683581073499855,-0.3421051819648604,0.8903634478634346,-0.31666154768434224
20.0,9.86,-0.13112033484427157,-0.33578580031028465,-0.10891442491176867,-0.3098273350765495,0.8673173322062193,-0.34324382018305905,0.8894717854567296,-0.3177810687150416
20.0,9.88,-0.1321617175355271,-0.3369170396303046,-0.10980522683242926,-0.3109390260176114,0.866267418266045,-0.34438535261679937,0.8885718916647186,-0.31890431342303466
20.0,9.9,-0.13321235192161468,-0.3380512125533333,-0.11070427778639842,-0.31205451077768587,0.8652082690746504,-0.34552976611267233,0.8876636801963816,-0.32003126733154924
20.0,9.92,-0.13427225474947704,-0.33918834927291547,-0.11161175632474372,-0.3131737604743492,0.8641397762530049,-0.3466770767697287,0.8867470505937587,-0.32116194506370227
20.0,9.94,-0.13534155832216518,-0.3403284255459641,-0.11252762763062375,-0.31429683426912436,0.8630618476707086,-0.347827253626796,0.8858219044048956,-0.322296361089644
20.0,9.96,-0.1364203963167027,-0.34147141617424015,-0.11345212869992255,-0.3154236863893229,0.861974371221586,-0.34898030918902195,0.884888144710091,-0.3234345120520449
20.0,9.98,-0.13750884716241332,-0.34261732687293667,-0.11438527987102712,-0.31655435256435877,0.8608772531903106,-0.35013620977698945,0.8839456689886148,-0.324576409163129
20.0,10.0,-0.13860698679032615,-0.34376615531808813,-0.11532721097319786,-0.31768882524558567,0.8597703869167006,-0.35129495043032327,0.8829943803942417,-0.32572204729146986
20.0,10.02,-0.13971495353802296,-0.3449178785388836,-0.11627800033841239,-0.31882712378955363,0.8586536649111466,-0.3524565247276745,0.8820341734042813,-0.32687143469615987
20.0,10.04,-0.1408328268031986,-0.3460724971802486,-0.11723777887042455,-0.3199692360663281,0.8575269820790976,-0.3536209085827641,0.8810649435241491,-0.3280245790475053
20.0,10.05,-0.14139552423000662,-0.3466508786870042,-0.1177210503487729,-0.3205417338212733,0.8569598681038646,-0.35420415975795444,0.8805769110841988,-0.3286025650207056
20.0,10.06,-0.14196074561663313,-0.3472299829146766,-0.11820662696171876,-0.32111518085808316,0.8563902241823258,-0.35478810800716737,0.8800865842477072,-0.32918148628705507
20.0,10.08,-0.14309885043753467,-0.348390306364839,-0.11918467930271948,-0.32226494873764683,0.855243291794987,-0.35595808141994517,0.8790989918277945,-0.33034214488105623
20.0,10.1,-0.14424716612868688,-0.34955349950633874,-0.12017207348762658,-0.3234185332165143,0.8540860599635809,-0.35713084549224877,0.8781020588841036,-0.3315065584373636
20.0,10.12,-0.14540583326176618,-0.3507195280917077,-0.1211687773482456,-0.32457598676234706,0.8529184278425707,-0.35830635563722213,0.8770956692478445,-0.3326747437076746
20.0,10.14,-0.146574997184969,-0.3518883648271542,-0.12217510035115346,-0.3257372389354533,0.8517402699081231,-0.3594846257405388,0.876079711554141,-0.33384670065643646
20.0,10.16,-0.1477548030646418,-0.353059977289818,-0.12319101508812376,-0.32690234917744393,0.8505514819981408,-0.36066560731923925,0.8750540783493339,-0.3350224121460535
20.0,10.18,-0.14894527732151197,-0.3542343920635231,-0.12421665943283094,-0.32807129817390607,0.8493519497364784,-0.36184928134337524,0.8740186457604256,-0.3362019061826404
20.0,10.2,-0.15014662723668146,-0.35541154546030496,-0.12525217995572135,-0.32924408460180926,0.8481415405118995,-0.36303565468879717,0.8729733103866673,-0.3373851474330017
20.0,10.22,-0.1513588808682647,-0.3565914632925001,-0.12629766293542982,-0.3304207170566529,0.8469201375265059,-0.364224704521071,0.8719179444724728,-0.33857216008098545
20.0,10.24,-0.15258224830048234,-0.3577740797377117,-0.12735325331368902,-0.33160118174822906,0.845687633177644,-0.3654163755725832,0.8708524360145671,-0.33976292065582475
20.0,10.26,-0.15381675926091945,-0.3589594197892597,-0.12841909913330216,-0.33278546781129237,0.8444438874330297,-0.3666106847568843,0.8697766553919168,-0.34095745015373746
20.0,10.28,-0.15506263024378528,-0.360147423711149,-0.12949523354524167,-0.33397360870929976,0.8431887924940207,-0.36780757386752155,0.8686904819198352,-0.3421557367553288
20.0,10.3,-0.15631994863193657,-0.3613380717873765,-0.13058186372812375,-0.3351655662959802,0.8419222050489845,-0.3690070553586675,0.8675937960963439,-0.34335776784778055
20.0,10.32,-0.15758887474675976,-0.36253133716171626,-0.13167914368195405,-0.33636133143530295,0.8406440142767645,-0.3702090667387385,0.8664864676060702,-0.3445635427637304
20.0,10.34,-0.15886943635478668,-0.3637272305533548,-0.13278710677124195,-0.3375609288088922,0.8393540821101253,-0.3714136021074069,0.8653683743002649,-0.34577304521751534
20.0,10.36,-0.16016191950558914,-0.3649256596976773,-0.13390590765945257,-0.33876434465496963,0.8380522753611805,-0.37262063854764566,0.8642393731002537,-0.3469863017424884
20.0,10.38,-0.16146629218691824,-0.3661266659304695,-0.13503564342875116,-0.3399715878255452,0.8367384668186449,-0.3738301366427522,0.863099349320904,-0.3482032612499294
20.0,10.4,-0.16278277976715871,-0.3673301825530088,-0.1361765907301775,-0.3411825956890485,0.8354125278679048,-0.3750420547219265,0.8619481572318697,-0.34942394634083934
20.0,10.42,-0.1641114814590713,-0.36853619791319414,-0.13732872773501348,-0.34239741497237947,0.8340743144273435,-0.3762563775178441,0.8607856675114804,-0.35064833219216673
20.0,10.44,-0.1654526225473483,-0.36974463367522087,-0.1384922780311887,-0.3436160128261614,0.8327236903741231,-0.37747307403698976,0.8596117368845916,-0.3518764218479109
20.0,10.46,-0.16680623839501754,-0.370955500688964,-0.13966734117744692,-0.3448383875367974,0.8313605228724182,-0.3786920954913703,0.8584262283988119,-0.3531082018524748
20.0,10.48,-0.168172498073318,-0.3721687601115524,-0.140854079623498,-0.34606451644049996,0.8299846711772395,-0.3799134052250566,0.857229008583037,-0.3543436411155972
20.0,10.5,-0.16955156850001696,-0.37338436314457774,-0.14205266088125285,-0.3472943837329012,0.8285959808626888,-0.38113699346949115,0.8560199309416254,-0.3555827366226297
20.0,10.52,-0.17094355087979957,-0.3746022850122412,-0.14326319190224118,-0.34852799355050496,0.827194322722042,-0.3823627900158268,0.8547988452613872,-0.3568254821319747
20.0,10.54,-0.17234861670806564,-0.3758224789059129,-0.1444857756647524,-0.3497653376685433,0.8257795473159812,-0.38359076600754516,0.85356560881583,-0.3580718552940842
20.0,10.56,-0.17376693919759242,-0.37704489652490825,-0.1457206469171651,-0.3510063767431126,0.8243515010308253,-0.38482088861684804,0.8523200753030096,-0.35932183055848904
20.0,10.58,-0.17519862121831556,-0.3782695055580193,-0.14696791357019837,-0.35225110458889297,0.8229100452987571,-0.3860530949365391,0.8510620862217301,-0.3605754104990452
20.0,10.6,-0.17664384272723918,-0.37949626399339204,-0.14822775129242013,-0.3534995009179119,0.8214550182985775,-0.3872873616826168,0.8497914929929975,-0.361832565001575
20.0,10.62,-0.17810277530970486,-0.3807251064418018,-0.14950027067215557,-0.3547515581174585,0.8199862723675897,-0.38852363500352627,0.8485081391818984,-0.36309327629321314
20.0,10.64,-0.17957553164553905,-0.38195601027116155,-0.150785711003737,-0.3560072236680362,0.8185036549788082,-0.3897618566008235,0.8472118721615942,-0.36435750880758944
20.0,10.66,-0.1810622211525498,-0.38318894342312027,-0.15208412736760032,-0.35726652250592655,0.8170070017498131,-0.3910019953443794,0.8459025270404227,-0.3656252548146508
20.0,10.68,-0.18256316161438577,-0.3844237908007474,-0.153395761033239,-0.3585293956400643,0.815496167653126,-0.3922439744836039,0.8445799417789461,-0.36689648826354654
20.0,10.7,-0.18407832936579394,-0.3856605764465625,-0.15472073050406338,-0.35979583578709606,0.8139709833643725,-0.393487755895342,0.8432439602612354,-0.368171166122289
20.0,10.72,-0.18560804377975176,-0.3868991770798407,-0.15605928498836916,-0.36106578901587466,0.812431287238747,-0.39473328518952033,0.841894405670881,-0.369449286821092
20.0,10.74,-0.18715235248116308,-0.3881395872474209,-0.1574114164735391,-0.3623392923363894,0.8108769157322346,-0.3959805046127481,0.8405311106076687,-0.3707308156622061
20.0,10.76,-0.18871151343102283,-0.38938171639548097,-0.158777504233812,-0.3636162344887405,0.8093077015901231,-0.39722935209789073,0.8391539147335146,-0.37201570136791756
20.0,10.78,-0.1902855718677511,-0.3906255482666676,-0.16015761023287284,-0.3648966313245568,0.8077234804279104,-0.39847976442531136,0.8377626340214346,-0.37330393252260413
20.0,10.8,-0.19187485745551866,-0.3918709553351856,-0.16155186058251264,-0.36618047089015776,0.8061240833153233,-0.39973167354152983,0.8363570914456332,-0.37459548092040684
20.0,10.82,-0.19347942238045743,-0.3931179275198718,-0.16296057681714807,-0.367467659558405,0.8045093274933789,-0.40098503689296033,0.8349371198310965,-0.37589028536327346
20.0,10.84,-0.19509952527823687,-0.39436635279333515,-0.16438382505691207,-0.36875821070829684,0.8028790546185056,-0.40223975119063615,0.833502531138605,-0.37718832546682934
20.0,10.86,-0.196735224749333,-0.3956162280443112,-0.165821798955963,-0.370052075934532,0.8012330734309463,-0.40349578157411276,0.8320531416307172,-0.3784895627270005
20.0,10.88,-0.19838678046083896,-0.39686743288203635,-0.16727476477847636,-0.3713491887477317,0.7995712234266636,-0.40475301807209435,0.8305887729905972,-0.37979394103983355
20.0,10.9,-0.20005439202191147,-0.3981198922347555,-0.16874279292973618,-0.37264955983306736,0.7978933092253833,-0.40601141786522277,0.8291092249177027,-0.3811014442393464
20.0,10.92,-0.20173825627769237,-0.3993735197661937,-0.17022621322804016,-0.3739530770539616,0.7961991532628316,-0.40727089148610596,0.8276143158357825,-0.38241200943869036
20.0,10.94,-0.20343843196171982,-0.4006282979273095,-0.17172510135481847,-0.37525975289376357,0.7944885704258275,-0.40853136008610585,0.8261038536375974,-0.3837255837323892
20.0,10.96,-0.20515526308551615,-0.4018840753252996,-0.17323966284186332,-0.3765695353761739,0.7927613760616963,-0.4097927418927612,0.8245776384901984,-0.38504212533759824
20.0,10.98,-0.20688880634473328,-0.4031408218550705,-0.17477017134130493,-0.3778823401868032,0.7910173805595722,-0.41105494934757275,0.8230354704575307,-0.38636158950412786
20.0,11.0,-0.2086393396205775,-0.40439841676273014,-0.1763167692127796,-0.3791981372357564,0.7892563940008334,-0.41231789141336206,0.8214771457559293,-0.38768392669836044
20.0,11.02,-0.2104069947200692,-0.4056567952446557,-0.17787967258324708,-0.38051687762476827,0.7874782235323807,-0.41358148966954694,0.8199024722966385,-0.3890090548177414
20.0,11.04,-0.21219205361861415,-0.4069158312407919,-0.1794590916763518,-0.38183849303125467,0.7856826687496399,-0.4148456407072514,0.8183112281587981,-0.39033694466634183
20.0,11.06,-0.21399464876467916,-0.40817545099151087,-0.18105524505636209,-0.38316292623944764,0.7838695481623648,-0.4161102475455088,0.8167032128082543,-0.3916675213701547
20.0,11.08,-0.21581499472744226,-0.4094355605566982,-0.18266835150689695,-0.3844901136178167,0.7820386476356788,-0.4173752098590386,0.8150782125363083,-0.39300071805698134
20.0,11.1,-0.21765322631211698,-0.4106960826337318,-0.18429862995515614,-0.38581998499723663,0.7801897638746502,-0.41864042924687384,0.813436008882817,-0.3943364797175068
20.0,11.12,-0.21950970233016043,-0.41195683779187425,-0.18594623610380615,-0.3871525049160498,0.7783227116923274,-0.4199057957042884,0.811776385816663,-0.39567473151995186
20.0,11.14,-0.2213844941866288,-0.4132177912072405,-0.1876114626273055,-0.38848757139663437,0.7764372662482744,-0.421171209102452,0.8100991258167916,-0.39701539439428546
20.0,11.16,-0.22327781798617288,-0.4144788300405216,-0.1892945352264975,-0.38982510761706163,0.7745332209877285,-0.422436557524435,0.8084040011270965,-0.3983583981781718
20.0,11.18,-0.22518996158298804,-0.4157397946305095,-0.19099561797805548,-0.39116507674843626,0.7726103699023259,-0.4237017077310693,0.8066907783730464,-0.3997036837068519
20.0,11.2,-0.22712114262589103,-0.4170005607659034,-0.192714938291772,-0.3925073936946081,0.7706685107129991,-0.4249665419292296,0.8049592381444763,-0.4010511422838937
20.0,11.22,-0.22907143973123803,-0.41826109091278935,-0.19445286773099887,-0.3938519120582885,0.7687074107098062,-0.42623095635734215,0.8032091355671692,-0.40240071880388556
20.0,11.24,-0.23104121919060114,-0.41952117647859527,-0.19620950394842046,-0.3951986129983191,0.7667268543096334,-0.42749481709602466,0.8014402488604372,-0.4037522955027815
20.0,11.26,-0.23303063042784902,-0.4207807251262537,-0.19798508799964754,-0.39654741759782697,0.764726637170835,-0.4287579920272715,0.799652326125928,-0.40510580554723213
20.0,11.28,-0.23503997099801419,-0.422039560799609,-0.19977992366614666,-0.3978981912817517,0.762706523504736,-0.4300203444029069,0.7978451293673032,-0.40646114973978853
20.0,11.3,-0.23706931938447026,-0.4232976270424214,-0.2015942574374573,-0.3992508490095516,0.7606662889305981,-0.43128173902156486,0.7960184079461388,-0.40781823565268477
20.0,11.32,-0.2391190559001399,-0.42455470990911387,-0.20342833128670285,-0.4006052893067666,0.7586057192358804,-0.4325420240664272,0.7941719255107871,-0.40917693862319443
20.0,11.34,-0.24118933042298446,-0.42581069615099937,-0.20528239418366928,-0.40196141711245414,0.7565245704146178,-0.4338010608954411,0.7923054154940309,-0.4105371840605402
20.0,11.36,-0.24328037357883217,-0.42706543792979673,-0.20715662238728333,-0.40331916145884167,0.7544226262744744,-0.4350587040533896,0.7904186301505409,-0.4118988496933241
20.0,11.38,-0.24539242048953888,-0.42831878899392584,-0.20905141020071336,-0.4046783495995437,0.7522996474496109,-0.4363147895993688,0.788511303146407,-0.41326183385428744
20.0,11.4,-0.24752570234068763,-0.429570589853524,-0.21096693884148468,-0.4060389043519411,0.7501553977448606,-0.43756914999109653,0.7865831784053108,-0.4146260001516516
20.0,11.42,-0.2496805299455043,-0.4308206388777622,-0.21290353309713497,-0.40740067246302764,0.7479896375021672,-0.43882164523602735,0.7846339949963484,-0.4159912396858199
20.0,11.44,-0.25185706002016567,-0.43206880735438097,-0.2148613857595759,-0.4087635852855944,0.7458021273880954,-0.4400720772220917,0.7826634852953577,-0.4173574172728123
20.0,11.46,-0.2540555342520865,-0.43331493500245183,-0.21684075286227858,-0.41012751577667217,0.7435926343255594,-0.44132029841788656,0.7806713623206556,-0.41872443462576847
20.0,11.48,-0.2562762660063135,-0.4345588032089734,-0.2188420388394284,-0.4114922619016768,0.7413609012017572,-0.44256610604213936,0.7786573691364697,-0.42009211624510906
20.0,11.5,-0.25851949199712365,-0.435800228120933,-0.2208654387429885,-0.41285773585633195,0.7391066926451159,-0.4438093216600925,0.776621206079492,-0.4214603457382586
20.0,11.52,-0.26078545634407463,-0.4370390320253733,-0.222911218841934,-0.41422380419602256,0.7368297521962672,-0.4450497655751531,0.774562599848742,-0.4228289799319879
20.0,11.54,-0.26307432523922764,-0.4382750742028052,-0.22497972288257992,-0.41559029549113785,0.7345298350378129,-0.4462872411134216,0.7724812637054371,-0.42419787995915337
20.0,11.56,-0.2653864127963549,-0.43950810878975216,-0.2270711472451741,-0.41695710300301975,0.7322066835199109,-0.4475215372905282,0.7703769198348361,-0.425566870633203
20.0,11.58,-0.2677220475653604,-0.440737904430741,-0.22918591393244037,-0.4183240073672039,0.7298600370633027,-0.4487524696406808,0.768249261138563,-0.4269357894298723
20.0,11.6,-0.2700813167604008,-0.44196434515864913,-0.23132422424247062,-0.41969089403497106,0.7274896538991121,-0.4499797881458898,0.7660979940842719,-0.42830449228690315
20.0,11.62,-0.272464696981646,-0.44318708131881707,-0.2334864277648021,-0.4210575645588691,0.7250952498126546,-0.4512033148624066,0.7639228182466257,-0.42967280709100053
20.0,11.64,-0.2748722840264566,-0.4444059988902483,-0.2356728062970477,-0.4224238610037559,0.7226765923590246,-0.45242279130554564,0.7617234443075839,-0.4310405436063428
20.0,11.66,-0.2773044035041087,-0.4456208325168923,-0.23788372070806263,-0.4237895847977141,0.7202334062194466,-0.453638012765438,0.759499545398025,-0.43240751847539105
20.0,11.68,-0.2797613019098674,-0.4468313543281786,-0.24011937582501258,-0.4251545960328656,0.7177654202227285,-0.45484873424377403,0.7572508172241196,-0.4337735713176831
20.0,11.7,-0.28224331153994053,-0.44803729287105626,-0.2423802092738688,-0.4265186398294872,0.7152723767369549,-0.45605471146141857,0.7549769471970926,-0.4351384769643076
20.0,11.72,-0.28475060018690324,-0.4492384542203274,-0.2446663642273142,-0.42788162468641183,0.7127539990405121,-0.4572556975779367,0.7526776217026668,-0.4365020546874721
20.0,11.74,-0.2872834995813452,-0.45043455143876804,-0.24697835036815857,-0.42924322760014877,0.7102100158027279,-0.4584514233238262,0.7503525206067861,-0.437864077046625
20.0,11.76,-0.28984226125769685,-0.4516253363795505,-0.24931646540805452,-0.430603261490258,0.7076401698527344,-0.45964163773642286,0.748001305513983,-0.4392243504812793
20.0,11.78,-0.2924272167588031,-0.4528105048869636,-0.25168092531500674,-0.43196156370860433,0.7050441610812233,-0.4608260709420927,0.7456236579793856,-0.4405826496034449
20.0,11.8,-0.2950386201579477,-0.4539897974267069,-0.25407210714609246,-0.4333178947037475,0.7024217280114187,-0.4620044340493838,0.7432192473279428,-0.4419387333550402
20.0,11.82,-0.29767672642910875,-0.4551629493074403,-0.25649046118654384,-0.43467195373618406,0.6997725913311329,-0.4631764526098312,0.7407877403781464,-0.44329236796984095
20.0,11.84,-0.3003417844932479,-0.4563296800924381,-0.2589361313333235,-0.4360236024140383,0.6970964783655186,-0.46434181208925673,0.7383287929552689,-0.44464332162353576
20.0,11.86,-0.3030342140068488,-0.45748961394054066,-0.26140965816705813,-0.4373724976093362,0.6943930989640964,-0.4655002470123272,0.735842065618702,-0.4459913384342527
20.0,11.88,-0.30575410286623395,-0.45864255819973987,-0.2639112599331708,-0.438718434873632,0.6916621785701617,-0.46665140459216436,0.7333272078133131,-0.44733614623165713
20.0,11.9,-0.30850187291036324,-0.4597881241515663,-0.2664413275191122,-0.4400611433298191,0.6889034175113408,-0.4677949928432843,0.7307838762984324,-0.4486775025595619
20.0,11.92,-0.3112777695697298,-0.46092599580871596,-0.269000245697283,-0.4414003297847067,0.6861165477873186,-0.4689306956443361,0.7282117237391208,-0.45001509973515325
20.0,11.94,-0.3140821334925588,-0.4620558177225928,-0.27158824123957054,-0.44273577824708393,0.6833012778576818,-0.47005815276559776,0.7256103864305752,-0.45134867983455557
20.0,11.96,-0.31691513770315094,-0.4631773266273212,-0.27420586422606896,-0.4440670977182969,0.6804573321024745,-0.47117702154758684,0.7229794979553904,-0.45267793729360706
20.0,11.98,-0.31977719411564437,-0.46429008245561953,-0.27685334587223276,-0.4453940587449232,0.6775843950731392,-0.472286973284082,0.7203187235798869,-0.45400255783081245
20.0,12.0,-0.322668476283788,-0.46539380928373103,-0.2795311583257252,-0.44671629154518777,0.6746822012711028,-0.4733876144562008,0.717627670928724,-0.45532225000196025
20.0,12.02,-0.3255893976152628,-0.466488051154341,-0.2822395362184308,-0.44803355394606187,0.6717504529935044,-0.4744786052825604,0.7149059870037716,-0.45663666515927614
20.0,12.04,-0.3285402135248051,-0.46757246172409866,-0.2849789565411546,-0.44934546045253937,0.6687888639380496,-0.47555953153144026,0.7121532866906668,-0.4579454925620254
20.0,12.06,-0.33152117176455803,-0.4686466774260372,-0.2877497358290859,-0.45065170544619615,0.6657971482104104,-0.4766300196210669,0.709369208911944,-0.4592483893435483
20.0,12.08,-0.3345326055426882,-0.4697102750929556,-0.29055227418761675,-0.45195193118268384,0.6627749991201421,-0.4776896683153649,0.7065533684377441,-0.4605449844509076
20.0,12.1,-0.3375747624387443,-0.4707628762708186,-0.2933870464029893,-0.45324570962633387,0.6597221440033123,-0.478738070089495,0.7037053972899392,-0.4618349225404843
20.0,12.12,-0.3406479679120452,-0.4718040307877375,-0.29625429217467514,-0.4545327569199908,0.6566382744993513,-0.4797747958347169,0.7008248961030704,-0.4631178318983933
20.0,12.14,-0.34375255528555493,-0.4728332902228815,-0.29915441734270704,-0.45581269018284076,0.6535231094845229,-0.4807994047597362,0.6979114913513863,-0.46439330874793655
20.0,12.16,-0.34688868461623457,-0.47385030714499565,-0.3020879027107943,-0.4570850541535583,0.6503763634058288,-0.4818114564060745,0.6949647871632946,-0.46566097306352
20.0,12.18,-0.3500568457967849,-0.4748544847333249,-0.3050551447458731,-0.4583494247622959,0.6471977391414299,-0.4828105048379747,0.6919844142896177,-0.46692039528319584
20.0,12.2,-0.35325719753627116,-0.47584545881235135,-0.30805639155918374,-0.4596054915905585,0.6439869528086731,-0.48379608142376435,0.688969957783827,-0.4681711704370473
20.0,12.22,-0.35649005489837443,-0.47682272458170344,-0.31109220227592543,-0.4608527055962219,0.6407436952166934,-0.48476770077320425,0.6859210222889367,-0.4694128558890318
20.0,12.24,-0.3597556610692537,-0.4777858466425265,-0.31416290430874394,-0.46209067854057756,0.6374677169179671,-0.4857248716906728,0.6828372241267646,-0.4706450010839424
20.0,12.26,-0.36305440836743147,-0.4787342332181876,-0.31726889921379314,-0.4633189481233779,0.634158697782547,-0.4866670861821652,0.6797181602629789,-0.47186712586145063
20.0,12.28,-0.3663865294386502,-0.4796674189507575,-0.32041058961378127,-0.46453704159332715,0.6308163612092214,-0.4875938526057246,0.6765634395249117,-0.4730787765228558
20.0,12.3,-0.3697523347271367,-0.4805848604766571,-0.3235883716384998,-0.4657444648361472,0.6274404414097787,-0.48850461815696344,0.6733726446011499,-0.47427946374596874
20.0,12.32,-0.373152128911147,-0.48148599844474144,-0.3268026570162618,-0.46694073430200816,0.6240306320794224,-0.4893988515507998,0.6701453884305024,-0.47546866627282675
20.0,12.34,-0.3765860508411729,-0.4823703998776001,-0.33005383949702655,-0.46812532858341094,0.6205866825728015,-0.49027599422457924,0.6668812660857703,-0.4766458671267709
20.0,12.36,-0.38005456497944795,-0.4832373494457597,-0.3333424025635727,-0.4692976675224773,0.6171082897481458,-0.4911354808786037,0.6635798635980927,-0.4778105414060116
20.0,12.38,-0.3835578900967568,-0.4840863280107554,-0.33666866272639584,-0.47045726928001186,0.6135951986793989,-0.49197673019667987,0.660240775283149,-0.4789621328957994
20.0,12.4,-0.3870962244252144,-0.48491678553735174,-0.3400330964098553,-0.4716035184903099,0.6100471261518337,-0.4927991542748893,0.6568636121284168,-0.48010005984656434
20.0,12.42,-0.39066985645355534,-0.48572810618665396,-0.3434361019923235,-0.4727358508339872,0.6064638100612926,-0.4936021270208772,0.6534479604385947,-0.4812237723364922
20.0,12.44,-0.39427915225181914,-0.4865195883752788,-0.34687798686509697,-0.4738537394744891,0.6028449896463024,-0.4943850383539376,0.6499934119264466,-0.482332632602571
20.0,12.46,-0.3979243097574943,-0.48729066097841556,-0.3503593055586853,-0.4749564641072871,0.5991904108983424,-0.4951472453065482,0.6464995651563222,-0.48342605634745134
20.0,12.48,-0.40160559447989763,-0.48804065683773784,-0.3538804510887668,-0.4760434159114886,0.5954998034169581,-0.4958880875079397,0.642966016460175,-0.4845033998898992
20.0,12.5,-0.40532326801714946,-0.48876889693407616,-0.3574417157512093,-0.47711401363678035,0.5917729310769875,-0.4966069109045085,0.6393923677829979,-0.4855639829536152
20.0,12.52,-0.40907759725041537,-0.48947470152199357,-0.3610435686535841,-0.4781675557934649,0.588009539692562,-0.4973030062979528,0.6357782134417789,-0.48660718355671134
20.0,12.54,-0.4128687404803793,-0.4901574282736187,-0.3646863860699378,-0.47920337771159127,0.5842093914361949,-0.4979757077777687,0.6321231520045071,-0.48763227025671385
20.0,12.56,-0.4166970363140772,-0.4908162967012616,-0.3683706217650244,-0.480220731306069,0.5803722584648809,-0.49862426380796937,0.6284268002128199,-0.4886385530876412
20.0,12.58,-0.4205626282388738,-0.49145063545982853,-0.3720967320111736,-0.48121885759020544,0.5764979171569956,-0.49924795501835045,0.6246887448869086,-0.48962531043891383
20.0,12.6,-0.4244658352146876,-0.4920596264764706,-0.3758649899115586,-0.48219709545471884,0.5725861325824777,-0.4998460447876522,0.6209086060185071,-0.49059178433220263
20.0,12.62,-0.42840678926154313,-0.4926425744814295,-0.3796757532636414,-0.4831547113289274,0.5686367077615619,-0.5004177509149436,0.6170860047899819,-0.49153720791613886
20.0,12.64,-0.43238579296800955,-0.49319862886959787,-0.38352962994059203,-0.48409075629997056,0.5646494191925773,-0.5009622945376047,0.6132205432320395,-0.49246078827557915
20.0,12.66,-0.43640304179607964,-0.4937269824322987,-0.387426789447801,-0.48500457991066415,0.5606240788494604,-0.5014788832951619,0.609311842427249,-0.49336171819113384
20.0,12.68,-0.4404585617045072,-0.49422697995002934,-0.3913676589331483,-0.48589532829269527,0.5565605089992433,-0.5019666889562447,0.6053595449090973,-0.49423916012838653
20.0,12.7,-0.4445527111822339,-0.49469764266606253,-0.39535265262753005,-0.486762118386898,0.5524585085057163,-0.5024248866499367,0.6013632603813799,-0.4950922716860767
20.0,12.72,-0.44868565350769496,-0.4951381123221287,-0.3993821756438448,-0.4876040431885242,0.5483179256688457,-0.5028526140768853,0.5973226310959344,-0.4959201696469672
20.0,12.74,-0.4528575539368693,-0.4955475285798706,-0.4034565427847606,-0.4884202474738871,0.5441386050699557,-0.5032489936421051,0.5932373243539472,-0.4967219413063838
20.0,12.76,-0.4570684722440637,-0.4959250859112895,-0.40757613886071764,-0.48920977759740336,0.5399203775565062,-0.5036131571430978,0.5891069630643759,-0.49749667363641975
20.0,12.78,-0.4613185401349365,-0.49626988185921594,-0.4117411809490914,-0.489971815738011,0.5356631290495607,-0.5039441854765776,0.5849312200687334,-0.4982434251619362
20.0,12.8,-0.46560806372540176,-0.49658084915217365,-0.4159522023223846,-0.4907052175986446,0.531366724313146,-0.5042411430560767,0.5807097613442271,-0.4989612129370581
20.0,12.82,-0.469936971385979,-0.4968572059047635,-0.4202093916693461,-0.49140911229702666,0.5270310567754802,-0.5045030881911999,0.5764422725345341,-0.4996490516039532
20.0,12.84,-0.4743055327886273,-0.497097836958588,-0.42451318186037923,-0.49208238705150575,0.5226560163511038,-0.5047290595640866,0.57212842238579,-0.5003059031896188
20.0,12.86,-0.4787137410136781,-0.4973018520003119,-0.42886381611238716,-0.4927240442551859,0.518241538593479,-0.5049180873997302,0.5677679307470802,-0.5009307350251848
20.0,12.88,-0.48316165862971905,-0.4974682596965683,-0.43326153306214243,-0.49333307456485065,0.5137875371983861,-0.5050691453426113,0.5633604973795674,-0.5015224568894504
20.0,12.9,-0.48764933035548397,-0.4975960489099021,-0.43770672387222676,-0.4939082869434703,0.5092939862057239,-0.5051812119928011,0.5589058476214143,-0.5020799773251983
20.0,12.92,-0.49217688057132225,-0.4976841142227308,-0.44219959720464186,-0.494448620713136,0.5047608235571069,-0.505253263768321,0.5544037252967549,-0.5026021613872843
20.0,12.94,-0.4967443165705363,-0.49773140241162217,-0.4467404214758514,-0.4949529021766404,0.5001880469461764,-0.5052842275081638,0.54985386595968,-0.5030878757716294
20.0,12.96,-0.5013515445623034,-0.49773693357367926,-0.45132945830822946,-0.49541994199566314,0.495575645058056,-0.5052730173389314,0.5452560537697276,-0.5035359158463293
20.0,12.98,-0.5059987167003309,-0.49769945193580317,-0.45596694647235425,-0.4958485179013867,0.49092363986895093,-0.5052185408863824,0.5406100621254274,-0.5039450739765232
20.0,13.0,-0.5106856976108641,-0.4976179370008817,-0.46065301945486076,-0.4962374605762586,0.48623207966917137,-0.5051196742690789,0.5359156855705033,-0.5043141319545912
20.0,13.02,-0.515412422725996,-0.49749126745299715,-0.4653879749961286,-0.4965854253544718,0.48150101768853554,-0.5049752744960254,0.5311727520936466,-0.5046418010977218
20.0,13.04,-0.5201788857357809,-0.4973182056618375,-0.4701719881006402,-0.4968911013973975,0.476730525174197,-0.5047841917466376,0.5263810939374791,-0.50492678187923
20.0,13.06,-0.5249849819484177,-0.49709759399354025,-0.4750050440804478,-0.4971533214118859,0.4719207315602329,-0.5045452230724362,0.5215405765230028,-0.5051677723844336
20.0,13.08,-0.529830570508546,-0.49682824368016243,-0.4798874583355266,-0.4973705675122496,0.46707173281801445,-0.5042571909858672,0.5166510757628042,-0.5053634101691086
20.0,13.1,-0.5347154109913871,-0.49650905114952015,-0.48481925738447934,-0.4975415349282017,0.462183701107889,-0.5039188650695096,0.5117124990654877,-0.5055122911819917
20.0,13.12,-0.5396394849768656,-0.4961386028271074,-0.4898004320246113,-0.49766488257081487,0.4572568141416148,-0.5035290096883436,0.50672477004521,-0.5056130242091488
20.0,13.14,-0.544602592378451,-0.49571566619570684,-0.49483122490084086,-0.49773900258895015,0.45229128369750765,-0.5030863608817032,0.5016878599980141,-0.505664155010252
20.0,13.16,-0.5496043942321736,-0.49523906265148826,-0.4999115861827298,-0.49776250769627983,0.4472873174554524,-0.5025896537500886,0.4966017263446079,-0.5056642093307979
20.0,13.18,-0.5546447276313331,-0.49470743305871934,-0.5050415079379271,-0.4977338803432971,0.44224519305371374,-0.5020375802975359,0.4914663909688973,-0.5056116994510531
20.0,13.2,-0.5597232822005993,-0.49411946520170597,-0.5102209764058951,-0.49765159744457055,0.43716520217304383,-0.5014288328509187,0.48628190003958705,-0.5055050652876625
20.0,13.22,-0.5648398224763463,-0.4934737468817331,-0.5154498377380956,-0.4975141745226691,0.43204766523739785,-0.5007620841023845,0.4810483171839713,-0.5053427538662572
20.0,13.24,-0.5699938235512795,-0.4927691424969958,-0.5207281789577616,-0.4973198412136924,0.4268929326939502,-0.5000359700450121,0.47576575894539586,-0.505123166555815
20.0,13.26,-0.5751850598983035,-0.4920040928141197,-0.5260557013537347,-0.49706715300016885,0.4217014034755929,-0.4992491286168397,0.47043435698392905,-0.5048446889006019
20.0,13.28,-0.5804131135265317,-0.4911772276941499,-0.5314323206146,-0.4967543549502888,0.4164734937799672,-0.49840018025754435,0.4650542858521043,-0.5045056476261123
20.0,13.3,-0.5856774403061648,-0.4902872562648341,-0.5368578485473932,-0.4963797712499254,0.41120964876019617,-0.49748772258469925,0.4596257721375353,-0.5041043726669826
20.0,13.32,-0.5909777111501916,-0.489332559406022,-0.5423320421016675,-0.49594168110494014,0.4059103901422687,-0.4965103344394193,0.45414905819988993,-0.5036391387858592
20.0,13.34,-0.5963132390459341,-0.48831192734798295,-0.5478545272610467,-0.4954384260681918,0.4005762288539054,-0.49546657592043347,0.44862444829074527,-0.50310821448302
20.0,13.36,-0.6016835293193059,-0.48722380421195016,-0.5534251624772364,-0.4948680459359401,0.3952077580276948,-0.4943550123434246,0.4430522787830942,-0.5025098104785576
20.0,13.38,-0.6070879841936359,-0.48606673772401926,-0.5590434003975258,-0.49422891892095444,0.3898055785976303,-0.49317417555803134,0.4374329406611383,-0.5018421388334109
20.0,13.4,-0.612525945970809,-0.4848392438350605,-0.564708923191938,-0.49351912022068184,0.38437035189409224,-0.49192259298725904,0.4317668697855936,-0.5011033656075697
20.0,13.42,-0.6179967377620149,-0.48353984090258717,-0.5704211771598212,-0.49273687697463836,0.37890277564905506,-0.4905987750683549,0.42605454746866933,-0.5002916277945394
20.0,13.44,-0.6234996203352228,-0.48216701676508683,-0.576179734967191,-0.49188019356590973,0.37340359591867683,-0.4892012298989482,0.4202965007172858,-0.4994050498103154
20.0,13.46,-0.629033735197626,-0.48071936154896777,-0.5819839566339036,-0.49094725404287165,0.3678736012953133,-0.48772843772990987,0.41449333217699785,-0.4984417248303769
20.0,13.48,-0.6345984397423168,-0.4791951301014419,-0.5878332194683797,-0.48993610240803515,0.3623136474836441,-0.4861788833047735,0.4086456694108443,-0.4973997065739409
20.0,13.5,-0.6401927728497281,-0.47759287644903736,-0.5937269352364315,-0.48884465523698417,0.3567245967603641,-0.48455104579548486,0.40275421644156995,-0.4962770517885429
20.0,13.52,-0.6458157507959906,-0.47591116419761315,-0.5996642209481345,-0.48767112706379556,0.3511073894924532,-0.48284338720911196,0.3968197465712943,-0.4950717762336132
20.0,13.54,-0.6514664050618504,-0.4741484206578893,-0.6056443616985109,-0.4864133731379983,0.3454630382893368,-0.4810543640962538,0.390843072226424,-0.4937818694634262
20.0,13.56,-0.6571438166641835,-0.4723029602965046,-0.6116664231008796,-0.4850694422700276,0.3397925529918685,-0.47918242988437454,0.38482508551578865,-0.49240530861764015
20.0,13.58,-0.6628467551645073,-0.4703734215550322,-0.6177295900269992,-0.48363715690150705,0.33409705149238256,-0.4772260465193951,0.37876673633276425,-0.4909400658826784
20.0,13.6,-0.6685741879451248,-0.4683580936418187,-0.6238327062150236,-0.4821146200340199,0.328377673905441,-0.47518365387407147,0.3726690499161571,-0.4893840769743651
20.0,13.62,-0.6743248748338804,-0.46625549640868774,-0.6299748292582368,-0.4804996116368482,0.32263563446532323,-0.4730537075591798,0.3665331151812503,-0.4877352609718148
20.0,13.64,-0.6800976062158062,-0.46406402988968165,-0.6361546659042789,-0.4787901955076725,0.3168721820960157,-0.47083465781119704,0.36036010286075637,-0.4859915259145257
20.0,13.66,-0.6858910073830355,-0.4617821885485534,-0.6423711244616485,-0.47698410290978766,0.31108866430453463,-0.468524955178629,0.35415125347570475,-0.48415078820257207
20.0,13.68,-0.6917036900943582,-0.45940849493619906,-0.6486228647629693,-0.4750792615479064,0.3052864432705816,-0.46612306891914757,0.3479078835882208,-0.4822109273216579
20.0,13.7,-0.6975343406172412,-0.45694120943662364,-0.6549084868732562,-0.47307359577936964,0.29946696976805576,-0.4636274554988068,0.3416313957499015,-0.4801698172729605
20.0,13.72,-0.7033813570436672,-0.45437896190738103,-0.6612264842996294,-0.470964995455918,0.2936317612567831,-0.46103659886812337,0.33532326723369693,-0.47802534665289736
20.0,13.74,-0.7092433203021369,-0.45172002027908,-0.66757539168377,-0.4687512501769029,0.2877823788601772,-0.45834897532989693,0.3289850691683038,-0.475775392612104
20.0,13.76,-0.7151184377931347,-0.44896315030089096,-0.6739536315361383,-0.46643011418412983,0.2819204639963577,-0.4555630939150886,0.3226184410284709,-0.4734178203352171
20.0,13.78,-0.7210050723518189,-0.4461067412365127,-0.6803593226428876,-0.46399970237073324,0.2760477113455928,-0.45267747299550726,0.31622513276126213,-0.4709505089863929
20.0,13.8,-0.7269014822844684,-0.443149335686208,-0.6867907374366456,-0.46145776820012857,0.27016588526601465,-0.44969064992994273,0.30980696023298515,-0.4683713408939725
20.0,13.82,-0.732805919052301,-0.44008934436510133,-0.6932459729792222,-0.45880217310895954,0.26427683082855535,-0.44660116626033175,0.3033658630809781,-0.46567821765326367
20.0,13.84,-0.7387163517785393,-0.43692557895164363,-0.6997230548064607,-0.4560307881077628,0.25838243208831563,-0.4434076064945239,0.2969038476375853,-0.4628690294523464
20.0,13.86,-0.7446309793876932,-0.4336563443666046,-0.7062198324582577,-0.4531416033810007,0.25248467478360914,-0.44010858130319885,0.2904230275398368,-0.45994170001242785
20.0,13.88,-0.7505476516565729,-0.4302804880445052,-0.7127341535646554,-0.4501324981257275,0.24658559362752624,-0.4367027121886675,0.2839256053379807,-0.45689417810533345
20.0,13.9,-0.7564642931902463,-0.4267966101858245,-0.7192637571748661,-0.44700134732798835,0.2406872857157587,-0.4331886733720073,0.27741389748181244,-0.45372442621473025
20.0,13.92,-0.7623787924543538,-0.4232033461812094,-0.7258062357139147,-0.44374617698514296,0.23479194730644665,-0.4295651541018999,0.2708903162876317,-0.4504304306648133
20.0,13.94,-0.7682889315246707,-0.4194993292648713,-0.732358986895647,-0.4403651415904754,0.22890181635382317,-0.42583090181219163,0.2643573642187092,-0.44701021216112097
20.0,13.96,-0.7741923101277183,-0.4156835020884804,-0.73891957888306,-0.4368560526629358,0.22301920830165056,-0.42198468220754953,0.25781766098032216,-0.4434618385270979
20.0,13.98,-0.7800865417545632,-0.41175470571991774,-0.7454852189330727,-0.4332171045061957,0.21714651550697886,-0.41802531869384374,0.25127393029292916,-0.43978340741046934
20.0,14.0,-0.7859693122783322,-0.4077115346760697,-0.7520531292053565,-0.4294464098360319,0.21128619095549162,-0.4139516836076214,0.24472898514983735,-0.43597305998578206
20.0,14.02,-0.7918380292047204,-0.4035530246722042,-0.7586204173248966,-0.42554209938828613,0.20544076988059998,-0.4097626907381385,0.2381857583348217,-0.43202900299750135
20.0,14.04,-0.7976900515800299,-0.3992782575417596,-0.765184018661288,-0.42150246891200754,0.19961284808557586,-0.40545731191493695,0.23164728611183127,-0.4279494861783399
20.0,14.06,-0.8035228015986866,-0.3948860694633939,-0.7717407807638902,-0.4173258584144594,0.19380508777875646,-0.4010345749773909,0.22511671317985057,-0.42373281701835563
20.0,14.08,-0.8093335118409747,-0.3903756219798978,-0.778287616269553,-0.41301038849813415,0.1880202280398437,-0.3964935731930911,0.21859728766475056,-0.4193773758565866
20.0,14.1,-0.8151194244214611,-0.3857459819818591,-0.7848210314037749,-0.40855475507761063,0.18226106155964927,-0.3918334588739761,0.21209236161106745,-0.4148816234604402
20.0,14.12,-0.8208776552353239,-0.3809964059269302,-0.7913375907499872,-0.40395744162752345,0.17653046927499566,-0.38705345157990306,0.20560539693836613,-0.4102440845335193
20.0,14.14,-0.8266053298403624,-0.3761260586158349,-0.7978338380615022,-0.39921684961527026,0.17083136983497402,-0.382152844208691,0.1991399535457119,-0.40546336852356624
20.0,14.16,-0.8322993873202694,-0.37113444716065586,-0.8043060903054166,-0.3943317198802867,0.16516677056089255,-0.3771310135756445,0.1926997159018641,-0.40053817905507466
20.0,14.18,-0.8379567814206333,-0.3660209944231954,-0.8107505685377727,-0.3893008577500702,0.1595397196362155,-0.37198739443646267,0.18628843639459042,-0.39546731553084274
20.0,14.2,-0.8435744770516836,-0.36078503631622605,-0.8171634085387616,-0.38412314190536134,0.15395334079969183,-0.36672152994696616,0.17990999736807556,-0.3902496677766223
20.0,14.22,-0.8491492604557622,-0.3554262638312462,-0.8235406616480411,-0.37879752811872963,0.14841080349076405,-0.36133303002130646,0.17356836388714605,-0.384884255013294
20.0,14.24,-0.854677876665717,-0.3499444387319899,-0.8298782938332446,-0.37332305217699224,0.1429153411184189,-0.3558216054943626,0.16726761434588253,-0.3793701787637095
20.0,14.26,-0.8601570851557597,-0.34433924310258723,-0.8361721283462062,-0.36769898224668723,0.1374702450283193,-0.35018704744932516,0.1610118932623902,-0.3737066926550488
20.0,14.28,-0.8655835420252569,-0.3386105805487194,-0.8424179105071467,-0.361924678937797,0.1320788405032247,-0.34442926703348264,0.1548054693620111,-0.3678931505721111
20.0,14.3,-0.8709538675875341,-0.3327584322088915,-0.8486113152332219,-0.35599960158775956,0.126744521688478,-0.33854825175206277,0.1486526644487588,-0.36192905603682485
20.0,14.32,-0.8762646441295988,-0.32678285721881783,-0.8547479451459769,-0.3499233102768453,0.12147070272117436,-0.33254411272254325,0.142557906169591,-0.35581403944006357
20.0,14.34,-0.8815123647501634,-0.3206841497508221,-0.8608233385843364,-0.34369547196282824,0.11626086233260059,-0.3264170530513336,0.13652569247852753,-0.34954788180374696
20.0,14.36,-0.8866936074296671,-0.31446238193322745,-0.8668329131761284,-0.33731601530653643,0.11111850333793467,-0.3201673992331576,0.13056059757198477,-0.34313051118221627
20.0,14.38,-0.891804757384134,-0.3081181748905142,-0.8727719711334333,-0.3307851382192485,0.10604716306148888,-0.31379558798031343,0.12466726235995378,-0.3365620163552396
20.0,14.4,-0.8968423397892896,-0.30165177398107423,-0.8786358858179258,-0.3241028593692979,0.10105042018005987,-0.3073021666540534,0.11885039618416048,-0.3298426367941828
20.0,14.42,-0.9018025983781933,-0.29506429821537533,-0.8844198114979787,-0.3172697810154996,0.0961318654622874,-0.30068781338542366,0.11311475610395397,-0.3229728011266495
20.0,14.44,-0.9066820784622606,-0.2883560218877085,-0.8901190378769258,-0.3102861780096049,0.09129512075904933,-0.2939533376663455,0.10746516251494101,-0.3159530858239975
20.0,14.46,-0.9114770592423043,-0.28152810200314493,-0.8957286510686138,-0.3031529211730958,0.08654380968369854,-0.2870996240515339,0.101906463893194,-0.3087842666142976
20.0,14.48,-0.9161838665501527,-0.2745816387902786,-0.9012437730740532,-0.29587086910920474,0.08188159212556005,-0.2801277803626485,0.09644356040746657,-0.30146728657457683
20.0,14.5,-0.9207989271724809,-0.2675175150919726,-0.9066594541284797,-0.2884411804323131,0.07731211281534138,-0.2730389349228231,0.09108137128071486,-0.29400327799750814
20.0,14.52,-0.9253185260661279,-0.2603371948701369,-0.9119707390985186,-0.28086516354783364,0.07283903553754736,-0.26583444362558034,0.08582485124975085,-0.2863935893439802
20.0,14.54,-0.9297390113654618,-0.25304208862907046,-0.9171726725295948,-0.2731442784319904,0.06846599585784811,-0.25851572662385114,0.08067895649693829,-0.27863974522720614
20.0,14.56,-0.9340567025949892,-0.24563387515574964,-0.9222603027595302,-0.26528013792979654,0.06419664820315023,-0.2510843878971408,0.07564863945577895,-0.2707434386745897
20.0,14.58,-0.938268029651337,-0.23811401550739386,-0.9272286048540344,-0.2572748349580665,0.060034608631471705,-0.24354213679120282,0.07073886147320033,-0.2627066283415809
20.0,14.6,-0.9423693612531078,-0.23048440349264235,-0.9320727145912684,-0.24913013766173536,0.05598348704965428,-0.23589086079296698,0.06595457509430637,-0.2545314457096848
20.0,14.62,-0.9463571028594341,-0.2227470433671591,-0.9367876649526934,-0.24084845961032775,0.0520468598321262,-0.22813252656074884,0.06130068566988245,-0.2462202152181683
20.0,14.64,-0.950227698353214,-0.21490404898547472,-0.9413684959267121,-0.23243254415065176,0.04822826280152778,-0.22026926388610593,0.056782092080428725,-0.23777552254379386
20.0,14.66,-0.9539776382797723,-0.20695764434335664,-0.9458104289776875,-0.22388480872000643,0.04453121325990406,-0.21230342139049135,0.05240361701695555,-0.22920007153956598
20.0,14.68,-0.9576034290749696,-0.19891032996796956,-0.950108621311291,-0.21520832654186597,0.04095915535430709,-0.2042373670001967,0.04817006174706879,-0.2204968622306436
20.0,14.7,-0.9611016729214972,-0.1907645500233135,-0.9542583488841453,-0.20640617310167628,0.0375154985912549,-0.1960736571307063,0.04408614127557956,-0.21166909446898038
20.0,14.72,-0.9644689987690168,-0.18252302423566566,-0.9582548998776186,-0.19748192211031776,0.03420358698096209,-0.18781501718808247,0.04015649188281538,-0.2027201099476963
20.0,14.74,-0.9677021094988745,-0.1741885816009237,-0.9620937626217676,-0.18843881106739935,0.03102669968636956,-0.17946426513002994,0.036385679169556574,-0.1936535627973541
20.0,14.76,-0.9707978116483896,-0.1657639885150078,-0.9657704230872165,-0.17928074072001413,0.027988042148498843,-0.1710243738435913,0.03277815743837952,-0.18447323919125905
20.0,14.78,-0.9737529375393573,-0.15725245542801825,-0.9692805220288059,-0.17001160669448742,0.025090743368460837,-0.1624984769921243,0.029338277978842194,-0.17518315366343154
20.0,14.8,-0.9765644082637931,-0.1486572975114141,-0.9726197618767501,-0.16063580075138312,0.022337839830551355,-0.15388977314399152,0.026070270692662618,-0.16578753269943677
20.0,14.82,-0.9792292974424571,-0.1399815919023067,-0.9757840455027058,-0.15115753319760972,0.019732286242709444,-0.14520165966133158,0.022978222087327457,-0.1562907600574535
20.0,14.84,-0.981744697652292,-0.13122902584108787,-0.9787693657196442,-0.14158150582819473,0.017276927074776186,-0.1364376085327045,0.020066092845083282,-0.14669744619300132
20.0,14.86,-0.9841078405892066,-0.12240321435938105,-0.9815719233945217,-0.13191222742123618,0.014974511087598133,-0.1276012457804361,0.017337686486690887,-0.13701240765034056
20.0,14.88,-0.9863160911976953,-0.11350769433133828,-0.9841880125817627,-0.1221548627151282,0.012827670512160267,-0.11869631691714871,0.01479663687767577,-0.127240578287493
20.0,14.9,-0.9883668905880382,-0.10454643678408022,-0.9866141320672339,-0.11231454475009298,0.010838923171445728,-0.10972666025888844,0.012446409963634789,-0.11738714245438726
20.0,14.92,-0.9902578268295683,-0.09552332828516237,-0.988847003419662,-0.10239619385210917,0.009010656887050937,-0.10069622969020706,0.010290286942199491,-0.10745741171361675
20.0,14.94,-0.9919866157982714,-0.08644233823720386,-0.9908834478545303,-0.09240571793927649,0.007345142081777422,-0.0916091163493287,0.008331355197647964,-0.09745684080788583
20.0,14.96,-0.993551079503686,-0.07730786159947814,-0.9927205663793363,-0.08234845477977083,0.005844503770531987,-0.0824694665256852,0.0065724963944027125,-0.08739106399070415
20.0,14.98,-0.9949492250122514,-0.06812384859726839,-0.9943556365875001,-0.07223019909226436,0.0045107325926226965,-0.07328155415203096,0.005016386564324374,-0.0772658485530616
20.0,15.0,-0.9961791628398258,-0.05889483952279281,-0.995786147201143,-0.062057023701588936,0.0033456726126019783,-0.06404972348447244,0.00366548130843616,-0.06708710048292438
20.0,15.02,-0.9972391784456867,-0.049625092763957344,-0.997009849779533,-0.05183457602457098,0.002351019254930968,-0.05477841718703487,0.0025220062591465755,-0.05686084123619254
20.0,15.04,-0.9981276982165641,-0.04031910026754195,-0.9980246937402879,-0.041569111241989996,0.0015283122062102728,-0.045472150550175165,0.0015879556671908057,-0.046593192910297156
20.0,15.06,-0.9988433010547334,-0.030981583011308853,-0.9988288801541623,-0.0312667886034237,0.0008789341674315141,-0.03613550004042217,0.0008650808181381022,-0.03629039487831046
20.0,15.08,-0.9993847368078534,-0.021617136986214695,-0.9994208504542833,-0.020934009914179864,0.0004041068710439899,-0.026773110768919018,0.0003548882468489664,-0.025958764495454874
20.0,15.1,-0.9997509188701293,-0.012230401293146818,-0.9997993011415787,-0.01057723559397274,0.00010488523068066124,-0.017389692426390487,5.863248896270034e-05,-0.015604693194859439
20.0,15.12,-0.9999409260101808,-0.0028262267505063643,-0.9999631874604455,-0.00020262526950431291,-1.784370406170319e-05,-0.0079899905745256,-2.268789207326921e-05,-0.005234637606552256
20.0,15.14,-0.9999540092532805,0.006590853699826856,-0.9999117170887571,0.010183100098418415,3.663669171037562e-05,0.0014211988399956,0.00011166610474499325,0.0051448945932091586
20.0,15.16,-0.9997895911224337,0.0160157586685177,-0.9996443652305649,0.020573366751359543,0.0002688693722484202,0.01083905016549588,0.0004621708992113923,0.01552735932219078
20.0,15.18,-0.9994472695581592,0.025443737306736346,-0.999160861818609,0.030961933299927524,0.0006792225920475006,0.020258712645378905,0.0010290379560419106,0.02590619034384786
20.0,15.2,-0.9989268147083096,0.03487002661647977,-0.9984612176903331,0.04134185482452334,0.0012678885262183352,0.029675313692442633,0.001812214012658973,0.036274812018375104
20.0,15.22,-0.9982281773781921,0.04428968356574837,-0.9975456889746792,0.05170688910648037,0.002034881411595666,0.039083974950582974,0.0028113784102603997,0.046626646566011704
20.0,15.24,-0.9973514882887536,0.05369776629728784,-0.9964148272730899,0.062050113135521584,0.002980038408141241,0.04847981466254735,0.0040259456171566855,0.0569551388819692
20.0,15.26,-0.996297047116089,0.06308951471504784,-0.9950694136105291,0.0723653273523961,0.0041030183638130465,0.05785795179867312,0.005455062607938015,0.06725375631854548
20.0,15.28,-0.9950653517666745,0.07245983507815436,-0.9935105077803104,0.08264602143628887,0.0054033033568290515,0.06721353482474421,0.007097618080919967,0.07751602864632845
20.0,15.3,-0.9936570427351509,0.08180417595123068,-0.9917394470889087,0.0928855604336022,0.006880199832304345,0.07654172112307316,0.008952236534159965,0.08773551204917805
20.0,15.32,-0.9920729570950978,0.09111766524034333,-0.9897577992741768,0.10307771539390145,0.00853283435118394,0.08583769645680048,0.011017287928827807,0.09790586477085074
20.0,15.34,-0.9903141084659477,0.10039546491052412,-0.9875673998162151,0.11321615318915605,0.010360164517626141,0.09509669485015065,0.013290890618153813,0.10802079558311604
20.0,15.36,-0.9883816850956549,0.10963277745809073,-0.9851703355500494,0.12329462042314795,0.012360976450546011,0.10431399730912087,0.015770916124055203,0.11807413152681495
20.0,15.38,-0.9862770269256845,0.11882502442159168,-0.9825688928746642,0.1333072962982864,0.014533882798783135,0.1134849247416605,0.01845499179110546,0.12805980964713473
20.0,15.4,-0.9840016377047133,0.12796767894534172,-0.9797656607161804,0.14324794244941258,0.016877335825253567,0.12260488406338697,0.021340518111692075,0.1379718687881012
20.0,15.42,-0.9815572061528188,0.1370561002994977,-0.9767634167358751,0.15311077179024613,0.019389622825569094,0.13166931733245713,0.02442465490344146,0.14780447171125824
20.0,15.44,-0.9789455853457296,0.1460857127128058,-0.9735651325556978,0.16289028241809775,0.022068866818506675,0.1406737738985671,0.027704350790579393,0.1575519317393648
20.0,15.46,-0.9761687354726661,0.15505235198931192,-0.9701740777491428,0.1725805854165228,0.024913048295020144,0.14961387484932992,0.0311763488252497,0.1672087292333685
20.0,15.48,-0.9732288455501755,0.16395141637325117,-0.9665936182014755,0.18217660319408646,0.02791998598754699,0.15848531862477766,0.0348371775632201,0.1767694719203521
20.0,15.5,-0.970128147269992,0.1727790656900062,-0.9628274048426142,0.19167288739641242,0.031087355641462092,0.1672839056310598,0.03868318084347915,0.18622897767212643
20.0,15.52,-0.9668691262474401,0.18153086429945858,-0.9588792198064332,0.20106447328447435,0.03441269360225147,0.17600555542218782,0.04271051657594145,0.1955821977865986
20.0,15.54,-0.9634543212644345,0.19020297520435747,-0.9547530599895852,0.21034637926023542,0.03789340487289182,0.18464626910766446,0.046915166591842056,0.20482427116292315
20.0,15.56,-0.9598864331124801,0.19879148520776058,-0.9504530188195197,0.21951411348257424,0.04152676152971103,0.19320217446398505,0.051292951100854946,0.21395056457365108
20.0,15.58,-0.9561682919985973,0.207292579214832,-0.9459834249360352,0.2285630121213636,0.04530990573449065,0.2016695038921935,0.05583955129766362,0.22295662430994684
20.0,15.6,-0.9523028146512714,0.21570271044569322,-0.9413486837619184,0.23748890946061588,0.049239876696634634,0.21004465941540892,0.06055049115705223,0.23183818961770253
20.0,15.62,-0.9482931089788569,0.22401810416270793,-0.9365533758253369,0.24628764242164783,0.053313582081620806,0.21832409255202603,0.065421161255407,0.24059119166067
20.0,15.64,-0.9441422420594573,0.23223575740098246,-0.9316021734260022,0.25495538551005753,0.05752784925862044,0.22650443503264128,0.07044686795924884,0.24921184334699725
20.0,15.66,-0.9398535383307705,0.24035211445727517,-0.9264998179496101,0.2634886483653289,0.06187938523377144,0.2345824546774111,0.07562276285706504,0.25769647295493514
20.0,15.68,-0.9354303434168788,0.24836406441228026,-0.9212512991429257,0.27188363242557606,0.06636482030005567,0.24255504454409635,0.0809439412093358,0.26604169486120366
20.0,15.7,-0.9308760523227742,0.2562687745467095,-0.9158615175675723,0.28013736380822113,0.07098069945000329,0.25041926044579693,0.08640539927993843,0.27424434897569566
20.0,15.72,-0.9261942309064221,0.26406320244381054,-0.9103355040828149,0.2882468836125634,0.07572347188773522,0.2581722153479281,0.09200205996943012,0.2823014386414958
20.0,15.74,-0.9213883888000345,0.2717449107700333,-0.9046784144835013,0.29620925272252885,0.08058953719464221,0.26581128805064447,0.09772879822560124,0.29021025725702077
20.0,15.76,-0.9164622461523764,0.27931109663261494,-0.8988953719972912,0.30402202946303897,0.08557523743443136,0.27333394887033147,0.1035804244866414,0.29796828608222325
20.0,15.78,-0.9114194954309123,0.2867594005770715,-0.8929916013579632,0.31168279008432687,0.09067681131753812,0.280737762221341,0.1095517161002971,0.30557319082125434
20.0,15.8,-0.9062638916333182,0.2940875846460252,-0.8869723233660575,0.3191894459707981,0.09589052095218832,0.28802056929200054,0.11563742591729523,0.313022929466275
20.0,15.82,-0.9009991836602517,0.30129368714390997,-0.8808427312094343,0.3265402348402063,0.10121251235123241,0.29518019550405755,0.12183228654077088,0.3203156322829096
20.0,15.84,-0.8956293273594912,0.3083753962074412,-0.8746081575282535,0.33373325868317777,0.10663893317094457,0.3022147473699511,0.12813102769657642,0.3274496524934255
20.0,15.86,-0.8901580550155749,0.3153313062293384,-0.868273777070271,0.340767249351773,0.1121659051255013,0.3091224344502028,0.13452837388770245,0.3344235651920437
20.0,15.88,-0.8845893416423234,0.32215950303385277,-0.8618448865746169,0.34764079905019,0.11778952164964589,0.31590161105866305,0.1410190787272339,0.3412361424460556
20.0,15.9,-0.8789270864851763,0.3288585059496151,-0.8553267204550384,0.354352815855484,0.12350584317295672,0.3225507823284482,0.14759790170441,0.34788636859905836
20.0,15.92,-0.8731752645069482,0.335426797845181,-0.8487243782319948,0.36090266516028613,0.12931093968039262,0.32906859997555477,0.15425964455248276,0.3543734199194989
20.0,15.94,-0.8673376944479705,0.34186343728216007,-0.8420431255261869,0.36728941988815206,0.13520087343431728,0.3354538633430673,0.16099912979644493,0.36069669065458954
20.0,15.96,-0.8614183159708794,0.3481672886449843,-0.8352880097618262,0.37351274814906293,0.14117170541278734,0.34170550327439136,0.16781126218524717,0.3668557406210798
20.0,15.98,-0.8554211382597422,0.3543371821109929,-0.8284640426721274,0.37957246123228205,0.1472195038931548,0.3478226045882267,0.17469095974488827,0.37285033658423006
20.0,16.0,-0.8493500469431293,0.3603723604182659,-0.8215763229676688,0.3854682203936044,0.15334035637476762,0.3538043846638312,0.1816332396695726,0.3786804012342506
20.0,16.02,-0.8432088598017796,0.36627232253623065,-0.8146297039338029,0.3912002579643722,0.1595303635284381,0.35965019727811204,0.18863316086490017,0.38434605305517583
20.0,16.04,-0.8370014404819134,0.37203652152014427,-0.8076289776001314,0.3967689307943999,0.16578564628768916,0.3653595355505744,0.19568587394873274,0.38984757476847376
20.0,16.06,-0.8307317034642241,0.3776643696745908,-0.8005790840441094,0.4021742983850514,0.17210237252105448,0.3709320087517617,0.20278660206618512,0.3951854047277654
20.0,16.08,-0.8244034132662422,0.3831556733603379,-0.7934845504921341,0.4074172443654386,0.17847673031897152,0.3763673700531421,0.20993065918939904,0.4003601393900884
20.0,16.1,-0.8180203066195263,0.38851033431652926,-0.7863500342908774,0.4124983400781603,0.18490494916445677,0.38166548293616165,0.2171134462319587,0.4053725256344109
20.0,16.12,-0.8115861567724714,0.3937282052553898,-0.7791801362081126,0.41741827822918337,0.191383298473883,0.3868263391588434,0.22433046987678482,0.41022344645279524
20.0,16.14,-0.8051046391150145,0.3988093759594304,-0.7719790704291258,0.422178390999298,0.19790809772879783,0.391850050607874,0.23157732556215924,0.4149139247887838
20.0,16.16,-0.7985793196316291,0.40375416340018966,-0.7647512498304497,0.426779556586097,0.2044757262255306,0.3967368221516318,0.23884971278256545,0.4194451215569303
20.0,16.18,-0.792013792118919,0.40856282787402975,-0.7575008123696579,0.4312231675297665,0.21108260200160112,0.40148700090589073,0.24614344095539584,0.42381829836717844
20.0,16.2,-0.7854116001860882,0.41323570934432824,-0.7502319173863201,0.43551041386643163,0.21772520491041636,0.4061010098721443,0.2534544346348308,0.42803484736545655
20.0,16.22,-0.778776255367849,0.4177732356015103,-0.7429485748328702,0.43964271013430367,0.22440008372261933,0.4105793840901151,0.2607787196879249,0.4320962728310518
20.0,16.24,-0.7721109834957929,0.4221763081358462,-0.7356544680101182,0.4436219320765637,0.23110384018550903,0.41492276512744714,0.2681124420651959,0.4360041613359755
20.0,16.26,-0.7654192688185018,0.4264453663463497,-0.7283535675631572,0.4474493765723488,0.23783315617038106,0.4191318735626815,0.27545185320015647,0.4397602154054339
20.0,16.28,-0.7587042970131492,0.43058131120357496,-0.7210492816175137,0.451127173874659,0.24458476931608933,0.423207524029828,0.2827933406863557,0.4433662082384292
20.0,16.3,-0.7519693666359568,0.43458485344835796,-0.7137453638995663,0.45465673494035486,0.25135548254137674,0.4271506182452115,0.2901333921999301,0.44682400173838893
20.0,16.32,-0.7452174006615684,0.43845728367088044,-0.7064450310317879,0.45804030177293326,0.2581421958488955,0.43096213990351234,0.2974686203542188,0.45013554420840035
20.0,16.34,-0.7384516359630351,0.442199291072612,-0.6991516114193446,0.4612797708800705,0.264941859139235,0.4346431515081155,0.30479575345354165,0.453302847989386
20.0,16.36,-0.7316748863027829,0.44581228285737984,-0.6918683283275883,0.46437708114100984,0.2717515062189395,0.4381947775522731,0.31211164843851086,0.4563279674530124
20.0,16.38,-0.7248901806399984,0.4492971830732845,-0.6845981532168661,0.46733445983829563,0.2785682438630337,0.4416182305722636,0.3194132588678324,0.45921304768415283
20.0,16.4,-0.7181002645427151,0.4526553565685377,-0.6773440313688024,0.47015404124351945,0.28538927442444395,0.4449147552875244,0.3266976785757537,0.4619602631808815
20.0,16.42,-0.7113078208555426,0.4558882114641704,-0.6701087953711139,0.47283798098646096,0.2922118533898213,0.44808569199743914,0.33396210808553844,0.46457184836175464
20.0,16.44,-0.7045156134415382,0.45899694040693073,-0.6628951143181717,0.47538859012780854,0.2990333310771708,0.4511324176899502,0.3412038665339943,0.46705005873682814
20.0,16.46,-0.6977262591284511,0.461982900496864,-0.6557056966489555,0.47780794973067053,0.3058511369663407,0.45405636689133194,0.3484203820472182,0.46939722147322094
20.0,16.48,-0.6909421518799006,0.4648477309614437,-0.648542831569832,0.4800986266320672,0.31266277752285654,0.45685902375242576,0.3556091972457536,0.4716156535758235
20.0,16.5,-0.6841656789451674,0.46759296480837587,-0.6414088795409464,0.48226296849855005,0.31946583333069245,0.45954193088816053,0.3627679851607237,0.47370773007516714
20.0,16.52,-0.6773993534019834,0.47021994644898824,-0.6343062629881938,0.4843031024255222,0.3262579746935632,0.46210663947960195,0.3698945054008472,0.4756758224139815
20.0,16.54,-0.6706452451852004,0.4727304897740846,-0.6272369626653505,0.4862216012482006,0.3330369456622473,0.46455476754207914,0.37698663793933834,0.4775223405746947
20.0,16.56,-0.6639056473647533,0.47512610611665074,-0.620203137970153,0.48802072088980863,0.3398005761680617,0.4668879622858772,0.3840423639564409,0.47924970530497174
20.0,16.58,-0.6571826793678154,0.47740842999853234,-0.613206584292504,0.4897030305567658,0.3465467728251413,0.4691079007433376,0.3910597667663553,0.48086033022699753
20.0,16.6,-0.6504783016418418,0.4795792218675805,-0.6062491740823711,0.49127087411555254,0.3532735179199569,0.47121626842734676,0.3980370516733239,0.4823566439864893
20.0,16.62,-0.6437944978481147,0.48164014655448906,-0.5993326966091462,0.49272659490354165,0.35997887623895863,0.4732148171127991,0.4049724926719113,0.4837410916426664
20.0,16.64,-0.6371331853324212,0.48359288298461284,-0.5924586733972452,0.4940727290711887,0.3666609746920239,0.47510528395433366,0.4118644852394781,0.485016095124011
20.0,16.66,-0.6304960464136219,0.48543934242393694,-0.5856287244386676,0.49531159978180744,0.37331804294706433,0.4768894423340097,0.4187115194792665,0.4861840701384498
20.0,16.68,-0.6238848518710336,0.4871812083868185,-0.5788442851349201,0.4964456076109418,0.37994836777812413,0.47856907400192605,0.42551217140760844,0.487247449541767
20.0,16.7,-0.6173013306374212,0.4888201899261948,-0.5721066279195737,0.4974772398640591,0.3865503137086688,0.48014597721275676,0.4322650895204211,0.488208633579159
20.0,16.72,-0.6107469491100614,0.4903581939314831,-0.565417111166949,0.4984087556074353,0.39312231893753974,0.4816219595898636,0.43896904478808757,0.48907001194839644
20.0,16.74,-0.6042232032984545,0.4917970237310769,-0.5587769412587473,0.49924250554809424,0.3996628918329826,0.4829988493541227,0.445622876634044,0.48983396995809847
20.0,16.76,-0.5977316277266052,0.49313838910500407,-0.5521870604678475,0.499980998177558,0.40617061465814275,0.48427846411429293,0.4522255040302224,0.49050286722218656
20.0,16.78,-0.5912734176674832,0.49438429497871145,-0.5456485170857597,0.5006265232630558,0.4126441353297936,0.48546261674455227,0.458775930062639,0.4910790426243914
20.0,16.8,-0.5848500537811933,0.4955363255563106,-0.5391623809894783,0.5011812562207232,0.41908217496496863,0.4865531576209404,0.46527323335624104,0.4915648221547206
20.0,16.82,-0.5784627005317534,0.4965963721785673,-0.5327293833066233,0.5016476229407999,0.4254835202090865,0.48755189573471264,0.47171656926801864,0.4919624860664152
20.0,16.84,-0.5721123847111194,0.4975664213624613,-0.5263503558391148,0.5020278225420524,0.43184701016329563,0.48846066897685725,0.4781051657632569,0.49227431632367147
20.0,16.86,-0.5658004110207764,0.4984480372619627,-0.5200260829198663,0.5023240422317983,0.4381715692863462,0.4892812779930642,0.48443831410977056,0.49250255314228514
20.0,16.88,-0.5595276828139507,0.4992431752201767,-0.5137570914651503,0.5025386010496434,0.44445616403319255,0.4900155564298504,0.4907153944185312,0.4926494043257216
20.0,16.9,-0.5532952239952835,0.49995357940717644,-0.5075440398432463,0.5026736185279288,0.4506998303971475,0.49066529875008574,0.4969358198248304,0.4927170579190824
20.0,16.92,-0.5471040068056692,0.5005809837357972,-0.5013875090557814,0.5027311651742339,0.45690166167713114,0.4912323147714098,0.5030990944432291,0.49270767282962513
20.0,16.94,-0.540954765572691,0.501127288195748,-0.4952878702067404,0.5027134751651112,0.4630608133987786,0.4917183659398915,0.5092047487608423,0.49262336690923164
20.0,16.96,-0.5348483663850235,0.5015941911650803,-0.4892455966707698,0.5026225530998856,0.46917650234381103,0.4921252325392381,0.5152524011800891,0.4924662269665741
20.0,16.98,-0.5287856275053188,0.5019833781267035,-0.4832609440572585,0.5024605503978485,0.47524796294207117,0.4924546852654976,0.521241725467762,0.4922383115111074
20.0,17.0,-0.5227671451578031,0.5022967033467901,-0.4773342914352936,0.502229409631071,0.48127453083128835,0.49270845263732166,0.5271724259632267,0.4919416457747157
20.0,17.02,-0.5167935395084372,0.5025358907427003,-0.4714658692356585,0.5019311098275138,0.48725556893122357,0.4928882635963901,0.5330442770128132,0.491578208667945
20.0,17.04,-0.510865574349184,0.5027024782483465,-0.46565588712005934,0.5015676202085182,0.4931904869473589,0.49299583419378096,0.5388570786950914,0.49114996122479015
20.0,17.06,-0.5049836196443814,0.5027983447679146,-0.4599045687225357,0.5011407618918926,0.49907874695029286,0.4930328562127457,0.5446106996410655,0.49065881859172716
20.0,17.08,-0.49914826097822057,0.5028250734929752,-0.4542118575067472,0.5006525875487347,0.5049198545070852,0.4930009884588357,0.5503050523481097,0.490106645148131
20.0,17.1,-0.4933600379647567,0.5027842250478112,-0.4485779879510449,0.5001047721877309,0.5107133760502308,0.4929018911717253,0.5559400677236842,0.48949530212883835
20.0,17.12,-0.48761918805662463,0.5026775980684324,-0.4430028144627275,0.4994992801400852,0.5164588842201325,0.4927372077564133,0.5615157430821159,0.4888265884083746
20.0,17.14,-0.48192617426791595,0.5025067091396193,-0.4374865060558155,0.4988377289127482,0.522156035747431,0.4925085373591029,0.5670320960371773,0.4881022867720036
20.0,17.16,-0.4762813407636734,0.5022731456637496,-0.4320289219405419,0.498121919032903,0.5278045141154877,0.4922174655866639,0.5724891953277136,0.4873241232974074
20.0,17.18,-0.47068497975473195,0.5019784552778875,-0.4266299923264599,0.49735355635754874,0.5334040181670517,0.4918655724434006,0.5778871252587356,0.48649378957459566
20.0,17.2,-0.46513736035405157,0.5016241744868958,-0.421289597568676,0.49653429026136575,0.5389543170170665,0.49145438076668235,0.5832260175279089,0.4856129540570512
20.0,17.22,-0.4596387184494801,0.50121181682455,-0.4160076859248936,0.4956656755348742,0.5444551851147212,0.4909854342988723,0.5885060370421165,0.4846832336558889
20.0,17.24,-0.4541890673079337,0.5007430138677729,-0.41078390907274603,0.49474944095122303,0.5499064623619913,0.49046021558838815,0.5937273448509555,0.4837062336004213
20.0,17.26,-0.4487888426226779,0.5002189919545624,-0.4056181574638696,0.49378706817588436,0.5553079937261194,0.4898801951321329,0.598890174889885,0.4826834912822217
20.0,17.28,-0.44343791551856765,0.49964141802796974,-0.4005102868736407,0.49277999813679285,0.5606596844102226,0.4892468298026394,0.6039947670328878,0.48161652551706485
20.0,17.3,-0.43813647823999485,0.49901161834405433,-0.39545987624404977,0.49172985527505686,0.565961444388493,0.48856153146614884,0.6090413798550481,0.48050683146191425
20.0,17.32,-0.4328846081682881,0.49833097472003673,-0.39046682172463526,0.4906379461836815,0.5712132225134807,0.48782571520601126,0.6140302921351511,0.47935583148479277
20.0,17.34,-0.42768235619738937,0.4976008451818417,-0.38553065518979657,0.4895058212715789,0.5764149891304093,0.4870407503603597,0.6189618313160239,0.4781649501740525
20.0,17.36,-0.422529665847331,0.49682264337185456,-0.380651231078364,0.4883347262977574,0.5815667618136944,0.48620796574218433,0.6238363068192021,0.4769355806992646
20.0,17.38,-0.4174265285450535,0.49599766546276153,-0.3758280388415155,0.4871261388228558,0.5866685592841854,0.4853287147507597,0.6286540713152925,0.4756690303648174
20.0,17.4,-0.4123729220677228,0.4951271952611226,-0.37106089111144214,0.4858812392271846,0.5917204473523879,0.48440427679538806,0.6334154878854659,0.47436663421261105
20.0,17.42,-0.4073687967869783,0.49421248705122595,-0.366349324040403,0.48460136965962686,0.5967224908484561,0.4834359387862123,0.6381209503104444,0.47302965072171177
20.0,17.44,-0.4024140046466154,0.49325485294922866,-0.3616930402165643,0.48328772866941583,0.6016747956382608,0.48242492706926676,0.6427708373378952,0.47165934962889217
20.0,17.46,-0.39750853061347524,0.49225541642034637,-0.35709145300592054,0.48194164667043277,0.6065774684002803,0.48137249617328565,0.6473655693898022,0.4702569173167254
20.0,17.48,-0.3926521049205793,0.49121551469193364,-0.3525443957585727,0.4805641266922118,0.6114306617016897,0.48027982774543304,0.6519055560926169,0.46882353996087145
20.0,17.5,-0.3878446693990573,0.4901362176452549,-0.3480511878926141,0.4791565214739414,0.6162345439302829,0.479148093091536,0.6563912500399849,0.4673603747253794
20.0,17.52,-0.3830860886734474,0.48901867592417364,-0.3436116235765424,0.47771976306105796,0.620989259761853,0.47797845813009243,0.6608230841704259,0.4658685228351153
20.0,17.54,-0.3783761023210731,0.48786405468737803,-0.3392250790101527,0.4762550764067514,0.6256950307677064,0.4767720243256261,0.6652015139571907,0.4643490956918653
20.0,17.56,-0.3737145323328208,0.48667344437568383,-0.33489124912169443,0.4747634124088111,0.6303520564637327,0.4755299250268172,0.6695270190880149,0.46280311303059196
20.0,17.58,-0.36910109983848344,0.4854479768379539,-0.3306095689774244,0.4732458728788234,0.6349605669356194,0.4742531943408154,0.6738000589297338,0.46123164561464974
20.0,17.6,-0.36453575237117636,0.4841885502836712,-0.32637955150990117,0.4717034772596215,0.6395207961566031,0.47294292014933187,0.6780211293606331,0.45963566577427967
20.0,17.62,-0.3600180167957223,0.4828963831796272,-0.32220077180228024,0.47013714502488246,0.6440329953313817,0.4716001341348224,0.6821907118721642,0.4580161513997009
20.0,17.64,-0.3555478164681371,0.48157233510437164,-0.31807272916239926,0.46854784875040933,0.6484974382219347,0.47022581618426634,0.6863092885429956,0.45637404574500523
20.0,17.66,-0.35112482067568235,0.4802174501483574,-0.31399490437042465,0.4669365180812778,0.6529144009173995,0.4688209665440916,0.6903773721873082,0.4547102783869057
20.0,17.68,-0.3467486748084529,0.47883273062492243,-0.30996686005886137,0.46530401311106884,0.6572841712848823,0.4673865445020057,0.6943954736055986,0.45302572669448365
20.0,17.7,-0.34241918422203804,0.4774190400592262,-0.30598806346724333,0.4636512135437753,0.6616070391290902,0.4659234793794927,0.6983640920616774,0.4513212626203812
20.0,17.72,-0.3381360668052892,0.4759772934117289,-0.3020579869194273,0.4619789896658237,0.6658833329654614,0.46443269713794805,0.7022837380322975,0.449597734073178
20.0,17.74,-0.33389885228561295,0.4745084843193733,-0.2981760905391602,0.4602881759845123,0.6701133657029011,0.46291508254534103,0.7061549236911173,0.44785594221806013
20.0,17.76,-0.32970740426827166,0.47301336567283203,-0.2943419934786219,0.45857948494046474,0.6742974478711271,0.46137150699001933,0.7099781861717664,0.4460966742426706
20.0,17.78,-0.32556132383158665,0.4714928402648645,-0.29055506583348106,0.45685375688216867,0.6784359416116749,0.4598028315124577,0.7137540226258396,0.4443207149448766
20.0,17.8,-0.32146020034282513,0.4699477819106971,-0.2868148376273286,0.45511171082279017,0.6825291579219028,0.45820988887978514,0.7174829689518211,0.44252881089551876
20.0,17.82,-0.3174037867292123,0.4683789412502634,-0.2831207619220259,0.45335410475696736,0.6865774734942501,0.45659346009976803,0.7211655260398963,0.44072167692093045
20.0,17.84,-0.3133916600908115,0.4667871555703231,-0.2794723547099748,0.4515816038706252,0.690581226622854,0.4549543601266687,0.7248022478636693,0.4388999993631226
20.0,17.86,-0.3094235535310821,0.4651731314904073,-0.27586914472367235,0.44979487927388756,0.694540796021849,0.45329335305378066,0.7283936365921307,0.43706447615140537
20.0,17.88,-0.30549903725447347,0.46353767610666935,-0.27231048821249537,0.4479946564679694,0.6984565200701166,0.45161118584074905,0.731940213380007,0.43521577462243
20.0,17.9,-0.3016177493989557,0.4618815110243423,-0.2687959874475309,0.4461815164977426,0.7023287994746459,0.4499085869039489,0.7354425072478913,0.4333544905525385
20.0,17.92,-0.29777940580599804,0.46020529213974426,-0.2653250764020297,0.4443561008484847,0.7061579927312421,0.4481862677632772,0.738901036585701,0.43148129344688735
20.0,17.94,-0.29398347866770064,0.4585098183715523,-0.2618972716836934,0.44251899439115977,0.7099444866938294,0.4464449002144462,0.7423163156374865,0.42959674101350404
20.0,17.96,-0.290229752600532,0.4567956568386561,-0.258512014100291,0.4406708137085801,0.7136886490594117,0.4446851902988322,0.7456888694134816,0.42770142678335327
20.0,17.98,-0.28651776663769624,0.45506351162887826,-0.2551688177316028,0.438812105238199,0.7173908901915569,0.44290777934472497,0.7490192133304384,0.4257959169827291
20.0,18.0,-0.28284706302406115,0.4533140766670414,-0.25186719837968163,0.4369434026935947,0.7210515664770951,0.44111330529077775,0.7523078522244985,0.42388075079794946
20.0,18.02,-0.27921741722502263,0.4515478792740227,-0.24860659204002308,0.43506526066796397,0.7246711009047592,0.4393023914355174,0.7555553054861871,0.4219564552278899
20.0,18.04,-0.2756283531674917,0.4497655630202144,-0.24538659232928384,0.4331781387470733,0.7282498680633316,0.4374756279596714,0.758762080472329,0.4200235305347834
20.0,18.06,-0.27207948668353277,0.44796773020130765,-0.2422065651752796,0.4312826086820886,0.7317882598806101,0.43563361295667224,0.7619286730575363,0.41808246865675136
20.0,18.08,-0.26857042069361897,0.4461549505227305,-0.23906610096713884,0.4293790911381538,0.7352866678029532,0.43377692468650686,0.7650556007729918,0.41613375470110586
20.0,18.1,-0.2651007583779267,0.44432778216153923,-0.23596472247202604,0.4274680488115745,0.7387455056197109,0.4319061008474321,0.7681433495793923,0.4141778381992476
20.0,18.12,-0.2616701033169769,0.44248677195067043,-0.23290187550232602,0.4255499640896758,0.7421651539744321,0.4300216928349128,0.7711924347967621,0.4122151668759798
20.0,18.14,-0.25827813355867246,0.44063240541040377,-0.22987707890571057,0.42362525660470485,0.7455460069879292,0.42812422466951655,0.7742033226675216,0.4102461621441114
20.0,18.16,-0.25492436764096427,0.4387652383898065,-0.22688985754784435,0.42169434050561594,0.7488884801983694,0.4262141976201505,0.7771765257823003,0.4082712534840854
20.0,18.18,-0.25160840579736343,0.4368857749575411,-0.2239397396271301,0.41975761972367626,0.7521929532196913,0.4242921096745734,0.7801125136524631,0.4062908312134324
20.0,18.2,-0.2483299984507954,0.43499441704312586,-0.22102632202661066,0.41781543517094016,0.7554598259140393,0.4223584363764879,0.7830117584381324,0.4043052887712842
20.0,18.22,-0.2450885896555314,0.4330917270373375,-0.2181489939096761,0.415868248813678,0.7586895105906947,0.4204136437112904,0.785874755913916,0.40231498183261255
20.0,18.24,-0.2418839232771579,0.4311780740666042,-0.21530735747547494,0.41391637720727015,0.7618823732484441,0.41845819055112826,0.7887019808375786,0.40032029204412944
20.0,18.26,-0.23871544841293915,0.42925399865548347,-0.2125009481824654,0.41196017168119264,0.7650388234511908,0.41649250987187353,0.7914938784051883,0.3983215542979486
20.0,18.28,-0.23558290891753478,0.4273198480852067,-0.20972930546934548,0.4099999746152614,0.7681592569998955,0.41451702905623417,0.7942509292633297,0.39631910744586835
20.0,18.3,-0.23248590252629947,0.4253760508839831,-0.206992039239337,0.4080360741076286,0.7712440626780781,0.4125321568900885,0.7969735855182599,0.39431326220109425
20.0,18.32,-0.22942394746049238,0.42342305187807205,-0.2042885520529605,0.40606886339279663,0.7742936144754636,0.410538297266475,0.7996623022143392,0.39230435212554465
20.0,18.34,-0.22639679200125903,0.421461176264581,-0.20161845803489295,0.40409860412008547,0.7773083212233334,0.40853584132721243,0.8023175380768042,0.3902926649674275
20.0,18.36,-0.22340395947979474,0.4194908520792188,-0.19898138368062754,0.40212557048842384,0.7802885655292962,0.40652515247607635,0.8049397296888534,0.38827848235971807
20.0,18.38,-0.2204450478463302,0.4175124536306077,-0.1963768049737834,0.400150071391285,0.7832347248042463,0.40450661278831335,0.8075293171306338,0.3862620928158714
20.0,18.4,-0.21751980319711503,0.4155262712104213,-0.19380435203386562,0.3981723572676423,0.7861471884116985,0.40248054563143726,0.8100867397085179,0.3842437552611404
20.0,18.42,-0.2146277505214942,0.41353269407935916,-0.19126351086707052,0.39619272134462474,0.7890263258276341,0.4004473207403582,0.8126124219004429,0.38222374464930137
20.0,18.44,-0.21176849634127912,0.4115320743663644,-0.18875398663594106,0.39421136287714303,0.7918725197429053,0.39840726769854484,0.8151067943188466,0.38020229300191694
20.0,18.46,-0.20894178372017636,0.4095246647643924,-0.1862752722849124,0.39222855697099107,0.7946861492703214,0.39636068485109177,0.8175702741062133,0.3781796497356084
20.0,18.48,-0.20614707929873183,0.407510872744509,-0.18382693732136599,0.39024454281347337,0.7974675800768558,0.3943079040466603,0.8200032809499654,0.376156037536066
20.0,18.5,-0.20338419807817526,0.40549089378432285,-0.18140862593454388,0.3882595258812952,0.8002171873790986,0.39224919853232504,0.8224062300695644,0.3741316666569895
20.0,18.52,-0.20065260971927423,0.4034651114955826,-0.17901991409735993,0.3862737292143584,0.8029353362271443,0.39018487733577656,0.8247795198785911,0.37210676430091905
20.0,18.54,-0.19795206381609634,0.40143374680536675,-0.17666038066753795,0.3842873652775429,0.8056223799878585,0.3881152330271519,0.8271235533430815,0.3700815327246684
20.0,18.56,-0.19528210432334908,0.3993971248567908,-0.17432974095460527,0.38230057537204365,0.8082787007700215,0.38604049219452224,0.8294387346969047,0.3680561478864876
20.0,18.58,-0.19264248197644823,0.39735544798645367,-0.17202745302351913,0.380313631575093,0.8109046386392949,0.38396095479280684,0.8317254443922688,0.3660308178953247
20.0,18.6,-0.19003274856253194,0.3953090294137498,-0.1697531727465603,0.3783266906213002,0.8135005505335686,0.381876866961301,0.8339840695870472,0.36400572763105926
20.0,18.62,-0.18745265637934358,0.3932580536490436,-0.16750662545065143,0.3763398762814581,0.8160667999109924,0.37978845070435774,0.8362150023988877,0.36198102070603705
20.0,18.64,-0.18490176096644628,0.39120281361171744,-0.16528727747064823,0.3743534256288285,0.8186037261864851,0.3776959591677401,0.8384186126838037,0.3599568745026085
20.0,18.66,-0.18237981884704296,0.389143481358666,-0.1630949317230742,0.3723674338118569,0.8211116730968626,0.37559962097909494,0.8405952699991373,0.3579334581021863
20.0,18.68,-0.17988638978188956,0.3870803303854145,-0.16092905750179348,0.3703821102618662,0.8235909901554158,0.3734996409982299,0.8427453490663017,0.35591090008782433
20.0,18.7,-0.17742116764147048,0.38501355197503423,-0.15878939864300953,0.36839756726267847,0.8260420089929519,0.37139624173408536,0.8448692031479687,0.353889364110127
20.0,18.72,-0.1749838536097527,0.38294334311215145,-0.15667556600541777,0.36641395307912267,0.8284650739992294,0.36928960820082407,0.8469671951004274,0.35186897564699576
20.0,18.74,-0.1725740774845871,0.38086991013317817,-0.15458717749614234,0.3644314158201089,0.830860505886263,0.3671799583918559,0.8490396775467663,0.34984986580419897
20.0,18.76,-0.17019154399807385,0.3787934339595321,-0.15252398091908465,0.3624500418589319,0.8332286450165322,0.3650674588825741,0.8510869989382014,0.3478321567703684
20.0,18.78,-0.16783588954323037,0.3767141089371083,-0.15048553776234944,0.3604699950966991,0.8355698122656284,0.3629522942730267,0.8531094983197849,0.34581597723136764
20.0,18.8,-0.1655068246645528,0.3746321050290044,-0.14847153947637928,0.3584913780264911,0.8378843221749943,0.3608346560403669,0.8551075123266565,0.34380144813150937
20.0,18.82,-0.16320405564641552,0.37254757245283204,-0.14648168133458475,0.3565142907121591,0.8401724998173439,0.358714697992454,0.857081388983942,0.34178863632292156
20.0,18.84,-0.16092723146588858,0.3704606959080948,-0.14451559718680376,0.35453884791610996,0.8424346668195111,0.3565925649614337,0.8590314395518966,0.3397776914852321
20.0,18.86,-0.1586760004734428,0.3683716435403861,-0.14257305089237857,0.35256511522445066,0.8446711206588534,0.35446843632944947,0.8609580013338025,0.33776868076551775
20.0,18.88,-0.15645014400470622,0.36628052545258255,-0.14065356234088155,0.3505932516083927,0.8468821796976834,0.3523424413080184,0.8628613867894808,0.33576170736657174
20.0,18.9,-0.1542493184354412,0.3641875053408999,-0.13875696521025666,0.3486232930089768,0.8490681431541719,0.3502147288627031,0.8647419161447849,0.33375685428246354
20.0,18.92,-0.1520731816828366,0.36209273529525904,-0.1368829063157785,0.34665533175044727,0.8512293163365365,0.3480854264802276,0.8665998955834072,0.33175421060653415
20.0,18.94,-0.14992152252694046,0.3599963121014665,-0.13503104251007134,0.3446894692029358,0.8533659863172742,0.34595468233584403,0.8684356357510341,0.3297538441939328
20.0,18.96,-0.14779400363943973,0.35789837599496177,-0.13320115074504704,0.3427257453687621,0.8554784599873597,0.3438225943143604,0.8702494380345017,0.3277558312005179
20.0,18.98,-0.14569029466805122,0.35579906868004485,-0.13139283359187018,0.34076427282619187,0.8575670197180687,0.34168929615491295,0.8720415992980065,0.325760240745542
20.0,19.0,-0.1436101889162477,0.35369846688882245,-0.12960587454068825,0.3388050845301484,0.8596319573167426,0.33955488468410167,0.8738124147741675,0.3237671361388906
20.0,19.02,-0.14155335941032793,0.3515966973955268,-0.1278399434858308,0.3368482619830875,0.8616735529329358,0.33741948086628115,0.8755621673145336,0.321776588384758
20.0,19.04,-0.13951954389826035,0.34949385640323655,-0.12609482943428935,0.3348938324930889,0.8636920859229672,0.33528318228791454,0.8772911568179207,0.31978861779499324
20.0,19.06,-0.13750848402657914,0.34739003951023356,-0.12437015099409238,0.33294189252700507,0.865687834647667,0.3331460805293212,0.8789996446619927,0.3178033298332421
20.0,19.08,-0.135519860337262,0.3452853534862784,-0.12266564594067333,0.33099248466997816,0.8676610685888487,0.33100827561230395,0.8806879207726822,0.3158207316637409
20.0,19.1,-0.1335534203294626,0.34317988415296546,-0.12098111191841932,0.3290456258095122,0.869612055148354,0.3288698614627395,0.8823562582551402,0.3138408717789166
20.0,19.12,-0.13160891237185307,0.34107370923381974,-0.11931629610152314,0.3271013654570646,0.8715410689319634,0.32673089481127754,0.8840049196484828,0.31186380783628503
20.0,19.14,-0.1296860281947116,0.33896692517802596,-0.11767082761054609,0.32515977083094766,0.8734483659331214,0.32459147230490637,0.8856341688277134,0.3098895763474275
20.0,19.16,-0.12778458115211827,0.3368595787572804,-0.11604451549862313,0.32322085695315367,0.8753342034832299,0.3224516688486339,0.8872442738007106,0.30791819369051937
20.0,19.18,-0.12590432730957613,0.3347517364703048,-0.114437112449411,0.32128465202616435,0.8771988419568748,0.3203115382778471,0.88883548101905,0.3059497166736046
20.0,19.2,-0.12404491069246464,0.33264350852392943,-0.11284832049750082,0.3193512073048858,0.8790425298462139,0.3181711600335326,0.8904080527523678,0.3039841515598895
20.0,19.22,-0.12220614830784249,0.3305349199898608,-0.1112778982433804,0.3174205421909766,0.8808655155310895,0.3160305915953705,0.8919622340037883,0.30202152945342375
20.0,19.24,-0.12038780965462717,0.32842603813783044,-0.10972566443464371,0.31549266051715896,0.8826680510267501,0.31388986988069234,0.893498270423535,0.3000618779141153
20.0,19.26,-0.11858965853598771,0.32631690447824946,-0.10819132946486613,0.3135676012376579,0.8844503689286514,0.3117490725415526,0.895016406258727,0.29810520296634485
20.0,19.28,-0.11681140922794835,0.32420758962577556,-0.10667466071470277,0.31164537645107643,0.8862127109174703,0.30960824152709365,0.8965168685685655,0.29615155337221355
20.0,19.3,-0.11505283384675802,0.3220981328509123,-0.10517543177449758,0.3097260056119181,0.8879553155486334,0.30746741347945145,0.8979999077256389,0.2942008953538383
20.0,19.32,-0.11331376725562338,0.3199885624459142,-0.1036934138577072,0.3078094905330843,0.8896784064801406,0.30532665051578467,0.8994657393595674,0.29225328436143944
20.0,19.34,-0.11159392822528008,0.31787892616349256,-0.10222838793770672,0.3058958511834795,0.8913822275768206,0.30318594831776585,0.900914603118391,0.2903086936222622
20.0,19.36,-0.10989304523889785,0.31576928332917104,-0.10078007844940563,0.30398510425671704,0.8930669854419013,0.3010453900733951,0.9023467133568751,0.2883671543045732
20.0,19.38,-0.10821095688140085,0.3136596414843223,-0.09934832271378345,0.3020772384114925,0.8947329202478846,0.2989049624750043,0.9037622978566263,0.28642864667814555
20.0,19.4,-0.10654744778713908,0.3115500227929203,-0.09793290006487083,0.30017223675012733,0.8963802321075225,0.2967647391808673,0.905161567479534,0.28449319458330596
20.0,19.42,-0.10490230942208977,0.30944045877950443,-0.09653355958225239,0.298270155340369,0.8980091551455743,0.2946246974667477,0.9065447371119236,0.2825607854362421
20.0,19.44,-0.10327527784473119,0.30733098336355213,-0.09515014052916998,0.296370961271843,0.8996198898459757,0.2924848867210559,0.9079120129759822,0.2806314357273384
20.0,19.46,-0.10166620159215706,0.3052215964187936,-0.09378243010745049,0.2944746300198442,0.9012126537497385,0.2903453064487286,0.9092636137580219,0.2787050934908686
20.0,19.48,-0.10007482514132733,0.30311233297439316,-0.09243024082095944,0.29258120592609965,0.9027876434093388,0.2882059980827958,0.9105997299349531,0.27678179941913356
20.0,19.5,-0.09850100046163361,0.30100318487655364,-0.09109329520450979,0.2906906151356841,0.9043450689788298,0.2860669521090642,0.9119205674864461,0.2748615268350965
20.0,19.52,-0.09694448154005056,0.2988941922404192,-0.08977141397295774,0.28880290347364995,0.9058851277798589,0.28392818643329965,0.9132263233500479,0.2729442609931374
20.0,19.54,-0.09540505893188456,0.2967853152561421,-0.08846450022566638,0.2869180196438736,0.9074080253310415,0.2817896836876289,0.9145171934241046,0.271029984239219
20.0,19.56,-0.0938825599474591,0.2946766170940686,-0.08717226923476266,0.2850360094059167,0.9089139414528336,0.27965148490792124,0.9157933704289416,0.26911867542794554
20.0,19.58,-0.09237683007505389,0.2925680320666703,-0.08589456059752786,0.2831567746567898,0.9104030759665545,0.277513564956194,0.9170550345355023,0.2672103419922888
20.0,19.6,-0.09088764887329563,0.2904596326692916,-0.08463120728056006,0.2812803658136332,0.911875615929984,0.2753759265631025,0.9183023742913661,0.2653049567207013
20.0,19.62,-0.08941480989846975,0.2883513441441228,-0.08338205501958593,0.27940668994037043,0.9133317454923251,0.27323856876545416,0.9195355738897919,0.26340248876090455
20.0,19.64,-0.08795820315957127,0.2862432142778535,-0.08214684540341159,0.2775358291196391,0.9147716458395009,0.27110148696499287,0.920754807173859,0.26150293673198105
20.0,19.66,-0.08651753176787703,0.28413520850918156,-0.0809254226893821,0.27566766255120767,0.9161954987802332,0.2689646566868026,0.9219602595352614,0.2596062482149928
20.0,19.68,-0.08509272400886732,0.2820273018824595,-0.07971768077265212,0.2738022321125823,0.9176034778103636,0.2668280831089086,0.9231520972094921,0.2577124152643199
20.0,19.7,-0.08368356296681138,0.2799195193781617,-0.07852338335881472,0.2719394826085585,0.9189957605977929,0.264691735330856,0.9243304964295662,0.25582139590096575
20.0,19.72,-0.08228986694237138,0.27781181078909734,-0.07734235584140589,0.2700793789569235,0.9203725123328411,0.2625556110723026,0.9254956155982607,0.2539331932201837
20.0,19.74,-0.08091151704552718,0.275704149596768,-0.07617452972932462,0.2682218928668333,0.9217339063553673,0.2604196732219931,0.9266476297328226,0.252047743419038
20.0,19.76,-0.07954830202466619,0.2735965430933711,-0.07501959597043636,0.2663670341096855,0.9230800990848231,0.25828392959282453,0.9277866981527687,0.2501650284883801
20.0,19.78,-0.07820006398200748,0.2714889890485078,-0.07387752998193839,0.264514735180752,0.9244112639554415,0.25614832098256524,0.9289129812086908,0.24828501141820447
20.0,19.8,-0.0768666228570469,0.2693813972632181,-0.07274811507018267,0.2626649540094935,0.9257275553434648,0.2540128326715499,0.9300266303941406,0.24640768569811672
20.0,19.82,-0.07554788612556076,0.2672737954089281,-0.07163119356712673,0.2608176686039641,0.9270291286581327,0.25187744805159246,0.9311278078340545,0.2445329763329166
20.0,19.84,-0.07424368285645519,0.265166106987214,-0.07052665637960487,0.2589728471559156,0.9283161372050923,0.24974213041687113,0.9322166655914663,0.24266085594883868
20.0,19.86,-0.07295382722420896,0.26305836701591756,-0.06943429868905995,0.257130455745262,0.9295887361750163,0.24760684144948072,0.9332933470473375,0.24079131054828698
20.0,19.88,-0.07167814306128119,0.26095045189319377,-0.068354017690227,0.25529046855335763,0.930847070851966,0.2454715554832369,0.9343580047812516,0.23892427470758207
20.0,19.9,-0.07041659989958529,0.25884240208367076,-0.06728564499407841,0.25345278719655795,0.9320912884571059,0.24333622799818538,0.9354107784579062,0.23705973012323958
20.0,19.92,-0.06916894038721132,0.2567341347346569,-0.06622900337064042,0.25161744572907263,0.9333215316586232,0.24120082868981588,0.9364518177769591,0.23519760729883832
20.0,19.94,-0.06793507330050695,0.2546256274133654,-0.06518407128730645,0.249784347311734,0.9345379417048155,0.2390653075973447,0.9374812575269079,0.2333378834842997
20.0,19.96,-0.06671481465321481,0.25251685961294607,-0.06415057503460839,0.2479534971494012,0.935740660513407,0.23692961304589816,0.93849923420942,0.23148051746457715
20.0,19.98,-0.0655081029233031,0.2504077258114524,-0.06312849858630609,0.2461248071272956,0.936929814052501,0.23479373962999178,0.9395058880177654,0.22962545003606757
20.0,20.0,-0.06431477176795464,0.24829825129870625,-0.06211761266852011,0.24429824958824906,0.9381055442672354,0.23265759732545227,0.9405013492998623,0.22777263545422377
40.0,0.0,-2.8336462471744164e-06,-1.2478419144172866e-05,-3.1375459457824096e-06,-1.3357112115850276e-05,0.9999971514124365,-1.4238255297800346e-05,0.9999966199533166,-1.517483449305845e-05
40.0,0.02,-2.5972576552010144e-06,-0.000593070791129886,-2.6255363275314465e-06,-0.0003743987770605798,0.9999973827685634,-0.0006077777882320026,0.9999970952007164,-0.0003927800263287371
40.0,0.04,-3.054536082857902e-06,-0.0011737318222936335,-2.3908482726904456e-06,-0.0007354861609980046,0.9999969133225997,-0.0012013942602972583,0.9999972866532985,-0.0007704457000695705
40.0,0.06,-4.205612271059166e-06,-0.0017544641654220882,-2.4334771114926705e-06,-0.0010966214354780483,0.9999957428871808,-0.0017950902055740028,0.9999971942470532,-0.0011481738775400239
40.0,0.08,-6.05068383024954e-06,-0.0023352702260047635,-2.75345106661725e-06,-0.0014578068122963151,0.9999938712597133,-0.0023888681273001797,0.9999968179108171,-0.0015259666137988077
40.0,0.1,-8.58987340216746e-06,-0.0029161530657350002,-3.3507840669722987e-06,-0.001819044247318344,0.9999912982219048,-0.002982730685271276,0.9999961575663876,-0.0019038259637897661
40.0,0.12,-1.182342288988187e-05,-0.003497115031507853,-4.2254881458262e-06,-0.0021803360444493805,0.9999880235404819,-0.003576680364182258,0.999995213128947,-0.0022817539474227944
40.0,0.14,-1.5751473132800363e-05,-0.004078159060774968,-5.377597630933767e-06,-0.0025416847193793224,0.9999840469668636,-0.004170719648112681,0.9999939845066897,-0.00265975249720016
40.0,0.16,-2.037426295175605e-05,-0.004659287377050261,-6.807174638601899e-06,-0.002903091713319378,0.9999793682363287,-0.004764851195008845,0.9999924716003961,-0.0030378238421746584
40.0,0.18,-2.569208692445333e-05,-0.00524050308309765,-8.514253652702175e-06,-0.0032645597590513485,0.999973987068776,-0.00535907766210537,0.999990674304134,-0.00341597003669879
40.0,0.2,-3.1705087987615304e-05,-0.005821808420806319,-1.0498936808317113e-05,-0.0036260908388510683,0.9999679031694169,-0.005953401531348399,0.9999885925048096,-0.003794193134943101
40.0,0.22,-3.841369902057031e-05,-0.00640320616498339,-1.2761166208024098e-05,-0.003987687585123041,0.9999611162261915,-0.006547825283866373,0.9999862260832405,-0.004172495016353401
40.0,0.24,-4.581805650668278e-05,-0.006984699980008055,-1.530111586715441e-05,-0.004349351551985403,0.9999536259131474,-0.007142351749008537,0.9999835749117554,-0.004550877909228612
40.0,0.26,-5.391847480931683e-05,-0.0075662915724599876,-1.81187932322856e-05,-0.004711084977951204,0.9999454318868568,-0.007736983406139906,0.9999806388554829,-0.004929344041644464
40.0,0.28,-6.27153260084759e-05,-0.008147983401771159,-2.121442564573067e-05,-0.005072890668580471,0.9999365337899979,-0.008331722908218108,0.9999774177740889,-0.0053078952923811245
40.0,0.3,-7.220894010032586e-05,-0.008729778882518061,-2.4587912861000373e-05,-0.005434770450420366,0.9999269312466373,-0.008926572907174656,0.9999739115183487,-0.005686533889028117
40.0,0.32,-8.239968772408187e-05,-0.0093116800834817,-2.8239442077194715e-05,-0.005796726320062024,0.9999166238696461,-0.009521535879394175,0.9999701199338354,-0.006065261709854313
40.0,0.34,-9.328796568089234e-05,-0.009893689921594038,-3.2169127175946325e-05,-0.006158760641078421,0.9999056112519298,-0.01011661447465859,0.999966042856301,-0.006444081156438215
40.0,0.36,-0.00010487392111320905,-0.010475811816722354,-3.6377140386259916e-05,-0.00652087600882901,0.9998938929693619,-0.010711811516117853,0.9999616801162157,-0.006822994106475706
40.0,0.38,-0.00011715826921596408,-0.011058048144696402,-4.086348401636083e-05,-0.00688307412598984,0.9998814685861838,-0.011307129476695352,0.9999570315371572,-0.0072020027864289115
40.0,0.4,-0.00013014108476159798,-0.011640401476646018,-4.562834880064222e-05,-0.007245357815307482,0.9998683376454297,-0.011902571177074925,0.9999520969323836,-0.00758110942241894
40.0,0.42,-0.00014382307634909985,-0.012222874056049786,-5.067196052336982e-05,-0.007607729576371948,0.999854499681217,-0.012498139087651397,0.9999468761120994,-0.007960315891194537
40.0,0.44,-0.00015820479459962544,-0.012805469577530995,-5.5994309818154767e-05,-0.00797019014489404,0.9998399542025844,-0.013093836026428893,0.999941368875991,-0.008339624418201998
40.0,0.46,-0.0001732864152984169,-0.013388190243935843,-6.15955358161245e-05,-0.00833274295461598,0.999824700708829,-0.013689664635550219,0.9999355750163879,-0.00871903740305879
40.0,0.48,-0.00018906848821885757,-0.013971038373391285,-6.747602671881428e-05,-0.0086953901785061,0.999808738680624,-0.01428562755567345,0.9999294943224146,-0.009098556546902429
40.0,0.5,-0.0002055513657700996,-0.014554019089904755,-7.363576532443444e-05,-0.00905813419466048,0.9997920675808741,-0.01488172760046243,0.9999231265703827,-0.009478184248572222
40.0,0.52,-0.0002227358767049074,-0.015137131678666748,-8.007494473572638e-05,-0.009420976337652213,0.9997746868572944,-0.015477967407501401,0.9999164715310666,-0.009857922731982292
40.0,0.54,-0.00024062254621806916,-0.01572038150563933,-8.679374109455047e-05,-0.009783919305220727,0.9997565959463831,-0.016074349438310865,0.9999095289688811,-0.010237774046101829
40.0,0.56,-0.00025921170478295,-0.016303771037347058,-9.379234615669459e-05,-0.010146966993549987,0.9997377942593924,-0.01667087685075578,0.9999022986396563,-0.010617740413989621
40.0,0.58,-0.0002785040902949608,-0.016887301125084457,-0.00010107095670889413,-0.010510119878754066,0.9997182811855003,-0.017267551928203166,0.9998947802922227,-0.010997824058259872
40.0,0.6,-0.0002985001524441635,-0.017470978166093477,-0.00010862985257531435,-0.010873380299217783,0.9996980561378586,-0.017864377127489218,0.9998869736669423,-0.011378027026516146
40.0,0.62,-0.00031920044028245357,-0.01805480232215442,-0.00011646921113444046,-0.011236750095813701,0.9996771184250884,-0.018461356647440922,0.9998788784988403,-0.011758351540443029
40.0,0.64,-0.0003406057965038336,-0.018638776377018596,-0.00012458934605440316,-0.011600234079763306,0.9996554674375446,-0.019058492243250232,0.9998704945136335,-0.012138799821212099
40.0,0.66,-0.0003627167154530541,-0.019222904172062686,-0.00013299024179780965,-0.011963832378723506,0.9996331024973515,-0.01965578653994849,0.9998618214265779,-0.01251937408944947
40.0,0.68,-0.00038553391245694146,-0.01980718678286577,-0.0001416724509427817,-0.012327547152786538,0.9996100229195102,-0.020253242160759178,0.9998528589516748,-0.012900076565334408
40.0,0.7,-0.0004090577985765729,-0.020391629700731478,-0.00015063585519778212,-0.012691381853290691,0.9995862280118958,-0.020850861727074156,0.9998436067878552,-0.013280909468413107
40.0,0.72,-0.0004332894073943571,-0.02097623634307261,-0.0001598811524831662,-0.013055339976158232,0.9995617170148051,-0.02144864960250033,0.999834064632791,-0.013661875017758408
40.0,0.74,-0.0004582296639916579,-0.021561004570084242,-0.00016940828073496863,-0.013419420023560325,0.9995364892341907,-0.022046606659493664,0.999824232172532,-0.014042975431821536
40.0,0.76,-0.0004838785429019592,-0.022145941999997355,-0.0001792174376674588,-0.013783627974406465,0.9995105438824976,-0.02264473725741486,0.9998141090861089,-0.014424212928476017
40.0,0.78,-0.0005102373860148613,-0.022731051025091657,-0.0001893091866727366,-0.014147963312071372,0.999483880218984,-0.023243042264036746,0.9998036950440972,-0.014805589899519637
40.0,0.8,-0.000537306298951575,-0.02331633131061772,-0.00019968367102602747,-0.014512431832663559,0.9994564974282394,-0.023841526034262844,0.9997929897116294,-0.015187108387093168
40.0,0.82,-0.0005650871315379054,-0.023901789113541398,-0.0002103411479516571,-0.014877031970223475,0.9994283947146917,-0.024440191176102244,0.9997819927443602,-0.015568770607217085
40.0,0.84,-0.0005935795911422183,-0.024487426459621854,-0.0002212822177672546,-0.015241769350443576,0.9993995712411167,-0.025039040294554768,0.9997707037904331,-0.015950578949805123
40.0,0.86,-0.0006227850485518054,-0.025073246521662165,-0.00023250660832397604,-0.015606645295142598,0.9993700261976743,-0.02563807599325434,0.9997591224849373,-0.016332535804022184
40.0,0.88,-0.0006527043831869293,-0.025659248807030577,-0.0002440150791055696,-0.015971660496001086,0.9993397586983548,-0.026237300871829624,0.9997472484649482,-0.016714643209435325
40.0,0.9,-0.0006833382636113069,-0.026245442319664827,-0.00025580790931195054,-0.01633681967683173,0.9993087678491974,-0.026836719272885223,0.9997350813472144,-0.017096903728322798
40.0,0.92,-0.0007146874866222323,-0.02683182395890247,-0.00026788532936286694,-0.016702125635802714,0.9992770528061736,-0.027436332047425058,0.9997226207668698,-0.0174793187009351
40.0,0.94,-0.0007467531469313344,-0.027418401782510995,-0.00028024777273909864,-0.017067576660549352,0.9992446126129348,-0.028036143531966855,0.9997098662766986,-0.017861893305326833
40.0,0.96,-0.0007795356719420642,-0.028005176701618447,-0.00029289582059984604,-0.017433179959054655,0.9992114463402827,-0.028636156316058058,0.9996968175507551,-0.018244625565027765
40.0,0.98,-0.0008130365080566374,-0.02859215165166398,-0.00030582933400592245,-0.017798936335775256,0.9991775530403759,-0.029236372986393557,0.9996834741358676,-0.018627520482215554
40.0,1.0,-0.0008472566239621657,-0.029179328961890058,-0.00031904874893894526,-0.0181648460334979,0.99914293178124,-0.029836796127787005,0.9996698356258386,-0.019010579568507685
40.0,1.02,-0.0008821969978607469,-0.029766711043729053,-0.0003325549000608101,-0.018530913439897483,0.99910758151312,-0.03043743006453398,0.9996559015780904,-0.019393806079576248
40.0,1.04,-0.0009178575900605174,-0.030354301477709008,-0.00034634764147181837,-0.018897141661854064,0.9990715012947744,-0.031038275630917316,0.9996416715333258,-0.019777203270086866
40.0,1.06,-0.0009542409578538055,-0.03094210275489273,-0.0003604277781506579,-0.01926353316103566,0.9990346900715723,-0.03163933714606014,0.9996271451441042,-0.02016076916009467
40.0,1.08,-0.0009913471653279896,-0.03153012150329342,-0.0003747954215770714,-0.019630088418969602,0.9989971467993084,-0.032240617181408075,0.9996123218750074,-0.020544510492191848
40.0,1.1,-0.0010291771763201768,-0.03211835943045148,-0.0003894510764530132,-0.019996811437487966,0.9989588703808165,-0.032842120049458336,0.9995972013031296,-0.0209284270289536
40.0,1.12,-0.0010677324205030888,-0.032706814836559406,-0.00040439557089759726,-0.02036370427147701,0.9989198598711956,-0.03344384482888243,0.9995817829171254,-0.021312523766587817
40.0,1.14,-0.001107014117012989,-0.03329549602450675,-0.00041962866112081674,-0.020730768224187134,0.9988801139951956,-0.034045799311707675,0.9995660662883253,-0.02169680046613697
40.0,1.16,-0.0011470225715269325,-0.03388440116583263,-0.00043515122223567354,-0.02109800763700708,0.9988396317831761,-0.034647982570401456,0.9995500509111149,-0.02208126037706533
40.0,1.18,-0.001187759638684335,-0.03447353970212539,-0.00045096336016818854,-0.021465424361548757,0.9987984120361891,-0.035250398903096836,0.9995337362861507,-0.022465906748201588
40.0,1.2,-0.0012292261619817962,-0.03506290783815697,-0.00046706595185983066,-0.02183302169811702,0.9987564535784346,-0.03585305260576848,0.9995171219540882,-0.022850739337724923
40.0,1.22,-0.0012714234436406755,-0.035652514854425346,-0.0004834590925165667,-0.022200801220641903,0.9987137552925177,-0.03645594448277202,0.9995002073050039,-0.02323576488119458
40.0,1.24,-0.0013143525257994686,-0.03624236219764741,-0.0005001436418729432,-0.022568764468198044,0.9986703158870641,-0.03705908056541924,0.9994829919359871,-0.023620981391128643
40.0,1.26,-0.0013580142582219938,-0.03683244595834894,-0.0005171197313991743,-0.02293691494380673,0.9986261342950661,-0.03766245990862385,0.9994654752448234,-0.024006393856230455
40.0,1.28,-0.0014024108499916725,-0.037422781255578116,-0.0005343878516590205,-0.023305254932128202,0.9985812091606527,-0.0382660885351724,0.9994476566639231,-0.024392005519721233
40.0,1.3,-0.0014475425105566306,-0.03801336350212681,-0.0005519485797869615,-0.023673790262370365,0.9985355393388935,-0.03886996723643771,0.9994295357299369,-0.024777816135718816
40.0,1.32,-0.0014934109171786233,-0.0386041924822896,-0.0005698026712628631,-0.024042516176882793,0.998489123486654,-0.03947410028389166,0.9994111118572775,-0.025163828945349843
40.0,1.34,-0.0015400169313316862,-0.039195281009280145,-0.0005879503702234431,-0.024411441302918307,0.9984419602839232,-0.040078491946566576,0.9993923844104948,-0.025550048932969423
40.0,1.36,-0.001587362918422125,-0.0397866275124356,-0.0006063926256257996,-0.02478056819388189,0.9983940485068442,-0.04068314300325734,0.999373352938742,-0.025936474105104804
40.0,1.38,-0.001635448604282655,-0.040378232966623906,-0.0006251289978088604,-0.025149895333261743,0.998345386773017,-0.041288057713943234,0.9993540167527669,-0.026323111188346134
40.0,1.4,-0.001684276575902258,-0.04097010017126923,-0.0006441609496840434,-0.02551942807499327,0.9982959736886696,-0.04189324033464943,0.9993343753160936,-0.026709959930656786
40.0,1.42,-0.001733847594353545,-0.041562238217464915,-0.0006634889751372893,-0.025889166890192723,0.9982458080366974,-0.04249868988913659,0.9993144280092771,-0.027097023567735325
40.0,1.44,-0.001784163308043117,-0.04215464275111402,-0.0006831132784378142,-0.02625911870055408,0.9981948882481328,-0.04310441411000091,0.9992941742075785,-0.02748430533417246
40.0,1.46,-0.001835225278227124,-0.04274732403481241,-0.0007030342817321861,-0.0266292816217455,0.9981432130048496,-0.043710413755175516,0.9992736133180987,-0.02787180671905743
40.0,1.48,-0.0018870339064651451,-0.04334028248758916,-0.000723253030551162,-0.02699965952864602,0.9980907809084554,-0.04431669132110554,0.9992527446730097,-0.028259530953851097
40.0,1.5,-0.0019395918122991644,-0.04393351744031001,-0.0007437701985984378,-0.027370259013687896,0.9980375904405319,-0.04492325104071863,0.9992315676836869,-0.02864747952582337
40.0,1.52,-0.0019928997567680864,-0.044527037028414575,-0.0007645861891034451,-0.027741076467948045,0.9979836400942605,-0.045530097143633146,0.9992100816230335,-0.02903565740814225
40.0,1.54,-0.0020469597496396083,-0.04512084256481245,-0.0007857011394915339,-0.02811211652354932,0.9979289284895025,-0.04613723037063389,0.9991882858984835,-0.02942406434053505
40.0,1.56,-0.00210177238312207,-0.045714938293715285,-0.0008071167157087468,-0.02848338572713169,0.9978734540455728,-0.046744654940462524,0.9991661798480155,-0.029812703550570516
40.0,1.58,-0.002157339959099274,-0.04630933101747678,-0.0008288323021247824,-0.028854879203312433,0.9978172151933777,-0.04735237506840376,0.9991437626940503,-0.03020158000671736
40.0,1.6,-0.002213664187875295,-0.04690401372659528,-0.0008508491747637651,-0.02922660647371158,0.9977602104738915,-0.047960391480161256,0.9991210338456409,-0.030590693445659206
40.0,1.62,-0.0022707459959352234,-0.047498997219921076,-0.0008731683939432703,-0.02959856834815237,0.9977024381938581,-0.04856871012263622,0.9990979925807862,-0.03098004708993917
40.0,1.64,-0.0023285875311694062,-0.04809428304638037,-0.0008957900268373456,-0.029970766511090517,0.9976438968674097,-0.049177331712317134,0.9990746382268917,-0.0313696424170863
40.0,1.66,-0.002387189343288422,-0.04868987393520695,-0.000918715197755239,-0.030343203304197743,0.9975845847745689,-0.04978626044109406,0.9990509699424412,-0.03175948613450183
40.0,1.68,-0.00244655371129744,-0.049285773378491056,-0.0009419440052085645,-0.030715881628186385,0.9975245004021779,-0.05039550050692754,0.9990269871326717,-0.032149576229036456
40.0,1.7,-0.0025066829957782187,-0.04988198544737318,-0.0009654776232610105,-0.031088804716955513,0.9974636418897572,-0.051005054340686785,0.9990026890014612,-0.03253991766177873
40.0,1.72,-0.002567577865248451,-0.05047851461673332,-0.0009893161656877487,-0.031461976037602875,0.9974020077716435,-0.05161492438892757,0.9989780747560646,-0.032930513647242275
40.0,1.74,-0.0026292404422569703,-0.051075359443527306,-0.0010134612774016889,-0.031835395373685495,0.9973395962305155,-0.05222511307601021,0.9989531437491816,-0.03332136391265914
40.0,1.76,-0.0026916725817294853,-0.05167252992830775,-0.0010379126361755987,-0.03220906968570156,0.997276405394933,-0.05283562805515902,0.9989278950752322,-0.03371247515728356
40.0,1.78,-0.002754874606929859,-0.05227002386161186,-0.0010626720269133977,-0.03258300197608176,0.9972124338183812,-0.05344646652482569,0.9989023281039018,-0.03410384536112504
40.0,1.8,-0.00281885075536112,-0.05286784387712627,-0.0010877398752790243,-0.032957187211383535,0.9971476793995631,-0.05405763786244521,0.9988764419181555,-0.034495481220508974
40.0,1.82,-0.002883601007923328,-0.053465997944654946,-0.0011131160434878359,-0.033331638582073414,0.9970821407956728,-0.0546691392634257,0.9988502357497641,-0.0348873841991749
40.0,1.84,-0.002949126773085727,-0.054064486649352685,-0.0011388026377666116,-0.03370634946249058,0.9970158156314962,-0.05528097833521728,0.9988237087662571,-0.03527955750281966
40.0,1.86,-0.0030154316283877245,-0.0546633151356682,-0.0011647994830820967,-0.0340813315829214,0.9969487024932737,-0.05589315749671657,0.9987968602657746,-0.0356720008495788
40.0,1.88,-0.0030825162650119377,-0.055262487057442036,-0.0011911076031831313,-0.034456580070481115,0.9968807992713815,-0.056505679123678425,0.9987696892487482,-0.03606472092752661
40.0,1.9,-0.0031503831843359667,-0.05586200402855223,-0.0012177277995117704,-0.03483210055232117,0.996812104208497,-0.057118547352096406,0.9987421950052249,-0.03645771745191086
40.0,1.92,-0.003219034194111857,-0.0564618719856625,-0.0012446608400021833,-0.035207897440329684,0.9967426153063247,-0.05773176629945391,0.998714376586367,-0.03685099536439421
40.0,1.94,-0.0032884696149579843,-0.057062088103907796,-0.0012719080711567083,-0.035583973723875076,0.9966723306440793,-0.05834533659164928,0.9986862331651678,-0.037244556118759244
40.0,1.96,-0.0033586933488876027,-0.05766265984022716,-0.0012994694089288393,-0.03596032670882246,0.996601248436574,-0.05895926234857986,0.998657763857737,-0.037638402910780126
40.0,1.98,-0.0034297072176877994,-0.058263592189202254,-0.0013273465478983353,-0.036336968442144756,0.9965293664389789,-0.05957354940350782,0.9986289678296202,-0.038032537191238336
40.0,2.0,-0.0035015118595830355,-0.058864887331755586,-0.0013555392694766216,-0.03671389266517255,0.9964566828206536,-0.06018819837245865,0.9985998440980325,-0.038426963894797966
40.0,2.02,-0.003574111212598016,-0.05946655093382968,-0.0013840498121575299,-0.03709110780163839,0.9963831954297504,-0.06080321508354034,0.998570391784497,-0.03882168446767828
40.0,2.04,-0.003647504507286643,-0.06006857878175077,-0.0014128782878063259,-0.03746861620638086,0.9963089024202852,-0.0614186001416594,0.9985406099169238,-0.039216703841946865
40.0,2.06,-0.003721697229157621,-0.06067098350857382,-0.0014420253633793429,-0.03784641801968234,0.9962338014975002,-0.06203435760992425,0.9985104976534208,-0.039612021716869346
40.0,2.08,-0.0037966886002212745,-0.061273760683037026,-0.001471492451509016,-0.038224515371686876,0.9961578905899853,-0.06265049330503523,0.998480054046976,-0.04000764127707855
40.0,2.1,-0.0038724820680479293,-0.0618769229156279,-0.0015012798999843183,-0.03860291692552677,0.9960811677124568,-0.06326700780725604,0.9984492780515862,-0.04040356744715556
40.0,2.12,-0.003949080018507508,-0.0624804648079108,-0.0015313896444954784,-0.03898162003732401,0.9960036306569994,-0.06388390691386477,0.9984181687554108,-0.04079980166453344
40.0,2.14,-0.004026483771295221,-0.0630843983982566,-0.0015618213508068633,-0.039360632964241776,0.9959252771936818,-0.06450119117843146,0.9983867251834702,-0.04119634710804186
40.0,2.16,-0.004104695658690559,-0.06368871695402474,-0.001592576260484295,-0.03973995226132272,0.9958461050928342,-0.06511886638522303,0.9983549463093023,-0.0415932069527926
40.0,2.18,-0.004183718049115522,-0.06429343117456383,-0.0016236560755051037,-0.04011958531795292,0.9957661121090999,-0.0657369365661259,0.9983228311124286,-0.041990384372491765
40.0,2.2,-0.004263553698144804,-0.0648985398883621,-0.0016550610130525412,-0.04049953688374239,0.9956852962173109,-0.06635540227077599,0.9982903786523247,-0.04238788079710371
40.0,2.22,-0.004344203790980167,-0.06550405223009033,-0.0016867923853890973,-0.04087980404988146,0.9956036550388209,-0.06697426925621779,0.9982575878880537,-0.04278569939624488
40.0,2.24,-0.0044256726438356144,-0.06610997242259166,-0.0017188512648500323,-0.04126039491469916,0.995521186185938,-0.0675935397816024,0.9982244576862841,-0.0431838450793383
40.0,2.26,-0.004507959675352291,-0.06671629998461838,-0.0017512391386651793,-0.04164130980426898,0.9954378872550209,-0.0682132195897475,0.9981909871450518,-0.04358231752760053
40.0,2.28,-0.004591069085927328,-0.06732303654632303,-0.0017839553860309752,-0.042022550648491204,0.9953537560724622,-0.06883330919647496,0.9981571750208875,-0.04398112338769487
40.0,2.3,-0.00467500296518021,-0.06793018633485635,-0.0018170023626114561,-0.04240412078379658,0.9952687902128186,-0.06945381433083911,0.9981230203805226,-0.04438026233608562
40.0,2.32,-0.0047597635878503545,-0.06853775604709997,-0.001850380310159068,-0.042786025183376854,0.995182987250307,-0.07007473722440632,0.9980885220677246,-0.04477973927419078
40.0,2.34,-0.004845352865397261,-0.0691457469127064,-0.0018840910274573986,-0.04316827031679911,0.995096344743266,-0.07069608184671956,0.9980536789507892,-0.045179557357160845
40.0,2.36,-0.004931774658784816,-0.06975417034241414,-0.001918134998000815,-0.04355084921758957,0.9950088603630727,-0.07131785042341172,0.9980184899834775,-0.04557971799669738
40.0,2.38,-0.005019030122977401,-0.07036301606481078,-0.0019525144081977502,-0.043933776177798,0.9949205313973295,-0.0719400503827839,0.9979829540479984,-0.04598022434498937
40.0,2.4,-0.005107121039233077,-0.07097230012961832,-0.00198722911269172,-0.04431704692713524,0.9948313555055521,-0.07256268219092483,0.9979470698940587,-0.04638108129174491
40.0,2.42,-0.0051960531779084865,-0.07158202432901935,-0.002022279995652351,-0.044700663395992435,0.9947413302168053,-0.07318574804359804,0.9979108364607345,-0.046782290242489415
40.0,2.44,-0.0052858256864162165,-0.07219218462670525,-0.002057669264221555,-0.04508463913649347,0.9946504526666298,-0.07380925533741377,0.9978742525559858,-0.04718385434030753
40.0,2.46,-0.005376442181921332,-0.07280278687774139,-0.0020933972520817902,-0.04546896320387235,0.9945587205891766,-0.07443320626953717,0.9978373169220818,-0.047585778468706784
40.0,2.48,-0.005467905216019753,-0.0734138391048313,-0.0021294663383167826,-0.04585365178213728,0.9944661310079816,-0.07505760472294547,0.9978000285211462,-0.047988062283155414
40.0,2.5,-0.005560218173289235,-0.0740253428082368,-0.0021658761732139447,-0.04623869617911723,0.9943726816397753,-0.07568245287989701,0.9977623859889452,-0.04839071240363894
40.0,2.52,-0.005653383324665673,-0.07463730141381615,-0.002202628232796942,-0.04662410993103721,0.9942783697175379,-0.07630775462490648,0.9977243881595141,-0.048793730221042615
40.0,2.54,-0.005747403094575375,-0.07524972019800341,-0.0022397238770361714,-0.04700988640025144,0.9941831924628559,-0.0769335138341942,0.9976860338985137,-0.04919711712587192
40.0,2.56,-0.005842280068128298,-0.0758626063046536,-0.0022771644817393974,-0.04739603617080819,0.9940871470649981,-0.07755973611957362,0.9976473217745951,-0.04960087972855601
40.0,2.58,-0.005938016965842067,-0.07647595104863962,-0.002314950973604907,-0.04778256018280187,0.9939902308558942,-0.07818642360539134,0.9976082506069313,-0.050005019413143996
40.0,2.6,-0.006034618721626033,-0.07708977369862124,-0.002353084331446195,-0.048169460389316604,0.9938924410228822,-0.07881358014288872,0.997568819100889,-0.05040953930149274
40.0,2.62,-0.006132084352071432,-0.07770406919744031,-0.0023915675590143576,-0.04855674527313343,0.9937937748805363,-0.07944120784030967,0.9975290260020925,-0.050814442515357244
40.0,2.64,-0.006230419071834491,-0.07831884244801146,-0.0024303989584474332,-0.048944413464935464,0.9936942293171537,-0.08006931400101168,0.9974888701628309,-0.05121973043434244
40.0,2.66,-0.006329626225041495,-0.07893409102432337,-0.002469581958746882,-0.049332464208569224,0.9935938017642121,-0.08069789898176141,0.9974483498539131,-0.051625411388185216
40.0,2.68,-0.006429706624539729,-0.07954983253968935,-0.0025091172209623543,-0.04972090923600676,0.9934924891103293,-0.08132696832462531,0.997407463991664,-0.0520314832642017
40.0,2.7,-0.006530664547202383,-0.08016605845075907,-0.0025490063309524646,-0.05010974412504857,0.9933902884857531,-0.08195652583760839,0.9973662112672441,-0.05243795266373931
40.0,2.72,-0.0066325039027872665,-0.08078278946885364,-0.0025892500638905742,-0.050498982693869376,0.9932871967805779,-0.08258657530093641,0.997324590270015,-0.052844819198390264
40.0,2.74,-0.006735224946412645,-0.08140000144853368,-0.0026298498215667683,-0.050888616493885305,0.9931832112474758,-0.08321711877116793,0.9972825994690614,-0.05325209119868594
40.0,2.76,-0.006838832648903375,-0.08201772749248018,-0.002670807076642601,-0.05127865537930809,0.9930783287250564,-0.08384816175356728,0.9972402376726284,-0.05365976828311133
40.0,2.78,-0.006943331151709161,-0.08263595520308584,-0.0027121227520291546,-0.05166909840168478,0.9929725460692412,-0.08447970800066491,0.9971975035001626,-0.054067853548990075
40.0,2.8,-0.007048719731060566,-0.083254683145546,-0.002753799352408422,-0.05205995729478934,0.9928658605017517,-0.08511175954215078,0.997154395240663,-0.054476351818822065
40.0,2.82,-0.007155005181672662,-0.08387392990918877,-0.0027958366929259227,-0.05245122688183301,0.9927582684454155,-0.08574432356788815,0.9971109117295172,-0.05488526619675648
40.0,2.84,-0.007262188493892966,-0.08449369677148087,-0.002838237678902672,-0.05284290850196649,0.992649767134497,-0.08637740034615926,0.9970670513371163,-0.05529459975917488
40.0,2.86,-0.007370273698634974,-0.08511398597902771,-0.002881002262354122,-0.05323501671239823,0.992540353193224,-0.0870109970665687,0.9970228126576642,-0.05570435559221116
40.0,2.88,-0.007479264126732526,-0.08573479112991172,-0.002924133161278422,-0.05362754848346571,0.9924300236089073,-0.08764511395905036,0.9969781941816149,-0.056114538519340285
40.0,2.9,-0.007589163464695313,-0.08635612678518617,-0.0029676306911657576,-0.05402050775277477,0.9923187748643146,-0.08827975818280702,0.9969331944732679,-0.056525149874530986
40.0,2.92,-0.007699973172542331,-0.08697799916291923,-0.0030114976937603622,-0.054413892824686914,0.9922066038875194,-0.08891493169040836,0.9968878119946033,-0.056936192729024906
40.0,2.94,-0.0078116984868815634,-0.08760040525506152,-0.003055733976012075,-0.054807715442039114,0.9920935071728246,-0.08955063987800203,0.9968420452164543,-0.05734767189752866
40.0,2.96,-0.007924341110015618,-0.08822335359351174,-0.0031003418989272113,-0.05520198181672461,0.991979481470359,-0.0901868864096903,0.9967958923714033,-0.05775959217834403
40.0,2.98,-0.008037906569511572,-0.08884684334815733,-0.003145322822044765,-0.05559667976093062,0.991864523563169,-0.09082367319791272,0.9967493521026703,-0.05817195315399363
40.0,3.0,-0.008152395266911167,-0.08947088554492795,-0.0031906789887209304,-0.05599182963716922,0.9917486297485049,-0.09146100733827449,0.9967024228738757,-0.05858476137642399
40.0,3.02,-0.008267812054519815,-0.09009547120189669,-0.0032364098980262428,-0.05638742058718926,0.9916317969463274,-0.09209888899137793,0.9966551028839266,-0.05899801988812297
40.0,3.04,-0.008384161650733968,-0.09072062367959902,-0.0032825195058819056,-0.056783468011161256,0.9915140214267131,-0.09273732523098928,0.9966073906590593,-0.05941173000241734
40.0,3.06,-0.008501447646935884,-0.0913463362447283,-0.0033290077658843357,-0.05717996874016701,0.9913952996512617,-0.09337631964725117,0.9965592844092576,-0.059825898247870976
40.0,3.08,-0.008619668920549588,-0.09197260335599755,-0.0033758774149991438,-0.057576933218788096,0.9912756281843775,-0.09401587583016324,0.9965107826482322,-0.06024052593156722
40.0,3.1,-0.008738835421775589,-0.09259945146537729,-0.003423129092456701,-0.0579743527659683,0.9911550034649743,-0.09465599734809521,0.996461883666083,-0.06065561608998979
40.0,3.12,-0.008858946874226666,-0.09322686631663135,-0.0034707640221010656,-0.05837224594041708,0.9910334216402193,-0.0952966894770378,0.9964125856485405,-0.061071175241471945
40.0,3.14,-0.008980008315354832,-0.09385485544271187,-0.003518784951074845,-0.0587706050909656,0.9909108795186659,-0.09593795405488745,0.9963628869768221,-0.06148720467648512
40.0,3.16,-0.00910202330569616,-0.09448342759588044,-0.0035671934459344697,-0.05916943661610339,0.9907873730540018,-0.09657979806416772,0.9963127859277341,-0.06190370916740101
40.0,3.18,-0.00922499387841266,-0.09511259276610216,-0.0036159896709115264,-0.059568740798809076,0.9906628985746687,-0.09722222327580658,0.9962622807573465,-0.06232068999109024
40.0,3.2,-0.00934892669114042,-0.09574233933824855,-0.003665177778974375,-0.05996853204241224,0.9905374524028708,-0.0978652349410931,0.9962113696195956,-0.06273815365178048
40.0,3.22,-0.009473822331209502,-0.09637267919998767,-0.0037147565611157936,-0.06036880502585554,0.9904110309607285,-0.09850883481945633,0.9961600507623612,-0.06315610316523124
40.0,3.24,-0.00959968710946166,-0.09700361351696442,-0.0037647309353890696,-0.06076956842496433,0.990283629857337,-0.09915303156151016,0.9961083225384936,-0.06357453980521877
40.0,3.26,-0.009726523523182835,-0.09763515600239013,-0.0038151001866937183,-0.06117082489467849,0.99015524577595,-0.09979782518530131,0.9960561828480224,-0.06399347005038761
40.0,3.28,-0.009854336474176611,-0.09826730983386056,-0.0038658663614881137,-0.06157257032493636,0.9900258744682778,-0.10044322258761577,0.9960036299186527,-0.06441289690568082
40.0,3.3,-0.00998312985723637,-0.09890006762252877,-0.003917031822050175,-0.06197482241415193,0.9898955123090416,-0.10108922547971586,0.995950662199879,-0.06483282164173287
40.0,3.32,-0.01011290534320427,-0.09953343432622497,-0.003968598280473605,-0.0623775709639978,0.9897641550195281,-0.10173584073241239,0.9958972774524314,-0.06525325071818171
40.0,3.34,-0.010243671087296543,-0.10016742674879703,-0.004020567132405258,-0.06278083498556664,0.9896317988368195,-0.10238307002056721,0.9958434737690904,-0.06567418886702689
40.0,3.36,-0.010375426075643096,-0.10080204032919818,-0.004072940801407313,-0.063184597816218,0.9894984396316173,-0.10303091846148728,0.9957892495797026,-0.06609563560237254
40.0,3.38,-0.010508179318730125,-0.10143728184763966,-0.0041257212610466484,-0.06358888690997236,0.9893640731449405,-0.10367939114706243,0.9957346025041695,-0.06651759910959149
40.0,3.4,-0.010641931167712691,-0.1020731598447932,-0.00417890880706125,-0.06399368654950598,0.989228695511947,-0.10432849145281223,0.9956795309609343,-0.0669400788953711
40.0,3.42,-0.01077668972610951,-0.10270967098035594,-0.0042325067832376705,-0.06439901058961452,0.9890923023316259,-0.10497822443189259,0.995624032665754,-0.06736308314422852
40.0,3.44,-0.010912452468230461,-0.10334681360667064,-0.004286516518097585,-0.06480485877328673,0.9889548895993603,-0.10562859342140833,0.9955681057926659,-0.06778661308527775
40.0,3.46,-0.011049230230710694,-0.10398460947419957,-0.00434094100442885,-0.06521123864480485,0.9888164528860868,-0.1062796034469614,0.9955117481598371,-0.06821067341127411
40.0,3.48,-0.011187026121635605,-0.10462305797661754,-0.004395781025533437,-0.06561815845818872,0.9886769880475067,-0.10693125780641524,0.9954549580451677,-0.06863526535148363
40.0,3.5,-0.01132584201407029,-0.10526214698311998,-0.00445103700546664,-0.06602560415325355,0.9885364908541515,-0.10758356152205253,0.9953977330120274,-0.0690603970651184
40.0,3.52,-0.011465681899918515,-0.10590190144488806,-0.004506714260233998,-0.06643359975914791,0.9883949567944545,-0.1082365178271918,0.9953400712084467,-0.0694860697652502
40.0,3.54,-0.01160655469500147,-0.10654232217395543,-0.004562812669734424,-0.06684213970128557,0.988252381420839,-0.10889013344060916,0.9952819701840234,-0.06991228985655466
40.0,3.56,-0.011748460691283704,-0.10718339904251925,-0.00461933550291673,-0.06725123393158046,0.9881087603064151,-0.10954441157888338,0.9952234283110661,-0.07033905681481506
40.0,3.58,-0.011891404257355619,-0.10782515949282995,-0.004676283320717778,-0.06766086968892485,0.9879640891269436,-0.11019935545707836,0.9951644431149181,-0.0707663787809501
40.0,3.6,-0.01203539196150339,-0.10846758139601521,-0.004733658202703616,-0.06807107349535726,0.98781836335355,-0.11085497000035409,0.995105012488247,-0.07119425693504523
40.0,3.62,-0.01218042845105666,-0.10911069372246103,-0.004791463693890195,-0.06848184105239637,0.9876715782142045,-0.11151126009312615,0.9950451340600733,-0.07162269767141094
40.0,3.64,-0.012326518124135669,-0.10975448833523357,-0.00484970100212233,-0.06889316843354634,0.9875237291486539,-0.11216823062987444,0.9949848058132734,-0.07205170391435323
40.0,3.66,-0.01247366303007641,-0.11039897056921624,-0.0049083724763859735,-0.06930506788361768,0.9873748114672167,-0.1128258864768394,0.9949240254953682,-0.07248127856734829
40.0,3.68,-0.012621871081064008,-0.11104414574605492,-0.004967479387862083,-0.06971753618994228,0.9872248207469938,-0.11348422902548726,0.9948627908349402,-0.07291142627406995
40.0,3.7,-0.012771144527707633,-0.1116900204771693,-0.00502702475678739,-0.07013059458099598,0.987073751989068,-0.11414326657071072,0.9948010991942348,-0.07334215339274293
40.0,3.72,-0.012921489596011849,-0.11233660157959874,-0.00508701000259365,-0.07054422438070236,0.9869216005165282,-0.1148030004468934,0.9947389487676237,-0.0737734611014449
40.0,3.74,-0.013072911154076787,-0.11298388350277223,-0.005147438257581799,-0.07095844768894442,0.9867683613824306,-0.1154634371803101,0.9946763369145247,-0.07420535400399796
40.0,3.76,-0.013225415211911213,-0.11363188743758443,-0.0052083109543214655,-0.07137326275361998,0.9866140299112699,-0.11612457982286106,0.9946132613286398,-0.07463783672449666
40.0,3.78,-0.013379003336376996,-0.1142805960612907,-0.0052696307949622,-0.07178866796059201,0.9864586008952763,-0.11678643484107068,0.9945497194653158,-0.07507091386480688
40.0,3.8,-0.013533683742843161,-0.11493003157576395,-0.005331399881580087,-0.07220467032958369,0.9863020696300001,-0.11744900525425393,0.9944857091140665,-0.07550459004749745
40.0,3.82,-0.013689458130467786,-0.11558017745718725,-0.005393620983892529,-0.07262128566750231,0.9861444310802772,-0.11811229577377724,0.9944212277476207,-0.07593886637542853
40.0,3.84,-0.013846334546239335,-0.11623107078010642,-0.0054562950638163904,-0.07303850517610343,0.9859856800818341,-0.11877631108034414,0.9943562727602068,-0.07637375092361094
40.0,3.86,-0.014004316890685185,-0.11688269582301204,-0.005519425627470733,-0.07345633692261494,0.9858258116818676,-0.11944105586476818,0.9942908418182428,-0.07680924654613613
40.0,3.88,-0.014163410715740808,-0.11753505046403398,-0.005583014328048245,-0.07387478099691187,0.9856648205714605,-0.12010653475950127,0.9942249323528268,-0.0772453560744565
40.0,3.9,-0.014323620841060643,-0.11818816066605882,-0.0056470654374835135,-0.07429385474178797,0.985502701442367,-0.12077275412693406,0.9941585417464661,-0.07768208582289812
40.0,3.92,-0.014484951386027931,-0.11884201183853191,-0.0057115767966521664,-0.07471354202117254,0.9853394494884864,-0.12143971513772742,0.9940916676637295,-0.07811943688590145
40.0,3.94,-0.014647409868165696,-0.11949661698287246,-0.005776556033731166,-0.07513386931726157,0.9851750591447139,-0.12210742409134125,0.9940243071029575,-0.0785574172837869
40.0,3.96,-0.014810999787622672,-0.12015199030011357,-0.005842003014282154,-0.07555482954497766,0.9850095249392173,-0.12277588728202687,0.9939564575749771,-0.07899602983483546
40.0,3.98,-0.014975727610089442,-0.12080811809952746,-0.005907919576058968,-0.07597642432831049,0.9848428419129136,-0.12344510581404046,0.993888116445527,-0.0794352790867794
40.0,4.0,-0.01514159912393502,-0.12146501526120813,-0.005974309604160524,-0.07639866423907878,0.9846750042341014,-0.12411508764989283,0.9938192808419808,-0.07987516956323955
40.0,4.02,-0.015308616362515758,-0.12212268357735659,-0.00604117503456375,-0.07682155155872213,0.9845060065862716,-0.1247858355620107,0.993749948480039,-0.08031570408424092
40.0,4.04,-0.015476789949578027,-0.12278112417700182,-0.006108519882716971,-0.07724509761626935,0.9843358433175872,-0.12545735575549838,0.9936801161005367,-0.08075688887772133
40.0,4.06,-0.015646121742454708,-0.1234403541394438,-0.00617634412037896,-0.07766929652608937,0.9841645089761689,-0.12612965269785484,0.9936097811454472,-0.08119872847705407
40.0,4.08,-0.015816620496241187,-0.12410037589137861,-0.0062446511330967345,-0.07809415125026002,0.9839919979760944,-0.12680272907655712,0.993538940846422,-0.08164122564769614
40.0,4.1,-0.015988288933645532,-0.12476117844520716,-0.006313443722902728,-0.07851967416349849,0.9838183045064856,-0.12747659277038806,0.9934675922853614,-0.0820843848832155
40.0,4.12,-0.01616113349215101,-0.12542277980630556,-0.006382725397963167,-0.07894586890578249,0.9836434228362401,-0.12815124641284736,0.9933957325048981,-0.08252821241413481
40.0,4.14,-0.016335161083582444,-0.1260851839043149,-0.006452498343267252,-0.07937273949674337,0.9834673471137719,-0.12882669609569516,0.9933233585653616,-0.0829727127210583
40.0,4.16,-0.01651037431872948,-0.12674839565688215,-0.006522763384242858,-0.07980029034377994,0.9832900716933789,-0.1295029461737118,0.9932504676630222,-0.08341788854460706
40.0,4.18,-0.016686784736160875,-0.12741241925573837,-0.00659352695146176,-0.08022852567490078,0.9831115905743747,-0.13018000093701623,0.9931770568091925,-0.08386374609593751
40.0,4.2,-0.01686439515318353,-0.12807726046253812,-0.0066647885614240215,-0.08065745056289163,0.982931897738829,-0.13085786640065367,0.9931031228393005,-0.08431028807397596
40.0,4.22,-0.017043210670857466,-0.12874292518624214,-0.0067365519521872756,-0.08108707001781336,0.9827509871520156,-0.13153654681266194,0.9930286628580511,-0.08475752068610985
40.0,4.24,-0.017223236751140937,-0.12940940457168634,-0.006808819505634771,-0.08151738944564384,0.9825688531033901,-0.13221604644576174,0.9929536737629735,-0.0852054483705633
40.0,4.26,-0.017404480643596835,-0.13007672013692828,-0.006881596501642439,-0.08194841429625777,0.9823854890695191,-0.13289637119060127,0.9928781523275532,-0.0856540755488546
40.0,4.28,-0.017586950027499076,-0.13074487878849853,-0.006954881766749825,-0.08238014129661654,0.9822008889595226,-0.13357752697621708,0.9928020954298536,-0.0861034066453208
40.0,4.3,-0.01777065067435505,-0.1314138727342164,-0.00702868147228138,-0.08281258585050857,0.9820150467918835,-0.13425951623538593,0.9927254999381576,-0.08655344607736866
40.0,4.32,-0.0179555858675325,-0.1320837101403666,-0.00710299592970241,-0.08324574504439278,0.9818279562167473,-0.13494234482317038,0.9926483627109437,-0.08700419825543153
40.0,4.34,-0.018141765889574887,-0.13275439868479888,-0.007177830000542058,-0.0836796350796412,0.9816396107512947,-0.1356260185561318,0.9925706802156752,-0.08745566929515132
40.0,4.36,-0.018329194227665754,-0.1334259474302907,-0.0072531861477614324,-0.08411424359415838,0.9814500041307412,-0.1363105415145371,0.9924924492888372,-0.08790786359216254
40.0,4.38,-0.018517879102338115,-0.13409836526029273,-0.0073290672615371494,-0.08454959730808405,0.981259129836103,-0.13699591946912384,0.9924136667969947,-0.08836078379272731
40.0,4.4,-0.018707826728774107,-0.13477164598562744,-0.007405476502032471,-0.08498567433618823,0.9810669814558666,-0.137682156438883,0.9923343290207315,-0.08881443772192296
40.0,4.42,-0.018899041020939814,-0.13544578388257428,-0.0074824153724400225,-0.08542250217469012,0.9808735521934423,-0.1383692598599116,0.992254432961889,-0.08926882627913325
40.0,4.44,-0.019091530305326374,-0.13612080472094673,-0.007559890312530503,-0.08586007871943167,0.9806788356169361,-0.13905723196021288,0.9921739747215209,-0.08972395900542555
40.0,4.46,-0.01928530565899492,-0.13679671862287462,-0.007637901212566993,-0.08629841255374575,0.9804828252481607,-0.13974607843242065,0.9920929510539858,-0.0901798367644384
40.0,4.48,-0.019480366679557767,-0.13747350551566528,-0.007716453115574157,-0.08673750205220429,0.9802855137795394,-0.1404358065754056,0.9920113583057707,-0.09063646735938473
40.0,4.5,-0.019676724467083472,-0.13815119221436095,-0.007795546572809348,-0.0871773460910781,0.9800868948437464,-0.14112641856184732,0.991929193100343,-0.09109385162829975
40.0,4.52,-0.01987438579633577,-0.13882977433688393,-0.007875187895118426,-0.08761797364505912,0.9798869614336361,-0.14181792168911575,0.9918464514870926,-0.09155199907866023
40.0,4.54,-0.020073354954972433,-0.13950926441073655,-0.0079553774307125,-0.08805936384760979,0.9796857065405629,-0.14251032148558038,0.9917631302987485,-0.09201091055352952
40.0,4.56,-0.020273641306746887,-0.14018965825197127,-0.008036122257236756,-0.088501536010311,0.9794831234105807,-0.143203620001887,0.9916792252621622,-0.09247059376981613
40.0,4.58,-0.02047524942000297,-0.14087095252830162,-0.008117422458349925,-0.08894450027742058,0.9792792049775081,-0.1438978244587902,0.9915947331452537,-0.09293105129591261
40.0,4.6,-0.0206781886522376,-0.14155317666769873,-0.008199280900480693,-0.08938824610879527,0.9790739436996134,-0.14459294198367792,0.9915096497634249,-0.09339229084147248
40.0,4.62,-0.020882466251898543,-0.14223632777978018,-0.008281703933164521,-0.0898327834073426,0.9788673328842835,-0.14528897456709158,0.9914239714070587,-0.09385431491511917
40.0,4.64,-0.021088089546588532,-0.14292040313071966,-0.008364692682037623,-0.09027813336088462,0.978659364952027,-0.1459859292832743,0.9913376942587776,-0.09431712949940213
40.0,4.66,-0.021295063383023873,-0.14360541742112118,-0.008448250746806935,-0.09072427532527781,0.9784500329237106,-0.14668380977936793,0.99125081459045,-0.09478073708588763
40.0,4.68,-0.021503397768754935,-0.14429136811774224,-0.008532381867240804,-0.09117124127975666,0.9782393291784456,-0.1473826230747735,0.9911633278880655,-0.09524514706649276
40.0,4.7,-0.021713100281478874,-0.14497827028337618,-0.008617089722628845,-0.09161901075426175,0.9780272463294694,-0.14808237445302314,0.9910752306812597,-0.09571036019538329
40.0,4.72,-0.021924173584107164,-0.14566610593413234,-0.008702378183680462,-0.09206761642802694,0.9778137766328456,-0.14878306911867772,0.9909865185963798,-0.09617638411538328
40.0,4.74,-0.022136633034304295,-0.14635490672501247,-0.008788249397161557,-0.09251703816349892,0.9775989130365867,-0.14948471061019308,0.9908971877491798,-0.0966432212704474
40.0,4.76,-0.022350481475481784,-0.14704467240892177,-0.00887470794580605,-0.09296729849333144,0.9773826474997129,-0.15018730578249612,0.9908072337400698,-0.09711087928364777
40.0,4.78,-0.022565724322482276,-0.14773540254299575,-0.008961756448487509,-0.09341839897817326,0.9771649722947011,-0.15089086151208306,0.9907166525496337,-0.09757936056876276
40.0,4.8,-0.022782377426746554,-0.1484271127645045,-0.009049400821492306,-0.09387034098792692,0.9769458799010475,-0.15159537944314366,0.9906254396382016,-0.09804867271741019
40.0,4.82,-0.023000438619044397,-0.1491197868413299,-0.009137642126726398,-0.09432312648483811,0.9767253626254968,-0.15230086815201183,0.9905335910792626,-0.09851881813509476
40.0,4.84,-0.023219924056360787,-0.14981345856319161,-0.009226485194823391,-0.09477677922665115,0.9765034109183944,-0.15300733240577763,0.9904411022517272,-0.09898980264146304
40.0,4.86,-0.02344083689137092,-0.15050811135241304,-0.009315933405392387,-0.09523129046371981,0.9762800192588407,-0.15371477757401447,0.9903479690367331,-0.09946163035107257
40.0,4.88,-0.023663185586016464,-0.1512037454975593,-0.009405991234646631,-0.09568666237731047,0.9760551787782522,-0.15442320673078808,0.9902541866746865,-0.09993430705105615
40.0,4.9,-0.02388698154826742,-0.1519003968572543,-0.009496663722829828,-0.09614291957682057,0.9758288795119947,-0.15513262973065894,0.9901597509097894,-0.10040783682375862
40.0,4.92,-0.02411223077834272,-0.15259804900008078,-0.009587949916908239,-0.09660004290605193,0.9756011161922118,-0.155843048414129,0.9900646568958356,-0.10088222717420603
40.0,4.94,-0.024338939400012086,-0.15329670342737142,-0.009679858312272645,-0.0970580571177163,0.9753718779551629,-0.15655447068909245,0.9899689004773667,-0.10135747868423518
40.0,4.96,-0.024567121934333903,-0.15399639686786346,-0.009772390799245282,-0.09751695416843166,0.9751411578272839,-0.1572669015620444,0.9898724766704129,-0.10183359882527718
40.0,4.98,-0.024796779097331665,-0.1546970960704291,-0.009865554369106166,-0.09797675960723641,0.9749089476925616,-0.15798034582975043,0.9897753811237725,-0.10231058988582407
40.0,5.0,-0.02502792551800494,-0.155398820138202,-0.009959347564123885,-0.09843746606015373,0.9746752371717378,-0.15869480789226442,0.9896776087131967,-0.10278845930255384
40.0,5.02,-0.025260562280578724,-0.15610157245851897,-0.010053778634588692,-0.09889907660172396,0.9744400197997746,-0.15941029624711714,0.9895791548858579,-0.10326721106899878
40.0,5.04,-0.025494709983744434,-0.15680539053557604,-0.010148849018683476,-0.09936159513477921,0.9742032862746907,-0.16012681540978851,0.9894800148507412,-0.10374684914389767
40.0,5.06,-0.025730366591485747,-0.15751022335543957,-0.010244565994241905,-0.09982504833735233,0.9739650258746001,-0.1608443713752914,0.989380183692645,-0.10422737746257749
40.0,5.08,-0.025967547740858497,-0.15821612842815005,-0.01034093222706129,-0.10028941726516746,0.9737252329040061,-0.16156296744336698,0.9892796566450501,-0.10470880171144817
40.0,5.1,-0.026206254374183103,-0.1589230729635863,-0.010437948686173502,-0.10075471802858878,0.9734838974392996,-0.16228261142644013,0.9891784289531966,-0.105191124075894
40.0,5.12,-0.026446505029101442,-0.1596310963194343,-0.010535625183874919,-0.1012209661906467,0.9732410086930299,-0.16300330921150752,0.9890764951882192,-0.1056743518967932
40.0,5.14,-0.02668830074203923,-0.1603401657751139,-0.010633962158831514,-0.10168815498234332,0.9729965592166667,-0.16372506721004665,0.9889738506163762,-0.10615848908595783
40.0,5.16,-0.026931657606615905,-0.16105032186509174,-0.010732964805297115,-0.10215628895965838,0.9727505398708135,-0.16444788802808283,0.9888704906380497,-0.10664353606729066
40.0,5.18,-0.027176582977825384,-0.16176156920183124,-0.010832639085668786,-0.10262539663867554,0.9725029417581803,-0.1651717795191473,0.9887664096013283,-0.10712950187036832
40.0,5.2,-0.0274230811240203,-0.16247389390771277,-0.010932984794116876,-0.10309544777055378,0.9722537540033557,-0.1658967474211557,0.9886616030005722,-0.10761638690731178
40.0,5.22,-0.027671165153188525,-0.16318729981512708,-0.011034011049210795,-0.1035664829553866,0.9720029693573066,-0.1666227963091517,0.9885560656466543,-0.10810419674335124
40.0,5.24,-0.027920842977682575,-0.1639018112709026,-0.011135722048321061,-0.10403849567693274,0.9717505763184617,-0.1673499352379103,0.9884497924123643,-0.10859293519303628
40.0,5.26,-0.028172127654678726,-0.1646174133161501,-0.011238119655986844,-0.10451149177180555,0.9714965659387531,-0.16807816493191158,0.9883427786918579,-0.10908260437103746
40.0,5.28,-0.028425024467728266,-0.1653341313799607,-0.011341211236494736,-0.10498547664355624,0.9712409286130933,-0.1688074964468785,0.9882350192621377,-0.10957320980517145
40.0,5.3,-0.028679547084408855,-0.16605197035887317,-0.011444998734843321,-0.10546045643524724,0.9709836550588469,-0.16953793212843885,0.9881265094626179,-0.11006475183619643
40.0,5.32,-0.02893570310912253,-0.16677091664196128,-0.011549485948826757,-0.10593643725136512,0.9707247350893586,-0.17026947936880724,0.9880172442777305,-0.11055723599253567
40.0,5.34,-0.029193504394416342,-0.1674910153616221,-0.011654682285609116,-0.10641342474305057,0.9704641587886523,-0.1710021438246665,0.987907218871703,-0.11105066606545393
40.0,5.36,-0.02945295491491834,-0.16821221418471732,-0.011760589316595248,-0.10689143802990637,0.9702019153188884,-0.17173593619247654,0.9877964289012441,-0.11154504239875142
40.0,5.38,-0.029714076046569886,-0.16893457718627128,-0.011867211523889951,-0.10737047128159667,0.9699379974164222,-0.1724708468084077,0.9876848696282061,-0.11204036877336582
40.0,5.4,-0.0299768812881551,-0.16965807041667594,-0.01197455479230664,-0.10785053101685081,0.9696723936089627,-0.173206889678164,0.9875725367275746,-0.11253664726036211
40.0,5.42,-0.030241341101954037,-0.17038272776412006,-0.012082621298999391,-0.10833162432984393,0.9694050885275887,-0.17394409378443385,0.9874594260943766,-0.113033879945862
40.0,5.44,-0.030507511004050514,-0.1711085280352954,-0.01219142222866639,-0.10881377016115376,0.9691360800207864,-0.17468242058172606,0.9873455334180501,-0.11353207062866277
40.0,5.46,-0.03077539989597795,-0.17183547853286332,-0.01230095658879809,-0.1092969637213334,0.9688653507401266,-0.17542191608150265,0.9872308553151478,-0.11403121796639543
40.0,5.48,-0.031044993799431604,-0.17256363194377938,-0.012411230488510986,-0.10978121216763616,0.9685928935297089,-0.17616257569556698,0.9871153877156523,-0.11453132751286091
40.0,5.5,-0.03131629078632081,-0.1732929368280276,-0.012522251555401051,-0.11026653551016947,0.9683186998691113,-0.1769043770935006,0.9869991282205313,-0.11503239627670847
40.0,5.52,-0.03158936757514723,-0.17402343012342544,-0.01263402124954609,-0.11075291610980177,0.968042754472552,-0.17764736652796556,0.9868820733994328,-0.11553442812369501
40.0,5.54,-0.03186416924332531,-0.17475511118191672,-0.01274654684238237,-0.11124038727511161,0.9677650467885591,-0.17839153867615312,0.9867642210108891,-0.11603742355885306
40.0,5.56,-0.03214073540142184,-0.17548798301522575,-0.012859835212762964,-0.1117289438942093,0.9674855705172678,-0.1791368714976367,0.9866455694664267,-0.11654138141230143
40.0,5.58,-0.03241904475534738,-0.17622205999756282,-0.012973887426000802,-0.1122185814640271,0.9672043090898836,-0.17988341087471516,0.98652611690398,-0.11704630571520179
40.0,5.6,-0.032699164486450216,-0.17695731944442872,-0.013088710994863825,-0.11270933413468386,0.9669212561728271,-0.1806311346829359,0.9864058628377499,-0.11755219367332406
40.0,5.62,-0.03298108112459748,-0.17769381682386634,-0.013204311456063903,-0.11320118408899878,0.9666363948850694,-0.18138007118664695,0.9862848071662949,-0.11805904602822051
40.0,5.64,-0.033264765728823434,-0.17843152655067263,-0.013320694988682318,-0.11369415294744051,0.9663497179478466,-0.18213021546868077,0.9861629505770738,-0.11856686361480345
40.0,5.66,-0.03355029022266175,-0.17917044649195887,-0.013437864334179515,-0.11418824982001695,0.9660612147535043,-0.1828815619515475,0.9860402945267145,-0.11907564561500876
40.0,5.68,-0.033837668760622636,-0.17991060688470897,-0.013555828694930237,-0.11468346985101503,0.9657708694081447,-0.18363413894181305,0.985916841395188,-0.11958539307068218
40.0,5.7,-0.03412684481960071,-0.1806520088672902,-0.0136745904702915,-0.11517983582286263,0.9654786734712912,-0.18438794118021767,0.9857925949959512,-0.12009610371003394
40.0,5.72,-0.03441789141494771,-0.18139465074438033,-0.013794155407598277,-0.11567733002453598,0.9651846174005979,-0.1851429631616055,0.9856675595316885,-0.12060778055406497
40.0,5.74,-0.034710787340472594,-0.18213854883696,-0.013914531191809828,-0.11617600205323149,0.9648886797091838,-0.18589924943793,0.98554174086413,-0.12112042334340173
40.0,5.76,-0.03500557078963575,-0.18288368664552634,-0.014035722105882604,-0.11667582105234467,0.9645908594962879,-0.18665676113856847,0.9854151463244577,-0.12163403201154017
40.0,5.78,-0.03530222448194872,-0.18363010197651733,-0.014157734817997562,-0.11717681009484443,0.9642911395605883,-0.1874155260775735,0.9852877840590549,-0.12214861009994057
40.0,5.8,-0.035600787028679734,-0.18437777855767998,-0.014280570764322415,-0.11767896581889228,0.9639895070014463,-0.1881755553784939,0.9851596642162571,-0.12266415792379166
40.0,5.82,-0.03590126936349869,-0.18512672739593033,-0.014404244569547187,-0.11818232463593016,0.9636859510643971,-0.18893684306943698,0.985030798094262,-0.12318067945530158
40.0,5.84,-0.036203650095495414,-0.18587696606981716,-0.014528754085567476,-0.11868687019041317,0.9633804599150653,-0.18969940038843577,0.9849011985627623,-0.1236981788877616
40.0,5.86,-0.03650800094321979,-0.1866284720227058,-0.014654110811278596,-0.11919261203126984,0.9630730216737108,-0.19046322105132973,0.9847708800816761,-0.12421666413452669
40.0,5.88,-0.036814272314499304,-0.18738129102870021,-0.014780315962713165,-0.11969956115708102,0.9627636166791478,-0.19122834957951926,0.9846398583324747,-0.12473614329466005
40.0,5.9,-0.03712250378822378,-0.18813540713662835,-0.014907377036933107,-0.12020772799087452,0.9624522418761539,-0.19199474640138844,0.9845081506786257,-0.12525662646115746
40.0,5.92,-0.03743273976019586,-0.1888908258382704,-0.01503530373197195,-0.12071712287303793,0.9621388763988683,-0.19276245569089848,0.9843757759257602,-0.1257781239490404
40.0,5.94,-0.037744925979887156,-0.18964757242963617,-0.015164099529158273,-0.12122775710986432,0.9618235127449096,-0.19353145436609417,0.9842427531049646,-0.1263006548740028
40.0,5.96,-0.038059135812614976,-0.19040562441219838,-0.01529377042342006,-0.12173962765806068,0.9615061333053703,-0.1943017696688724,0.9841091027768873,-0.1268242368447876
40.0,5.98,-0.03837535240775403,-0.19116502287076198,-0.015424324222492276,-0.12225274549618517,0.9611867282932333,-0.195073395426833,0.9839748452440336,-0.1273488944669356
40.0,6.0,-0.038693612290723337,-0.19192572992739654,-0.015555766337271052,-0.12276713646345391,0.9608652834092336,-0.1958463419728551,0.9838400013077474,-0.1278746507102598
40.0,6.02,-0.039013898570195694,-0.1926877872137435,-0.01568810115121876,-0.1232827837117698,0.9605417832080373,-0.19662061934770514,0.9837045905902119,-0.1284015389145032
40.0,6.04,-0.03933625257256026,-0.19345117892537092,-0.0158213406504798,-0.12379971258665844,0.9602162144165878,-0.1973962379768921,0.983568631273994,-0.12892959576794194
40.0,6.06,-0.03966065291511353,-0.19421592514984606,-0.01595548683606213,-0.12431792105946148,0.9598885660737971,-0.19817319124144991,0.9834321399787268,-0.12945885779532892
40.0,6.08,-0.03998715048195264,-0.19498205495751872,-0.016090545707521702,-0.1248374211610834,0.9595588215508951,-0.19895148876764973,0.9832951300607288,-0.12998937160616536
40.0,6.1,-0.04031571008565432,-0.19574952173809856,-0.016226529574242074,-0.125358238986731,0.9592269685995227,-0.1997311410269852,0.9831576114812243,-0.13052118339174318
40.0,6.12,-0.040646421981688115,-0.19651837016125293,-0.01636344090255432,-0.1258803581462678,0.9588929916163351,-0.20051215773771489,0.9830195892116035,-0.13105434743438538
40.0,6.14,-0.04097926049166314,-0.19728859872639307,-0.016501287799815464,-0.1264038056275265,0.9585568773691753,-0.20129453158443034,0.9828810628859663,-0.13158891906279355
40.0,6.16,-0.041314204146520435,-0.1980602288822724,-0.016640079104727812,-0.1269285790540745,0.9582186088994149,-0.2020782893453826,0.9827420266860117,-0.13212495462195828
40.0,6.18,-0.041651330396010385,-0.1988332378838972,-0.016779816768854035,-0.12745469183650177,0.9578781751306921,-0.2028634240397553,0.9826024671791471,-0.1326625146586813
40.0,6.2,-0.041990618080466925,-0.19960764739754092,-0.016920513909182058,-0.1279821561323207,0.9575355592424114,-0.20364994488407,0.9824623639995198,-0.13320166050026525
40.0,6.22,-0.042332080621144554,-0.20038347221016245,-0.017062174852922246,-0.12851098546601086,0.9571907454793447,-0.20443786125289198,0.9823216898687513,-0.13374244899902396
40.0,6.24,-0.04267576178489283,-0.2011606967752687,-0.01720480648653101,-0.12904117812161628,0.9568437191496968,-0.20522718268285126,0.9821804095672798,-0.13428493761053437
40.0,6.26,-0.0430216403375717,-0.20193934348862633,-0.017348417738269555,-0.12957274725407997,0.9564944691176237,-0.20601790194552014,0.9820384812054432,-0.13482917930641874
40.0,6.28,-0.04336972504241067,-0.20271940435458108,-0.017493015376840736,-0.13010570652204703,0.9561429737414257,-0.2068100444268224,0.9818958556515847,-0.13537522596838195
40.0,6.3,-0.043720105757975435,-0.20350090289192532,-0.01763860852623004,-0.1306400694861327,0.9557892218372428,-0.20760360275888065,0.981752478977061,-0.13592311822730588
40.0,6.32,-0.04407272098841939,-0.20428384649630849,-0.017785204376457378,-0.13117583480581657,0.955433201137093,-0.2083985692861359,0.9816082918506635,-0.1364728958419021
40.0,6.34,-0.04442758483842848,-0.2050682510747525,-0.017932807631444173,-0.13171301688552137,0.9550748873377791,-0.2091949860682594,0.9814632326981703,-0.13702458415225413
40.0,6.36,-0.0447847782728562,-0.20585409348271433,-0.018081432268369228,-0.13225162909074553,0.9547142680830986,-0.20999284528711049,0.9813172369665293,-0.13757820619289998
40.0,6.38,-0.045144280352348014,-0.20664139742167273,-0.018231083185793903,-0.13279168624302526,0.9543513273557788,-0.2107921557286117,0.981170239435647,-0.13813377776901395
40.0,6.4,-0.04550606451334992,-0.20743016324260732,-0.018381767862832004,-0.13333318739800462,0.9539860527938884,-0.21159290945035103,0.9810221767884537,-0.13869130083032197
40.0,6.42,-0.04587022322518231,-0.2082204153957945,-0.01853349362518519,-0.1338761473046241,0.9536184250532275,-0.21239511436710495,0.9808729866092051,-0.13925077730387797
40.0,6.44,-0.04623672498874829,-0.20901213048861744,-0.018686277070075936,-0.13442059542695484,0.953248426523638,-0.21319879616818044,0.9807226102204603,-0.139812197274503
40.0,6.46,-0.046605626916832045,-0.20980534113371918,-0.01884011460873437,-0.13496650115731632,0.9528760388449573,-0.21400396282842396,0.9805709929782082,-0.14037554602202224
40.0,6.48,-0.0469769026879215,-0.2106000482405244,-0.018995025207598513,-0.13551390972539973,0.9525012484688264,-0.21481060585797618,0.9804180849216058,-0.140940807618152
40.0,6.5,-0.04735056232379568,-0.21139624463286127,-0.019151012062284607,-0.13606282139659223,0.9521240418677273,-0.21561871670871874,0.9802638411776392,-0.141507959758074
40.0,6.52,-0.04772666387213659,-0.21219396358417186,-0.019308087720806034,-0.13661325113451953,0.9517443952989078,-0.21642833685652296,0.9801082233326409,-0.14207697397308727
40.0,6.54,-0.048105218037493194,-0.21299319811196807,-0.019466257866600868,-0.1371651989926828,0.9513622929582669,-0.21723945707889286,0.9799511973908744,-0.1426478258311042
40.0,6.56,-0.04848623553021474,-0.21379394115280878,-0.019625537524978635,-0.1377186960210791,0.9509777196403518,-0.21805208568825904,0.9797927353011066,-0.14322048993284914
40.0,6.58,-0.048869695238320854,-0.21459621879770238,-0.019785930301565332,-0.13827372666160204,0.9505906546290803,-0.21886622965801894,0.9796328145829257,-0.14379493463450055
40.0,6.6,-0.04925568845468368,-0.21540003190556123,-0.019947449057641196,-0.13883032267418133,0.9502010826485928,-0.21968189712769678,0.9794714167791972,-0.1443711358088306
40.0,6.62,-0.04964418886001825,-0.2162053821877,-0.020110104662082077,-0.13938848384606264,0.9498089878590188,-0.22049907856380332,0.9793085281337994,-0.14494906822458808
40.0,6.64,-0.05003517534166611,-0.21701229653028858,-0.020273905420720776,-0.1399482432002591,0.9494143450444831,-0.22131781458530578,0.9791441386347391,-0.1455287089117307
40.0,6.66,-0.05042873465611972,-0.2178207509043433,-0.020438862520739443,-0.14050958430353153,0.9490171432557193,-0.2221380791573509,0.9789782415851058,-0.14611003536217693
40.0,6.68,-0.050824884233007454,-0.21863076356303685,-0.020604984568569042,-0.1410725239651836,0.9486173588591215,-0.22295989562006782,0.9788108329760494,-0.1466930289394479
40.0,6.7,-0.051223603395817455,-0.21944236199104605,-0.020772285130793086,-0.1416370951714405,0.9482149753138963,-0.2237832714114395,0.9786419107982972,-0.1472776747835703
40.0,6.72,-0.051624942036907165,-0.22025553086765834,-0.02094077316726532,-0.14220329864856301,0.9478099766897241,-0.22460819656426378,0.9784714746122835,-0.1478639600057967
40.0,6.74,-0.052028873460772715,-0.22107027267347468,-0.021110462683272827,-0.14277113434985045,0.9474023363706501,-0.2254347109061922,0.9782995261725177,-0.1484518702948584
40.0,6.76,-0.05243545994149772,-0.22188662287955271,-0.021281362718818024,-0.14334063665940674,0.9469920422990726,-0.2262627877390086,0.9781260668220699,-0.14904140175435854
40.0,6.78,-0.052844707590667984,-0.22270454964950817,-0.021453482580780066,-0.1439117896456453,0.9465790717023337,-0.227092450145797,0.9779510994734574,-0.14963254548393143
40.0,6.8,-0.05325664074012003,-0.2235240978923353,-0.02162683907012494,-0.14448462696935474,0.9461634056962122,-0.227923704570118,0.977774627275445,-0.1502252978601515
40.0,6.82,-0.05367127175889368,-0.22434526153479345,-0.02180144167912454,-0.1450591668321184,0.945745027179829,-0.22875654032468168,0.9775966527343745,-0.1508196586552578
40.0,6.84,-0.05408865233225614,-0.22516802498413882,-0.0219773025718731,-0.1456353929938054,0.9453239103267251,-0.22959099693554078,0.9774171788342448,-0.15141562596833835
40.0,6.86,-0.05450876212700367,-0.22599241732022834,-0.022154436526721694,-0.14621334016310308,0.9449000379623009,-0.23042706350392606,0.9772362077150807,-0.1520132047556451
40.0,6.88,-0.05493162003334955,-0.22681845862833316,-0.0223328534200153,-0.1467930270364148,0.9444733899941989,-0.23126474580357775,0.9770537415749859,-0.15261239648789363
40.0,6.9,-0.05535723240899597,-0.2276461168782512,-0.022512565772003897,-0.14737443744364154,0.9440439463012191,-0.23210404950400332,0.9768697816812504,-0.15321320772978683
40.0,6.92,-0.05578571087714715,-0.22847544532343417,-0.022693591426717674,-0.1479576063867775,0.9436116867335289,-0.23294498016980514,0.9766843285977374,-0.15381564493238964
40.0,6.94,-0.05621697638723641,-0.2293064049307904,-0.022875938054240888,-0.1485425359543604,0.9431765870325145,-0.23378755972154175,0.9764973824779479,-0.15441971622418954
40.0,6.96,-0.056651094941947734,-0.23013903274424713,-0.023059618561400545,-0.149129227409886,0.9427386288718825,-0.2346317764948912,0.9763089428139987,-0.15502542787614215
40.0,6.98,-0.057088080090067723,-0.23097332297178452,-0.023244653996793867,-0.1497177336813834,0.9422977931050219,-0.23547763600078367,0.9761190088170116,-0.15563279134796834
40.0,7.0,-0.05752795202758323,-0.23180929642887646,-0.023431052292543216,-0.15030802194133788,0.9418540490532123,-0.2363251757070702,0.9759275767354477,-0.15624181761724057
40.0,7.02,-0.05797072450402713,-0.2326469474513508,-0.023618832202208843,-0.15090012826521512,0.9414073846213393,-0.2371743677265654,0.9757346449619294,-0.1568525162436216
40.0,7.04,-0.05841645877091207,-0.2334862869803849,-0.02380800199974061,-0.1514940551768387,0.9409577742592237,-0.2380252331195961,0.975540209056397,-0.15746489981350362
40.0,7.06,-0.058865128325972224,-0.23432731952055397,-0.02399858337562242,-0.15208982101611118,0.9405051954186694,-0.23887777611129324,0.9753442659338533,-0.1580789793684707
40.0,7.08,-0.05931679502629026,-0.23517005617834047,-0.024190587651831384,-0.1526874460146594,0.9400496276933175,-0.23973200136015596,0.9751468093924265,-0.15869477067002896
40.0,7.1,-0.05977142540707562,-0.23601447457133093,-0.02438402601312492,-0.15328691451518592,0.9395910432059098,-0.24058792898118284,0.9749478354129849,-0.15931228282610904
40.0,7.12,-0.06022909564883492,-0.23686064021881523,-0.02457892085226553,-0.15388826326126487,0.9391294256710071,-0.2414455469852137,0.9747473354573717,-0.15993153117484807
40.0,7.14,-0.06068981374998186,-0.23770852053236713,-0.024775281113473987,-0.15449149521625855,0.9386647429078514,-0.24230489161373514,0.9745453037412716,-0.16055252798542907
40.0,7.16,-0.0611536016104796,-0.2385581373812783,-0.024973123902651686,-0.15509661201894004,0.9381969806524619,-0.2431659336988056,0.9743417338737634,-0.16117528889951885
40.0,7.18,-0.06162047428260532,-0.23940948538116696,-0.025172469572404106,-0.15570365154055918,0.9377261130421282,-0.2440286933953815,0.9741366149249155,-0.1617998287819335
40.0,7.2,-0.06209048878587966,-0.24026254822887555,-0.025373324567006136,-0.15631259906453024,0.9372521173259677,-0.24489317406609495,0.9739299409674549,-0.16242615980224318
40.0,7.22,-0.06256363300983285,-0.2411173865666968,-0.025575712126106955,-0.15692347392462305,0.9367749610753429,-0.24575941136603485,0.973721702097109,-0.16305429693626625
40.0,7.24,-0.06303992243646764,-0.2419739953531275,-0.025779644799570473,-0.15753629746231584,0.9362946300181447,-0.24662737567248158,0.9735118875236465,-0.1636842532308625
40.0,7.26,-0.06351940765422733,-0.24283233042244218,-0.0259851405662834,-0.15815107171696305,0.9358110959471243,-0.24749708601779638,0.9733004889124366,-0.16431604735337824
40.0,7.28,-0.0640021266083681,-0.24369247018949514,-0.026192212038731278,-0.15876779958311824,0.9353243349117468,-0.24836854494529992,0.9730874931288718,-0.16494969188723885
40.0,7.3,-0.06448808082949567,-0.244554353396686,-0.02640087495932658,-0.15938650227438986,0.934834319670584,-0.2492417714694897,0.9728728925944448,-0.1655852003191914
40.0,7.32,-0.06497730884437411,-0.24541805918169735,-0.02661115084350825,-0.16000720032981647,0.9343410261918522,-0.2501167678466512,0.9726566732119047,-0.16622259023632877
40.0,7.34,-0.06546981221081136,-0.24628352601953304,-0.02682304689692774,-0.16062987893301975,0.9338444282770642,-0.2509935356214736,0.9724388239388425,-0.16686187446305256
40.0,7.36,-0.06596562245292584,-0.247150805320583,-0.027036588059187208,-0.16125457724445763,0.9333445029399708,-0.25187207706600917,0.9722193331013324,-0.16750306917220156
40.0,7.38,-0.06646479957801915,-0.24801988050074225,-0.027251781760760006,-0.16188128045499683,0.9328412172797642,-0.25275242659234776,0.9719981878503954,-0.16814619029429514
40.0,7.4,-0.06696731736640768,-0.24889075791710086,-0.027468650545263935,-0.16251002862130184,0.9323345538175889,-0.2536345527324526,0.9717753741630163,-0.16879125351336086
40.0,7.42,-0.0674732517553212,-0.2497634781494699,-0.027687207734882546,-0.1631408059872189,0.9318244840066959,-0.2545184733199544,0.9715508807902546,-0.16943827145659182
40.0,7.44,-0.06798256100922083,-0.25063799044986307,-0.027907470261219716,-0.163773634657556,0.9313109726222468,-0.25540422168116717,0.9713246921900507,-0.1700872612025596
40.0,7.46,-0.06849537348050333,-0.2515143524537304,-0.028129452387340877,-0.16440853748873346,0.9307940032704809,-0.25629176623642036,0.9710967952959775,-0.17073823846690886
40.0,7.48,-0.06901165557098769,-0.25239254210622586,-0.02835317064850689,-0.1650454981275815,0.9302735417158011,-0.2571811402793545,0.9708671758676564,-0.17139121871382362
40.0,7.5,-0.06953143309766734,-0.2532725834026423,-0.02857864286283966,-0.16568455858717196,0.9297495625961091,-0.25807234443122895,0.9706358202934992,-0.17204620698728038
40.0,7.52,-0.07005472410297559,-0.2541544713954892,-0.028805882971416622,-0.16632570300244212,0.929222038399341,-0.258965378570569,0.9704027117436925,-0.17270323916357125
40.0,7.54,-0.07058159931997793,-0.25503821809324323,-0.02903490581652487,-0.16696895462602498,0.9286909381422785,-0.2598602589282275,0.970167834161609,-0.17336232673927732
40.0,7.56,-0.07111207754196558,-0.25592381840081885,-0.029265732256656105,-0.16761433597047815,0.9281562398744593,-0.2607569691466109,0.9699311767164397,-0.17402346462103405
40.0,7.58,-0.07164614104492004,-0.25681130920302153,-0.029498374138790206,-0.16826185145738282,0.9276179090694765,-0.26165554162327603,0.9696927183135692,-0.17468669824742225
40.0,7.6,-0.07218389840883621,-0.25770066061351443,-0.029732849268474484,-0.16891150445677547,0.9270759159626998,-0.26255597495992206,0.9694524469009215,-0.17535202220312396
40.0,7.62,-0.07272527898330412,-0.25859189267453503,-0.029969173136395817,-0.16956331885958753,0.9265302315269527,-0.2634582852775488,0.9692103462384957,-0.1760194477421515
40.0,7.64,-0.07327040052135644,-0.25948500481572434,-0.03020735546458709,-0.17021731989777697,0.9259808294936993,-0.26436245436136935,0.9689663949888858,-0.17668902008100135
40.0,7.66,-0.07381924599987243,-0.26038003467572673,-0.030447446241922912,-0.1708734650741085,0.9254276807965124,-0.2652684979963883,0.9687205829411207,-0.1773607165065016
40.0,7.68,-0.07437182656321262,-0.2612769474547952,-0.030689408873245127,-0.1715318285086423,0.9248707499082527,-0.2661764299397629,0.9684728886180913,-0.17803458209147693
40.0,7.7,-0.07492822480008308,-0.2621757853230702,-0.030933285720830206,-0.1721924098867895,0.9243100055021725,-0.2670862649627793,0.9682232944101736,-0.17871062760226702
40.0,7.72,-0.07548850712236448,-0.2630765302205862,-0.031179116086717355,-0.1728551888119786,0.9237454234132959,-0.26799798477409725,0.9679717837769988,-0.17938886394178924
40.0,7.74,-0.07605259366443164,-0.2639791730278447,-0.03142685969187786,-0.17352022078329016,0.9231769690940214,-0.2689116028663412,0.9677183381030909,-0.18006931904273263
40.0,7.76,-0.07662056826197505,-0.2648837562712205,-0.031676589938157355,-0.17418750002465386,0.9226046100640237,-0.2698271331376043,0.967462941645524,-0.18075198635999254
40.0,7.78,-0.0771924606964636,-0.2657903056914898,-0.03192829335203996,-0.17485705724845912,0.9220283116580003,-0.27074458865349554,0.9672055745583714,-0.18143689347098818
40.0,7.8,-0.07776832077180304,-0.2666987416644058,-0.03218201004265397,-0.17552887198965456,0.9214480449567496,-0.27166396649088875,0.9669462169009593,-0.18212406786587274
40.0,7.82,-0.078348196860058,-0.2676091509498265,-0.03243772650778251,-0.1762029751794636,0.9208637789266441,-0.2725852629231277,0.9666848527928761,-0.18281350278198652
40.0,7.84,-0.07893204590598273,-0.26852148066819603,-0.032695494472949595,-0.1768794071777963,0.9202754788320976,-0.2735084904148976,0.9664214578612677,-0.18350524221090433
40.0,7.86,-0.07952001060323363,-0.2694357908720164,-0.03295532028440379,-0.17755813276112115,0.9196831098832713,-0.274433661207361,0.9661560183472463,-0.1841992796570212
40.0,7.88,-0.08011200095451756,-0.27035204225600895,-0.03321719813933926,-0.17823922446919346,0.919086642042557,-0.2753607712753291,0.9658885074754512,-0.1848956585063776
40.0,7.9,-0.08070815176307514,-0.27127026397731874,-0.03348116923654443,-0.17892266187300931,0.9184860335248011,-0.2762898478335597,0.9656189146209637,-0.1855943552532005
40.0,7.92,-0.08130843850125291,-0.27219046500256316,-0.03374724774785954,-0.17960845060378577,0.9178812590617504,-0.2772208703958476,0.9653472107282701,-0.18629543016940614
40.0,7.94,-0.08191294084419555,-0.27311265746513597,-0.034015459674128654,-0.1802966585544884,0.917272281641918,-0.2781538497088097,0.9650733784929906,-0.18699887579905738
40.0,7.96,-0.0825216248139516,-0.2740368191033546,-0.03428581173404332,-0.18098725037672897,0.9166590642084469,-0.2790887962789755,0.9647973973952072,-0.18770471894659482
40.0,7.98,-0.0831346187009853,-0.27496294733459603,-0.03455832241700107,-0.18168025282785866,0.9160415707144288,-0.28002572069334586,0.9645192456636044,-0.18841296861964277
40.0,8.0,-0.08375185984708822,-0.2758910975081735,-0.03483304225254853,-0.18237568689624606,0.9154197640121922,-0.28096463297600954,0.9642389059235507,-0.18912363460712817
40.0,8.02,-0.08437347792580857,-0.2768212672539321,-0.03510992661284205,-0.18307359207350285,0.914793615697927,-0.2819055106485726,0.9639563485758739,-0.18983675917634985
40.0,8.04,-0.08499942949669216,-0.27775340222763706,-0.03538908640888292,-0.18377395651368872,0.9141630777132584,-0.2828483948894879,0.9636715549683348,-0.19055235169949675
40.0,8.06,-0.08562980669333449,-0.27868754600374207,-0.0356704450330373,-0.184476826371054,0.9135281226936616,-0.2837932630861951,0.9633845075203854,-0.19127040421168115
40.0,8.08,-0.08626464423673226,-0.2796237253289388,-0.035954114408473785,-0.18518218973727482,0.9128887113244858,-0.2847401236743374,0.963095175252539,-0.1919909759151844
40.0,8.1,-0.08690395722439674,-0.2805619026674794,-0.03624004580993089,-0.1858900657285946,0.9122447992709589,-0.28568900075026826,0.9628035404423447,-0.1927140586445701
40.0,8.12,-0.08754778071154008,-0.28150210475664805,-0.036528295732008845,-0.18660049769444811,0.91159635420355,-0.28663988694145753,0.9625095786193801,-0.19343967776109025
40.0,8.14,-0.08819615014440264,-0.2824443586530822,-0.03681887611774215,-0.18731347116347438,0.9109433356551798,-0.2875927895700432,0.9622132674974047,-0.19416784149569496
40.0,8.16,-0.08884914059700488,-0.283388643600767,-0.037111811691816425,-0.18802903627357972,0.9102857081666375,-0.28854769979947087,0.961914582451035,-0.19489857499562807
40.0,8.18,-0.08950677827695633,-0.28433495389285174,-0.03740711893505829,-0.1887472003572456,0.9096234262126482,-0.289504640318057,0.9616134976502608,-0.19563190306778325
40.0,8.2,-0.09016903970143235,-0.28528329944052694,-0.037704847497947565,-0.18946796416327724,0.9089564513374471,-0.29046361829735345,0.9613099917024952,-0.19636783384738793
40.0,8.22,-0.0908360716124052,-0.2862337088463049,-0.038004985623950084,-0.1901913633905398,0.9082847449116649,-0.2914246231103801,0.9610040340751762,-0.19710640846497593
40.0,8.24,-0.09150784082318701,-0.2871861592583216,-0.03830758793683457,-0.19091742090553915,0.9076082684797394,-0.2923876614086942,0.960695605553539,-0.19784761783005408
40.0,8.26,-0.09218442447198773,-0.2881406287278657,-0.038612638471580106,-0.19164615110965336,0.9069269732162812,-0.2933527537120893,0.9603846788909589,-0.1985914860671447
40.0,8.28,-0.09286582093823129,-0.289097193691852,-0.03892022607168353,-0.19237757038561362,0.9062408225763774,-0.2943198892401582,0.9600712289551396,-0.19933803763205074
40.0,8.3,-0.09355210837798639,-0.2900558323773987,-0.03923030152191527,-0.19311170017561097,0.9055497749112871,-0.29528907277562394,0.9597552271992787,-0.2000872961673596
40.0,8.32,-0.09424331493705566,-0.2910165388563774,-0.03954292074503873,-0.1938485639668501,0.904853786472427,-0.29626030812752346,0.9594366471900725,-0.20083928564430192
40.0,8.34,-0.09493951983448623,-0.29197929050311533,-0.0398581358468015,-0.19458816296479997,0.9041528145434595,-0.2972335991445078,0.9591154661194936,-0.20159399573014003
40.0,8.36,-0.09564070081941461,-0.2929440974587486,-0.04017597472606178,-0.1953305501410056,0.9034468153572888,-0.2982089490316455,0.9587916514789087,-0.20235148386545254
40.0,8.38,-0.09634695986047796,-0.29391100426658534,-0.04049638326566386,-0.19607572556342995,0.9027357409582776,-0.29918637678726384,0.9584651767738018,-0.20311175619782024
40.0,8.4,-0.09705832655657617,-0.29488000477621845,-0.0408194921383964,-0.1968237217653083,0.9020195506767064,-0.3001658685319618,0.9581360165703067,-0.2038748189896502
40.0,8.42,-0.09777481937254236,-0.2958510586417003,-0.04114528186191036,-0.1975745317772427,0.9012981954777456,-0.3011474422705225,0.9578041440245111,-0.20464069557401943
40.0,8.44,-0.09849649058313135,-0.29682422745276593,-0.041473776570637014,-0.19832818693860785,0.9005716336919237,-0.3021310831641195,0.9574695241976878,-0.2054094249144305
40.0,8.46,-0.09922341095713118,-0.29779945338508573,-0.04180500067715586,-0.19908471893597493,0.8998398172911831,-0.30311680890140186,0.9571321350020936,-0.2061809961600241
40.0,8.48,-0.09995558196569344,-0.2987768156014539,-0.042138978876080806,-0.1998441598060688,0.8991026972730816,-0.3041046190131792,0.9567919399115363,-0.2069554651591791
40.0,8.5,-0.1006931273745137,-0.29975623828192,-0.0424757662702429,-0.20060651142966937,0.898360234116628,-0.30509449841242564,0.9564489130700314,-0.20773283748698546
40.0,8.52,-0.10143602982392987,-0.300737742102287,-0.042815388413635094,-0.2013718061107052,0.8976123702840876,-0.3060864780308223,0.9561030252747273,-0.2085131178745547
40.0,8.54,-0.10218433592696739,-0.3017213651475332,-0.04315786618670867,-0.2021400532351056,0.8968590578017421,-0.3070805566966017,0.9557542443787369,-0.20929634524331714
40.0,8.56,-0.10293813030401479,-0.30270708267430274,-0.04350322061020012,-0.20291126219091285,0.8961002530621802,-0.30807671689691835,0.9554025373464049,-0.21008254070091956
40.0,8.58,-0.10369744778336697,-0.30369489435438995,-0.04385151849298301,-0.20368548161469352,0.8953359048576888,-0.3090749731394631,0.9550478732462783,-0.2108717256773554
40.0,8.6,-0.10446232821208282,-0.3046848138286797,-0.044202746103001234,-0.20446272896541345,0.8945659611609945,-0.3100753217816917,0.9546902236435966,-0.2116639045388652
40.0,8.62,-0.10523286029318045,-0.3056768224141861,-0.04455693026503183,-0.205243037804188,0.8937903697014189,-0.31107777619930904,0.9543295526458385,-0.21245911482639737
40.0,8.64,-0.10600903024926359,-0.30667094841881143,-0.04491416486203505,-0.20602640266000471,0.8930090805257166,-0.31208233269824315,0.9539658279297939,-0.21325737724145746
40.0,8.66,-0.1067909288687574,-0.30766717640227825,-0.04527443673894071,-0.2068128412710141,0.892222040636596,-0.31308898613479264,0.9535990159767982,-0.2140587120729009
40.0,8.68,-0.1075785940176255,-0.30866550913154295,-0.045637815323128356,-0.2076024035004208,0.8914291967368484,-0.31409774834708054,0.953229086922119,-0.21486312280098746
40.0,8.7,-0.10837206631441164,-0.3096659564782208,-0.04600428245597007,-0.2083950837696359,0.890630500340398,-0.3151085974880189,0.9528560006655726,-0.21567066289838704
40.0,8.72,-0.10917143716190984,-0.3106684985957003,-0.04637387194528374,-0.20919094055301926,0.8898258906362494,-0.31612155941875697,0.9524797260375855,-0.21648133524398416
40.0,8.74,-0.10997674829084506,-0.31167314496133064,-0.04674668063886675,-0.20998996839509843,0.8890153126706692,-0.31713662665104914,0.9521002242449926,-0.2172951757967551
40.0,8.76,-0.11078803922209324,-0.31267989791132117,-0.04712270172484617,-0.21079221026500797,0.8881987090718474,-0.31815380789222003,0.9517174650516399,-0.21811218733638962
40.0,8.78,-0.11160540449503327,-0.3136887402683242,-0.04750195963892747,-0.2115976771165519,0.8873760305314509,-0.31917307932070305,0.9513314121695461,-0.21893238858839556
40.0,8.8,-0.11242883236443402,-0.31469970073577824,-0.04788451606206016,-0.21240637155198586,0.8865472187488735,-0.3201944484453143,0.9509420226408735,-0.21975583153546255
40.0,8.82,-0.11325836192093659,-0.3157127779749457,-0.0482704073175645,-0.21321835342973325,0.8857122113403983,-0.3212179208336833,0.9505492648463775,-0.22058251814672364
40.0,8.84,-0.11409414567993098,-0.3167279380296886,-0.04865965906199208,-0.2140336340775351,0.8848709479732715,-0.3222435023109701,0.9501530983056259,-0.2214124831399714
40.0,8.86,-0.11493622565783079,-0.31774518223886516,-0.04905234028290278,-0.21485224100322264,0.884023377571719,-0.3232711666209774,0.9497534851710714,-0.22224574417681175
40.0,8.88,-0.11578459118850011,-0.31876453943710165,-0.049448434239766,-0.2156741694216447,0.8831694322419404,-0.32430093337740434,0.9493503875021746,-0.22308231871656303
40.0,8.9,-0.11663933885791627,-0.31978598733660124,-0.04984802215353697,-0.21649949675128785,0.8823090543801921,-0.3253327904665005,0.9489437655422153,-0.22392224109201117
40.0,8.92,-0.11750051157772042,-0.32080952715486366,-0.05025111971137829,-0.21732818494452452,0.881442177742443,-0.32636673958819623,0.9485335839484496,-0.22476551152231006
40.0,8.94,-0.11836821144990493,-0.3218351468052669,-0.05065777158758067,-0.2181603207774337,0.8805687458972803,-0.327402768060189,0.948119791594978,-0.22561219623406667
40.0,8.96,-0.11924242622485105,-0.322862867818129,-0.05106803792464011,-0.21899588241777831,0.8796886927323427,-0.3284408765965916,0.9477023579403333,-0.22646227871011618
40.0,8.98,-0.12012331144285868,-0.32389264564890335,-0.05148191458343716,-0.2198349159557292,0.8788019511729603,-0.3294810650039133,0.9472812394752583,-0.22731579161610693
40.0,9.0,-0.12101080168593016,-0.3249245301115463,-0.051899506808721595,-0.22067741558158213,0.8779084609806626,-0.33052331760977327,0.946856387466742,-0.2281727836319771
40.0,9.02,-0.12190511072552142,-0.3259584546492387,-0.052320817293197625,-0.22152345330742765,0.8770081590167271,-0.3315676171232424,0.9464277660536285,-0.22903325386099913
40.0,9.04,-0.12280622789797863,-0.3269944402087418,-0.05274591422319815,-0.22237303260840183,0.876100965880463,-0.33261399201827585,0.9459953291395461,-0.22989723370401258
40.0,9.06,-0.12371414498010243,-0.3280325158399812,-0.053174788680631344,-0.22322617522883959,0.8751868243827748,-0.33366240860505714,0.9455590326568931,-0.23076475482819478
40.0,9.08,-0.12462907885528077,-0.3290726128759159,-0.053607554876526145,-0.2240829009473713,0.8742656707117832,-0.3347128476330865,0.9451188331636089,-0.23163583134523744
40.0,9.1,-0.12555096078606448,-0.3301147701625484,-0.05404421086794535,-0.22494325763260267,0.873337420619375,-0.33576533391459823,0.9446746852485,-0.23251049414584288
40.0,9.12,-0.12647990008031046,-0.3311589767248811,-0.05448478768524173,-0.22580725835185905,0.8724020222207419,-0.3368198165749768,0.9442265452481817,-0.23338875683378513
40.0,9.14,-0.1274159984289435,-0.33220519804845033,-0.05492940204336011,-0.22667492310105813,0.8714593904488559,-0.337876318851005,0.9437743612355348,-0.23427066570749358
40.0,9.16,-0.12835930768087728,-0.33325344031081683,-0.05537800708538982,-0.22754628411994166,0.8705094648703086,-0.3389348028634523,0.9433180840921576,-0.23515625001519966
40.0,9.18,-0.1293098172939502,-0.334303720707901,-0.05583076074563936,-0.22842135185525622,0.8695521675142731,-0.33999527579497524,0.9428576760494348,-0.23604550661712942
40.0,9.2,-0.13026769487709625,-0.335355996467536,-0.05628762315127038,-0.22930018532813015,0.868587434314879,-0.3410576971070488,0.9423930803945787,-0.23693847986296426
40.0,9.22,-0.13123298944315215,-0.33641026148483794,-0.056748667659868704,-0.2301827883907398,0.8676151865815324,-0.3421220723781229,0.9419242539367272,-0.2378351822500139
40.0,9.24,-0.1322057503061369,-0.33746650949284596,-0.05721393476296615,-0.2310692011647621,0.8666353606604366,-0.343188359939368,0.9414511365611471,-0.238735674210911
40.0,9.26,-0.13318603168327928,-0.33852474575265623,-0.05768354640060922,-0.23195944404713215,0.8656478701631809,-0.34425657845341,0.9409736898805462,-0.23963993396002148
40.0,9.28,-0.1341739413231867,-0.3395849364493157,-0.05815745029382793,-0.23285352417240046,0.8646526568504909,-0.3453266695594691,0.940491853477963,-0.24054802129679878
40.0,9.3,-0.1351695316370379,-0.340647078291127,-0.05863573561477718,-0.2337514989580036,0.8636496396865772,-0.3463986351498925,0.9400055761778547,-0.24145996309981388
40.0,9.32,-0.13617291660195519,-0.3417111480244451,-0.059118486075551674,-0.23465339930052403,0.8626387498587452,-0.3474724462879243,0.9395148087264517,-0.24237576897304983
40.0,9.34,-0.1371840853777168,-0.3427771537081476,-0.05960573169165975,-0.2355592123381102,0.8616199178113974,-0.3485480730548222,0.9390194975471529,-0.24329546461314727
40.0,9.36,-0.13820315458465643,-0.34384507537468995,-0.060097523302667995,-0.23646900646152658,0.860593061053294,-0.34962551458116614,0.9385195793176658,-0.24421910786198317
40.0,9.38,-0.13923023563878667,-0.3449148764182251,-0.060593939976789475,-0.23738278566256077,0.8595581246650192,-0.3507047104595078,0.9380150086425971,-0.245146690945323
40.0,9.4,-0.14026532343864784,-0.3459865761938693,-0.06109497854154781,-0.2383005749084281,0.858515027603032,-0.35178565896773467,0.9375057261515858,-0.246078254621834
40.0,9.42,-0.14130859260255127,-0.34706011664321246,-0.06160077492921507,-0.23922242234159025,0.8574637022540087,-0.3528683281151044,0.9369916701136397,-0.24701383869582855
40.0,9.44,-0.14235997653439755,-0.34813553742530234,-0.062111334248590805,-0.2401483811149968,0.8564040812821081,-0.353952685314418,0.9364727894103666,-0.24795345045454104
40.0,9.46,-0.14341971386520058,-0.34921275832165544,-0.06262672404143885,-0.24107840003519468,0.8553360943925338,-0.3550387135339907,0.9359490209301493,-0.24889712867435382
40.0,9.48,-0.14448779965446823,-0.350291793559554,-0.06314700645836113,-0.24201257701875106,0.8542596809697456,-0.35612636403084846,0.9354203068023638,-0.24984489568114612
40.0,9.5,-0.14556428819835554,-0.3513726284322711,-0.06367226511159853,-0.24295091624031181,0.8531747659946315,-0.357215633849554,0.9348865890234725,-0.2507967734254643
40.0,9.52,-0.14664929897599355,-0.35245523047517996,-0.06420254943300178,-0.24389346078350874,0.8520812933379475,-0.35830647468011595,0.934347798518117,-0.25175281551361145
40.0,9.54,-0.14774288921132292,-0.35353958799440793,-0.06473789453895469,-0.24484019777952132,0.8509791956678234,-0.3593988678167185,0.9338038747710178,-0.25271304248759113
40.0,9.56,-0.14884511647546994,-0.3546256890528549,-0.06527836570937037,-0.24579122710246812,0.8498684131339415,-0.3604927794701698,0.9332547615668373,-0.25367745820321563
40.0,9.58,-0.14995610077254926,-0.3557134952949177,-0.06582408514546828,-0.2467465133240934,0.8487488745295383,-0.36158820530833896,0.9327003827055597,-0.2546461306812613
40.0,9.6,-0.15107596147933472,-0.3568029632261313,-0.06637501884978801,-0.24770612317336493,0.8476205277736454,-0.36268509587675407,0.9321406861158452,-0.25561904665429824
40.0,9.62,-0.15220469586133045,-0.3578941055020453,-0.06693134140645397,-0.24867003754027867,0.8464832986829951,-0.3637834615648089,0.9315755930538059,-0.25659627263529583
40.0,9.64,-0.153342363434602,-0.35898690853487863,-0.06749302748683567,-0.2496383525096596,0.8453371439972011,-0.36488323775832304,0.9310050456532435,-0.25757781047740846
40.0,9.66,-0.15448914976610223,-0.3600813045417838,-0.06806021843593511,-0.2506110894592805,0.8441819899381834,-0.3659844335105745,0.9304289681706027,-0.25856370917408056
40.0,9.68,-0.1556450532020082,-0.3611773053501017,-0.06863294608796555,-0.2515882064681403,0.8430177691992927,-0.3670870423383653,0.9298472958141517,-0.25955398532878926
40.0,9.7,-0.15681019634102428,-0.36227486439866347,-0.06921128995711458,-0.2525698351592823,0.8418444265035427,-0.36819102720064345,0.9292599569886528,-0.2605486707182698
40.0,9.72,-0.15798457783928493,-0.36337399329847436,-0.06979532707288363,-0.2535559216118214,0.8406619014079876,-0.3692963655604826,0.9286668788500045,-0.26154779631729674
40.0,9.74,-0.15916845040564945,-0.3644745930652535,-0.07038512301740579,-0.2545465400706335,0.8394701123772677,-0.3704030773090331,0.9280679894460074,-0.26255139289152074
40.0,9.76,-0.16036168659653785,-0.3655767298509631,-0.07098072799503358,-0.25554170682507954,0.8382689918287265,-0.371511152565009,0.9274632155777873,-0.26355949039035853
40.0,9.78,-0.16156454102082815,-0.366680302808337,-0.07158224565521498,-0.25654145517972843,0.8370584805420942,-0.3726205493097633,0.9268524760519365,-0.2645721335025401
40.0,9.8,-0.16277701421371718,-0.36778532188835755,-0.07218973611047708,-0.25754583104869866,0.8358384954931284,-0.3737312841036286,0.926235705476419,-0.26558931844395933
40.0,9.82,-0.1639991688147704,-0.36889176468872503,-0.07280329694525743,-0.2585548383038798,0.8346089544822353,-0.3748433553816467,0.9256128176856018,-0.26661110498221147
40.0,9.84,-0.16523113807254086,-0.36999959236715757,-0.07342299850728923,-0.25956855293552983,0.8333697829962688,-0.3759567465443989,0.9249837344833869,-0.2676375196450581
40.0,9.86,-0.16647298790356643,-0.3711087854924462,-0.07404888660635017,-0.26058696182852453,0.8321208888137724,-0.37707146703129246,0.924348383265336,-0.26866857256826115
40.0,9.88,-0.1677247846123696,-0.37221932428514404,-0.0746811157497096,-0.26161008553074017,0.8308621901688861,-0.378187494929003,0.9237066729601748,-0.26970432048526594
40.0,9.9,-0.1689866600520968,-0.37333115911969367,-0.07531970512998161,-0.26263798356881807,0.8295935980251908,-0.3793048214754436,0.9230585248400494,-0.27074478815794367
40.0,9.92,-0.1702586858126089,-0.3744442774636061,-0.07596472877210445,-0.2636707334408043,0.8283150055392473,-0.3804234636411083,0.9224038615759614,-0.2717899827212578
40.0,9.94,-0.17154093202242957,-0.37555866219179557,-0.07661631891331014,-0.26470826490921945,0.8270263221582826,-0.3815433921322301,0.9217425856545962,-0.27283997478147265
40.0,9.96,-0.17283346926856494,-0.3766742958548767,-0.07727456086621379,-0.26575068577011235,0.8257274357806165,-0.38266461904517,0.9210746230999846,-0.2738947538043135
40.0,9.98,-0.17413643453674338,-0.3777911302823266,-0.07793951445572468,-0.26679801305527806,0.8244182584256502,-0.3837870963415382,0.9203998748866784,-0.2749543887222203
40.0,10.0,-0.17544990194604584,-0.3789091510378624,-0.07861128678662253,-0.2678502500217153,0.8230986661964659,-0.38491084557033933,0.9197182598394961,-0.27601888315695544
40.0,10.02,-0.17677394411085795,-0.3800283390131095,-0.07928994843272033,-0.26890744419364043,0.8217685498849928,-0.3860358411904438,0.9190296859934038,-0.27708827188339974
40.0,10.04,-0.17810870679373855,-0.3811486568253762,-0.07997562715491062,-0.2699696606410362,0.8204278007187311,-0.387162056501511,0.9183340563249484,-0.278162604987995
40.0,10.05,-0.17878008873084575,-0.3817092500876264,-0.08032110025815765,-0.27050264162818627,0.819753401867019,-0.38772561908212905,0.917983567541188,-0.2787016309084817
40.0,10.06,-0.1794542622199826,-0.38227007966651094,-0.08066837748499578,-0.2710368853342464,0.8190763007663968,-0.3882894765908019,0.9176312801109976,-0.2792418987870549
40.0,10.08,-0.18081068928093927,-0.3833925955452321,-0.08136832043448317,-0.2721091521353861,0.8177139277884676,-0.3894180830186936,0.9169212637310654,-0.28032618554534994
40.0,10.1,-0.1821780674800093,-0.38451619219543537,-0.08207554043602881,-0.27318654061110964,0.8163405726808745,-0.39054782707947455,0.9162039080943938,-0.2814154951594146
40.0,10.12,-0.18355661155256403,-0.3856407929981727,-0.08279009457497347,-0.2742690365145573,0.8149560968002563,-0.3916787144669614,0.9154791170942269,-0.28250985771890724
40.0,10.14,-0.18494633166055646,-0.3867664070418902,-0.08351216517024206,-0.2753566909745143,0.8135603883265667,-0.39281069207204633,0.9147467873815924,-0.2836093178488208
40.0,10.16,-0.18634731396405785,-0.38789302931605435,-0.08424183114514035,-0.2764495526026463,0.8121533264320171,-0.39394371842038695,0.9140068221345939,-0.2847138864376719
40.0,10.18,-0.18775977253573378,-0.38902057115230787,-0.08497915282610335,-0.27754760651348565,0.8107347733923599,-0.39507777721849324,0.9132591105291398,-0.28582362175099485
40.0,10.2,-0.1891837938822404,-0.39014902099194165,-0.08572422044597104,-0.2786509334614552,0.8093046146032639,-0.3962128091821396,0.912503554342559,-0.286938532683192
40.0,10.22,-0.1906193947402569,-0.3912783957522014,-0.08647725214214538,-0.27975950542422223,0.8078627176906887,-0.3973487797122917,0.9117400431184595,-0.2880586584961363
40.0,10.24,-0.19206679717845476,-0.39240861244869846,-0.08723824402178625,-0.2808734334915511,0.8064089499935891,-0.3984856522892814,0.9109684733196874,-0.2891840222963178
40.0,10.26,-0.1935260859071201,-0.39353964874271957,-0.08800730927209767,-0.28199268725465976,0.8049431864902769,-0.3996233748678331,0.9101887269319655,-0.29031467675605666
40.0,10.28,-0.19499741961157627,-0.3946714569276674,-0.08878465249347585,-0.28311735002361643,0.8034652992199159,-0.4007618921740095,0.9094006998615847,-0.291450625585911
40.0,10.3,-0.196480884906242,-0.39580401311619545,-0.08957028124882298,-0.2842473887247991,0.8019751530894952,-0.401901161056832,0.9086042726463083,-0.2925919192086777
40.0,10.32,-0.19797664057755457,-0.3969372629905626,-0.09036440374727547,-0.2853828866271371,0.8004726217129844,-0.4030411233295667,0.9077993337030453,-0.29373857464248826
40.0,10.34,-0.19948477511887078,-0.39807118101288347,-0.09116710011130702,-0.2865238601831487,0.798957567892867,-0.4041817309960153,0.9069857610413833,-0.29489063961416806
40.0,10.36,-0.20100537996321102,-0.3992057457686787,-0.09197846180326236,-0.287670358820544,0.7974298693961063,-0.40532290665715526,0.9061634375174683,-0.29604812743821524
40.0,10.38,-0.2025386846581684,-0.40034086010804387,-0.09279862114527437,-0.2888223829009566,0.7958893818695209,-0.4064646122893113,0.9053322396947425,-0.2972110833977648
40.0,10.4,-0.2040848509024665,-0.4014764598559379,-0.0936277335957402,-0.2899799988288838,0.7943359768924767,-0.40760678090863084,0.9044920438766852,-0.29837953416238333
40.0,10.42,-0.20564390129209514,-0.4026125510124673,-0.09446587353763994,-0.2911431892627407,0.7927695215304875,-0.40874934121852863,0.9036427251696669,-0.29955350496475003
40.0,10.44,-0.20721599682678649,-0.40374906315433096,-0.09531321068237104,-0.29231205413331146,0.791189870478562,-0.4098922484846806,0.9027841585316131,-0.3007330199265533
40.0,10.46,-0.20880137535307083,-0.4048858970449593,-0.09616987326468035,-0.29348655906307586,0.7895969089177108,-0.41103540157071616,0.9019162051225794,-0.30191813248479304
40.0,10.48,-0.2104000547532655,-0.4060230421795236,-0.09703596169880437,-0.294666753131658,0.7879904754807332,-0.4121787606282799,0.9010387416801722,-0.3031088476206703
40.0,10.5,-0.21201227550846427,-0.4071603961712332,-0.0979116809211182,-0.2958526515880863,0.786370455820858,-0.41332225553934887,0.9001516311714007,-0.3043051995763377
40.0,10.52,-0.2136380568054688,-0.40829794688809584,-0.0987970427987347,-0.2970443719653826,0.7847366914134807,-0.4144657908550882,0.8992547300075099,-0.30550723667351165
40.0,10.54,-0.21527771323563658,-0.40943555112652635,-0.09969233712398214,-0.2982418265205591,0.7830890466839644,-0.4156093158598108,0.898347905042587,-0.30671497452680613
40.0,10.56,-0.2169312658983624,-0.41057319419511906,-0.10059757869578927,-0.2994451329996611,0.78142739983997,-0.41675273235607535,0.8974310178748477,-0.3079284257391457
40.0,10.58,-0.21859888177865294,-0.41171079017561735,-0.1015129700803004,-0.30065427465344446,0.7797515995277248,-0.41789597668269995,0.8965039159177979,-0.30914764928401883
40.0,10.6,-0.22028073171803467,-0.4128482559612532,-0.10243867680110531,-0.3018692893768842,0.7780614865951822,-0.4190389784646271,0.8955664573607083,-0.31037265397399016
40.0,10.62,-0.22197698284663542,-0.41398549698974324,-0.10337475376475842,-0.30309022997920004,0.776356943031581,-0.4201816343998507,0.8946184959480767,-0.3116034632612634
40.0,10.64,-0.22368773881284595,-0.4151224700151331,-0.1043214735162832,-0.3043170911863651,0.7746378033842904,-0.4213238656978342,0.8936598702698123,-0.31284012894177293
40.0,10.66,-0.22541316362896624,-0.41625906775190147,-0.1052789477723021,-0.30554990707934226,0.7729039465668294,-0.4224655975143534,0.8926904350936882,-0.3140826544841067
40.0,10.68,-0.22715343285401637,-0.41739519991419144,-0.10624729442722775,-0.3067887259127174,0.7711552082890005,-0.42360672892432055,0.8917100321269062,-0.31533107235450436
40.0,10.7,-0.228908718180582,-0.4185307645304878,-0.10722668291580494,-0.30803356685905325,0.7693914361811311,-0.42474718024591085,0.8907184977921955,-0.31658541162757686
40.0,10.72,-0.23067904605330034,-0.41966573796178586,-0.10821728740466442,-0.3092844556193552,0.767612502984913,-0.42588684791527215,0.8897156714588261,-0.3178457008569504
40.0,10.74,-0.23246473902419446,-0.42079993938935156,-0.10921933862140915,-0.31054139833261735,0.7658182429636613,-0.4270256569380378,0.8887013917947304,-0.31911194925876857
40.0,10.76,-0.234265825288817,-0.42193334199075755,-0.11023290476995765,-0.31180445044730304,0.7640085054744209,-0.428163485204203,0.8876754852559084,-0.32038419505908144
40.0,10.78,-0.23608255149708024,-0.42306579069487005,-0.11125816646474679,-0.3130736365433487,0.7621831442649246,-0.4293002452305299,0.8866377781287101,-0.32166247470661435
40.0,10.8,-0.2379150209065272,-0.424197214723197,-0.1122953603418307,-0.31434895742783886,0.7603420058617532,-0.4304358425603428,0.8855881016942031,-0.32294678970512053
40.0,10.82,-0.23976341420992112,-0.42532750527483953,-0.11334461880099277,-0.31563045937111345,0.7584849297089439,-0.4315701756908718,0.8845262826506055,-0.3242371556566814
40.0,10.84,-0.24162790784994545,-0.42645654139569616,-0.1144061259585445,-0.3169181542670574,0.7566117721247443,-0.4327031145720688,0.8834521265575421,-0.3255336311192771
40.0,10.86,-0.24350860477995528,-0.42758424215440466,-0.11548007498094971,-0.31821207152274755,0.7547223611042239,-0.433834579964295,0.8823654662141212,-0.32683619519695584
40.0,10.88,-0.2454056887736663,-0.42871049246628457,-0.11656665500744684,-0.31951222162026915,0.7528165404347409,-0.4349644457911314,0.8812661019296788,-0.3281449006587405
40.0,10.9,-0.2473193363656247,-0.42983515996297567,-0.1176660084248211,-0.3208186531886148,0.7508941645957632,-0.4360925889244375,0.8801538490186854,-0.32945975126999416
40.0,10.92,-0.24924973086256183,-0.4309581195649436,-0.11877838780058145,-0.32213136246202234,0.7489550585482365,-0.4372189183948805,0.879028517101457,-0.33078076417053837
40.0,10.94,-0.25119697846998285,-0.4320792824877001,-0.11990399142116097,-0.3234503613143085,0.7469990634935283,-0.4383432965876725,0.8778899019173217,-0.33210796669223136
40.0,10.96,-0.25316126424033064,-0.43319851945385174,-0.12104302576735154,-0.3247756756944648,0.7450260152186764,-0.4394655967565505,0.876737814846827,-0.3334413548710913
40.0,10.98,-0.25514277147971043,-0.4343156935457045,-0.12219558072571765,-0.3261073585218988,0.7430357602850847,-0.440585694953595,0.8755720349705794,-0.33478098033083786
40.0,11.0,-0.2571417576229196,-0.4354306152179544,-0.1233620370168404,-0.32744536705998767,0.7410281149434659,-0.4417034807014555,0.8743923666827839,-0.3361268319449858
40.0,11.02,-0.2591581860577122,-0.4365432866918953,-0.12454249126175047,-0.3287897564558123,0.7390029131446005,-0.4428188151128793,0.873198596780412,-0.33747892456639844
40.0,11.04,-0.261192392006438,-0.43765346866071775,-0.12573715770918678,-0.33014054247907043,0.736960007516935,-0.4439315492127679,0.8719905111337138,-0.33883727025600113
40.0,11.06,-0.2632444865081944,-0.4387610589564762,-0.1269463113697451,-0.3314977178471351,0.7348991967107599,-0.4450415678179263,0.8707678857660265,-0.34020189226628206
40.0,11.08,-0.2653146576530218,-0.4398659076368975,-0.128170114959093,-0.3328613182344698,0.7328203383306786,-0.44614871712034987,0.8695304947450051,-0.3415728104803877
40.0,11.1,-0.2674030945734366,-0.44096786181919334,-0.12940884840518158,-0.3342313301830128,0.7307232432864622,-0.44725284607802634,0.8682781251737003,-0.34294999471402654
40.0,11.12,-0.2695099071742712,-0.4420668075824446,-0.13066273999633018,-0.33560776883281074,0.7286077505025953,-0.44835381649558936,0.8670105335236225,-0.3443334876155063
40.0,11.14,-0.27163528911623575,-0.4431625921998733,-0.13193195929484117,-0.33699066360732355,0.7264736685775869,-0.4494514848454942,0.8657274943827237,-0.34572326609184434
40.0,11.16,-0.27377950639837606,-0.44425500192019396,-0.13321679759593025,-0.33838000107422184,0.7243208247173261,-0.4505456795259225,0.8644287575163764,-0.34711936436756835
40.0,11.18,-0.27594266804306766,-0.44534390951657327,-0.13451755186300884,-0.3397757697007283,0.7221490500803668,-0.4516362620520249,0.8631140860164721,-0.34852176643220956
40.0,11.2,-0.2781248958965718,-0.4464292065659568,-0.13583434152477886,-0.3411780192072581,0.7199581695542163,-0.4527230504800078,0.8617832281779977,-0.34993048231602053
40.0,11.22,-0.28032645874179146,-0.44751066976558834,-0.13716752955484632,-0.34258671202341706,0.7177479872248577,-0.4538058801613607,0.8604359295668796,-0.35134551776069545
40.0,11.24,-0.28254754216355776,-0.4485881099598331,-0.13851730092897704,-0.3440018721447998,0.7155183352056342,-0.4548845992703585,0.8590719434057144,-0.352766843354316
40.0,11.26,-0.28478827027943265,-0.44966141012640204,-0.13988396669469913,-0.3454234822837969,0.7132690319996682,-0.455959025045584,0.8576909947866901,-0.354194484914801
40.0,11.28,-0.28704891169223906,-0.4507303306056862,-0.14126777691077322,-0.34685153560644694,0.7109998752749991,-0.4570289738842242,0.8562928236831355,-0.3556284183168798
40.0,11.3,-0.2893295820599238,-0.4517947328549553,-0.1426689931388059,-0.34828604381232325,0.7087106990505486,-0.4580942803009558,0.8548771624284147,-0.3570686302848166
40.0,11.32,-0.29163039706551586,-0.45285447642699544,-0.14408787230387035,-0.34972699723897,0.7064013160673315,-0.45915472494331755,0.8534437244699966,-0.3585151310423057
40.0,11.34,-0.2939517134541467,-0.4539092702664005,-0.14552480231892503,-0.35117434594801156,0.7040715353589367,-0.4602101508155718,0.8519922332625506,-0.3599678961346634
40.0,11.36,-0.2962936418255055,-0.4549589559485423,-0.14697992887531436,-0.35262813506559365,0.7017211775102248,-0.46126035037091495,0.8505224089869012,-0.3614268958824491
40.0,11.38,-0.2986562994071512,-0.4560033834321939,-0.14845358293243224,-0.3540883283596511,0.6993500429978936,-0.4623051148356603,0.8490339466889594,-0.36289213850516217
40.0,11.4,-0.30103996638097197,-0.4570423008181438,-0.14994616728920498,-0.3555548729780454,0.6969579445428657,-0.4633442552316739,0.8475265536464449,-0.36436359817871417
40.0,11.42,-0.30344483398759536,-0.45807548798214953,-0.15145783615912503,-0.35702780580787324,0.6945446910450992,-0.4643775566670759,0.8459999291126835,-0.36584124139927565
40.0,11.44,-0.3058710243059479,-0.45910279013584515,-0.15298899567121196,-0.3585070572149505,0.6921100958418159,-0.4654048012344238,0.8444537658062126,-0.3673250449789294
40.0,11.46,-0.30831880582542714,-0.4601239215679978,-0.15453987638269687,-0.3599926510275622,0.689653976786661,-0.4664257680251031,0.8428877494799447,-0.36881497816704845
40.0,11.48,-0.3107883013228621,-0.46113872052540367,-0.15611089037653025,-0.36148450377016855,0.6871761162784573,-0.4674402409872146,0.8413015564517823,-0.3703110189166282
40.0,11.5,-0.31327978402067636,-0.46214689774579765,-0.15770233788903076,-0.3629826035496473,0.6846763337142413,-0.46844798749895256,0.8396948646052792,-0.3718131234881525
40.0,11.52,-0.31579345455929847,-0.46314822388839477,-0.15931451776954034,-0.3644869239869514,0.6821544455167613,-0.4694487665346582,0.8380673415616565,-0.37332125616504047
40.0,11.54,-0.31832934470525504,-0.46414256595088366,-0.16094773651849326,-0.3659974449648019,0.6796102329082355,-0.47044235879653895,0.8364186492658774,-0.37483537354955626
40.0,11.56,-0.32088789464749834,-0.4651295155892733,-0.16260243119690884,-0.367514083286263,0.6770435230147512,-0.47142849951841853,0.834748447954278,-0.3763554261753153
40.0,11.58,-0.3234690550940093,-0.46610898821715124,-0.16427891440515074,-0.36903680428572494,0.6744541003802642,-0.4724069400855593,0.8330563763390013,-0.3778813844547074
40.0,11.6,-0.32607326771649003,-0.46708056423577804,-0.16597750476350068,-0.37056557515781396,0.6718417949720692,-0.473377421284942,0.831342092268028,-0.37941316917747997
40.0,11.62,-0.32870056041414386,-0.4680440902896904,-0.16769859200462045,-0.37210033570733464,0.669206370686558,-0.4743397003460766,0.8296052247224391,-0.38095073480768377
40.0,11.64,-0.33135113482296724,-0.4689993127171098,-0.16944256740608907,-0.3736410135138455,0.6665476702187197,-0.4752934772109144,0.8278454069676832,-0.38249401415608236
40.0,11.66,-0.3340252594724593,-0.4699458934950122,-0.1712098295663455,-0.3751875366001384,0.6638654689349656,-0.47623851933457106,0.8260622547900532,-0.38404296079844513
40.0,11.68,-0.33672313658750863,-0.47088356851617447,-0.17300065306166001,-0.376739893793854,0.6611595753631557,-0.4771745044635126,0.8242553971653147,-0.38559747537874733
40.0,11.7,-0.3394448666653422,-0.4718121011913966,-0.17481557198455655,-0.37829793302293274,0.6584298026436395,-0.4781011583768288,0.8224244333254753,-0.38715750819393235
40.0,11.72,-0.3421908162656629,-0.4727311000495992,-0.17665480867858596,-0.37986167572107205,0.655675930992273,-0.47901820984094484,0.8205689673881034,-0.38872296982356114
40.0,11.74,-0.34496100277191155,-0.4736403786515871,-0.17851897524172824,-0.381430929862642,0.6528977817971315,-0.47992532128904547,0.818688601806965,-0.3902937630016182
40.0,11.76,-0.34775578898386317,-0.47453952854941817,-0.18040829976842737,-0.3830057014730707,0.650095149341075,-0.48082221456057556,0.8167829181855359,-0.39186980831251866
40.0,11.78,-0.3505751947682014,-0.47542836085754664,-0.18232334435847108,-0.3845858281517728,0.6472678368627285,-0.48170857406120987,0.8148515006216791,-0.39345100238457037
40.0,11.8,-0.35341957473945573,-0.47630644434805397,-0.18426441161869989,-0.38617127320150296,0.6444156403135032,-0.4825840696928674,0.8128939194254684,-0.39503724492664444
40.0,11.82,-0.3562891135300817,-0.47717345762946606,-0.1862320087562426,-0.3877618959043871,0.6415383709704056,-0.4834483735042489,0.8109097427880163,-0.39662842651678126
40.0,11.84,-0.35918391573403713,-0.47802914231823435,-0.18822658203211026,-0.38935758205014914,0.6386358333409756,-0.4843011430704155,0.8088985216153176,-0.39822443846629624
40.0,11.86,-0.362104251842179,-0.47887311046471764,-0.19024858586004456,-0.39095821680464227,0.6357078221820714,-0.4851420714969393,0.8068598119818086,-0.3998251484094405
40.0,11.88,-0.3650502958704671,-0.47970501396565,-0.19229840782871277,-0.3925637046569116,0.632754153676123,-0.48597077043529285,0.8047931558765086,-0.40143042567045234
40.0,11.9,-0.36802223333484485,-0.4805245158704428,-0.1943766490203693,-0.39417384880880285,0.6297746191481167,-0.48678689259002167,0.8026980742846047,-0.40304015490697986
40.0,11.92,-0.37102024033550596,-0.4813312627547717,-0.1964836448620013,-0.39578858569473485,0.6267690419054135,-0.4875900872852619,0.8005741061693714,-0.4046541675510047
40.0,11.94,-0.37404458020579284,-0.4821248359355687,-0.19862000769824784,-0.3974077012180317,0.6237372026087747,-0.48837997768095687,0.7984207610575196,-0.4062723230149011
40.0,11.96,-0.37709542704351817,-0.4829048693058131,-0.20078608203939302,-0.3990311170739071,0.6206789388618238,-0.4891561676652957,0.7962375510639208,-0.4078944542083883
40.0,11.98,-0.38017295355909,-0.48367099108408773,-0.20298249382857733,-0.4006586055930749,0.6175940510714512,-0.48991827370863844,0.794023959964397,-0.4095204215704135
40.0,12.0,-0.3832773265819528,-0.4844228181775555,-0.20520973713880664,-0.4022900013333719,0.6144823412833512,-0.4906659195128551,0.7917794933115864,-0.41115001554476055
40.0,12.02,-0.38640879592253236,-0.48515989422425887,-0.20746824427414667,-0.403925173175435,0.611343635045195,-0.4913986655056506,0.7895036288933678,-0.41278305361187867
40.0,12.04,-0.38956744947725735,-0.48588190194356073,-0.20975866283248348,-0.4055638704547639,0.6081777330721194,-0.492116128106373,0.7871958383529702,-0.4144193558270948
40.0,12.06,-0.3927536142649536,-0.48658829792024255,-0.21208150456739253,-0.4072059017311533,0.6049844674334376,-0.49281786643891595,0.7848555846340823,-0.41605870798204325
40.0,12.08,-0.3959672759737457,-0.4872788046538022,-0.21443722120902958,-0.4088511151938778,0.6017636575819569,-0.4935034521717469,0.7824823134477084,-0.4177008916901581
40.0,12.1,-0.3992088475240947,-0.48795280026307525,-0.21682647744893585,-0.4104992257343072,0.5985151054331577,-0.4941724472113821,0.780075477810993,-0.4193456969542094
40.0,12.12,-0.40247839994174883,-0.48860993088638893,-0.21924980784459808,-0.41215002323028654,0.5952386493684257,-0.4948243950453527,0.777634507903141,-0.42099287056791934
40.0,12.14,-0.4057759874808835,-0.48924982180549265,-0.2217078232760068,-0.41380324631997606,0.591934124769263,-0.4954588410670928,0.7751588329331583,-0.4226421623686066
40.0,12.16,-0.4091020172324672,-0.48987182556260844,-0.2242009947600299,-0.41545869730849494,0.5886013285666155,-0.49607531981665,0.7726478471347666,-0.42429332375076567
40.0,12.18,-0.41245645279984133,-0.49047562435941194,-0.22673009509091535,-0.41711602318050733,0.585240132936704,-0.49667334454047396,0.7701009842204438,-0.4259460775906776
40.0,12.2,-0.4158396110390193,-0.4910606252342557,-0.22929553658931276,-0.41877504756554246,0.5818503485078123,-0.4972524326486566,0.7675176333817313,-0.42760012450202645
40.0,12.22,-0.41925161595149096,-0.4916263477202759,-0.23189810007561035,-0.4204353815813472,0.5784318089196355,-0.4978120884023056,0.7648971691964991,-0.4292551934441398
40.0,12.24,-0.4226925118572734,-0.49217238979402755,-0.23453828436657115,-0.42209679024272123,0.57498437977523,-0.4983517933420351,0.7622389702706193,-0.43091094622098286
40.0,12.26,-0.4261625924555158,-0.4926981163844144,-0.2372168156448884,-0.42375890677145034,0.571507889080148,-0.498871033968343,0.7595423926108207,-0.4325670672833578
40.0,12.28,-0.42966197145546603,-0.49320302513560527,-0.23993435483664938,-0.42542139280579516,0.5680022043873416,-0.4993692800777718,0.7568068162572948,-0.43422320177914997
40.0,12.3,-0.4331908547804879,-0.4936865426235637,-0.24269148780257432,-0.4270839256629575,0.5644671567792888,-0.4998460060838388,0.7540315568355058,-0.4358790097984711
40.0,12.32,-0.43674925736613635,-0.4941482214979838,-0.2454888872165112,-0.42874613914948295,0.5609026287260237,-0.500300644696848,0.7512159714558188,-0.4375341032679442
40.0,12.34,-0.44033736716664035,-0.4945874619344784,-0.24832730576848405,-0.43040760614086193,0.5573084827759521,-0.5007326294516095,0.7483593616461983,-0.4391880947085525
40.0,12.36,-0.44395536297096827,-0.4950036489309985,-0.25120735700960833,-0.43206797710569717,0.5536845726942757,-0.5011414212110792,0.7454610563774606,-0.4408405743214997
40.0,12.38,-0.4476032513864414,-0.4953963198451044,-0.25412980079046976,-0.43372678248881974,0.5500307970341133,-0.5015263979542177,0.7425203627826586,-0.44249111577678735
40.0,12.4,-0.45128136459362117,-0.4957646753368404,-0.2570953441443077,-0.4353836065913636,0.5463470204504918,-0.5018869943921086,0.7395365584016715,-0.4441392704633783
40.0,12.42,-0.4549896129398581,-0.49610831534875144,-0.26010460474401736,-0.43703802984590534,0.5426331338881315,-0.5022225977218895,0.7365089260627077,-0.4457845872833791
40.0,12.44,-0.4587282319951724,-0.4964265004298359,-0.2631584538725186,-0.43868951237156795,0.5388890266687364,-0.5025325922183446,0.7334367360206299,-0.4474265660859982
40.0,12.46,-0.4624971972935579,-0.49671872652482263,-0.26625760377823626,-0.44033756270789975,0.5351146196207759,-0.5028163369327683,0.7303192652236178,-0.44906470364358386
40.0,12.48,-0.46629681466678974,-0.4969841479554453,-0.26940269961357716,-0.44198172578278583,0.5313098006667015,-0.5030732106970284,0.7271557474182077,-0.45069846216804693
40.0,12.5,-0.47012696112388236,-0.49722232542667977,-0.272594621559512,-0.44362138486249864,0.527474493196026,-0.5033025524187876,0.7239454250518987,-0.45232731748288746
40.0,12.52,-0.4739878435866735,-0.49743247527773393,-0.2758341875476152,-0.4452559605894623,0.5236086216644138,-0.5035036989446885,0.7206875391636267,-0.4539506642291625
40.0,12.54,-0.4778793965451346,-0.49761404553598665,-0.2791220516355419,-0.44688492614729336,0.5197121122665154,-0.5036759850517543,0.7173813007224021,-0.45556793733387585
40.0,12.56,-0.48180190037124915,-0.4977661488913535,-0.28245903926674654,-0.4485076562103697,0.5157849140624293,-0.5038187106435259,0.7140259134199477,-0.45717848440194103
40.0,12.58,-0.48575518856083394,-0.49788830051412364,-0.28584597700304365,-0.45012349482259983,0.5118269706432111,-0.5039311833288035,0.7106205930919783,-0.4587816649730039
40.0,12.6,-0.4897395158863598,-0.49797958051383906,-0.2892836953486575,-0.45173175987062003,0.5078382325661561,-0.5040126945912271,0.7071645270604641,-0.4603768058418834
40.0,12.62,-0.4937547061408523,-0.49803949549494914,-0.29277295603569986,-0.45333180397603556,0.5038186904957891,-0.5040624996155207,0.7036568837088314,-0.46196318798553865
40.0,12.64,-0.4978008943475301,-0.49806717398103956,-0.2963147512266698,-0.45492278406026254,0.4997682967503337,-0.5040798972824568,0.7000968463703546,-0.4635401025484089
40.0,12.66,-0.5018781370559953,-0.4980618361445031,-0.2999096934550501,-0.4565041066283265,0.49568706017442576,-0.5040641130785588,0.6964835738751758,-0.4651067534876529
40.0,12.68,-0.5059863894377306,-0.4980227743722748,-0.3035588641467062,-0.45807482348394646,0.49157497381866144,-0.5040143847340259,0.6928162261628924,-0.4666623784009689
40.0,12.7,-0.5101255917366815,-0.4979492678172749,-0.30726295958887045,-0.4596342333163798,0.48743205352458735,-0.5039299477479886,0.6890939419498789,-0.4682061266862856
40.0,12.72,-0.5142957616082591,-0.4978404984056234,-0.31102291392699555,-0.4611814418817854,0.4832583129363557,-0.5038100269504145,0.6853158560877003,-0.46973713981355536
40.0,12.74,-0.5184968949517896,-0.4976956262447238,-0.31483957589020817,-0.4627155658838448,0.47905380316678164,-0.5036537891050039,0.681481117053906,-0.4712545267692869
40.0,12.76,-0.5227289831724125,-0.4975138068176897,-0.31871380954954603,-0.46423571180739337,0.4748185591333549,-0.5034604626538162,0.6775888410381325,-0.47275734857800517
40.0,12.78,-0.5269919202469173,-0.4972942772263783,-0.3226466312682685,-0.4657408253849988,0.4705526529409777,-0.50322919939851,0.6736381453460585,-0.4742446393072015
40.0,12.8,-0.5312855710279417,-0.4970362500490883,-0.3266387368433358,-0.46723004720814876,0.4662561665106405,-0.5029591687842851,0.6696281339329302,-0.47571541181066407
40.0,12.82,-0.5356098877694122,-0.49673884856856687,-0.33069123219834906,-0.4687022065601616,0.46192918306853636,-0.5026495127676325,0.6655579177577234,-0.4771685822813249
40.0,12.84,-0.5399648789798425,-0.49640107444048653,-0.3348048854852096,-0.47015630727210317,0.45757182049054324,-0.5022993813065343,0.6614266051044279,-0.47860308479941943
40.0,12.86,-0.544350299310015,-0.4960222182503631,-0.3389807162992534,-0.47159115397302204,0.45318418103741426,-0.5019078947558999,0.6572332989342484,-0.48001777952831926
40.0,12.88,-0.5487660329406087,-0.495601346460162,-0.3432194999392261,-0.47300569447730995,0.44876642998566263,-0.5014741592665422,0.652977073779014,-0.48141150389965087
40.0,12.9,-0.5532119694092564,-0.49513753263842714,-0.347522244015948,-0.4743986443651646,0.44431870383329913,-0.5009972884005093,0.6486570351473484,-0.48278302582884813
40.0,12.92,-0.557687879160095,-0.49462992061075445,-0.35188987464718474,-0.4757687422195923,0.43984118855172605,-0.5004763661019018,0.6442722734097626,-0.484131078331116
40.0,12.94,-0.5621936112376723,-0.49407755506128664,-0.35632331383425603,-0.47711468488470427,0.4353340704955745,-0.499910461928923,0.6398218737774706,-0.48545436428086525
40.0,12.96,-0.5667289935467228,-0.4934794652291705,-0.3608234744394225,-0.4784351210567723,0.43079756179506223,-0.4992986414697503,0.6353049380997169,-0.486751500131747
40.0,12.98,-0.5712937396146863,-0.49283475907095786,-0.36539117948939304,-0.4797287195993473,0.42623189641811393,-0.4986399616307532,0.6307205688129057,-0.4880210719553425
40.0,13.0,-0.5758876399573765,-0.4921424434282076,-0.3700274873836138,-0.48099390327832114,0.4216373168289139,-0.4979334545473225,0.6260678341735759,-0.4892616232436707
40.0,13.02,-0.5805104622488579,-0.491401510128188,-0.37473320589559983,-0.48222925013761825,0.41701410480477963,-0.49717816321476516,0.621345851901811,-0.49047161118819066
40.0,13.04,-0.5851618650240161,-0.49061103828672814,-0.3795093684233483,-0.48343307417615455,0.41236254777945963,-0.4963730839419119,0.6165537339176379,-0.49164946717462876
40.0,13.06,-0.5898415754858732,-0.4897699983284569,-0.38435667823000386,-0.48460392581097594,0.40768295786967795,-0.49551724099892935,0.6116906011004266,-0.49279355252984186
40.0,13.08,-0.5945491972132767,-0.4888774387380414,-0.38927622247861027,-0.4857399407654435,0.40297567909651966,-0.4946096246831565,0.6067555560810808,-0.49390216865936337
40.0,13.1,-0.5992844214648588,-0.4879323150403027,-0.39426875034158737,-0.4868394870067327,0.39824106794557335,-0.49364922021288254,0.6017477396536591,-0.49497356398653475
40.0,13.12,-0.6040469000769874,-0.48693355750781137,-0.3993352371516061,-0.48790065976303576,0.3934795168730625,-0.4926350008098726,0.5966663221818861,-0.49600590714288917
40.0,13.14,-0.6088361734262308,-0.4858801889836888,-0.40447638687173604,-0.48892170757897907,0.3886914295146334,-0.4915659319312921,0.5915104373836291,-0.4969973168261088
40.0,13.16,-0.6136518469614575,-0.4847711207460492,-0.4096932217570312,-0.48990053866556776,0.3838772442566522,-0.49044096485606686,0.5862792869962838,-0.49794583931982944
40.0,13.18,-0.6184934139076677,-0.4836053588964031,-0.41498639377150304,-0.49083527542144906,0.379037427243263,-0.489259045490715,0.580972047534205,-0.4988494552747914
40.0,13.2,-0.6233605153563105,-0.482381688093537,-0.42035678464782,-0.49172376392972755,0.37417246547476896,-0.4880191227439775,0.5755879662180841,-0.4997060692074679
40.0,13.22,-0.6282525033709327,-0.48109920050837574,-0.4258051623188448,-0.4925638562310435,0.3692828812398225,-0.4867201138697115,0.5701262756302405,-0.5005135212272555
40.0,13.24,-0.6331688766218212,-0.47975676759626074,-0.4313321779991272,-0.493353414033549,0.3643692256617713,-0.48536094897290855,0.5645862521765489,-0.5012695803458364
40.0,13.26,-0.6381090272192649,-0.47835336598672046,-0.4369387894528933,-0.49408992566710924,0.3594320636774308,-0.4839405328795431,0.5589671956406118,-0.5019719229468381
40.0,13.28,-0.643072476419903,-0.4768877344509777,-0.4426254023742788,-0.49477126363996293,0.3544720014413177,-0.4824577810365663,0.5532684438166534,-0.5026181768852785
40.0,13.3,-0.6480585466278638,-0.4753588236622176,-0.448392891626025,-0.4953947630216976,0.3494897006091858,-0.4809115867680264,0.5474893576608628,-0.5032058686363249
40.0,13.32,-0.653066453512027,-0.4737656968358071,-0.4542416595895341,-0.495958073844857,0.3444858050481599,-0.47930086215283296,0.5416293601011339,-0.5037324543355537
40.0,13.34,-0.6580956291096718,-0.4721070696809393,-0.46017250280184463,-0.4964583883426386,0.33946103132412525,-0.47762448488647,0.5356879086446135,-0.5041953083857824
40.0,13.36,-0.6631453960253465,-0.4703817661441092,-0.46618579896263246,-0.4968931122558604,0.33441611201184335,-0.4758813441391263,0.52966450288388,-0.5045917255754732
40.0,13.38,-0.6682147740658353,-0.4685889349070727,-0.4722819781567318,-0.49725951855082723,0.32935182293349785,-0.4740703253496391,0.5235586800897077,-0.5049189118670175
40.0,13.4,-0.6733031971582443,-0.46672716647144036,-0.47846165643300903,-0.4975545345308323,0.3242689611108604,-0.4721903141353875,0.5173700827982967,-0.5051739742378316
40.0,13.42,-0.6784096322795069,-0.4647956122728153,-0.48472496475779725,-0.4977754303098491,0.31916837580787083,-0.4702401879000691,0.5110983455046221,-0.5053539655158136
40.0,13.44,-0.6835334176385873,-0.4627928309203452,-0.49107230466038904,-0.49791905134311243,0.3140509386595753,-0.4682188257470192,0.5047432216816692,-0.5054558260310754
40.0,13.46,-0.6886734570571594,-0.46071797378365076,-0.49750392119141656,-0.4979822415214905,0.30891756995876063,-0.46612511169839627,0.49830451608124704,-0.5054764191118121
40.0,13.48,-0.6938289569301676,-0.4585697234167628,-0.5040199857428806,-0.4979617603531195,0.30376921844288707,-0.46395792268177877,0.49178208626039915,-0.5054125087198347
40.0,13.5,-0.6989987332244713,-0.45634722051344384,-0.5106204122832585,-0.4978544551916175,0.2986068908730022,-0.46171613828359964,0.4851759190984643,-0.5052607794713461
40.0,13.52,-0.7041819955011366,-0.4540490189289575,-0.5173053742255088,-0.49765673103169333,0.2934316001919261,-0.4593986500910912,0.47848602896795955,-0.5050178154965764
40.0,13.54,-0.7093775707385815,-0.4516741412160224,-0.5240746852850721,-0.49736516171829664,0.28824442719281884,-0.4570043505944325,0.47171256582922866,-0.5046801360640846
40.0,13.56,-0.7145842811883338,-0.4492216353085463,-0.530928252997469,-0.496976067327047,0.2830464853033928,-0.4545321328305612,0.46485576865857914,-0.5042441251596166
40.0,13.58,-0.7198011127001973,-0.4466901568068222,-0.537865609927745,-0.49648594323627093,0.27783892708698976,-0.4519809006982664,0.45791595786276873,-0.503706123085712
40.0,13.6,-0.7250267996268094,-0.4440787518212726,-0.5448863480609146,-0.49589100909868117,0.2726229439803477,-0.4493495689186383,0.4508935874627848,-0.5030623539310569
40.0,13.62,-0.7302601750603852,-0.44138620844133125,-0.5519901185297815,-0.4951872031485245,0.2673997818442137,-0.4466370540048896,0.4437892213297676,-0.5023089480333387
40.0,13.64,-0.7354999010938433,-0.43861158759476404,-0.5591761198499852,-0.4943707674966331,0.2621707251547854,-0.44384228498848166,0.43660355323487454,-0.5014419767314036
40.0,13.66,-0.7407446510082403,-0.4357538147448975,-0.5664436596708654,-0.4934375480795174,0.25693708965159645,-0.4409642089397627,0.42933739731120263,-0.5004574010932847
40.0,13.68,-0.7459930728114259,-0.4328118319466871,-0.5737916689680176,-0.4923836121338121,0.2517002566041869,-0.43800177940365703,0.42199170085105187,-0.49935111623247985
40.0,13.7,-0.7512437720238011,-0.4297845886693682,-0.5812192664781105,-0.49120453059277547,0.24646163447699948,-0.43495398092447607,0.4145676014312303,-0.4981189082253483
40.0,13.72,-0.7564953024663235,-0.42667103796622846,-0.5887251758058739,-0.4898960960328154,0.24122268658531362,-0.43181978923826436,0.4070663360154974,-0.49675651905341633
40.0,13.74,-0.7617462005541649,-0.42347015727672577,-0.5963079512517518,-0.48845400958773133,0.23598492330887716,-0.428598212865766,0.39948932679809485,-0.49525958402389303
40.0,13.76,-0.7669949150969058,-0.42018091031945126,-0.6039660901359367,-0.48687380637776817,0.2307498845290262,-0.42528828027464,0.3918381771004778,-0.4936236949329193
40.0,13.78,-0.7722397576528449,-0.4168025715771077,-0.6116978073190976,-0.48515102587401887,0.22551917419890175,-0.4218890509596078,0.38411466445836956,-0.4918443526793735
40.0,13.8,-0.7774791901176784,-0.4133340141879923,-0.619501246663168,-0.48328104498667734,0.22029444013968041,-0.4183995814155454,0.3763207469056628,-0.4899170064777467
40.0,13.82,-0.7827114838618269,-0.4097743952599483,-0.6273743536444479,-0.48125915633589694,0.21507737463825818,-0.41481898118852145,0.3684585858123864,-0.4878370444631862
40.0,13.84,-0.7879348764132572,-0.4061228959216777,-0.6353146237071996,-0.4790809105656956,0.20986970810854666,-0.4111463670325538,0.36053054815895624,-0.4855998122112911
40.0,13.86,-0.7931477120375285,-0.40237844555064994,-0.6433196978908879,-0.47674136677935613,0.2046732358297704,-0.4073808995498286,0.3525392142346878,-0.483200603202849
40.0,13.88,-0.7983480589076899,-0.39854039626413074,-0.6513867461557682,-0.4742358487637052,0.1994897768057517,-0.4035217586836493,0.3444873783233671,-0.4806346755958952
40.0,13.9,-0.8035340363722969,-0.3946079982865311,-0.6595128101554057,-0.47155952206256546,0.19432121015374526,-0.39956816456177197,0.3363780877867943,-0.4778972523768434
40.0,13.92,-0.8087038497173418,-0.3905802402419433,-0.6676945484908314,-0.46870774229483003,0.18916947023949687,-0.39551937265401504,0.3282146204058824,-0.47498354415265803
40.0,13.94,-0.8138553901719763,-0.38645669979753683,-0.675928706952168,-0.4656753571820725,0.18403651798075923,-0.39137467093082007,0.32000050099860217,-0.47188875531759555
40.0,13.96,-0.8189867136068263,-0.3822365610519795,-0.6842113084719934,-0.46245788968430646,0.1789243746947046,-0.3871333823194162,0.31173950346789636,-0.46860808852336805
40.0,13.98,-0.8240957658234449,-0.3779191778164407,-0.6925385285967347,-0.4590502485039603,0.17383509613227838,-0.38279488509335263,0.30343568976712604,-0.4651367527512657
40.0,14.0,-0.8291804553767245,-0.3735039365169654,-0.7009059738631412,-0.45544781147021424,0.1687707953859007,-0.37835859540052885,0.2950933826057145,-0.4614699812373787
40.0,14.02,-0.8342386490628005,-0.36899025541340363,-0.7093091607750316,-0.4516457202935497,0.16373361556707663,-0.37382396515732136,0.28671717597058144,-0.45760305189494865
40.0,14.04,-0.8392681104424402,-0.36437773340792434,-0.7177432521733518,-0.4476392403295096,0.1587257625001569,-0.3691905067922918,0.278311978272043,-0.4535312920763437
40.0,14.06,-0.8442666346495853,-0.3596658632296014,-0.7262029846502236,-0.4434239096920393,0.1537494548877762,-0.36445777328859913,0.2698829668337825,-0.44925008709031966
40.0,14.08,-0.8492319741115391,-0.3548541729208363,-0.7346831382674154,-0.4389948000317027,0.1488069929685625,-0.35962538098468533,0.2614356473810859,-0.444754916674743
40.0,14.1,-0.8541617245305966,-0.3499425288123804,-0.7431777575639911,-0.4343477946178474,0.14390067256315342,-0.35469299059131304,0.2529757936623589,-0.44004135683569234
40.0,14.12,-0.859053634194888,-0.34493039538265896,-0.7516808947387852,-0.42947831718951196,0.13903287073746548,-0.3496603227974163,0.24450952116429436,-0.4351050946328166
40.0,14.14,-0.8639052909818881,-0.339817576170688,-0.7601861123981842,-0.42438226803340456,0.13420598419799387,-0.34452715955791147,0.2360432597648365,-0.4299419556495577
40.0,14.16,-0.8687141961834802,-0.3346040744750942,-0.7686867600140422,-0.4190555068022458,0.12942243391688615,-0.3392933412187801,0.22758372616688985,-0.42454792689713483
40.0,14.18,-0.8734779374257317,-0.3292896395575769,-0.7771758846145119,-0.41349398905472023,0.12468470537965183,-0.3339587719753938,0.21913799279343696,-0.4189191633275338
40.0,14.2,-0.8781940166881003,-0.32387422182914477,-0.7856459876170263,-0.4076943521708228,0.11999529251974037,-0.3285234254483161,0.21071341604821756,-0.41305202535092067
40.0,14.22,-0.88285985088309,-0.31835797642326813,-0.7940895601908413,-0.4016528257629995,0.11535673425989676,-0.3229873419822992,0.20231769587562945,-0.40694307870681223
40.0,14.24,-0.8874729455370565,-0.312740805381735,-0.8024986721464088,-0.39536607020599895,0.11077160187661471,-0.3173506239463382,0.19395884072399483,-0.4005891347052353
40.0,14.26,-0.8920306707182767,-0.3070229732669725,-0.8108649156580521,-0.38883134768235417,0.10624248329065826,-0.31161345442410676,0.18564515138959672,-0.3939872892702132
40.0,14.28,-0.8965304298537322,-0.3012046469712061,-0.8191797562765928,-0.3820458433433808,0.10177200918008958,-0.3057760940528509,0.17738526249487369,-0.38713489147021024
40.0,14.3,-0.9009695559570747,-0.29528620852097437,-0.8274342644505831,-0.37500724464824137,0.09736282333898141,-0.2998388613838215,0.16918808968005267,-0.38002962512712507
40.0,14.32,-0.9053453634647712,-0.28926810035958755,-0.8356193293098779,-0.3677133358229815,0.09301759423069607,-0.2938021965506308,0.1610628316189117,-0.3726695094917988
40.0,14.34,-0.9096551569757639,-0.2831508288079631,-0.8437255329844465,-0.3601623010353603,0.08873899830762967,-0.2876665337082119,0.15301899231466012,-0.3650529217173136
40.0,14.36,-0.9138962780632652,-0.27693480450521674,-0.8517429780547567,-0.3523531924861467,0.08452975650367985,-0.2814325045729041,0.14506630725479408,-0.3571786176249002
40.0,14.38,-0.9180660058510943,-0.27062065989462336,-0.8596618156980406,-0.3442847779866481,0.08039258388124663,-0.2751007421140887,0.13721479308316328,-0.34904577724490937
40.0,14.4,-0.9221615693801963,-0.2642092554184342,-0.8674718118330981,-0.33595658575502596,0.07633019860664732,-0.26867195767578217,0.12947467674609628,-0.3406540034847417
40.0,14.42,-0.9261802407769769,-0.25770135929048793,-0.8751624433289145,-0.3273687894712519,0.07234536111876222,-0.2621470456808755,0.12185641749842185,-0.3320033570064416
40.0,14.44,-0.9301193346211808,-0.25109764564142273,-0.8827231540503995,-0.3185216212958289,0.06844080128547168,-0.25552687027559084,0.11437066087396272,-0.32309439054945993
40.0,14.46,-0.9339759917599332,-0.24439950717290346,-0.8901430842008257,-0.30941614883975443,0.06461926323631396,-0.2488124438681818,0.10702821845376355,-0.31392814638988414
40.0,14.48,-0.9377475343818998,-0.23760775918300972,-0.8974113247905268,-0.30005368253231457,0.060883496758985765,-0.24200487437425888,0.09984004962534569,-0.30450620715182247
40.0,14.5,-0.9414312071173512,-0.23072361380631473,-0.9045167295065298,-0.2904364140415318,0.057236244299300784,-0.23510534813710615,0.09281723368243783,-0.29483067851711847
40.0,14.52,-0.9450242659332122,-0.22374835619886832,-0.91144810489848,-0.28056696764148314,0.05368024239713056,-0.22811517075203855,0.08597094063039669,-0.28490427091255693
40.0,14.54,-0.9485239846731027,-0.21668334584370433,-0.9181942930242621,-0.27044825341381074,0.05021820789719168,-0.22103567832681698,0.07931237729084599,-0.2747302047273974
40.0,14.56,-0.9519276540504787,-0.20953001590302742,-0.9247439953753646,-0.26008411234517176,0.04685285283544294,-0.21386838305324565,0.07285279231598057,-0.2643123632383275
40.0,14.58,-0.9552325529871166,-0.2022900409954724,-0.9310859247839187,-0.24947901897841143,0.04358684951405376,-0.20661480109117025,0.0666033959357848,-0.2536551822731762
40.0,14.6,-0.9584360583294607,-0.1949648378170454,-0.9372089226878849,-0.23863776356407781,0.040422889825670494,-0.19927666761298138,0.060575379157223934,-0.24276377640021046
40.0,14.62,-0.9615355045730475,-0.18755623089374454,-0.9431018225793215,-0.22756610916019973,0.037363590431038596,-0.19185567773758644,0.05477980903908836,-0.23164382853343546
40.0,14.64,-0.9645282283688175,-0.1800662889576018,-0.9487536251070968,-0.2162703120643455,0.03441156976538968,-0.184353713918209,0.049227635257280536,-0.22030169312476802
40.0,14.66,-0.9674117370584653,-0.17249648436868237,-0.954153565655861,-0.20475695400093294,0.031569399384504426,-0.17677272740511665,0.04392963292406158,-0.2087443172893111
40.0,14.68,-0.9701833858487644,-0.16484937373896721,-0.9592909711577449,-0.1930337722477789,0.02883961616543444,-0.16911476535674647,0.03889635943120864,-0.1969793167611972
40.0,14.7,-0.9728407342806074,-0.15712674615763708,-0.9641554907849414,-0.18110883013250625,0.026224712893622517,-0.16138196336640256,0.03413811313675198,-0.18501491017057778
40.0,14.72,-0.9753813260358463,-0.14933080099152612,-0.9687370643974226,-0.16899084318707946,0.023727135914100368,-0.1535765568523271,0.029664880958924285,-0.17285994116102532
40.0,14.74,-0.9778027318598557,-0.14146398122789042,-0.9730259653274338,-0.15668917201109267,0.021349278142066632,-0.14570086699089882,0.025486316078745692,-0.16052388077610386
40.0,14.76,-0.98010260741803,-0.1335286324644076,-0.9770128444191123,-0.14421381245384768,0.019093484778058434,-0.13775733551003344,0.021611671975153998,-0.14801676863995977
40.0,14.78,-0.9822786472710129,-0.1255273426366766,-0.9806888052207176,-0.13157521274992012,0.016962035368102257,-0.12974844986017933,0.018049767269105888,-0.13534922424234996
40.0,14.8,-0.9843286324650892,-0.11746259835908926,-0.9840453870496315,-0.11878459672452898,0.014957145429739714,-0.12167682496342389,0.014808949136205441,-0.12253242482724419
40.0,14.82,-0.9862503909883014,-0.10933712616546647,-0.9870746813297564,-0.10585343198086732,0.013080972050077747,-0.11354514953030528,0.011897038950852942,-0.10957806927565172
40.0,14.84,-0.9880418425200358,-0.10115354746202725,-0.989769300802365,-0.09279392085259834,0.011335593161382839,-0.10535619691986184,0.00932131199749557,-0.0964983658229019
40.0,14.86,-0.9897009464171489,-0.0929148933852263,-0.9921224605721246,-0.07961863205628086,0.009723010659650054,-0.09711280900556836,0.007088439875044346,-0.08330597086524631
40.0,14.88,-0.9912257628078287,-0.08462408650593732,-0.9941280061434657,-0.06634047114841984,0.008245156617331285,-0.0888179481789391,0.005204470966199021,-0.07001399723516433
40.0,14.9,-0.9926144484252404,-0.0762839371494959,-0.9957804118991389,-0.05297317039086404,0.006903871139886061,-0.0804746203925834,0.003674786920533,-0.056635929562023644
40.0,14.92,-0.9938652174896379,-0.06789766037998736,-0.9970748806646914,-0.03953021457083693,0.0057009121715843,-0.07208592026180327,0.0025040797266091767,-0.04318559330957297
40.0,14.94,-0.9949763893305809,-0.05946835462414528,-0.9980073037583446,-0.02602584675564927,0.004637945380117425,-0.06365500916974265,0.0016963206220506888,-0.029677143697426193
40.0,14.96,-0.9959463754182948,-0.05099917181740077,-0.9985743201329195,-0.012474510254433609,0.0037165456041970946,-0.05518511898698669,0.00125473911713464,-0.016124973292261785
40.0,14.98,-0.9967736672334716,-0.042493662587024125,-0.9987733327436269,0.0011095398181305814,0.0029381885736344047,-0.04667956278273167,0.0011818030709909223,-0.0025436963877774324
40.0,15.0,-0.9974568831790146,-0.03395490411367866,-0.9986025094654615,0.014711405761883938,0.0023042513876928936,-0.038141692952763144,0.001479202013717878,0.011051920998172492
40.0,15.02,-0.9979947218273482,-0.025386540319195582,-0.9980608135421258,0.02831611179620035,0.0018160059328318746,-0.02957493908614869,0.0021478365710598277,0.02464700482959208
40.0,15.04,-0.9983860017590893,-0.016791908807677326,-0.9971480020324044,0.041908821157192896,0.001474619450893261,-0.020982771994745335,0.0031878106767545033,0.03822662184687305
40.0,15.06,-0.9986296440266795,-0.008174559590706421,-0.9958646360979639,0.05547453077965299,0.0012811506444910317,-0.012368726414590301,0.004598427263079736,0.0517758423163453
40.0,15.08,-0.9987246817931354,0.0004620967447981081,-0.9942120560321845,0.06899863619335096,0.0012365456975050341,-0.0037363744467812164,0.006378191060026658,0.06527979287318676
40.0,15.1,-0.9986702592613895,0.009114269743229122,-0.992192424520754,0.08246610543233233,0.0013416376039631494,0.004910666933009731,0.00852481363770913,0.07872370830475521
40.0,15.12,-0.9984656389185247,0.01777831570460365,-0.9898086716044743,0.09586239073602104,0.0015971438664806998,0.01356874280357952,0.01103521817201215,0.09209295616816882
40.0,15.14,-0.9981101959856782,0.02645074145606434,-0.9870644972950456,0.10917312196600287,0.0020036636431207695,0.0222341650576726,0.0139055638960511,0.10537316776093573
40.0,15.16,-0.9976034362981444,0.03512751133537865,-0.9839643576579808,0.12238414723314558,0.0025616767320042234,0.030903214819273456,0.017131250119315013,0.11855016406684599
40.0,15.18,-0.9969449667398464,0.043805270595228554,-0.9805134711236931,0.13548140119653956,0.0032715415674140955,0.03957215414000045,0.020706950460646315,0.1316101520334322
40.0,15.2,-0.9961345392003172,0.052479956239143845,-0.9767177309910384,0.1484514576914139,0.004133496969719307,0.048237225950699375,0.02462663126045355,0.14453962895591688
40.0,15.22,-0.9951720175069811,0.06114784603362785,-0.9725836882694125,0.16128138978627254,0.005147653617273486,0.056894652949551185,0.0288835813570864,0.1573255433673789
40.0,15.24,-0.994057375114873,0.0698053876813079,-0.9681186047945424,0.17395829271372684,0.006314004514361887,0.0655406632241849,0.0334704462786925,0.16995525663335118
40.0,15.26,-0.9927907425799283,0.07844850871512361,-0.963330319596278,0.18646999656932997,0.007632411256083149,0.07417145403270771,0.038379261174672386,0.1824166203900548
40.0,15.28,-0.9913723393016632,0.0870736622413206,-0.9582272603583857,0.19880475220195687,0.00910261682742164,0.08278326612290415,0.04360148290937025,0.19469796982871632
40.0,15.3,-0.9898025342304644,0.09567696371012757,-0.9528183434667549,0.21095159177294528,0.010724236913343746,0.09137230476778627,0.04912805687176573,0.20678826381327325
40.0,15.32,-0.9880818242417482,0.10425454268240782,-0.9471130732957156,0.22289968191672277,0.012496762284167278,0.09993481942414839,0.05494940114629565,0.21867692722342066
40.0,15.34,-0.9862107941882485,0.11280289144510343,-0.9411213597987294,0.2346390112443555,0.014419557258715519,0.10846704064331332,0.06105553100622524,0.23035409876305438
40.0,15.36,-0.9841901862132414,0.1213181787569932,-0.9348534267213666,0.2461605639591573,0.01649187153804105,0.11696526742326652,0.0674360173562161,0.24181045607347884
40.0,15.38,-0.9820208684447732,0.12979660022218098,-0.9283200515626117,0.2574551826840814,0.018712826128244778,0.12542580173151222,0.0740800991682018,0.253037323087922
40.0,15.4,-0.9797037853196249,0.13823472450327048,-0.921532197001389,0.26851489195778877,0.02108141879176721,0.13384495284951659,0.08097669288759578,0.2640266988642948
40.0,15.42,-0.9772400697514835,0.14662864045336998,-0.9145011306538002,0.27933224701280585,0.02359653595083104,0.14221912058099045,0.08811446255926597,0.2747712736031308
40.0,15.44,-0.974630901324846,0.15497498822042155,-0.9072383333176037,0.2899004981478049,0.026256937641923116,0.15054470687645946,0.09548182870163739,0.28526430412762294
40.0,15.46,-0.9718776542276031,0.16326993870459805,-0.8997554564021938,0.3002135900320311,0.029061275979697376,0.15881815830379326,0.10306705475433797,0.2954998081038363
40.0,15.48,-0.9689817072826263,0.17151038844530897,-0.8920643843796411,0.3102658455928068,0.032008083630940036,0.16703601672228094,0.11085826567723668,0.30547241657433666
40.0,15.5,-0.9659446607367893,0.1796926038485685,-0.8841769848013078,0.3200525899441422,0.035095787760251074,0.175194824230637,0.11884350433733176,0.31517746272224323
40.0,15.52,-0.9627681740207729,0.18781324498896124,-0.8761051604581265,0.3295698203379408,0.03832269913701211,0.18329122423552102,0.12701077137080755,0.32461090130912007
40.0,15.54,-0.9594539746746543,0.1958691947745301,-0.8678609890777524,0.3388137406893489,0.041687031479044186,0.19132188128280614,0.13534804957031052,0.3337693526531576
40.0,15.56,-0.9560039970655977,0.2038568929537773,-0.8594562826735395,0.3477818193157602,0.04518689511711146,0.1992836001344806,0.143843368470798,0.3426500598859756
40.0,15.58,-0.9524201366667467,0.21177351104428557,-0.8509030130311955,0.35647155419771537,0.04882029399137158,0.20717316396183302,0.1524848297856223,0.35125088372759705
40.0,15.6,-0.9487045321515731,0.21961561951947373,-0.8422128621546593,0.36488151443508265,0.052585144913997225,0.21498754203146261,0.161260621681136,0.3595702856530595
40.0,15.62,-0.9448593090993292,0.22738035754592004,-0.8333975563926171,0.37301042507409593,0.05647926880322144,0.22272367285562475,0.17015910098120435,0.3676073045453482
40.0,15.64,-0.9408867178060946,0.23506476830496348,-0.8244685228572227,0.38085788835970563,0.0605003913517021,0.23037863630611788,0.17916876756083744,0.3753615442303328
40.0,15.66,-0.9367890569776814,0.2426661331688426,-0.815437051205038,0.38842391992695174,0.06464616432009264,0.23794959206549557,0.18827833425383378,0.38283313091675103
40.0,15.68,-0.9325688357296039,0.25018131886218725,-0.8063142688953695,0.39570893148126585,0.06891416001846708,0.2454338309342624,0.19747672453814152,0.39002271874752603
40.0,15.7,-0.9282284327301322,0.2576080877735991,-0.7971108423559214,0.40271427175567553,0.07330186132099095,0.2528286295982562,0.20675312574830165,0.3969314313984846
40.0,15.72,-0.9237704716934177,0.264943628815116,-0.7878375095999045,0.40944107846259076,0.07780668717624996,0.260131452516304,0.21609697882213388,0.4035608653706754
40.0,15.74,-0.9191976097991709,0.27218537800965215,-0.7785044270766305,0.4158915119492502,0.08242598930801007,0.26733982067912615,0.2254980142199879,0.40991303976647503
40.0,15.76,-0.9145124794020139,0.2793311763609201,-0.769121665113115,0.42206776846929767,0.08715705368804892,0.2744513687035788,0.23494625851110096,0.4159903943579864
40.0,15.78,-0.9097178693114458,0.2863786274085128,-0.7596987932025118,0.42797271974753365,0.0919971021878049,0.28146380788379394,0.24443205669340043,0.4217957371007206
40.0,15.8,-0.9048166316911888,0.2933254230132334,-0.7502451938960255,0.43360936569339914,0.09694330299900948,0.2883749850858319,0.25394609858929806,0.42733223397226183
40.0,15.82,-0.8998115226960668,0.3001698164863976,-0.7407699860193664,0.4389809564104913,0.1019927992555875,0.2951828597539612,0.26347939149075866,0.43260337893813006
40.0,15.84,-0.8947056069575522,0.3069093604695261,-0.7312816680352442,0.4440914617945675,0.10714264017750129,0.3018854131098644,0.27302329093392175,0.4376129512420697
40.0,15.86,-0.8895016839151145,0.31354263887399747,-0.7217886818455181,0.44894466063492916,0.11238987166627987,0.3084808299208352,0.2825695128078644,0.4423650262353797
40.0,15.88,-0.884202861364103,0.3200675420799741,-0.7122989328363015,0.45354488582218533,0.11773149277300007,0.3149673502915865,0.29211012274728254,0.44686390271250953
40.0,15.9,-0.8788120701161856,0.3264826720136002,-0.7028200261354938,0.45789662150954213,0.12316445834457544,0.3213433308493216,0.30163753504188656,0.4511141191177177
40.0,15.92,-0.8733324410000466,0.332786255641792,-0.6933592279036344,0.46200446194633454,0.12868571554141162,0.3276072254290392,0.31114454096633015,0.45512039735291293
40.0,15.94,-0.867767025598082,0.3389769182307459,-0.6839234593914298,0.465873263878785,0.13429216496395197,0.3337576183577516,0.32062428040011004,0.45888763930335164
40.0,15.96,-0.8621188977831609,0.34505337126017327,-0.6745192904370526,0.4695079484633512,0.1399807128913081,0.33979317627799177,0.3300702353314227,0.46242091132584096
40.0,15.98,-0.8563911548839805,0.35101441415615914,-0.6651528349970358,0.47291375708084543,0.145748232636555,0.34571268714466563,0.3394762711280543,0.46572537812289705
40.0,16.0,-0.8505869731544762,0.3568587843469863,-0.6558300740657333,0.4760957592967877,0.1515915858501565,0.35151503475238616,0.3488365622727392,0.4688063492871737
40.0,16.02,-0.8447094211462736,0.36258560501812725,-0.6465563347519862,0.47905951211964465,0.15750764315617494,0.3571992164526268,0.3581456418417642,0.47166919588936973
40.0,16.04,-0.838761703035557,0.3681937887221196,-0.6373369971533129,0.481810153470724,0.1634932620831249,0.3627643290527863,0.36739839203248864,0.4743193718364241
40.0,16.06,-0.8327468386505616,0.3736827737646524,-0.628176719637547,0.4843533882155168,0.16954530263919307,0.3682095771658172,0.3765900161050577,0.4767623805206062
40.0,16.08,-0.8266681087169353,0.3790514976107938,-0.6190801223707383,0.4866945788661845,0.17566062397929594,0.37353425496569237,0.3857160142524567,0.47900376874462286
40.0,16.1,-0.8205285344460095,0.38429956326629533,-0.6100514671621743,0.48883919126506903,0.18183610869794467,0.3787377706787355,0.3947722328300579,0.4810490943430813
40.0,16.12,-0.8143311965249389,0.3894265066251083,-0.6010945771699255,0.4907928825782445,0.18806865065606215,0.38381962538361464,0.4037547928263782,0.48290393126407183
40.0,16.14,-0.8080793034688116,0.3944316586611834,-0.59221315795222,0.492561041249946,0.1943551436099022,0.3887794148516503,0.412660137881403,0.48457383701288
40.0,16.16,-0.8017757826266225,0.3993149965105198,-0.5834105125640571,0.4941492415275248,0.2006925134587848,0.39361683584281504,0.4214849626408357,0.4860643472608675
40.0,16.18,-0.7954237509589136,0.4040761469201751,-0.574689678515972,0.4955629864044849,0.20707770810789644,0.39833167195311253,0.43022626116371926,0.4873809787575832
40.0,16.2,-0.789026243915161,0.4087149544906774,-0.5660534506072191,0.496807712350524,0.2135077081778872,0.40292380526690796,0.43888128269528803,0.4885292088335416
40.0,16.22,-0.782586263296039,0.41323132901643095,-0.5575044025164377,0.49788879479320597,0.21997950304480368,0.40739319640473987,0.4474475216991959,0.48951444632477026
40.0,16.24,-0.7761067388168229,0.41762539859290976,-0.5490448629217344,0.498811514049305,0.22649013423404962,0.41173990787223697,0.4559227308751499,0.49034204532095393
40.0,16.26,-0.7695906388017931,0.4218972181661697,-0.5406767823298996,0.49958126768564715,0.2330366752823305,0.4159640737866578,0.4643048799084358,0.4910173114326215
40.0,16.28,-0.7630408212655427,0.42604703855014114,-0.5324021760720399,0.5002030870757977,0.23961622081415948,0.4200659077644894,0.4725921772971799,0.4915454406456337
40.0,16.3,-0.7564601216558845,0.43007517695360586,-0.5242225850977739,0.5006821810668501,0.2462259194794471,0.42404572093805326,0.4807830363770693,0.49193158730510034
40.0,16.32,-0.7498514096253074,0.43398187489532,-0.5161394457573396,0.501023562181868,0.25286295535530395,0.4279038812506006,0.4888760544875874,0.4921807940815486
40.0,16.34,-0.7432174728621961,0.43776758188779463,-0.5081540286894167,0.5012321567450003,0.2595245711094888,0.43164084626375376,0.49687004640439286,0.49229801162892634
40.0,16.36,-0.7365609519629436,0.4414329132400197,-0.5002673351581408,0.5013128665066934,0.2662080262809258,0.435257137649709,0.5047640155522884,0.49228810554399954
40.0,16.38,-0.729884551866125,0.4449784229486351,-0.4924802862791498,0.5012703934319265,0.2729106581096919,0.43875333457857446,0.5125570960651504,0.49215583781218447
40.0,16.4,-0.7231909845224126,0.448404572453763,-0.48479356723093747,0.5011094254371414,0.27962983721616186,0.4421301130983475,0.5202486220563773,0.4919058701670403
40.0,16.42,-0.7164826523326514,0.45171240622507175,-0.4772077981640862,0.5008344500582533,0.28636297461301974,0.4453881853667763,0.5278380771586787,0.4915427524952182
40.0,16.44,-0.7097622585710527,0.45490235522312916,-0.46972337231102024,0.5004499296051507,0.2931075685263507,0.44852833302189793,0.5353250671457278,0.4910709365023841
40.0,16.46,-0.7030321924548305,0.4579754258728927,-0.46234056122387734,0.499960224529367,0.2998611268368771,0.451551400544414,0.5427093547810562,0.49049476142000886
40.0,16.48,-0.696294918136959,0.4609323936835649,-0.4550594946377638,0.4993695640427072,0.30662124891670073,0.4544582803012409,0.5499908370740452,0.4898184539244365
40.0,16.5,-0.6895527209333278,0.4637743366995336,-0.44788028640374433,0.4986820021708484,0.31338556856859484,0.4572499228102899,0.5571695012758016,0.48904612809799713
40.0,16.52,-0.682807979155136,0.4665021137597926,-0.4408028398899783,0.4979015489234515,0.3201517808191506,0.45992732199208586,0.5642454857073234,0.4881818101943166
40.0,16.54,-0.6760628809419206,0.4691168732356694,-0.4338268756768663,0.49703218712185043,0.32691763354149517,0.4624915327821271,0.5712189878917096,0.48722937978751596
40.0,16.56,-0.6693197091882993,0.4716195456060684,-0.42695219251740874,0.49607763735070753,0.3336809486350655,0.46494364574607044,0.5780903509645855,0.48619263279172636
40.0,16.58,-0.6625805462603986,0.4740113376705111,-0.42017840231051257,0.4950415789922552,0.3404395911034117,0.46728477335399166,0.5848599680563973,0.4850752557852484
40.0,16.6,-0.655847495806182,0.4762933595773335,-0.4135050375188576,0.4939275898319476,0.3471914796667669,0.4695161137693536,0.5915283390334368,0.4838807935130608
40.0,16.62,-0.6491225407058719,0.47846687207254596,-0.4069316372277999,0.49273907004494655,0.3539346018191778,0.4716388651869119,0.5980960360075551,0.4826127279557799
40.0,16.64,-0.6424076022905039,0.48053315058429413,-0.40045740788009554,0.49147952829323954,0.36066700996623363,0.4736542679393541,0.6045637013550834,0.48127439573885766
40.0,16.66,-0.635704724130293,0.4824932727684378,-0.39408182569952055,0.49015207875519406,0.3673868021771233,0.4755635931723536,0.6109320379441143,0.4798690542581666
40.0,16.68,-0.6290156453493353,0.4843486721347492,-0.3878040532768071,0.48875995524489113,0.3740921483891257,0.4773681575680088,0.6172018252578957,0.4783998474993091
40.0,16.7,-0.6223422131283919,0.48610057035604215,-0.38162335892153754,0.48730614588197113,0.38078125793684986,0.479069278638731,0.6233738947608108,0.47686980828488945
40.0,16.72,-0.615685989306074,0.4877505471291287,-0.3755388730195925,0.48579361308163654,0.3874524194659807,0.4806683234701333,0.6294490958221047,0.4752818891064565
40.0,16.74,-0.6090488936080996,0.4892996430866487,-0.36954967754489154,0.48422522495979864,0.3941039681228713,0.48216666440573275,0.635428374281822,0.47363890610304615
40.0,16.76,-0.6024323620114226,0.49074944427851974,-0.3636549739150611,0.4826036242010568,0.4007343000838849,0.48356569540345035,0.6413126829388966,0.4719436304435328
40.0,16.78,-0.5958379767577472,0.4921013522597869,-0.35785358433137116,0.480931619982679,0.4073418793653536,0.48486683782221174,0.6471030254381461,0.4701986882586379
40.0,16.8,-0.5892672414418908,0.49335675490603487,-0.3521446340553279,0.4792116830339274,0.4139251998155145,0.4860715274187854,0.6528004287436903,0.4684066480691187
40.0,16.82,-0.5827216300716461,0.4945170647216452,-0.34652694896129815,0.4774463683658028,0.42048283948436416,0.4871812090021019,0.6584059620168672,0.46656996980819626
40.0,16.84,-0.5762025600085448,0.495583695005931,-0.3409996687454717,0.47563791860224597,0.4270134150107771,0.48819734918035734,0.6639207211338162,0.4646910320491541
40.0,16.86,-0.5697112130824483,0.4965582517572257,-0.33556156547338045,0.47378873112279235,0.4335156213419166,0.48912139501963775,0.6693457990948339,0.46277213282018687
40.0,16.88,-0.5632490149333123,0.4974420697132777,-0.33021155480711534,0.4719010057262733,0.4399881622230134,0.4899548482601162,0.6746823428862776,0.4608154643853418
40.0,16.9,-0.5568170439414666,0.49823674844187543,-0.32494844147578816,0.4699769148346804,0.44642985540017693,0.490699176628518,0.6799315079614268,0.45882315396019746
40.0,16.92,-0.5504166179834584,0.4989436152417073,-0.319771176152736,0.46801844395178244,0.4528395158030001,0.4913558707329052,0.6850944373272461,0.4567972538567439
40.0,16.94,-0.5440488283049159,0.49956418708881833,-0.31467861006399955,0.46602756689174935,0.45921606262969333,0.4919264240076062,0.6901723115787995,0.4547397273066131
40.0,16.96,-0.537714632983025,0.500100070404858,-0.30966957962404157,0.4640061886491403,0.4655584017488232,0.49241234139550105,0.6951663362347758,0.45265245994520464
40.0,16.98,-0.5314151194833208,0.5005526764206156,-0.30474274352676667,0.46195624789861955,0.4718655562645558,0.49281510705389153,0.7000776814383057,0.45053727565500556
40.0,17.0,-0.5251512319435335,0.5009234947535574,-0.29989715026200936,0.4598793437102281,0.47813655836764574,0.4931362052254642,0.7049075570529079,0.4483959201457955
40.0,17.02,-0.5189238897178886,0.5012140253476994,-0.29513151869578536,0.4577772323261203,0.4843704933288314,0.4933771497815349,0.7096571527952616,0.4462300770452961
40.0,17.04,-0.5127340451766462,0.5014256593997132,-0.2904446376121394,0.45565154776002514,0.49056649893397763,0.4935394137911648,0.7143276819177301,0.4440413471647511
40.0,17.06,-0.5065823469249442,0.501560049174375,-0.28583529637344535,0.4535038730762282,0.4967237592304979,0.4936244740557011,0.7189203305068683,0.44183130596499526
40.0,17.08,-0.5004697589982374,0.5016184855762265,-0.2813024271723623,0.4513356174066143,0.5028415083537885,0.4936338143736665,0.7234363241366796,0.43960140963194266
40.0,17.1,-0.4943969373890332,0.5016025112961516,-0.27684472732893534,0.44914829298427167,0.5089190199045789,0.4935688972895583,0.7278768374300679,0.43735308040581133
40.0,17.12,-0.48836458699543833,0.5015135690826659,-0.2724610526583188,0.44694326166695697,0.5149555988194874,0.4934311906939837,0.7322430733675613,0.4350877234948878
40.0,17.14,-0.48237328192421663,0.501353169058839,-0.26815025009490473,0.44472182211550515,0.520950605118963,0.49322213896801015,0.7365362146759346,0.4328066135765577
40.0,17.16,-0.47642374574880886,0.5011226508396516,-0.26391117146638843,0.44248523170035275,0.5269034466697256,0.49294318967713513,0.7407574505297174,0.4305110170784828
40.0,17.18,-0.47051647456504553,0.5008234930169373,-0.2597425912537123,0.4402347427046856,0.5328135470286806,0.49259576327862553,0.7449079546309004,0.42820212973541794
40.0,17.2,-0.4646520335290382,0.5004570936906959,-0.25564343595897265,0.43797146110131946,0.5386803918470802,0.4921812967105103,0.7489888844060751,0.4258811133425499
40.0,17.22,-0.4588309427565754,0.5000248263988647,-0.25161248875986975,0.43569655080024733,0.5445034976728931,0.4917011621008652,0.7530013948628652,0.4235490887793845
40.0,17.24,-0.453053596877406,0.4995281245574084,-0.2476486877158774,0.4334110395828615,0.5502824115866534,0.4911567875204315,0.7569466397581974,0.4212070694397101
40.0,17.26,-0.44732046146766696,0.4989683429261789,-0.24375081606005652,0.4311159874729977,0.5560167156128727,0.49054952317491207,0.7608257460899306,0.4188561047529196
40.0,17.28,-0.4416318629150753,0.49834687617766116,-0.23991774579966443,0.4288123804559463,0.5617060448414611,0.4898807435212128,0.7646398511124153,0.416497129859744
40.0,17.3,-0.4359881949835822,0.4976650359616402,-0.23614850481882663,0.4265010836252026,0.5673500349073266,0.4891518011379909,0.7683900516433843,0.414131095360927
40.0,17.32,-0.43038982179248897,0.49692411915712276,-0.23244189782842015,0.4241830417558663,0.5729483861924766,0.4883640141416848,0.7720774605912932,0.4117588617541569
40.0,17.34,-0.42483690544270625,0.4961255558778857,-0.22879696300493424,0.4218590457996816,0.5785008045772854,0.48751871837319755,0.7757031454576355,0.40938128914717753
40.0,17.36,-0.41932991247012047,0.4952704433674925,-0.2252124535831132,0.41953001838706766,0.5840070527264032,0.4866171906936988,0.7792681966310847,0.4069991717571217
40.0,17.38,-0.4138688694077092,0.4943602550817279,-0.22168748876752728,0.4171966299158657,0.5894669020243396,0.48566072918297515,0.7827736632343567,0.40461329200744844
40.0,17.4,-0.40845402231013966,0.4933962064060763,-0.2182209106676566,0.41485969159540653,0.5948801447491688,0.48465059518267045,0.7862206050065901,0.402224362909909
40.0,17.42,-0.4030856827599067,0.4923794323032523,-0.2148117887677053,0.41251986709314464,0.6002466346861867,0.48358802929954964,0.7896100394397884,0.3998331061014226
40.0,17.44,-0.3977638752127232,0.4913112581110585,-0.2114590513164399,0.41017785742592744,0.605566210671765,0.482474258304428,0.7929429986709112,0.39744016142689914
40.0,17.46,-0.39248869213583387,0.4901929228440503,-0.20816171322647897,0.4078343059767807,0.610838767250488,0.4813105183935365,0.7962204723147991,0.39504619781411987
40.0,17.48,-0.3872602846663539,0.48902557246781836,-0.20491879843723412,0.4054898283755831,0.6160642158254123,0.4800979720301644,0.799443443590198,0.3926517946190421
40.0,17.5,-0.3820787775080251,0.4878103311471017,-0.2017293332079147,0.4031449993551221,0.6212424825859223,0.47883779339486277,0.8026129093487183,0.39025753908970173
40.0,17.52,-0.3769441980232925,0.4865483838253585,-0.19859236519018916,0.4008003908362042,0.6263735159899165,0.477531157528303,0.8057298048571575,0.3878639907847638
40.0,17.54,-0.37185646034347314,0.4852409492237104,-0.19550694023397816,0.39845652612883786,0.6314573117862852,0.47617919041240403,0.8087950936653695,0.38547164019583535
40.0,17.56,-0.36681571837312393,0.4838890362484611,-0.19247219476845073,0.39611389335318736,0.6364938322633102,0.47478301175655646,0.8118096921631177,0.38308101189598376
40.0,17.58,-0.3618219332695438,0.4824937617555403,-0.18948719597983082,0.39377297343228046,0.6414831357873791,0.4733437121464357,0.814774511244513,0.3806925820153938
40.0,17.6,-0.35687496076795944,0.48105627960886366,-0.18655103021047548,0.3914342421814763,0.6464252214804227,0.4718623753028487,0.8176904654201187,0.3783067660224649
40.0,17.62,-0.35197498817537837,0.4795774914977716,-0.18366278763248128,0.3890981391039945,0.6513201591351705,0.47034005436837656,0.8205584264737131,0.37592401943140785
40.0,17.64,-0.3471216666375236,0.4780586311095245,-0.18082163871537402,0.3867650547231222,0.6561680256745263,0.46877779401431613,0.82337926545202,0.37354473725178766
40.0,17.66,-0.3423151464468072,0.4765005606311729,-0.17802676915031243,0.38443537347237045,0.6609688968904436,0.46717660812917833,0.8261538394957242,0.371169300732417
40.0,17.68,-0.3375552165295308,0.47490435210796744,-0.17527723198172532,0.3821095042510438,0.6657228839023579,0.46553750640157265,0.8288829919889192,0.3687980610485881
40.0,17.7,-0.33284173974649733,0.4732710024898344,-0.17257236600645903,0.3797877310584994,0.6704301018029749,0.46386147231330416,0.831567545634587,0.36643137182326097
40.0,17.72,-0.32817465562780224,0.4716014432681109,-0.169911248355896,0.37747043361347055,0.6750906836394582,0.46214947354937314,0.8342083081539505,0.3640695579828967
40.0,17.74,-0.3235537925856937,0.46989662494944334,-0.1672931035473054,0.37515792095185135,0.6797047798242339,0.46040242728201003,0.8368060748271298,0.36171293505758867
40.0,17.76,-0.3189790564814003,0.46815743453533587,-0.16471716337668665,0.37285048094695544,0.6842725477857328,0.4586212800547679,0.8393616401455684,0.3593617629561396
40.0,17.78,-0.31445017768715205,0.466384853359637,-0.16218267273759207,0.37054839375114923,0.6887941600699422,0.4568069445883733,0.8418757622378573,0.35701633540763755
40.0,17.8,-0.3099669544300672,0.46457978172048753,-0.1596888820368605,0.3682519150721736,0.6932698029422167,0.45496029918880054,0.8443491897757526,0.3546769231558008
40.0,17.82,-0.30552941358025487,0.4627429364800649,-0.15723499271279362,0.36596132543587323,0.6976996670901013,0.4530821993781348,0.8467826808280916,0.35234373043353107
40.0,17.84,-0.3011370930053788,0.46087535181691275,-0.1548204056150369,0.36367680332949387,0.7020839629935648,0.4511735230599068,0.849176943802586,0.35001702690937025
40.0,17.86,-0.2967899154506876,0.45897776000606993,-0.1524442771882281,0.3613986266575867,0.7064228954995703,0.44923508522024275,0.8515327087814111,0.34769698749410977
40.0,17.88,-0.2924876467193402,0.4570510051481048,-0.1501059643486676,0.3591269772507186,0.7107167113979576,0.4472677034346933,0.8538506637782645,0.34538383991971305
40.0,17.9,-0.2882301035889449,0.4550958320492458,-0.14780483170671588,0.35686202486028057,0.714965634092127,0.4452721738558792,0.8561315001268065,0.34307776274318313
40.0,17.92,-0.2840169527449924,0.4531130968993477,-0.14554013284531608,0.35460399058346753,0.7191698946996125,0.4432492745512084,0.8583758928092118,0.34077892985396224
40.0,17.94,-0.27984800264165344,0.45110352266775655,-0.1433112499784474,0.3523530185613764,0.7233297561423,0.4411997806301871,0.8605845002228169,0.3384875110391273
40.0,17.96,-0.27572297555763264,0.44906786684565236,-0.14111751847609877,0.3501092827842255,0.7274454864302171,0.43912441312624223,0.8627579786763203,0.336203643583505
40.0,17.98,-0.2716415909249648,0.4470068757932477,-0.13895827784805984,0.3478729327538533,0.7315173196005151,0.4370239200871674,0.864896953532225,0.3339274908605696
40.0,18.0,-0.2676036339255393,0.44492122280043644,-0.13683300380079375,0.3456440743656498,0.735545549956131,0.4348989953953519,0.8670020573133012,0.33165917104877024
40.0,18.02,-0.263608809055117,0.44281161938092384,-0.13474093493202188,0.34342289081926547,0.739530444244662,0.4327503473853195,0.8690738960113948,0.32939881390266984
40.0,18.04,-0.2596568869627362,0.4406787060308141,-0.13268162127631103,0.34120943932780556,0.7434722872845478,0.43057864007696117,0.8711130715328502,0.3271465352371991
40.0,18.06,-0.25574748851419554,0.4385232153041504,-0.13065438352467748,0.3390038694618904,0.7473713755418183,0.428384541489314,0.8731201790678742,0.3249024189334489
40.0,18.08,-0.25188037257496215,0.4363457538735942,-0.12865867023526653,0.33680627364816773,0.7512279897974088,0.4261686910158828,0.875095787049934,0.32266657931320797
40.0,18.1,-0.24805522327189988,0.4341469699232702,-0.12669393572609147,0.3346167313900507,0.7550424212755843,0.4239317324190315,0.8770404694478424,0.32043908689164197
40.0,18.12,-0.24427186951154867,0.43192740697718374,-0.12475958647387585,0.3324353429528164,0.758814976101381,0.4216742645162123,0.8789547723059643,0.3182200431496859
40.0,18.14,-0.24052983442069667,0.42968776766258215,-0.12285515287889283,0.3302621558157126,0.7625459609506248,0.4193968853460438,0.8808392446566756,0.31600950555915114
40.0,18.16,-0.23682893210452888,0.4274285554871756,-0.1209800019332843,0.3280972814167908,0.7662356899780752,0.41710017907686947,0.8826944204417405,0.3138075333677391
40.0,18.18,-0.2331687627575665,0.42515041245808716,-0.11913367986886489,0.32594075429071584,0.7698844432068112,0.4147847285190578,0.8845208225314589,0.3116141894669554
40.0,18.2,-0.22954905779102372,0.42285385521839913,-0.11731562539021663,0.32379264343669634,0.7734925713069967,0.41245106837321377,0.8863189576167982,0.3094295389839219
40.0,18.22,-0.2259695539761011,0.42053940489356006,-0.11552540195627886,0.32165297987516966,0.7770603573143379,0.4100997494272302,0.8880893353125262,0.3072536042692484
40.0,18.24,-0.22242990982652305,0.4182076064697088,-0.1137625224938965,0.31952180820152515,0.7805881305053325,0.40773129628913957,0.8898324419755352,0.3050864428246179
40.0,18.26,-0.21892985072522267,0.4158589448794512,-0.11202639327780275,0.3173991975317322,0.7840762087659077,0.40534622875495296,0.8915487664953287,0.3029280698243452
40.0,18.28,-0.21546895844619968,0.41349397568002055,-0.11031665431892708,0.31528514164636073,0.7875249101365882,0.4029450163931011,0.8932387787294742,0.30077852040017905
40.0,18.3,-0.2120469574456206,0.4111131616608184,-0.10863284120828982,0.3131796713951345,0.7909345529873919,0.4005281657180582,0.8949029421813446,0.29863781960863567
40.0,18.32,-0.20866357086260973,0.40871695678242037,-0.10697438623056366,0.31108284467718494,0.7943054569302578,0.3980961516395526,0.8965417169525195,0.29650596629238835
40.0,18.34,-0.20531837651597562,0.40630587338754803,-0.10534100201895534,0.3089946223713863,0.7976379511334826,0.39564942190186664,0.8981555357648292,0.2943830122107288
40.0,18.36,-0.2020112321257651,0.40388026059199017,-0.10373208429513034,0.3069150782453981,0.8009323530660649,0.39318843878400805,0.8997448443261983,0.2922689368223536
40.0,18.38,-0.1987416459635296,0.4014406469996715,-0.10214735748849434,0.3048441660598511,0.8041889827965736,0.3907136172930154,0.9013100721308227,0.29016374197811645
40.0,18.4,-0.19550933537802903,0.3989874350516623,-0.10058633666684653,0.3027819072586229,0.8074081675645595,0.3882253796532158,0.9028516335701913,0.28806743528266926
40.0,18.42,-0.19231408694810526,0.39652098634848065,-0.09904860172135094,0.30072831311556003,0.8105902231648436,0.3857241465830614,0.904369940236766,0.2859800169624992
40.0,18.44,-0.1891554750104082,0.3940417476081908,-0.09753373070877593,0.29868336504331566,0.8137354811962871,0.3832102986594956,0.9058653935303036,0.2839014777030577
40.0,18.46,-0.18603321248774504,0.3915500850973776,-0.09604143383749195,0.296647074320914,0.8168442493842217,0.3806842444815697,0.9073383907761552,0.28183180080305364
40.0,18.48,-0.18294694947367324,0.38904639973596833,-0.09457117869962046,0.29461939161963546,0.8199168532631659,0.37814635400094476,0.9087893181563493,0.2797709775257604
40.0,18.5,-0.17989646721690533,0.38653100792067546,-0.09312269574836603,0.29260034911785704,0.822953613790909,0.3755969828416588,0.9102185562846853,0.2777189743286614
40.0,18.52,-0.176881274271606,0.38400433715111915,-0.09169557448831839,0.2905898755314996,0.8259548525961546,0.37303647504218956,0.9116264749036095,0.27567578352787925
40.0,18.54,-0.17390122498995272,0.3814666648705071,-0.09028944368337571,0.2885879993612778,0.8289208787017213,0.37046519207300976,0.9130134391002968,0.2736413733089647
40.0,18.56,-0.17095596321561515,0.37891833507634404,-0.0889039278725169,0.28659471353524396,0.8318520133619955,0.36788345493811647,0.9143798058433552,0.27161572158128094
40.0,18.58,-0.16804513853987316,0.376359689536086,-0.08753873734850265,0.2846099133210094,0.8347485682167173,0.36529158663101713,0.9157259177643328,0.26959881434460276
40.0,18.6,-0.16516846955346665,0.3737910347831814,-0.08619350853674822,0.2826335913617583,0.837610849965056,0.3626899146144721,0.9170521292911827,0.2675905841152393
40.0,18.62,-0.16232560275312408,0.371212680161515,-0.08486789399095296,0.28066577114993213,0.8404391806104172,0.360078710386693,0.9183587693894443,0.26559102064978557
40.0,18.64,-0.15951626086776396,0.3686249188404171,-0.0835615230646312,0.2787063776271106,0.8432338575996683,0.3574582939671722,0.9196461651794836,0.26360009128556916
40.0,18.66,-0.15674015987719347,0.36602801933775514,-0.08227414802935445,0.27675537123132754,0.8459951939212158,0.35482892995442816,0.9209146438000528,0.26161774156269174
40.0,18.68,-0.1539970187101606,0.3634222473932405,-0.0810054285805521,0.27481274120190313,0.8487234850928421,0.3521909178439415,0.9221645175145758,0.2596439432099706
40.0,18.7,-0.15128643157771665,0.3608079148286265,-0.07975501204067066,0.27287841273022834,0.8514190474127684,0.3495444867731054,0.923396098541252,0.2576786464304922
40.0,18.72,-0.1486081852975506,0.35818524554121794,-0.07852267447060743,0.2709523778085571,0.8540821702512723,0.3468899147769589,0.9246096932932751,0.2557217957426345
40.0,18.74,-0.14596193895635867,0.35555450208356604,-0.07730802691717713,0.2690345757064378,0.8567131496969583,0.34422745626299406,0.9258055900927203,0.2537733788643578
40.0,18.76,-0.14334748028759894,0.3529158938107867,-0.07611084598875924,0.2671249672129902,0.8593122881239291,0.341557324491552,0.9269840893233222,0.2518333135838569
40.0,18.78,-0.1407644105246292,0.3502696923819238,-0.07493084771264483,0.26522346578246064,0.8618798727710765,0.33887977001749814,0.9281454742980253,0.24990156142940123
40.0,18.8,-0.13821252214798532,0.3476160969472647,-0.07376767848380428,0.2633300728430196,0.8644161897891244,0.33619501717641953,0.9292900225642051,0.24797807883445921
40.0,18.82,-0.13569154157343158,0.3449553117958037,-0.07262112836194766,0.261444750062716,0.8669215278532177,0.33350328301725496,0.9304180122823742,0.2460628015715908
40.0,18.84,-0.13320108008344395,0.3422875880332204,-0.07149092015898771,0.25956738265301865,0.8693961805382616,0.3308047435612799,0.931529712421443,0.24415567697387633
40.0,18.86,-0.13074093180479562,0.33961309756083063,-0.07037676155873272,0.2576979596352545,0.8718404114965925,0.32809964233366345,0.9326253807305249,0.2422566635685393
40.0,18.88,-0.12831083024156673,0.33693202573113135,-0.06927845475458642,0.2558364450296276,0.8742545132391354,0.32538813930120253,0.9337052797606106,0.24036570062952342
40.0,18.9,-0.12591045676185048,0.33424458523517026,-0.06819569227201472,0.2539827396847188,0.8766387500420844,0.3226704457327058,0.9347696597514469,0.2384827385514698
40.0,18.92,-0.12353960496092081,0.331550918831798,-0.06712819637009844,0.2521368333373474,0.8789934007764413,0.3199467188990114,0.9358187765097856,0.23660769142640148
40.0,18.94,-0.12119796120469285,0.32885122721595694,-0.06607581011919438,0.2502986227805806,0.8813187323445566,0.31721713920093936,0.9368528673324851,0.23474051787292474
40.0,18.96,-0.11888520900506401,0.3261456855862223,-0.0650382560007673,0.24846807066151083,0.883615012386463,0.31448186293828073,0.9378721690417419,0.23288117363794314
40.0,18.98,-0.11660120860954312,0.3234344099635864,-0.06401525443075229,0.24664511139581866,0.8858824955626525,0.3117410697102302,0.9388769184657647,0.23102957700074628
40.0,19.0,-0.11434559400625299,0.3207175919301092,-0.0630066314789603,0.24482971481789692,0.8881214498036061,0.3089948850435307,0.9398673476346004,0.2291856597713784
40.0,19.02,-0.11211817118306822,0.31799535440292165,-0.062012158665892714,0.24302180641611648,0.8903321307353532,0.30624345831873107,0.9408436756272638,0.2273493827921618
40.0,19.04,-0.10991863740375282,0.3152678576654672,-0.06103156265022723,0.24122129631595027,0.8925147842218473,0.3034869466138767,0.9418061206637582,0.22552068687444635
40.0,19.06,-0.107746800552832,0.3125352099749052,-0.060064728995691895,0.23942817536243655,0.8946696652566959,0.3007254692137963,0.9427549059846373,0.22369947685258237
40.0,19.08,-0.1056024187111059,0.30979754541053295,-0.05911133680183367,0.23764231214204215,0.8967970176060757,0.2979591528990792,0.9436902401481756,0.22188570382966732
40.0,19.1,-0.10348519404236163,0.3070549973723286,-0.05817123668009296,0.23586371061070108,0.8988970811044488,0.29518813465906285,0.9446123279194724,0.22007931576623427
40.0,19.12,-0.10139489026974885,0.30430768712785,-0.05724421343393342,0.23409227687823184,0.9009700998453136,0.292412512377012,0.9455213740523113,0.21828024104096352
40.0,19.14,-0.09933132438424061,0.30155570843089075,-0.056330103208697704,0.23232793654957487,0.9030163044133477,0.2896324086594134,0.9464175782379961,0.21648840470379407
40.0,19.16,-0.09729420707410495,0.2987991777183275,-0.05542863038120222,0.2305706731864263,0.9050359353786386,0.28684790910194446,0.9473011319437173,0.21470376260594307
40.0,19.18,-0.09528336348467438,0.2960381923720441,-0.05453966601000341,0.22882035293983197,0.9070292116513696,0.28405913918229153,0.9481722340209663,0.2129262181052759
40.0,19.2,-0.09329855506629291,0.2932728220991684,-0.05366298900285285,0.227076979233598,0.9089963657279321,0.28126617136041787,0.9490310670119927,0.21115572103894054
40.0,19.22,-0.09133956793468354,0.29050320091633375,-0.05279843661591325,0.22534043281901206,0.9109376126394251,0.2784691197058856,0.9498778129241149,0.2093922192479567
40.0,19.24,-0.08940611429919719,0.28772939123617947,-0.051945822146161905,0.22361065894238505,0.912853177330703,0.2756680442642091,0.9507126549960457,0.20763562422231552
40.0,19.26,-0.08749802736172331,0.28495147233869683,-0.0511050069543974,0.22188762120233513,0.914743267320862,0.27286304709495857,0.9515357731531603,0.2058858622783823
40.0,19.28,-0.08561514663474631,0.2821695394318674,-0.05027572156351507,0.22017123498740182,0.9166080968908303,0.27005419286559623,0.9523473340175836,0.20414288986066287
40.0,19.3,-0.08375719112001377,0.2793836362664942,-0.04945786687920348,0.2184614336026023,0.9184478771540845,0.26724154067244454,0.9531475107993921,0.20240662838156798
40.0,19.32,-0.08192399780616949,0.27659382680096894,-0.04865126341218551,0.21675814522485407,0.9202628021026323,0.26442519231711414,0.953936468086636,0.20067701313014888
40.0,19.34,-0.08011536273729644,0.27380020712862047,-0.047855772774861756,0.21506129214900316,0.9220530847044249,0.26160516382323573,0.9547143687425852,0.19895397743013135
40.0,19.36,-0.07833106329027203,0.2710027964995339,-0.04707118983237831,0.21337084067060325,0.9238189069402696,0.2587815624204778,0.95548137733826,0.19723743599717478
40.0,19.38,-0.07657095170676932,0.2682016830653804,-0.04629733998528786,0.21168670137794704,0.9255604713869634,0.2559544101579581,0.9562376475540785,0.19552733452430215
40.0,19.4,-0.07483476813463297,0.2653969084567276,-0.04553413613882826,0.21000882052697056,0.9272779679031756,0.25312375621231487,0.956983330328103,0.19382361668439851
40.0,19.42,-0.07312240247714995,0.26258849634755493,-0.04478140876956011,0.20833711472911184,0.9289715762559535,0.2502896604916566,0.9577185816512676,0.1921261909608645
40.0,19.44,-0.07143361451443687,0.2597765315832224,-0.044038960935868024,0.20667153522468665,0.9306414813214686,0.24745216312811463,0.9584435456578643,0.19043499680529194
40.0,19.46,-0.06976824092716996,0.2569610059491438,-0.04330670238168579,0.20501198882708588,0.9322878610017364,0.24461129865564724,0.9591583681149278,0.18874997264738314
40.0,19.48,-0.06812617976414354,0.2541419547040955,-0.042584477891248695,0.20335842475462132,0.9339108872628389,0.2417671138418153,0.9598631886907313,0.18707105438736804
40.0,19.5,-0.066507151865544,0.2513194563255017,-0.04187209526599397,0.2017107786278181,0.9355107366703628,0.23891961835286066,0.9605581496959072,0.18539815976576088
40.0,19.52,-0.06491104314055887,0.24849348044128725,-0.04116951117405874,0.20006898292597153,0.9370875692059292,0.23606886634268698,0.9612433873078229,0.183731221452925
40.0,19.54,-0.06333767609302973,0.245664105824515,-0.04047653391555257,0.19843295643780406,0.9386415555138007,0.2332148591986189,0.9619190317055394,0.1820701871472995
40.0,19.56,-0.0617868968350802,0.24283131404021896,-0.03979301994079382,0.19680265959105558,0.9401728516580135,0.23035762617696354,0.9625852177584071,0.18041496947754013
40.0,19.58,-0.06025856839373989,0.2399951457395063,-0.03911885355350747,0.19517800327422605,0.9416816179403676,0.22749717706119535,0.9632420722506412,0.17876551316044906
40.0,19.6,-0.05875250075740801,0.23715559978164985,-0.038453959490048574,0.19355891811655793,0.9431679992450546,0.2246335496293922,0.963889721217778,0.1771217442655503
40.0,19.62,-0.05726855688600603,0.23431269747838507,-0.03779812486148911,0.1919453428732589,0.9446321485322979,0.22176674589206546,0.9645282900581685,0.17548358764350755
40.0,19.64,-0.05580663671211079,0.23146643029156613,-0.03715127941102573,0.19033721499163328,0.9460742121217766,0.21889676337249875,0.965157894129177,0.17385100003278306
40.0,19.66,-0.05436652230547307,0.22861682830253008,-0.036513316352249144,0.1887344603222316,0.947494327516935,0.21602362955098617,0.9657786584957554,0.17222388672564712
40.0,19.68,-0.05294811577460257,0.22576387630267827,-0.03588409821555512,0.18713701497886667,0.9488926391838753,0.21314731861066896,0.9663906940778532,0.1706022016298257
40.0,19.7,-0.05155127707374796,0.22290755641937884,-0.035263490561959036,0.18554481859641647,0.9502692757100022,0.21026785067579706,0.9669941190289397,0.16898585374692626
40.0,19.72,-0.05017588305659315,0.22004791700913726,-0.0346514261294956,0.18395780220414665,0.9516243682555657,0.2073852265451504,0.9675890417712552,0.16737479636168226
40.0,19.74,-0.04882183008447697,0.21718491203364265,-0.0340477707645696,0.1823758920209249,0.9529580447745112,0.20449942643586588,0.9681755735221111,0.16576895623466237
40.0,19.76,-0.04748894425647722,0.2143185335698281,-0.0334523934326648,0.18079901840124718,0.9542704257186346,0.20161046135147,0.9687538201173577,0.16416826698571665
40.0,19.78,-0.04617713391891136,0.21144877841626453,-0.032865232492122476,0.17922712495984028,0.9555616328820886,0.19871830548109076,0.9693238868368345,0.16257266126296485
40.0,19.8,-0.04488626497529239,0.20857562699753468,-0.03228616109122224,0.17766015027468857,0.9568317829812129,0.19582294708368117,0.9698858772866766,0.16098207057039685
40.0,19.82,-0.04361625156077105,0.20569910245625925,-0.03171508238551735,0.17609801112306409,0.9580809868243021,0.19292437103232274,0.9704398911650506,0.1593964318812123
40.0,19.84,-0.042366983037925535,0.20281911510144215,-0.031151905145505282,0.17454064945769773,0.9593093481386415,0.19002257610348194,0.9709860284740295,0.1578156761881926
40.0,19.86,-0.04113830084236559,0.19993569488717736,-0.030596509655747593,0.17298801687937754,0.9605169779954109,0.18711752572699142,0.9715243853315005,0.15623974001100258
40.0,19.88,-0.03993017980474434,0.1970488073609413,-0.03004882886425407,0.17144001942202514,0.9617039714568223,0.18420921301480978,0.9720550578771342,0.15466855562160423
40.0,19.9,-0.03874248703058891,0.19415843347239256,-0.029508747292006414,0.16989661799703262,0.9628704295276862,0.18129759557639832,0.9725781366964947,0.1531020571311496
40.0,19.92,-0.03757512390122102,0.19126454441920407,-0.02897617437967444,0.168357713576955,0.964016443948493,0.17838266223105972,0.9730937146780335,0.151540181767543
40.0,19.94,-0.0364280201785652,0.18836708515811182,-0.028451031851192007,0.16682329071191893,0.965142103519646,0.17546438212642074,0.9736018802494285,0.14998286186238996
40.0,19.96,-0.035301076245252624,0.185466036197509,-0.027933226521251894,0.165293242133112,0.966247492217397,0.172542739271179,0.9741027205287904,0.14843003407269043
40.0,19.98,-0.03419419354843415,0.18256138799911095,-0.027422668406317702,0.16376752536674435,0.9673326982159968,0.16961766286578633,0.9745963212683315,0.14688163243109179
40.0,20.0,-0.03310732644150295,0.17965307136717912,-0.026919280162060896,0.16224606227608251,0.9683977959795217,0.1666891529445459,0.9750827671992528,0.14533759363327464
60.0,0.0,-4.198713462621047e-07,-4.317898167233867e-06,-1.6106805022006997e-06,-2.6595663815254254e-06,0.9999996603562273,-4.660419695458459e-06,0.9999933125858467,-2.2261787533823632e-06
60.0,0.02,-1.0536383730760065e-06,-0.0008476649276842468,-1.3246580388582121e-06,-0.000235357000945896,0.9999990054796173,-0.0008566440776279961,0.9999946079220384,-0.00025451570442823463
60.0,0.04,-3.118654677668731e-06,-0.001691041093732393,-1.1576872383017595e-06,-0.00046805530457464506,0.999996911399279,-0.0017086588354935889,0.9999957503474352,-0.0005068161796444701
60.0,0.06,-6.615060516229932e-06,-0.002534449083145654,-1.1096255544162118e-06,-0.0007007562106895485,0.999993377953674,-0.0025607070950228487,0.9999967402784645,-0.0007591290832072956
60.0,0.08,-1.1543083391543575e-05,-0.003377890867004003,-1.1803217301012035e-06,-0.0009334614835516216,0.9999884049527052,-0.0034127911956721036,0.9999975781257368,-0.00101145593797605
60.0,0.1,-1.790290487249505e-05,-0.004221369270569374,-1.3696323460256774e-06,-0.0011661730492506309,0.9999819921776191,-0.004264913458648057,0.9999982642944791,-0.0012637982323175135
60.0,0.12,-2.5694702563255577e-05,-0.005064887011594285,-1.6774281861259752e-06,-0.0013988924871484454,0.9999741393804591,-0.005117076326399185,0.9999987991842292,-0.0015161574724580058
60.0,0.14,-3.491879649464807e-05,-0.005908445251408098,-2.103552898548904e-06,-0.0016316217616973946,0.999964846285778,-0.005969282065785415,0.999998436142737,-0.001768533878750902
60.0,0.16,-4.557554019546464e-05,-0.006752047779007901,-2.647916952610723e-06,-0.0018643625131891468,0.9999541125857396,-0.0068215332915164024,0.9999979579191827,-0.0020209298514818745
60.0,0.18,-5.766531216484528e-05,-0.0075956970505508025,-3.310360541699343e-06,-0.00209711674943849,0.9999419379479052,-0.007673832267931144,0.9999974159429995,-0.0022733471629659474
60.0,0.2,-7.11881448165082e-05,-0.008439394721679287,-4.090780321300927e-06,-0.0023298860473167514,0.9999283220078846,-0.008526181432419266,0.9999968101935578,-0.0025257875424091847
60.0,0.22,-8.614488407703815e-05,-0.009283143237382382,-4.989041972149271e-06,-0.0025626720189875327,0.9999132643725346,-0.009378583220771652,0.9999961406494371,-0.00277825236994027
60.0,0.24,-0.00010253550196002875,-0.010126944738055428,-6.005067488025858e-06,-0.0027954768362436137,0.9998967646217474,-0.01023103989253274,0.9999954072872806,-0.0030307432002070456
60.0,0.26,-0.00012036072158571785,-0.010970802961770464,-7.1387710490194975e-06,-0.0030283024178066357,0.9998788223022453,-0.011083554054405928,0.9999946100815742,-0.0032832617623749227
60.0,0.28,-0.00013962099627244523,-0.011814719807216819,-8.390044221282719e-06,-0.0032611499071235565,0.9998594369355791,-0.011936127962064667,0.9999937490050423,-0.0035358097855932914
60.0,0.3,-0.00016031660372364088,-0.012658697575524604,-9.75869936221317e-06,-0.0034940217661442526,0.9998386080140768,-0.012788764043582384,0.9999928240299713,-0.003788388649931062
60.0,0.32,-0.0001824484226868851,-0.013502738543481874,-1.1244775854130363e-05,-0.003726919165106302,0.9998163349978797,-0.013641464724723846,0.9999918351258259,-0.004041000084503267
60.0,0.34,-0.00020601673591359336,-0.014346845732733428,-1.284816536595443e-05,-0.0039598447930090505,0.9997926173195526,-0.01449423242886419,0.9999907822610591,-0.0042936456438743865
60.0,0.36,-0.0002310223670180496,-0.015191019962480179,-1.4568731291232531e-05,-0.0041927993394664425,0.9997674543779573,-0.01534706975130015,0.9999896654009494,-0.004546327231651565
60.0,0.38,-0.0002574655958468031,-0.016035266282829443,-1.640650429110689e-05,-0.004425785544600176,0.9997408455517519,-0.01619997893571409,0.9999884845121858,-0.004799046053296047
60.0,0.4,-0.00028534737611355824,-0.016879586505238454,-1.8361285513014048e-05,-0.0046588049373972205,0.999712790178144,-0.017052962397314856,0.9999872395566958,-0.005051804012371879
60.0,0.42,-0.0003146683664334844,-0.017723982656772642,-2.0433031236857247e-05,-0.004891858783612587,0.9996832875857,-0.01790602219963714,0.9999859304963163,-0.0053046026633577345
60.0,0.44,-0.00034542914081323896,-0.018568454783296807,-2.262180335502205e-05,-0.005124949840514076,0.9996523370196414,-0.01875916319469768,0.9999845572903261,-0.0055574437352387575
60.0,0.46,-0.0003776303296340948,-0.01941300863017862,-2.492746204246443e-05,-0.005358078845969948,0.9996199378146641,-0.019612382903066633,0.9999831198962368,-0.00581032895697433
60.0,0.48,-0.0004112728378591179,-0.020257647776252403,-2.734997613851106e-05,-0.005591248623775095,0.9995860890849005,-0.020465689310326763,0.99998161827191,-0.006063259708437498
60.0,0.5,-0.0004463578685230967,-0.021102371690333643,-2.988926336874137e-05,-0.005824460196270947,0.9995507901115602,-0.02131908167568053,0.9999800523704852,-0.006316237893063807
60.0,0.52,-0.00048288557336087826,-0.02194718151237775,-3.2545333264561565e-05,-0.006057716328942428,0.9995140400287276,-0.022172562743042672,0.9999782934629132,-0.006569264219832391
60.0,0.54,-0.000520857364587103,-0.02279208609809026,-3.531808875283224e-05,-0.00629101768648944,0.9994758379809168,-0.023026135253356374,0.9999757337274876,-0.006822336173355143
60.0,0.56,-0.0005602735927010377,-0.023637080390843113,-3.820757756776005e-05,-0.0065243673124872805,0.9994361830540343,-0.023879801942977008,0.9999730300611509,-0.007075459571463601
60.0,0.58,-0.000601135312032603,-0.024482173513472764,-4.121365128704716e-05,-0.006757765596365295,0.9993950743760917,-0.024733563800560833,0.9999701827326349,-0.007328635910221767
60.0,0.6,-0.0006434441572352081,-0.02532736121335065,-4.4336465797235856e-05,-0.006991215947887532,0.999352510933158,-0.02558742529854506,0.9999671920020208,-0.007581867034974119
60.0,0.62,-0.0006871999519726451,-0.026172653191336076,-4.757587449336875e-05,-0.007224718560482289,0.9993084917389393,-0.026441389160993842,0.9999640581277656,-0.007835154267704151
60.0,0.64,-0.0007324048595436193,-0.02701804616862631,-5.093195102125826e-05,-0.00745827725368994,0.9992630158077228,-0.027295456362961698,0.9999607813584566,-0.008088499454188495
60.0,0.66,-0.0007790590828848853,-0.027863547679950168,-5.440470796550165e-05,-0.007691891277481656,0.9992160820865928,-0.028149629619260534,0.9999573619382015,-0.008341904265880768
60.0,0.68,-0.0008271639567473777,-0.028709155386448193,-5.799402266419778e-05,-0.007925564843092415,0.9991676894986089,-0.02900391164007164,0.9999538001050017,-0.00859537037442893
60.0,0.7,-0.0008767210609361722,-0.029554873332393188,-6.169998654399662e-05,-0.008159298718563553,0.9991178369428152,-0.029858305130831025,0.9999500960927564,-0.008848899277147312
60.0,0.72,-0.0009277304764267716,-0.03040070611626019,-6.552254361185918e-05,-0.008393095532369513,0.9990665232482421,-0.030712812790700306,0.9999462501261406,-0.009102492820578133
60.0,0.74,-0.0009801942400065866,-0.031246654206736172,-6.94618920216575e-05,-0.008626955795787827,0.9990137473095351,-0.031567435571191245,0.9999422624284198,-0.00935615250240157
60.0,0.76,-0.001034113514997617,-0.03209272189996606,-7.351778286593039e-05,-0.008860881986281892,0.998959507867149,-0.03242217790534512,0.9999381332104623,-0.00960988016948012
60.0,0.78,-0.0010894887724875466,-0.032938909381424804,-7.769038724617466e-05,-0.009094875439114514,0.9989038036781861,-0.03327704247670764,0.9999338626828277,-0.009863677494348149
60.0,0.8,-0.001146322327165312,-0.03378522056840101,-8.197973348681291e-05,-0.009328939612075725,0.9988466335949402,-0.03413202847671472,0.9999294510474281,-0.010117546149664978
60.0,0.82,-0.0012046149004197072,-0.034631661839966,-8.638580426399177e-05,-0.009563074333038208,0.9987879962019506,-0.034987142064481246,0.9999248985039426,-0.010371487633731823
60.0,0.84,-0.0012643672879469766,-0.03547822518517401,-9.090859927190054e-05,-0.009797283035038545,0.9987278901730072,-0.03584238590634842,0.9999202052391648,-0.010625503968529994
60.0,0.86,-0.0013255816938737112,-0.03632492441465743,-9.554844004724275e-05,-0.010031567528573695,0.9986663142745899,-0.03669775917636916,0.9999153714407802,-0.010879596478084381
60.0,0.88,-0.0013882591499249771,-0.0371717563641055,-0.00010030511446658452,-0.010265928159535698,0.9986032670416055,-0.037553266271268974,0.9999103972842163,-0.011133767359166267
60.0,0.9,-0.001452400872125403,-0.03801872285322624,-0.00010517859937972184,-0.010500369068079487,0.9985387470576459,-0.038408909838805017,0.9999052829444995,-0.011388017936025178
60.0,0.92,-0.0015180089247470363,-0.03886582974499744,-0.00011016918447434717,-0.010734889552843248,0.9984727528824381,-0.039264692520461525,0.9999000285859841,-0.011642350231118344
60.0,0.94,-0.0015850845423186098,-0.03971307739660692,-0.00011527683920668686,-0.010969493381196805,0.9984052830058795,-0.04012061694948633,0.999894634371391,-0.011896765743432087
60.0,0.96,-0.0016536283738320457,-0.04056046904801674,-0.00012050150350081891,-0.011204182746864251,0.9983363360115374,-0.04097668401192632,0.9998891004562924,-0.01215126614656855
60.0,0.98,-0.001723643332806613,-0.04140801121143577,-0.0001258434691671354,-0.011438956817881414,0.9982659102616446,-0.04183289806989656,0.9998834269834062,-0.012405853637745235
60.0,1.0,-0.0017951303618395293,-0.04225569534902342,-0.00013130270653515736,-0.0116738210235107,0.9981940042606644,-0.04268925999471998,0.9998776141018145,-0.01266052936716761
60.0,1.02,-0.0018680906734184625,-0.04310353710346978,-0.00013687951596402244,-0.01190877429160973,0.9981206162442701,-0.043545775876405006,0.999871661941246,-0.012915295532177769
60.0,1.04,-0.0019425260196684134,-0.043951529569412076,-0.00014257341748097818,-0.012143819993288976,0.9980457447999,-0.044402443087171006,0.9998655706348814,-0.0131701538066755
60.0,1.06,-0.002018438789106745,-0.04479967906125782,-0.00014838516094679364,-0.012378959764687749,0.9979693881027422,-0.045259267701942316,0.9998593403060821,-0.013425105864562564
60.0,1.08,-0.0020958296677579826,-0.045647987713222364,-0.00015431422830032454,-0.012614195429042296,0.9978915444417857,-0.046116252303318284,0.9998529710717571,-0.01368015355431622
60.0,1.1,-0.002174701068830533,-0.04649646082136163,-0.00016036141082245557,-0.01284952968908356,0.9978122121643017,-0.04697339772479142,0.9998464630411168,-0.01393529872442412
60.0,1.12,-0.002255055272931866,-0.0473450991588435,-0.00016652616569971096,-0.013084964017270172,0.9977313895048934,-0.047830706533524635,0.9998398163252292,-0.01419054287442992
60.0,1.14,-0.002336892858129677,-0.04819390177308845,-0.0001728090583002082,-0.013320499376071564,0.9976490746354685,-0.048688183032295225,0.9998330310165808,-0.01444588820188074
60.0,1.16,-0.0024202155515060564,-0.04904287478018227,-0.00017920998344410455,-0.013556137141365611,0.9975652656530216,-0.049545828022484605,0.9998261072121626,-0.014701336206322364
60.0,1.18,-0.0025050265551641165,-0.04989201837988329,-0.0001857288619285597,-0.013791881735370153,0.9974799608590614,-0.050403644053971915,0.9998190449963952,-0.014956888736290154
60.0,1.2,-0.002591327010882334,-0.05074134213392,-0.0001923662864265801,-0.014027733883599645,0.9973931581319354,-0.0512616353937492,0.9998118444479411,-0.015212547814857112
60.0,1.22,-0.0026791190327830677,-0.05159083997284009,-0.00019912216518616364,-0.014263696377648221,0.9973048557435235,-0.052119802830626026,0.9998045056445217,-0.015468314941539295
60.0,1.24,-0.002768404477738562,-0.05244051750424348,-0.00020599685287533143,-0.014499768760726135,0.9972150516598469,-0.052978150621266706,0.9997970286489793,-0.015724192313858725
60.0,1.26,-0.0028591842313330142,-0.053290379159616326,-0.00021299001423983612,-0.014735955122238532,0.9971237437872051,-0.05383667952062513,0.9997894135233008,-0.01598018160576512
60.0,1.28,-0.002951462426434966,-0.05414042011857896,-0.00022010200856592823,-0.014972255425006669,0.9970309302941602,-0.05469539378085244,0.9997816603253884,-0.016236284491203623
60.0,1.3,-0.003045239699423924,-0.05499065630442539,-0.0002273332702408336,-0.015208673550833494,0.9969366089512038,-0.055554294134091714,0.9997737691009988,-0.016492502993058496
60.0,1.32,-0.0031405181916107196,-0.05584107930439738,-0.00023468342316272764,-0.015445211933137517,0.9968407777687786,-0.05641338306298788,0.9997657398932148,-0.016748838959674165
60.0,1.34,-0.003237301129662405,-0.056691699077007114,-0.00024215312581907973,-0.015681871070435408,0.9967434344306589,-0.0572726665145494,0.9997575727362451,-0.017005294239287084
60.0,1.36,-0.0033355899969952614,-0.05754251116932172,-0.00024974225691851783,-0.015918652755401882,0.9966445770025224,-0.05813214346771404,0.9997492676588752,-0.017261870680074
60.0,1.38,-0.003435385850809007,-0.05839352143485101,-0.0002574512320623499,-0.016155557997843878,0.9965442033442075,-0.05899181637251684,0.9997408246867676,-0.017518570130185398
60.0,1.4,-0.003536692599596077,-0.05924473191571365,-0.00026527998588323566,-0.016392592366344393,0.9964423108652891,-0.059851691134513725,0.9997322438406068,-0.01777539408862587
60.0,1.42,-0.0036395112614632926,-0.060096146883588386,-0.00027322890965206036,-0.016629754551092776,0.9963388977195153,-0.06071176671322886,0.9997235251005409,-0.018032346148185767
60.0,1.44,-0.0037438456551479055,-0.060947764701762684,-0.00028129788836216336,-0.01686704727852285,0.9962339612795534,-0.06157204724885244,0.9997146685030736,-0.01828942623729651
60.0,1.46,-0.003849695856037431,-0.06179959123926606,-0.0002894873927788922,-0.017104473414676583,0.9961274992444096,-0.062432536892059166,0.99970567405233,-0.018546636029237975
60.0,1.48,-0.003957067297683076,-0.0626516317834978,-0.000297797609332113,-0.01734203576359143,0.9960195095119798,-0.06329323456110357,0.9996965417143595,-0.018803978941994013
60.0,1.5,-0.004065958900043978,-0.06350389098298591,-0.0003062283449905619,-0.017579732801203635,0.9959099894178729,-0.06415414611143075,0.9996872714676123,-0.019061456648334626
60.0,1.52,-0.004176376207136019,-0.06435635633710217,-0.0003147804537325319,-0.017817570466337744,0.9957989367290452,-0.06501527218027829,0.9996778633002377,-0.019319070821194165
60.0,1.54,-0.004288319240045153,-0.06520904993616602,-0.00032345344728906264,-0.01805554796984705,0.9956863487475172,-0.0658766168562449,0.9996683171870635,-0.01957682313323317
60.0,1.56,-0.004401792661040227,-0.06606196071456187,-0.0003322481376657719,-0.018293667643658834,0.9955722231052699,-0.06673818074890789,0.999658633054976,-0.019834717001554678
60.0,1.58,-0.004516796682980926,-0.06691509639372391,-0.00034116474503079376,-0.018531932884103493,0.9954565573073002,-0.06759996794083746,0.9996488109439579,-0.02009275060919872
60.0,1.6,-0.004633335865440642,-0.06776846003508347,-0.00035020281537216495,-0.018770345897531484,0.9953393486166281,-0.06846198074289044,0.9996388507066714,-0.020350930862536136
60.0,1.62,-0.0047514109515483585,-0.06862204973647254,-0.0003593631635535787,-0.01900890743002274,0.9952205946285216,-0.06932422147853452,0.9996287523453808,-0.020609255943765243
60.0,1.64,-0.004871026959414135,-0.06947587329964387,-0.00036864597711743234,-0.01924761878232362,0.995100292468357,-0.07018669242870176,0.9996185157893955,-0.020867729269827925
60.0,1.66,-0.0049921849435546305,-0.07032993265344402,-0.0003780514970931271,-0.019486483940700423,0.9949784395843219,-0.07104939763173469,0.9996081409667396,-0.021126352512144543
60.0,1.68,-0.005114887894689222,-0.07118422257578988,-0.000387579932768908,-0.019725505069825146,0.9948550333144003,-0.0719123376172204,0.999597627815115,-0.02138512734226799
60.0,1.7,-0.005239138178660384,-0.07203876334374193,-0.00039723145462314274,-0.019964682270896268,0.9947300707371676,-0.07277551637624392,0.9995869762095986,-0.021644057175757164
60.0,1.72,-0.005364938998145454,-0.07289353424263667,-0.0004070062805733625,-0.020204017990079093,0.9946035493998612,-0.07363893443244766,0.9995761860980805,-0.021903141938786272
60.0,1.74,-0.005492294114080642,-0.07374855607018296,-0.00041690463150565707,-0.020443514695123274,0.9944754661107034,-0.07450259748070981,0.9995652573625675,-0.022162385046867846
60.0,1.76,-0.005621204804814964,-0.07460383300481634,-0.0004269271391981468,-0.020683177140318317,0.994345818049204,-0.07536650599547866,0.9995541898814156,-0.02242178991531413
60.0,1.78,-0.005751674881224521,-0.07545935083386386,-0.0004370735738769546,-0.020923002780968595,0.9942146024669535,-0.07623066393656812,0.9995429836020516,-0.022681354724592928
60.0,1.8,-0.005883706119853434,-0.07631512007902845,-0.00044734456863537914,-0.02116299583708072,0.9940818162748704,-0.07709507348115531,0.9995316383480453,-0.02294108463399151
60.0,1.82,-0.006017302885635,-0.0771711499237009,-0.00045774071828597344,-0.02140315775268201,0.9939474568521003,-0.0779597350856898,0.9995201540184759,-0.023200981313511112
60.0,1.84,-0.006152468812121601,-0.07802743901177407,-0.0004682615450616939,-0.021643491951870476,0.9938115207021391,-0.07882465436308769,0.9995085305054863,-0.023461044687453653
60.0,1.86,-0.006289204653682748,-0.07888398384256916,-0.0004789076751788217,-0.02188400129535692,0.993674005180245,-0.07968983174476049,0.9994967675999901,-0.023721279913904415
60.0,1.88,-0.006427513747293058,-0.07974079640217326,-0.0004896796273542569,-0.022124682893007334,0.9935349070121235,-0.08055527109142745,0.9994848652244829,-0.023981686917593267
60.0,1.9,-0.006567401340307321,-0.08059787676573124,-0.0005005774195712047,-0.02236554575151725,0.9933942230485151,-0.08142097451584077,0.9994728232245828,-0.02424226736673784
60.0,1.92,-0.006708869699104775,-0.0814552220024626,-0.0005116016029847919,-0.022606587891850806,0.9932519502435097,-0.08228694412695012,0.9994606413700197,-0.02450302641840851
60.0,1.94,-0.006851920135356507,-0.08231283513068542,-0.0005227524397191104,-0.022847811483612465,0.9931080852806916,-0.0831531837444801,0.9994483195748833,-0.024763962251272212
60.0,1.96,-0.0069965587686682835,-0.08317072470643995,-0.00053403017065723,-0.023089217678001647,0.992962625119933,-0.08401969370762022,0.9994358576470188,-0.025025078277554926
60.0,1.98,-0.007142787160663866,-0.08402889592137495,-0.0005454347297457014,-0.023330811868825047,0.9928155662717729,-0.08488647954143881,0.9994232553349336,-0.025286379653225593
60.0,2.0,-0.007290608605192216,-0.08488733979733036,-0.0005569671851896443,-0.02357259566978192,0.9926669056727584,-0.08575354155775984,0.9994105125700348,-0.02554786281147422
60.0,2.02,-0.0074400270725807575,-0.08574607210636478,-0.000568627713642229,-0.02381456669982478,0.9925166397237275,-0.0866208835003619,0.999397629051568,-0.025809534652061393
60.0,2.04,-0.0075910459882650785,-0.08660508430847715,-0.0005804163006506567,-0.02405673216081526,0.9923647651899633,-0.08748850738556088,0.9993846045849104,-0.026071396840888838
60.0,2.06,-0.007743667060881945,-0.08746438279207454,-0.0005923336051679825,-0.02429909245635074,0.9922112785574996,-0.08835641693739756,0.9993714390080034,-0.02633344929907166
60.0,2.08,-0.00789789613507853,-0.08832396841949475,-0.0006043799767919298,-0.024541652119992496,0.9920561766070569,-0.08922461240158644,0.999358132123814,-0.026595693692067098
60.0,2.1,-0.008053734941633833,-0.08918384715178353,-0.0006165555922412202,-0.02478440854623274,0.9918994555718645,-0.09009309745216607,0.999344683639662,-0.02685813517344846
60.0,2.12,-0.008211189381571171,-0.09004401891001615,-0.0006288607982521376,-0.025027365992237916,0.9917411120111251,-0.09096187577821901,0.9993310933532858,-0.02712077366260743
60.0,2.14,-0.008370260506374879,-0.09090449903842623,-0.0006412959799426515,-0.025270530052365542,0.9915811422850833,-0.09183094929119658,0.9993173610242949,-0.02738361256857201
60.0,2.16,-0.008530952235779706,-0.09176526488377895,-0.000653861707023402,-0.025513895910585935,0.9914195428576895,-0.09270031989776598,0.9993034863877779,-0.027646653553997803
60.0,2.18,-0.008693268000474805,-0.09262634017342423,-0.0006665584426742667,-0.025757471538367594,0.9912563099049853,-0.09356999120875632,0.9992894691742225,-0.027909900026585888
60.0,2.2,-0.008857213564427023,-0.09348772081131282,-0.0006793860057713124,-0.02600125731434967,0.991091440144437,-0.09443996338041694,0.9992753091856966,-0.02817335190487772
60.0,2.22,-0.009022791873224592,-0.09434940676146719,-0.0006923456803802115,-0.02624525765458134,0.9909249293955398,-0.0953102434512681,0.9992610061134224,-0.028437012594954528
60.0,2.24,-0.009190004585923072,-0.0952114019540016,-0.00070543718997664,-0.026489469036113836,0.9907567740604638,-0.09618082977240876,0.9992465596834486,-0.028700883758127044
60.0,2.26,-0.009358858727568494,-0.09607371368310341,-0.0007186609752923329,-0.026733898006607117,0.9905869704914453,-0.09705172591200227,0.9992319696038586,-0.02896496880035382
60.0,2.28,-0.009529355687412595,-0.0969363424358793,-0.0007320179029278873,-0.026978549191929702,0.9904155145681506,-0.09792293537677778,0.9992172356234709,-0.029229267637574188
60.0,2.3,-0.009701502273276595,-0.09779929171813438,-0.0007455081588317352,-0.02722341892244743,0.9902424022681315,-0.09879446166678689,0.9992023573711006,-0.029493785418288607
60.0,2.32,-0.009875296628772262,-0.09866254653078695,-0.000759131729483215,-0.02746851379583096,0.9900676301286456,-0.09966630483128294,0.9991873345392973,-0.02975852380160064
60.0,2.34,-0.010050748588422415,-0.09952613981520586,-0.0007728898063603075,-0.027713831913230336,0.9898911938760246,-0.10053846831399042,0.9991721669055807,-0.03002348270338651
60.0,2.36,-0.010227861043975588,-0.10039005128361478,-0.0007867823528947201,-0.027959378638590906,0.9897130894485575,-0.10141095556323888,0.9991568540542736,-0.03028866726981009
60.0,2.38,-0.010406635428202337,-0.10125429859949364,-0.0008008097500979576,-0.0282051570964859,0.9895333129469911,-0.10228376828224454,0.9991413957010212,-0.03055407741423966
60.0,2.4,-0.010587076976872733,-0.10211886711113115,-0.0008149728113969528,-0.028451168038483042,0.9893518600542897,-0.10315690986032082,0.9991257914575135,-0.030819718282922466
60.0,2.42,-0.010769193187753308,-0.10298378040198564,-0.0008292714856608394,-0.028697416360124853,0.9891687268469265,-0.10403038196525126,0.9991100410120148,-0.031085589787697973
60.0,2.44,-0.010952981624507141,-0.10384901851685764,-0.0008437069610912064,-0.028943897850803667,0.9889839089807052,-0.10490418794969245,0.9990941440554791,-0.03135169358562321
60.0,2.46,-0.011138452880398261,-0.10471459887884865,-0.0008582793408992357,-0.02919062238700906,0.9887974022802998,-0.10577832942126114,0.9990781001320198,-0.031618034819717075
60.0,2.48,-0.011325606344617208,-0.10558051892804836,-0.0008729888646554527,-0.02943758733819688,0.988609202488453,-0.1066528097072411,0.9990619089355048,-0.03188461340090303
60.0,2.5,-0.01151445032278511,-0.10644679018765178,-0.0008878359924452845,-0.029684797525650435,0.9884193054060265,-0.10752763037835368,0.9990455700589618,-0.032151432727471035
60.0,2.52,-0.011704987182787022,-0.10731340288164994,-0.0009028215297626202,-0.029932251714355308,0.9882277065213874,-0.10840279469937995,0.9990290830800739,-0.03241849619678882
60.0,2.54,-0.011897222253748228,-0.10818037439677293,-0.0009179460022800917,-0.030179956264392974,0.9880344013074007,-0.10927830591502277,0.999012447698271,-0.032685803718822216
60.0,2.56,-0.012091159004913444,-0.10904768731918656,-0.0009332097541412213,-0.03042791139561182,0.9878393855274548,-0.11015416553837075,0.9989956634518258,-0.03295335868884625
60.0,2.58,-0.012286800117800931,-0.10991535185701765,-0.0009486132592010481,-0.03067612150421938,0.9876426549355422,-0.1110303750639847,0.9989787299096559,-0.03322116450267126
60.0,2.6,-0.012484154365864702,-0.11078338029611019,-0.0009641569089906253,-0.030924588191646934,0.9874442044309417,-0.11190693936310984,0.9989616466607559,-0.03348922281085301
60.0,2.62,-0.012683224192718782,-0.11165176236705976,-0.0009798416617656468,-0.031173313699888027,0.987244029853744,-0.11278385990267839,0.9989444132677033,-0.03375753700809673
60.0,2.64,-0.012884011758217889,-0.11252050293810077,-0.0009956678537973104,-0.03142229733348975,0.9870421262681197,-0.11366113978849599,0.9989270293619626,-0.03402610700003666
60.0,2.66,-0.013086526906313914,-0.11338962163841741,-0.0010116355189283245,-0.031671546262536654,0.9868384893776313,-0.11453878043481971,0.9989094944182962,-0.034294937922973244
60.0,2.68,-0.01329077143167981,-0.11425910186595606,-0.001027746141453108,-0.03192106104509448,0.9866331142208667,-0.11541678490575251,0.9988918080521705,-0.03456402968108022
60.0,2.7,-0.013496746812351374,-0.11512894212272574,-0.0010439990139583185,-0.03217084287679238,0.9864259960486677,-0.11629515627002425,0.9988739697803187,-0.03483338566564158
60.0,2.72,-0.013704465963249672,-0.11599916870995561,-0.0010603962437003521,-0.032420893435442306,0.9862171301878168,-0.11717389584014296,0.9988559790313006,-0.03510301100981869
60.0,2.74,-0.013913925823242504,-0.11686975812954664,-0.001076937284431796,-0.03267121882866115,0.9860065117503095,-0.11805300662901363,0.9988378354978258,-0.03537290387357959
60.0,2.76,-0.014125134327643105,-0.11774072810299294,-0.0010936226080685276,-0.03292182203651623,0.9857941358333084,-0.1189324916274634,0.9988195385680018,-0.03564306938763912
60.0,2.78,-0.01433809819798076,-0.11861208516432217,-0.001110453611940395,-0.033172698950628764,0.9855799977282999,-0.11981235208396265,0.9988010877954823,-0.03591350919703978
60.0,2.8,-0.014552820746666022,-0.11948382442835723,-0.0011274305060363732,-0.03342386127398062,0.9853640919565451,-0.12069259262406015,0.998782482634221,-0.036184226688226635
60.0,2.82,-0.0147693054889621,-0.12035594272156455,-0.0011445534523442068,-0.03367530213572395,0.9851464139955803,-0.12157321273193167,0.998763722684479,-0.03645522176141731
60.0,2.84,-0.0149875582685045,-0.12122843833525741,-0.0011618237421879402,-0.033927030524767664,0.984926958352313,-0.12245421873425673,0.9987448072324585,-0.03672650128682846
60.0,2.86,-0.015207586582758429,-0.12210133966655301,-0.0011792411188077869,-0.03417904438917344,0.9847057201411638,-0.12333561002864725,0.9987257359369777,-0.036998063420243574
60.0,2.88,-0.015429393406432505,-0.12297462077049082,-0.0011968073978143735,-0.0344313499245108,0.9844826943810518,-0.12421738947121959,0.9987065080873421,-0.03726991503077335
60.0,2.9,-0.01565298686067999,-0.1238483139583956,-0.0012145218973679977,-0.034683950033155636,0.984257875291481,-0.12509956154106122,0.9986871232812057,-0.03754205427086735
60.0,2.92,-0.01587836603716732,-0.12472239696889391,-0.0012323862188040986,-0.0349368440175582,0.9840312580780878,-0.1259821273282603,0.9986675808999395,-0.03781448626634956
60.0,2.94,-0.016105542498520385,-0.12559687634205993,-0.0012504003139966649,-0.03519003568816511,0.9838028372637996,-0.12686508956000653,0.9986478803829874,-0.03808721265359421
60.0,2.96,-0.016334517552674614,-0.12647174695797667,-0.001268565231136107,-0.03544352524610003,0.9835726078070666,-0.1277484492513892,0.9986280211352438,-0.038360236812547764
60.0,2.98,-0.016565300566574362,-0.12734704882501988,-0.0012868817246217243,-0.03569732153491688,0.9833405637565781,-0.12863221076822018,0.9986080025461016,-0.03863356212191868
60.0,3.0,-0.01679788980904877,-0.12822273601754697,-0.001305349503442259,-0.03595142164324393,0.9831067001592838,-0.1295163750916474,0.9985878241252538,-0.038907188473426085
60.0,3.02,-0.01703229773212072,-0.12909883656205745,-0.001323970467616494,-0.036205831220853024,0.982871011146423,-0.1304009465512757,0.9985674851540517,-0.03918112098582643
60.0,3.04,-0.01726852881508905,-0.12997535138658148,-0.0013427451513834676,-0.03646055229453468,0.9826334914008814,-0.13128592603439243,0.9985469850801205,-0.03945536129264915
60.0,3.06,-0.01750658976420998,-0.13085229794779624,-0.0013616734663341008,-0.03671558733183571,0.9823941350236255,-0.13217131781846966,0.99852632332597,-0.03972991102582245
60.0,3.08,-0.01774647944345172,-0.13172963491733675,-0.0013807564566394703,-0.036970934917611255,0.9821529367926625,-0.1330571210107702,0.9985054991378527,-0.0400047753006188
60.0,3.1,-0.017988209038112643,-0.13260741284178554,-0.0013999950287736525,-0.03722660682388347,0.9819098905498685,-0.13394334155084606,0.9984845120014424,-0.04027995400459864
60.0,3.12,-0.01823178446860122,-0.13348560749940752,-0.0014193893101272703,-0.03748259390923036,0.9816649911657143,-0.13482997851082298,0.9984633611783503,-0.040555452252217954
60.0,3.14,-0.01847720923550994,-0.13436421144568506,-0.0014389402504374107,-0.037738908833816094,0.981418232223207,-0.1357170377450184,0.9984420460322363,-0.04083127167026251
60.0,3.16,-0.018724493445359855,-0.13524326505827577,-0.0014586489983594365,-0.037995551779740386,0.981169607995237,-0.1366045199396027,0.9984205658873466,-0.04110741562872271
60.0,3.18,-0.018973636771984666,-0.13612273269155264,-0.0014785160660554014,-0.03825252327326853,0.9809191128467947,-0.13749242751456092,0.998398920090088,-0.041383885752243346
60.0,3.2,-0.019224650058070936,-0.13700264177632282,-0.0014985419794573812,-0.03850982416340211,0.9806667408066674,-0.13838076107230304,0.998377107934981,-0.04166068540811461
60.0,3.22,-0.01947753546649884,-0.13788297439220867,-0.001518727453658896,-0.03876746008811633,0.9804124856195715,-0.13926952638607523,0.9983551287009456,-0.04193781796220082
60.0,3.24,-0.019732299755263676,-0.13876374531282426,-0.001539073227980453,-0.03902543713282494,0.9801563411555646,-0.14015872572877247,0.9983329817249729,-0.04221528503649772
60.0,3.26,-0.019988954849381978,-0.13964497017631847,-0.0015595803932298559,-0.039283752761033616,0.9798983017645119,-0.1410483579244292,0.9983106662562101,-0.04249308999406532
60.0,3.28,-0.020247498747181833,-0.14052661868004637,-0.0015802495567292776,-0.03954240923063519,0.9796383608053134,-0.14193842861137526,0.9982881816258162,-0.042771234455113216
60.0,3.3,-0.020507943716414474,-0.14140872530595577,-0.0016010815268053835,-0.03980141371929554,0.9793765124726467,-0.1428289382841349,0.9982655270009863,-0.043049723523121516
60.0,3.32,-0.020770292865513705,-0.14229127772878344,-0.001622076951944694,-0.04006076925222786,0.979112750227828,-0.14371989079537983,0.9982427016825711,-0.043328558815373314
60.0,3.34,-0.021034551884333258,-0.14317426403940234,-0.001643236120189105,-0.040320469913818574,0.9788470676535137,-0.14461128824158692,0.9982197049577147,-0.04360774194777351
60.0,3.36,-0.021300729002081742,-0.14405770664305914,-0.0016645607932643557,-0.040580528553971894,0.9785794589123573,-0.1455031310317023,0.998196535958147,-0.04388727801969667
60.0,3.38,-0.02156883030378965,-0.14494161286982382,-0.0016860507817660637,-0.0408409445621483,0.9783099168313159,-0.14639542458595825,0.9981731939751303,-0.04416716864551988
60.0,3.4,-0.021838864674393253,-0.14582597371137415,-0.0017077082365083499,-0.04110172220332775,0.9780384354349436,-0.14728816923671958,0.9981496782632145,-0.04444741543719141
60.0,3.42,-0.02211083098576651,-0.1467107824778592,-0.001729532278124266,-0.04136286145207876,0.9777650081457262,-0.14818136694416414,0.9981259878520073,-0.04472802523241276
60.0,3.44,-0.02238474613136073,-0.14759606536876957,-0.0017515249073581335,-0.041624362399939066,0.9774896282269887,-0.14907502136088932,0.9981021221442711,-0.04500899615685411
60.0,3.46,-0.02266060936707851,-0.14848180046626439,-0.0017736871188469413,-0.041886235080372154,0.9772122893352395,-0.1499691326786696,0.9980780801377124,-0.04529033504492192
60.0,3.48,-0.02293842777109447,-0.14936800028978048,-0.0017960187901348526,-0.042148480335293836,0.9769329847818485,-0.15086370624484038,0.9980538611515231,-0.04557204176234303
60.0,3.5,-0.023218213922256807,-0.15025467779609644,-0.001818522013241348,-0.042411099156292285,0.9766517069219015,-0.15175874373697917,0.9980294642415166,-0.04585412139866464
60.0,3.52,-0.023499964823624087,-0.15114181399631374,-0.00184119595024549,-0.04267409290583717,0.9763684489289287,-0.1526542451813792,0.9980048885378111,-0.04613657730025035
60.0,3.54,-0.023783696107014876,-0.15202942331533967,-0.0018640437011167106,-0.042937467977901586,0.9760832057960295,-0.15355021435158694,0.9979801332357888,-0.046419411069950414
60.0,3.56,-0.024069413189708774,-0.1529175230662494,-0.0018870637037966614,-0.04320122635678164,0.9757959693960604,-0.15444665275801828,0.9979551975285361,-0.04670262430959279
60.0,3.58,-0.024357118665855017,-0.15380607788288725,-0.0019102589066704073,-0.04346537008370784,0.9755067313215221,-0.15534356357653012,0.997930080442824,-0.04698622210341103
60.0,3.6,-0.024646826431864763,-0.1546951236707323,-0.001933628734390309,-0.043729906652622844,0.9752154876405675,-0.1562409506631791,0.9979047810586754,-0.04727020779149186
60.0,3.62,-0.024938536985483616,-0.15558466349123856,-0.0019571749958615745,-0.04399482860715232,0.9749222284889257,-0.15713881166090787,0.9978792984518097,-0.04755458471267601
60.0,3.64,-0.02523225871259053,-0.15647466309752428,-0.0019808981254199765,-0.04426014898819895,0.9746269482399056,-0.1580371535858661,0.997853631872108,-0.04783935272193405
60.0,3.66,-0.025528003602209033,-0.15736516205489381,-0.0020047996692314943,-0.04452587102078931,0.9743296392568475,-0.15893597437110848,0.9978277801986672,-0.048124518637837205
60.0,3.68,-0.02582577241089913,-0.15825614743290833,-0.002028879959509972,-0.04479198791271736,0.9740302936334779,-0.15983528059999444,0.997801742555741,-0.048410084052820976
60.0,3.7,-0.026125577219151604,-0.1591476237649496,-0.0020531402685381402,-0.04505851364130407,0.9737289048373557,-0.16073507031831408,0.9977755180882016,-0.04869605055931791
60.0,3.72,-0.02642742179043004,-0.16003957894363255,-0.0020775809514720473,-0.04532544182284034,0.9734254652102621,-0.16163534833781174,0.9977491056246525,-0.04898242497003952
60.0,3.74,-0.02673131609636501,-0.16093203841560472,-0.0021022041224777787,-0.04559278705578052,0.973119967638942,-0.16253611603496454,0.9977225044612283,-0.049269205391462526
60.0,3.76,-0.027037270158167332,-0.16182500985004103,-0.0021270091300873086,-0.04586053812852303,0.972812403595167,-0.16343737626160618,0.9976957133307893,-0.04955640037486657
60.0,3.78,-0.02734528796698545,-0.1627184643468329,-0.0021519989425118364,-0.04612871017467449,0.9725027673491251,-0.16433912881248725,0.9976687313907556,-0.0498440097632868
60.0,3.8,-0.027655377341137297,-0.16361243056038288,-0.002177172616439265,-0.0463973029725971,0.9721910497741839,-0.16524137986071488,0.9976415576461347,-0.050132036882325474
60.0,3.82,-0.027967542475470147,-0.1645068807124716,-0.002202532436971616,-0.04666631630301525,0.9718772431666886,-0.16614412705265444,0.9976141910630575,-0.050420485054472046
60.0,3.84,-0.02828179443878144,-0.16540184473417024,-0.002228079353223918,-0.04693575557864956,0.9715613394884937,-0.16704737667071953,0.9975866305917416,-0.05070935760021138
60.0,3.86,-0.02859814718032831,-0.1662973337631175,-0.0022538143347747906,-0.04720562649204203,0.9712433329640098,-0.16795112836836876,0.997558875100438,-0.05099865958024062
60.0,3.88,-0.028916599591521472,-0.167193322852216,-0.0022797372810921543,-0.04747592959143384,0.9709232127526646,-0.16885538438170516,0.9975309236529193,-0.051288392572763034
60.0,3.9,-0.029237165974649926,-0.16808982437198805,-0.0023058505821987717,-0.04774666546520767,0.9706009738864895,-0.1697601461798556,0.9975027750137704,-0.0515785598850354
60.0,3.92,-0.029559848744202814,-0.168986833692254,-0.0023321544299637724,-0.04801784050896049,0.9702766063215962,-0.1706654178056424,0.9974744283680169,-0.05186916484473618
60.0,3.94,-0.02988465675230886,-0.16988436578541047,-0.002358650705194722,-0.04828946132480377,0.9699501040257007,-0.17157119349100847,0.9974458824597868,-0.052160210755536
60.0,3.96,-0.030211595123933538,-0.17078239673308507,-0.0023853399336440577,-0.04856152366186915,0.9696214544482535,-0.1724774977041206,0.9974171361435519,-0.05245170092543706
60.0,3.98,-0.030540698044693032,-0.1716809791283307,-0.0024122243250975462,-0.04883404013374502,0.9692906549292248,-0.17338429901350996,0.997388188384098,-0.0527436386669304
60.0,4.0,-0.030871916060000726,-0.17258005932334372,-0.002439302449878662,-0.049107001283129934,0.968957693390604,-0.17429162538215368,0.9973590380268437,-0.05303602728494174
60.0,4.02,-0.031205325954514,-0.17347968410811201,-0.0024665785558888494,-0.04938042578360155,0.9686225626450921,-0.1751994706864041,0.9973296838195886,-0.05332887182346137
60.0,4.04,-0.03154089688346128,-0.17437981774570374,-0.002494051229189127,-0.04965430448500007,0.968285253565117,-0.17610784587367848,0.9973001246907047,-0.05362217384342444
60.0,4.06,-0.03187864245584758,-0.17528049962583953,-0.0025217224898388397,-0.04992864527264978,0.967945760927139,-0.17701672764514834,0.9972703595867534,-0.053915936651118844
60.0,4.08,-0.03221856187737735,-0.17618168940346593,-0.0025495941088936607,-0.050203450548984355,0.9676040713893579,-0.17792614355844757,0.9972403871052619,-0.054210163532608546
60.0,4.1,-0.03256070006775672,-0.1770834223442474,-0.002577666424370381,-0.05047872879010792,0.9672601799717906,-0.17883608773977633,0.9972102062032899,-0.05450485953760018
60.0,4.12,-0.03290502952810882,-0.17798568489349395,-0.0026059409530756836,-0.05075447699890665,0.9669140761444334,-0.1797465532571015,0.9971798156780688,-0.05480002621446072
60.0,4.14,-0.033251560983474926,-0.1788884992888317,-0.0026344186444465763,-0.05103069814734258,0.9665657497720676,-0.18065756812134448,0.9971492142467556,-0.05509566859701474
60.0,4.16,-0.03360032909936906,-0.1797918415053969,-0.0026631007685803125,-0.05130740129255043,0.9662151977208199,-0.1815690917754141,0.9971184006016764,-0.055391789970515096
60.0,4.18,-0.0339513099870963,-0.1806957200999343,-0.002691988313347663,-0.05158458985997911,0.9658624044184448,-0.18248116858836733,0.9970873735453027,-0.05568839362479659
60.0,4.2,-0.034304546611542405,-0.18160015339771365,-0.0027210837785579998,-0.05186226139049446,0.9655073646999249,-0.1833937749997841,0.9970561318754286,-0.05598548284798974
60.0,4.22,-0.03466000720399406,-0.18250510955086544,-0.0027503866978028433,-0.05214042567319536,0.9651500724910681,-0.1843069047068001,0.997024674270369,-0.05628306092002968
60.0,4.24,-0.03501773933706721,-0.1834106289634898,-0.0027798996143378945,-0.05241908054923045,0.9647905119384396,-0.18522058441619307,0.996992999419776,-0.05658113286558262
60.0,4.26,-0.03537771514429359,-0.18431670191220997,-0.002809623000302713,-0.052698236193736384,0.9644286769128984,-0.18613480772140248,0.9969611060902634,-0.0568797002207542
60.0,4.28,-0.03574000310423761,-0.18522330039815632,-0.002839558206871016,-0.052977884702030596,0.9640645569294329,-0.18704958479797879,0.9969289927464168,-0.057178769739892166
60.0,4.3,-0.036104551327899276,-0.1861304641672655,-0.0028697069857259996,-0.053258042673681824,0.9636981469113653,-0.18796489190723029,0.9968966582451754,-0.05747834121534123
60.0,4.32,-0.036471368084936374,-0.1870382002369358,-0.002900070131687392,-0.05353870866385395,0.9633294319785259,-0.1888807557387137,0.996864101369914,-0.05777841967085608
60.0,4.34,-0.036840518939676895,-0.18794646010254673,-0.0029306487803805147,-0.053819887485236945,0.9629584048792142,-0.1897971694980377,0.9968313204380516,-0.058079010101568504
60.0,4.36,-0.03721198881147759,-0.18885530097611283,-0.002961445029388861,-0.05410158409061133,0.9625850583827117,-0.190714126357481,0.9967983143210813,-0.05838011578730781
60.0,4.38,-0.03758577831824073,-0.18976468783291356,-0.0029924593758659623,-0.05438379115362679,0.9622093808270777,-0.19163163602909303,0.9967650814266276,-0.05868173997920309
60.0,4.4,-0.037961863378049,-0.19067463596096343,-0.0030236936991778042,-0.05466652645686759,0.9618313649773444,-0.19254969159553878,0.9967316203988318,-0.05898388768613626
60.0,4.42,-0.03834031977251084,-0.19158514146052197,-0.0030551498301025224,-0.054949789206615696,0.9614509946528971,-0.19346831922141014,0.9966979299670651,-0.059286560428956345
60.0,4.44,-0.038721123953518316,-0.19249622080288367,-0.003086827695916775,-0.05523357878120201,0.9610682670675031,-0.19438749532580568,0.9966640086392025,-0.0595897614594012
60.0,4.46,-0.03910428118482344,-0.19340786226134923,-0.003118729505938146,-0.0555179009112947,0.9606831693835604,-0.1953072291844862,0.9966298547194009,-0.05989349925230138
60.0,4.48,-0.03948983521223214,-0.19432006980053868,-0.0031508578718962644,-0.05580276794904286,0.9602956898303844,-0.19622753022979808,0.996595467025879,-0.060197773582813016
60.0,4.5,-0.03987772380451349,-0.19523284615140793,-0.003183212403280945,-0.05608817331525181,0.9599058211429992,-0.19714839130203404,0.9965608440593974,-0.06050258944251767
60.0,4.52,-0.040268025052673496,-0.19614618927359967,-0.0032157944048301383,-0.056374123296380946,0.9595135504124277,-0.19806982149778307,0.9965259841903288,-0.06080795006743924
60.0,4.54,-0.040660749743609975,-0.19706011141370272,-0.0032486068059796747,-0.0566606177450922,0.9591188749502876,-0.19899179705102224,0.9964908859069144,-0.06111386044453416
60.0,4.56,-0.04105586486995856,-0.19797458703830406,-0.0032816507339869247,-0.05694767642236353,0.9587217737817334,-0.19991436020391726,0.9964555476902895,-0.06142032555843552
60.0,4.58,-0.04145339043879398,-0.19888967504828597,-0.0033149264390595207,-0.05723528655646866,0.9583222419947507,-0.20083748662685166,0.9964199681082269,-0.061727345159979484
60.0,4.6,-0.04185335782249443,-0.1998053135128366,-0.0033484363079385408,-0.0575234549943972,0.9579202734509555,-0.20176116916240155,0.9963841455305972,-0.06203492771462851
60.0,4.62,-0.0422557831289326,-0.20072153941554816,-0.0033821821501839227,-0.0578121955032894,0.9575158494464134,-0.20268543287946472,0.9963480781833769,-0.062343076439537154
60.0,4.64,-0.04266063295022577,-0.20163832861384384,-0.003416164240576556,-0.058101495435744735,0.9571089637959094,-0.203610270500982,0.9963117648557084,-0.06265179283925452
60.0,4.66,-0.043067958674254,-0.20255571198367986,-0.003450385835313627,-0.058391375507179266,0.9566996023603608,-0.20453569047449138,0.9962752035453428,-0.0629610836040633
60.0,4.68,-0.043477767225916404,-0.20347368193120913,-0.0034848470139176527,-0.05868183676272224,0.9562877614403823,-0.20546166849959763,0.9962383929203191,-0.0632709519727483
60.0,4.7,-0.04389006557851175,-0.20439223109678678,-0.00351955052636849,-0.058972873355221334,0.955873423317325,-0.20638822960585682,0.9962013310738127,-0.0635814028914706
60.0,4.72,-0.04430482492183771,-0.20531136008952314,-0.0035544972801430093,-0.05926450003353118,0.9554565818098039,-0.20731536631953243,0.9961640165441558,-0.06389243784094498
60.0,4.74,-0.04472212898657285,-0.20623107037460756,-0.0035896890422154122,-0.0595567112027482,0.9550372216267223,-0.20824308660515736,0.9961264476452355,-0.0642040635228849
60.0,4.76,-0.04514195457040665,-0.2071513871336075,-0.003625126755461872,-0.05984952201016218,0.9546153318406869,-0.20917139930819376,0.996088622562587,-0.06451628313695745
60.0,4.78,-0.045564267588667474,-0.20807228859604,-0.003660813268733997,-0.060142926993448156,0.9541909055224705,-0.2101002791752099,0.9960505397059575,-0.06482909989507533
60.0,4.8,-0.045989153196492924,-0.20899377715068668,-0.0036967491514959673,-0.06043693474309642,0.9537639317664302,-0.21102973495494387,0.9960121971378425,-0.06514252047597986
60.0,4.82,-0.04641658283765274,-0.20991585539870014,-0.003732936668977118,-0.06073154694932447,0.9533343915375937,-0.21195979099281756,0.9959735932543161,-0.06545654808623548
60.0,4.84,-0.04684656417475174,-0.2108385183103113,-0.003769377485665482,-0.06102677247654117,0.9529022823366862,-0.21289042285212967,0.9959347262167596,-0.06577118766062168
60.0,4.86,-0.04727914733892179,-0.21176177723354056,-0.0038060728548081355,-0.061322613351050145,0.9524675850745022,-0.21382165473420833,0.9958955944091152,-0.06608644240047963
60.0,4.88,-0.047714303639802745,-0.21268563605846155,-0.0038430255579681312,-0.061619078713076425,0.9520302940022188,-0.2147534613719111,0.995856195866088,-0.0664023154817343
60.0,4.9,-0.04815204663935156,-0.2136101154201146,-0.003880235370453435,-0.06191616380335026,0.951590398128422,-0.21568585119653313,0.9958165288428366,-0.06671881358415635
60.0,4.92,-0.0485924108357978,-0.21453515405585138,-0.003917706200174695,-0.062213877936964194,0.9511478771669231,-0.21661884792536953,0.9957765913578277,-0.06703594162347844
60.0,4.94,-0.04903537841417196,-0.21546080613834426,-0.003955438296554997,-0.06251222366028687,0.9507027286961477,-0.21755242687911824,0.9957363816571079,-0.06735370103654788
60.0,4.96,-0.04948099553905547,-0.21638706016263415,-0.003993434092180581,-0.06281120347308775,0.9502549361935928,-0.21848659503732237,0.9956958978585471,-0.06767209848667838
60.0,4.98,-0.04992927117445549,-0.21731391328558147,-0.0040316958790434275,-0.06311083456554495,0.9498044885763147,-0.2194213605523223,0.9956551380742144,-0.0679911388884698
60.0,5.0,-0.05038017627744543,-0.21824137171634628,-0.004070224122134251,-0.06341110529411993,0.9493513741972808,-0.22035671392313613,0.9956141002985249,-0.06831082540009141
60.0,5.02,-0.05083375774709229,-0.21916942449729568,-0.004109021794399652,-0.0637120257650019,0.9488955797678313,-0.22129266266457673,0.9955727826299645,-0.06863116293006175
60.0,5.04,-0.051290030708098365,-0.2200980949090382,-0.0041480908029231395,-0.06401360638602269,0.9484370930577254,-0.22222921446881622,0.9955311831593355,-0.06895215638382943
60.0,5.06,-0.051748998670198505,-0.2210273560306879,-0.00418743212152258,-0.0643158429891845,0.9479759013306736,-0.22316635938036777,0.9954892997405083,-0.06927381064779972
60.0,5.08,-0.052210677045673386,-0.2219572318866176,-0.004227048820111465,-0.06461874616769454,0.9475119934320725,-0.22410410521101082,0.9954471306849317,-0.06959612889162022
60.0,5.1,-0.052675075489595505,-0.2228877215358416,-0.004266941263948273,-0.06492231942200513,0.9470453566462788,-0.22504244187704892,0.9954046737106522,-0.06991911773271291
60.0,5.12,-0.053142197636122164,-0.22381879853823552,-0.004307112087619238,-0.06522656620195212,0.9465759787120194,-0.22598137679606262,0.995361926885487,-0.07024278031836259
60.0,5.14,-0.05361205934705213,-0.2247504880457648,-0.004347563960886235,-0.06553149005225463,0.9461038440657454,-0.22692091652593854,0.9953188879107862,-0.07056712325901267
60.0,5.16,-0.054084709963765576,-0.22568278048896928,-0.00438829894518248,-0.06583710226958629,0.9456289432704014,-0.2278610515555053,0.9952755551927578,-0.07089214797453187
60.0,5.18,-0.054560080926834335,-0.2266156948074569,-0.004429316961015848,-0.06614339923806004,0.9451512607530093,-0.22880178829489528,0.9952319261787238,-0.0712178627975454
60.0,5.2,-0.05503826133908172,-0.22754921245642318,-0.004470622412100196,-0.06645039237037886,0.9446707830885025,-0.2297431335931814,0.995187998782482,-0.07154427259897386
60.0,5.22,-0.0555192619591356,-0.22848333387851402,-0.004512216409887633,-0.06675807810173277,0.9441874997595331,-0.2306850774727944,0.9951437711607676,-0.07187137877259578
60.0,5.24,-0.05600305361531185,-0.22941806956544591,-0.004554101110645152,-0.06706646826981344,0.9437013951563965,-0.23162762610743362,0.9950992407337454,-0.07219918963983005
60.0,5.26,-0.05648965330368498,-0.23035344728584442,-0.004596278705590893,-0.06737557495683558,0.9432124598738765,-0.23257076965292373,0.9950544056324787,-0.07252770833264531
60.0,5.28,-0.056979099047912776,-0.2312894056905099,-0.004638749819312952,-0.06768538711342181,0.9427206772102826,-0.233514513863445,0.9950092636260036,-0.07285693969980782
60.0,5.3,-0.0574714085095767,-0.2322259727448024,-0.004681519043888841,-0.06799591683043615,0.9422260336946422,-0.23445886520671474,0.9949638122330318,-0.07318689031451113
60.0,5.32,-0.05796659302224004,-0.23316315028148976,-0.0047245857382912804,-0.06830716890624777,0.9417285136573946,-0.23540382952471098,0.9949180493193147,-0.07351756502623277
60.0,5.34,-0.058464629913972256,-0.23410097757068116,-0.00476795577191106,-0.06861915573498346,0.9412281066123267,-0.23634939641109504,0.9948719726422843,-0.07384896692747576
60.0,5.36,-0.058965557890754534,-0.23503939318455033,-0.00481162799339372,-0.06893187449994079,0.9407247999457902,-0.23729555485923556,0.9948255798091593,-0.07418110258828046
60.0,5.38,-0.05946939533188331,-0.23597842664961896,-0.004855606598337415,-0.06924532998714986,0.940218576018992,-0.2382423274425754,0.9947788686612449,-0.07451397684692833
60.0,5.4,-0.05997614716675686,-0.23691805365768653,-0.004899892201699983,-0.06955952734113074,0.9397094180269414,-0.23918971938679653,0.9947318366880444,-0.074847594512177
60.0,5.42,-0.0604858391122308,-0.23785833190755795,-0.0049444878535769695,-0.06987447164577015,0.939197323878978,-0.24013768719530912,0.9946844815831961,-0.07518196215064173
60.0,5.44,-0.06099850405353444,-0.23879917214200216,-0.004989395993722741,-0.07019017625952524,0.9386822653296688,-0.24108628540968408,0.9946368007034537,-0.07551708455413128
60.0,5.46,-0.06151409192326009,-0.23974068154841566,-0.005034619172627569,-0.07050663847441989,0.9381642381771627,-0.2420354698453464,0.994588792102238,-0.07585296481785621
60.0,5.48,-0.062032684509231786,-0.24068278777116422,-0.005080159309824168,-0.07082386378756707,0.9376432193521648,-0.2429852787106613,0.9945404528554916,-0.07618961119727423
60.0,5.5,-0.06255425246612732,-0.24162550554294182,-0.005126019585756045,-0.07114185771866165,0.9371192015784937,-0.2439356843454179,0.9944917806367495,-0.07652702849772955
60.0,5.52,-0.06307885060427865,-0.24256882823330395,-0.005172201323687722,-0.0714606343047938,0.9365921680636632,-0.24488669147747394,0.9944427729966283,-0.07686522151171137
60.0,5.54,-0.06360644953456614,-0.24351277133996005,-0.005218706569031793,-0.07178018287295136,0.936062101995418,-0.24583830473360807,0.9943934274773041,-0.07720419502751774
60.0,5.56,-0.06413706202096846,-0.2444573398287148,-0.0052655385332677045,-0.07210052586229075,0.9355289886962117,-0.2467905292072573,0.9943437412481821,-0.07754395554682751
60.0,5.58,-0.06467078663763275,-0.24540251638705254,-0.00531269992065682,-0.07242166101623748,0.9349928156355161,-0.2477433530093633,0.9942937120616505,-0.07788450786690167
60.0,5.6,-0.06520754393948311,-0.2463483004117618,-0.0053601921874995954,-0.07274358613690837,0.9344535659900125,-0.24869678049517346,0.9942433370671022,-0.07822585848028561
60.0,5.62,-0.06574734695789138,-0.24729469743018198,-0.005408018657150791,-0.07306632423097964,0.9339112239932281,-0.24965081620452284,0.9941926136545893,-0.07856801214838981
60.0,5.64,-0.06629030316293119,-0.2482417187089583,-0.005456182767746672,-0.0733898647326438,0.9333657727835954,-0.2506054642897652,0.9941415391822853,-0.07891097537230216
60.0,5.66,-0.06683633239928638,-0.24918936477156786,-0.005504684735146922,-0.07371422273410308,0.9328172031890583,-0.2515606959482918,0.9940901111356234,-0.07925475291335089
60.0,5.68,-0.06738552772639698,-0.2501375897229013,-0.0055535293039566756,-0.0740394046912186,0.932265491747203,-0.25251654830228815,0.9940383265090712,-0.07959935123587394
60.0,5.7,-0.06793782378791903,-0.2510864520065605,-0.005602718045913611,-0.0743654088073247,0.9317106293179034,-0.25347299237985643,0.9939861825148845,-0.07994477681732205
60.0,5.72,-0.06849331450432095,-0.25203590572481116,-0.005652253834418828,-0.07469225045497202,0.9311525946307352,-0.2544300482251031,0.9939336767488353,-0.08029103266988889
60.0,5.74,-0.06905197846919266,-0.2529859984747914,-0.005702138928831978,-0.07501991926863347,0.9305913741756652,-0.25538770295982605,0.993880806149214,-0.08063812698698818
60.0,5.76,-0.0696138143166709,-0.253936679125892,-0.00575237692283536,-0.07534843949930507,0.93002695556712,-0.2563459439297422,0.9938275678964061,-0.08098606623117927
60.0,5.78,-0.07017884457262857,-0.25488798401005863,-0.005802970144137267,-0.07567781839853574,0.9294593140687888,-0.25730480737640243,0.9937739590726009,-0.08133485510669548
60.0,5.8,-0.0707471287035993,-0.25583990839901416,-0.005853920249612144,-0.07600803698817883,0.9288884441224404,-0.25826424740664616,0.9937199769799127,-0.08168449833145715
60.0,5.82,-0.07131866577716729,-0.25679240078953586,-0.0059052316199813765,-0.07633912879098687,0.9283143188087462,-0.2592242994400545,0.993665618396326,-0.08203500406820734
60.0,5.84,-0.0718934426345365,-0.2577455403473883,-0.005956906640946044,-0.07667108367364242,0.9277369268223373,-0.2601849507267387,0.9936108805729318,-0.08238637876800765
60.0,5.86,-0.07247145793890264,-0.25869927603926773,-0.0060089484305655754,-0.07700391802115213,0.9271562537062696,-0.26114618755124963,0.9935557604361278,-0.08273862710459755
60.0,5.88,-0.07305282587072942,-0.25965362044214574,-0.006061358760914655,-0.07733763069165003,0.9265722769802944,-0.2621080287665339,0.9935002551013965,-0.08309175550895816
60.0,5.9,-0.07363745502373373,-0.26060854746257434,-0.006114141465495529,-0.07767222935344512,0.9259849832697821,-0.2630704607481785,0.9934443613294759,-0.0834457703778672
60.0,5.92,-0.07422542344226589,-0.26156411284131303,-0.0061672997760751245,-0.07800773088869667,0.9253943557147749,-0.26403348625388134,0.9933880763588719,-0.08380067639734098
60.0,5.94,-0.07481673029666996,-0.2625202652599603,-0.00622083411104189,-0.07834411638552795,0.9248003742492321,-0.26499710701602897,0.9933313965207587,-0.0841564834106362
60.0,5.96,-0.07541139176852417,-0.26347701349510916,-0.006274751922653139,-0.07868142072965673,0.9242030266378222,-0.2659613094313121,0.9932743191439484,-0.08451319610192246
60.0,5.98,-0.07600947038502487,-0.26443435336569737,-0.0063290530316623276,-0.07901963424100111,0.9236022892573694,-0.26692611145239886,0.9932168408617887,-0.08487081909174306
60.0,6.0,-0.07661089057911462,-0.2653923206935911,-0.006383741453217934,-0.07935876511440619,0.9229981488261139,-0.2678914989592626,0.9931589584582348,-0.08522936050064261
60.0,6.02,-0.07721575270319245,-0.26635086788045953,-0.006438819863355029,-0.07969882178625594,0.9223905863679759,-0.26885747354681805,0.9931006685884904,-0.08558882843309011
60.0,6.04,-0.07782402736678647,-0.2673100178756063,-0.00649429096675833,-0.08003981282687132,0.9217795876121619,-0.26982402060054933,0.9930419682289996,-0.08594922577766236
60.0,6.06,-0.07843576932625786,-0.2682697360986713,-0.006550159548904934,-0.08038173745855787,0.9211651252338116,-0.270791173970788,0.9929828538610295,-0.08631056235977615
60.0,6.08,-0.07905095815394067,-0.2692300769967855,-0.006606427741155021,-0.0807246138072149,0.9205471933629431,-0.2717588863452946,0.9929233221739339,-0.08667284277900147
60.0,6.1,-0.07966964004075724,-0.2701909750704772,-0.006663099002353659,-0.08106844139791763,0.9199257635918191,-0.2727271910067865,0.9928633696580317,-0.08703607510457806
60.0,6.12,-0.0802918038133806,-0.2711525167123103,-0.006720177593223742,-0.08141322910389232,0.9193008217062533,-0.2736960728933828,0.9928029930558057,-0.08740026567622292
60.0,6.14,-0.0809174868199008,-0.2721146050613998,-0.006777664975349444,-0.08175898616911645,0.9186723535582823,-0.2746655168629163,0.9927421887157399,-0.08776542253982397
60.0,6.16,-0.08154676398296559,-0.273077267560581,-0.006835566129363003,-0.08210571217008686,0.9180403343883652,-0.2756355394212994,0.9926809532791686,-0.08813155026906175
60.0,6.18,-0.08217955845512614,-0.2740405434457369,-0.006893882565544807,-0.08245341650902499,0.9174047463119407,-0.276606141526226,0.9926192832973324,-0.08849865691659313
60.0,6.2,-0.08281592672137396,-0.2750043981276297,-0.006952619492498087,-0.08280211802300452,0.9167655672198666,-0.2775773227360741,0.992557175004513,-0.08886674875494117
60.0,6.22,-0.0834558777024246,-0.27596881100992116,-0.007011779780920612,-0.08315180712797501,0.9161227878999941,-0.2785490514530913,0.9924946248096884,-0.08923583381250767
60.0,6.24,-0.08409943961136794,-0.27693382513292397,-0.007071366475031479,-0.08350249340658862,0.915476379763024,-0.27952135995544375,0.992431629148891,-0.08960591836810124
60.0,6.26,-0.08474667017317244,-0.27789940551692904,-0.007131384936657675,-0.08385419611401604,0.9148263326148091,-0.28049421611422326,0.9923681842885778,-0.08997701042559356
60.0,6.28,-0.08539753037578755,-0.27886554640856287,-0.007191835190248558,-0.08420690597462224,0.9141726195600252,-0.2814676349773912,0.9923042862515282,-0.09034911796060542
60.0,6.3,-0.08605209795698004,-0.27983227677498435,-0.007252724981449968,-0.08456065209879593,0.9135152227840363,-0.28244161676280843,0.9922399315463626,-0.09072224724045237
60.0,6.32,-0.08671032389892315,-0.28079955916922245,-0.007314055021661181,-0.08491541543461013,0.9128541202690684,-0.28341616025908395,0.9921751162120271,-0.09109640448354724
60.0,6.34,-0.08737227661070995,-0.28176739041003235,-0.007375831706523897,-0.08527122554375921,0.9121892960245938,-0.28439124851893777,0.9921098365720042,-0.09147159767428775
60.0,6.36,-0.08803793685617438,-0.2827358304518616,-0.007438055990926111,-0.08562808314381949,0.911520732306997,-0.28536688139772576,0.9920440884313276,-0.09184783648926802
60.0,6.38,-0.08870735366447441,-0.2837048115249122,-0.007500732677178524,-0.08598599857891323,0.9108484000856626,-0.28634307254471375,0.9919778681740011,-0.09222512541314391
60.0,6.4,-0.08938059694796217,-0.2846743303652296,-0.007563866394332481,-0.08634496232483624,0.9101722855522827,-0.28731980529194734,0.9919111714604345,-0.09260347409580545
60.0,6.42,-0.09005757760944796,-0.28564439782034906,-0.007627459259499689,-0.08670500512936864,0.909492372879459,-0.28829706222365314,0.9918439944857371,-0.09298288873747836
60.0,6.44,-0.09073837609610999,-0.2866150440392751,-0.007691517491282523,-0.08706611746559739,0.908808630129173,-0.2892748730832213,0.9917763329918372,-0.09336337898192211
60.0,6.46,-0.09142304252029324,-0.28758620013266506,-0.007756043937874933,-0.0874283203507807,0.9081210414876683,-0.29025322015776905,0.9917081831930543,-0.09374494927146626
60.0,6.48,-0.09211150801922047,-0.28855794404758983,-0.007821042753871915,-0.08779161463889612,0.9074295901799819,-0.29123208530517514,0.9916395405218686,-0.09412761095305351
60.0,6.5,-0.09280393423908152,-0.2895302078061996,-0.007886517497442212,-0.08815601145314436,0.9067342503624694,-0.2922114822723679,0.9915704007194014,-0.09451137190273098
60.0,6.52,-0.0935001698230965,-0.2905029863153894,-0.007952472395438587,-0.0885215117415047,0.9060350002138366,-0.2931914084640343,0.9915007599561658,-0.09489623653770006
60.0,6.54,-0.0942003587344796,-0.291476327387796,-0.008018912004542704,-0.08888813704186799,0.9053318230676715,-0.29417184533574836,0.9914306136126044,-0.09528221617798595
60.0,6.56,-0.09490450141320116,-0.29245017752298336,-0.008085839717446563,-0.08925587824901612,0.9046246930861365,-0.2951528061609324,0.9913599572674227,-0.09566931866219552
60.0,6.58,-0.09561263093864526,-0.2934245839849275,-0.008153261747560333,-0.08962475702710762,0.9039135915968324,-0.2961342714436739,0.9912887867648859,-0.09605755010068584
60.0,6.6,-0.09632468524291558,-0.2943994760389061,-0.008221179372024025,-0.08999477492900561,0.903198497959282,-0.2971162383690636,0.9912170974848634,-0.0964469200441291
60.0,6.62,-0.09704075982709298,-0.2953749185777866,-0.008289602070101876,-0.09036595373032316,0.9024793842726483,-0.2980987190415105,0.9911448847881296,-0.09683743803336026
60.0,6.64,-0.09776090678395027,-0.2963508407371286,-0.008358527705300083,-0.09073827446719374,0.9017562278153142,-0.2990817096211644,0.9910721443556545,-0.09722911013979436
60.0,6.66,-0.09848504549528773,-0.29732729059462154,-0.008427963658646658,-0.09111176983879704,0.9010290121688111,-0.3000651907315374,0.9909988713997356,-0.09762194587385467
60.0,6.68,-0.09921330251067738,-0.29830424829465946,-0.008497917084539203,-0.0914864518320957,0.9002977147187186,-0.3010491582615146,0.9909250612274093,-0.09801595474697448
60.0,6.7,-0.09994563781320856,-0.2992817111573719,-0.008568389068034027,-0.09186230115945883,0.8995623118453634,-0.3020336075953125,0.9908507091839142,-0.09841114451971206
60.0,6.72,-0.10068211545827417,-0.3002596417368869,-0.008639385614388177,-0.09223935127503122,0.8988227757098856,-0.30301854999135813,0.9907758105977026,-0.09880752294269035
60.0,6.74,-0.1014227101553782,-0.3012380824280153,-0.008710909830676608,-0.09261760415661399,0.8980790900824931,-0.30400396549915426,0.9907003606072128,-0.09920509948561124
60.0,6.76,-0.10216743612740227,-0.30221702049097027,-0.008782969094111524,-0.09299707217458106,0.8973312293763377,-0.30498984832265047,0.9906243541030455,-0.09960388358460727
60.0,6.78,-0.10291641700147022,-0.30319641769276634,-0.00885556823197253,-0.0933777572609204,0.8965791721777673,-0.3059761939019327,0.9905477864726914,-0.10000388297042073
60.0,6.8,-0.1036695667295348,-0.30417631072059126,-0.008928707202367553,-0.09375966180305985,0.8958228896843102,-0.30696301244997237,0.9904706522798489,-0.10040510877484599
60.0,6.82,-0.10442695302095426,-0.3051566687196705,-0.009002397248294635,-0.0941428199217852,0.8950623627828452,-0.3079502823634934,0.9903929467594249,-0.10080756869535501
60.0,6.84,-0.10518859691026138,-0.30613749624483044,-0.009076637984968198,-0.09452721246575471,0.8942975637481245,-0.30893801385021324,0.9903146649009519,-0.10121127039563707
60.0,6.86,-0.10595451596572944,-0.3071187874246828,-0.009151439184284729,-0.09491287408598009,0.8935284725559096,-0.3099261846420015,0.9902358011445418,-0.10161622671330438
60.0,6.88,-0.10672478284744669,-0.30810052135393123,-0.009226803214597764,-0.09529979638590405,0.8927550669571929,-0.3109147890037245,0.9901563506166038,-0.1020224435606777
60.0,6.9,-0.10749936066187545,-0.30908270708526514,-0.009302734566792691,-0.0956879928191024,0.8919773151911244,-0.31190383516896,0.9900763077785116,-0.10242993201172763
60.0,6.92,-0.10827827098895342,-0.3100653495924625,-0.009379239458961887,-0.09607747684978889,0.8911951960738862,-0.31289331738188403,0.989995667541275,-0.10283869968398184
60.0,6.94,-0.1090615848752237,-0.3110484206722171,-0.009456324187512119,-0.09646826211253724,0.8904086888123047,-0.3138832123793187,0.9899144241435671,-0.10324875935492073
60.0,6.96,-0.10984932218178714,-0.31203191792955737,-0.009533992932814105,-0.09686034011068217,0.8896177627724644,-0.31487352818601794,0.9898325722264395,-0.10366011859399961
60.0,6.98,-0.11064144699679855,-0.3130158547635314,-0.009612252612559708,-0.0972537471130077,0.8888223958886554,-0.3158642581704008,0.9897501061637102,-0.10407278842560236
60.0,7.0,-0.11143808851168703,-0.3140001904374781,-0.009691104691191962,-0.09764846371891507,0.8880225610279477,-0.3168553937106702,0.9896670205561775,-0.10448677639449089
60.0,7.02,-0.11223915752685872,-0.31498496154593075,-0.009770557913300395,-0.09804452643039929,0.8872182397333784,-0.3178469116082969,0.9895833096203577,-0.10490209348757708
60.0,7.04,-0.11304472514181112,-0.31597013578761957,-0.009850618360540074,-0.0984419267838119,0.8864093959565738,-0.3188388345898798,0.9894989674348358,-0.10531875066622026
60.0,7.06,-0.11385486972452366,-0.3169556984971933,-0.009931290406356619,-0.09884069077864842,0.8855960103160342,-0.31983113871752444,0.9894139883525443,-0.10573675716335429
60.0,7.08,-0.1146695542825465,-0.317941660004288,-0.010012580227467002,-0.09924080998633378,0.8847780569416789,-0.3208238150006092,0.9893283662919813,-0.10615612390109033
60.0,7.1,-0.11548879819467651,-0.3189280147176231,-0.01009449230727056,-0.09964231072617326,0.88395550542954,-0.3218168700595166,0.9892420953750979,-0.10657686181188998
60.0,7.12,-0.11631267811945883,-0.31991474047079793,-0.010177035262750357,-0.10004520764259447,0.8831283346036314,-0.3228102787031486,0.9891551697311545,-0.10699897832452249
60.0,7.14,-0.11714121419234233,-0.3209018313570553,-0.010260211956586558,-0.10044949278459324,0.8822965141574366,-0.3238040471483711,0.9890675831360393,-0.1074224860578118
60.0,7.16,-0.117974369118386,-0.3218892983914243,-0.010344031135767113,-0.10085518087800727,0.8814600230880559,-0.32479814985242716,0.9889793291845674,-0.10784739585224166
60.0,7.18,-0.11881222179277916,-0.32287712284406916,-0.010428496361163128,-0.10126228737134559,0.8806188244913858,-0.3257926076206563,0.9888904019772911,-0.10827371684464218
60.0,7.2,-0.11965484785533465,-0.3238652743440815,-0.01051361598476795,-0.10167083924721863,0.8797728985064209,-0.3267873948851786,0.9888007948717393,-0.10870146157183018
60.0,7.22,-0.12050215500338188,-0.32485378875539567,-0.010599395388063227,-0.10208081666763302,0.8789222166577157,-0.32778250015360594,0.9887105016921597,-0.10913063911592187
60.0,7.24,-0.12135427714805691,-0.3258426184424667,-0.010685839507452709,-0.10249224716711708,0.8780667498719351,-0.32877792894562297,0.9886195158581146,-0.10956126199526592
60.0,7.26,-0.1222111799739046,-0.326831782367641,-0.010772957500603163,-0.10290514625750925,0.8772064745254419,-0.3297736536392552,0.988527830611321,-0.10999334094880224
60.0,7.28,-0.12307294022766326,-0.32782124966331533,-0.010860753789441093,-0.10331951811766266,0.8763413586374156,-0.3307696781935502,0.9884354395094802,-0.11042688673738829
60.0,7.3,-0.12393952207460054,-0.32881103589670085,-0.010949234630182134,-0.10373536674059733,0.8754713770379159,-0.33176599141073165,0.9883423358570401,-0.11086191008058202
60.0,7.32,-0.12481100422960263,-0.3298011137076827,-0.011038408873728773,-0.10415272010038032,0.874596494800971,-0.33276259563052374,0.9882485126246809,-0.11129842339362468
60.0,7.34,-0.12568740848447435,-0.3307914770974152,-0.011128282944735285,-0.10457158247719074,0.8737166906902128,-0.33375946318770644,0.9881539628679508,-0.11173643908728587
60.0,7.36,-0.12656869884525265,-0.33178214218869384,-0.011218860949256088,-0.10499197063120999,0.872831932948959,-0.334756597126361,0.9880586798910994,-0.11217596609314334
60.0,7.38,-0.12745501298820971,-0.33277305901884063,-0.01131015178656454,-0.10541387646820612,0.8719421926871351,-0.33575398384965827,0.9879626563856324,-0.1126170184994032
60.0,7.4,-0.12834631386091094,-0.3337642397761858,-0.011402164137569747,-0.10583734102463238,0.8710474421190781,-0.33675160993275133,0.9878658852915043,-0.11305960691444834
60.0,7.42,-0.12924268214265244,-0.33475565599444546,-0.011494901543865226,-0.10626235699521602,0.8701476545599769,-0.33774946212798285,0.9877683592104198,-0.11350374364004198
60.0,7.44,-0.13014402203598782,-0.33574734288638564,-0.011588373924257255,-0.10668894104967055,0.869242795507721,-0.3387475413712593,0.9876700711407433,-0.11394943926178759
60.0,7.46,-0.1310505348313048,-0.33673923417716545,-0.011682585719493105,-0.10711711066222863,0.8683328364265657,-0.3397458331623892,0.9875710131139804,-0.11439670947902271
60.0,7.48,-0.13196212178663427,-0.3377313575268127,-0.011777547564677601,-0.10754687031734689,0.8674177498874306,-0.34074432317512116,0.9874711779272142,-0.1148455630766953
60.0,7.5,-0.1328788662535424,-0.33872368778101286,-0.011873264560400923,-0.10797822511197416,0.8664975006069572,-0.3417430112052726,0.9873705577761115,-0.11529601574150485
60.0,7.52,-0.13380079161789438,-0.3397162186586785,-0.011969745970968615,-0.10841121759755931,0.8655720603261501,-0.3427418820475908,0.987269145173072,-0.11574807619388959
60.0,7.54,-0.13472791984745602,-0.34070893998013496,-0.012066996178092565,-0.10884582806925032,0.8646413999036071,-0.3437409198806526,0.9871669319088404,-0.116201760040678
60.0,7.56,-0.13566033263971253,-0.34170181786648274,-0.01216502704458996,-0.1092820865414136,0.8637054903169975,-0.3447401086575131,0.9870639103717027,-0.11665707944850993
60.0,7.58,-0.1365979959999688,-0.34269487333440496,-0.012263845877259443,-0.1097199983795931,0.8627642976238483,-0.34573944756134123,0.9869600724645322,-0.11711404651019265
60.0,7.6,-0.13754093065471287,-0.3436880922461852,-0.012363459047329672,-0.1101595947527927,0.8618177919975322,-0.34673891964738385,0.9868554100593129,-0.1175726732975963
60.0,7.62,-0.1384892207286007,-0.3446814441610463,-0.012463873071515743,-0.11060085567083426,0.8608659437402197,-0.34773850773876125,0.9867499146061468,-0.11803297705523988
60.0,7.64,-0.1394428892419741,-0.34567491835253367,-0.012565099763815483,-0.11104382487866232,0.8599087111115084,-0.3487382244424743,0.9866435782074017,-0.11849496635348042
60.0,7.66,-0.14040190042313974,-0.34666853256085267,-0.012667144822432279,-0.11148850845620918,0.8589460767803041,-0.3497380220323102,0.9865363922235733,-0.11895865664340197
60.0,7.68,-0.14136639998405753,-0.3476622311963732,-0.012770017887991385,-0.11193491205455168,0.8579779982157,-0.3507379121769417,0.9864283480718934,-0.11942406161742154
60.0,7.7,-0.14233635097298034,-0.3486560278496955,-0.012873728219726781,-0.11238305449046126,0.857004452291701,-0.35173786170285887,0.9863194369074214,-0.11989119491737905
60.0,7.72,-0.14331177521983196,-0.3496499077181188,-0.012978281253720839,-0.1128329552503562,0.8560253956501446,-0.35273788127854644,0.9862096499805963,-0.12036007192431289
60.0,7.74,-0.14429276079279188,-0.35064384284929784,-0.013083689353252655,-0.11328460682735614,0.8550407982748562,-0.3537379517511226,0.9860989786815801,-0.12083070277642265
60.0,7.76,-0.14527926888366202,-0.3516378432293446,-0.01318995916034788,-0.1137380552548267,0.8540506364879797,-0.3547380388201432,0.9859874137517318,-0.12130310450055584
60.0,7.78,-0.14627138650742288,-0.35263187651499456,-0.013297101281032127,-0.11419329347927334,0.8530548662398695,-0.3557381518594336,0.985874945974507,-0.12177729061445715
60.0,7.8,-0.14726913810766223,-0.35362593131212655,-0.013405121489337276,-0.1146503415706814,0.8520534569350364,-0.35673827052042834,0.985761566210894,-0.12225327462490866
60.0,7.82,-0.14827254823283462,-0.3546199961881414,-0.013514033653230288,-0.11510921889450763,0.8510463718921779,-0.3577383890601581,0.9856472648572434,-0.12273107345418266
60.0,7.84,-0.14928170532219975,-0.35561403771105893,-0.013623842639833461,-0.1155699191291381,0.8500335860639366,-0.3587384713318186,0.9855320327984296,-0.123210698823205
60.0,7.86,-0.1502965102125073,-0.3566080963361846,-0.013734561657196845,-0.11603248895755713,0.849015060127543,-0.3597385098136792,0.9854158598980358,-0.12369216754480294
60.0,7.88,-0.1513171103718511,-0.3576021041415089,-0.013846197764994513,-0.11649692206890999,0.8479907587741963,-0.36073849831087634,0.9852987366466804,-0.12417549474095331
60.0,7.9,-0.15234353305208748,-0.35859605312657855,-0.013958762868534796,-0.11696325235235103,0.8469606492005008,-0.36173841386309913,0.9851806531448861,-0.12466069371546082
60.0,7.92,-0.15337574113595664,-0.3595899579187779,-0.014072264193513725,-0.11743147358454718,0.8459246987864018,-0.36273823324526244,0.9850615992460103,-0.12514778121194456
60.0,7.94,-0.15441388750212784,-0.3605837571229791,-0.014186712257668651,-0.11790160649167003,0.8448828643461997,-0.36373796329669983,0.9849415650842748,-0.12563677049244823
60.0,7.96,-0.15545786877862308,-0.36157748393161016,-0.014302119775984192,-0.11837367178438248,0.8438351125504732,-0.3647375797390991,0.984820539648925,-0.12612768163745786
60.0,7.98,-0.1565078387503446,-0.362571076116169,-0.014418493406646181,-0.11884769115638397,0.8427814185892349,-0.3657370441554421,0.9846985130959965,-0.1266205261169213
60.0,8.0,-0.1575637605753372,-0.3635645482908072,-0.014535846533157166,-0.11932367180355763,0.8417217358011466,-0.3667363607458613,0.9845754745460453,-0.12711532223195185
60.0,8.02,-0.15862566045996815,-0.364557888069245,-0.014654190192795744,-0.11980163522995221,0.8406560259447583,-0.36773551946016036,0.9844514134030379,-0.12761208480079142
60.0,8.04,-0.1596936285268577,-0.3655510551426558,-0.014773529661163059,-0.12028158984857663,0.839584262811896,-0.3687344801734176,0.9843263185786872,-0.12811083029953266
60.0,8.06,-0.16076769173440536,-0.3665440364602644,-0.014893882484102195,-0.12076355671435934,0.8385063991801001,-0.3697332456148741,0.984200179054519,-0.1286115769341609
60.0,8.08,-0.1618478771583459,-0.367536818912878,-0.015015255868331936,-0.12124755841155804,0.8374224102098332,-0.3707317755129317,0.9840729836466463,-0.12911433936845823
60.0,8.1,-0.162934274437386,-0.36852935665194053,-0.015137659602081618,-0.12173360324435047,0.8363322489852358,-0.37173007190813845,0.9839447212421756,-0.1296191339957383
60.0,8.12,-0.16402678426774056,-0.36952169735340595,-0.015261109584400285,-0.12222171307952204,0.835235881685813,-0.372728107249092,0.9838153800014383,-0.13012597883338906
60.0,8.14,-0.16512556099587675,-0.37051376639524275,-0.015385615503124063,-0.12271191082172753,0.8341332747180243,-0.37372585369928824,0.9836849484890562,-0.13063489017674365
60.0,8.16,-0.16623063457145087,-0.3715055540917354,-0.015511185738362606,-0.12320419099659555,0.8330243806787886,-0.37472331178359225,0.9835534146539503,-0.1311458859581894
60.0,8.18,-0.16734196432408197,-0.3724970670753219,-0.01563783590472986,-0.12369860489388738,0.831909166336536,-0.3757204529746413,0.9834207665074595,-0.1316589840889998
60.0,8.2,-0.16845970834837948,-0.3734882329926268,-0.01576557895956975,-0.12419514676999592,0.830787591163996,-0.3767172625245261,0.9832869918965168,-0.13217420242880362
60.0,8.22,-0.16958376676258938,-0.37447910056039874,-0.0158944229194411,-0.12469384048439283,0.8296596260825293,-0.37771369548478956,0.9831520785085964,-0.13269155703841465
60.0,8.24,-0.17071429667417348,-0.3754695922152115,-0.016024382440834734,-0.12519470933378118,0.828525218763104,-0.37870976583474514,0.9830160138576932,-0.13321106741879862
60.0,8.26,-0.17185126151134833,-0.3764597230106859,-0.0161554683178655,-0.12569776267695604,0.8273843396111177,-0.3797054275168049,0.982878785182794,-0.13373275125506884
60.0,8.28,-0.17299475390017105,-0.377449443987171,-0.01628769552025622,-0.12620302414851364,0.8262369470327493,-0.38070066352546444,0.982740379783774,-0.1342566262085464
60.0,8.3,-0.17414480318650002,-0.378438740013993,-0.016421075111099928,-0.126710503336291,0.8250830005816187,-0.3816954569119408,0.982600784097988,-0.1347827132844922
60.0,8.32,-0.1753014388435275,-0.3794275958792353,-0.016555622066005863,-0.12722023915333278,0.823922458109716,-0.38268978946701043,0.9824599852011457,-0.13531103004733658
60.0,8.34,-0.17646468640954766,-0.38041598752941097,-0.016691347743556347,-0.12773224160439509,0.8227552834279065,-0.38368362779039544,0.9823179695392538,-0.13584159568849533
60.0,8.36,-0.1776345796248549,-0.3814039083012346,-0.016828265844447007,-0.12824652043516313,0.8215814281529643,-0.384676967290048,0.9821747238522085,-0.13637442765812616
60.0,8.38,-0.17881121097291566,-0.38239130272016864,-0.016966389916101936,-0.1287631005367748,0.8204008632979768,-0.385669759500401,0.9820302336568855,-0.1369095484432774
60.0,8.4,-0.17999454396892992,-0.38337818596719797,-0.017105735645297715,-0.12928202195785077,0.8192135399945727,-0.3866619986182669,0.9818844852376153,-0.13744697535923098
60.0,8.42,-0.1811847428232991,-0.38436447909309507,-0.0172463132791263,-0.12980326518539148,0.8180194221241206,-0.3876536493595883,0.9817374644555995,-0.1379867291204021
60.0,8.44,-0.18238170003069823,-0.3853502198438719,-0.017388140815602793,-0.130326885578992,0.8168184652115873,-0.3886446894822095,0.981589156899302,-0.13852882861825758
60.0,8.46,-0.18358551324379233,-0.3863353602239727,-0.01753123278884394,-0.1308528937596147,0.8156106219907087,-0.3896351123607853,0.9814395472571718,-0.13907329782062305
60.0,8.48,-0.1847962809363607,-0.38731985130375485,-0.017675601590076338,-0.13138130068715806,0.8143958601882775,-0.3906248655498208,0.9812886215914125,-0.1396201521137522
60.0,8.5,-0.18601403463145846,-0.3883036756719198,-0.01782125947447452,-0.1319121328598489,0.8131741311813588,-0.39161394073119954,0.9811363638794941,-0.14016941703251365
60.0,8.52,-0.18723873373198993,-0.38928683952733784,-0.017968228089598928,-0.13244541581763006,0.811945397431681,-0.3926022993971996,0.9809827593449608,-0.1407211112585143
60.0,8.54,-0.18847047754647983,-0.3902692929293361,-0.018116518011090297,-0.13298116131292662,0.8107096089390503,-0.3935899314577511,0.9808277924526333,-0.14127525507131158
60.0,8.56,-0.18970936402110875,-0.39125098046762324,-0.018266148763547513,-0.13351941125829958,0.809466734703501,-0.3945767830274541,0.98067144699488,-0.14183187210580875
60.0,8.58,-0.19095528869248554,-0.392231950207723,-0.018417131468227172,-0.13406016211593952,0.8082167165359446,-0.39556285639251204,0.9805137073013616,-0.14239098253610796
60.0,8.6,-0.19220848679448066,-0.3932120795868346,-0.01856948371380518,-0.13460345663495005,0.8069595180948055,-0.396548111441429,0.9803545570482466,-0.1429526081452637
60.0,8.62,-0.1934688516962594,-0.39419141208710495,-0.018723221605443416,-0.13514929077963836,0.8056950927501187,-0.39753251995816274,0.9801939797045198,-0.1435167723884037
60.0,8.64,-0.19473641341979872,-0.39516992481218355,-0.01887836533758886,-0.1356977234386282,0.8044234048509599,-0.3985160410798009,0.9800319583524219,-0.14408349687052008
60.0,8.66,-0.19601134260599679,-0.3961475308471084,-0.0190349266828751,-0.13624875156328645,0.8031444023961083,-0.39949866026307507,0.9798684760899138,-0.14465280489920818
60.0,8.68,-0.19729367050552885,-0.3971242056682479,-0.019192924280068566,-0.13680240306667021,0.8018580387813787,-0.40048034751935613,0.979703515742298,-0.14522471794670513
60.0,8.7,-0.19858328948567583,-0.39809999389429196,-0.01935237461494443,-0.13735870649455256,0.8005642695848068,-0.4014610733356166,0.9795370595547694,-0.14579926084532
60.0,8.72,-0.19988043889094692,-0.39907476734884717,-0.01951329919620626,-0.13791769002054038,0.7992630558996743,-0.4024407928820379,0.9793690899782465,-0.14637645491283136
60.0,8.74,-0.20118501339545045,-0.40004857513273573,-0.019675712723515208,-0.13847936685141182,0.7979543460727201,-0.4034194892885185,0.9791995887348702,-0.14695632654992222
60.0,8.76,-0.2024971140975432,-0.40102135739144823,-0.01983963232034051,-0.13904376625690917,0.796638093036177,-0.40439712984716925,0.9790285374133965,-0.14753889858978317
60.0,8.78,-0.20381684050938972,-0.40199304854743956,-0.020005075460808815,-0.13961090140046215,0.7953142589990847,-0.40537366844266953,0.9788559173798644,-0.14812419552624986
60.0,8.8,-0.20514415690342674,-0.4029636627564107,-0.02017206689356202,-0.14018081741646726,0.7939827896753038,-0.40634908491296134,0.9786817098060319,-0.1487122417694984
60.0,8.82,-0.20647916326111992,-0.4039331335829148,-0.020340617352141658,-0.1407535124504667,0.792643639119063,-0.40732334517268165,0.9785058957041602,-0.1493030599027197
60.0,8.84,-0.2078218967687039,-0.40490144368061604,-0.020510751979459906,-0.14132904882357533,0.7912967725406701,-0.40829640274481566,0.9783284549617199,-0.14989667927113712
60.0,8.86,-0.20917238518374262,-0.4058685569064819,-0.02068248929720166,-0.14190742399070522,0.7899421159661587,-0.4092682427408276,0.9781493681960837,-0.15049312228276618
60.0,8.88,-0.2105306634910343,-0.4068344508836748,-0.020855847810866746,-0.14248866871638555,0.7885796571064926,-0.4102388114991391,0.9779686151926785,-0.15109241465437728
60.0,8.9,-0.211896835552996,-0.407799061404194,-0.021030846261516627,-0.14307281409613026,0.7872093100611558,-0.4112080864625499,0.9777861753840454,-0.15169458373516784
60.0,8.92,-0.21327086330012052,-0.4087623975471878,-0.021207511151145737,-0.14365989044939145,0.7858310562089936,-0.4121760268669291,0.9776020279253422,-0.15229965502164797
60.0,8.94,-0.214652920130459,-0.40972435203859825,-0.02138585681497313,-0.1442499132816824,0.7844448429780475,-0.4131425910926,0.9774161521076835,-0.15290765396846398
60.0,8.96,-0.21604297074047088,-0.4106849379934229,-0.02156590524947718,-0.1448429141015828,0.7830506020358585,-0.41410774591212784,0.9772285260338491,-0.1535186092756205
60.0,8.98,-0.21744104864078503,-0.4116441266367837,-0.021747681279904233,-0.14543892436774564,0.7816483087764932,-0.4150714629213163,0.9770391279769328,-0.15413254785543348
60.0,9.0,-0.21884725691447082,-0.4126018460340221,-0.02193120497011388,-0.14603797662442203,0.7802378939808298,-0.41603368939258056,0.9768479360024274,-0.1547494965202786
60.0,9.02,-0.22026155750335555,-0.41355810465109855,-0.022116496667091198,-0.14664006922760955,0.7788193249269167,-0.4169943912055233,0.9766549274715843,-0.15536948365003658
60.0,9.04,-0.22168412879850002,-0.41451279564852933,-0.022303582021996914,-0.1472452688897744,0.7773925424194039,-0.4179535193852998,0.9764600794202918,-0.15599253750201023
60.0,9.06,-0.22311493306331875,-0.41546592679374367,-0.022492481934426507,-0.14785359177575477,0.7759574983983493,-0.41891104759465403,0.9762633687833433,-0.1566186862451887
60.0,9.08,-0.22455400206588588,-0.41641746263565005,-0.02268322011890072,-0.14846505371906094,0.774514143602526,-0.4198669305812103,0.976064772056567,-0.1572479579048389
60.0,9.1,-0.22600151847748406,-0.417367298170323,-0.022875820622373724,-0.1490797057294929,0.7730624203975106,-0.42082111774046627,0.9758642652455646,-0.15788038209986008
60.0,9.12,-0.22745736916036022,-0.41831547533639213,-0.02307030776979192,-0.149697564188959,0.7716022910386724,-0.42177358595180825,0.9756618238595298,-0.15851599003951677
60.0,9.14,-0.22892165918653837,-0.4192619179594362,-0.02326670353926688,-0.150318645940046,0.7701336900326995,-0.42272427866495543,0.9754574226684471,-0.15915480749024274
60.0,9.16,-0.2303944996013816,-0.4202065582340903,-0.02346503291361352,-0.15094300305868,0.7686565865120385,-0.42367313995307054,0.9752510376437494,-0.15979686907277343
60.0,9.18,-0.23187592340724705,-0.42114935789153213,-0.02366532646654057,-0.1515706695911654,0.7671709028527277,-0.424620157312193,0.9750426419927279,-0.1604422036306695
60.0,9.2,-0.23336596361055767,-0.42209027836338564,-0.023867604479351358,-0.15220166364515075,0.7656765990000373,-0.4255652505596026,0.9748322107774401,-0.1610908419744246
60.0,9.22,-0.23486458479606706,-0.4230293315123149,-0.024071895543529252,-0.15283602017201217,0.7641736309328196,-0.42650838900555016,0.9746197164175067,-0.16174281614093794
60.0,9.24,-0.23637204157661834,-0.4239663552558583,-0.024278223166705276,-0.15347375723065504,0.7626619300492369,-0.4274495448632304,0.974405132901765,-0.16239815484172573
60.0,9.26,-0.2378882197308616,-0.42490139163717283,-0.024486616749542483,-0.15411492844198896,0.7611414581760477,-0.42838863644900066,0.9741884315623484,-0.16305689499556797
60.0,9.28,-0.23941315237533287,-0.4258344009329638,-0.024697103300680416,-0.15475957027878473,0.7596121567046098,-0.4293256397189809,0.9739695864320675,-0.1637190633919153
60.0,9.3,-0.24094702991715286,-0.4267652737454937,-0.02490971274669628,-0.15540770083084435,0.7580739737847988,-0.4302604984978641,0.9737485683049879,-0.16438469841985703
60.0,9.32,-0.24248980637263443,-0.427694000688895,-0.025124467201304453,-0.15605933955575474,0.7565268582430331,-0.4311931560653015,0.973525349273771,-0.16505382984986042
60.0,9.34,-0.24404159300824874,-0.4286205026622342,-0.0253414032264576,-0.15671455925054853,0.7549707433565171,-0.4321235633590411,0.9732998982027727,-0.16572649205018009
60.0,9.36,-0.2456024296594688,-0.42954474700595285,-0.02556054348862487,-0.15737336166171184,0.7534055891243181,-0.43305168557977775,0.97307218747526,-0.16640271813619276
60.0,9.38,-0.24717234491453424,-0.43046668098774066,-0.02578192249677528,-0.1580358024529084,0.7518313289890722,-0.4339774542549195,0.9728421851077558,-0.1670825456199951
60.0,9.4,-0.24875145395351697,-0.43138622790527853,-0.026005566537413448,-0.15870190188298028,0.7502479155706862,-0.43490082840113664,0.9726098623835729,-0.16776600547402618
60.0,9.42,-0.250339716064502,-0.4323033871252396,-0.026231513789713997,-0.1593717160822932,0.7486553010575671,-0.43582174834339327,0.9723751859234661,-0.16845313475256568
60.0,9.44,-0.2519372411039777,-0.43321807083752256,-0.02645978551096399,-0.16004524796772676,0.7470534211633909,-0.43674014381219894,0.9721381255608054,-0.16914397095152855
60.0,9.46,-0.2535440637816832,-0.4341302340205104,-0.026690417933647737,-0.16072255483503395,0.745442222955026,-0.43765598505444064,0.9718986482155262,-0.1698385474527723
60.0,9.48,-0.2551603005937367,-0.43503979678275295,-0.02692344757087477,-0.16140367563101726,0.7438216436604043,-0.43856920048703624,0.971656720074691,-0.1705369008869042
60.0,9.5,-0.25678590480038027,-0.43594674738552247,-0.027158902960997124,-0.1620886511040441,0.742191639374935,-0.4394797460419588,0.9714123091148572,-0.1712390698259928
60.0,9.52,-0.2584210694930611,-0.4368509595899347,-0.02739681838667062,-0.16277750226028695,0.7405521489267572,-0.44038754891172666,0.9711653803194501,-0.17194509569071645
60.0,9.54,-0.26006567455982477,-0.43775247102562925,-0.02763722920355674,-0.16347028877915903,0.7389031213791122,-0.4412925587327738,0.970915902725024,-0.17265499602032933
60.0,9.56,-0.2617199873508875,-0.4386511029160435,-0.02788016741521205,-0.16416701340824394,0.7372444895378559,-0.4421947143164646,0.9706638327479666,-0.17336884542022563
60.0,9.58,-0.26338388750260927,-0.43954689240301115,-0.02812566966006573,-0.1648677560414215,0.7355762032920188,-0.44309394601209195,0.9704091420442293,-0.17408665114608662
60.0,9.6,-0.26505749000942563,-0.4404397498864003,-0.02837377496221023,-0.16557253849867354,0.7338982056593515,-0.4439901964127581,0.9701517908126166,-0.17480847072305167
60.0,9.62,-0.26674083350657907,-0.44132963081001403,-0.028624517424860076,-0.16628140330122831,0.7322104327182148,-0.44488342021115906,0.9698917440426326,-0.1755343274310662
60.0,9.64,-0.26843410176289884,-0.44221638129438684,-0.028877934529256976,-0.16699439290475676,0.7305128446611772,-0.4457735330535015,0.9696289615684163,-0.1762642784424657
60.0,9.66,-0.2701371795753823,-0.4431000485045552,-0.02913406427712571,-0.16771155019006925,0.7288053624826955,-0.4466604780219576,0.9693634080632569,-0.17699834669603032
60.0,9.68,-0.2718501798817148,-0.4439805341719805,-0.02939294475423975,-0.168432898562699,0.7270879326829982,-0.4475441949383088,0.9690950376574521,-0.1777366055061812
60.0,9.7,-0.27357321934033246,-0.4448577435513041,-0.029654615436316017,-0.16915850149455483,0.7253605104574304,-0.44842461029151465,0.9688238177810168,-0.17847906053251916
60.0,9.72,-0.27530632794934135,-0.44573161297438496,-0.02991911889850395,-0.16988840264308486,0.723623027437994,-0.44930165230491176,0.9685497052932384,-0.17922576779422536
60.0,9.74,-0.27704946711697037,-0.4466021420512189,-0.030186494844538555,-0.1706226264453791,0.7218754329290156,-0.4501752588191596,0.9682726557113625,-0.17997678289303734
60.0,9.76,-0.2788028255464867,-0.44746917494882393,-0.030456790479719154,-0.17136123688288765,0.720117652682953,-0.45104536919239296,0.9679926317477593,-0.18073212763259125
60.0,9.78,-0.2805664429754906,-0.4483326611769019,-0.030730016641860293,-0.17210426444208696,0.7183496453994046,-0.4519118895066752,0.9677095896541998,-0.18149185741887808
60.0,9.8,-0.28234035590962503,-0.44919254467530906,-0.031006269728721232,-0.17285176562330265,0.7165713389483188,-0.4527747576983236,0.9674234809947104,-0.1822560265993674
60.0,9.82,-0.2841245975187513,-0.4500487637620655,-0.031285549638940084,-0.17360377380736983,0.7147826786987231,-0.45363392128877994,0.9671342679465245,-0.18302465636840054
60.0,9.84,-0.2859192795201971,-0.45090120637086173,-0.03156792055351385,-0.17436033179817423,0.7129836182884277,-0.4544892792230804,0.9668419039160965,-0.18379780106115812
60.0,9.86,-0.28772444185044355,-0.4517498193106304,-0.031853420730433284,-0.17512150844722604,0.7111740805714075,-0.4553407619628192,0.9665463366276714,-0.1845755312214478
60.0,9.88,-0.2895400421262663,-0.45259459429501864,-0.03214208531462743,-0.17588735323771734,0.709354005898896,-0.4561883095828677,0.9662475254465408,-0.18535786695991022
60.0,9.9,-0.2913663471471065,-0.45343530999943016,-0.03243400784589043,-0.17665788453104753,0.7075233432714502,-0.4570318137781859,0.9659454208862355,-0.18614486147533527
60.0,9.92,-0.29320323891808936,-0.45427201228149505,-0.03272916317786388,-0.17743316374118057,0.7056820273420223,-0.4578712255521517,0.9656399753731159,-0.18693655064420592
60.0,9.94,-0.2950508331681292,-0.4551045894021898,-0.03302768488380838,-0.17821324493531068,0.7038300016507183,-0.45870646512671787,0.9653311346549103,-0.18773302129666378
60.0,9.96,-0.29690923586216234,-0.4559329121105711,-0.033329544923516946,-0.17899817033396048,0.7019672027887505,-0.4595374291809857,0.9650188561316176,-0.1885342748838545
60.0,9.98,-0.29877849410746926,-0.4567569329544085,-0.03363485165473528,-0.17978802138896,0.7000935768959475,-0.46036405408170206,0.9647030806071968,-0.1893403968365659
60.0,10.0,-0.300658554536115,-0.4575766249675563,-0.03394363275826742,-0.1805827883139483,0.6982090631735283,-0.461186235102288,0.9643837551676571,-0.19015143860199604
60.0,10.02,-0.30254961330821045,-0.45839181931202017,-0.034255939673528094,-0.18138258608276028,0.6963135941329764,-0.4620039139749705,0.9640608355396194,-0.19096741813449053
60.0,10.04,-0.30445170731876847,-0.45920245028059137,-0.034571804902948346,-0.18218742647250882,0.6944071035889489,-0.4628169965814949,0.9637342572675066,-0.1917884191134102
60.0,10.05,-0.30540694260598256,-0.4596060048585317,-0.03473111125993953,-0.18259176433110472,0.6934497075411072,-0.46322177216494215,0.96356958042651,-0.19220081648768048
60.0,10.06,-0.3063648662909109,-0.46000844106132277,-0.03489133712732298,-0.18299737212421183,0.6924895428625035,-0.46362538129555503,0.9634039711693518,-0.19261447553381342
60.0,10.08,-0.30828921427354994,-0.4608096816677391,-0.03521455061730586,-0.18381250462541252,0.690560848488784,-0.4644289900147836,0.9630699177896758,-0.19344565407403208
60.0,10.1,-0.3102246969356306,-0.4616061420350958,-0.03554151196377559,-0.18463283058039975,0.6886209583314349,-0.46522774379306603,0.9627320385391818,-0.19428200383379235
60.0,10.12,-0.31217142758770844,-0.4623976944950793,-0.03587227275551183,-0.18545844787140078,0.6866698120547048,-0.4660215281452987,0.9623902767957405,-0.19512357404462502
60.0,10.14,-0.3141295270998639,-0.4631842201196379,-0.03620693382711957,-0.1862893573154441,0.6847073504455758,-0.46681026260288133,0.962044574575804,-0.19597041339806218
60.0,10.16,-0.3160989476035802,-0.46396569776215874,-0.036545487866824135,-0.1871256923304626,0.6827334999477941,-0.46759385510418217,0.9616948645569124,-0.196822603378979
60.0,10.18,-0.31807988012362143,-0.46474193517579976,-0.03688803746651476,-0.18796745462385506,0.6807482202682694,-0.46837221699052106,0.9613410870512665,-0.19768019175771182
60.0,10.2,-0.3200722763720421,-0.4655129096687794,-0.03723463365415532,-0.18881472348114658,0.6787514334151319,-0.46914523195714236,0.9609831833662773,-0.19854320873768283
60.0,10.22,-0.3220762574471696,-0.4662784976568717,-0.03758535703174037,-0.18966755080668815,0.6767430862098889,-0.4699128163413588,0.9606210806926617,-0.19941175126119878
60.0,10.24,-0.32409184846842576,-0.46703860868347763,-0.03794028944996016,-0.19052598889070735,0.6747231195979201,-0.4706748630668224,0.9602547162681105,-0.2002858655599071
60.0,10.26,-0.3261191670117507,-0.46779311085405184,-0.03829941381675961,-0.1913901104631367,0.6726914679979616,-0.47143127607631424,0.9598840248597408,-0.2011655970405737
60.0,10.28,-0.32815824166503177,-0.46854191676270046,-0.038662884737410204,-0.19225997779651308,0.6706480674957904,-0.47218195845810107,0.9595089385542716,-0.20205100771402804
60.0,10.3,-0.3302090301379696,-0.4692850121873477,-0.03903075388226149,-0.19313565165409666,0.6685928564199901,-0.472926795339931,0.9591293833637584,-0.20294217546072463
60.0,10.32,-0.33227180236195963,-0.47002213017461186,-0.039403039772412454,-0.1940172003314259,0.6665257826248577,-0.473665676574687,0.9587452873682203,-0.2038391607487521
60.0,10.34,-0.33434642621063465,-0.4707533013556641,-0.03977989710302516,-0.19490466527858835,0.664446779180862,-0.47439851452564824,0.9583565783230249,-0.2047420236174219
60.0,10.36,-0.3364331012595675,-0.47147832917524185,-0.04016131692795713,-0.1957981454121901,0.6623557904771242,-0.47512517497076384,0.9579631861427806,-0.20565080671419247
60.0,10.38,-0.338531851358367,-0.47219711541133025,-0.04054741796783616,-0.19669766767299732,0.6602527449426946,-0.4758455801557931,0.9575650307648395,-0.20656560264363902
60.0,10.4,-0.3406427116037284,-0.47290957745208584,-0.040938295728993816,-0.197603311375685,0.6581375915459597,-0.4765595773401789,0.9571620345012651,-0.20748646913860247
60.0,10.42,-0.34276571291234453,-0.4736156266064294,-0.04133397802662339,-0.19851517109281566,0.6560102625089861,-0.4772670870722807,0.956754116800423,-0.20841348039660337
60.0,10.44,-0.3449009607061523,-0.4743151024037493,-0.041734592645005425,-0.19943329798008527,0.6538707100914543,-0.4779679721715975,0.9563412029202201,-0.20934667648585442
60.0,10.46,-0.34704848943230054,-0.4750079191245784,-0.04214019468678087,-0.20035773498095974,0.6517188636290577,-0.4786621290500074,0.9559232068407094,-0.21028614706664986
60.0,10.48,-0.3492084082631601,-0.4756939185021971,-0.04255085460577017,-0.20128859484240594,0.6495546628381852,-0.47934944181409433,0.9555000424619456,-0.21123196383783294
60.0,10.5,-0.35138074323922813,-0.47637300136995964,-0.04296666454749552,-0.20222591454292904,0.6473780504453679,-0.48002977693882015,0.9550716269887443,-0.21218418128108457
60.0,10.52,-0.3535656113238574,-0.4770450171117799,-0.04338776344749651,-0.20316977027278496,0.645188963042456,-0.4807030114882227,0.9546378709501298,-0.21314288691992372
60.0,10.54,-0.35576294652483703,-0.4777099150980632,-0.04381415015413993,-0.20412026938283864,0.6429873542575778,-0.48136903280112275,0.9541986885796625,-0.214108133638821
60.0,10.56,-0.3579729486448114,-0.47836748003572116,-0.04424599207831429,-0.20507743516733656,0.6407731502606924,-0.4820277052840208,0.9537539851690824,-0.21508000681375486
60.0,10.58,-0.3601955631362268,-0.47901767594324923,-0.044683361783025066,-0.20604136115695398,0.6385462859818104,-0.482678914761191,0.9533036644401496,-0.21605859094286578
60.0,10.6,-0.36243088949594277,-0.4796603245936858,-0.04512629686647483,-0.20701214994986566,0.6363067239141579,-0.4833225128186979,0.9528476383134586,-0.2170439368691711
60.0,10.62,-0.36467903952785546,-0.4802952619763076,-0.04557497538939674,-0.20798984990278924,0.6340543963256243,-0.4839583782336067,0.9523858063707619,-0.2180361270898676
60.0,10.64,-0.3669400410978145,-0.48092238581616503,-0.04602943787627795,-0.20897456539249834,0.6317892378920615,-0.4845863888638188,0.9519180688151353,-0.21903524367534535
60.0,10.66,-0.3692139131155124,-0.4815415820063285,-0.04648982463691206,-0.20996632965458725,0.6295112111288498,-0.485206388701963,0.951444324273678,-0.22004136775678798
60.0,10.68,-0.3715006823718734,-0.48215274673974423,-0.04695622078418625,-0.2109652648587438,0.6272202327811246,-0.48581825393363903,0.9509644703700348,-0.22105456214775732
60.0,10.7,-0.37380053509258243,-0.48275563386614473,-0.04742873355468875,-0.21197141339269418,0.6249162621063105,-0.48642183813898426,0.950478399852994,-0.22207492290787292
60.0,10.72,-0.3761134132198932,-0.4833502012652365,-0.04790745114581647,-0.21298489956802716,0.6225992367896969,-0.4870170104948268,0.9499860044320665,-0.223102527724174
60.0,10.74,-0.37843941799202485,-0.48393626442149895,-0.04839248953139157,-0.21400579171280681,0.6202690985301827,-0.48760362287835946,0.9494871742418349,-0.22413745326319778
60.0,10.76,-0.3807786547129377,-0.484513641947752,-0.048883966551855215,-0.21503415863082603,0.6179258003672693,-0.48818151567698165,0.9489817978415223,-0.22517977515211593
60.0,10.78,-0.3831310547137718,-0.48508227816389454,-0.04938200763172062,-0.21607009447608533,0.6155692797239629,-0.48875056661775057,0.9484697565017398,-0.22622960158830377
60.0,10.8,-0.38549681133153935,-0.4856419275341011,-0.04988674035942409,-0.21711369435564698,0.613199479670785,-0.489310619792125,0.9479509362087913,-0.22728698868541533
60.0,10.82,-0.38787585462666485,-0.48619253231840553,-0.050398244846885064,-0.21816501289835574,0.6108163548400516,-0.4898615079660812,0.9474252127689833,-0.22835204187563538
60.0,10.84,-0.3902683683424291,-0.48673383124522795,-0.05091666394608281,-0.2192241971561452,0.6084198528290762,-0.4904030903166548,0.9468924642667716,-0.2294248488715225
60.0,10.86,-0.39267429008003935,-0.48726577566418633,-0.05144211957510267,-0.22029129468598557,0.6060099102015142,-0.4909352139594804,0.9463525678881325,-0.23050547889397965
60.0,10.88,-0.3950937130964458,-0.4877881630305293,-0.05197470283504344,-0.22136638759961408,0.6035864752705355,-0.4914577146926341,0.9458053922535329,-0.23159403326783204
60.0,10.9,-0.39752673464421057,-0.4883007938427246,-0.052514640794519285,-0.22244960820527512,0.6011495134305628,-0.49197043905448645,0.9452508042585164,-0.2326906120464519
60.0,10.92,-0.3999732900615442,-0.488803616894563,-0.053061978335966146,-0.22354099840827962,0.5986989500600971,-0.4924732151702858,0.9446886709772729,-0.23379529696109175
60.0,10.94,-0.4024335559911398,-0.489296354247574,-0.05361686978416239,-0.2246407109618738,0.5962347502017376,-0.4929658826884868,0.9441188548258058,-0.2349081852002644
60.0,10.96,-0.4049075471199326,-0.4897788762362041,-0.054179486911965946,-0.22574878722236838,0.5937568666655305,-0.4934482854593681,0.9435412173548391,-0.2360293553189214
60.0,10.98,-0.4073953535245731,-0.4902509699302254,-0.05474994400400784,-0.22686536560513001,0.5912652283576869,-0.49392024394026474,0.9429556112822924,-0.23715891770944342
60.0,11.0,-0.40989690271447676,-0.49071257411857266,-0.05532838446374512,-0.22799052429827193,0.5887598123721338,-0.49438158010013783,0.9423618905994572,-0.23829696458878366
60.0,11.02,-0.4124122830053373,-0.49116347319321346,-0.05591496049464386,-0.22912436837126327,0.5862405665969749,-0.4948321406710702,0.9417599033986572,-0.23944360316536673
60.0,11.04,-0.41494159150954035,-0.4916034601899395,-0.05650982697846376,-0.23026700391828311,0.5837074241876486,-0.49527173863756396,0.9411494969201565,-0.2405989218750353
60.0,11.06,-0.4174848292928505,-0.4920323870226388,-0.05711313495213896,-0.23141851142112738,0.5811603664027952,-0.49570018890163003,0.940530512472356,-0.24176302405125788
60.0,11.08,-0.42004217303764785,-0.4924499637183443,-0.057725051246474195,-0.2325790254169345,0.5785993408600508,-0.49611730927459863,0.939902789570103,-0.24293601143721172
60.0,11.1,-0.4226134549007903,-0.49285619084191834,-0.058345773172849245,-0.23374861801147126,0.5760243037616426,-0.4965229385239552,0.939266168031962,-0.24411796719962067
60.0,11.12,-0.42519884489420273,-0.49325076910570426,-0.0589754262545657,-0.2349274090090278,0.5734351994026332,-0.4969168661584868,0.938620467764569,-0.24530903813259244
60.0,11.14,-0.4277983450162446,-0.4936335496809536,-0.05961417935012496,-0.23611550929223477,0.5708320093814679,-0.4972989099852075,0.9379655270707159,-0.2465092870563622
60.0,11.16,-0.43041203744666673,-0.49400430199753725,-0.06026220432111694,-0.2373130307952576,0.5682146734920603,-0.4976689001761658,0.9373011631858905,-0.24771884000832028
60.0,11.18,-0.43303992209914305,-0.49436287397546885,-0.060919717721132104,-0.2385200758761989,0.56558317267451,-0.49802661105447077,0.936627195745281,-0.24893780480069
60.0,11.2,-0.4356819877280273,-0.4947091012026228,-0.0615868563922445,-0.23973676898641297,0.5629374488570373,-0.4983718662547948,0.9359434392902711,-0.25016628651387984
60.0,11.22,-0.43833840964235,-0.49504268238749866,-0.0622638436274635,-0.24096321437104268,0.5602774809241446,-0.4987044651266295,0.9352497021229318,-0.25140440463008806
60.0,11.24,-0.44100916933806655,-0.49536344272055033,-0.06295085731189107,-0.2421994999681606,0.5576032154608962,-0.4990242091722452,0.9345457972748904,-0.2526522434199322
60.0,11.26,-0.443694267170996,-0.49567122921620926,-0.06364809298841817,-0.24344577026053923,0.5549146363256781,-0.4993308761412261,0.9338315150700024,-0.253909949510981
60.0,11.28,-0.446393686982065,-0.4959658708188565,-0.06435579261683438,-0.24470216013700755,0.5522117122922998,-0.49962427863002484,0.9331066537171299,-0.25517763503608937
60.0,11.3,-0.44910758951902274,-0.49624704444158946,-0.06507409449411905,-0.24596874339857858,0.5494943977223432,-0.49990421164829574,0.9323710152324804,-0.2564553765424904
60.0,11.32,-0.45183587454810764,-0.49651465881198714,-0.06580324793158318,-0.24724565667374296,0.5467626781474001,-0.500170441266103,0.9316243686180106,-0.2577433448398728
60.0,11.34,-0.4545786951044891,-0.4967683798552724,-0.066543463692595,-0.24853304934923873,0.5440165092385543,-0.5004227718490238,0.9308665088166063,-0.25904161106488566
60.0,11.36,-0.45733603477590884,-0.4970080340383976,-0.06729498467553796,-0.24983100320448565,0.5412558779241953,-0.5006609790282184,0.9300972031215596,-0.26035032440559797
60.0,11.38,-0.4601078756688608,-0.497233446845683,-0.06805802210672846,-0.2511396407503476,0.5384807551242073,-0.5008848365382138,0.9293162271572298,-0.26166958193944034
60.0,11.4,-0.4628941877307374,-0.4974444313314551,-0.06883280690327515,-0.2524591436851579,0.5356911145897651,-0.501094133316653,0.9285233398362137,-0.2629995266053047
60.0,11.42,-0.46569521577959294,-0.49764057291353453,-0.06961958685946003,-0.25378956696447186,0.5328869318578702,-0.5012886374176143,0.9277182982682233,-0.2643402812572781
60.0,11.44,-0.4685107529881472,-0.4978218418202509,-0.0704185492492856,-0.2551310775229891,0.530068209042198,-0.5014681193892209,0.9269008575282638,-0.26569196605067685
60.0,11.46,-0.4713409435168591,-0.4979878878926955,-0.07123006392634275,-0.25648379480110856,0.5272348970506874,-0.5016323489868778,0.9260707653288174,-0.2670546968502351
60.0,11.48,-0.47418576158389064,-0.49813852729171565,-0.07205431984386386,-0.25784785882297795,0.5243870120386938,-0.5017810823776986,0.9252277605584327,-0.26842860221049114
60.0,11.5,-0.4770451742638427,-0.4982735694619163,-0.07289155453796102,-0.25922339850573944,0.5215245139748154,-0.5019141047102125,0.9243715731757433,-0.2698138232280765
60.0,11.52,-0.4799193097482067,-0.49839264387190524,-0.07374210938033206,-0.26061054807134726,0.5186474066802272,-0.5020311499500599,0.9235019267087113,-0.27121049664650565
60.0,11.54,-0.48280805550181677,-0.4984956507356323,-0.07460622392113424,-0.26200940793118116,0.5157556710884846,-0.5021319947792192,0.9226185488563717,-0.27261872286783817
60.0,11.56,-0.4857115360001442,-0.4985822140400856,-0.07548416796754362,-0.26342016984428746,0.5128493146321822,-0.5022163834484511,0.9217211489032754,-0.2740386467696271
60.0,11.58,-0.4886296238156656,-0.4986522200602179,-0.07637628289060508,-0.2648429097487117,0.5099283071318635,-0.5022840704437224,0.9208094238002105,-0.2754704242934249
60.0,11.6,-0.49156245065570786,-0.49870529876143144,-0.07728280370659724,-0.2662778351042216,0.5069926777187943,-0.502334792550478,0.9198830795198845,-0.2769141586686037
60.0,11.62,-0.4945099608424156,-0.49874123617828997,-0.07820409234645748,-0.2677250537222667,0.5040423948526193,-0.5023683086598443,0.9189418023076618,-0.2783699967889772
60.0,11.64,-0.49747218918744784,-0.4987597362944618,-0.07914047080887071,-0.26918468691421077,0.5010774747857386,-0.5023843487692169,0.9179852719210911,-0.2798380804794056
60.0,11.66,-0.5004490057477579,-0.4987606862387276,-0.08009222002240637,-0.27065687026102025,0.4980979376007663,-0.5023826585735317,0.9170131595477996,-0.28131854573445336
60.0,11.68,-0.5034406036492838,-0.4987435998404438,-0.08105969233766797,-0.27214178878893636,0.49510377287471946,-0.5023629645944743,0.9160251271307587,-0.2828115398754049
60.0,11.7,-0.5064467557261205,-0.49870844289732935,-0.08204328573814305,-0.27363958331350297,0.49209498024186704,-0.5023250145017749,0.9150208400391711,-0.28431717279649943
60.0,11.72,-0.5094676561399983,-0.498654728397476,-0.08304324310204785,-0.2751503749847546,0.4890716016660026,-0.5022685226978651,0.9139999342775861,-0.2858356117464023
60.0,11.74,-0.5125031542847291,-0.4985823256072645,-0.08405997566487772,-0.2766743055248253,0.486033628956038,-0.5021932162089566,0.9129620513580871,-0.2873669868687056
60.0,11.76,-0.5155533463684779,-0.4984908235716943,-0.08509391284042732,-0.2782115488163463,0.48298109603434736,-0.5020988236339234,0.9119068142227369,-0.28891145360194165
60.0,11.78,-0.5186180886995583,-0.4983801006696375,-0.08614536568528963,-0.27976221297003745,0.4799140047130625,-0.5019850688151475,0.9108338411853449,-0.29046914431803283
60.0,11.8,-0.5216973733802749,-0.498249819987647,-0.08721473008108306,-0.2813264881098586,0.47683241095311235,-0.5018516551702815,0.9097427401221742,-0.2920402013514146
60.0,11.82,-0.5247912256193351,-0.4980996760137222,-0.08830244943045053,-0.28290451783224674,0.4737363129688563,-0.5016983066250374,0.9086331103587241,-0.29362475989869835
60.0,11.84,-0.5278996378818543,-0.4979293315231687,-0.08940886664332273,-0.28449644411812164,0.4706257579172786,-0.5015247213588031,0.9075045262253879,-0.2952229950316086
60.0,11.86,-0.5310225248539666,-0.49773855041770576,-0.09053449140735399,-0.28610239517234737,0.46750077843531895,-0.5013306104140834,0.9063565698753954,-0.29683502698999165
60.0,11.88,-0.5341598046042959,-0.4975271014852529,-0.09167969336757181,-0.28772254621609156,0.4643614069811132,-0.50111569495175,0.9051888036324699,-0.2984609996212937
60.0,11.9,-0.5373115475795037,-0.4972945479521201,-0.09284490009383452,-0.2893570576062289,0.46120768962058184,-0.5008796508361805,0.9040007708217525,-0.30010108033533905
60.0,11.92,-0.5404776534759548,-0.4970406422372386,-0.09403066030250302,-0.2910060908809426,0.4580396799544677,-0.5006221899649809,0.9027920145377739,-0.3017553959872009
60.0,11.94,-0.5436581181594501,-0.4967650525278518,-0.0952373994706985,-0.2926697392710523,0.45485740898392096,-0.500342992087328,0.901562058910945,-0.30342409651668806
60.0,11.96,-0.5468528289615064,-0.496467522294585,-0.09646564692569838,-0.2943482135427517,0.45166095217309865,-0.5000417604837719,0.9003104111073907,-0.30510733777051136
60.0,11.98,-0.5500616762615682,-0.4961477999908799,-0.09771580660105128,-0.29604165729789206,0.44845034557800384,-0.49971818249797206,0.8990365697402624,-0.30680526652681744
60.0,12.0,-0.5532847139668854,-0.49580543451673403,-0.09898845756748542,-0.29775019691615146,0.4452256665043131,-0.49937193062539564,0.8977400262006507,-0.308518003194019
60.0,12.02,-0.5565219184656703,-0.4954400781267151,-0.10028408656957997,-0.2994739921511201,0.44198697083076854,-0.49900269828773003,0.8964202399142293,-0.3102457206120269
60.0,12.04,-0.5597729906410943,-0.4950516618073167,-0.10160331426781317,-0.30121322283820745,0.4387343317823726,-0.4986101551361177,0.8950766715445635,-0.311988549973614
60.0,12.06,-0.5630381464436253,-0.4946395308491456,-0.1029466372895337,-0.302968009979995,0.4354678104998357,-0.498193983962754,0.8937087553204084,-0.31374664104063865
60.0,12.08,-0.5663170795987559,-0.4942036138545685,-0.10431463574842889,-0.30473851500280924,0.43218751343032014,-0.4977538407942725,0.8923159225950841,-0.31552011741686914
60.0,12.1,-0.5696098255582106,-0.49374344576222845,-0.10570789853527461,-0.3065248880590839,0.42889350420688055,-0.49728941212975614,0.8908975672358872,-0.31730915161182666
60.0,12.12,-0.5729163294081339,-0.4932586563550475,-0.10712708210933096,-0.3083272631004604,0.4255858736196835,-0.4968003543103484,0.8894530882479647,-0.31911385701800016
60.0,12.14,-0.5762363601913535,-0.4927490737208868,-0.10857274631428708,-0.3101458027285,0.4222647101094503,-0.4962863298162721,0.8879818547335477,-0.3209343802423475
60.0,12.16,-0.5795699412992305,-0.4922142243167807,-0.11004557673752831,-0.31198064509796586,0.418930117328999,-0.49574699257309274,0.8864832148059345,-0.3227708687099269
60.0,12.18,-0.5829168998311631,-0.491653815980688,-0.11154621396063691,-0.31383193112844454,0.415582210448198,-0.4951820014226496,0.8849565166883175,-0.3246234253308371
60.0,12.2,-0.586277178032694,-0.4910674821476318,-0.11307531874073597,-0.3156998181927213,0.4122210799182872,-0.4945910119345175,0.8834010632091679,-0.3264922141165957
60.0,12.22,-0.589650673416348,-0.49045481958254594,-0.11463367043164145,-0.31758440392298504,0.40884684567829643,-0.493973670365303,0.8818161523436033,-0.32837735174399235
60.0,12.24,-0.5930371416387243,-0.48981565765629154,-0.11622190609672209,-0.3194858646188113,0.4054596218942926,-0.4933296243302107,0.8802010645244484,-0.330278955034088
60.0,12.26,-0.5964366558551829,-0.4891493944824689,-0.11784084079560575,-0.3214043031626494,0.4020595478380522,-0.4926585074199246,0.8785550487848224,-0.33219715271833306
60.0,12.28,-0.5998489424279528,-0.4884558396092027,-0.11949119327736685,-0.32333985596901804,0.398646731860917,-0.4919599761405813,0.8768773414359349,-0.33413205676445656
60.0,12.3,-0.6032739860866475,-0.4877344945384493,-0.12117376158266076,-0.32529265453592915,0.39522133829816014,-0.49123365826258836,0.8751671454940735,-0.3360837890363555
60.0,12.32,-0.6067114972494103,-0.48698516228719624,-0.12288935576397159,-0.3272628118557414,0.39178347899233795,-0.4904791946958026,0.8734236554062011,-0.3380524374657455
60.0,12.34,-0.6101614437555233,-0.4862073343516559,-0.12463880650929322,-0.3292504444459159,0.38833332690106775,-0.48969620450218465,0.8716460238061973,-0.3400381302490882
60.0,12.36,-0.6136236183064281,-0.485400711578215,-0.12642302066197336,-0.33125564261196805,0.38487103399519085,-0.4888843234623134,0.8698333879911078,-0.3420409576203358
60.0,12.38,-0.6170978863980345,-0.4845648815528421,-0.12824281038583438,-0.33327853956019315,0.3813967444968245,-0.48804318458926255,0.8679848684589588,-0.3440609881712469
60.0,12.4,-0.6205840307730618,-0.48369954343092575,-0.1300991813019453,-0.3353191970008711,0.3779106467572689,-0.48717239647382643,0.8660995350674268,-0.34609834230688874
60.0,12.42,-0.6240819835530776,-0.48280416753830413,-0.13199298499680903,-0.3373777381683129,0.3744129009239381,-0.48627159150684285,0.8641764531725212,-0.3481530693546172
60.0,12.44,-0.6275915094427483,-0.48187844420022247,-0.13392521033964558,-0.33945423555102133,0.3709036989250826,-0.48534037972991534,0.8622146509176377,-0.3502252389221097
60.0,12.46,-0.6311123680624195,-0.4809220640258964,-0.13589692796666017,-0.3415487308972765,0.3673832350134646,-0.48437838137568306,0.860213127467125,-0.3523149081125444
60.0,12.48,-0.6346443903669492,-0.47993460168594665,-0.13790905589260247,-0.3436613372264273,0.36385168500798976,-0.48338521656884914,0.8581708409569185,-0.35442215061132215
60.0,12.5,-0.6381874012752209,-0.4789156298481193,-0.13996277235521853,-0.34579206099428694,0.3603092744700096,-0.48236047233027535,0.8560867395842736,-0.35654698072293717
60.0,12.52,-0.6417411435610545,-0.47786483674049507,-0.14205909858682003,-0.34794096789672657,0.3567561944238772,-0.4813037841350848,0.8539597272992648,-0.35868942586845015
60.0,12.54,-0.6453054988337051,-0.4767816694205415,-0.14419914303402998,-0.3501080991361166,0.3531926820990272,-0.48021473275980864,0.8517886638780455,-0.36084952522638636
60.0,12.56,-0.6488801902111726,-0.475665808189284,-0.14638416384306593,-0.35229343973084204,0.34961895349487043,-0.47909294701161076,0.8495723996320381,-0.3630272554404988
60.0,12.58,-0.6524649351971308,-0.47451693408879936,-0.1486152572116872,-0.3544970275888663,0.3460352467958986,-0.4779380040719018,0.8473097274681036,-0.36522261429346536
60.0,12.6,-0.6560595131493692,-0.47333460358174434,-0.1508937358167175,-0.3567188250027397,0.34244180889426973,-0.4767495168253795,0.8449994193113072,-0.36743556459942894
60.0,12.62,-0.6596637117452364,-0.47211838250485066,-0.15322081356841508,-0.35895882549421526,0.3388388843862922,-0.4755270833101563,0.8426401893833226,-0.36966608705468906
60.0,12.64,-0.6632772814824653,-0.47086781347534695,-0.15559780016778788,-0.3612169962523808,0.33522673637286093,-0.4742702979685554,0.8402307381348121,-0.37191409251183744
60.0,12.66,-0.6668999218933634,-0.4695825813105794,-0.15802609139616686,-0.36349324647960285,0.331605638407672,-0.47297875827807173,0.8377697010771273,-0.3741795207240172
60.0,12.68,-0.6705313698987031,-0.46826222793650607,-0.16050712216764232,-0.365787485655067,0.3279758514627514,-0.47165204929575427,0.8352556855451457,-0.37646226698145663
60.0,12.7,-0.674171296655993,-0.46690642802226756,-0.16304222430377474,-0.3680996461929909,0.3243376878821041,-0.47028976487852836,0.8326872537269077,-0.37876220787820425
60.0,12.72,-0.6778195062252634,-0.4655146049559534,-0.1656328983760806,-0.37042960926162183,0.32069141995355654,-0.4688914994890943,0.8300629300876518,-0.38107918516648664
60.0,12.74,-0.6814755744945924,-0.4640865515663651,-0.16828073285024078,-0.3727771822333671,0.3170373688898874,-0.4674568359343741,0.8273811823510114,-0.3834130300789424
60.0,12.76,-0.685139209870693,-0.46262180969422867,-0.1709872986523826,-0.3751422060272756,0.3133758447609174,-0.46598536388448947,0.8246404270425101,-0.3857635634778024
60.0,12.78,-0.6888101933665067,-0.4611198003066392,-0.17375419069476916,-0.3775244747092868,0.3097071788700647,-0.4644766745002284,0.8218390449161137,-0.38813054807652836
60.0,12.8,-0.6924881444968086,-0.45958018826907343,-0.17658311432243556,-0.37992374649793714,0.30603169360853255,-0.46293035074947436,0.8189753728776211,-0.3905136999241518
60.0,12.82,-0.6961726599079712,-0.4580026299522961,-0.17947574297933025,-0.3823397768877735,0.302349741743093,-0.4613459735088376,0.8160476633950583,-0.3929127716369457
60.0,12.84,-0.6998634328647388,-0.4563866776584661,-0.18243392012953505,-0.3847722285555165,0.29866167081729006,-0.45972313843491736,0.8130541588622274,-0.3953273920090022
60.0,12.86,-0.7035600369831023,-0.4547319851793043,-0.1854594677959526,-0.38722077517158865,0.29496786841561085,-0.4580614199343773,0.8099930133492584,-0.39775721862128155
60.0,12.88,-0.7072622046851011,-0.45303796728102386,-0.1885542427615182,-0.3896850474987088,0.29126868714540394,-0.456360413842857,0.8068623430680448,-0.400201836100456
60.0,12.9,-0.7109695092892991,-0.4513042896213171,-0.19172021191979316,-0.39216461156077115,0.2875645321490332,-0.45461969710292904,0.8036601912252918,-0.40266080579444863
60.0,12.92,-0.7146815706170824,-0.4495304803355643,-0.1949594575059849,-0.3946589688032063,0.28385579094056457,-0.45283885942453544,0.8003845625768011,-0.4051336091369064
60.0,12.94,-0.7183978679457041,-0.44771633431911123,-0.1982739655097773,-0.39716764168805746,0.2801428772195901,-0.4510174841225373,0.7970333830749459,-0.4076197115109406
60.0,12.96,-0.7221180829995985,-0.4458612585756977,-0.2016659007887807,-0.3996900365684623,0.2764262232501308,-0.44915515457315336,0.7936045266124223,-0.4101185014035637
60.0,12.98,-0.7258418178752232,-0.4439647901178608,-0.2051374107389763,-0.4022255614919889,0.2727062458408481,-0.4472514694335452,0.7900957872600279,-0.412629342122008
60.0,13.0,-0.7295685715849867,-0.44202658398217376,-0.20869089247549463,-0.40477345379816765,0.2689834050525085,-0.44530601507003215,0.7865049222156165,-0.41515148419929027
60.0,13.02,-0.7332978602806588,-0.44004631420455476,-0.21232858762089435,-0.4073330184071684,0.265258148401997,-0.44331838037448384,0.7828295810071217,-0.4176841640179277
60.0,13.04,-0.7370292434199903,-0.43802351474076356,-0.2160528480725445,-0.4099034560839869,0.26153094443094843,-0.4412881590831878,0.7790673934711877,-0.4202265221280372
60.0,13.06,-0.7407621947146628,-0.435957850348185,-0.21986629225926504,-0.41248379948257446,0.2578022876460924,-0.4392149416496554,0.7752158749964416,-0.4227776177618829
60.0,13.08,-0.7444963310482728,-0.43384873019222564,-0.22377144785891562,-0.41507309088013256,0.2540726653151859,-0.43709832984454605,0.7712724905306574,-0.42533645702507766
60.0,13.1,-0.7482311073310455,-0.4316958238616708,-0.22777081282091582,-0.4176703316875017,0.25034259186952895,-0.4349379250275569,0.7672346286102191,-0.42790193777459085
60.0,13.12,-0.751965952784702,-0.42949879568342875,-0.23186723294180195,-0.4202743043334351,0.246612575056072,-0.43273332307972623,0.7630995927092362,-0.43047289073601896
60.0,13.14,-0.755700388582077,-0.4272571978563601,-0.23606338701009869,-0.4228838286738402,0.24288316240984406,-0.43048414284701436,0.758864644697509,-0.4330480267398865
60.0,13.16,-0.7594338256948224,-0.42497070272249043,-0.24036214308884385,-0.4254975447673124,0.23915489524476444,-0.42818998174564465,0.7545269201400988,-0.43562596928100145
60.0,13.18,-0.7631657313099711,-0.42263884993958306,-0.24476650169458192,-0.4281139684638001,0.23542833498521018,-0.42585046219085665,0.7500835158566646,-0.4382052082941939
60.0,13.2,-0.7668955151655756,-0.42026133060632953,-0.2492794395223501,-0.4307315557547829,0.23170406191344037,-0.42346519539887306,0.745531432970016,-0.44078416471517745
60.0,13.22,-0.7706225341895564,-0.4178378173173151,-0.2539039823327837,-0.4333486578396347,0.2279826591707805,-0.4210338056517853,0.7408675951197321,-0.44336108643521077
60.0,13.24,-0.7743463891621342,-0.41536760265254574,-0.2586434356017473,-0.4359633860920598,0.22426473090337135,-0.4185559287088382,0.736088843719884,-0.44593412369764285
60.0,13.26,-0.7780662077930066,-0.41285077798612746,-0.26350100209694693,-0.4385738145506571,0.22055089963667976,-0.41603119075325146,0.731191943462584,-0.4485012694781986
60.0,13.28,-0.7817815525843448,-0.41028663513654196,-0.2684800071302021,-0.44117784228744955,0.21684178324878464,-0.4134592359414567,0.7261735915860448,-0.4510603544652124
60.0,13.3,-0.7854916689868844,-0.4076750038406338,-0.27358382198564346,-0.4437732311897783,0.21313804170781564,-0.41083971015811754,0.721030379790563,-0.4536090998088625
60.0,13.32,-0.7891959545119723,-0.405015457437969,-0.27881610564858955,-0.4463574694702142,0.20944034096980452,-0.408172264703486,0.715758842759991,-0.4561449941258803
60.0,13.34,-0.7928936982598144,-0.40230769831918045,-0.28418031759528045,-0.4489280133672209,0.20574933756958821,-0.40545656116734746,0.7103554231658258,-0.4586653815534725
60.0,13.36,-0.796584258794941,-0.39955130219000745,-0.28968011503414653,-0.4514820619294666,0.20206573654954724,-0.40269226257139756,0.7048165075060717,-0.46116741785779974
60.0,13.38,-0.8002669170153308,-0.39674599107933517,-0.2953193549312579,-0.4540165406524365,0.19839023270579195,-0.39987906020135855,0.6991383666291714,-0.4636480520222422
60.0,13.4,-0.8039409270546193,-0.3938914864511099,-0.30110169376473367,-0.456528341676711,0.19472356543461944,-0.3970166260888209,0.6933172518559062,-0.4661040027785442
60.0,13.42,-0.8076055373197687,-0.3909875201070474,-0.30703112767254337,-0.45901394025858233,0.19106645432955452,-0.39410466036342295,0.6873493059299444,-0.4685317886750806
60.0,13.44,-0.8112600508884604,-0.38803368919725967,-0.31311160429890195,-0.4614696547632176,0.18741964896483176,-0.39114286980539653,0.6812306379516946,-0.4709276368924333
60.0,13.46,-0.814903687530389,-0.38502973736482576,-0.31934700886275785,-0.463891632622677,0.18378393580610572,-0.3881309683582527,0.6749572689122726,-0.4732875853600402
60.0,13.48,-0.8185355862517374,-0.3819755582704748,-0.32574164849658277,-0.46627551112878035,0.18016007382855836,-0.38506868417977735,0.6685252029728936,-0.4756073357817532
60.0,13.5,-0.8221550772122721,-0.37887062730143295,-0.33229941972953775,-0.46861693298991375,0.17654887621225898,-0.38195575766699774,0.6619303525008005,-0.47788235525877565
60.0,13.52,-0.8257613381578024,-0.3757147095160273,-0.3390246312855282,-0.470910999940303,0.17295115290056395,-0.3787919453645959,0.6551686212282132,-0.4801077710150696
60.0,13.54,-0.8293534054929371,-0.3725078689394593,-0.3459214208640247,-0.47315264518278033,0.16936772143522139,-0.3755770087144967,0.6482358741788344,-0.48227841276948963
60.0,13.56,-0.832930630188322,-0.3692494570677014,-0.3529939709903205,-0.47533642241205026,0.16579944196433247,-0.37231072398829357,0.6411279627177702,-0.4843887345794919
60.0,13.58,-0.836491960044308,-0.36593970312508156,-0.3602466075016266,-0.4774564582924865,0.16224716397238897,-0.3689928900125171,0.6338407218095936,-0.48643287302186555
60.0,13.6,-0.8400367154659586,-0.36257797326939883,-0.36768360023630237,-0.4795065237156308,0.15871176200050457,-0.36562332203793624,0.6263699863193465,-0.4884045594180952
60.0,13.62,-0.8435638245019147,-0.35916452122784004,-0.37530899405834905,-0.48148016898844986,0.1551941269140199,-0.3622018357946604,0.6187116333378525,-0.49029715667035983
60.0,13.64,-0.8470725169107882,-0.35569887790909155,-0.3831271603785275,-0.4833702294163645,0.1516951603943287,-0.3587282902675238,0.6108615445716709,-0.49210357938141935
60.0,13.66,-0.8505618241948952,-0.3521810269435465,-0.3911422179963431,-0.48516928410948656,0.148215779650721,-0.355202531919854,0.6028157022431434,-0.4938163172793879
60.0,13.68,-0.8540308283501753,-0.3486108162825953,-0.3993580663549929,-0.4868695482317731,0.1447569248901039,-0.3516244515963282,0.5945701174028982,-0.4954274113729106
60.0,13.7,-0.8574785374556745,-0.34498825443692954,-0.40777888884279484,-0.4884624571578974,0.14131953662001015,-0.34799395141867895,0.586120956343283,-0.4969283950349876
60.0,13.72,-0.8609040745894102,-0.3413130658361745,-0.4164083592565342,-0.489939259485973,0.13790457102993198,-0.3443109502243387,0.5774644609911773,-0.49831031053117303
60.0,13.74,-0.8643064299707798,-0.3375852861601158,-0.42525029373802054,-0.4912904346457517,0.13451300227950488,-0.3405753942101922,0.5685970625068939,-0.49956370811640566
60.0,13.76,-0.8676846413441387,-0.3338048139428836,-0.434308199405344,-0.4925060282797069,0.13114581678711432,-0.3367872479507795,0.5595153903628568,-0.5006785223758895
60.0,13.78,-0.8710376270649788,-0.32997186749206875,-0.4435853864339686,-0.4935754584483124,0.1278040213912377,-0.33294650341236937,0.5502162637862319,-0.5016441924049346
60.0,13.8,-0.8743644686550438,-0.32608622448606533,-0.4530848043175679,-0.4944876988240183,0.12448861188574478,-0.3290531734100268,0.540696821014447,-0.5024495169352996
60.0,13.82,-0.8776641257158974,-0.3221479817686476,-0.46280921015084536,-0.4952309708614743,0.12120060933618358,-0.32510730370008684,0.5309544580604874,-0.5030827237501113
60.0,13.84,-0.8809355510456978,-0.31815725276283296,-0.47276107045738475,-0.49579282717051404,0.11794104596173935,-0.32110896110708465,0.5209869635371105,-0.503531399353041
60.0,13.86,-0.8841777508237204,-0.3141140152376251,-0.4829422560322715,-0.4961603802412366,0.11471096462702335,-0.3170582391980406,0.510792521311373,-0.503782490382598
60.0,13.88,-0.8873896149974844,-0.3100185718690822,-0.493354385748799,-0.4963198359148294,0.11151140475094196,-0.31295526092289544,0.5003697901602001,-0.5038222881630555
60.0,13.9,-0.8905701403256814,-0.3058709350581526,-0.5039983893744312,-0.496256945194394,0.10834341471935567,-0.3088001845347932,0.48971795063968215,-0.5036364171242721
60.0,13.92,-0.8937182686223674,-0.301671290563176,-0.5148748380231796,-0.495956517672086,0.10520806114693157,-0.3045931872878105,0.47883677637981664,-0.5032098295801559
60.0,13.94,-0.8968329406330154,-0.297419843174517,-0.5259833044922135,-0.4954030564382717,0.10210639996332631,-0.30033449552666575,0.46772668970750814,-0.5025268025940743
60.0,13.96,-0.899913046294133,-0.2931169742681803,-0.5373230406698654,-0.49457991398501466,0.09903950511519118,-0.2960243556475562,0.4563888829354191,-0.5015709181937716
60.0,13.98,-0.9029575842931122,-0.28876277312358245,-0.5488921643728574,-0.4934701378134529,0.09600843585745213,-0.2916630515695338,0.44482533052918705,-0.5003251056926372
60.0,14.0,-0.9059654512153621,-0.2843576624642175,-0.5606879813831223,-0.4920559897041208,0.09301425438997893,-0.2872508798412344,0.4330389487728111,-0.4987716179165947
60.0,14.02,-0.9089356056045953,-0.27990193081169584,-0.572706924285618,-0.4903189599847156,0.09005802667846256,-0.28278819862204624,0.4210336115789513,-0.49689206496611144
60.0,14.04,-0.9118669611939082,-0.27539604582357746,-0.5849442984229506,-0.48823997322690166,0.08714081936020379,-0.2782754141485182,0.40881431779663896,-0.49466744865745105
60.0,14.06,-0.9147584459618964,-0.27084049939054533,-0.5973940786611982,-0.4857994927678485,0.08426367131001575,-0.27371293643916567,0.3963872451975142,-0.492078182067488
60.0,14.08,-0.9176090935960697,-0.2662354864964245,-0.6100491937665684,-0.4829771694048852,0.08142763993600173,-0.2691012207507833,0.38375985410579666,-0.48910413848683343
60.0,14.1,-0.9204178565379161,-0.26158154360465374,-0.6229009198753871,-0.4797524973431682,0.0786337404551487,-0.2644407384361194,0.3709410100800726,-0.48572473696884677
60.0,14.12,-0.9231836605699911,-0.25687939251765607,-0.6359392732729584,-0.476104215897475,0.07588300893035166,-0.2597320797529264,0.3579410902237123,-0.48191895338885665
60.0,14.14,-0.9259055416399856,-0.2521294576167057,-0.6491525826109559,-0.4720107938494099,0.07317643166215812,-0.25497573473807855,0.3447720878486725,-0.4776654695570891
60.0,14.16,-0.9285825130013095,-0.24733234810076238,-0.6625273441396426,-0.46745064698750777,0.07051500986578091,-0.2501723634139797,0.33144771518915944,-0.4729427166415855
60.0,14.18,-0.9312136102460651,-0.2424886967876899,-0.6760482510007944,-0.462401971805037,0.06789968965686798,-0.24532255498851538,0.31798353055912837,-0.4677290308315758
60.0,14.2,-0.933797899499465,-0.23759916157330285,-0.6896983194625479,-0.45684263770498684,0.06533141977038354,-0.24042703227589132,0.3043970137440887,-0.46200274809789266
60.0,14.22,-0.9363344300264026,-0.23266458630015377,-0.7034581817588439,-0.4507510856706198,0.06281110089609256,-0.23548642583698176,0.29070770611807767,-0.45574237518797567
60.0,14.24,-0.9388224100626497,-0.22768534988595238,-0.7173064661924735,-0.4441059117963224,0.06033961842137707,-0.23050151454927542,0.276937264463092,-0.4489267451792074
60.0,14.26,-0.9412609149059886,-0.22266250718144254,-0.7312197167153992,-0.43688599091397284,0.057917816177564016,-0.2254730375736326,0.2631095505582589,-0.44153521794383604
60.0,14.28,-0.9436491405842242,-0.21759681037740927,-0.7451719429271195,-0.42907126253770367,0.05554650800003838,-0.22040179767969062,0.2492507101529389,-0.43354785198762874
60.0,14.3,-0.945986358743094,-0.212488868954676,-0.7591349894454728,-0.4206422967009389,0.053226459019179,-0.2152885525825616,0.2353892191046521,-0.42494565848116816
60.0,14.32,-0.9482717999371593,-0.20733964231942478,-0.7730782938893578,-0.4115808712869949,0.05095840941985073,-0.21013417492504052,0.221555940047429,-0.4157108291524882
60.0,14.34,-0.9505047789476594,-0.20214994736629324,-0.7869688798040348,-0.40187018135621283,0.048743052454218005,-0.2049395066764425,0.20778407373486157,-0.4058269844062257
60.0,14.36,-0.952684650065577,-0.19692062026723825,-0.8007713488594058,-0.39149522285076704,0.0465810184806985,-0.19970536389496804,0.19410919995094789,-0.395279475574281
60.0,14.38,-0.9548108132077393,-0.19165251659593222,-0.8144481225157583,-0.3804426024558188,0.04447291997593044,-0.19443263170407654,0.1805691993514708,-0.38405562547967237
60.0,14.4,-0.9568827079582287,-0.18634650888509893,-0.8279591516766532,-0.3687016394302247,0.04241929586573245,-0.18912214796222934,0.16720420380513804,-0.3721450652221044
60.0,14.42,-0.9588998207402857,-0.1810034868798981,-0.841262440011925,-0.3562637747454844,0.04042066129737806,-0.1837747963340897,0.15405645322247624,-0.3595400049087543
60.0,14.44,-0.9608617116307246,-0.17562418782327158,-0.8543137608936049,-0.3431238425523234,0.038477470273577695,-0.17839142294706672,0.1411701313960171,-0.3462355612134036
60.0,14.46,-0.9627679474033376,-0.1702095291710163,-0.867067311464182,-0.3292793148396215,0.036590129714320956,-0.17297283717535838,0.1285912137341318,-0.33223004956051505
60.0,14.48,-0.9646181686228001,-0.1647602733186885,-0.8794755890742716,-0.3147314384763127,0.03475900786273147,-0.1675198747810108,0.1163671850862786,-0.31752526193214714
60.0,14.5,-0.966412047504951,-0.15927719188462258,-0.8914898646818669,-0.2994850369121547,0.032984433039078644,-0.1620333388130217,0.10454677876368605,-0.3021267514534702
60.0,14.52,-0.9681492613570739,-0.1537612338780255,-0.9030603592109574,-0.28354920260544186,0.031266687954324475,-0.15651398097600971,0.09317963062622604,-0.28604410219700327
60.0,14.54,-0.9698296022626695,-0.148212849449873,-0.9141368237707795,-0.26693688030761514,0.02960601989373852,-0.15096250025151545,0.08231590359882444,-0.26929111341232903
60.0,14.56,-0.9714528486532965,-0.14263266075064976,-0.9246687082396683,-0.2496658301923478,0.02800265141794475,-0.14537961769659338,0.07200591170870009,-0.25188605937952935
60.0,14.58,-0.9730187507622053,-0.13702163350039023,-0.9346058492171764,-0.23175797589715735,0.0264567787221044,-0.13976595178884801,0.06229959919853825,-0.23385168895328196
60.0,14.6,-0.9745271462180469,-0.13138022749252223,-0.9438987667553911,-0.213240142227197,0.024968579089086975,-0.1341220910834043,0.053246131157480364,-0.21521552374797748
60.0,14.62,-0.9759778716080693,-0.12570890237567386,-0.9524992547179523,-0.1941437856644886,0.023538215855905976,-0.1284485701163761,0.044893324639128124,-0.19600964391155978
60.0,14.64,-0.9773707391614331,-0.12000828806417621,-0.9603608770419311,-0.17450516054388854,0.022165857454719693,-0.12274587796673805,0.03728715552777417,-0.17627090182973965
60.0,14.66,-0.9787056135115154,-0.11427850189013428,-0.9674395586013049,-0.15436492673596888,0.020851674240934846,-0.11701443763484036,0.03047120637744421,-0.1560406310371902
60.0,14.68,-0.9799822738256877,-0.10852017080572628,-0.9736940760956492,-0.13376819619411048,0.019595842806357018,-0.11125460633520584,0.02448612963667342,-0.13536454718488644
60.0,14.7,-0.9812005137693763,-0.10273357872946684,-0.979086563779877,-0.11276452726059537,0.018398573298309986,-0.10546671736876376,0.019369143019059933,-0.11429253063932329
60.0,14.72,-0.9823600928279843,-0.09691900771363388,-0.9835831203100912,-0.09140683292038645,0.01726010509805284,-0.09965103380083835,0.015153499745180796,-0.09287824958410608
60.0,14.74,-0.9834607224485401,-0.09107673776798417,-0.9871541639473445,-0.06975175864303342,0.016180710889051052,-0.09380775789677984,0.011868047686485089,-0.07117878534988498
60.0,14.76,-0.984502100004816,-0.08520670509937621,-0.9897748913193197,-0.04785916094642927,0.015160720103922954,-0.08793707174914256,0.009536800617398956,-0.04925420692523076
60.0,14.78,-0.9854838256462046,-0.07930918839656773,-0.9914256755306402,-0.025791184305640674,0.014200514495122545,-0.08203911477268577,0.008178581564178871,-0.027167015085154542
60.0,14.8,-0.986405468942406,-0.07338412433888195,-0.9920923410838625,-0.003611809760551439,0.013300533343573345,-0.07611398492828844,0.007806726213548025,-0.004981605548296766
60.0,14.82,-0.987266488877089,-0.06743196871232102,-0.991766389409892,0.018613108666448004,0.012461293090098998,-0.07016177941960543,0.0084288655355014,0.017236352443049784
60.0,14.84,-0.9880663131144012,-0.06145266611934713,-0.9904451518480092,0.040817737161336576,0.011683376893028674,-0.0641825714535764,0.010046788048088525,0.039420549797626984
60.0,14.86,-0.9888043001077345,-0.05544599511714948,-0.9881318536472191,0.06293557248520916,0.010967445168124923,-0.058176430520730626,0.012656382101022736,0.06150467689022688
60.0,14.88,-0.9894796895245577,-0.04941243356126607,-0.9848355914132999,0.08490083300149842,0.010314234437120118,-0.052143439038577974,0.016247679074410465,0.08342309937625751
60.0,14.9,-0.9900916761095531,-0.04335195378584493,-0.9805711851402653,0.1066493172522236,0.009724562407019821,-0.04608370051585141,0.0208049657854162,0.1051114895933781
60.0,14.92,-0.9906393754964409,-0.03726454217443772,-0.9753590661651355,0.12811804072975272,0.009199322079344242,-0.0399973481650338,0.02630698943539928,0.12650741263923043
60.0,14.94,-0.991121815332721,-0.031150547780724392,-0.9692248899507255,0.14924707377309238,0.00873948245312491,-0.03388455703868355,0.032727244308945615,0.14755097072632833
60.0,14.96,-0.9915379625436967,-0.025010166534316366,-0.9621992850297654,0.1699791090473508,0.008346079876275385,-0.027745545733484995,0.04003432157782987,0.16818530084031297
60.0,14.98,-0.9918867186342868,-0.018843616378649074,-0.954317404473196,0.19026035157511892,0.008020219259059188,-0.02158059614764716,0.04819232572242578,0.18835707459706796
60.0,15.0,-0.9921669251838479,-0.01265113961824187,-0.9456184814497556,0.21004084108504756,0.007763063562498736,-0.015390060560176434,0.05716133783342755,0.2080168465615379
60.0,15.02,-0.9923773669500103,-0.006433351497979609,-0.9361452707367701,0.22927504513053173,0.007575828124161022,-0.009174364389702054,0.0668979268980977,0.2271194867010651
60.0,15.025,-0.9924189304380615,-0.004875028440156769,-0.933661301314723,0.2339932885141208,0.007540091326008717,-0.007616567315195292,0.06944663576442887,0.23180324959757456
60.0,15.04,-0.9925167897772169,-0.00019072277369855135,-0.9259436001793532,0.24792172623864345,0.007459771893482496,-0.0029340170851883812,0.07735569510963318,0.24562439765630678
60.0,15.06,-0.9925839038637071,0.006076072337707692,-0.9150617685627666,0.26594440980368067,0.007416189808484294,0.003330386648359914,0.08848580732463308,0.26349571984836395
60.0,15.08,-0.9925773904403566,0.012366674452096509,-0.9035499970478783,0.2833114540081426,0.007446400138387245,0.009618160167038065,0.10023758593642956,0.28070245556873885
60.0,15.1,-0.9924959176173518,0.01867999849677282,-0.8914598927765558,0.29999606245760935,0.007551738971703779,0.01592852087569983,0.11255899982830224,0.2972184326521939
60.0,15.12,-0.9923381433462098,0.0250152723775087,-0.8788439227338803,0.31597624024666515,0.007733551047423343,0.022260593764455987,0.12539728438446066,0.31302244260093337
60.0,15.14,-0.992102723537289,0.03137169001566403,-0.8657548543000894,0.3312348508843181,0.007993175887454552,0.028613405535633303,0.13869938337324952,0.3280980094156462
60.0,15.16,-0.9917883379776568,0.03774789175521197,-0.8522452721074288,0.3457594657722722,0.008331941697141234,0.03498588619200597,0.15241246667674796,0.34243331003752486
60.0,15.18,-0.9913936685014902,0.044143003571609864,-0.8383672561747251,0.35954188057520603,0.00875115726490745,0.04137687222279501,0.16648436214793114,0.3560209599312272
60.0,15.2,-0.9909174411837132,0.050555598748230166,-0.8241717923338415,0.37257834207247714,0.00925210082361195,0.04778511112877773,0.18086395069611488,0.3688577917622094
60.0,15.22,-0.9903584192741897,0.05698421829537847,-0.8097085324829808,0.3848690019772911,0.00983601672096629,0.05420926285913858,0.1955015090772763,0.3809445797304002
60.0,15.24,-0.9897153757669361,0.06342789021264926,-0.7950256102553092,0.396417372439768,0.010504103212484725,0.06064789673553096,0.2103490461050519,0.3922857334428177
60.0,15.26,-0.9889871784532528,0.06988474787167206,-0.7801689687538637,0.40723089351191405,0.011257508945080805,0.06709951098431635,0.2253605233874436,0.40288902090461753
60.0,15.28,-0.9881727295988346,0.07635324178083513,-0.7651825820738819,0.41731964668217875,0.012097328808563583,0.0735625277764461,0.2404921051238797,0.4127652093265901
60.0,15.3,-0.987270972635691,0.08283196746542891,-0.7501081858536958,0.4266963832256935,0.013024595319439013,0.08003529360274243,0.2557022792216357,0.42192774602373473
60.0,15.32,-0.9862809518554487,0.08931897761254526,-0.734984838546106,0.4353765905471711,0.01404027708941124,0.08651610741659091,0.2709520140520475,0.43039244268224597
60.0,15.34,-0.9852017489572831,0.09581264619740902,-0.7198493309577991,0.4433774611350527,0.015145274586328776,0.09300318776814177,0.2862048455067103,0.43817714411686093
60.0,15.36,-0.9840325267070301,0.1023111531752911,-0.7047358288229097,0.45071798895326126,0.01634041839979379,0.0994947298895611,0.3014268694045566,0.44530142897720243
60.0,15.38,-0.9827725176519546,0.10881265890193548,-0.689675714497787,0.4574189739032121,0.01762646452528676,0.10598885260830727,0.316586815791877,0.45178630298534805
60.0,15.4,-0.9814210453144674,0.11531513477648035,-0.6746979534269464,0.4635021499310303,0.01900409374070098,0.11248365064725627,0.33165600083419905,0.4576539183126977
60.0,15.42,-0.9799774875552351,0.1218167084622963,-0.6598291128337948,0.46898998271395853,0.02047391752479755,0.11897720345170819,0.3466082928774326,0.462927326528175
60.0,15.44,-0.9784412947939801,0.1283154940149492,-0.6450929736878013,0.4739060357354993,0.0220364625492821,0.12546752234337816,0.3614200353456357,0.4676302200505887
60.0,15.46,-0.9768120129361327,0.13480942326151582,-0.6305111859131027,0.47827398922656533,0.023692184147090883,0.1319526093203002,0.37606999582617423,0.4717867320620809
60.0,15.48,-0.9750892381537499,0.14129658939233616,-0.6161029954415316,0.48211793015104415,0.02544145999644967,0.13843044704933993,0.39053923487935405,0.47542121468067755
60.0,15.5,-0.9732726911314422,0.14777473822709566,-0.6018853096208535,0.48546217908869055,0.027284597985117582,0.1448990301320664,0.4048110234122851,0.47855807555283497
60.0,15.52,-0.9713620906034491,0.154242120734774,-0.5878732251997912,0.4883306398966375,0.02922182093425099,0.15135630571001382,0.4188707381769838,0.4812216219590001
60.0,15.54,-0.9693573037447805,0.16069647476835044,-0.5740796899264252,0.49074721494276624,0.031253284088185875,0.15780020279741105,0.43270571456210516,0.48343590557365945
60.0,15.56,-0.9672582184216886,0.16713587660390755,-0.560515689833657,0.49273558925057265,0.03337907478202343,0.16422870744296633,0.4463051007021283,0.48522463679012445
60.0,15.58,-0.9650648194946081,0.17355823350595528,-0.5471908784485265,0.49431856959758985,0.03559920191049983,0.1706397516968977,0.4596598386588863,0.48661104109195474
60.0,15.6,-0.9627771618812923,0.17996145541957217,-0.5341128109041775,0.49551899188153187,0.03791360178004747,0.1770312738691151,0.47276240082128507,0.4876177888308443
60.0,15.62,-0.960395337938418,0.18634362459005885,-0.5212879962519409,0.49635860177298574,0.04032216097298635,0.1834012610785474,0.48560676794762125,0.4882669544600314
60.0,15.64,-0.9579195704392667,0.19270249339418938,-0.5087212239613277,0.4968588688017411,0.042824686312871965,0.18974769565551944,0.49818827548649314,0.488579913404553
60.0,15.66,-0.9553500497724591,0.19903632428857737,-0.49641636731502947,0.49704022780344037,0.045420913327673194,0.19606850989752753,0.5105034797056012,0.48857732725988146
60.0,15.68,-0.9526871288557013,0.20534288656500624,-0.48437586066574767,0.49692267662551615,0.048110529925148846,0.20236172198547617,0.5225500713254476,0.48827910117875817
60.0,15.7,-0.9499311557956885,0.21162029426571854,-0.47260130650647575,0.4965252248844457,0.05089315397431605,0.2086253462454516,0.534326790716974,0.48770436475010737
60.0,15.72,-0.9470825364321198,0.21786667211803648,-0.46109333566814314,0.49586618751446776,0.05376835604975284,0.21485743562780996,0.545833241200001,0.48687145187217623
60.0,15.74,-0.9441418100371025,0.2240798270483751,-0.44985166176068175,0.4949631478303584,0.05673563137617508,0.2210559840855636,0.557069918661174,0.48579789742127444
60.0,15.76,-0.9411094609624446,0.23025807679494292,-0.43887533321294514,0.49383280090252873,0.0597944350653208,0.2272191245402118,0.5680379953518846,0.484500435727265
60.0,15.78,-0.9379861441387782,0.236399260008597,-0.42816275502826023,0.49249108760008603,0.06294415498942096,0.23334488372531542,0.5787393424928778,0.4829950110904599
60.0,15.8,-0.9347724499815641,0.24250172562389638,-0.41771162981453014,0.4909532346317233,0.06618414848812448,0.23943145382690736,0.5891763800358448,0.48129679147615384
60.0,15.82,-0.9314691026287919,0.24856351257144055,-0.40751931402004515,0.48923358732948535,0.06951370147145002,0.24547694124666877,0.5993520417364905,0.4794201468200381
60.0,15.84,-0.9280768789821886,0.25458268030912695,-0.3975825183123021,0.48734590536719186,0.07293205344434654,0.2514795027525678,0.6092697129620968,0.4773787228414588
60.0,15.86,-0.9245964716640483,0.2605577944016484,-0.3878977047422361,0.4853030939094942,0.0764384029822638,0.25743736292419994,0.6189331354022815,0.4751854380951148
60.0,15.88,-0.9210288459772378,0.2664866329307551,-0.37846105875351144,0.4831173185023733,0.0800319060828711,0.2633487467769716,0.6283463795642082,0.47285246641995515
60.0,15.9,-0.9173748319686713,0.2723676428827199,-0.36926828154346364,0.48080022775910186,0.08371165847417492,0.26921188277101465,0.6375138031116148,0.4703913430561443
60.0,15.92,-0.9136353502177806,0.2781991326453217,-0.3603149748947138,0.47836271349927184,0.08747674544290372,0.2750251325829382,0.6464399766180684,0.4678128910931233
60.0,15.94,-0.9098113666965814,0.2839794352187785,-0.3515965016453338,0.4758150609097251,0.09132617866198273,0.28078675597968406,0.6551296493156142,0.4651273494501136
60.0,15.96,-0.9059038857654454,0.2897069074228346,-0.3431081088401705,0.4731669172147964,0.09525893330654775,0.2864951243164047,0.6635877481702281,0.4623443158922493
60.0,15.98,-0.9019139536791324,0.2953799322453531,-0.3348449585257354,0.4704273221554776,0.09927396256275856,0.2921486055399192,0.6718192761498489,0.4594728231140441
60.0,16.0,-0.8978427082826445,0.3009967625441573,-0.3268019998744198,0.4676048628748312,0.10337018741225176,0.29774567544887565,0.6798293353154137,0.45652133042983106
60.0,16.02,-0.8936911701177996,0.3065561499464263,-0.3189741532719967,0.46470756737540747,0.10754645616035341,0.30328473389762695,0.6876231080488235,0.4534977853772186
60.0,16.04,-0.8894606063089648,0.31205624752878514,-0.3113564136922673,0.4617428797530047,0.11180162508022556,0.30876430487858025,0.6952057653411835,0.4504096360223788
60.0,16.06,-0.8851521046389158,0.31749586105169386,-0.3039436317352067,0.4587178599210131,0.11613450264852083,0.3141829083529595,0.7025825209559903,0.44726385309152183
60.0,16.08,-0.8807669512737216,0.32287335985072085,-0.2967306922492369,0.4556390896943035,0.1205438565411355,0.31953910321205337,0.7097585709059301,0.4440669251324667
60.0,16.1,-0.8763063525531962,0.3281874520217663,-0.28971252717666995,0.4525126950921724,0.12502842800702288,0.32483149780749027,0.7167390853940907,0.4408249388590462
60.0,16.12,-0.871771605530803,0.3334367232435686,-0.2828840648110265,0.44934444319347233,0.1295869453706404,0.33005872092324484,0.7235291962433041,0.4375435856914778
60.0,16.14,-0.8671640345480226,0.33861978981717433,-0.276240302710498,0.446139682434868,0.13421808334117893,0.335219457793877,0.7301339945006902,0.4342281553801544
60.0,16.16,-0.8624849364119996,0.34373545222344076,-0.2697763291167425,0.44290338350310127,0.13892051811659648,0.3403124125737245,0.7365584990962725,0.43088356229314784
60.0,16.18,-0.8577356938086956,0.34878239117010745,-0.26348717892163276,0.43964025538552626,0.14369287994284244,0.34533634808377994,0.7428076559036382,0.4275144234784202
60.0,16.2,-0.8529176543926519,0.3537594696793197,-0.2573681432154039,0.4363545630453855,0.14853378762797453,0.3502900451171192,0.7488863409578183,0.4241249991264487
60.0,16.22,-0.8480321911367661,0.3586655826859656,-0.2514144022190556,0.4330503954535332,0.15344182587391822,0.35517234133636366,0.7547993389902646,0.4207192553190217
60.0,16.24,-0.8430808234911841,0.3634993612283522,-0.2456213339625805,0.42973149021798845,0.15841557122721076,0.35998210055898,0.7605513475284533,0.4173008885658954
60.0,16.26,-0.838064973643004,0.3682597692368317,-0.23998443399531125,0.4264012870835206,0.16345357543311642,0.36471823412340393,0.7661469626462653,0.41387330412077195
60.0,16.28,-0.8329860155273944,0.37294594705276163,-0.2344991891599321,0.4230630597752136,0.16855437076948826,0.36937969030852025,0.7715906894610113,0.41043967583241875
60.0,16.3,-0.8278454725175272,0.3775567759902367,-0.22916121126314357,0.41971980670858383,0.17371646659886986,0.3739654581976608,0.7768869329413792,0.40700294204734627
60.0,16.32,-0.8226449550467962,0.38209103001108996,-0.22396632157966714,0.41637424608195106,0.17893837238542273,0.37847456053852374,0.7820399893573641,0.40356580107267903
60.0,16.34,-0.8173857587562369,0.38654823672447525,-0.21891041367487357,0.41302892927400126,0.18421856254163987,0.38290607482204203,0.7870540466411211,0.4001307795789792
60.0,16.36,-0.812069596687241,0.3909270965465293,-0.21398929193754188,0.4096862853951131,0.18955551148931746,0.3872591010558136,0.7919331818544788,0.3967001775164458
60.0,16.38,-0.8066979296555995,0.39522691791901693,-0.20919905207938655,0.40634847196291135,0.19494767803287028,0.3915327914882307,0.79668138954298,0.3932761311113113
60.0,16.4,-0.8012722970050056,0.39944689876464884,-0.20453586229714577,0.40301750187388974,0.2003935081137793,0.3957263349850401,0.801302534874417,0.3898606026094137
60.0,16.42,-0.7957943241587533,0.40358613369412805,-0.1999960268349572,0.399695201417934,0.20589144673980822,0.3998389589748016,0.8058004003647862,0.386455381504116
60.0,16.44,-0.7902655081370862,0.4076440310297103,-0.19557585050717052,0.3963832985759851,0.21143990855703373,0.40386993619242934,0.8101786351205961,0.3830621407367018
60.0,16.46,-0.7846874224678229,0.41161989104754704,-0.191271847951184,0.3930833253222376,0.2170373179529516,0.40781857377151604,0.8144408064848129,0.37968238634118434
60.0,16.48,-0.7790616429962003,0.41551304446709875,-0.1870804725747239,0.389796775180342,0.22268209665064728,0.4116842179925965,0.8185903732856339,0.37631750670665987
60.0,16.5,-0.7733897838299334,0.4193228722032226,-0.18299851602772188,0.38652488719708916,0.22837264329632762,0.4154662644698742,0.8226306914283074,0.37296876778500127
60.0,16.52,-0.7676735135894452,0.4230486415255546,-0.17902264147659488,0.3832689111010627,0.23410737243312665,0.4191641239997221,0.8265650254627038,0.3696373101844368
60.0,16.54,-0.7619142784016999,0.42669005226344847,-0.17514970873312655,0.38002991770529454,0.23988466929897329,0.42277729120506474,0.8303965273212163,0.3663242000880632
60.0,16.56,-0.7561138611248828,0.4302463225612883,-0.17137672310321536,0.3768088844538901,0.2457029523203128,0.4263052471537516,0.8341282666937563,0.3630303817763091
60.0,16.58,-0.7502736412169602,0.433717348564923,-0.16770068115927614,0.37360671742653867,0.251560597920183,0.42974754637598844,0.8377632215147445,0.3597566980346758
60.0,16.6,-0.7443953944964228,0.43710240910952103,-0.1641187164449296,0.3704242255586163,0.2574560196721507,0.4331037805446731,0.841304264472916,0.3565039434761459
60.0,16.62,-0.7384805977088742,0.4404013415950933,-0.1606280936839767,0.36726212294996413,0.26338761468170396,0.4363735505886015,0.8447541926242103,0.35327279742733636
60.0,16.64,-0.7325310187289584,0.4436134883034275,-0.1572260743451154,0.3641210816925215,0.26935377475379463,0.43955653601644673,0.8481157074733263,0.35006389088891815
60.0,16.66,-0.7265480593700849,0.44673887859596617,-0.15390998355995086,0.36100170969521744,0.27535291063184125,0.44265242874129807,0.8513914394123883,0.34687775334670995
60.0,16.68,-0.7205333351539537,0.4497771763251698,-0.15067746086145936,0.3579044528653823,0.28138343427676327,0.4456609520241171,0.8545839231257384,0.3437148773616136
60.0,16.7,-0.7144885500283472,0.45272796011841104,-0.14752589100904656,0.35482984078033586,0.2874437441171612,0.44858188694041273,0.857695614213259,0.3405756960941482
60.0,16.72,-0.7084152510193783,0.45559109444680274,-0.1444529689427284,0.3517782486311934,0.293532279146293,0.4514150345803084,0.8607288917303659,0.3374605891708761
60.0,16.74,-0.702314966270784,0.4583664632103245,-0.1414563820973179,0.3487500299427611,0.2996474536242054,0.4541602313378482,0.8636860618704286,0.33436987134916657
60.0,16.76,-0.6961892451917313,0.46105399579525685,-0.13853387254570543,0.34574549220188805,0.3057876997307475,0.45681736211437013,0.8665693626875349,0.33130379857983683
60.0,16.78,-0.6900395932186157,0.46365362465139437,-0.13568336357581787,0.3427648716111619,0.31195146153963055,0.4593863307511194,0.8693809469204427,0.328262617477524
60.0,16.8,-0.6838677879121801,0.4661649745870825,-0.13290270336281046,0.3398084008601659,0.31813719253038475,0.46186708832246604,0.8721229096952529,0.3252465104841688
60.0,16.82,-0.6776751004038966,0.46858841148486596,-0.13018991394903556,0.33687623923971555,0.32434335668647357,0.46425959804605216,0.874797272386156,0.32225562793015466
60.0,16.84,-0.6714631869253225,0.47092372026166857,-0.12754294871969996,0.3339685602136303,0.33056842125970254,0.466563891972173,0.8774059980265856,0.31929007985558117
60.0,16.86,-0.6652335594049292,0.473170971442587,-0.1249600446356949,0.33108542149438924,0.3368108833016989,0.46877998581434727,0.8799509804738785,0.31634995250520764
60.0,16.88,-0.6589877001317702,0.4753302476090435,-0.122439252788606,0.3282269464109355,0.3430692177307708,0.4709079765417028,0.8824340550063428,0.31343529790257857
60.0,16.9,-0.6527270848012157,0.4774016592658408,-0.11997889611484013,0.3253931339263601,0.34934196386581184,0.4729479537231931,0.8848570003295697,0.3105461373372624
60.0,16.92,-0.6464532656168687,0.47938523176738523,-0.11757717707311305,0.322584046214254,0.35562762240726764,0.47490006247817357,0.8872215322802035,0.30768247914985825
60.0,16.94,-0.6401675363887533,0.48128135746538214,-0.11523244909193421,0.31979966533465143,0.36192474495812615,0.4767644517282278,0.8895293222566173,0.3048442756474148
60.0,16.96,-0.6338715027055665,0.4830899934291561,-0.11294310848942342,0.31703996060143674,0.3682318843212013,0.4785413254221027,0.8917819747587146,0.3020315043874998
60.0,16.98,-0.627566602414354,0.48481135687021987,-0.11070759463547308,0.31430489303421766,0.3745476148754379,0.48023089909385025,0.89398104531175,0.29924410730312123
60.0,17.0,-0.6212540872640719,0.4864459027722212,-0.10852443687845063,0.3115943791154171,0.38087051095936747,0.481833422175029,0.8961280551289958,0.2964819628980917
60.0,17.02,-0.6149355169108802,0.48799365727975247,-0.1063921487121477,0.3089083453866091,0.38719918860671876,0.4833491607132671,0.8982244581598381,0.2937449986197816
60.0,17.04,-0.6086121305392759,0.4894551284304909,-0.10430922669321054,0.30624672019662635,0.3935322589684277,0.4847784227548723,0.9002716720341185,0.2910330816486045
60.0,17.06,-0.602285383989146,0.4908305030852827,-0.1022744722522584,0.3036093327880781,0.39986836602819326,0.4861215353505902,0.9022710651285262,0.28834608575093806
60.0,17.08,-0.5959566382722363,0.49212010158042724,-0.1002864002213621,0.3009961117527247,0.40620616870281706,0.4873788376466905,0.9042239615208363,0.28568387724775757
60.0,17.1,-0.5896271510962223,0.4933243662278565,-0.09834376911700908,0.2984068933356463,0.41254433706009364,0.4885507098256883,0.9061316485489762,0.28304628425604866
60.0,17.12,-0.5832982550827492,0.4944436574999843,-0.09644543111670341,0.29584152415056214,0.41888157298101436,0.4896375445541596,0.9079953687647154,0.28043314767197003
60.0,17.14,-0.5769712652283605,0.4954783542392637,-0.09459003721344142,0.29329983634288,0.42521658784936,0.4906397534936038,0.9098163207077162,0.2778443055404461
60.0,17.16,-0.5706473987335244,0.4964289585966174,-0.09277650492888678,0.29078167604636607,0.431548111577837,0.49155777702206643,0.911595679483758,0.2752795486032486
60.0,17.18,-0.5643279278907757,0.49729587603395536,-0.09100370627547989,0.2882868332294859,0.43787491105201204,0.4923920864783501,0.9133345717540987,0.2727386832824978
60.0,17.2,-0.558014026970537,0.4980796323664972,-0.08927051241884038,0.285815175061587,0.4441957497298058,0.49314313684813416,0.9150340864257442,0.27022153623885714
60.0,17.22,-0.5517069579818557,0.498780686854209,-0.08757585173062099,0.28336648095621564,0.4505094301764616,0.49381144850858055,0.9166952908936984,0.2677278734685131
60.0,17.24,-0.5454079328052452,0.49939948666235734,-0.08591878763649874,0.28094052935146835,0.4568147690846134,0.4943975258058563,0.9183192019928951,0.26525751431455896
60.0,17.26,-0.5391179962957098,0.49993670632241544,-0.08429815309869003,0.2785371383727716,0.4631105995290057,0.49490189343020474,0.9199068244552759,0.26281020483583706
60.0,17.28,-0.532838423852378,0.5003927370001516,-0.0827131683200557,0.27615608268105135,0.4693957920816501,0.4953251179309937,0.9214591178106081,0.260385748013515
60.0,17.3,-0.5265703045436531,0.5007681793632252,-0.08116277452554271,0.27379719032544036,0.47566921190500283,0.49566776087911923,0.9229770122284302,0.2579839224898604
60.0,17.32,-0.5203146215102777,0.501063735750693,-0.07964612045855299,0.27146019726178855,0.48192976732827836,0.4959303949739815,0.9244614188204893,0.2556044862626467
60.0,17.34,-0.514072590002909,0.5012798339838622,-0.0781622996454081,0.2691449291127845,0.4881763926669446,0.49611361881844046,0.925913214170473,0.25324720785555815
60.0,17.36,-0.5078452503686347,0.5014171154213696,-0.07671044776480389,0.266851102382608,0.494408016832543,0.4962180415339649,0.9273332501919344,0.2509118524925254
60.0,17.38,-0.5016335195810855,0.5014763016089312,-0.07528975710131867,0.2645785563022373,0.5006236224657343,0.49624429021162586,0.9287223454984181,0.24859819785804482
60.0,17.4,-0.49543856534283004,0.5014578657939347,-0.07389945049305646,0.26232699330935955,0.5068222001319647,0.4961929968446309,0.9300813016610043,0.24630600446298942
60.0,17.42,-0.48926128070292696,0.5013625612172343,-0.07253875811868997,0.2600962505101345,0.5130027530811195,0.49606480295396793,0.9314108998182822,0.24403501529582103
60.0,17.44,-0.48310260609033984,0.5011910385367516,-0.07120685026804681,0.257886056008323,0.519164317040611,0.495860360900995,0.932711881465817,0.2417850209037551
60.0,17.46,-0.4769636621288057,0.5009438139066448,-0.06990307670116011,0.2556961903132133,0.5253059488064088,0.49558035635819697,0.9339849847687716,0.23955574792047252
60.0,17.48,-0.47084509278986647,0.5006218085009232,-0.06862666111595542,0.2535264412287507,0.5314267304315607,0.4952254421982006,0.9352309137671844,0.23734697315543482
60.0,17.5,-0.46474806621119785,0.5002254697427739,-0.06737697039710684,0.2513765313622917,0.5375257552776507,0.4947963113740925,0.9364503532724036,0.23515845854757594
60.0,17.52,-0.4586732805462829,0.4997556490088364,-0.06615331461901455,0.24924626657915808,0.5436021540818806,0.49429366853846163,0.9376439708799926,0.23298995214462345
60.0,17.54,-0.45262167978636114,0.49921296023958517,-0.06495504845692751,0.247135383702606,0.5496550547429956,0.49371820970670116,0.9388124069226511,0.23084123819897956
60.0,17.56,-0.4465941044362686,0.49859810739239036,-0.06378156428038209,0.2450437063055441,0.5556836448402239,0.49307062643724403,0.9399562967144719,0.22871203888319724
60.0,17.58,-0.4405912870345223,0.4979118732443876,-0.06263219689317356,0.242970956325474,0.5616870858095336,0.4923516492455649,0.9410762414947773,0.22660214655648644
60.0,17.6,-0.434614118590799,0.49715489220219655,-0.061506396248053256,0.24091689216039458,0.567664606934695,0.49156199229397035,0.9421728345232081,0.22451130896391472
60.0,17.62,-0.428663372698624,0.4963278678752384,-0.06040359015965452,0.23888131245742267,0.5736154209868605,0.49070238219193485,0.9432466472617348,0.22243929575410606
60.0,17.64,-0.4227396549333168,0.49543168156609935,-0.05932321281918011,0.23686398915485202,0.5795387838306366,0.48977354046415894,0.944298236265873,0.22038586576535418
60.0,17.66,-0.41684395459834916,0.49446680973818163,-0.05826471180866438,0.23486469576863808,0.5854339771281464,0.4887762021141377,0.9453281414714159,0.21835078434300476
60.0,17.68,-0.4109767476583549,0.4934342014850735,-0.05722758183789519,0.2328831706626123,0.591300263977468,0.48771111298141934,0.9463368911747133,0.21633380744513012
60.0,17.7,-0.40513883219077373,0.49233450635348597,-0.05621130858387571,0.2309192450949707,0.5971369952082228,0.48657899646846464,0.9473249863944996,0.214334730521134
60.0,17.72,-0.3993308064883427,0.491168507307745,-0.05521536383762615,0.22897264482598895,0.6029434625594905,0.48538060495968083,0.9482929264020201,0.21235330778154166
60.0,17.74,-0.39355343234807894,0.48993685851519375,-0.05423933046645781,0.2270431587002518,0.6087190431625625,0.48411668213135356,0.9492411881850765,0.21038931730953225
60.0,17.76,-0.3878072781413729,0.4886403491427607,-0.05328267608903237,0.22513057984935805,0.6144631099603085,0.4827879583368644,0.9501702453014533,0.20844251342891107
60.0,17.78,-0.3820929007052316,0.4872797712500262,-0.05234496524012282,0.22323471005363577,0.6201750347901012,0.4813951884717486,0.9510805445114483,0.20651269130670966
60.0,17.8,-0.37641100211871426,0.48585577161010457,-0.05142575430818193,0.22135527635771154,0.6258542360078618,0.47993911971874725,0.9519725270810906,0.2045996224133608
60.0,17.82,-0.3707620986434034,0.48436913181770996,-0.05052463359198229,0.21949211120845172,0.6315001554469547,0.47842048980122653,0.9528466226071572,0.2027030881327906
60.0,17.84,-0.36514669643200715,0.4828206365826618,-0.049641184987007925,0.21764497277350894,0.6371122180686358,0.47684004830191856,0.9537032460784521,0.20082286198521432
60.0,17.86,-0.3595653673873684,0.4812109999255978,-0.04877497370601976,0.21581368089397882,0.6426899020787501,0.4751985230830837,0.9545427985744803,0.19895874478843498
60.0,17.88,-0.3540187484885027,0.4795408702453769,-0.04792563862421106,0.21399799059762337,0.6482326972281106,0.47349667469381657,0.9553656780375951,0.1971104975817749
60.0,17.9,-0.3485071239730649,0.4778111394473504,-0.047092763418791234,0.21219772627417915,0.6537401004369688,0.4717352238473614,0.9561722618829919,0.1952779251078691
60.0,17.92,-0.3430311838063557,0.476022390623762,-0.046276009455948376,0.21041267317089207,0.6592116190621718,0.4699149233647987,0.9569629242651496,0.19346081006170515
60.0,17.94,-0.337591267523621,0.4741754469279277,-0.04547500370627597,0.2086426036668245,0.6646468044182015,0.46803649508678896,0.957738024807285,0.19165894571084385
60.0,17.96,-0.3321877834237766,0.47227106293875715,-0.04468936113681604,0.20688737284567582,0.6700452107103345,0.46610066932780453,0.9584979109387403,0.1898721365789711
60.0,17.98,-0.3268213755855849,0.4703098210636305,-0.04391879251390438,0.205146718809731,0.6754063867782591,0.4641081796047243,0.9592429279118349,0.18810016582974784
60.0,18.0,-0.3214921759602195,0.46829263993187975,-0.04316292320914486,0.20342047782804235,0.6807299387008098,0.462059753796393,0.9599734088236919,0.1863428281857175
60.0,18.02,-0.3162007923463983,0.4662200847145444,-0.042421452722315275,0.20170844944168764,0.6860154586692596,0.4599560992604824,0.9606896693213253,0.18459994648000416
60.0,18.04,-0.31094757664342826,0.4640928944480588,-0.04169408693330066,0.2000104363287945,0.6912625632006386,0.4577979292162511,0.961392029503234,0.18287130650668543
60.0,18.06,-0.3057328654045427,0.4619117977357128,-0.04098047344166651,0.1983262814130084,0.6964708850590574,0.45558595694452475,0.9620807910118083,0.18115672226346538
60.0,18.08,-0.3005569876514469,0.4596775238653007,-0.040280322675418326,0.19665574696608865,0.7016400728848162,0.45332089536819686,0.9627562544632504,0.17945598727145917
60.0,18.1,-0.29542032797278955,0.4573907252117907,-0.039593369852642175,0.19499868967165573,0.7067697824151433,0.45100343392687264,0.9634187055578993,0.17776892423244886
60.0,18.12,-0.29032327018588255,0.4550520699988635,-0.038919308149796744,0.1933549077461506,0.7118596920658995,0.44863426593419825,0.9640684237295256,0.17609535202362483
60.0,18.14,-0.28526601917287203,0.45266231059105605,-0.03825787570520857,0.19172421811559084,0.7169094863280764,0.44621407780631106,0.9647056874058711,0.17443506936390196
60.0,18.16,-0.2802488486130333,0.4502221391763158,-0.03760878297654103,0.19010644726823295,0.7219188717067829,0.44374355907211205,0.9653307581526507,0.17278790419128962
60.0,18.18,-0.2752721746295353,0.44773213960957886,-0.03697181271375077,0.1885014113098579,0.7268875515070304,0.44122338665923344,0.9659438988020114,0.17115366490738193
60.0,18.2,-0.270336254015658,0.4451930060522253,-0.03634668654719285,0.18690894241997666,0.7318152731079844,0.4386542017012893,0.9665453565841875,0.16953219656577326
60.0,18.22,-0.26544124428711396,0.44260545250824396,-0.035733132338952894,0.1853288752569711,0.7367017654098577,0.4360366927967318,0.9671353803375918,0.16792329709636197
60.0,18.24,-0.26058745314824855,0.43997009874307647,-0.03513094818898785,0.1837610346849142,0.7415467676444396,0.433371509800337,0.9677142086788648,0.16632680397354058
60.0,18.26,-0.25577517277081085,0.43728755347917075,-0.034539900205826556,0.18220523390224463,0.7463500623234072,0.43065928284810107,0.9682820720095737,0.16474254425586699
60.0,18.28,-0.2510045349575177,0.4345585129668513,-0.03395973582719927,0.180661337172972,0.7511114202643737,0.42790067665984655,0.9688391985476557,0.16317034613853346
60.0,18.3,-0.24627589043904086,0.43178353349767895,-0.03339023153217233,0.17912916337494172,0.755830611885463,0.42509631090827216,0.9693858087736611,0.1616100450330482
60.0,18.32,-0.2415892755185238,0.4289633348636922,-0.03283120716389471,0.17760857003219135,0.7605074419017623,0.42224679724047975,0.9699221146741291,0.160061474843795
60.0,18.34,-0.23694501517037914,0.426098449333495,-0.03228244381310828,0.17609936191108616,0.7651417257505748,0.41935276023011236,0.9704483272915841,0.15852447104010065
60.0,18.36,-0.23234320797503935,0.42318954248014595,-0.03174367744152909,0.17460141925370817,0.7697332631008982,0.41641482304575644,0.9709646492360562,0.15699887469722393
60.0,18.38,-0.22778408746490156,0.42023717874149885,-0.031214793974122808,0.17311455644358462,0.7742818927737442,0.41343356823524746,0.9714712791881374,0.15548452635724477
60.0,18.4,-0.22326780250809353,0.4172419525557841,-0.030695564328000715,0.17163863348660224,0.7787874380589324,0.41040959471888644,0.971968408290965,0.1539812672533701
60.0,18.42,-0.218794573141917,0.4142044236436794,-0.030185764515378223,0.17017351263138059,0.7832497369097824,0.4073434822885635,0.9724562260917842,0.15248894554348752
60.0,18.44,-0.21436445564353454,0.4111252008002715,-0.029685254569107394,0.16871902442615133,0.7876686432770518,0.40423580949051685,0.9729349140969142,0.15100740665041557
60.0,18.46,-0.20997765412045669,0.40800482722282766,-0.029193841777677223,0.16727503271250022,0.7920440339478906,0.401087139506965,0.9734046525659907,0.1495365013474812
60.0,18.48,-0.20563428883739696,0.40484386853437926,-0.028711348597952744,0.16584138217584907,0.7963757553133642,0.39789801048294954,0.9738656123816669,0.14807607933587372
60.0,18.5,-0.20133439803644676,0.40164290608738124,-0.028237607243707833,0.1644179391773892,0.8006636920630098,0.3946690054756175,0.9743179643814107,0.14662599595938342
60.0,18.52,-0.1970782991049683,0.39840238158272023,-0.02777245032179751,0.16300457314073205,0.8049077184271833,0.3914006409266143,0.974761871458697,0.1451861040909883
60.0,18.54,-0.19286588368255778,0.3951229406118005,-0.027315712730367828,0.16160109875744472,0.8091077179569489,0.38809346365228825,0.9751974965354823,0.14375626234354838
60.0,18.56,-0.18869744988989823,0.3918050034902242,-0.026867239965719634,0.1602074288505426,0.8132635980921784,0.38474797087510504,0.9756249941375146,0.14233633037972185
60.0,18.58,-0.1845730149943231,0.3884491248616215,-0.026426879145910295,0.15882340241203421,0.8173752479742035,0.38136469427375375,0.9760445162779207,0.14092616810274547
60.0,18.6,-0.18049265977142556,0.3850558145124374,-0.025994478197811567,0.15744889984880178,0.8214425699928497,0.3779441459007962,0.9764562131133627,0.13952563926279926
60.0,18.62,-0.17645646022074007,0.38162557383482865,-0.025569890217847495,0.15608376668624607,0.8254654884339117,0.3744867872068721,0.9768602264827013,0.1381346088333324
60.0,18.64,-0.17246461677115343,0.378158829000977,-0.025152979912181576,0.15472790559376376,0.8294439131164009,0.37099311657765116,0.9772566994042041,0.13675294093801768
60.0,18.66,-0.16851705932158065,0.37465612113719515,-0.024743597521258456,0.15338115125725083,0.8333777572975755,0.36746362584594483,0.9776457679177284,0.1353805081603659
60.0,18.68,-0.16461391600613406,0.37111789802268447,-0.02434161281831748,0.15204339377478163,0.837266950011603,0.36389877105555535,0.9780275666389898,0.13401717671767682
60.0,18.7,-0.16075536919460828,0.3675445656614627,-0.023946895079137987,0.1507145082513812,0.8411114225047647,0.36029900114999364,0.9784022243931465,0.13266282154320358
60.0,18.72,-0.1569413364232041,0.3639366314511804,-0.023559313360307088,0.14939437313653775,0.8449111045612089,0.3566647739750754,0.9787698692722393,0.131317314845096
60.0,18.74,-0.1531719300905487,0.3602945191635114,-0.02317874689522075,0.1480828685300454,0.8486659329387771,0.35299652532694165,0.9791306245688807,0.1299805308004637
60.0,18.76,-0.14944725006378376,0.3566186307303686,-0.02280506670013732,0.1467798617284498,0.852375850670973,0.34929466868288245,0.9794846106074413,0.1286523493189788
60.0,18.78,-0.14576733605265416,0.3529094039089416,-0.02243815901465356,0.1454852385883255,0.8560407871689986,0.3455596567053909,0.9798319445567448,0.12733264909382222
60.0,18.8,-0.14213221934609618,0.3491672544507402,-0.022077904425039846,0.1441988889582666,0.8596606957464811,0.3417918751753146,0.9801727415618133,0.12602130777933013
60.0,18.82,-0.13854205041151568,0.3453925437827572,-0.02172419061811162,0.14292068781355535,0.8632355254246142,0.3379917183152191,0.9805071127497128,0.12471820871710597
60.0,18.84,-0.13499673292712877,0.3415857221805601,-0.021376907232520642,0.1416505301475265,0.8667652141264305,0.33415960388706434,0.9808351666021129,0.12342323592857393
60.0,18.86,-0.13149641042878152,0.3377471367189125,-0.021035945778390113,0.1403882971041088,0.870249717854451,0.33029589792463476,0.9811570088706039,0.12213627587032769
60.0,18.88,-0.1280410990182202,0.3338771661386384,-0.02070120206008301,0.1391338727073036,0.8736889855733793,0.3264009745119021,0.9814727432362735,0.12085721232539395
60.0,18.9,-0.12463093245656522,0.3299761477663561,-0.020372575958048034,0.13788716007071686,0.8770829688844417,0.32247520236940347,0.9817824697114849,0.11958593666451364
60.0,18.92,-0.1212658637441538,0.3260444706441695,-0.020049964195931455,0.13664804952007012,0.8804316156963838,0.3185189426758202,0.9820862865968231,0.11832233594138877
60.0,18.94,-0.11794596017201313,0.3220824727736672,-0.01973327004679041,0.1354164178566193,0.8837348869508819,0.3145325205574918,0.9823842891242592,0.11706630318359947
60.0,18.96,-0.11467128471917201,0.31809048470895773,-0.019422402723153306,0.1341921922498008,0.8869927234796344,0.31051630017175397,0.9826765703376942,0.11581773230682084
60.0,18.98,-0.11144189561897508,0.3140688278031192,-0.019117266145439488,0.13297524021848423,0.8902050849682572,0.30647059461512494,0.9829632207420868,0.1145765163561885
60.0,19.0,-0.10825779331482303,0.31001783547764916,-0.01881776789912827,0.13176546408895304,0.8933719266786262,0.30239570979751645,0.9832443288167017,0.1133425510663809
60.0,19.02,-0.10511913989277417,0.3059377832749265,-0.01852382607995996,0.13056276784064247,0.8964931907738305,0.29829197660798096,0.9835199805574699,0.11211573308988675
60.0,19.04,-0.10202587464939228,0.30182900700607546,-0.018235348677142195,0.12936704481301395,0.8995688283270894,0.294159689133641,0.9837902596373783,0.11089596177590236
60.0,19.06,-0.09897804537227418,0.29769180274103857,-0.01795225821782486,0.12817822000656784,0.9025987902999743,0.2899991364168486,0.9840552477362844,0.10968313748873847
60.0,19.08,-0.09597579243347029,0.29352640551490655,-0.017674467702187675,0.12699616258303273,0.9055830171195565,0.2858106167003054,0.9843150246313255,0.1084771598971111
60.0,19.1,-0.09301916359996588,0.2893331322073624,-0.01740190173041535,0.12582080378590846,0.9085214604947296,0.281594375116053,0.9845696672249307,0.10727793484081105
60.0,19.12,-0.09010812776513383,0.28511222759115934,-0.017134481929173204,0.12465203374610988,0.9114140523607749,0.27735071571663633,0.9848192516796149,0.10608536241193219
60.0,19.14,-0.08724282696485032,0.28086396148486914,-0.01687213289679755,0.12348976063713635,0.9142607427503748,0.2730798570631297,0.9850638510189869,0.10489935061935919
60.0,19.16,-0.08442332276465668,0.2765885399897696,-0.016614780105855546,0.1223338958643904,0.9170614596469826,0.26878207650524877,0.9853035370626781,0.10371980518363508
60.0,19.18,-0.08164965398683909,0.27228627593496935,-0.01636235198863352,0.12118435372680059,0.9198161337256953,0.2644576137619105,0.9855383797214577,0.10254663295310884
60.0,19.2,-0.07892191581653829,0.26795733302859115,-0.016114782143743345,0.12004103700365527,0.922524701285226,0.26010668917770857,0.9857684464299797,0.1013797453389037
60.0,19.22,-0.0762401214005412,0.2636019567418767,-0.015872000354766016,0.11890386666139076,0.9251870875413757,0.25572951645280706,0.9859938035610232,0.10021905152284373
60.0,19.24,-0.07360442820144245,0.2592203841932685,-0.01563393759939699,0.11777273903771603,0.9278032071546057,0.2513263379763399,0.98621451561903,0.09906446186428912
60.0,19.26,-0.0710149181164153,0.2548127942557982,-0.015400533189466954,0.11664758084534238,0.9303729788569566,0.24689735959075154,0.9864306451959933,0.0979158896493265
60.0,19.28,-0.06847158889650243,0.2503794246789294,-0.015171721244178203,0.11552829544984367,0.9328963212518164,0.2424427494990233,0.9866422532218238,0.09677325113016973
60.0,19.3,-0.06597464223353956,0.2459204154731619,-0.014947443901313771,0.11441481598704338,0.9353731322504386,0.2379627374374726,0.9868493993143092,0.09563645861798804
60.0,19.32,-0.06352414091272213,0.24143595710130736,-0.014727640104405281,0.11330705239622979,0.9378033146708439,0.23345750005036622,0.9870521410510515,0.09450542911727618
60.0,19.34,-0.06112014185813525,0.2369262428112524,-0.014512251134941017,0.11220491822021038,0.9401867722627145,0.22892719465357478,0.9872505348962924,0.09338008095132398
60.0,19.36,-0.05876282292013701,0.23239145843235937,-0.014301218552545613,0.11110833080943776,0.9425233915632548,0.22437198975584013,0.987444635465622,0.09226033196455635
60.0,19.38,-0.05645224404702651,0.22783172689225803,-0.01409449155525441,0.11001722318646757,0.9448130501583083,0.2197920849305367,0.9876344961652345,0.0911461013336962
60.0,19.4,-0.054188591434811396,0.22324721851687132,-0.013892016055074442,0.10893150651485164,0.947055632762287,0.21518759313047942,0.9878201685927421,0.09003731126127955
60.0,19.42,-0.05197193554327222,0.21863804577296234,-0.013693734281424709,0.10785109659645495,0.9492510046406755,0.21055869113498155,0.9880017035212231,0.08893388012360734
60.0,19.44,-0.04980243370192309,0.2140044103167325,-0.013499602963986787,0.1067759364691279,0.9513990363691733,0.20590548646490986,0.988179149582213,0.0878357345297218
60.0,19.46,-0.0476802327896611,0.20934639561352184,-0.013309568265158996,0.10570593644850175,0.953499575024106,0.2012281503102003,0.98835255460353,0.0867427972846191
60.0,19.48,-0.045605510021831955,0.2046641579248024,-0.013123581548453457,0.10464102290311217,0.9555524730889087,0.19652678513264388,0.9885219650305435,0.08565499256124383
60.0,19.5,-0.043578398594891654,0.19995778266586947,-0.01294160087403814,0.10358113737652744,0.9575575721208375,0.19180150824799846,0.988687425710607,0.08457224589202036
60.0,19.52,-0.04159904895599642,0.1952273967183674,-0.01276357431059277,0.102526178053308,0.9595147018736565,0.1870524346495448,0.9888489807017519,0.0834944842481512
60.0,19.54,-0.03966764287802853,0.19047309693525072,-0.012589462734386433,0.10147609422701054,0.961423683446575,0.18227967800370617,0.9890066721163637,0.08242163768779676
60.0,19.56,-0.03778442496093765,0.18569498164486786,-0.012419219950834842,0.10043081579387739,0.9632843280448352,0.1774833507341514,0.9891605415069775,0.08135363253012785
60.0,19.58,-0.03594952659498374,0.1808931614198609,-0.012252806617861305,0.09939026430349743,0.9650964469973937,0.17266351400837798,0.9893106290356583,0.08029039998370265
60.0,19.6,-0.03416318683406006,0.17606770077784759,-0.012090182358972775,0.09835437746610809,0.9668598271744637,0.16782028479905345,0.989456973601767,0.07923186921362302
60.0,19.62,-0.032425593085752165,0.17121871205392603,-0.011931303327561312,0.09732307464179588,0.9685742560481025,0.16295372957804793,0.9895996128586313,0.07817797430365914
60.0,19.64,-0.030737004194390745,0.1663462156747989,-0.011776137560588215,0.0962963123534444,0.9702395070542454,0.1580639315258395,0.9897385836886889,0.07712864561160591
60.0,19.66,-0.02909764666813537,0.1614503283071123,-0.011624643572512154,0.0952739959703438,0.9718553418974398,0.15315095657900135,0.9898739216373497,0.0760838184214636
60.0,19.68,-0.02750777569705606,0.1565310891408181,-0.011476786054768392,0.09425607981826527,0.9734215113704449,0.1482148748038884,0.9900056612385016,0.0750434260249993
60.0,19.7,-0.02596763320046771,0.1515885509231094,-0.011332531186996724,0.09324248902544405,0.9749377567320892,0.14325574358274956,0.9901338359770648,0.07400740320174203
60.0,19.72,-0.024477505587107106,0.14662279053251168,-0.011191843634115328,0.09223316469162883,0.9764038039697105,0.1382736210382187,0.990258478058791,0.0729756879466257
60.0,19.74,-0.023037669886584674,0.1416338427249574,-0.011054691963966898,0.09122804123548778,0.9778193684661142,0.13326855672285717,0.9903796191490032,0.07194821631841676
60.0,19.76,-0.02164842836974077,0.1366217445714788,-0.010921044905758083,0.09022705789196592,0.979184152642588,0.12824059862361198,0.990497289662032,0.07092492586861732
60.0,19.78,-0.020310093012873415,0.1315865524070465,-0.010790869703795005,0.08923015882033175,0.9804978457446247,0.12318978486681378,0.9906115190000835,0.06990575566600886
60.0,19.8,-0.019022984670359587,0.12652829111824146,-0.01066413736235154,0.08823727176460355,0.9817601230554985,0.11811615796046881,0.990722335570217,0.06889064456668549
60.0,19.82,-0.017787446050391266,0.12144699316145798,-0.01054081838465835,0.0872483402093092,0.9829706458504613,0.11301974959709958,0.9908297671195759,0.06787953471836179
60.0,19.84,-0.01660382405182637,0.11634267280899209,-0.010420884514128387,0.08626331241489646,0.9841290611756391,0.10790058977705484,0.9909338400784524,0.06687236630799209
60.0,19.86,-0.015472492392589209,0.11121537822361444,-0.010304310660190115,0.08528212116441668,0.9852350008791327,0.10275870717149656,0.991034580349909,0.06586908109715726
60.0,19.88,-0.014393833277509918,0.10606513066052825,-0.010191069301064122,0.0843047150254116,0.9862880815546246,0.0975941261327808,0.9911320129773163,0.06486962066662397
60.0,19.9,-0.01336824297103955,0.10089192341448668,-0.010081135754697705,0.08333102783377547,0.9872879041100426,0.09240686541291078,0.991226161580758,0.06387392985994764
60.0,19.92,-0.012396139849433028,0.09569579203797161,-0.009974485294102347,0.08236101855277898,0.9882340526033873,0.08719694726398025,0.9913170495084463,0.06288195338991003
60.0,19.94,-0.011477952893587,0.09047673659783645,-0.009871094740540315,0.08139461278725338,0.9891260952208188,0.08196438416025734,0.9914046990396012,0.06189363579117979
60.0,19.96,-0.01061413557893187,0.08523477707617182,-0.009770941658459514,0.08043177079134471,0.9899635818665685,0.07670919478044798,0.9914891316220837,0.06090892317830845
60.0,19.98,-0.009805152744794373,0.07996992659705647,-0.009674004175260533,0.0794724392639119,0.9907460455146755,0.0714313907938631,0.9915703679871974,0.059927761520543764
60.0,20.0,-0.009051491695925984,0.07468219483663939,-0.009580260776646619,0.07851655236989226,0.9914730004919488,0.0661309842621389,0.9916484279342096,0.05895009837041395
80.0,0.0,-1.0341831864096914e-06,-2.3929503805275605e-05,2.471891226371828e-07,3.4742221160813127e-07,0.9999987137255103,-2.4147789459859567e-05,0.9999990572630298,-4.6535275530951204e-07
80.0,0.02,-6.376723299033656e-06,-0.002357257688743665,1.9502913489276786e-07,-6.195043324162408e-05,0.9999934181597061,-0.0023604428140292896,0.9999992416883795,-0.00010676355634838244
80.0,0.04,-2.2620381994277546e-05,-0.004690656172542657,1.3874447208887706e-07,-0.0001242454030368415,0.9999772130633644,-0.0046968101134458595,0.9999994066103666,-0.00021306317925316533
80.0,0.06,-4.976638000501302e-05,-0.007024064641977516,7.832576140958947e-08,-0.00018653816993005625,0.9999500972725575,-0.007033188975736819,0.9999995520768167,-0.00031936482200594333
80.0,0.08,-8.781530733773507e-05,-0.009357422237024375,1.3758283059957077e-08,-0.0002488294040021935,0.9999120700483836,-0.009369518298217912,0.9999996781347623,-0.00042566913008829137
80.0,0.1,-0.0001367675457998452,-0.01169066814093165,-5.496855268265519e-08,-0.0003111198302768017,0.9998631310634785,-0.011705737669242417,0.9999997848304387,-0.0005319766931514003
80.0,0.12,-0.00019662309675279823,-0.014023742126641476,-1.2786817364541085e-07,-0.00037341011200625406,0.9998032804241327,-0.01404178597538504,0.999999796294149,-0.0006382880698637296
80.0,0.14,-0.00026738114946745303,-0.016356582958296617,-2.0495423637335543e-07,-0.0004357009450641939,0.9997325186458198,-0.016377602626166294,0.9999997227824883,-0.0007446038856663011
80.0,0.16,-0.00034904092453447497,-0.018689129467681642,-2.8623240551234734e-07,-0.0004979930459663304,0.9996508466793599,-0.018713126510453735,0.9999996379634357,-0.000850924789412142
80.0,0.18,-0.0004416013755727758,-0.021021322864680284,-3.717138612832655e-07,-0.000560287075485616,0.9995582658549651,-0.02104829774403036,0.9999995418347823,-0.0009572513907630478
80.0,0.2,-0.0005450602375544115,-0.023353100080832478,-4.614305093239359e-07,-0.0006225836778981342,0.9994547779931874,-0.023383054533356425,0.9999994343940217,-0.0010635843342867702
80.0,0.22,-0.0006594151747954098,-0.025684402451313416,-5.553705201544689e-07,-0.0006848836636381499,0.9993403852595808,-0.025717337190152473,0.9999993156384347,-0.0011699242121905264
80.0,0.24,-0.0007846640821970025,-0.028015167241924047,-6.535701043865403e-07,-0.0007471875620436861,0.9992150902939024,-0.028051084297658332,0.9999991855649818,-0.0012762716690406272
80.0,0.26,-0.0009208037385475732,-0.030345335940745115,-7.560236328315266e-07,-0.0008094961929134805,0.999078896101281,-0.030384236201863306,0.999999044170422,-0.0013826272970427205
80.0,0.28,-0.0010678307058889843,-0.03267485034378375,-8.627603243483711e-07,-0.0008718101828771035,0.9989318061574167,-0.03271673152688809,0.9999988914511575,-0.0014889917582146688
80.0,0.3,-0.001225740985069433,-0.03500364263138388,-9.737683175143646e-07,-0.0009341302025506715,0.9987738243560829,-0.03504850892231036,0.999998727403392,-0.0015953656622135323
80.0,0.32,-0.0013945299275224547,-0.037331660042633906,-1.0891054971171908e-06,-0.0009964569500212355,0.9986049549781719,-0.03737950881056589,0.9999985520230692,-0.0017017496186953426
80.0,0.34,-0.0015741941321981278,-0.03965883838000732,-1.2087375736777015e-06,-0.0010587911851977561,0.9984252026599386,-0.039709671643215094,0.9999983653058724,-0.0018081442373150325
80.0,0.36,-0.0017647268256257191,-0.04198511558799262,-1.332721546602453e-06,-0.001121133534766747,0.9982345725695981,-0.042038936165535994,0.9999981672471911,-0.001914550145179626
80.0,0.38,-0.001966123320617893,-0.04431043290454527,-1.4610612591776178e-06,-0.0011834846217143983,0.9980330702694492,-0.04436724116029315,0.9999979578419365,-0.002020968074114438
80.0,0.4,-0.0021783777769005712,-0.04663473453594176,-1.5937347726129493e-06,-0.0012458452326005337,0.9978207016685433,-0.04669452719381435,0.9999977370851518,-0.0021273985465043287
80.0,0.42,-0.0024014842989617436,-0.048957958574250164,-1.7308092750765734e-06,-0.00130821604061118,0.997597473064614,-0.04902073487511521,0.9999975049712678,-0.002233842259265345
80.0,0.44,-0.0026354343058992303,-0.05128003563001013,-1.8722846160415099e-06,-0.0013705976876916416,0.9973633913366927,-0.051345803123368804,0.9999972614948259,-0.00234029973477955
80.0,0.46,-0.002880222518217293,-0.053600922183679164,-2.018166235214085e-06,-0.0014329908564842885,0.9971184637449494,-0.053669670907624076,0.9999970066497174,-0.002446771669959975
80.0,0.48,-0.0031358407318484507,-0.05592054307757651,-2.1684597353837998e-06,-0.0014953962712045167,0.9968626976833751,-0.055992278981070315,0.9999967404299811,-0.0025532585871856127
80.0,0.5,-0.00340228014540196,-0.05823884119746719,-2.3232199374762064e-06,-0.0015578147695709528,0.9965961013677082,-0.058313566430524405,0.9999964628285037,-0.0026597613578985
80.0,0.52,-0.003679532734576365,-0.06055576506803902,-2.4824140114965153e-06,-0.0016202466801652036,0.996318682963784,-0.060633475867397923,0.9999961738387654,-0.0027662805044741307
80.0,0.54,-0.003967591393881166,-0.06287124936319442,-2.646106865390011e-06,-0.0016826929029446073,0.996030451445083,-0.06295194649829455,0.9999958734540227,-0.002872816549286287
80.0,0.56,-0.004266444899000776,-0.06518523891879194,-2.814293903423133e-06,-0.0017451543144984673,0.9957314160606359,-0.06526891758864477,0.9999955616667884,-0.0029793701892391277
80.0,0.58,-0.004576083976508555,-0.06749766638014401,-2.9869782350040957e-06,-0.0018076311099373486,0.9954215863313072,-0.06758433020939496,0.9999952384692761,-0.0030859421212347557
80.0,0.6,-0.004896498241938435,-0.06980847167099129,-3.164206116143804e-06,-0.0018701245367014412,0.9951009725021702,-0.06989812377964565,0.999994903853402,-0.003192533042173135
80.0,0.62,-0.005227679208734141,-0.07211761024348082,-3.345967825856947e-06,-0.0019326348165768837,0.9947695848400834,-0.07221024125857281,0.9999945578119345,-0.0032991432998880593
80.0,0.64,-0.0055696128697154245,-0.07442500114850431,-3.5323290251568525e-06,-0.001995162940619751,0.9944274342432532,-0.07452062046299514,0.99999420033571,-0.0034057737658072674
80.0,0.66,-0.005922291959143831,-0.07673060947940241,-3.723224024921366e-06,-0.0020577093884110507,0.9940745319545405,-0.07682920452309616,0.9999938314158032,-0.00351242513682403
80.0,0.68,-0.0062857016276087405,-0.07903435646503398,-3.918768660237448e-06,-0.002120275076098019,0.9937108896183295,-0.0791359331626362,0.9999934510436229,-0.0036190979352973933
80.0,0.7,-0.0066598311603145435,-0.08133618911631309,-4.118905504339341e-06,-0.002182860724651579,0.9933365193793525,-0.08144074620085179,0.9999930592103521,-0.0037257926835841454
80.0,0.72,-0.007044665970122479,-0.08363604652734068,-4.3236895070020735e-06,-0.002245466575854956,0.9929514334751277,-0.08374358701305916,0.9999926559056119,-0.0038325102531020505
80.0,0.74,-0.007440197464196196,-0.08593387493239521,-4.533146005808327e-06,-0.0023080938424494524,0.9925556450243129,-0.08604439561706959,0.9999922411200247,-0.0039392511662027715
80.0,0.76,-0.007846408623066991,-0.08822961246421858,-4.747262058156926e-06,-0.002370743013027042,0.9921491670319792,-0.08834311382943318,0.9999918148432809,-0.0040460161197670074
80.0,0.78,-0.008263287109023952,-0.0905232054175777,-4.966109618623042e-06,-0.002433414522730233,0.9917320130985671,-0.09063968358194828,0.9999913770654967,-0.004152805636141213
80.0,0.8,-0.008690819390640862,-0.09281459026917509,-5.189639934949642e-06,-0.0024961093745994064,0.9913041975147838,-0.09293404344525229,0.9999909277750758,-0.0042596205867319265
80.0,0.82,-0.009128993160752438,-0.09510372007684989,-5.417933817680532e-06,-0.0025588284840300105,0.9908657345317593,-0.09522613903736322,0.999990466962334,-0.004366461319348608
80.0,0.84,-0.009577788030616475,-0.09739052022975864,-5.650987820631772e-06,-0.002621572007016508,0.990416638957122,-0.09751590911745793,0.9999899946143121,-0.004473328879923014
80.0,0.86,-0.010037192886701072,-0.09967493056213672,-5.8888469384467684e-06,-0.0026843408157865823,0.9899569260415471,-0.09980329779691981,0.9999895107215995,-0.0045802234417276315
80.0,0.88,-0.010507191615161558,-0.10195691227969567,-6.131464677658108e-06,-0.0027471357348539385,0.9894866112822805,-0.10208824579591773,0.9999890152706175,-0.004687146050687782
80.0,0.9,-0.010987768007156559,-0.10423639520438883,-6.378936910987375e-06,-0.0028099573680295292,0.9890057105316035,-0.10437069743763647,0.9999885082498485,-0.004794097229132049
80.0,0.92,-0.01147890466082877,-0.10651331956144243,-6.631218649026743e-06,-0.002872806620819136,0.9885142405445361,-0.10665059198317707,0.9999879532187531,-0.004901077495378509
80.0,0.94,-0.011980587939889912,-0.10878764686559361,-6.888413405598403e-06,-0.002935683990360311,0.9880122176693658,-0.10892787396846286,0.9999872781776952,-0.0050080868249945554
80.0,0.96,-0.012492796069312327,-0.11105928493882622,-7.150477049483582e-06,-0.0029985901856739027,0.9874996592128095,-0.11120248462480117,0.9999865850325352,-0.005115126924951432
80.0,0.98,-0.013015516646922713,-0.11332821280181514,-7.417467783482067e-06,-0.00306152581195778,0.9869765825723144,-0.11347436877035509,0.9999858737984705,-0.0052221979665390186
80.0,1.0,-0.013548729133483052,-0.11559435726413199,-7.689394489274875e-06,-0.003124491768412119,0.9864430057759923,-0.1157434678915616,0.9999851444864896,-0.005329300819173627
80.0,1.02,-0.01409241391307678,-0.11785765813226683,-7.966264450366512e-06,-0.003187488258514574,0.985898946584124,-0.11800972702297756,0.9999843971086192,-0.0054364360032135425
80.0,1.04,-0.014646553524226053,-0.12011805960660242,-8.248145751642961e-06,-0.0032505170756950545,0.9853444242928671,-0.12027308623590009,0.9999836316742978,-0.005543604388080545
80.0,1.06,-0.015211131469055393,-0.12237551608119904,-8.535047376230562e-06,-0.0033135777038415543,0.9847794573867668,-0.12253349258051714,0.9999828481940995,-0.0056508064941382975
80.0,1.08,-0.015786125592147777,-0.12462995637344722,-8.826924275398886e-06,-0.003376671529938337,0.9842040655420621,-0.12479088636582478,0.9999820466769399,-0.005758043016282923
80.0,1.1,-0.01637151791710119,-0.12688134645975224,-9.123904959225709e-06,-0.003439799050389869,0.9836182680437281,-0.12704521493075707,0.9999812271309604,-0.005865314649412063
80.0,1.12,-0.016967285132507958,-0.12912959628232673,-9.42594461694867e-06,-0.0035029612061560763,0.9830220855106314,-0.1292964189019637,0.9999803895646278,-0.005972621913895331
80.0,1.14,-0.01757341249581649,-0.13137468456157583,-9.733055019263513e-06,-0.0035661584239542873,0.982415538139271,-0.13154444419058886,0.999979533983713,-0.006079965679163207
80.0,1.16,-0.01818987322599523,-0.13361653634122744,-1.0045376156638176e-05,-0.0036293916566271602,0.9817986466911179,-0.133789235138825,0.9999786603950782,-0.0061873464655862985
80.0,1.18,-0.0188166508759308,-0.13585510485820934,-1.0362798003338948e-05,-0.003692661427188897,0.9811714323865747,-0.1360307362558073,0.9999777688029299,-0.006294765142595452
80.0,1.2,-0.019453721101682354,-0.138090322605382,-1.0685399169587533e-05,-0.003755968510275495,0.9805339170318247,-0.13826889049409075,0.9999768592141018,-0.006402222056034783
80.0,1.22,-0.020101061897429762,-0.1403221424955677,-1.1013195292410318e-05,-0.003819313381313492,0.9798861219433689,-0.14050364608247065,0.9999759316298098,-0.006509718249861097
80.0,1.24,-0.020758653510119827,-0.14255051817228112,-1.1346271157885524e-05,-0.0038826969596614715,0.9792280697215886,-0.14273494630493258,0.9999749860556643,-0.006617254069919175
80.0,1.26,-0.021426470494571852,-0.14477538377079477,-1.1684578122772475e-05,-0.003946120075246007,0.9785597833227992,-0.14496273461313283,0.9999740224915055,-0.0067248305601644645
80.0,1.28,-0.02210449066239892,-0.14699668145959888,-1.2028202595830629e-05,-0.004009583349757801,0.9778812849494518,-0.14718695969832524,0.9999730409424519,-0.00683244789190985
80.0,1.3,-0.022792692299840385,-0.1492143586999281,-1.2377093780105979e-05,-0.004073087546565836,0.977192598568909,-0.14940756539374642,0.9999720414058136,-0.006940107283636599
80.0,1.32,-0.02349105116331687,-0.15142838337286993,-1.2731339681559038e-05,-0.004136633008717066,0.9764937474080505,-0.15162449903210792,0.99997102388406,-0.007047809081182221
80.0,1.34,-0.024199542290458544,-0.15363866914185362,-1.3090962333403803e-05,-0.004200220987229055,0.9757847552138826,-0.15383770465255117,0.999969988376547,-0.007155553979438326
80.0,1.36,-0.024918145305909828,-0.15584519601840327,-1.34559821528673e-05,-0.004263852153569545,0.975065646709823,-0.1560471283146309,0.999968934880712,-0.007263342847821824
80.0,1.38,-0.025646827009524944,-0.15804786586680145,-1.3826417426738604e-05,-0.004327526473885415,0.9743364475198203,-0.15825271984163497,0.999967863395608,-0.007371176206690025
80.0,1.4,-0.026385572245739924,-0.16024667809658452,-1.4202368579612691e-05,-0.004391245609467442,0.9735971810408559,-0.160454423587523,0.9999667739173309,-0.007479054925454033
80.0,1.42,-0.027134348781200968,-0.1624415286496337,-1.4583703159813805e-05,-0.004455009895507604,0.9728478729765976,-0.16265218614856608,0.9999656664434378,-0.007586979524463688
80.0,1.44,-0.027893134014557144,-0.1646324098284775,-1.4970597304097966e-05,-0.00451882025436099,0.9720885490698582,-0.16484595600497162,0.9999645409696797,-0.007694950698593584
80.0,1.46,-0.028661901316620577,-0.16681923930058878,-1.5363074626111987e-05,-0.004582677121644022,0.9713192356650358,-0.16703568012591336,0.9999633974910409,-0.007802969142713519
80.0,1.48,-0.029440624072257986,-0.16900197206625645,-1.5761079390155498e-05,-0.004646581421360117,0.9705399594303765,-0.16922130567234325,0.9999622360003559,-0.007911035726214459
80.0,1.5,-0.030229283778907493,-0.17118055892957873,-1.6164713873173448e-05,-0.004710533458547725,0.96975074504334,-0.17140278657205507,0.99996105649253,-0.00801915096942968
80.0,1.52,-0.031027830866360663,-0.17335495118396732,-1.657392146921125e-05,-0.004774534473113749,0.9689516215900854,-0.17358006020523178,0.9999598589590531,-0.008127315741740191
80.0,1.54,-0.03183625893770614,-0.1755250852596495,-1.69888940867425e-05,-0.00483858553772851,0.9681426182604389,-0.17575306587380682,0.999958643394537,-0.00823553038894001
80.0,1.56,-0.032654546416135216,-0.1776909329421329,-1.740948568820462e-05,-0.004902686370025983,0.96732375842681,-0.17792177687524247,0.9999574097861543,-0.008343796129449457
80.0,1.58,-0.03348263081775273,-0.1798524210929526,-1.7835806238646518e-05,-0.004966838054222892,0.9664950707241047,-0.18008613267954332,0.9999561581272268,-0.008452113309051067
80.0,1.6,-0.034320516479969386,-0.18200949353560666,-1.8267971314796538e-05,-0.005031041931979027,0.9656565832239234,-0.18224609025390498,0.9999548884076989,-0.008560482622573837
80.0,1.62,-0.03516817824038819,-0.18416210707432382,-1.8705828821725127e-05,-0.005095297817628388,0.9648083295576861,-0.18440157286244524,0.9999536006136034,-0.0086689051138878
80.0,1.64,-0.036025559451046935,-0.18631023123570256,-1.9149584942463067e-05,-0.005159607422613464,0.9639503319060327,-0.18655255411059288,0.9999522947362934,-0.008777381128755741
80.0,1.66,-0.03689266441439868,-0.18845380700880476,-1.9599084341814907e-05,-0.005223970833534838,0.9630826224550519,-0.18869897473933075,0.9999509707617351,-0.00888591153650597
80.0,1.68,-0.037769428424054015,-0.19059276945312628,-2.0054626780029203e-05,-0.005288388805928275,0.9622052337697288,-0.19084077574317687,0.9999496286770763,-0.008994497031937075
80.0,1.7,-0.03865582316910609,-0.1927270711158857,-2.0515967720413693e-05,-0.00535286277710511,0.9613181887352421,-0.1929779312629106,0.9999482684665291,-0.00910313848435731
80.0,1.72,-0.03955185437042169,-0.19485665903336294,-2.0983315145064706e-05,-0.005417392376332595,0.9604215227532371,-0.19511036570569731,0.9999468901172479,-0.009211836414022359
80.0,1.74,-0.040457464955419735,-0.196981516762412,-2.1456701862896458e-05,-0.0054819790738114636,0.9595152625287328,-0.19723805425965338,0.999945493613718,-0.00932059151569931
80.0,1.76,-0.041372616858148345,-0.1991015527812261,-2.1936061652653314e-05,-0.005546623708389039,0.9585994441758408,-0.19936092182754614,0.9999440789367058,-0.009429404833194576
80.0,1.78,-0.042297320274211944,-0.20121673398140513,-2.2421517030515126e-05,-0.005611326419698063,0.9576740926781427,-0.20147894354376167,0.9999426460723647,-0.009538276712207123
80.0,1.8,-0.04323151047516286,-0.20332701644772436,-2.29130017774779e-05,-0.005676088542934373,0.9567392413075246,-0.20359206149947412,0.999941195001981,-0.009647208022002649
80.0,1.82,-0.04417516106442296,-0.20543236897729308,-2.341064276792228e-05,-0.0057409106687743875,0.9557949237055868,-0.2057002180459169,0.9999397257054148,-0.00975619963182916
80.0,1.84,-0.04512823427840798,-0.20753270859981604,-2.3914472367679224e-05,-0.005805793913507339,0.95484117025454,-0.2078033724623486,0.9999382381635069,-0.009865252061861743
80.0,1.86,-0.046090706123730306,-0.2096280177566568,-2.442451694101365e-05,-0.005870737897449918,0.9538780126535018,-0.2099014844681697,0.9999367323579824,-0.009974366181358026
80.0,1.88,-0.04706254063942388,-0.21171822496409812,-2.4940813325165397e-05,-0.005935744739227364,0.9529054832232016,-0.21199449662852743,0.9999352082632676,-0.010083542859498614
80.0,1.9,-0.048043710583535904,-0.21380329978131565,-2.5463389329295633e-05,-0.006000814337929274,0.9519236142063868,-0.2140823691122704,0.9999336658615594,-0.010192782616457816
80.0,1.92,-0.04903414361232544,-0.21588318811810317,-2.5992280612262283e-05,-0.006065948419250074,0.9509324407332256,-0.21616504545502546,0.9999321051307143,-0.010302086146900776
80.0,1.94,-0.05003388323683215,-0.2179578260748448,-2.652751308739995e-05,-0.006131146380749892,0.9499319944823644,-0.21824248604575586,0.9999305260434863,-0.010411454494513531
80.0,1.96,-0.05104286405014266,-0.22002719087116437,-2.7069231767493016e-05,-0.006196410140256632,0.9489223062504654,-0.2203146512259144,0.9999289285788197,-0.010520888179421069
80.0,1.98,-0.052061016810340456,-0.2220912507438757,-2.761724810469591e-05,-0.006261739209180671,0.9479034131118483,-0.2223814855026901,0.9999273127124106,-0.010630387896248495
80.0,2.0,-0.05308834020130762,-0.2241499195244534,-2.8171817438508225e-05,-0.006327135642770228,0.9468753513975364,-0.22444293341450341,0.9999256784135863,-0.010739954688626438
80.0,2.02,-0.05412480991916413,-0.22620318507397888,-2.8732865345289733e-05,-0.006392600481225821,0.9458381487924041,-0.22649897253776344,0.9999240256603356,-0.010849589076650925
80.0,2.04,-0.05517035285228243,-0.2282510075100631,-2.930053017715312e-05,-0.006458132933049648,0.9447918471887806,-0.22854953163584146,0.9999223544231266,-0.010959291929410593
80.0,2.06,-0.05622500506021238,-0.23029327858950327,-2.9874738808438587e-05,-0.006523734774628485,0.9437364747153903,-0.23059458872436325,0.999920664675114,-0.011069063941475492
80.0,2.08,-0.05728862465411404,-0.23233003039582195,-3.045552376266732e-05,-0.006589406673078297,0.9426720687691629,-0.23263408931303228,0.9999189563860301,-0.011178905981910884
80.0,2.1,-0.05836125364804975,-0.23436117982238083,-3.104315167195098e-05,-0.006655149646595659,0.9415986681721475,-0.2346679794721881,0.9999172295260286,-0.011288818745237957
80.0,2.12,-0.0594428568773179,-0.23638667472150296,-3.16373100953543e-05,-0.00672096429840254,0.9405163016521029,-0.23669623785975305,0.9999154840660933,-0.011398802925979024
80.0,2.14,-0.060533367189909565,-0.23840651272322202,-3.2238381527242306e-05,-0.006786850776754923,0.9394250126577974,-0.23871879462901271,0.999913719973727,-0.011508859393149348
80.0,2.16,-0.06163278197990598,-0.24042060042361021,-3.284617333447292e-05,-0.006852811113531337,0.9383248303429951,-0.24073562889187394,0.9999119372148814,-0.011618989015737286
80.0,2.18,-0.06274103182520456,-0.24242893139812738,-3.346083656364008e-05,-0.0069188453165595866,0.9372157934697537,-0.24274668746027622,0.999910135758307,-0.011729192488213223
80.0,2.2,-0.06385807698088336,-0.2444314445003683,-3.408228446778367e-05,-0.006984953674387265,0.9360979411303604,-0.24475191744651661,0.9999083155712805,-0.011839470505021312
80.0,2.22,-0.06498393043643916,-0.24642810575057755,-3.4710804365144496e-05,-0.007051138380213996,0.9349713084381365,-0.2467512825840567,0.9999064766175171,-0.01194982393509529
80.0,2.24,-0.06611846417620361,-0.24841886889948459,-3.534618588082904e-05,-0.0071173995184177635,0.9338359263508839,-0.2487447631308966,0.9999046188603307,-0.012060253647353681
80.0,2.26,-0.06726173195905097,-0.2504036804693347,-3.59887122715854e-05,-0.00718373742966257,0.9326918400740847,-0.2507322909451373,0.9999027422659086,-0.0121707603361977
80.0,2.28,-0.06841370486397333,-0.25238251953486485,-3.663830209868664e-05,-0.007250153552819363,0.9315390876398502,-0.25271381366747137,0.9999008467955081,-0.012281344695958278
80.0,2.3,-0.06957424393048414,-0.2543553119025513,-3.729486680885272e-05,-0.007316648779638408,0.93037769728729,-0.25468932882519496,0.9998989324103386,-0.012392007770038082
80.0,2.32,-0.07074342027343092,-0.2563220612742665,-3.7958697004718785e-05,-0.007383223417368123,0.9292077140018804,-0.25665876885633154,0.9998969990731909,-0.01250275025276439
80.0,2.34,-0.07192109789175778,-0.25828271226181243,-3.862970831462448e-05,-0.007449878872433898,0.9280291787074069,-0.2586220827910867,0.9998950467430746,-0.012613572838405704
80.0,2.36,-0.0731073296802631,-0.26023719774009657,-3.93079401144904e-05,-0.007516615958152393,0.9268421224763945,-0.26057925202852855,0.9998930753788347,-0.012724476570300762
80.0,2.38,-0.07430199040910856,-0.26218550942754226,-3.999356102637925e-05,-0.007583434858881685,0.9256465831369106,-0.2625302425590111,0.9998910849420993,-0.012835461968184459
80.0,2.4,-0.07550513882793379,-0.26412759665991054,-4.068648322446238e-05,-0.007650336857663415,0.9244426068510232,-0.26447498804300873,0.999889075384056,-0.012946530249815727
80.0,2.42,-0.07671663539856469,-0.26606340806901674,-4.138674100640556e-05,-0.0077173217096532225,0.9232302298592242,-0.26641345446592035,0.9998870466690264,-0.01305768176039592
80.0,2.44,-0.07793654432569955,-0.2679929082071466,-4.209452011904809e-05,-0.007784392048335655,0.9220094849529253,-0.2683456244433884,0.9998849987473634,-0.01316891771764666
80.0,2.46,-0.07916473758262518,-0.2699160928448839,-4.280972423030821e-05,-0.007851548082217488,0.9207804201662855,-0.2702714328433705,0.9998829315792774,-0.013280238641232888
80.0,2.48,-0.08040121044817354,-0.27183286264523215,-4.353252991256019e-05,-0.007918790213296589,0.9195430665326513,-0.27219086216127736,0.9998808451131093,-0.013391645574278346
80.0,2.5,-0.08164594108960407,-0.27374323233232245,-4.426284599431186e-05,-0.007986119961578737,0.918297473705961,-0.27410384820952727,0.9998787393071807,-0.013503139210938502
80.0,2.52,-0.08289882432771829,-0.27564711294386535,-4.500098955140826e-05,-0.008053537220572131,0.9170436730806395,-0.2760103739795727,0.9998766141089721,-0.013614720594296043
80.0,2.54,-0.08415989002409953,-0.2775445201302901,-4.5746589927993844e-05,-0.008121043927784993,0.9157817041012551,-0.27791040757726093,0.999874469476115,-0.013726390243925132
80.0,2.56,-0.08542909422813168,-0.2794353958726806,-4.650011088214466e-05,-0.008188640364845354,0.9145116150775011,-0.27980388511601534,0.9998723053528703,-0.01383814937737765
80.0,2.58,-0.08670639447216477,-0.28131968836040594,-4.726131095228842e-05,-0.00825632699142306,0.9132334438533953,-0.2816907746853956,0.9998701216938196,-0.013949998514155692
80.0,2.6,-0.08799170042577616,-0.2831973673685745,-4.80305270589515e-05,-0.008324105398206884,0.9119472245316202,-0.2835710608557385,0.999867918444773,-0.014061938697256393
80.0,2.62,-0.08928497185190216,-0.28506839423783936,-4.8807510064453085e-05,-0.008391975455846483,0.9106530022468267,-0.28544469689505286,0.9998656955559952,-0.014173970620634233
80.0,2.64,-0.09058628083477413,-0.28693273799190905,-4.959246236350709e-05,-0.008459940102741965,0.909350819266678,-0.28731163542550575,0.9998634529724274,-0.01428609532724108
80.0,2.66,-0.09189543129291029,-0.28879038666143614,-5.038541530800842e-05,-0.0085279976129619,0.9080407111900508,-0.2891718620873687,0.9998611906412395,-0.014398313510954146
80.0,2.68,-0.09321253963835577,-0.2906412723038062,-5.1186574142501636e-05,-0.008596150307331024,0.9067227278192319,-0.29102531487643835,0.9998589085076509,-0.01451062621469518
80.0,2.7,-0.09453740006950277,-0.29248536216251686,-5.199569102941867e-05,-0.008664399727887762,0.9053969019385445,-0.2928719789554188,0.999856606513182,-0.014623034306769844
80.0,2.72,-0.0958700826696564,-0.29432261497826967,-5.2813101512521036e-05,-0.008732744583308938,0.9040632808074615,-0.2947118094283086,0.9998542846075306,-0.0147355383064945
80.0,2.74,-0.09721050714308589,-0.29615304484777516,-5.363872113941871e-05,-0.00880118874483917,0.9027219036471726,-0.29654477649263283,0.9998519427248732,-0.014848139605666156
80.0,2.76,-0.09855866408885407,-0.2979765358020761,-5.4472580218485856e-05,-0.008869730208468263,0.9013728139920357,-0.29837083451510704,0.9998495808129368,-0.014960838723535689
80.0,2.78,-0.09991447564412226,-0.29979311315974483,-5.531489064279742e-05,-0.008938371150314416,0.900016050353693,-0.30018997133855846,0.9998471988116205,-0.015073636528310293
80.0,2.8,-0.10127790250082758,-0.30160274670124315,-5.6165549924346635e-05,-0.009007112904010586,0.8986516608367008,-0.3020021258512049,0.9998447966562519,-0.01518653423720034
80.0,2.82,-0.10264894927018738,-0.3034053621054173,-5.7024603976485336e-05,-0.009075955919827997,0.897279681140401,-0.3038072853932861,0.9998423742911074,-0.01529953236934786
80.0,2.84,-0.10402752715688313,-0.3052009565374227,-5.789225932820226e-05,-0.00914490077921722,0.8959001586666554,-0.3056054065446225,0.9998399316482866,-0.015412632141874043
80.0,2.86,-0.10541353934322371,-0.30698950864610364,-5.876856756274366e-05,-0.009213948198106808,0.8945131336391814,-0.30739646115106783,0.9998374686674358,-0.015525834248355824
80.0,2.88,-0.10680705201515112,-0.30877095037563945,-5.965342621006354e-05,-0.009283100097042486,0.8931186474418151,-0.30918042166398746,0.9998349852851255,-0.015639139556848612
80.0,2.9,-0.10820802566654847,-0.31054525069746003,-6.054704203533508e-05,-0.009352356409064122,0.891716744956141,-0.31095724451362444,0.9998324814308495,-0.01575254928436947
80.0,2.92,-0.10961631070706812,-0.31231241434839946,-6.144931267853636e-05,-0.009421719344244116,0.8903074754223265,-0.31272688791119185,0.9998299570457438,-0.0158660639499089
80.0,2.94,-0.1110319196445071,-0.314072390823832,-6.236061517453367e-05,-0.009491189094670114,0.8888908677500702,-0.31448935553699675,0.9998274120560654,-0.015979684770388924
80.0,2.96,-0.11245480989152128,-0.31582514545222845,-6.32806696471078e-05,-0.009560765964655538,0.8874669748556675,-0.31624458988876597,0.999824846399363,-0.0160934124392467
80.0,2.98,-0.11388499559640217,-0.3175706279908335,-6.420969902981417e-05,-0.009630451473077657,0.8860358378962834,-0.31799256448651303,0.9998222600025731,-0.016207247998821894
80.0,3.0,-0.11532232496659527,-0.3193088482079709,-6.514775566888573e-05,-0.009700246165397951,0.884597499167799,-0.3197332534723275,0.9998196527932723,-0.01632119249144037
80.0,3.02,-0.11676681054271607,-0.32103975357989184,-6.609490048236488e-05,-0.00977015182322585,0.8831520066887096,-0.32146661583679603,0.999817024705414,-0.016435246610412582
80.0,3.04,-0.11821841237371132,-0.32276331899769567,-6.705118810698061e-05,-0.009840169239919722,0.8816993974266706,-0.3231926417117977,0.9998143756627812,-0.016549411572503173
80.0,3.06,-0.11967708500643165,-0.3244795048261198,-6.801684718703375e-05,-0.009910299321192629,0.8802397223091184,-0.32491127417971305,0.9998117055938358,-0.016663688070884357
80.0,3.08,-0.12114278966741186,-0.32618829020940365,-6.89915818246115e-05,-0.009980541941850012,0.8787730148854678,-0.32662251999763736,0.9998090144242806,-0.01677807714775459
80.0,3.1,-0.12261542471644278,-0.32788966089110044,-6.997580476842256e-05,-0.010050899369502589,0.8772993331689756,-0.32832630792717,0.9998063020758492,-0.016892579845220662
80.0,3.12,-0.12409506388604659,-0.3295835499421265,-7.096939390252725e-05,-0.010121371693871563,0.8758187088618065,-0.330022644478018,0.9998035684750287,-0.01700719703089474
80.0,3.14,-0.12558154752891595,-0.33126996461975705,-7.197240909232694e-05,-0.010191960262098348,0.8743311956807815,-0.33171147479715557,0.9998008135425775,-0.017121929746815267
80.0,3.16,-0.1270748934492535,-0.3329488627492328,-7.298509054246494e-05,-0.010262666538716037,0.8728368312318975,-0.33339279058345184,0.9997980372036005,-0.01723677868596983
80.0,3.18,-0.12857499775392703,-0.3346202304926497,-7.40073154358757e-05,-0.010333490920764644,0.8713356627897677,-0.3350665525113709,0.9997952393718792,-0.017351745239322168
80.0,3.2,-0.13008193699162302,-0.33628400194021923,-7.503932002412147e-05,-0.010404433890757325,0.86982773498119,-0.3367327379564958,0.9997924199734539,-0.017466829925272213
80.0,3.22,-0.13159548883107572,-0.3379402080622782,-7.608099822918424e-05,-0.010475498434750187,0.8683130895192672,-0.33839132340113,0.9997895789271792,-0.017582033785717373
80.0,3.24,-0.1331157917365527,-0.33958876637426105,-7.71325734967587e-05,-0.01054668283456171,0.8667917761523485,-0.34004227123498576,0.9997867161243738,-0.01769735925844322
80.0,3.26,-0.13464268036324595,-0.3412296848019134,-7.819412489189239e-05,-0.010617990288155667,0.8652638378726396,-0.3416855589310877,0.9997838315274983,-0.01781280459325542
80.0,3.28,-0.13617617222091297,-0.3428629170102733,-7.926551948120955e-05,-0.010689420460115432,0.8637293127680081,-0.3433211796943127,0.9997809250093571,-0.017928373274855115
80.0,3.3,-0.13771616370950632,-0.3444884590254026,-8.034719253399661e-05,-0.010760974309295544,0.8621882539808237,-0.3449490805558955,0.9997779965006302,-0.018044065297931084
80.0,3.32,-0.13926267197817657,-0.34610626247824955,-8.143884345597633e-05,-0.01083265414044039,0.8606407068504964,-0.3465692406477136,0.9997750459308015,-0.01815988065712341
80.0,3.34,-0.14081559341387645,-0.3477163262077191,-8.254072465993085e-05,-0.010904461125800041,0.8590867087345864,-0.3481816535718207,0.9997720731689694,-0.01827582283696989
80.0,3.36,-0.14237494464971076,-0.34931859947907995,-8.365288382984533e-05,-0.010976394006541153,0.857526315279109,-0.3497862681846254,0.9997690781742624,-0.01839189008707632
80.0,3.38,-0.1439406219817434,-0.3509130836970685,-8.477539802780158e-05,-0.011048455369222792,0.8559595569212458,-0.35138309317680794,0.9997660608119673,-0.018508085891845605
80.0,3.4,-0.14551264136268519,-0.35249972543188696,-8.590833609767277e-05,-0.01112064664973803,0.8543864977186334,-0.3529720639362577,0.9997630210072591,-0.018624410245714356
80.0,3.42,-0.14709089891194177,-0.35407852840830073,-8.705195340694861e-05,-0.011192968091124404,0.8528071672590819,-0.3545531892481384,0.9997599586864157,-0.01874086314311041
80.0,3.44,-0.14867534936787052,-0.3556494662179736,-8.820612799357081e-05,-0.011265421301142681,0.851221616589334,-0.3561264345871752,0.9997568737439049,-0.018857446323358337
80.0,3.46,-0.15026601250692256,-0.3572124930955922,-8.937092169182969e-05,-0.011338006679563839,0.8496298959571938,-0.3576917653988575,0.9997537660367625,-0.018974163270565565
80.0,3.48,-0.15186278153010913,-0.3587676097354724,-9.054640750811107e-05,-0.011410726006007838,0.8480320432537494,-0.3592491771071068,0.9997506355536229,-0.01909101048918836
80.0,3.5,-0.15346567351167623,-0.3603147629045538,-9.173284963119696e-05,-0.011483579836734524,0.8464281016567444,-0.3607986501012732,0.9997474821193827,-0.01920799320818199
80.0,3.52,-0.15507452161746768,-0.36185399037876403,-9.293011474723674e-05,-0.011556568798685978,0.8448181290159865,-0.36234013637343787,0.9997443056855955,-0.01932510967676163
80.0,3.54,-0.1566894044341197,-0.3633852087992119,-9.413848206880442e-05,-0.011629694922680704,0.8432021624637097,-0.3638736317258779,0.999741106141317,-0.019442361633975246
80.0,3.56,-0.15831027977733006,-0.364908398667771,-9.535802210193182e-05,-0.011702958996299525,0.8415802528231223,-0.36539910315128105,0.9997378833701268,-0.019559750818726657
80.0,3.58,-0.15993697487041492,-0.3664235904628199,-9.658860071424059e-05,-0.011776361878333029,0.8399524382810137,-0.36691654734203505,0.9997346372581836,-0.019677278969930958
80.0,3.6,-0.16156957629286686,-0.3679307150585615,-9.783049320211591e-05,-0.011849904494398442,0.8383187634119543,-0.36842594651191884,0.9997313677552626,-0.019794944336635707
80.0,3.62,-0.1632079709619435,-0.3694297678185719,-9.90837842420516e-05,-0.011923589215292855,0.8366792848022091,-0.3699272535095052,0.9997280746751899,-0.019912752147340698
80.0,3.64,-0.16485211968860583,-0.37092074005982245,-0.0001003483275678007,-0.01199741575646493,0.8350340463494615,-0.3714204508207462,0.9997247580029157,-0.02003069890617488
80.0,3.66,-0.16650197290406185,-0.3724035999455599,-0.0001016246159275025,-0.012071385255968223,0.833383081877562,-0.3729055515709181,0.9997214175468463,-0.020148789841447294
80.0,3.68,-0.1681574894772962,-0.3738783350128118,-0.00010291252934284548,-0.012145500328023615,0.8317264529274807,-0.37438249419834496,0.9997180532543463,-0.020267023202011836
80.0,3.7,-0.169818621482065,-0.37534491793714864,-0.00010421190832770946,-0.012219759473859495,0.830064192449452,-0.37585129190322886,0.9997146649691091,-0.020385402471249883
80.0,3.72,-0.17148539342557642,-0.3768033066271405,-0.00010552328040235989,-0.012294166856408538,0.828396350128081,-0.37731191325002683,0.9997112526370199,-0.02050392589791288
80.0,3.74,-0.17315762978932833,-0.3782535421248943,-0.00010684648897503804,-0.012368721091086356,0.8267229796231342,-0.3787643289179898,0.9997078160955988,-0.020622596965172546
80.0,3.76,-0.17483541294596527,-0.3796955348429655,-0.00010818184389596302,-0.012443425093859576,0.8250441167073053,-0.3802085365954238,0.9997043552541987,-0.020741415666511442
80.0,3.78,-0.17651857202847435,-0.38112934002482646,-0.00010952919983315538,-0.012518279012099181,0.8233598142359854,-0.3816445071182059,0.9997008699492919,-0.020860385484988198
80.0,3.8,-0.17820719001346286,-0.382554866755882,-0.00011088863936857021,-0.012593284483012232,0.8216701089921169,-0.383072239073039,0.999697360158635,-0.020979502924297403
80.0,3.82,-0.1799010906527623,-0.3839721625467602,-0.00011226023338102533,-0.012668441762172156,0.8199750606819531,-0.3844916895775149,0.9996938256786129,-0.021098773212141073
80.0,3.84,-0.1816003635725833,-0.3853811481772732,-0.00011364452437202276,-0.012743754078350806,0.8182747052688574,-0.38590285732832835,0.9996902664141433,-0.02121819634174099
80.0,3.86,-0.18330483117871646,-0.38678187207309217,-0.00011504090887530416,-0.012819220355314522,0.8165690959603494,-0.38730571443221345,0.9996866822700756,-0.021337772306278407
80.0,3.88,-0.1850145116445246,-0.3881742768048822,-0.00011645014479302108,-0.012894842483144882,0.8148582706468195,-0.3887002609387001,0.9996830730716861,-0.02145750458834732
80.0,3.9,-0.1867293653759488,-0.389558356128262,-0.00011787187530964765,-0.012970622441033907,0.8131422739733636,-0.3900864828475164,0.9996794387201301,-0.021577393180958197
80.0,3.92,-0.18844941114885752,-0.3909340505005749,-0.00011930639004460405,-0.013046559277778588,0.8114211633580244,-0.3914643376451841,0.9996757791176416,-0.02169743807710396
80.0,3.94,-0.19017447265617565,-0.3923014185897742,-0.0001207538105647305,-0.013122658097652992,0.809694977754506,-0.3928338266143791,0.9996720941237005,-0.021817641014391993
80.0,3.96,-0.1919044990030879,-0.39366043384661903,-0.00012221419085396137,-0.013198916558006951,0.8079637620008172,-0.39419493663015026,0.9996683835597372,-0.021938005475135098
80.0,3.98,-0.19363958668072367,-0.3950110220271338,-0.00012368785875470844,-0.013275336875177636,0.8062275678753096,-0.39554764075798354,0.9996646473620744,-0.022058529707343264
80.0,4.0,-0.19537962294895472,-0.3963532015833141,-0.00012517444983349267,-0.013351921353821215,0.8044864334311681,-0.3968919405284675,0.9996608853470674,-0.02217921719311845
80.0,4.02,-0.19712449036419832,-0.3976869848390393,-0.00012667426443034488,-0.013428669282591005,0.8027404096375371,-0.3982278091329794,0.9996570974094533,-0.022300067925053162
80.0,4.04,-0.1988742150528863,-0.3990123267952238,-0.00012818765266985906,-0.013505584626966723,0.8009895415448287,-0.3995552345803897,0.9996532834427394,-0.02242108189566815
80.0,4.06,-0.2006287527041498,-0.4003292134454824,-0.00012971443846918187,-0.013582665220798045,0.7992338751530664,-0.4008742056029955,0.9996494432211734,-0.022542264331563856
80.0,4.08,-0.202388059760896,-0.4016376325218835,-0.00013125473871078257,-0.013659915163887716,0.7974734546457736,-0.40218471027483005,0.9996455767141609,-0.022663611735659103
80.0,4.1,-0.2041520184122981,-0.40293759984240707,-0.0001328088665052848,-0.013737333929180109,0.7957083242408265,-0.40348673692548864,0.9996416836915807,-0.02278512933434573
80.0,4.12,-0.20592065641897928,-0.40422907149517334,-0.0001343769304288504,-0.013814924186653055,0.7939385423184078,-0.40478024642638394,0.9996377640817545,-0.022906815375122763
80.0,4.14,-0.20769392530754813,-0.40551202629993,-0.00013595878263504264,-0.013892687094849676,0.7921641320335107,-0.4060652692814729,0.9996338176908899,-0.023028673339484846
80.0,4.16,-0.209471784422685,-0.4067864586646881,-0.0001375547426727058,-0.01397062224958131,0.790385170787992,-0.40734175920609295,0.9996298444053694,-0.023150703219481015
80.0,4.18,-0.21125411787257195,-0.4080523921816404,-0.00013916492265940257,-0.014048732498663834,0.7886016794999904,-0.4086097110912744,0.9996258440685682,-0.023272906751732495
80.0,4.2,-0.21304095001110282,-0.4093097741987162,-0.00014078917372929248,-0.014127019153117181,0.7868136972894473,-0.409869129291734,0.9996218165637532,-0.023395283928111424
80.0,4.22,-0.21483216586923745,-0.41055863205804577,-0.00014242808640901167,-0.01420548356829978,0.7850212937609281,-0.4111199819339419,0.9996177616486616,-0.02351783997436998
80.0,4.24,-0.21662786346959698,-0.4117988777631665,-0.00014408124947494925,-0.01428412551699349,0.7832245152054713,-0.4123622603111813,0.9996136792881274,-0.023640571392928054
80.0,4.26,-0.21842785488199867,-0.41303057481222843,-0.0001457492773506927,-0.014362948085477278,0.7814233754873514,-0.4135959737366722,0.999609569276952,-0.023763481664664646
80.0,4.28,-0.22023209574578387,-0.4142537138490206,-0.0001474320242269939,-0.014441952794066508,0.7796179515948594,-0.4148210777177823,0.9996054314104297,-0.0238865742704008
80.0,4.3,-0.22204061236646194,-0.41546824348576483,-0.0001491295590556801,-0.014521137870394614,0.7778082843841416,-0.41603759633958576,0.9996012656485098,-0.02400984571228364
80.0,4.32,-0.22385335981024876,-0.4166741515823912,-0.00015084229206133499,-0.014600509924945214,0.7759944005681332,-0.417245493910137,0.9995970717398621,-0.02413330121553723
80.0,4.34,-0.22567022345771848,-0.4178714716303558,-0.00015257002478228133,-0.014680065596727594,0.774176364454416,-0.4184447725628664,0.9995928495162981,-0.024256942516031037
80.0,4.36,-0.22749122964868385,-0.41906015081669507,-0.00015431288072402576,-0.014759808264015836,0.7723542135027313,-0.419635420313598,0.9995885988926184,-0.024380767860297043
80.0,4.38,-0.22931633280527441,-0.4202401764492708,-0.00015607122648141715,-0.014839739685598874,0.7705279941219263,-0.42081743023338913,0.9995843196537804,-0.024504780728593602
80.0,4.4,-0.23114541973148273,-0.4214115872441985,-0.00015784515695149958,-0.014919859960672988,0.7686977527134953,-0.42199079565830355,0.9995800116746326,-0.02462898111200886
80.0,4.42,-0.2329784402366123,-0.4225743645388825,-0.0001596347859139779,-0.015000170934338962,0.766863543055431,-0.4231554968046927,0.9995756747637023,-0.02475337074559242
80.0,4.44,-0.2348154266736352,-0.4237284645710671,-0.00016143996528521763,-0.015080674510758669,0.76502539397488,-0.4243115178634569,0.9995713087173457,-0.02487795310967748
80.0,4.46,-0.23665633606256337,-0.4248738801088767,-0.00016326133656657056,-0.015161372642362331,0.763183362175818,-0.42545887609709343,0.9995669134058397,-0.025002728195047935
80.0,4.48,-0.23850104624576188,-0.4260106370768734,-0.0001650984708138087,-0.015242265595158495,0.7613374839287675,-0.4265975427877144,0.9995624886763366,-0.025127695991849226
80.0,4.5,-0.24034958942242562,-0.42713868985692355,-0.00016695174990399636,-0.01532335541108277,0.7594878145046908,-0.42772751753400495,0.9995580342992378,-0.02525285997956171
80.0,4.52,-0.24220184699770286,-0.42825807248373904,-0.0001688215433756721,-0.015404642416321099,0.7576343928644752,-0.4288488085360843,0.9995535501219032,-0.025378221893863597
80.0,4.54,-0.24405785010161055,-0.4293687363659362,-0.00017070770614526631,-0.015486128746624932,0.7557772629824948,-0.4299613746545812,0.9995490359661683,-0.025503781724048165
80.0,4.56,-0.24591747818416113,-0.43047071376781654,-0.00017261038051920622,-0.015567818385850581,0.7539164650841418,-0.4310652426919403,0.9995444917112923,-0.025629539460799305
80.0,4.58,-0.24778068581685703,-0.43156399621698566,-0.00017452990397190193,-0.015649708204695842,0.7520520606454926,-0.4321603820255126,0.9995399170785492,-0.025755500327730704
80.0,4.6,-0.24964750941516203,-0.43264854283846926,-0.000176466150716606,-0.015731802270961732,0.7501840799500434,-0.4332467968465587,0.999535311921971,-0.025881664314737127
80.0,4.62,-0.25151789963242555,-0.4337243366766895,-0.00017841952317268532,-0.015814102923362747,0.7483125770421881,-0.43432447030705945,0.9995306760839615,-0.02600803141134499
80.0,4.64,-0.2533917374986982,-0.4347914161056671,-0.00018039013290124234,-0.015896610733837142,0.7464375908163403,-0.4353934120068667,0.9995260093385915,-0.026134605096611443
80.0,4.66,-0.2552689829259873,-0.43584978246185707,-0.0001823780921987993,-0.015979326297074506,0.7445591591094116,-0.4364536136560209,0.9995213115266951,-0.026261385359872248
80.0,4.68,-0.25714966391755745,-0.436899378343502,-0.00018438325499767707,-0.016062252083197583,0.7426773360016439,-0.43750505925121036,0.9995165824083756,-0.026388375679661923
80.0,4.7,-0.25903366276939166,-0.43794024661926106,-0.0001864060346970115,-0.016145390617458247,0.7407921517782425,-0.43854775399059437,0.9995118218343921,-0.026515576045423577
80.0,4.72,-0.2609210119304805,-0.4389723365122368,-0.00018844680882400817,-0.01622874075013051,0.7389036852430638,-0.43958167964665623,0.9995070295858588,-0.026642988190384354
80.0,4.74,-0.2628115885320857,-0.4399956837178253,-0.00019050545699084875,-0.01631230695754458,0.737011941949084,-0.4406068446999463,0.9995022054888979,-0.02677061384888716
80.0,4.76,-0.2647054295296921,-0.441010244072164,-0.00019258207535403284,-0.0163960881510149,0.7351169845082594,-0.44162323933147807,0.999497349358019,-0.026898453009180246
80.0,4.78,-0.266602338762983,-0.4420161077457467,-0.00019467680477709597,-0.01648008702242899,0.7332188593119585,-0.44263086186142137,0.9994924609006084,-0.027026510893685178
80.0,4.8,-0.26850249970400125,-0.4430131241475736,-0.0001967900770446256,-0.016564306323681995,0.7313175965498147,-0.4436297185246074,0.9994875400108084,-0.027154785746908067
80.0,4.82,-0.2704056365096591,-0.444001427988828,-0.00019892172763745104,-0.016648746960635296,0.7294132580671018,-0.4446197825618135,0.9994825864291558,-0.027283281046279837
80.0,4.84,-0.27231186640406163,-0.4449809316218248,-0.00020107217115385324,-0.01673340985771087,0.727505874097525,-0.44560106069933225,0.9994775999190811,-0.027411998524032997
80.0,4.86,-0.27422114041492945,-0.4459516210507726,-0.0002032415354961761,-0.016818295968394258,0.725595490998177,-0.4465735522198706,0.9994725803485751,-0.027540938169448734
80.0,4.88,-0.2761333414894907,-0.4469135468524193,-0.00020542999681892517,-0.016903410164227584,0.723682146749464,-0.44753725151053125,0.9994675274796552,-0.027670101714551476
80.0,4.9,-0.2780484275332355,-0.44786670832617154,-0.00020763736604943446,-0.016988751557412418,0.7217658959928154,-0.44849216349754506,0.9994624410477855,-0.027799492636267423
80.0,4.92,-0.27996635059374503,-0.44881109546053627,-0.00020986436629259829,-0.017074321202359372,0.7198467845025707,-0.44943827049443424,0.9994573208839642,-0.027929110922604507
80.0,4.94,-0.2818871481264459,-0.4497466603325548,-0.00021211085953537912,-0.017160122166683507,0.7179248507018566,-0.45037558540599837,0.9994521667095868,-0.028058960049910247
80.0,4.96,-0.2838106982594614,-0.4506734485691281,-0.00021437698017063154,-0.017246155595516326,0.7160001242874865,-0.4513040983694676,0.9994469783539857,-0.0281890400059663
80.0,4.98,-0.28573703992452376,-0.4515914135615062,-0.00021666319109575312,-0.017332424653099674,0.7140726676375015,-0.45222380284772146,0.9994417555969106,-0.02831935252282439
80.0,5.0,-0.28766604873883833,-0.45250059835036666,-0.00021896930492274445,-0.017418928567805494,0.7121425190350209,-0.45313471237641656,0.9994364981940298,-0.02844989933175927
80.0,5.02,-0.2895976826079284,-0.45340100290944535,-0.00022129548474661867,-0.01750567058326436,0.7102097082154494,-0.4540368177596583,0.9994312058845773,-0.028580683909234572
80.0,5.04,-0.2915319792828069,-0.45429257727880684,-0.00022364217714596182,-0.017592651981991378,0.7082742974388628,-0.4549301133227391,0.9994258784599933,-0.028711706241582355
80.0,5.06,-0.29346881543141523,-0.4551753682885318,-0.00022600952734836801,-0.01767987407885545,0.706336308573259,-0.4558146027324157,0.9994205156453906,-0.02884296980466097
80.0,5.08,-0.29540815058405334,-0.4560493787086722,-0.0002283977080508032,-0.0177673402630889,0.7043958038144726,-0.45669028087662117,0.9994151173155895,-0.02897447284124017
80.0,5.1,-0.2973500177539703,-0.45691454982278795,-0.0002308068676787322,-0.017855051937752067,0.7024528212099163,-0.4575571623232832,0.9994096831084414,-0.02910622057022925
80.0,5.12,-0.2992943015100469,-0.45777094268823126,-0.00023323712902921856,-0.017943008469637645,0.7005073904911685,-0.4584152214699898,0.9994042128464738,-0.02923821297845746
80.0,5.14,-0.3012409526813236,-0.45861854698221016,-0.00023568869641655627,-0.018031215442432653,0.6985595738513434,-0.45926447161239903,0.999398706226505,-0.02937045354054701
80.0,5.16,-0.3031900165892085,-0.45945732142238255,-0.0002381619842490437,-0.018119670202559966,0.6966094011481769,-0.4601049226413915,0.9993931630463116,-0.029502942242399594
80.0,5.18,-0.3051413651183046,-0.46028730962947195,-0.00024065656956248922,-0.01820837844287749,0.6946569022514404,-0.460936567091591,0.9993875830230546,-0.029635682559016035
80.0,5.2,-0.30709496101137057,-0.4611085197029413,-0.0002431735613505535,-0.018297341734544698,0.692702147102775,-0.46175940684539707,0.9993819659527563,-0.029768674476039973
80.0,5.22,-0.3090508375903997,-0.46192089074664855,-0.000245712455780183,-0.018386559583770924,0.690745157615862,-0.4625734296738115,0.999376311515371,-0.02990192146714669
80.0,5.24,-0.31100887832967394,-0.46272448582251696,-0.00024827376132221114,-0.01847603572841119,0.6887859795360474,-0.4633786568448347,0.9993706194642366,-0.03003542526228075
80.0,5.26,-0.3129690368780703,-0.4635192996125919,-0.00025085728942954235,-0.018565769712615376,0.686824658778539,-0.4641750751117612,0.9993648895927155,-0.030169185846677663
80.0,5.28,-0.31493135555835355,-0.46430528329541776,-0.0002534639098491588,-0.01865576750123817,0.684861233215909,-0.464962683528371,0.9993591215881984,-0.030303206693886482
80.0,5.3,-0.3168957118169329,-0.46508249278028924,-0.0002560934092753185,-0.018746026554300414,0.6828957404695468,-0.46574149863998227,0.9993533151776256,-0.03043748953271591
80.0,5.32,-0.31886206435176556,-0.46585093049303733,-0.00025874601506200055,-0.018836552951156132,0.6809282343150349,-0.46651151333199975,0.9993474700564525,-0.030572037836712487
80.0,5.34,-0.3208304537978592,-0.4666105436568225,-0.0002614218381063198,-0.018927344170815194,0.678958744376542,-0.4672727391930247,0.9993415860443147,-0.0307068498456356
80.0,5.36,-0.3228007549634473,-0.4673613862049896,-0.00026412144190711184,-0.01901840639514936,0.6769873165744731,-0.4680251642526388,0.9993356627807829,-0.03084193077690634
80.0,5.38,-0.3247730134282062,-0.4681034116054131,-0.0002668449746662102,-0.01910973932729641,0.6750139805293823,-0.46876880045047403,0.9993296999760048,-0.030977282358326953
80.0,5.4,-0.3267470191261825,-0.4688367276507465,-0.0002695923118646477,-0.019201347087786997,0.6730387977058357,-0.46950364711567544,0.9993236974162818,-0.031112904574099588
80.0,5.42,-0.3287228966997134,-0.46956122691590135,-0.00027236390483654593,-0.019293227200200852,0.671061789854229,-0.47022971117568685,0.9993176547671158,-0.031248800896229237
80.0,5.44,-0.33070060817502844,-0.4702769154202917,-0.0002751599987646669,-0.019385386069316658,0.6690830106180147,-0.4709469870844958,0.9993115717466703,-0.03138497305238744
80.0,5.46,-0.3326799440442996,-0.47098390522606515,-0.0002779807790540711,-0.019477825734189554,0.6671024894612346,-0.47165548753280195,0.9993054480719354,-0.03152142277008089
80.0,5.48,-0.3346610350346509,-0.4716820945058026,-0.00028082636813703466,-0.019570543762337588,0.6651202799491697,-0.4723552075033771,0.9992992833919653,-0.031658153520392064
80.0,5.5,-0.33664383697313505,-0.4723714806449856,-0.0002836970181636541,-0.019663546726058606,0.6631364114609546,-0.47304616006023753,0.9992930774761657,-0.03179516528636176
80.0,5.52,-0.33862822349118704,-0.47305212081221854,-0.000286593231491915,-0.019756834489742213,0.661150921598054,-0.4737283467984059,0.9992868299822452,-0.03193246153907456
80.0,5.54,-0.3406141625696735,-0.4737240311536532,-0.00028951489118497954,-0.019850411490944363,0.6591638638322893,-0.47440176347884616,0.9992805406662013,-0.032070042260885195
80.0,5.56,-0.34260160707551496,-0.4743872067361336,-0.00029246285385103356,-0.0199442776387299,0.6571752598757421,-0.4750664182417214,0.9992742091266578,-0.03220791266657325
80.0,5.58,-0.34459060499131666,-0.47504159953096925,-0.0002954366247588065,-0.020038435162256202,0.6551851707196913,-0.4757223128270665,0.9992678350375036,-0.03234607448143723
80.0,5.6,-0.3465810313081927,-0.4756872708720819,-0.00029843640064559907,-0.020132886317012655,0.6531936172322292,-0.4763694726147866,0.9992614181741292,-0.03248452768803807
80.0,5.62,-0.34857292723890865,-0.476324162468523,-0.00030146308617779507,-0.020227633384607015,0.6512006459922741,-0.4770078719602507,0.9992549581632857,-0.032623275755743614
80.0,5.64,-0.35056617239575577,-0.47695234315638535,-0.00030451689177566103,-0.02032267869380009,0.6492063011686685,-0.477637536165269,0.9992484546982192,-0.032762320410046814
80.0,5.66,-0.3525607298116829,-0.477571822310485,-0.00030759735251797055,-0.020418026972056913,0.6472106126899236,-0.4782584628435971,0.9992419074594443,-0.03290166337587726
80.0,5.68,-0.3545566383302988,-0.4781825370891056,-0.000310705318367479,-0.020513675922029528,0.6452136179978721,-0.4788706553011516,0.9992353160224108,-0.03304130986634189
80.0,5.7,-0.356553778635901,-0.4787845593564536,-0.00031384104076284577,-0.020609630324925767,0.6432153693369059,-0.47947412809189766,0.9992286801910253,-0.033181258118335576
80.0,5.72,-0.35855219472310346,-0.47937783235948755,-0.0003170043767527781,-0.020705892665956023,0.6412158882324643,-0.48006889064265035,0.9992219995027635,-0.03332151334339161
80.0,5.74,-0.36055176804782113,-0.4799624299651617,-0.00032019626794304104,-0.02080246545231544,0.639215228776938,-0.48065492448458275,0.9992152737131131,-0.03346207552240209
80.0,5.76,-0.36255245154061233,-0.4805383482173157,-0.0003234161752644712,-0.02089934884605742,0.6372134272715395,-0.4812322505401375,0.9992085024254777,-0.033602948122855594
80.0,5.78,-0.3645542907619856,-0.4811055311828644,-0.00032666468374366444,-0.020996545404318834,0.6352105125586999,-0.48180088427833,0.999201685252517,-0.03374413461237544
80.0,5.8,-0.36655717242665026,-0.4816640611944882,-0.00032994242532407875,-0.021094060151848573,0.6332065302652765,-0.48236081913157897,0.9991948219229153,-0.03388563497048746
80.0,5.82,-0.3685611306108847,-0.4822138662388912,-0.0003332495958874261,-0.021191893324047837,0.631201509185487,-0.4829120709115886,0.9991879119638943,-0.03402745440751437
80.0,5.84,-0.370566052776841,-0.4827550305799605,-0.0003365857263905879,-0.021290050065260968,0.6291955033729014,-0.4834546225516806,0.9991809551609656,-0.034169591158651896
80.0,5.86,-0.3725719782038856,-0.48328748822870665,-0.0003399520869612344,-0.021388528188950442,0.6271885319237865,-0.483988517776139,0.9991739509894044,-0.034312052178029157
80.0,5.88,-0.37457879088452256,-0.48381131981080594,-0.00034334858605242625,-0.021487332903169818,0.6251806415987772,-0.4845137344054626,0.9991668991722472,-0.03445483744430928
80.0,5.9,-0.37658644220503357,-0.4843265199428691,-0.0003467750892150107,-0.02158646701738876,0.62317187543245,-0.48503030010362286,0.9991597993488304,-0.03459794867906062
80.0,5.92,-0.37859499017368814,-0.4848330455952215,-0.0003502325525915704,-0.021685930867631296,0.6211622645606495,-0.48553819860447445,0.999152651096546,-0.03474138934747713
80.0,5.94,-0.3806043915887804,-0.4853308970474526,-0.00035372088778628114,-0.021785729820038312,0.6191518433819144,-0.48603746874233483,0.9991454540019711,-0.0348851629148778
80.0,5.96,-0.3826144383720981,-0.4858202142664033,-0.00035724068520424175,-0.021885864277043483,0.6171406515633064,-0.48652808383158985,0.9991382076989863,-0.035029271102080775
80.0,5.98,-0.38462534655065783,-0.48630080493313277,-0.0003607918171887687,-0.021986337180831993,0.6151287318295354,-0.4870100722630719,0.9991309118316428,-0.03517371563007854
80.0,6.0,-0.3866369132233178,-0.4867728160770299,-0.00036437488062096205,-0.022087148960772227,0.6131161054848451,-0.4874834456990514,0.999123565958004,-0.035318499962624386
80.0,6.02,-0.38864910093636207,-0.487236256831221,-0.0003679902201591162,-0.02218830771228525,0.6111028334876875,-0.4879481950820189,0.9991161697186774,-0.03546362582020929
80.0,6.04,-0.3906619532777813,-0.48769106307373167,-0.000371638015265736,-0.02228981140246646,0.6090889286192613,-0.4884043431375748,0.9991087226562587,-0.035609096665638613
80.0,6.06,-0.39267543380472913,-0.4881372439497889,-0.0003753185743165307,-0.022391665682283127,0.6070744362471086,-0.48885188633499044,0.9991012244078781,-0.03575491421888853
80.0,6.08,-0.39468942576677774,-0.4885748836502254,-0.0003790324717418141,-0.022493868517815544,0.6050593916272548,-0.4892908482420324,0.9990936745006271,-0.03590108194179601
80.0,6.1,-0.39670388884459695,-0.4890039878244504,-0.0003827800703019206,-0.022596428237533835,0.6030438400137943,-0.48972122582122896,0.9990860725167122,-0.03604760329795797
80.0,6.12,-0.3987188684849487,-0.4894244930385194,-0.0003865611648004279,-0.022699342862288734,0.6010278026303943,-0.490143031715856,0.9990784181047598,-0.036194478261162275
80.0,6.14,-0.4007343345063047,-0.48983641617442314,-0.0003903764729533739,-0.02280261822535481,0.5990113161898004,-0.4905562738054162,0.9990707107457508,-0.036341712036942656
80.0,6.16,-0.4027501624206433,-0.49023983365505086,-0.00039422627910742583,-0.02290625762221996,0.5969944242445399,-0.49096096582517434,0.9990629500445797,-0.0364893063430825
80.0,6.18,-0.4047663990766039,-0.49063468251483594,-0.0003981107788424437,-0.023010259095758726,0.594977163369775,-0.4913571160748427,0.999055135581727,-0.03663726289626412
80.0,6.2,-0.40678300625454633,-0.49102096986828964,-0.0004020307093542859,-0.023114628615304052,0.5929595650341032,-0.49174471138455744,0.9990472668423578,-0.03678558690150038
80.0,6.22,-0.4087998697387964,-0.49139878598075193,-0.00040598641465489814,-0.02321937225121816,0.5909416623278736,-0.492123792497328,0.9990393434670198,-0.0369342783312057
80.0,6.24,-0.4108170378017545,-0.4917680683175307,-0.00040997764774641446,-0.023324485434743494,0.5889234916957332,-0.4924943682142132,0.9990313649131992,-0.03708334238891527
80.0,6.26,-0.41283438755508767,-0.4921288975206227,-0.00041400520799469363,-0.023429976971899153,0.586905084631973,-0.4928564259460544,0.9990233306883394,-0.03723278253372641
80.0,6.28,-0.41485196336426794,-0.4924812056347275,-0.00041806935376677713,-0.023535847691177857,0.5848864843951159,-0.49320998065652627,0.99901524049312,-0.03738259699356594
80.0,6.3,-0.4168697385059569,-0.4928250135302888,-0.000422170393320965,-0.023642101141918944,0.5828677187845175,-0.4935550520182423,0.9990070936588159,-0.03753279445863143
80.0,6.32,-0.4188875862768791,-0.4931603986529383,-0.0004263090035242827,-0.02374873817988426,0.580848824153366,-0.49389164962664295,0.998998889793879,-0.037683374898974005
80.0,6.34,-0.4209055571363935,-0.4934872990625901,-0.00043048555279527,-0.023855765160225348,0.5788298368118692,-0.4942197832783833,0.9989906284633014,-0.03783434002883702
80.0,6.36,-0.4229236208406251,-0.49380573136916234,-0.0004346998464198641,-0.023963180267176403,0.5768107797445309,-0.4945394515838638,0.9989823090979942,-0.03798569504927803
80.0,6.38,-0.4249417427316275,-0.49411570696378254,-0.0004389531441168296,-0.02407099269741047,0.5747917025466474,-0.4948506761141885,0.998973931246881,-0.038137441673427835
80.0,6.4,-0.426959792416973,-0.4944173008229123,-0.00044324483584857495,-0.024179200691892434,0.5727726261561558,-0.4951534715646463,0.9989654943237224,-0.03828958510116028
80.0,6.42,-0.4289778319474663,-0.49471046279284797,-0.0004475760946073535,-0.024287808003587093,0.5707535954012237,-0.4954478384570641,0.9989569979514187,-0.0384421253018401
80.0,6.44,-0.43099573152875237,-0.4949952694322023,-0.00045194726042436877,-0.02439681845072558,0.5687346398820772,-0.4957337818734967,0.9989484415043225,-0.03859506747329331
80.0,6.46,-0.43301363566569306,-0.49527158950278916,-0.00045635830171886514,-0.0245062387314292,0.5667157849770024,-0.4960113382864171,0.9989398245458762,-0.038748413328165636
80.0,6.48,-0.43503133377202463,-0.49553958169668444,-0.0004608098319582558,-0.024616064293499638,0.5646970775268888,-0.49628049324850815,0.9989311464446778,-0.038902168063490006
80.0,6.5,-0.4370488848656141,-0.4957991905208853,-0.00046530230604432927,-0.024726304725591647,0.5626785384526239,-0.49654126224343376,0.9989224067364547,-0.03905633339029062
80.0,6.52,-0.43906624690759816,-0.49605041901216396,-0.0004698364579270702,-0.024836961183039973,0.5606602016066402,-0.49679367224099347,0.9989136049438646,-0.03921091101881926
80.0,6.54,-0.44108338824084736,-0.49629328203604,-0.00047441221474337565,-0.02494803771090343,0.5586421051643122,-0.4970377193361432,0.9989047403588701,-0.03936590788834377
80.0,6.56,-0.44310027252110806,-0.49652778916210477,-0.00047903031927967163,-0.025059535505322448,0.5566242850856754,-0.49727341539275494,0.9988958125675084,-0.039521323964899574
80.0,6.58,-0.4451167872777561,-0.4967540394916588,-0.00048369114020384963,-0.02517145867003112,0.554606762206501,-0.4975007764258054,0.9988868209360531,-0.03967716444394986
80.0,6.6,-0.4471329784335791,-0.49697196071273636,-0.0004883950501064858,-0.025283811361994698,0.5525895787936058,-0.49771982031397277,0.9988777649660359,-0.039833431033743955
80.0,6.62,-0.4491489026458036,-0.49718149094239084,-0.0004931423687822462,-0.02539659486800402,0.5505727579472512,-0.49793054794665087,0.9988686439947756,-0.039990128927969555
80.0,6.64,-0.45116435151485473,-0.49738279779826544,-0.000497933977739665,-0.025509816342080046,0.548556335525689,-0.49813297186248073,0.9988594575189103,-0.040147259834066105
80.0,6.66,-0.45317937722900303,-0.4975758148195513,-0.0005027697625182904,-0.025623477162177548,0.546540353619525,-0.4983271105360048,0.9988502048812429,-0.0403048289452973
80.0,6.68,-0.4551939508178893,-0.4977605597039669,-0.0005076510087062589,-0.025737581645817267,0.5445248353582365,-0.4985129654305831,0.9988408855504617,-0.04046283796735188
80.0,6.7,-0.45720803321777936,-0.4979370390769916,-0.000512577609441556,-0.025852131215744138,0.54250979907884,-0.49869056861045014,0.9988314989226901,-0.04062129034883053
80.0,6.72,-0.45922160147731983,-0.49810527714141556,-0.000517549964678275,-0.025967130278547294,0.54049529785825,-0.4988599143228758,0.9988220443315912,-0.0407801912816301
80.0,6.74,-0.4612346172469511,-0.4982652812835717,-0.0005225684185281135,-0.026082580294070876,0.5384813524048159,-0.4990210197436343,0.9988125211668697,-0.04093954421340961
80.0,6.76,-0.4632470424338608,-0.4984170592565228,-0.0005276344138911112,-0.026198491755645217,0.5364679921553868,-0.49917389273488394,0.9988029288526455,-0.041099350846713324
80.0,6.78,-0.4652588552741151,-0.49856063639723647,-0.0005327472752405667,-0.026314860209062176,0.534455258879674,-0.49931855284664495,0.9987932667247953,-0.04125961637249276
80.0,6.8,-0.46727001840472904,-0.49869602119874357,-0.0005379084631725518,-0.026431696275190437,0.5324431670803368,-0.4994550118749345,0.9987835342023161,-0.041420342492386915
80.0,6.82,-0.4692804947272034,-0.49882322251154027,-0.0005431178237519876,-0.026548998541983386,0.5304317523009118,-0.49958328390543383,0.9987737305077424,-0.04158153613813783
80.0,6.84,-0.4712902636878617,-0.4989422667738783,-0.0005483762518338262,-0.02666677166917786,0.5284210526538928,-0.49970336824516265,0.9987638551498972,-0.04174319726818404
80.0,6.86,-0.4732992834838988,-0.4990531578093929,-0.0005536841877332737,-0.026785020384487723,0.526411100956362,-0.49981529441677924,0.9987539073214123,-0.04190533281227141
80.0,6.88,-0.4753075234362601,-0.4991559112784908,-0.0005590420765753019,-0.026903749474858383,0.5244019117413529,-0.4999190747374295,0.9987438863565856,-0.04206794621322998
80.0,6.9,-0.47731504586365114,-0.49925046563253234,-0.0005644503033794949,-0.027022960675893583,0.5223935231159542,-0.5000147090924753,0.9987337916834845,-0.04223103917123483
80.0,6.92,-0.47932172826841724,-0.4993369140898376,-0.0005699097949433891,-0.027142658843399822,0.520385961747365,-0.5001022216222107,0.9987236225458864,-0.04239461687077339
80.0,6.94,-0.48132753553310376,-0.4994152676013962,-0.00057542101561499,-0.027262848903435867,0.5183792716820446,-0.5001816184282065,0.9987133782577403,-0.042558682752654106
80.0,6.96,-0.4833324439507203,-0.4994855489555563,-0.0005809844348525818,-0.027383535843226465,0.5163734588131639,-0.5002529214663418,0.9987030580784417,-0.042723242001205586
80.0,6.98,-0.48533641351954687,-0.4995477640262006,-0.0005866003922289997,-0.027504718378551327,0.5143685818268845,-0.5003161339724821,0.9986926612920952,-0.04288829805514253
80.0,7.0,-0.4873394212634931,-0.4996019362700877,-0.000592269914089398,-0.027626404706940607,0.5123646407202561,-0.5003712723875801,0.9986821872779224,-0.04305385261058707
80.0,7.02,-0.489341520616451,-0.49964799256474873,-0.0005979934900559304,-0.02774859995980073,0.5103616766518471,-0.5004183582911265,0.99867163512303,-0.04321991433573167
80.0,7.04,-0.4913425909056621,-0.49968603022529445,-0.0006037714761561714,-0.027871302914120946,0.5083597217853111,-0.5004573873025506,0.9986610042406139,-0.043386483181046084
80.0,7.06,-0.493342697514735,-0.4997159875824282,-0.0006096049978829069,-0.027994525178514182,0.5063588084091031,-0.5004883903343734,0.9986502938380672,-0.04355356432649458
80.0,7.08,-0.49534162184763586,-0.4997380382379455,-0.0006154934445882169,-0.02811826562213835,0.5043589512155574,-0.5005113810686604,0.9986395030307182,-0.04372116469385067
80.0,7.1,-0.49733952291465683,-0.49975204045682675,-0.0006214387246928356,-0.028242526262874917,0.5023601912048234,-0.5005263469371496,0.9986286312348389,-0.04388928423241277
80.0,7.12,-0.49933635712473995,-0.49975799556106865,-0.0006274410119051987,-0.028367318966359873,0.5003625488415776,-0.500533342559865,0.998617677558332,-0.04405792986271151
80.0,7.14,-0.5013319296344707,-0.49975610319452873,-0.0006335006881451698,-0.02849264264687535,0.4983660593120413,-0.5005323500299663,0.9986066411577865,-0.04422710676061702
80.0,7.16,-0.50332647061346,-0.4997461153501858,-0.0006396188560369674,-0.02861850604268247,0.4963707344783697,-0.5005233980922458,0.9985955213633976,-0.0443968166165748
80.0,7.18,-0.5053196871923438,-0.4997283093169364,-0.0006457959110716524,-0.028744908099444716,0.4943766268427833,-0.5005064866565108,0.9985843173017923,-0.044567064604168975
80.0,7.2,-0.5073117170774908,-0.49970251839172053,-0.0006520323992578952,-0.028871854361407906,0.4923837482076616,-0.5004816447182163,0.9985730281411798,-0.044737855898325206
80.0,7.22,-0.5093025413263826,-0.4996687684266757,-0.0006583294546634131,-0.028999353767424522,0.49039212785042186,-0.5004488840719409,0.9985616530777303,-0.04490919392838776
80.0,7.24,-0.5112920425072717,-0.4996271632985587,-0.0006646870596565827,-0.029127408699331316,0.4884017950503245,-0.5004082167078899,0.9985501911699842,-0.04508108560968363
80.0,7.26,-0.5132801848099002,-0.499577713227781,-0.0006711061350474672,-0.029256018157678317,0.4864127790871518,-0.5003596548121342,0.99853864159427,-0.045253534369615225
80.0,7.28,-0.5152670316933252,-0.49952035029545083,-0.0006775880011500953,-0.029385198008515242,0.4844251036627332,-0.5003032050068773,0.9985270035580952,-0.04542654363647947
80.0,7.3,-0.5172525538515216,-0.49945509000578797,-0.0006841324212374192,-0.02951494060368267,0.482438794945987,-0.500238894052155,0.9985152761515633,-0.045600118579079814
80.0,7.32,-0.5192366351287512,-0.49938203876968357,-0.0006907407355545747,-0.02964526199379534,0.48045388221402757,-0.5001667346192609,0.9985034584602149,-0.045774264365450804
80.0,7.34,-0.5212193280245959,-0.4993011169737755,-0.0006974133078731916,-0.029776157923723127,0.4784703947399906,-0.5000867395763183,0.9984915496451947,-0.04594898442015393
80.0,7.36,-0.5232005229951026,-0.4992124380272636,-0.0007041514268950826,-0.02990764123287509,0.476488356305918,-0.4999989162320081,0.9984795486112484,-0.04612428739454574
80.0,7.38,-0.525180366259062,-0.4991158362614681,-0.0007109554701331596,-0.030039707673754797,0.47450779297938495,-0.49990329188900834,0.9984674546600665,-0.046300173225742286
80.0,7.4,-0.5271585626745121,-0.4990115978025096,-0.0007178256993443941,-0.030172370270030988,0.4725287318616777,-0.4997998601480919,0.998455266675268,-0.04647665056293634
80.0,7.42,-0.5291353521823884,-0.49889947056969325,-0.0007247637169415405,-0.03030563173626011,0.47055119572595866,-0.4996886626054701,0.9984429838005707,-0.04665372282756553
80.0,7.44,-0.5311105274021274,-0.4987796505988278,-0.0007317700854921164,-0.030439494824304376,0.46857521174780153,-0.499569693228585,0.9984306050369796,-0.046831395180231696
80.0,7.46,-0.5330841485836026,-0.49865206356966607,-0.0007388450082294515,-0.03057396935162255,0.46660080594730935,-0.4994429798700117,0.998418129415221,-0.04700967278229549
80.0,7.48,-0.5350561892046908,-0.4985167274280119,-0.0007459900399885486,-0.030709054627841972,0.46462801098098044,-0.49930852272186776,0.9984055559382355,-0.04718856079318226
80.0,7.5,-0.5370266230667056,-0.4983736603761707,-0.0007532058522226593,-0.030844757041408776,0.4626568528017502,-0.4991663499627002,0.9983928835214648,-0.04736806611396785
80.0,7.52,-0.538995324928726,-0.4982229634703569,-0.0007604926709306544,-0.03098108663703413,0.4606873360513023,-0.49901646684530676,0.9983801113117027,-0.047548190416702905
80.0,7.54,-0.5409623685751322,-0.4980645735103058,-0.0007678520878950839,-0.03111804281196389,0.4587195147388367,-0.4988588971534097,0.9983672382149577,-0.0477289406007051
80.0,7.56,-0.5429277225396292,-0.49789850371702626,-0.0007752843464217294,-0.03125563574977285,0.45675339361433054,-0.498693646481067,0.9983542631080691,-0.04791032356319898
80.0,7.58,-0.5448914424639242,-0.4977246724623702,-0.0007827911552310548,-0.031393868506623325,0.45478900210111645,-0.49852072978882755,0.9983411850180335,-0.048092342714969635
80.0,7.6,-0.5468533298860836,-0.4975432890585814,-0.0007903721367133672,-0.031532747838544026,0.4528263661184728,-0.4983401758787142,0.9983280028111136,-0.04827500495132708
80.0,7.62,-0.548813441027735,-0.4973542727118326,-0.0007980291132998365,-0.03167228052664241,0.4508655133038288,-0.498151980664279,0.9983147154088636,-0.04845831542303985
80.0,7.64,-0.5507717517948979,-0.49715764335604784,-0.0008057626393638795,-0.03181246613455186,0.4489064643942809,-0.49795616755002003,0.9983013217277819,-0.048642279279903854
80.0,7.66,-0.5527282384282303,-0.4969534211587801,-0.0008135741094025164,-0.031953315199661644,0.4469492539501952,-0.49775275793499163,0.9982878206792771,-0.048826901670732704
80.0,7.68,-0.5546828711182317,-0.49674162079917056,-0.0008214637251783727,-0.03209483473893203,0.44499388724076594,-0.4975417582640024,0.9982742109755637,-0.04901219122685355
80.0,7.7,-0.5566356267110433,-0.49652226291032564,-0.0008294327172205213,-0.03223702811214385,0.4430404075570131,-0.4973231825141784,0.9982604916875584,-0.04919814961034253
80.0,7.72,-0.5585864759602063,-0.4962953626363973,-0.0008374818625695027,-0.032379902438733905,0.44108882547072265,-0.49709704321892395,0.9982466614813438,-0.04938478544868773
80.0,7.74,-0.5605353898690191,-0.49606093535407997,-0.0008456124176620185,-0.03252346116290358,0.43913916688787125,-0.4968633701599859,0.9982327192456676,-0.04957210388648092
80.0,7.76,-0.5624824327044257,-0.4958189042069874,-0.0008538258510680141,-0.032667715268684984,0.4371914648803394,-0.4966221664790631,0.9982186637082003,-0.049760111806061304
80.0,7.78,-0.5644274894165928,-0.49556938251427857,-0.0008621216388606222,-0.03281266460355827,0.4352457352351231,-0.49637345086072765,0.9982044937001524,-0.049948814347525614
80.0,7.8,-0.5663705383497373,-0.4953123920311447,-0.0008705024155414635,-0.032958320276068556,0.4333019974841502,-0.4961172287941934,0.9981902080473839,-0.05013821664987773
80.0,7.82,-0.5683115451064471,-0.4950479433246869,-0.0008789677683913292,-0.03310468600103818,0.4313602911695025,-0.49585352883131784,0.9981758053717085,-0.05032832733414959
80.0,7.84,-0.5702504951517183,-0.4947760642836755,-0.0008875202741304569,-0.0332517692655228,0.42942062225035155,-0.495582358670129,0.9981612845513728,-0.05051914979367755
80.0,7.86,-0.5721874409295505,-0.4944966660447155,-0.0008961595325055079,-0.033399573876143444,0.42748302034599506,-0.4953037357612554,0.9981466441834789,-0.05071069264645338
80.0,7.88,-0.5741222755606983,-0.4942098704080224,-0.0009048870937205411,-0.03354811133905864,0.4255475014992143,-0.4950176794882072,0.9981318829228052,-0.05090296276585625
80.0,7.9,-0.5760550584890982,-0.4939155939575306,-0.0009137049104234979,-0.033697385543338045,0.42361411260406967,-0.4947241928329775,0.9981169996185744,-0.051095963541054584
80.0,7.92,-0.5779856769048687,-0.4936139538949055,-0.0009226125996240715,-0.03384740046345027,0.4216828476166218,-0.494423304666617,0.9981019927232239,-0.05128970532642325
80.0,7.94,-0.5799141045657626,-0.49330496776446947,-0.000931612351930693,-0.033998167860793356,0.41975374002068816,-0.49411502007340624,0.9980868610389222,-0.0514841915068285
80.0,7.96,-0.5818404082337386,-0.4929885574418585,-0.000940704985341577,-0.03414969182712666,0.4178268147061066,-0.4937993517851184,0.9980716030027265,-0.05167943243385012
80.0,7.98,-0.5837644693830735,-0.49266483607631184,-0.0009498919233911053,-0.03430197646128719,0.41590208416937746,-0.49347633295350524,0.9980562174715925,-0.0518754297466091
80.0,8.0,-0.585686355230586,-0.4923337252703707,-0.0009591736253591309,-0.03445503385230924,0.4139795905688211,-0.49314596208939077,0.9980407027541497,-0.052072195534607416
80.0,8.02,-0.5876059478423153,-0.49199533925431005,-0.0009685521445694221,-0.03460886823579857,0.412059332165297,-0.4928082556135946,0.9980250575808731,-0.05226973317499123
80.0,8.04,-0.5895233216760368,-0.49164960500983257,-0.0009780277428795615,-0.03476348392241096,0.410141352156453,-0.4924632311368654,0.9980092804260129,-0.052468051270448596
80.0,8.06,-0.5914383526558352,-0.491296632169278,-0.000987602238684128,-0.03491889727485359,0.40822566229978074,-0.4921109038482628,0.9979933698011016,-0.05266715667785847
80.0,8.08,-0.5933511089048918,-0.4909363417645305,-0.000997276907929246,-0.035075104705576794,0.4063122791800386,-0.49175129470476886,0.9979773242103233,-0.052867056252600096
80.0,8.1,-0.5952615661740739,-0.49056875191120314,-0.001007052885080479,-0.035232118751572526,0.40440123659519517,-0.49138441063838617,0.9979611420693282,-0.053067758590918286
80.0,8.12,-0.5971697004773259,-0.49019388091402977,-0.0010169312043454917,-0.03538994804709409,0.4024925380080305,-0.4910102743613074,0.9979448219363795,-0.05326926880209602
80.0,8.14,-0.5990754026043172,-0.48981185182292414,-0.0010269134146708547,-0.03554859721645514,0.40058622591814025,-0.49062888624516926,0.9979283620721687,-0.05347159721848673
80.0,8.16,-0.6009787278030851,-0.4894225737851985,-0.0010370005803716882,-0.03570807504076012,0.39868230002038935,-0.4902402819461709,0.9979117610195155,-0.053674748946181454
80.0,8.18,-0.6028796597613457,-0.48902607130152353,-0.0010471950307259085,-0.03586839036690854,0.39678079829918766,-0.48984445668413,0.9978950170924873,-0.05387873257123225
80.0,8.2,-0.604778175558307,-0.48862236340876963,-0.0010574966152901318,-0.036029552217689255,0.39488174226374645,-0.4894414381365994,0.9978781286904311,-0.054083554936297164
80.0,8.22,-0.6066741603471054,-0.48821156958510814,-0.0010679080869040805,-0.036191561295382674,0.39298513981608796,-0.4890312371679343,0.9978610941216814,-0.05428922462458563
80.0,8.24,-0.6085677621683182,-0.48779349779559406,-0.0010784294362944178,-0.036354430906396416,0.3910910166188024,-0.48861386920240685,0.997843911627883,-0.05449575021437143
80.0,8.26,-0.6104587884983718,-0.4873683797161037,-0.0010890630741230427,-0.03651817025950798,0.3891993898364054,-0.4881893566875044,0.9978265794528512,-0.05470314028269083
80.0,8.28,-0.6123473026390222,-0.4869361292085763,-0.0010998108077382425,-0.036682788688841124,0.3873103022230879,-0.48775770189006196,0.997809096022687,-0.054911399921689565
80.0,8.3,-0.6142333678635753,-0.48649665898411787,-0.0011106729283853667,-0.0368482871907549,0.3854237406526299,-0.48731892437484114,0.9977914594453599,-0.05512053944501276
80.0,8.32,-0.6161167858166077,-0.48605019760719087,-0.0011216520457133132,-0.03701467944489874,0.3835397484371382,-0.48687304485528354,0.9977736678914483,-0.055330567421523744
80.0,8.34,-0.6179977050796298,-0.48559655060266904,-0.0011327487351910383,-0.037181975095112424,0.3816583341445664,-0.48642007529006315,0.9977557196303531,-0.05554149067732932
80.0,8.36,-0.6198759351827801,-0.48513595378707886,-0.0011439647477087137,-0.03735017955797596,0.3797795194157953,-0.48596002674818867,0.9977376126941976,-0.055753319517501156
80.0,8.38,-0.6217516249379709,-0.48466821169359037,-0.0011553026438203102,-0.03751930258409047,0.3779033346919587,-0.485492921733279,0.9977193452992332,-0.05596606076223765
80.0,8.4,-0.6236246620732995,-0.48419344734913233,-0.0011667623920869057,-0.03768935411786098,0.3760297845561732,-0.48501876718906484,0.997700915445781,-0.05617972471177827
80.0,8.42,-0.625495019258508,-0.4837116760966437,-0.0011783471213784895,-0.037860339758889215,0.3741588952719396,-0.4845375804348264,0.9976823211867325,-0.05639431992089437
80.0,8.44,-0.6273627753599592,-0.4832228206489156,-0.0011900576260001398,-0.03803227398209017,0.3722906888234521,-0.48404937345359816,0.9976635605764805,-0.056609854942846496
80.0,8.46,-0.6292278046216481,-0.4827269943759388,-0.0012018956285355443,-0.03820515822254094,0.37042518311082956,-0.48355417052022925,0.9976446315371997,-0.05682634006862712
80.0,8.48,-0.6310901021434587,-0.48222422978082863,-0.001213862758490521,-0.03837901156904873,0.36856239182887884,-0.4830519904555584,0.9976255321555528,-0.057043782103188403
80.0,8.5,-0.6329496270391668,-0.4817145317367266,-0.001225961313394102,-0.038553831154630264,0.36670234561754134,-0.4825428219003577,0.9976062603210964,-0.0572621913323076
80.0,8.52,-0.6348064589715879,-0.4811978222368495,-0.0012381924431150188,-0.038729640808139704,0.3648450500385615,-0.4820267081015862,0.9975868138656095,-0.05748157803669292
80.0,8.54,-0.6366604805819008,-0.48067422217478767,-0.0012505578139484139,-0.03890643780575138,0.3629905317522221,-0.4815036501612535,0.9975671908103566,-0.057701949012393776
80.0,8.56,-0.6385117572874854,-0.4801436421004541,-0.0012630596868833887,-0.039084237301071266,0.36113881331232994,-0.4809736614400022,0.9975473887403088,-0.05792331801607375
80.0,8.58,-0.6403601869967849,-0.47960621493880007,-0.0012757002123297704,-0.03926305013320444,0.35928990058115867,-0.48043676810556,0.9975274056426388,-0.05814569183816081
80.0,8.6,-0.6422058281024146,-0.47906184535392915,-0.001288480734966893,-0.03944288274834658,0.35744382896113464,-0.4798929658549488,0.9975072391323614,-0.058369082486343954
80.0,8.62,-0.6440486552927994,-0.47851054928935705,-0.0013014027622084104,-0.03962374619926955,0.3556005962019335,-0.4793422874862494,0.9974868870266257,-0.058593498484282504
80.0,8.64,-0.6458885674640733,-0.47795246107967576,-0.0013144693613268122,-0.03980565620447997,0.3537602460964929,-0.478784740321247,0.9974663471087574,-0.058818948351724056
80.0,8.66,-0.6477255475020718,-0.4773876034245596,-0.0013276810981985806,-0.03998861495319687,0.35192277680494094,-0.47822034023397586,0.9974456168304975,-0.0590454458277413
80.0,8.68,-0.6495597300591217,-0.4768157614321074,-0.0013410409457274579,-0.040172633778583516,0.35008821153843656,-0.47764910194244253,0.9974246939151804,-0.059272999424450974
80.0,8.7,-0.6513909391164087,-0.47623718903638,-0.0013545515301299751,-0.04035773346102675,0.34825656956551576,-0.4770710349440349,0.9974035758443276,-0.05950162113148742
80.0,8.72,-0.6532192338364037,-0.4756517898490938,-0.0013682133208276594,-0.04054391179456879,0.34642786996396435,-0.47648616605341126,0.9973822602705554,-0.05973131945253042
80.0,8.74,-0.6550445827134399,-0.4750595752123522,-0.0013820288344378094,-0.0407311851620898,0.3446021282345266,-0.4758944997529057,0.9973607446487928,-0.05996210637126762
80.0,8.76,-0.6568669770391935,-0.47446057303181716,-0.0013960011816346557,-0.040919565433677835,0.3427793557572413,-0.47529605230874244,0.9973390264439751,-0.06019399212271702
80.0,8.78,-0.658686310597604,-0.47385491535646274,-0.0014101313686459176,-0.04110906469053013,0.34095958851664476,-0.47469083919201766,0.9973171030253646,-0.060426988680838456
80.0,8.8,-0.6605027179800577,-0.4732423843615498,-0.0014244224089746374,-0.04129969032636598,0.3391428341646756,-0.47407887171365504,0.9972949717358205,-0.06066110801562608
80.0,8.82,-0.6623160259549455,-0.47262323856687044,-0.0014388762415845102,-0.04149145939120943,0.3373291045001175,-0.47346016684256625,0.9972726299405443,-0.060896360348977906
80.0,8.84,-0.664126376745037,-0.47199726459190655,-0.0014534959553773631,-0.041684379518572054,0.33551842361497086,-0.4728347413163341,0.9972500750256506,-0.06113275590163219
80.0,8.86,-0.6659335828189424,-0.4713647115786733,-0.0014682819282140214,-0.04187846332059146,0.3337108035666876,-0.47220261254019136,0.9972273039848655,-0.061370310108985575
80.0,8.88,-0.6677377863565613,-0.4707253651607578,-0.0014832380353391442,-0.04207371858522084,0.33190626922639865,-0.47156378108820146,0.9972043142117873,-0.06160903144007002
80.0,8.9,-0.6695388827077816,-0.47007935916001703,-0.0014983672520916193,-0.04227016780760881,0.3301048285743773,-0.4709182761285837,0.997181102763935,-0.0618489335818733
80.0,8.92,-0.6713368575291545,-0.46942671702583155,-0.0015136704267614152,-0.042467814309448675,0.32830650678649476,-0.4702660988424878,0.997157666840776,-0.06209002673327045
80.0,8.94,-0.6731317630749081,-0.4687673340331545,-0.0015291502462334051,-0.04266667115474414,0.32651130836843373,-0.4696072733831272,0.9971340033127275,-0.06233232631125747
80.0,8.96,-0.6749234294649837,-0.4681014739247825,-0.0015448103626871745,-0.042866756468297885,0.32471926632987436,-0.4689418123651141,0.9971101091918579,-0.06257584424454564
80.0,8.98,-0.6767119910705118,-0.46742891443377593,-0.0015606526268258088,-0.043068078758627996,0.32293038616930636,-0.46826972391264843,0.9970859815952141,-0.06282059071843796
80.0,9.0,-0.6784974263244411,-0.4667496731698248,-0.0015766796638107736,-0.04327064657174246,0.3211446929641221,-0.4675910269497358,0.9970616172376581,-0.06306658113145247
80.0,9.02,-0.680279558998845,-0.46606401070054526,-0.001592894682644748,-0.043474483533610817,0.3193621963184928,-0.4669057355110698,0.9970370130466679,-0.0633138273981444
80.0,9.04,-0.6820586123699245,-0.4653715896076276,-0.0016092996309097314,-0.04367959856016947,0.3175829060756701,-0.46621386385873703,0.9970121658757365,-0.06356234142533182
80.0,9.06,-0.6838343139817223,-0.4646727796329296,-0.0016258981958074705,-0.04388600563239612,0.3158068522012903,-0.46551542082018926,0.9969870722275014,-0.06381214033585639
80.0,9.08,-0.6856068136372191,-0.4639673667694886,-0.0016426923937312777,-0.04409371387525035,0.31403404849080657,-0.4648104266316927,0.9969617289837888,-0.06406323428473004
80.0,9.1,-0.6873760987299901,-0.4632553745633424,-0.0016596846446019346,-0.044302742686029406,0.3122645016995696,-0.46409889104343716,0.996936132662879,-0.06431563864199613
80.0,9.12,-0.6891421331291715,-0.46253681067333785,-0.0016768793503605312,-0.04451310139030385,0.31049824221840416,-0.46338082390466623,0.9969102798290826,-0.06456936703000919
80.0,9.14,-0.6909048239997889,-0.4618118194804802,-0.0016942782471394036,-0.04472480980084965,0.308735268183476,-0.4626562570684701,0.9968841670390163,-0.0648244330671605
80.0,9.16,-0.6926642402434725,-0.46108030489358137,-0.0017118852510402101,-0.044937882739475764,0.30697561574598475,-0.4619251742460683,0.9968577906360194,-0.06508085210168035
80.0,9.18,-0.6944203462026804,-0.4603422749741474,-0.001729703153142767,-0.04515232483514582,0.3052192789473355,-0.46118761847566775,0.9968311469535831,-0.06533863947745697
80.0,9.2,-0.6961730581013227,-0.45959788063717455,-0.001747734788184445,-0.0453681616184635,0.3034662897773176,-0.4604435849198165,0.9968042324867398,-0.06559780705070149
80.0,9.22,-0.6979224291098282,-0.45884701459472094,-0.0017659832258937651,-0.045585403223362686,0.30171666324498864,-0.4596930957689862,0.9967770432182169,-0.06585837362927391
80.0,9.24,-0.6996685200501637,-0.45808957375654175,-0.0017844519869803263,-0.045804070411530284,0.2999704041319154,-0.45893615757330547,0.9967495755552989,-0.06612035105588825
80.0,9.26,-0.7014111519551153,-0.45732582118398574,-0.0018031448304788838,-0.046024168301367296,0.29822753588871165,-0.45817278781998183,0.9967218254933038,-0.0663837563839432
80.0,9.28,-0.7031503942731002,-0.45655565956660454,-0.0018220639813130814,-0.04624572338459937,0.2964880706442227,-0.45740300424073915,0.9966937890737868,-0.06664860491842572
80.0,9.3,-0.7048862123026846,-0.45577909773357395,-0.0018412143099236671,-0.0464687463694648,0.29475202530942773,-0.4566268144167401,0.9966654623157352,-0.06691491195860494
80.0,9.32,-0.7066186752005467,-0.45499603707792247,-0.0018605985301816026,-0.046693253522490256,0.29301941702407097,-0.4558442263389148,0.9966368410407221,-0.06718269453354495
80.0,9.34,-0.708347605875611,-0.45420674351420864,-0.00188022042818455,-0.04691926667312877,0.2912902585641824,-0.4550552587328755,0.9966079210224906,-0.06745196966461481
80.0,9.36,-0.7100731450827891,-0.45341098974750965,-0.0019000834150037361,-0.047146797094774616,0.2895645629028534,-0.4542599305807023,0.9965786982001549,-0.06772275088509429
80.0,9.38,-0.7117951874847585,-0.4526089136596803,-0.0019201917736880866,-0.04737585612052415,0.2878423444943666,-0.4534582456575956,0.9965491679936112,-0.06799505867794108
80.0,9.4,-0.7135137237077529,-0.4518005403436816,-0.001940548250087177,-0.047606477201271556,0.28612362796950636,-0.45265022382700587,0.9965193261163684,-0.06826890829907042
80.0,9.42,-0.7152288151366494,-0.4509857649296611,-0.00196115762713146,-0.0478386611305985,0.2844084170283747,-0.45183586945267673,0.9964891679498714,-0.06854431847163414
80.0,9.44,-0.716940349140032,-0.4501647213426551,-0.00198202337253518,-0.048072436360398284,0.28269672555735575,-0.45101520285203395,0.9964586890992115,-0.0688213044342555
80.0,9.46,-0.7186483169480414,-0.4493374349659895,-0.002003149166133136,-0.04830781504799435,0.2809885833399728,-0.4501882347998029,0.9964278848349841,-0.06909988489228985
80.0,9.48,-0.7203527883512048,-0.4485038055128113,-0.0020245400503164585,-0.048544820596126595,0.2792839870492226,-0.44935497567898575,0.9963967503074104,-0.06938007853741282
80.0,9.5,-0.7220536516322053,-0.4476639681441123,-0.0020461989798522995,-0.04878346556824385,0.27758295907153147,-0.44851544193941234,0.9963652807525326,-0.06966190406181957
80.0,9.52,-0.7237509683385741,-0.44681781702854245,-0.0020681319868231223,-0.04902377381615779,0.27588551555546775,-0.4476696401124412,0.9963334711477754,-0.06994538013411934
80.0,9.54,-0.725444721791034,-0.4459653718549937,-0.0020903415290224278,-0.04926576399342015,0.27419166827492264,-0.4468175871278975,0.9963013165636582,-0.07023052367619413
80.0,9.56,-0.7271349038793495,-0.44510665752770723,-0.002112832685854427,-0.04950945486951985,0.272501437031858,-0.44595929547292856,0.9962688117883893,-0.0705173568267539
80.0,9.58,-0.7288214040613611,-0.44424181086015874,-0.0021356103720059643,-0.04975485971057678,0.27081483092325576,-0.4450947776700847,0.996235951832097,-0.07080589649166892
80.0,9.6,-0.7305042924421226,-0.4433707303276068,-0.0021586785742464714,-0.050002009242175294,0.26913185626305225,-0.4442240414846768,0.9962027310748649,-0.07109616476856818
80.0,9.62,-0.732183459048451,-0.4424935535724205,-0.0021820423502644784,-0.0502509172198457,0.2674525444677258,-0.443347101058933,0.9961691442258831,-0.07138818027695001
80.0,9.64,-0.7338590595899556,-0.4416100556618599,-0.0022057064584924536,-0.050501609185810044,0.2657768976972703,-0.44246397477838373,0.9961351857234796,-0.07168196335805047
80.0,9.66,-0.7355309842604997,-0.4407203741540214,-0.002229675223790517,-0.05075409935078916,0.2641049308509686,-0.4415746669726785,0.9961008499615986,-0.07197753609082035
80.0,9.68,-0.7371992176564913,-0.4398245294012221,-0.002253953548991164,-0.051008413796771755,0.2624366621649093,-0.4406791875692176,0.9960661313097618,-0.07227491879808734
80.0,9.7,-0.7388636764737924,-0.43892267584580824,-0.0022785479465228286,-0.05126457298740573,0.2607721054355483,-0.4397775565950891,0.9960310236326272,-0.07257413350663933
80.0,9.72,-0.7405244820853372,-0.4380145662606804,-0.0023034623396709867,-0.051522597753360676,0.2591112763687336,-0.43886977977890435,0.9959955212294507,-0.07287520051991339
80.0,9.74,-0.7421815428649796,-0.4371003499324296,-0.002328701879622384,-0.051782515101328,0.25745417568435147,-0.43795587236683103,0.9959596177651201,-0.07317814358295752
80.0,9.76,-0.7438348441505281,-0.4361800475585228,-0.0023542721708210697,-0.05204434039053789,0.2558008333003869,-0.4370358465766565,0.9959233072225788,-0.07348298470878248
80.0,9.78,-0.7454844388633685,-0.4352535447886422,-0.002380179448988834,-0.05230810116287734,0.25415124759811347,-0.4361097134367775,0.9958865834463939,-0.07378974414488472
80.0,9.8,-0.7471302363933792,-0.43432099203764585,-0.0024064279462777663,-0.052573819375729525,0.252505446052069,-0.4351774811249998,0.9958494396130958,-0.07409844907201162
80.0,9.82,-0.7487722226195216,-0.433382410257399,-0.002433024080572247,-0.05284152325570383,0.2508634353446586,-0.43423915718908684,0.9958118692436967,-0.0744091214449409
80.0,9.84,-0.750410459096133,-0.43243768949898737,-0.0024599738155140307,-0.0531112291948495,0.24922523874757016,-0.433294760263354,0.9957738655750481,-0.07472178493649145
80.0,9.86,-0.7520448389808106,-0.43148697131926966,-0.002487282844943943,-0.05338296607101566,0.24759084561517514,-0.4323443024928308,0.995735422031565,-0.07503646322486211
80.0,9.88,-0.7536754237809072,-0.4305301454039742,-0.0025149576065709514,-0.053656756946720736,0.24596030242203012,-0.43138779042414227,0.9956965314053936,-0.07535318167957492
80.0,9.9,-0.7553022082551846,-0.42956723714050987,-0.0025430039947219067,-0.05393263142138633,0.24433358890398182,-0.43042523647938685,0.9956571866905355,-0.07567196392827272
80.0,9.92,-0.7569250864845924,-0.4285983892459041,-0.002571427412308965,-0.054210607029175246,0.24271074449308405,-0.42945665261572624,0.99561738032533,-0.07599283879026732
80.0,9.94,-0.7585441112784213,-0.4276234858658158,-0.002600236138520779,-0.054490720199600245,0.2410917750520103,-0.42848204437200443,0.9955771052119535,-0.07631582986701325
80.0,9.96,-0.7601592122173016,-0.42664269020725415,-0.002629436092112506,-0.054772995395230444,0.23947668496118116,-0.427501431842139,0.9955363535970275,-0.07664096419553118
80.0,9.98,-0.7617704989369622,-0.4256557432117316,-0.002659033939867473,-0.055057450997911934,0.23786549857490785,-0.42651481808720404,0.9954951176779799,-0.0769682687985674
80.0,10.0,-0.7633778095619534,-0.42466293137813077,-0.002689035136917704,-0.055344118401393194,0.2362582182101802,-0.42552221925621664,0.9954533898519862,-0.07729776895586561
80.0,10.02,-0.7649812883819429,-0.42366401433085005,-0.002719449425697347,-0.05563303566118509,0.23465486885717848,-0.4245236395949068,0.9954111617178946,-0.07762949511801971
80.0,10.04,-0.7665807570112133,-0.42265927004789844,-0.0027502815654199715,-0.055924215849936544,0.2330554535616455,-0.42351909627346707,0.9953684253418201,-0.07796347251697801
80.0,10.05,-0.7673790725142667,-0.4221545503043399,-0.002765857872999949,-0.05607067269819633,0.2322572334108053,-0.42301458996466734,0.9953468637344354,-0.07813131667134086
80.0,10.06,-0.768176350572224,-0.4216484523120601,-0.0027815405917428083,-0.0562176978407246,0.23145999792745578,-0.42250859473180713,0.9953251720794541,-0.07829973330926238
80.0,10.08,-0.7697679738660482,-0.4206317109449793,-0.0028132330925159828,-0.056513508186578555,0.22986850041515391,-0.4214921434661422,0.9952813935471174,-0.07863830266819871
80.0,10.1,-0.7713556146410694,-0.41960906718881963,-0.0028453660882364253,-0.05681168031545413,0.2282809826191774,-0.42046975801522857,0.9952370807361195,-0.07897921444521028
80.0,10.12,-0.7729392519436631,-0.4185805375224418,-0.002877949380377151,-0.05711224140675409,0.22669745118844462,-0.41944144395962163,0.9951922250140214,-0.07932249551709139
80.0,10.14,-0.7745189378197487,-0.41754600334753944,-0.002910988934651938,-0.05741521918171998,0.2251179257477948,-0.4184072131908885,0.9951468171870825,-0.07966817619906538
80.0,10.16,-0.7760945872605797,-0.41650562077013037,-0.0029444951759388313,-0.057720648154052895,0.22354241633012703,-0.417367077320855,0.9951008476081715,-0.08001629025251587
80.0,10.18,-0.7776661886902471,-0.4154594113212779,-0.002978473315952184,-0.05802855690670886,0.22197093808439083,-0.4163210398580484,0.9950543070746957,-0.080366867964633
80.0,10.2,-0.7792337851152129,-0.4144072510384681,-0.0030129344245518343,-0.058338987559716955,0.22040349459999062,-0.4152691175101778,0.995007185723916,-0.0807199413033921
80.0,10.22,-0.7807973646918897,-0.41334916080655815,-0.0030478866875453953,-0.05865196273024668,0.21884011162158898,-0.41421131598699934,0.9949594736019557,-0.08107554396267379
80.0,10.24,-0.7823568348035922,-0.41228529336327174,-0.0030833384540758374,-0.05896752568435586,0.21728079821056184,-0.4131476446167958,0.9949111606004807,-0.08143370786068387
80.0,10.26,-0.7839122562666734,-0.4112155337297132,-0.0031192992224736526,-0.05928569977553982,0.21572555668923854,-0.4120781171168566,0.9948622361453181,-0.08179446835811173
80.0,10.28,-0.7854636177614048,-0.41013990297876185,-0.0031557786956174436,-0.05960652923591176,0.21417441859533712,-0.41100273277113036,0.9948126898485713,-0.08215785906678873
80.0,10.3,-0.7870108809772117,-0.409058408103225,-0.003192786027291055,-0.059930045186307665,0.2126273799090477,-0.4099215103735633,0.9947625106206734,-0.08252391702050821
80.0,10.32,-0.7885539726916476,-0.40797121270932596,-0.0032303308987208386,-0.060256286084389814,0.2110844586021202,-0.40883445808285357,0.9947116877300942,-0.08289267402125283
80.0,10.34,-0.7900930155567865,-0.4068780584134326,-0.003268423167099142,-0.060585290944713495,0.20954567058573242,-0.40774158010722594,0.9946602094204668,-0.08326417050902579
80.0,10.36,-0.7916279183521023,-0.40577909927506856,-0.0033070731708930547,-0.06091708526346007,0.20801102508907207,-0.40664288508198565,0.9946080642902962,-0.08363844169066148
80.0,10.38,-0.7931585907437632,-0.404674490521101,-0.003346291891012748,-0.061251723067059546,0.20648053420306642,-0.40553838700387895,0.9945552404540503,-0.08401552621020211
80.0,10.4,-0.7946851637498363,-0.4035639770876613,-0.0033860900470846665,-0.061589230851605614,0.20495421276540216,-0.40442808762498395,0.9945017257474903,-0.08439546092067532
80.0,10.42,-0.7962076173807676,-0.40244757511763196,-0.003426477163642671,-0.061929649770674874,0.20343207138001013,-0.403311997747675,0.9944475078585753,-0.08477828613915034
80.0,10.44,-0.7977257916742219,-0.4013255793085387,-0.003467465508727327,-0.06227302862924741,0.20191412111408732,-0.40219012887624445,0.9943925739299997,-0.08516404211582969
80.0,10.46,-0.7992398105104376,-0.4001977299744305,-0.003509067876870367,-0.06261940251918008,0.2004003804909902,-0.4010624897223384,0.9943369111653884,-0.08555276733660086
80.0,10.48,-0.8007496570370999,-0.3990640449053049,-0.0035512933078244787,-0.0629688144853697,0.19889085684453123,-0.3999290840735595,0.9942805061170658,-0.08594450545449193
80.0,10.5,-0.8022552441653332,-0.3979246815304487,-0.0035941554202777943,-0.0633213079583,0.19738556732149445,-0.39878991767905353,0.9942233451629163,-0.08633929833649329
80.0,10.52,-0.8037565531374076,-0.3967796572134028,-0.0036376665635459832,-0.06367691973601888,0.19588451786661312,-0.39764500857517415,0.9941654145861443,-0.08673718781814423
80.0,10.54,-0.8052537062011148,-0.39562870968452085,-0.003681839037997949,-0.0640357019091627,0.19438772897739384,-0.3964943515378127,0.9941067000785659,-0.08713821740789662
80.0,10.56,-0.8067465478117498,-0.394472137421019,-0.0037266849561954467,-0.06439769998158937,0.1928952053572092,-0.39533796163355217,0.994047186926439,-0.0875424340504794
80.0,10.58,-0.8082351282490812,-0.39330981696537126,-0.0037722196130643296,-0.06476295247751741,0.19140695914887632,-0.3941758512602096,0.9939868604261902,-0.08794987942066708
80.0,10.6,-0.8097193630153885,-0.3921419079078289,-0.003818454922034084,-0.06513151369083514,0.1899230123121505,-0.3930080179159311,0.9939257053117653,-0.08836060036238544
80.0,10.62,-0.8111993714143106,-0.3909681453002809,-0.0038654044244636307,-0.06550342356686985,0.18844336889606844,-0.3918344745736737,0.9938637056685509,-0.08877464713137749
80.0,10.64,-0.8126750662060926,-0.38978868727805993,-0.00391308395770593,-0.06587873768442185,0.18696804503794084,-0.3906552239184178,0.9938008457029839,-0.08919206472037011
80.0,10.66,-0.8141464307905742,-0.3886035518937183,-0.003961506455170048,-0.0662574973903481,0.1854970527124615,-0.3894702773566218,0.9937371089279636,-0.08961290327620736
80.0,10.68,-0.8156134468228187,-0.38741275638202716,-0.004010688329600014,-0.0666397597928703,0.18403040693860928,-0.38827963498815626,0.9936724787788556,-0.09003721116003673
80.0,10.7,-0.8170761653666948,-0.3862161763447017,-0.0040606439881256855,-0.06702558305583865,0.18256811397508607,-0.38708331325974216,0.9936069376408122,-0.0904650418522746
80.0,10.72,-0.8185344333028627,-0.38501411413491043,-0.004111389058358204,-0.06741500285292007,0.18111018995092198,-0.38588131416116506,0.9935404683597605,-0.09089644359706249
80.0,10.74,-0.819988435191157,-0.3838061590901015,-0.004162939699760024,-0.06780807875523595,0.17965664480976765,-0.3846736438857473,0.9934730525641664,-0.09133147148838662
80.0,10.76,-0.8214379515873834,-0.382592757350734,-0.004215313589525897,-0.06820487122150168,0.17820749579047213,-0.38346030648641416,0.9934046716319569,-0.0917701805622571
80.0,10.78,-0.822883166030763,-0.3813734968920111,-0.004268525881451873,-0.06860543393615928,0.1767627539683099,-0.38224131017572216,0.9933353070104579,-0.09221262232811088
80.0,10.8,-0.8243239259887191,-0.38014868122445955,-0.004322595632513761,-0.06900982117187866,0.1753224310011518,-0.38101666414306334,0.9932649389088283,-0.09265885513825431
80.0,10.82,-0.8257602149186524,-0.37891832858607033,-0.00437753864654899,-0.0694180882478391,0.1738865371177626,-0.3797863741856847,0.9931935476648652,-0.0931089355697248
80.0,10.84,-0.8271921472900361,-0.37768216810826377,-0.0044333751978155415,-0.0698302991336669,0.17245508779734212,-0.37855043977324615,0.9931211126197701,-0.09356292181536
80.0,10.86,-0.8286195731556436,-0.3764405054925671,-0.004490123015137756,-0.07024651090597145,0.17102809450044798,-0.3773088689054999,0.9930476129125473,-0.09402087375628054
80.0,10.88,-0.8300426063546672,-0.37519306903446253,-0.004547800699179303,-0.07066678964867372,0.16960557781104735,-0.37606167199953155,0.9929730270669782,-0.09448285117291773
80.0,10.9,-0.8314610961254659,-0.37394016473309993,-0.004606428654392883,-0.07109118599781065,0.16818753138682266,-0.37480885211085585,0.9928973330523461,-0.09494891549756522
80.0,10.92,-0.8328751575781491,-0.37268152091784335,-0.004666028045378042,-0.07151977607255675,0.16677398628092036,-0.3735504073729209,0.9928205083391016,-0.09541913156672366
80.0,10.94,-0.8342847058781597,-0.37141729913273513,-0.0047266186954503485,-0.07195262910336964,0.16536494983554736,-0.37228635316241887,0.992742529422771,-0.09589356407586665
80.0,10.96,-0.8356897237033174,-0.37014751699428433,-0.004788221712150506,-0.07238979029265799,0.16396042896919338,-0.3710166858715117,0.9926633730183638,-0.09637227594351125
80.0,10.98,-0.8370902563021237,-0.3688720452473382,-0.004850858849052178,-0.072831347481892,0.16256043889712773,-0.3697414202188994,0.992583014188094,-0.0968553368726427
80.0,11.0,-0.8384862217511853,-0.3675910472839818,-0.004914554487286572,-0.07327736453313577,0.1611649962397067,-0.36846055645282344,0.9925014283697895,-0.09734281305192212
80.0,11.02,-0.8398776670022332,-0.36630439437582474,-0.004979330226575783,-0.07372791504137267,0.15977411641000733,-0.3671740919401306,0.9924185894438043,-0.09783477745862937
80.0,11.04,-0.8412645079045794,-0.36501224929743914,-0.005045208832870685,-0.07418306519758047,0.15838780637901,-0.3658820394099313,0.992334471199792,-0.09833129950607196
80.0,11.06,-0.8426467902080409,-0.3637144825837548,-0.005112216730571332,-0.07464289063975564,0.15700607658815927,-0.36458440155632516,0.9922490462513521,-0.09883245367907403
80.0,11.08,-0.8440244965844321,-0.3624111116148704,-0.005180377697087767,-0.07510745979447572,0.1556289445665709,-0.36328117967741885,0.9921622871702769,-0.09933831264801382
80.0,11.1,-0.8453976078725961,-0.36110215301713605,-0.005249719129638717,-0.07557686817236287,0.15425642394433883,-0.3619723833512525,0.992074165279479,-0.09984895239330599
80.0,11.12,-0.8467661040377625,-0.359787623091722,-0.005320265277300283,-0.07605117809605712,0.15288852372814016,-0.36065801096665034,0.9919846508693337,-0.10036445222335313
80.0,11.14,-0.8481299680698208,-0.3584675394723593,-0.005392045403047901,-0.07653047903351572,0.1515252635179807,-0.3593380679948701,0.9918937141083427,-0.10088489136553576
80.0,11.16,-0.8494891811171295,-0.3571419190459786,-0.005465086111373078,-0.07701485335115744,0.15016665207934082,-0.35801255159336476,0.9918013237204175,-0.10141035057873028
80.0,11.18,-0.8508437855513977,-0.3558106298766352,-0.005539415295013394,-0.077504375787089,0.14881270589684764,-0.3566814768678933,0.9917074480044303,-0.10194091225327931
80.0,11.2,-0.852193701134965,-0.3544738374663987,-0.005615065449280381,-0.07799914002894008,0.14746342736686385,-0.3553448423239823,0.9916120541900222,-0.10247666209144271
80.0,11.22,-0.8535389083383508,-0.3531315585571804,-0.0056920650454064465,-0.07849923268177927,0.14611884009610346,-0.3540026443907612,0.9915151083757183,-0.10301768734793039
80.0,11.24,-0.8548794501111803,-0.35178366118252913,-0.005770445931048465,-0.07900474162379192,0.14477895934864451,-0.35265489439461495,0.991416576452313,-0.10356407342365768
80.0,11.26,-0.8562152462385701,-0.3504303114033343,-0.005850239271251361,-0.07951575632785574,0.14344378833367952,-0.35130159140239153,0.9913164223281139,-0.1041159141728863
80.0,11.28,-0.857546398351213,-0.3490712264844629,-0.005931478997484717,-0.08003237690499562,0.14211335286349103,-0.34994273667276055,0.9912146094531186,-0.10467330156219594
80.0,11.3,-0.8588727674767361,-0.3477067231420123,-0.0060142012255019455,-0.08055470515389594,0.14078765784137778,-0.34857833254271114,0.9911111005212616,-0.10523632738529753
80.0,11.32,-0.8601943920603851,-0.3463366672281055,-0.006098437969911239,-0.08108281690520469,0.13946671681151418,-0.34720838449684893,0.9910058562435363,-0.10580509362446158
80.0,11.34,-0.8615112554117218,-0.3449610765276144,-0.0061842283185581815,-0.08161683589244081,0.13815054856624262,-0.3458328932453216,0.9908988373554514,-0.10637969341640878
80.0,11.36,-0.8628233959511176,-0.3435798163300525,-0.006271606559229389,-0.08215685061972636,0.1368391574737842,-0.34445185812058354,0.9907900022100304,-0.10696023353245118
80.0,11.38,-0.8641306750252471,-0.3421932047566078,-0.0063606142494684265,-0.08270297926908125,0.13553257003227653,-0.34306528098338096,0.9906793089842826,-0.10754681361714083
80.0,11.4,-0.8654331909539542,-0.34080095647370506,-0.006451287360755008,-0.08325531382241164,0.13423079392209233,-0.34167316866467684,0.9905667139952905,-0.10813954174671334
80.0,11.42,-0.8667308664741786,-0.3394032398167148,-0.006543668544045464,-0.08381396673137384,0.1329338391220558,-0.34027551559254426,0.9904521725033665,-0.1087385257629718
80.0,11.44,-0.8680237393904696,-0.3379999195520115,-0.006637800750083106,-0.08437906232067897,0.13164172557114429,-0.3388723236587963,0.9903356385522436,-0.1093438767494579
80.0,11.46,-0.8693117888618532,-0.33659101176039635,-0.006733726418662981,-0.08495070771021662,0.1303544665957336,-0.3374635950690199,0.9902170643820015,-0.10995570896070601
80.0,11.48,-0.8705949366343256,-0.3351766849567502,-0.006831489754366712,-0.08552902174212432,0.12907207495241727,-0.3360493300621196,0.9900964013678434,-0.11057413642032984
80.0,11.5,-0.8718732792863431,-0.3337566517460284,-0.006931136011291559,-0.08611412544128683,0.12779456435355382,-0.3346295308485304,0.9899735988147302,-0.11119928152872104
80.0,11.52,-0.8731466784804516,-0.3323312322384753,-0.007032714547951184,-0.08670614181659429,0.1265219479906777,-0.33320419777826077,0.9898486048660047,-0.1118312646594509
80.0,11.54,-0.8744151732232508,-0.3309002913455951,-0.007136273687507263,-0.08730520644035697,0.12525424437795168,-0.33177332724099773,0.9897213659441408,-0.11247021108800426
80.0,11.56,-0.8756788006076399,-0.3294636928043645,-0.007241862807039802,-0.08791143712136663,0.12399146717534326,-0.330336919994353,0.9895918266957389,-0.11311624922791567
80.0,11.58,-0.8769374792758854,-0.3280216045471567,-0.007349534838923483,-0.08852496382327296,0.12273362387905043,-0.3288949772710409,0.9894599303985355,-0.11376950891939898
80.0,11.6,-0.8781911909975018,-0.32657404411106544,-0.007459344166029615,-0.08914593957889022,0.12148074165574933,-0.3274474998156209,0.989325618120182,-0.11443012657404016
80.0,11.62,-0.8794399713473949,-0.325120874502893,-0.007571343939787121,-0.08977448946514884,0.12023282580988116,-0.3259944819576087,0.9891888295768646,-0.11509823651556257
80.0,11.64,-0.8806837409704729,-0.3236622650084919,-0.007685594388274695,-0.09041077176102355,0.11898989833854254,-0.3245359273939871,0.9890495019433311,-0.11577398308150118
80.0,11.66,-0.8819225350882095,-0.32219807841536285,-0.007802153006588945,-0.09105491659588676,0.11775197238892218,-0.32307183300700454,0.9889075706857725,-0.11645751021057327
80.0,11.68,-0.8831563320010638,-0.3207283308920514,-0.007921080500649809,-0.0917070775603995,0.11651905525885127,-0.3216021964175521,0.9887629694843867,-0.11714896492369203
80.0,11.7,-0.8843851111050631,-0.3192530390819991,-0.008042441650595939,-0.0923674217406183,0.11529116931558801,-0.32012702098742774,0.9886156294359807,-0.11784849896903074
80.0,11.72,-0.8856088488209569,-0.3177722186311969,-0.008166299416642328,-0.09303609831229193,0.11406833125671237,-0.3186462941695475,0.9884654795009208,-0.11855627061279002
80.0,11.74,-0.8868275788808729,-0.3162857312534433,-0.008292724191243652,-0.09371326964055136,0.11285055859318427,-0.3171600227701553,0.9883124463890347,-0.11927243761384765
80.0,11.76,-0.8880411682061794,-0.3147939025362217,-0.008421781594614732,-0.09439910186427727,0.11163785918989186,-0.315668203429916,0.988156454297244,-0.11999716592949372
80.0,11.78,-0.889249704599239,-0.3132964390589193,-0.008553547222942352,-0.09509376367132918,0.11043025318481375,-0.3141708315516527,0.9879974252363077,-0.12073062099145887
80.0,11.8,-0.8904531650075459,-0.31179335665426056,-0.00868809295671876,-0.09579743871030234,0.1092277550713863,-0.3126679036349159,0.9878352778597548,-0.12147297804959156
80.0,11.82,-0.8916515274742134,-0.31028467162937295,-0.008825498292692625,-0.09651030267046348,0.10803038597569592,-0.3111594170726428,0.9876699290326009,-0.1222244118476553
80.0,11.84,-0.8928447121151614,-0.3087705548101106,-0.00896584142248589,-0.09723253504123208,0.10683815482290981,-0.3096453687232762,0.9875012918468856,-0.12298510686509062
80.0,11.86,-0.8940327525582389,-0.3072508676815595,-0.009109204684305422,-0.09796434145681358,0.10565108265356574,-0.30812575459996067,0.9873292772156277,-0.12375524874572434
80.0,11.88,-0.8952156239721776,-0.30572562583644564,-0.009255672910091757,-0.0987058974908045,0.10446919162604629,-0.3066005737283661,0.9871537925063778,-0.12453502761125868
80.0,11.9,-0.8963933567421696,-0.3041946892476586,-0.009405337046897777,-0.099457404857432,0.10329248957977356,-0.3050698177057412,0.986974742204075,-0.12532464162579263
80.0,11.92,-0.8975658725382897,-0.3026582297977167,-0.009558285718754942,-0.10021909318492085,0.10212099231339214,-0.30353348297774924,0.9867920269360441,-0.1261242933525644
80.0,11.94,-0.89873314775244,-0.3011162638070315,-0.009714616129560578,-0.10099114960194504,0.10095472218892303,-0.3019915673801936,0.9866055445641115,-0.12693418812114346
80.0,11.96,-0.8998952121649105,-0.29956865100156954,-0.009874423243053314,-0.10177378900843347,0.09979370042271937,-0.3004440650673598,0.9864151885826109,-0.12775454255333984
80.0,11.98,-0.9010520383823653,-0.298015406305092,-0.010037814092816592,-0.10256725372536443,0.09863794129412301,-0.29889098390001695,0.9862208492818847,-0.1285855741861588
80.0,12.0,-0.9022036032134771,-0.29645654615502626,-0.010204888028720601,-0.10337175639258946,0.09748744537102917,-0.2973322714996355,0.9860224127036494,-0.129427508314526
80.0,12.02,-0.9033498299876259,-0.2948922440936232,-0.01037575977063207,-0.10418754909707889,0.09634225560324919,-0.2957679685216409,0.9858197611514917,-0.13028057453057623
80.0,12.04,-0.9044907957312606,-0.2933222006653604,-0.010550538203032069,-0.10501485376090058,0.09520238681278846,-0.29419808263805697,0.9856127716614471,-0.1311450152476325
80.0,12.06,-0.9056264755778936,-0.29174643175924797,-0.01072934445273597,-0.10585393288066167,0.09406784883958795,-0.29262255251829244,0.9854013181020974,-0.13202107194326607
80.0,12.08,-0.9067567403023997,-0.2901652689115048,-0.010912298183686163,-0.10670504287110598,0.09293865463558308,-0.29104139533069867,0.9851852683866654,-0.1329089987636494
80.0,12.1,-0.9078816675418097,-0.28857841255805006,-0.01109952812089675,-0.10756844516832469,0.09181483874913664,-0.2894546250650115,0.9849644868079159,-0.13380905229818096
80.0,12.12,-0.9090012284196625,-0.2869858776712276,-0.011291164821300076,-0.10844440711139343,0.090696405706796,-0.2878621961383612,0.9847388314588378,-0.13472149995173102
80.0,12.14,-0.9101153982921885,-0.2853876806980123,-0.011487344535799415,-0.10933320170383984,0.0895833827827531,-0.2862641337392174,0.9845081555298937,-0.13564661658018495
80.0,12.16,-0.9112241494311452,-0.28378383723606004,-0.01168821152637547,-0.11023514602427731,0.08847578289855497,-0.2846603993556989,0.9842723065587214,-0.13658468434947768
80.0,12.18,-0.9123274541564862,-0.2821743630358441,-0.011893909538893752,-0.11115050037996423,0.08737363607172534,-0.2830510261201496,0.9840311262316959,-0.13753599441709902
80.0,12.2,-0.9134253348556401,-0.2805591149008044,-0.012104593411971155,-0.11207959506752517,0.08627696324773573,-0.28143598273736126,0.9837844504452139,-0.13850084339471416
80.0,12.22,-0.9145177133658055,-0.2789382676015999,-0.01232042440190155,-0.11302272847515031,0.08518577243268916,-0.27981524739829533,0.9835321080210654,-0.13947954187601055
80.0,12.24,-0.9156046116078027,-0.2773116778657414,-0.012541566947427822,-0.11398024563561249,0.08410008817087912,-0.27818883365589103,0.983273921593232,-0.14047240575512873
80.0,12.26,-0.9166859520785,-0.27567952115983857,-0.012768192724793445,-0.11495244593360907,0.08301994126899497,-0.2765567230077083,0.9830097065479629,-0.14147976302813203
80.0,12.28,-0.9177618030042247,-0.27404149364391034,-0.013000481968821417,-0.11593970247466938,0.0819453305559259,-0.2749188775584396,0.9827392709587391,-0.14250195022385703
80.0,12.3,-0.9188320380844254,-0.27239793097458787,-0.013238620127210722,-0.11694235654228097,0.08087629979076105,-0.27327532076897665,0.9824624152409687,-0.1435393140447456
80.0,12.32,-0.9198967234311841,-0.27074852857693643,-0.013482801975425129,-0.11796077061355208,0.07981286543001996,-0.27162605475146134,0.9821789314535216,-0.1445922129516438
80.0,12.34,-0.9209558300249453,-0.2690933023412767,-0.013733229975494898,-0.11899532938205236,0.07875504168254721,-0.2699710201391819,0.9818886036599513,-0.1456610153963183
80.0,12.36,-0.9220092779685372,-0.2674324280114228,-0.013990119318151903,-0.12004642604297847,0.07770285360443649,-0.26831022861519527,0.981591206285306,-0.1467461030084815
80.0,12.38,-0.9230570855746778,-0.2657657612736602,-0.014253684114064991,-0.12111445003308671,0.07665633242869206,-0.266643695407965,0.9812865051749442,-0.14784786717044454
80.0,12.4,-0.9240992207559479,-0.2640933176185895,-0.014524153349432039,-0.1221998133580816,0.075615493331239,-0.26497137968486395,0.9809742557898737,-0.1489667139188361
80.0,12.42,-0.9251356972576894,-0.26241495125753,-0.014801771581888268,-0.12330295141133914,0.07458035374179778,-0.26329324710191765,0.9806542034645614,-0.15010306038888072
80.0,12.44,-0.9261663911649601,-0.26073100080933714,-0.01508678316978578,-0.12442429675622829,0.07355095021249132,-0.2616093300454847,0.9803260828536866,-0.15125733813822803
80.0,12.46,-0.9271914091420987,-0.25904099798705776,-0.015379452762788418,-0.12556432034352902,0.07252729995816909,-0.2599195748014797,0.9799896168663398,-0.1524299928806201
80.0,12.48,-0.9282106244341313,-0.2573452810704714,-0.015680046266506896,-0.1267234614611198,0.07150943005516006,-0.2582239969492453,0.9796445163435382,-0.1536214860761244
80.0,12.5,-0.9292240497370229,-0.2556437043203329,-0.015988854205576834,-0.12790224275983197,0.07049736641762086,-0.2565225549452315,0.9792904803919107,-0.15483228785924488
80.0,12.52,-0.9302316512019412,-0.25393628354588893,-0.016306167367665075,-0.12910114128166356,0.06949112731786251,-0.2548152488428715,0.9789271935140496,-0.15606289398064974
80.0,12.54,-0.9312333950088967,-0.25222303475878377,-0.016632298848642237,-0.13032068995982304,0.06849074289972892,-0.2531020511144017,0.9785543273062131,-0.15731380841868284
80.0,12.56,-0.93222928894261,-0.2505038108918008,-0.016967573265480755,-0.13156140457029314,0.06749624430032969,-0.25138297293326545,0.9781715378621706,-0.1585855568369886
80.0,12.58,-0.9332192972599984,-0.2487786275692781,-0.017312325386610358,-0.13282386060213452,0.06650765340434805,-0.24965797329230727,0.9777784660215973,-0.15987868120966597
80.0,12.6,-0.9342033831643871,-0.24704750034853504,-0.01766691408094723,-0.1341086156591784,0.0655250020583215,-0.24792704784469935,0.9773747364698707,-0.16119373950825183
80.0,12.62,-0.9351814692164556,-0.24531060879745928,-0.018031712284034638,-0.13541628898460487,0.06454830912867685,-0.24619014287100055,0.9769599562596082,-0.1625313122874412
80.0,12.64,-0.9361536427983672,-0.24356747813171767,-0.01840710024420097,-0.136747453074034,0.06357761387193218,-0.24444729909907095,0.9765337141969873,-0.1638919988832256
80.0,12.66,-0.937119783086127,-0.24181845125763662,-0.01879349658568476,-0.13810278872399134,0.06261293360280273,-0.24269842069465894,0.9760955801702559,-0.16527641884431038
80.0,12.68,-0.9380798512036014,-0.2400635440884608,-0.01919131703885358,-0.1394829160808449,0.06165431167241718,-0.24094356439345127,0.9756451029278917,-0.16668521483696314
80.0,12.7,-0.9390338903925525,-0.23830244472205733,-0.01960101599472732,-0.14088853420549297,0.06070176188966227,-0.23918265458216328,0.9751818100911679,-0.16811905240095207
80.0,12.72,-0.939981818673011,-0.23653533263070062,-0.02002306240461712,-0.14232034479581399,0.05975533434211482,-0.237415705020065,0.9747052072871231,-0.1695786160367854
80.0,12.74,-0.9409236361734707,-0.2347620594871678,-0.020457942607414358,-0.1437790685012572,0.05881503966837806,-0.23564266146088014,0.9742147746167806,-0.17106462057964056
80.0,12.76,-0.941859259379614,-0.23298280507366587,-0.020906183503815675,-0.145265493496643,0.05788092957274726,-0.23386352780213968,0.9737099684550204,-0.17257779893535144
80.0,12.78,-0.9427886888986617,-0.2311974215335884,-0.021368319770277273,-0.14678036278591391,0.05695301737265393,-0.23207824185196904,0.9731902138771448,-0.17411893371599066
80.0,12.8,-0.9437119186725135,-0.22940575929827958,-0.021844929024927483,-0.1483245406444303,0.05603135514883869,-0.23028682826851524,0.9726549148045851,-0.17568879207343607
80.0,12.82,-0.9446288641049074,-0.22760799872223691,-0.02233660394130844,-0.14989881144072084,0.05511597340642145,-0.22848924274574564,0.9721034353093708,-0.17728822539090133
80.0,12.84,-0.9455395217640612,-0.22580399129260642,-0.02284398348951416,-0.15150410194168334,0.05420689518216615,-0.22668542721121432,0.9715351171836186,-0.1789180580774246
80.0,12.86,-0.9464438033262674,-0.2239939172253906,-0.023367724049276666,-0.15314129491724618,0.05330416678416258,-0.22487538565142678,0.9709492609943889,-0.18057918886179292
80.0,12.88,-0.9473417790096542,-0.22217729683334522,-0.023908532266528892,-0.15481134883435793,0.0524078304256786,-0.2230591069525123,0.9703451361085836,-0.1822725219993237
80.0,12.9,-0.9482332833686442,-0.22035464160114446,-0.024467140415345895,-0.15651523177616972,0.051517908895601004,-0.221236515873397,0.9697219641519514,-0.1839990337780698
80.0,12.92,-0.9491183836065389,-0.21852547128758792,-0.025044324201264092,-0.15825395604349676,0.050634457412190345,-0.21940762412218098,0.9690789364937907,-0.18575968753806835
80.0,12.94,-0.9499969507043718,-0.21669013240734053,-0.02564090524928174,-0.1600285987416509,0.049757506190868064,-0.21757235553382245,0.9684151954253728,-0.18755551716693503
80.0,12.96,-0.9508690092730255,-0.21484830947082606,-0.02625774450538544,-0.16184022967708434,0.04888710187779132,-0.2157307240485851,0.9677298342227456,-0.18938760884423753
80.0,12.98,-0.9517345047912501,-0.21300001784929481,-0.026895753546033862,-0.16369000524164526,0.04802327855659617,-0.21388265554175,0.9670219051572428,-0.19125703170237834
80.0,13.0,-0.9525933816131996,-0.21114527304471611,-0.02755589689240726,-0.165579113930099,0.04716609357294793,-0.212028163894037,0.9662904001036529,-0.19316495597740616
80.0,13.02,-0.9534455840638785,-0.2092840909428969,-0.028239192130446712,-0.16750879747918193,0.046315579407167025,-0.21016715506306669,0.9655342538246969,-0.19511258255665165
80.0,13.04,-0.9542910893468889,-0.2074163205433909,-0.028946708763425425,-0.16948029345648352,0.045471791470743865,-0.20829962345926245,0.9647523476303207,-0.19710114273597057
80.0,13.06,-0.9551298026741069,-0.2055421443127934,-0.02967959476100863,-0.1714949923545634,0.04463477340966379,-0.20642553148600692,0.9639434903551906,-0.19913194591607397
80.0,13.08,-0.9559617338703834,-0.20366124446760936,-0.03043904712376851,-0.17355424580658216,0.04380457381064579,-0.20454483282997984,0.9631064310413056,-0.2012063108235029
80.0,13.1,-0.9567868185547158,-0.20177363625517447,-0.031226338583322983,-0.17565950454262802,0.042981247574954896,-0.20265749772349703,0.9622398429515867,-0.20332563111419294
80.0,13.12,-0.9576049922952062,-0.1998793353814009,-0.03204285228625811,-0.177812275498063,0.04216484450074975,-0.20076344288543563,0.9613423130017793,-0.2054913892292302
80.0,13.14,-0.9584161873022315,-0.19797835732907407,-0.032889987118115714,-0.18001412048619134,0.041355421367343985,-0.19886267585985604,0.9604123501626992,-0.2077050863908702
80.0,13.16,-0.9592203688474821,-0.19607055042879978,-0.0337692548934214,-0.18226668435096605,0.040553035644735044,-0.19695512706989393,0.9594483782987788,-0.20996827448769012
80.0,13.18,-0.960017464713881,-0.1941559300624992,-0.03468230192799884,-0.18457165151854663,0.03975774758279786,-0.19504074777931668,0.9584487133604249,-0.2122826194022108
80.0,13.2,-0.9608074004065043,-0.19223451169717498,-0.03563085984724369,-0.18693080159108164,0.03896961549009193,-0.19311948779042717,0.9574115766046981,-0.21464981402336386
80.0,13.22,-0.9615901323623617,-0.19030614308056662,-0.0366167093938802,-0.1893459766151512,0.038188702621737,-0.19119129514090488,0.9563350705044213,-0.2170716408043035
80.0,13.24,-0.9623656133800365,-0.18837067155392553,-0.0376418544827281,-0.19181907308449916,0.037415077042466334,-0.18925611726823932,0.9552171827019603,-0.21954995249668885
80.0,13.26,-0.96313376117416,-0.1864281124032367,-0.03870830331579358,-0.1943521113397656,0.03664880820346066,-0.1873139028087903,0.9540557730737121,-0.22208666641171393
80.0,13.28,-0.9638944578453893,-0.18447864912558698,-0.03981827451701696,-0.1969472015896053,0.035889966044692884,-0.18536458071784,0.9528485573537495,-0.22468379258326687
80.0,13.3,-0.9646476767830027,-0.1825219602521643,-0.04097416194081679,-0.19960648440210524,0.0351386261304062,-0.18340810538847707,0.9515931075727462,-0.2273434128026101
80.0,13.32,-0.9653933570238159,-0.18055789245406578,-0.04217842806220921,-0.2023322751644947,0.03439487076017549,-0.18144441302489936,0.9502868267943706,-0.23006772344213067
80.0,13.34,-0.9661313704467872,-0.17858662922171442,-0.043433793670076125,-0.20512688753419805,0.03365877629883014,-0.1794734263881728,0.9489269476891241,-0.23285899562710952
80.0,13.36,-0.9668616165654622,-0.1766081857402392,-0.04474307191477421,-0.20799284259144868,0.03293043366610383,-0.1774950955073119,0.9475105212429942,-0.23571956774650635
80.0,13.38,-0.967584080638016,-0.17462207034389404,-0.04610939580295614,-0.21093265540064918,0.03220993375947485,-0.17550935850240115,0.9460343899059027,-0.23865190374822584
80.0,13.4,-0.9682985918587612,-0.17262863550224597,-0.047535978041990536,-0.2139490668032883,0.031497363356453784,-0.1735161033335113,0.9444951667143479,-0.24165859939024317
80.0,13.42,-0.9690050956119617,-0.17062755806590085,-0.04902635403171881,-0.21704487340017328,0.030792830110840344,-0.17151529035788105,0.9428892440726024,-0.24474228994052794
80.0,13.44,-0.9697034993263918,-0.16861868308958664,-0.050584332363311765,-0.22022296793028087,0.030096439852704063,-0.16950683300030273,0.9412127424897448,-0.24790577011883272
80.0,13.46,-0.9703936462361752,-0.16660219408417615,-0.0522139021886247,-0.2234863937147244,0.029408298000934318,-0.16749064200955605,0.9394615082122362,-0.25115193223746984
80.0,13.48,-0.9710754315544198,-0.16457793595664041,-0.05391944933901561,-0.2268383312117515,0.028728524416557284,-0.16546664473399336,0.9376310810355887,-0.2544837834016343
80.0,13.5,-0.971748744424514,-0.16254575347568126,-0.055705645425096206,-0.23028204978613714,0.028057239726276023,-0.16343473045078033,0.9357166701960407,-0.25790446348487933
80.0,13.52,-0.972413463423036,-0.16050549060166114,-0.057577458962742634,-0.23382105282337498,0.02739457810201682,-0.16139482941097433,0.9337131282390877,-0.2614172084356767
80.0,13.54,-0.9730694322311082,-0.1584571609837392,-0.0595403855158851,-0.23745886363478852,0.02674067631782428,-0.15934683900353808,0.9316149131336314,-0.26502539651945267
80.0,13.56,-0.9737164853418948,-0.15640077812199582,-0.06160017636462561,-0.24119921183904,0.0260956853968757,-0.157290682379329,0.9294160534980209,-0.2687325407043513
80.0,13.58,-0.9743545030388863,-0.1543360155354775,-0.06376316323685544,-0.2450459949604818,0.02545975720454181,-0.15522621989546873,0.9271101174476554,-0.27254226235990875
80.0,13.6,-0.9749833257963471,-0.15226271590757554,-0.06603617833265696,-0.24900315862734385,0.024833059066172277,-0.15315336256033824,0.924690158302776,-0.2764583260694596
80.0,13.62,-0.9756027287142998,-0.15018106187948652,-0.06842655600229315,-0.2530749162860589,0.02421577108931342,-0.15107198294920118,0.9221486711303579,-0.28048463937642504
80.0,13.64,-0.976212556614037,-0.14809072569821907,-0.07094221380468237,-0.25726555822025243,0.023608083059483167,-0.14898200963985492,0.9194775561870663,-0.28462518111041607
80.0,13.66,-0.9768125832738863,-0.1459917189915195,-0.07359176593166852,-0.2615795213132971,0.023010199630258587,-0.14688328734511114,0.9166680297795222,-0.28888410323309704
80.0,13.68,-0.9774026244974946,-0.14388371299735722,-0.07638458634036488,-0.2660214153473854,0.022422339571296596,-0.1447757063528097,0.9137105894102209,-0.2932656336117175
80.0,13.7,-0.9779824230595323,-0.14176671861787304,-0.07933084206225703,-0.2705959260287332,0.02184473333311771,-0.14265913645568848,0.910594923334204,-0.29777413229169314
80.0,13.72,-0.9785517067250206,-0.1396407469107123,-0.08244147680304402,-0.2753078935919244,0.021277638416561318,-0.14053344705957427,0.9073098429265324,-0.3024140255503427
80.0,13.74,-0.9791102577504253,-0.13750529625813215,-0.08572853617269344,-0.28016229724302094,0.020721319153554216,-0.1383984985957148,0.9038431915149321,-0.3071898132760366
80.0,13.76,-0.9796577137380114,-0.1353607183779379,-0.08920500933446683,-0.28516413662005563,0.020176073184286235,-0.13625416037504134,0.9001817463535619,-0.31210604803435754
80.0,13.78,-0.9801938326949824,-0.13320633914430463,-0.09288510640588138,-0.290318527151146,0.01964221769148936,-0.13410030143175797,0.8963111171089359,-0.31716728562858915
80.0,13.8,-0.9807182040964549,-0.13104250965390554,-0.09678437935654587,-0.2956305586474139,0.01912009288842093,-0.1319367491954364,0.892215612149119,-0.3223780833923451
80.0,13.82,-0.9812305057744478,-0.12886872522836734,-0.10091974176542777,-0.30110533466918377,0.018610070774664988,-0.12976338928694867,0.8878781189754283,-0.32774291936325955
80.0,13.84,-0.9817303360062891,-0.12668482245949453,-0.10530968363273893,-0.3067478846386755,0.018112554709007835,-0.12758004738310774,0.8832799537377484,-0.33326613748569406
80.0,13.86,-0.9822172143225714,-0.12449098012324672,-0.1099744561688862,-0.3125630871264702,0.01762797926767912,-0.12538658960470211,0.8784007024566266,-0.33895187091047035
80.0,13.88,-0.9826906887427983,-0.12228686247049668,-0.11493622360063492,-0.3185556119276283,0.017156827356164514,-0.1231828807786497,0.8732180287501186,-0.3448039655461311
80.0,13.9,-0.983150241728505,-0.12007230428010819,-0.1202193269025578,-0.32472976742661264,0.01669961535901386,-0.12096875180856044,0.8677074809462992,-0.350825859023475
80.0,13.92,-0.9835953084404571,-0.11784713963162274,-0.12585035490630286,-0.33108944370295607,0.016256910556969775,-0.11874407850211564,0.8618422669773593,-0.357020433209774
80.0,13.94,-0.9840252517602143,-0.11561137367840132,-0.13185861817026134,-0.3376378573187899,0.01582933665754066,-0.11650873098735261,0.855593017804897,-0.363389842106949
80.0,13.96,-0.9844394177892781,-0.11336466754272631,-0.1382762564700241,-0.34437742387765957,0.015417570634699795,-0.11426258398264898,0.848927493780919,-0.3699353414481844
80.0,13.98,-0.9848370290379737,-0.11110719708703454,-0.14513858771294408,-0.3513094965543524,0.015022359397978413,-0.11200553716439285,0.84181032416164,-0.3766569547617436
80.0,14.0,-0.9852172977145266,-0.10883862230026652,-0.15248454566897254,-0.3584340189843367,0.014644521345977215,-0.10973750987415408,0.8342026570695817,-0.3835532304306433
80.0,14.02,-0.9855793008137593,-0.10655911847957986,-0.16035676482266661,-0.3657492598600095,0.014284952342810596,-0.10745846148743829,0.8260618217455464,-0.390620819541158
80.0,14.04,-0.9859220690216219,-0.10426851692021569,-0.16880244581749113,-0.3732511838751642,0.013944638407866111,-0.10516834703597977,0.817340931780443,-0.3978540560237465
80.0,14.06,-0.9862445210695485,-0.10196682092278045,-0.17787315874217338,-0.38093317031267154,0.01362466619902518,-0.10286722342254633,0.8079885128511777,-0.4052443285616262
80.0,14.08,-0.9865454562460138,-0.09965420630380113,-0.1876258608515014,-0.38878506647589267,0.013326222857035924,-0.10055515460750442,0.7979480668129529,-0.41277942625711433
80.0,14.1,-0.9868235637222265,-0.09733084974413524,-0.1981231088008051,-0.3967924965499988,0.013050621964307776,-0.09823232073127817,0.7871576233313861,-0.4204427277670464
80.0,14.12,-0.987077412915145,-0.09499692923972625,-0.20943343607215617,-0.40493591750198443,0.012799301455936168,-0.09589897992987965,0.7755493411212845,-0.4282121257460141
80.0,14.14,-0.9873054270407181,-0.09265279695637385,-0.22163205097332211,-0.4131892868167153,0.01257383908821585,-0.09355548561400967,0.7630490585182192,-0.43605889186364527
80.0,14.16,-0.9875058605501515,-0.09029915258071085,-0.23480092658919358,-0.4215187707912565,0.012375965607384985,-0.09120236258375088,0.7495759567930808,-0.44394612851075277
80.0,14.18,-0.9876768405244395,-0.08793652738766325,-0.2490295191277452,-0.42988080056022066,0.012207567614059639,-0.08884031645999198,0.7350422546354414,-0.4518270378928364
80.0,14.2,-0.9878163137570488,-0.08556580250674582,-0.264414771115199,-0.4382200561129178,0.012070706486852758,-0.08647026296302741,0.719353133528181,-0.45964276876982413
80.0,14.22,-0.9879220489201435,-0.083188210752003,-0.2810609601740955,-0.4464670432421666,0.011967604144545571,-0.08409336750581108,0.7024067432847266,-0.4673199482661841
80.0,14.24,-0.9879916292099625,-0.08080551109278591,-0.29907985956775346,-0.454534819298843,0.011900663278562228,-0.08171116777814855,0.684094700980419,-0.47476768408471676
80.0,14.26,-0.9880225384017574,-0.07841912893056951,-0.31858937782512253,-0.4623158351122902,0.01187243894869467,-0.0793255640696914,0.6643029508916986,-0.48187403110365645
80.0,14.28,-0.9880120467534577,-0.07603188337670656,-0.3397126882427846,-0.46967752561521237,0.011885629745571898,-0.07693896045017955,0.6429133148685906,-0.48850200345468714
80.0,14.3,-0.9879573702105574,-0.07364661127899216,-0.3625754846793654,-0.4764579201197707,0.011943033839317054,-0.07455434445710664,0.619805982465599,-0.4944850271735689
80.0,14.32,-0.9878556823751172,-0.0712668610218814,-0.38730294395632686,-0.4824600925820411,0.012047487532592537,-0.07217536828546116,0.59486318947371,-0.49962175354381827
80.0,14.34,-0.9877041904636842,-0.06889724197579646,-0.41401400966705904,-0.4874470009952457,0.012201777046116,-0.06980651851530763,0.5679745010617518,-0.503670672922659
80.0,14.36,-0.9875002912669114,-0.06654325718372131,-0.4428150445081626,-0.491134961262638,0.012408499230710881,-0.06745319629413012,0.5390441763121081,-0.506344452919842
80.0,14.38,-0.9872417727948548,-0.06421113658962113,-0.47378941946678627,-0.4931885300723384,0.012669890013620365,-0.0651218881457943,0.5080011460469882,-0.5073046621857784
80.0,14.4,-0.986927022884883,-0.061908532462628785,-0.506984762251169,-0.4932157210122577,0.012987557536765507,-0.06282023337087504,0.4748119925305337,-0.5061575223462351
80.0,14.42,-0.9865553588688816,-0.059644524791207305,-0.5423969280616826,-0.49076461490849066,0.013362175653933356,-0.06055714805815621,0.43949765891672754,-0.5024516372736801
80.0,14.44,-0.9861274560058603,-0.05742928188471218,-0.5799488276130891,-0.48532470614390194,0.013793070016401076,-0.05834282031852855,0.40215382236889746,-0.4956793630342894
80.0,14.46,-0.9856458344782832,-0.05527406506732928,-0.6194665395737652,-0.4763323607510644,0.014277719491962331,-0.056188622813854276,0.3629750190997733,-0.48528361683460325
80.0,14.48,-0.9851154125643106,-0.05319105912576544,-0.6606519583184702,-0.46318451129823823,0.014811207743618979,-0.05410692169898934,0.32228141157451806,-0.47067250012069145
80.0,14.5,-0.984544072055247,-0.05119354411171026,-0.7030543867461188,-0.4452629042255205,0.01538561552147679,-0.052110596507821176,0.2805461648200109,-0.4512443731531157
80.0,14.52,-0.9839432988355902,-0.04929382926665483,-0.7460450328489516,-0.4219706254967758,0.01598945271416907,-0.05021236801538913,0.2384198417408859,-0.4264256527903045
80.0,14.54,-0.9833285396116771,-0.047503590606958995,-0.7887988219738061,-0.3927835920589085,0.01660723234824895,-0.04842379764756193,0.19674639565731722,-0.3957225153971109
80.0,14.56,-0.982719390282273,-0.04583196926893461,-0.8302917264843434,-0.3573145521033852,0.017219315241475696,-0.04675402483245837,0.1565638645629051,-0.3587856332197601
80.0,14.58,-0.9821392988142066,-0.044284351661067464,-0.8693200197368804,-0.3153879028092626,0.017802196364851725,-0.04520824713951918,0.11908196692027734,-0.3154833422690228
80.0,14.6,-0.981614720741409,-0.04286011243808361,-0.9045499229856259,-0.2671135823727928,0.01832937332880689,-0.0437861697841756,0.08563006770956194,-0.2659744740954498
80.0,14.62,-0.9811735289722947,-0.041552404310150864,-0.9345997303824707,-0.21294918503870558,0.018772910974590978,-0.04248066493259064,0.05757273378528955,-0.21076728990607205
80.0,14.64,-0.9808428854987173,-0.040346390800933954,-0.9581512936970121,-0.15373409400033286,0.019105599125018267,-0.04127693177806584,0.0361969057723329,-0.1507490100583832
80.0,14.66,-0.9806466457476664,-0.039219865086269526,-0.9740792873886758,-0.09067846418296721,0.019303552634331398,-0.040152541017356186,0.022583269271305488,-0.08717099911695901
80.0,14.68,-0.9806027949286994,-0.038143689654211395,-0.9815770765292217,-0.025302346728246945,0.019348792728340093,-0.039078485516236126,0.01748246981425158,-0.021582135856755173
80.0,14.7,-0.9807213135405742,-0.03708463874698801,-0.9802556679808603,0.04067716172147762,0.01923136276868248,-0.03802127926329348,0.02122044650460589,0.0442864101548808
80.0,14.72,-0.9810030213525993,-0.03600758038813585,-0.9701935225931166,0.10549080534709898,0.018950508472621832,-0.03694579164727706,0.03365388796785781,0.10866894297376904
80.0,14.74,-0.9814395658737025,-0.03487889898716972,-0.9519260095496115,0.16747287316507048,0.018514669663524972,-0.03581834415315388,0.054186533008662385,0.16991994927660026
80.0,14.76,-0.9820146050016394,-0.03366928608136692,-0.9263767267006323,0.22519810478790725,0.017940285050015808,-0.03460950673710259,0.08184271618505358,0.22664809634416538
80.0,14.78,-0.9827058782635057,-0.03235537974082853,-0.894746969661029,0.27757618724044636,0.017249721767273924,-0.033296134148326884,0.11538158604726191,0.27780780298894125
80.0,14.8,-0.9834876863283936,-0.0309216067894947,-0.8583860084146792,0.3238967464653106,0.01646875911215134,-0.03186238959606149,0.15342816540787516,0.3227381774478519
80.0,14.82,-0.9843333824995322,-0.029359287191952455,-0.8186664848933772,0.363822529476677,0.015624116884377742,-0.03029978349614575,0.19459779278835002,0.36115236958874153
80.0,14.84,-0.9852174361226302,-0.027666405658867358,-0.7768822754579094,0.3973444235198015,0.01474137537102999,-0.02860639947237447,0.23759665480929476,0.39308876904548373
80.0,14.86,-0.9861169064202865,-0.025846319660719545,-0.7341775766481012,0.4247140074514094,0.013843503393641227,-0.0267856589854806,0.2812900112530377,0.41884072429778174
80.0,14.88,-0.9870123043625372,-0.023906256255312026,-0.6915087242519405,0.44636763896144505,0.012949990877726648,-0.02484485673747075,0.32473796711114145,0.43887983357755944
80.0,14.9,-0.987887902099035,-0.02185594454265642,-0.6496325911913594,0.46285617560868786,0.012076558899718929,-0.022793797184673916,0.3672039558767538,0.45378434868120077
80.0,14.92,-0.9887316355740995,-0.01970656551922207,-0.6091157044442315,0.4747842408119899,0.01123524858870753,-0.02064358007799467,0.40814376367042743,0.46417951390804424
80.0,14.94,-0.9895347579898469,-0.017469339414226893,-0.5703553578949365,0.48276438671098815,0.010434787023106552,-0.018405688097025148,0.4471827146653773,0.4706923444599462
80.0,14.96,-0.9902913400355549,-0.01515565788840698,-0.5336063776597103,0.4873850295691603,0.009681068689108611,-0.016091302131057163,0.4840876675892958,0.4739204326208148
80.0,14.98,-0.9909977638612284,-0.012775661697970913,-0.4990090625739365,0.4891903499875612,0.008977689354837002,-0.013710884305002264,0.5187381861893474,0.47441282960029924
80.0,15.0,-0.9916522021607499,-0.010339240149739328,-0.46661591395512064,0.4886690307879589,0.008326443202997474,-0.011273926626231013,0.5510999287412833,0.47266023509895777
80.0,15.02,-0.9922541939289808,-0.007854616354665916,-0.43641381397428397,0.4862511255775717,0.007727770064199516,-0.008788846655458923,0.5812015777542833,0.4690918910347601
80.0,15.025,-0.9923965422186848,-0.0072266231018005235,-0.42919953000684985,0.4853950541835996,0.0075862705501683085,-0.008160940557400806,0.5883816316624829,0.4679606319019699
80.0,15.04,-0.9928042590805192,-0.005329013004493217,-0.40834377122243154,0.4823080290232215,0.007181129011685917,-0.006262976447547339,0.6091158492574341,0.46407703752315727
80.0,15.06,-0.9933035973627125,-0.002768806529228497,-0.3823156541704881,0.47715639839955126,0.006685302056984391,-0.0037026160699997414,0.6349444618876063,0.45792894257715233
80.0,15.08,-0.9937538543862866,-0.00017933982316422823,-0.3582199613936938,0.4710631983373609,0.0062386260040322135,-0.0011131119051405907,0.6588066131323813,0.4509104036107825
80.0,15.1,-0.9941569407401115,0.002434914467332467,-0.3359367841253667,0.46425124978130156,0.005839178936747384,0.0015010360569701012,0.6808304001223916,0.44323982078423907
80.0,15.12,-0.9945149003849016,0.005070013467591194,-0.3153420481046755,0.4569051237366402,0.005484905750432767,0.00413607355236003,0.7011466452929528,0.43509717930957775
80.0,15.14,-0.9948298120795953,0.007723068696774053,-0.29631197853689106,0.4491766535777352,0.005173719329339399,0.006788889965655725,0.7198846091690488,0.42662969482796526
80.0,15.16,-0.9951037261477811,0.010391380539970897,-0.27872630546661153,0.44118982207435864,0.004903562635750428,0.009456923077790008,0.7371691040758352,0.4179569166173573
80.0,15.18,-0.99533861544696,0.013072959776403433,-0.2624702250508018,0.4330452252724988,0.004672455840449285,0.012138073970386624,0.753118665900154,0.40917522220379937
80.0,15.2,-0.9955363509318269,0.015766006603316535,-0.24743530689672086,0.42482408959807316,0.004478525473337124,0.014830639591576425,0.7678445150673688,0.40036179597607896
80.0,15.22,-0.99569868361266,0.018469083617668292,-0.23352055753925754,0.4165913360379528,0.004320017040746837,0.017533234943839085,0.7814500902785957,0.39157784425279885
80.0,15.24,-0.9958272347415287,0.02118111490971672,-0.2206323746176938,0.4083985247528511,0.004195307634104896,0.020244756362282502,0.7940309059664934,0.38287152609683556
80.0,15.26,-0.9959234952436758,0.023901211133649868,-0.2086843361806656,0.4002862884317709,0.00410290443786348,0.022964319895482775,0.8056747535797181,0.37428022914195724
80.0,15.28,-0.9959888232218168,0.026628842079767907,-0.19759731273225778,0.3922861381968036,0.004041443052362421,0.02569122755136316,0.816461965265853,0.3658325952774556
80.0,15.3,-0.9960244600750587,0.02936331391295172,-0.18729880127613158,0.38442227181571903,0.00400968596525946,0.02842494029773964,0.8264658715202782,0.3575501137218579
80.0,15.32,-0.9960315296600358,0.03210411557919715,-0.1777227363040639,0.37671278715356077,0.0040065106088680216,0.03116504191208384,0.8357532514416499,0.34944852269626986
80.0,15.34,-0.9960110377501658,0.034851091513111145,-0.16880874461494583,0.36917099590088026,0.004030905617987014,0.033911214920560304,0.8443848501502224,0.3415388534746814
80.0,15.36,-0.9959638949067068,0.03760391902315134,-0.1605019560150846,0.36180618706362916,0.004081965633226183,0.0366632422132394,0.8524158674448113,0.33382835951330647
80.0,15.38,-0.9958909133868961,0.040362454990262704,-0.152752548973476,0.3546244114289314,0.0041588752759886,0.039420954810405716,0.8598964114729702,0.3263213351354219
80.0,15.4,-0.995792812457936,0.0431267349246916,-0.1455151203847181,0.3476292035799175,0.0042609110729556554,0.04218425590213333,0.8668719949552635,0.3190196108065054
80.0,15.42,-0.9956702475350251,0.04589645073543861,-0.13874832516627927,0.34082205930395554,0.004387428618201701,0.044953094286204545,0.8733839275589789,0.3119231568403496
80.0,15.44,-0.9955237792936432,0.04867181899052912,-0.13241465744511904,0.3342028110620414,0.004537856308569694,0.04772744363387315,0.87946972416616,0.3050304358184846
80.0,15.46,-0.9953539179634825,0.051452711292859915,-0.12648004763019083,0.32776997412916037,0.004711690214181665,0.050507316867572254,0.8851634797033546,0.29833872448960774
80.0,15.48,-0.9951611055410322,0.05423917504690115,-0.1209133337011553,0.32152112935363236,0.004908489331465542,0.053292754457306614,0.8904961678449016,0.29184445813724547
80.0,15.5,-0.9949457287494405,0.057031259138617944,-0.11568620843609205,0.31545304806286034,0.005127867351939727,0.05608379931085966,0.8954959779793565,0.2855433566953154
80.0,15.52,-0.994708123913385,0.059829013467616605,-0.11077284275629833,0.3095619320470192,0.005369489856152829,0.05888052678918064,0.900188559547027,0.2794306762484305
80.0,15.54,-0.9944485705711884,0.06263266210061802,-0.10614979967426161,0.30384349859881354,0.005633068184652278,0.06168301337256046,0.9045972869375791,0.2735013056804305
80.0,15.56,-0.9941673157333681,0.06544225561403856,-0.1017955419075117,0.2982932187715332,0.00591835831183616,0.06449134870857638,0.90874347848383,0.2677498823928581
80.0,15.58,-0.9938645800899994,0.06825767099315991,-0.09769038179169871,0.2929063334429602,0.006225152821690056,0.06730562365995572,0.9126465720205101,0.2621709695265856
80.0,15.6,-0.993540526222521,0.0710791318079438,-0.09381644840644068,0.2876779150256041,0.0065532832204678515,0.07012594044752328,0.9163243522301548,0.2567589652236069
80.0,15.62,-0.9931952829078659,0.0739068607149199,-0.09015726799141846,0.28260307845148663,0.006902610690654884,0.07295239850630147,0.9197930624952534,0.2515083364636239
80.0,15.64,-0.9928289741862233,0.07674073258293124,-0.08669779245590818,0.27767676349131026,0.007273030009201317,0.07578509710406063,0.9230675730011593,0.24641357636938593
80.0,15.66,-0.9924416570410173,0.0795811409539708,-0.08342417170996477,0.27289406333301003,0.007664461827071673,0.07862414517277183,0.9261615281227858,0.24146919168404635
80.0,15.68,-0.9920334032602024,0.08242795801004962,-0.08032377351924856,0.2682501030629072,0.008076854647021403,0.08146965199074419,0.9290874168893176,0.23666988163236216
80.0,15.7,-0.9916042481623274,0.08528122761033152,-0.07738489871382169,0.26374008868078774,0.00851017476389613,0.08432170017951185,0.9318567291352424,0.23201038369381347
80.0,15.72,-0.9911541751477174,0.08814133779386678,-0.07459680423079118,0.2593592945575116,0.008964418163919267,0.08718041096453231,0.9344800165101671,0.22748561308269646
80.0,15.74,-0.9906831916215817,0.09100815524888507,-0.0719496582669978,0.2551031669602385,0.009439597957749138,0.09004588488681392,0.9369669839329642,0.22309064734413978
80.0,15.76,-0.9901912557330734,0.09388189044930965,-0.06943430829645199,0.25096725010022475,0.009935742893431248,0.09291819617943912,0.9393265776166111,0.21882068577767613
80.0,15.78,-0.9896783233076119,0.09676257844766847,-0.06704237888744036,0.24694721418443297,0.010452906240831698,0.09579746420266223,0.9415670389504124,0.21467111582006065
80.0,15.8,-0.9891443169688395,0.09965042445833604,-0.06476608069337708,0.24303886759590113,0.010991155779587548,0.09868377831339739,0.9436959811984879,0.21063745898545927
80.0,15.82,-0.9885891780213202,0.10254528557777855,-0.0625982677117323,0.23923819112220193,0.011550569236979431,0.10157721069884477,0.945720435148604,0.20671540894933507
80.0,15.84,-0.9880127803154912,0.10544753380857763,-0.06053224662815845,0.23554128776781416,0.012131246726774455,0.10447786204018658,0.9476468956027502,0.2029008491102256
80.0,15.86,-0.9874150375172925,0.10835702043915756,-0.0585619155717489,0.23194436821158362,0.012733300318024856,0.10738581171954013,0.9494813830581168,0.1991897837071612
80.0,15.88,-0.9867958330738242,0.11127376629843705,-0.05668149687170478,0.22844386643471964,0.013356852496403957,0.11030115372570669,0.9512294740126395,0.19557838030689
80.0,15.9,-0.986154978876293,0.11419830537889265,-0.05488577084688065,0.2250362841259876,0.01400204098897617,0.11322393709956637,0.9528963330554681,0.19206299323736747
80.0,15.92,-0.9854923921827705,0.11713013496867337,-0.053169767159021136,0.22171826162194586,0.014669014600131309,0.11615426507513969,0.9544867593453867,0.18864008402560292
80.0,15.94,-0.9848078597686348,0.12006978153973635,-0.05152892581938801,0.21848663722728415,0.015357930557069277,0.11909217714010399,0.9560052139370715,0.18530627438841293
80.0,15.96,-0.9841012594386745,0.12301690772549771,-0.04995894717591977,0.21533825943179122,0.01606896524604332,0.12203777090934026,0.9574558408373292,0.1820583272905084
80.0,15.98,-0.9833723535201436,0.12597203157658982,-0.04845594454953631,0.2122702105890873,0.016802297622037717,0.12499110097923849,0.9588424983430998,0.17889312863843276
80.0,16.0,-0.982621000934145,0.12893480817896105,-0.047016146732943576,0.20927962986770357,0.01755812159680844,0.1279522106039926,0.960168778336211,0.17580771733900113
80.0,16.02,-0.9818469639926609,0.13190557515875334,-0.04563609950749687,0.20636379090334153,0.018336635538484004,0.13092117422507146,0.9614380373564264,0.17279921255556246
80.0,16.04,-0.981050062423819,0.1348841511807152,-0.044312644733199465,0.20352009810156868,0.019138055096727044,0.13389803476505488,0.9626533923300642,0.16986492407751766
80.0,16.06,-0.9802300377479536,0.137870864469818,-0.043042705963355646,0.200746027978735,0.01996259954709978,0.1368828662508327,0.9638177699741916,0.16700219619860995
80.0,16.08,-0.9793866924614659,0.1408655247975874,-0.04182350692160776,0.19803915086144133,0.020810499655582158,0.13987567926209404,0.9649338969908458,0.16420853289426707
80.0,16.1,-0.978519798510273,0.1438681087908818,-0.040652386567912244,0.19539718769180797,0.02168199488511573,0.14287655199778346,0.9660043227377839,0.16148152731455848
80.0,16.12,-0.9776290429077159,0.1468791002189728,-0.0395269174548899,0.19281793023183683,0.0225773316899141,0.14588548827517975,0.9670314388660914,0.15881887665416938
80.0,16.14,-0.9767142562601444,0.1498979533588067,-0.03844471662343749,0.19029923014585393,0.023496768456698857,0.14890255507591274,0.9680174797644727,0.15621836730694633
80.0,16.16,-0.9757751062238198,0.1529251409633296,-0.03740362544172301,0.18783905031184933,0.024440567988238744,0.15192777253732095,0.9689645447346338,0.1536778857400896
80.0,16.18,-0.97481133154631,0.15596061870506,-0.03640165894887838,0.18543544626993708,0.025409005296628956,0.15496117101401374,0.9698746018651938,0.15119539991984263
80.0,16.2,-0.9738226880493287,0.15900416639516354,-0.03543685936338947,0.1830865457933994,0.026402362302810015,0.15800276537062163,0.9707494961648335,0.14876896193062833
80.0,16.22,-0.9728088453110652,0.16205606898315056,-0.034507421575752886,0.1807905212345467,0.02742092520041526,0.1610525836084191,0.9715909631124623,0.1463967041700074
80.0,16.24,-0.9717695172333445,0.16511626480162717,-0.0336116689070432,0.17854567740984792,0.028465001309999488,0.16411065753957296,0.9724006345811448,0.14407683924888132
80.0,16.26,-0.9707044121134631,0.16818468656840135,-0.0327479878313079,0.17635030905708127,0.02953488715090831,0.1671769818392779,0.9731800457578906,0.14180764419946718
80.0,16.28,-0.969613199490492,0.17126142988798793,-0.031914889147694914,0.17420287786338434,0.030630906611642385,0.1702515776453026,0.9739306375997004,0.13958747330008744
80.0,16.3,-0.9684955717653106,0.17434641461952965,-0.031110933880425136,0.17210181147298176,0.03175337483062917,0.17333443372233434,0.9746537737902977,0.13741474157664735
80.0,16.32,-0.9673511861550536,0.17743972356463752,-0.030334815709666254,0.17004563326328687,0.03290262635111202,0.176425576267648,0.9753507363777408,0.13528792755645663
80.0,16.34,-0.9661796869135981,0.18054143144694504,-0.02958527339406739,0.16803295268622503,0.03407900087504927,0.17952498413764303,0.9760227316990573,0.13320557566655536
80.0,16.36,-0.964980745282677,0.18365143769487205,-0.02886109900611057,0.1660624198984614,0.03528284541015175,0.18263266603654676,0.9766709035129987,0.13116627861573507
80.0,16.38,-0.9637540230361805,0.18676963427580703,-0.028161166516292614,0.16413269967337304,0.03651451480161206,0.18574859185899287,0.9772963265003956,0.129168693375199
80.0,16.4,-0.962499111873214,0.1898962425517255,-0.02748442062362604,0.16224255001767998,0.0377743739366166,0.188872752027273,0.9779000214352431,0.12721152355841753
80.0,16.42,-0.9612156920794473,0.19303097120765592,-0.0268298521200795,0.16039076443052214,0.03906279686511859,0.19200513242086478,0.9784829490198298,0.12529352311234218
80.0,16.44,-0.9599033365406844,0.19617402482471252,-0.026196506793271214,0.15857616898040633,0.04038016312806962,0.19514571078853077,0.9790460192115371,0.1234134950447209
80.0,16.46,-0.9585616799019904,0.19932526442463197,-0.025583483167667412,0.15679765845447394,0.04172686057834311,0.19829445173996768,0.9795900923927281,0.12157029071422412
80.0,16.48,-0.9571903115421344,0.20248470941973387,-0.024989926373460997,0.1550541389853595,0.04310328987323788,0.20145132544436303,0.9801159853330755,0.11976279749700142
80.0,16.5,-0.9557888502715469,0.20565220370510282,-0.02441502664821679,0.15334460061926145,0.044509859582423504,0.2046162813014491,0.9806244702972338,0.11798995329711216
80.0,16.52,-0.954356871038584,0.2088277491225381,-0.023858016198139403,0.15166802406996363,0.04594698160741772,0.20778929431352375,0.9811162792553721,0.11625072865189678
80.0,16.54,-0.9528939045155169,0.2120115044720516,-0.023318162595953637,0.15002345355778443,0.0474150767088748,0.21097028665286516,0.9815921055984832,0.1145441379811932
80.0,16.56,-0.9513995814128096,0.2152031190441895,-0.022794777177045623,0.14840997494824462,0.04891458469134256,0.2141592219217526,0.982052609830553,0.11286922693806936
80.0,16.58,-0.9498734548012928,0.21840256621205675,-0.022287194882071936,0.14682666507996497,0.05044593876707047,0.2173560066530415,0.9824984156485901,0.1112250794215346
80.0,16.6,-0.9483150268184202,0.22160997357787313,-0.02179479876169523,0.14527269164818635,0.05200960672828682,0.22056063428677788,0.9829301175479617,0.1096108119997491
80.0,16.62,-0.9467238692399559,0.22482512686163472,-0.021316989842330276,0.1437472116439286,0.053606037194132844,0.22377298510613428,0.98334827971271,0.10802557074813081
80.0,16.64,-0.945099508769529,0.22804796704618613,-0.020853201353834793,0.1422494204421221,0.05523570120580152,0.22699297071456243,0.9837534379960248,0.10646853709835392
80.0,16.66,-0.9434414615278343,0.23127842328596612,-0.020402899490536926,0.14077856656483803,0.05689907513275979,0.2302205108652021,0.9841461028609039,0.10493891638252952
80.0,16.68,-0.9417492343609278,0.2345164128782797,-0.019965565302276504,0.13933386995479288,0.05859665936396116,0.23345555616439512,0.9845267593681156,0.1034359433915065
80.0,16.7,-0.9400223283101716,0.2377618418032768,-0.019540717328125463,0.13791465021252064,0.06032893817052803,0.23669792484494354,0.984895868977544,0.10195888289620082
80.0,16.72,-0.9382602334127008,0.24101460311058356,-0.019127887051323195,0.13652018090636242,0.06209642991154301,0.23994757236333467,0.985253871646462,0.1005070214815085
80.0,16.74,-0.9364624311180851,0.24427457716155218,-0.018726629284957035,0.1351498018644611,0.06389965377820905,0.2432043700968581,0.9856011860612837,0.099079671321491
80.0,16.76,-0.9346284377421387,0.2475414682223317,-0.01833652404348798,0.133802853028828,0.06573913392636843,0.24646815687528623,0.9859382113066549,0.09767616887189574
80.0,16.78,-0.9327576314069094,0.25081545671137945,-0.017957167649215997,0.13247873808458363,0.06761541650813423,0.24973885401015522,0.9862653278826794,0.09629587173571703
80.0,16.8,-0.9308495563236702,0.2540960573038484,-0.017588175615422422,0.13117682886531373,0.06952904613979102,0.2530162889230567,0.9865828984124295,0.09493816069328431
80.0,16.82,-0.9289035697899142,0.2573834208399651,-0.017229176224981397,0.1298965441767159,0.07148058713450313,0.2563003079728733,0.9868912689080025,0.09360243829531793
80.0,16.84,-0.9269191527277686,0.2606771956261043,-0.016879823899317102,0.12863731581772084,0.0734706024875281,0.2595907505464282,0.9871907699284472,0.09228812221272736
80.0,16.86,-0.924895689314857,0.2639773397212834,-0.01653977805236866,0.12739859093269262,0.0754996712585562,0.26288744252169405,0.987481716585703,0.09099465410454928
80.0,16.88,-0.9228325982985816,0.2672836330034535,-0.016208724315967562,0.1261798582960607,0.07756841121234093,0.26619025420928494,0.9877644097926009,0.08972149295069853
80.0,16.9,-0.9207292407193208,0.2705959996780673,-0.01588635062498681,0.12498059105651013,0.07967739836473549,0.26949892411113696,0.9880391373270585,0.08846811356493507
80.0,16.92,-0.9185851118004328,0.2739138656998557,-0.015572365746879748,0.12380028881806061,0.08182725989908732,0.27281329426563866,0.9883061740034851,0.0872340084913485
80.0,16.94,-0.9163994597392346,0.27723744269843265,-0.01526648936514729,0.12263849214955566,0.08401863074569882,0.2761331568060767,0.9885657824919082,0.08601868647428199
80.0,16.96,-0.9141717133782858,0.2805662823917659,-0.01496845346973725,0.12149470964556959,0.0862521328262096,0.27945825591371815,0.9888182139700714,0.08482167264091404
80.0,16.98,-0.911901195880473,0.28390023856610747,-0.014678001777385477,0.12036850410254402,0.08852843303350756,0.282788408533867,0.9890637084602338,0.08364250690927559
80.0,17.0,-0.9095872697507791,0.2872389864981678,-0.014394886549708935,0.11925943480146163,0.09084818431714077,0.2861233102536602,0.9893024959447836,0.08248074245412744
80.0,17.02,-0.9072292356378014,0.2905823402621907,-0.01411887368162672,0.11816708484052565,0.09321206065995846,0.289462735356591,0.9895347959002313,0.08133594924677413
80.0,17.04,-0.9048263864369931,0.2939300939939254,-0.013849736394723571,0.11709104727157331,0.0956207512381552,0.2928063947924683,0.9897608191966017,0.08020770561553729
80.0,17.06,-0.9023781052848273,0.297281704458493,-0.013587259490752658,0.11603091076159958,0.0980749509751512,0.2961540099594609,0.9899807671860396,0.07909560695176471
80.0,17.08,-0.8998835602555751,0.30063723829449013,-0.013331237561873766,0.11498630041393797,0.10057538029761537,0.29950526809844663,0.9901948326400323,0.0779992589163582
80.0,17.1,-0.8973421686345429,0.30399595262015194,-0.013081466452946914,0.11395682405971053,0.10312275618252967,0.30285987219693467,0.9904032002868077,0.07691828103840562
80.0,17.12,-0.8947530757199109,0.3073578673238497,-0.012837762141087485,0.1129421500725372,0.1057178227283896,0.3062174760421158,0.9906060470994257,0.07585230333305479
80.0,17.14,-0.8921155735862895,0.310722507344139,-0.012599936289848169,0.11194190311080167,0.10836132044428362,0.3095777312568432,0.9908035428830487,0.07480096467601693
80.0,17.16,-0.8894288912576914,0.31408952997862927,-0.012367816941769656,0.11095574151269444,0.11105402235309668,0.31294027012185816,0.9909958498915792,0.07376391631701876
80.0,17.18,-0.886692302230873,0.317458412212613,-0.012141235323993485,0.10998333174900524,0.11379669506882029,0.3163047139810445,0.991183123743375,0.07274082201116056
80.0,17.2,-0.8839049041416872,0.3208290697286423,-0.011920030408478721,0.10902437309299882,0.11659013664529236,0.31967065858223975,0.9913655139108498,0.0717313528937112
80.0,17.22,-0.8810660067569054,0.3242007726388552,-0.011704044184222674,0.10807852126573009,0.11943514218943711,0.3230376807333939,0.9915431634623757,0.07073518751380477
80.0,17.24,-0.8781747964106024,0.3275730726380876,-0.011493133739837706,0.10714550147798395,0.12233253254422896,0.326405347669704,0.9917162094637696,0.06975201713275742
80.0,17.26,-0.8752303380405043,0.3309458001305583,-0.011287151236813462,0.10622499632013567,0.12528313926977663,0.3297731917300748,0.9918847835520939,0.06878154233387922
80.0,17.28,-0.8722318517849766,0.33431829354045184,-0.011085962532229716,0.10531673158402965,0.12828779972816196,0.3331407319377344,0.9920490118052179,0.06782346783901981
80.0,17.3,-0.8691784970457884,0.3376900171754922,-0.01088943472349016,0.10442041503576142,0.13134737577009437,0.336507470393266,0.9922090152440389,0.06687751128297834
80.0,17.32,-0.8660693584160152,0.34106055347173325,-0.010697444216258165,0.10353579669987723,0.13446273627332428,0.33987288008727073,0.9923649098194303,0.06594339629423474
80.0,17.34,-0.8629035719971961,0.3444293015442611,-0.010509865938428172,0.10266258464538332,0.13763476398164468,0.3432364049520476,0.9925168065894487,0.06502085428425872
80.0,17.36,-0.8596802636617173,0.3477956274575942,-0.010326584947189254,0.1018005404258231,0.14086436168199337,0.34659747421984016,0.9926648126974075,0.06410962106746104
80.0,17.38,-0.8563984888619816,0.35115901312667536,-0.010147489982346563,0.10094941885081006,0.1441524381998787,0.34995548393182097,0.992809029846952,0.06320944723315351
80.0,17.4,-0.8530572907444778,0.3545189031431245,-0.009972472251928231,0.10010895684056856,0.14749992389297525,0.3533098171999525,0.9929495564058086,0.06232008265665073
80.0,17.42,-0.8496558282472964,0.35787440832935674,-0.00980143223395914,0.09927894284745162,0.15090774933866657,0.35665980915951134,0.9930864865584289,0.06144128691125533
80.0,17.44,-0.8461930640452258,0.361225047929225,-0.009634266812374634,0.09845912448607601,0.15437687591217186,0.3600047849805405,0.9932199101382599,0.06057282754757299
80.0,17.46,-0.8426680116357944,0.36457015160881046,-0.009470882394733782,0.09764928848510482,0.157908274268475,0.3633440242703018,0.9933499138008126,0.05971447497319243
80.0,17.48,-0.839079803865081,0.36790871535550973,-0.009311185665144233,0.09684920376705833,0.16150291535019362,0.3666767926854988,0.9934765801800263,0.058866007645356884
80.0,17.5,-0.8354273094943387,0.37124028119710284,-0.009155093991613733,0.09605867707058321,0.1651617944346826,0.3700023103839539,0.9935999887461986,0.05802721214726203
80.0,17.52,-0.831709644174033,0.3745637616275182,-0.00900251972049798,0.09527749761506288,0.16888591736529251,0.3733197712912922,0.9937202154459513,0.05719787448858279
80.0,17.54,-0.8279256550943571,0.3778786074624001,-0.00885338242690717,0.09450545869466967,0.17267631795088811,0.37662832875216784,0.9938373331758138,0.056377792335132966
80.0,17.56,-0.8240744452444795,0.3811836441964979,-0.00870760537349351,0.09374235791473208,0.17653400979789774,0.37992711053491407,0.993951411419744,0.05556676630819408
80.0,17.58,-0.82015484321464,0.3844782268824899,-0.008565115731513941,0.09298801866061392,0.1804600553470878,0.3832151961098085,0.9940625168896671,0.054764603520762234
80.0,17.6,-0.8161658720601255,0.38776123082137,-0.008425839511317966,0.09224223603843953,0.18445549756863705,0.3864916412926219,0.9941707134885743,0.053971110632208955
80.0,17.62,-0.8121064793053336,0.3910316247055182,-0.008289709071068959,0.09150484113374271,0.1885214171549634,0.38975544427775205,0.9942760621339228,0.05318610603766165
80.0,17.64,-0.8079754711042155,0.39428860925938597,-0.008156660592492098,0.09077565771210412,0.19265889622358603,0.3930055716186503,0.9943786210487628,0.05240941119984638
80.0,17.66,-0.8037718518832127,0.3975309060514831,-0.008026630841172713,0.09005450286204253,0.1968690220997043,0.3962409494569711,0.9944784459693089,0.05164084719481577
80.0,17.68,-0.7994944835308976,0.40075746457281985,-0.007899559923597893,0.08934121817980381,0.20115290039307016,0.3994604551714406,0.9945755897657136,0.05088024688955708
80.0,17.7,-0.7951422927476357,0.4039670373459589,-0.007775391506102066,0.08863563798230582,0.20551164294755786,0.40266292708414086,0.9946701033427741,0.05012744282071314
80.0,17.72,-0.7907140576895111,0.40715859426982953,-0.0076540681198854765,0.08793759006131685,0.20994636453036192,0.40584714090866564,0.9947620348209373,0.049382272386777275
80.0,17.74,-0.7862087088050307,0.41033077420641145,-0.007535540812626255,0.08724693564613031,0.21445821779760837,0.40901184230942966,0.9948514299405896,0.04864457962305135
80.0,17.76,-0.7816251509738175,0.41348214340472933,-0.0074197569029064705,0.08656351898838156,0.21904832835247867,0.41215570754816266,0.994938332746131,0.04791420654493375
80.0,17.78,-0.7769621753435874,0.41661149447169965,-0.00730667153554043,0.0858871770591671,0.22371784619573232,0.41527737393532,0.9950227845556479,0.04719100529234338
80.0,17.8,-0.7722186028460196,0.4197173942705209,-0.007196237346029876,0.0852177802863358,0.22846792098198648,0.4183754269789979,0.9951048246436167,0.04647482947261951
80.0,17.82,-0.7673932970866653,0.42279836433062684,-0.00708841072446156,0.08455518175378016,0.2332997247783538,0.42144837290359,0.9951844902914875,0.045765535913879336
80.0,17.84,-0.7624850873945536,0.42585283699732407,-0.0069831533467889706,0.08389923725093998,0.2382144103077386,0.42449468373923793,0.9952618168094125,0.04506298467613559
80.0,17.86,-0.7574928432637895,0.4288791937017542,-0.006880423390389912,0.08324982524249673,0.24321314842838673,0.42751276211151845,0.9953368374800328,0.04436704079925011
80.0,17.88,-0.7524153321749913,0.43187585676433227,-0.006780185472819601,0.08260680692004879,0.2482971227434452,0.43050094768096114,0.9954095837376898,0.04367757083935434
80.0,17.9,-0.7472514081288919,0.4348410430437764,-0.0066824056194156245,0.08197005582435653,0.2534674763846199,0.4334575120123339,0.9954800849574913,0.04299444809060638
80.0,17.92,-0.7419999502749233,0.43777290268168456,-0.006587048250460841,0.08133943880505715,0.25872540667196814,0.4363806672772345,0.9955483688562103,0.042317543908354946
80.0,17.94,-0.7366596703572689,0.4406697509255267,-0.006494084148795813,0.08071484374224798,0.2640720626367641,0.4392685634890001,0.9956144613596718,0.04164673641475934
80.0,17.96,-0.7312294647827727,0.44352957302446394,-0.006403483766328438,0.08009615146967088,0.2695086214822401,0.442119246309838,0.995678386547242,0.040981907023331994
80.0,17.98,-0.7257082259981845,0.4463502614740198,-0.006315219376353626,0.07948324512266353,0.2750362474898572,0.44493072652338317,0.9957401666702138,0.040322940447789384
80.0,18.0,-0.7200947161907911,0.44912988251254965,-0.006229266381983953,0.0788760099860765,0.28065607757035965,0.4477009239810489,0.9957998229507308,0.039669719519463915
80.0,18.02,-0.7143877874415506,0.45186628197157525,-0.006145599806279967,0.07827434279244821,0.28636926571470256,0.45042767128402206,0.9958573741420793,0.03902213558039544
80.0,18.04,-0.7085863816356683,0.4545570848930768,-0.0060641962583282884,0.07767812417578632,0.2921769390485334,0.45310873059909773,0.9959128377957469,0.03838008331962298
80.0,18.06,-0.7026893156937704,0.4572000791105101,-0.005985038012897814,0.07708725471975249,0.2980802145022224,0.4557417873709168,0.9959662298539238,0.037743453799914624
80.0,18.08,-0.6966955072723058,0.45979283006060584,-0.005908102703606975,0.07650162844631914,0.304080197834383,0.4583244324796335,0.9960175648785218,0.03711214665820002
80.0,18.1,-0.6906038141698438,0.46233292205755183,-0.0058333761281016685,0.07592115849706793,0.31017796140613113,0.460854164948126,0.9960668555871853,0.03648606487193269
80.0,18.12,-0.68441329824737,0.46481760570221525,-0.005760842011749926,0.07534573358792582,0.31637457948866327,0.46332839482551724,0.9961141134009684,0.03586510956335289
80.0,18.14,-0.6781227815722057,0.46724436917975637,-0.005690484754024185,0.07477527071261576,0.3226710711613068,0.4657444469707361,0.9961593484270986,0.03524918696714075
80.0,18.16,-0.6717313205402181,0.469610379179142,-0.00562229323848079,0.07420967944451563,0.32906844390480156,0.4680995588983831,0.9962025689668934,0.03463820667756674
80.0,18.18,-0.6652379900932023,0.4719126824209638,-0.005556253606378065,0.07364885425655043,0.33556768476117443,0.4703908342116065,0.996243782393094,0.03403207994408519
80.0,18.2,-0.6586417424822927,0.4741484475048831,-0.00549236018251785,0.07309273354447109,0.3421697138738937,0.47261531871838425,0.9962829941835832,0.03343072138334014
80.0,18.22,-0.6519417445696639,0.47631449970164225,-0.005430601890151902,0.07254120661995093,0.3488754517215624,0.47476992425684494,0.996320209025568,0.03283404728120176
80.0,18.24,-0.6451370564689755,0.478407784834509,-0.005370973702919454,0.07199421475574472,0.35568572882177885,0.47685148024249163,0.9963554299656049,0.03224197730907911
80.0,18.26,-0.6382269502791628,0.48042489740735905,-0.005313467732723599,0.0714516671941796,0.3626013597169745,0.47885668301926515,0.9963886588230724,0.03165443280172186
80.0,18.28,-0.6312106714399929,0.4823624253849565,-0.0052580831864857515,0.07091349089230396,0.36962310179284347,0.480782146778061,0.99641989603001,0.031071338497144704
80.0,18.3,-0.624087461949393,0.4842169579803304,-0.005204814446052147,0.07037960630900408,0.3767516465696728,0.4826243445528844,0.9964491410421663,0.030492620812920396
80.0,18.32,-0.616856773532023,0.48598472053940966,-0.005153661557158611,0.06984995116113041,0.3839876146889782,0.48437965889471696,0.9964763920657828,0.029918209581961206
80.0,18.34,-0.609517914355763,0.4876621671171089,-0.0051046240110755375,0.06932444814372775,0.39133157645423744,0.4860443430893476,0.9965016459048933,0.02934803979263574
80.0,18.36,-0.6020704976283039,0.48924527882131225,-0.005057702509597701,0.06880302927283101,0.39878401229976734,0.4876145278841509,0.996524898395388,0.028782041161139096
80.0,18.38,-0.5945139873119281,0.4907302437948765,-0.005012901859956677,0.0682856432437647,0.4063453336998712,0.4890862358589814,0.996546144408841,0.028220153801186032
80.0,18.4,-0.5868482669362878,0.4921126916490766,-0.004970221451612633,0.06777220844005945,0.4140158460887015,0.49045535919259653,0.9965653773713972,0.02766231776902992
80.0,18.42,-0.5790729041162834,0.49338865232105683,-0.004929669952625588,0.06726268308541111,0.42179577336863233,0.4917176611127964,0.9965825900222234,0.027108474828987525
80.0,18.44,-0.5711879025933567,0.4945536027714974,-0.0048912522763270225,0.06675700288281247,0.4296852347887395,0.49286878914291815,0.9965977739156846,0.026558570182761483
80.0,18.46,-0.5631931299148129,0.49560320063539665,-0.004854974814098885,0.0662551198309803,0.43768423208916823,0.49390425018511175,0.9966109197083141,0.026012550739478012
80.0,18.48,-0.5550888371655829,0.4965326782803763,-0.004820844883219626,0.06575696360328709,0.44579267241254855,0.494819443826048,0.9966220171215281,0.02547036685771078
80.0,18.5,-0.5468751254283739,0.49733741655211183,-0.004788874491176431,0.06526251009543406,0.4540102986239624,0.4956096264899341,0.9966310550681283,0.0249319723509371
80.0,18.52,-0.5385525212068922,0.4980124029100899,-0.004759071320762407,0.06477169038199947,0.4623367426081316,0.4962699281425801,0.9966380214769631,0.024397322744600165
80.0,18.54,-0.5301213118720896,0.49855284247890264,-0.004731447086791766,0.06428447363592815,0.47077148497630183,0.49679535091157734,0.9966429036438849,0.02386637528693181
80.0,18.56,-0.5215822354226863,0.49895355991216855,-0.004706013595708276,0.06380081428958008,0.47931386077414556,0.49718076741518785,0.9966456883124012,0.023339090692694835
80.0,18.58,-0.512936253688223,0.49920914426880214,-0.00468278432909706,0.0633206744479401,0.4879630339135597,0.49742093837315604,0.9966463610712549,0.022815434870741044
80.0,18.6,-0.5041842498840698,0.4993143453783282,-0.004661773270438247,0.06284402367682705,0.4967179774731168,0.49751046905199203,0.9966449074434859,0.02229537198923299
80.0,18.62,-0.495327380715766,0.49926370296505146,-0.004642993271508379,0.06237081717111017,0.505577520702957,0.49744386782537553,0.9966413121198202,0.021778873160564427
80.0,18.64,-0.4863670597491511,0.4990515304739261,-0.004626460346559177,0.061901024626889165,0.5145402455307023,0.4972155060822132,0.9966355593562586,0.021265909489841105
80.0,18.66,-0.4773049289790679,0.4986720587932708,-0.004612190336806419,0.06143462992664459,0.5236045541499339,0.4968196468424205,0.9966276332111111,0.02075645730123571
80.0,18.68,-0.4681428272818225,0.4981193986978557,-0.004600198932641763,0.06097160235086842,0.5327686361897446,0.4962504244599883,0.9966175170920551,0.0202504929077615
80.0,18.7,-0.4588826440893697,0.4973877228396855,-0.004590502692508256,0.060511911034003746,0.542030440810079,0.4955018666520317,0.9966051946522442,0.019747999590663926
80.0,18.72,-0.4495267604961128,0.49647085801969987,-0.00458311900384612,0.06005555276558348,0.5513876487543176,0.4945679190165525,0.9965906490590843,0.019248958882994778
80.0,18.74,-0.4400777197156102,0.49536263140845865,-0.0045780655296773325,0.05960250265602437,0.5608377155654221,0.4934423783611684,0.9965738635157566,0.018753359280322925
80.0,18.76,-0.43053840970982965,0.4940567176235334,-0.004575358636839115,0.05915274928248542,0.5703778171713919,0.4921189974679399,0.9965548214898481,0.01826119102340667
80.0,18.78,-0.4209118007560843,0.4925468586867908,-0.004575015485246049,0.058706280403090345,0.5800048435915767,0.49059141000651835,0.9965335064890017,0.0177724460926768
80.0,18.8,-0.4112013292622458,0.490826599754175,-0.004577056055935289,0.05826309628577061,0.5897153789660048,0.48885320065323573,0.9965099023407421,0.017287122213549937
80.0,18.82,-0.4014107055462266,0.48888942077386666,-0.004581495438617065,0.057823189701738935,0.599505704602204,0.4868978566160063,0.9964839931715199,0.016805218156365397
80.0,18.84,-0.39154403574865826,0.48672870880308317,-0.0045883510500126816,0.057386558910966376,0.6093717736191915,0.4847188348025953,0.996455764055306,0.01632673635483631
80.0,18.86,-0.3816055666555301,0.48433796558296893,-0.004597639580636879,0.056953207647645596,0.6193092034211736,0.4823095408557885,0.9964252003343461,0.0158516828914983
80.0,18.88,-0.37160011041499247,0.4817104639467849,-0.004609377498321254,0.05652313828386946,0.6293132653295472,0.47966332377129245,0.9963922883298189,0.015380066636769212
80.0,18.9,-0.361532745236039,0.47883957922487685,-0.004623579713913476,0.05609637144845134,0.6393788538143201,0.47677354280054257,0.9963570154553268,0.014911899768733028
80.0,18.92,-0.35140887558903067,0.4757186880784456,-0.004640259436886411,0.05567290660065257,0.6495004699531091,0.4736335606000756,0.996319370107277,0.014447197941329187
80.0,18.94,-0.34123443183772845,0.4723410962842061,-0.004659433411526219,0.05525277357731087,0.6596722661518502,0.47023672924174204,0.9962793422584081,0.013985979419117195
80.0,18.96,-0.33101562596246076,0.46870024395861576,-0.004681110937172038,0.05483598145851773,0.6698879405811992,0.46657645783941815,0.9962369228732643,0.013528266281547045
80.0,18.98,-0.320759194054803,0.4647895283624614,-0.004705303012805595,0.05442255641454976,0.680140798534788,0.46264619539421925,0.9961921050792638,0.013074083216878491
80.0,19.0,-0.3104722522057615,0.46060247020546713,-0.004732020359473816,0.05401252865316454,0.6904237273623062,0.4584394715051147,0.9961448834680847,0.012623458724034267
80.0,19.02,-0.30016229346912826,0.4561327191042861,-0.004761270135197023,0.053605926286482676,0.7007291565424209,0.45394991227886833,0.9960952549208969,0.012176423900265415
80.0,19.04,-0.28983736577563646,0.4513739941327573,-0.004793056647664639,0.05320278149176362,0.7110490652371941,0.44917125514385,0.9960432184940073,0.011733012780767266
80.0,19.06,-0.27950596946661843,0.44632014003151615,-0.004827384296257861,0.052803130066200854,0.7213749764806875,0.4440974239389589,0.9959887753012877,0.01129326302617921
80.0,19.08,-0.26917692942161864,0.4409652946508855,-0.004864253073156371,0.052407011657377045,0.731697950687212,0.4387224824439171,0.9959319295675622,0.010857214536784445
80.0,19.1,-0.2588597602865246,0.4353036438959476,-0.004903661536222636,0.052014469335818374,0.7420085734644437,0.43304070661333005,0.9958726881635617,0.010424910308462558
80.0,19.12,-0.24856421474045792,0.4293297701254025,-0.004945605153426753,0.05162554959550327,0.7522969601846192,0.4270465979477117,0.9958110607249939,0.009996396426344565
80.0,19.14,-0.2383007993458987,0.42303835190236605,-0.004990075623899642,0.05124030228422213,0.7625527244744815,0.4207349632745476,0.9957470605854523,0.009571720849397326
80.0,19.16,-0.22808024027863505,0.41642452220676757,-0.005037062013851328,0.05085878037206161,0.7727650247378309,0.41410088309681586,0.9956807043092298,0.009150934439709876
80.0,19.18,-0.21791391899330517,0.4094836508516289,-0.005086549503674363,0.05048103409017209,0.7829225165821568,0.4071397655165741,0.995612011926618,0.008734090608555513
80.0,19.2,-0.20781363177187445,0.40221152002019067,-0.005138519912378126,0.05010712264881512,0.7930134008330645,0.3998474009025645,0.9955410077468231,0.008321244271906073
80.0,19.22,-0.1977916375869184,0.39460431856123307,-0.00519294966817997,0.049737108365106406,0.8030253702971043,0.39222001478948093,0.9954677197771788,0.007912452704795988
80.0,19.24,-0.18786063281617701,0.3866586887132144,-0.00524981212606745,0.049371050614650976,0.8129456894100516,0.38425423262589686,0.9953921804155446,0.0075077750165974755
80.0,19.26,-0.1780339274996322,0.37837169423819456,-0.005309074960107639,0.04900901195985882,0.8227611471420224,0.3759472050437119,0.9953144266837043,0.007107271448067399
80.0,19.28,-0.16832512397800958,0.3697409940028083,-0.005370703685454286,0.048651063403570734,0.8324581022368057,0.36729658773431273,0.9952344999910152,0.00671100405494728
80.0,19.3,-0.15874827300435,0.3607647891542629,-0.005434654391379985,0.048297262442026666,0.8420224899969644,0.35830060528876106,0.9951524468293657,0.0063190353136344515
80.0,19.32,-0.14931776173322306,0.3514419242827997,-0.005500882886057663,0.04794768619280885,0.8514398447668564,0.34895808663400296,0.9950683183062159,0.005931428803459325
80.0,19.34,-0.14004849230343536,0.34177182811272866,-0.005569335200782176,0.047602404116697784,0.8606953122939452,0.33926852967346127,0.9949821710616388,0.0055482485084399165
80.0,19.36,-0.13095572584723716,0.33175460582340305,-0.005639953762265685,0.04726147773820358,0.8697737111161162,0.3292320625055403,0.9948940666922114,0.005169558457190814
80.0,19.38,-0.12205482622379457,0.32139118236815706,-0.005712675280405662,0.0469249832183687,0.8786595107273977,0.31884961242239174,0.994804072205843,0.0047954221960827235
80.0,19.4,-0.11336172419217169,0.3106831298245982,-0.00578743102604103,0.046592989229466295,0.8873369212259777,0.30812280410343157,0.9947122602421307,0.004425903129110624
80.0,19.42,-0.10489242882556238,0.2996328807144684,-0.005864145992839976,0.04626556831266629,0.8957898930330568,0.29705409818984985,0.9946187087263532,0.004061063466441845
80.0,19.44,-0.09666315614121848,0.2882437080318636,-0.005942736434502721,0.04594278115611873,0.904002181391302,0.285646760451355,0.9945235012056719,0.003700963871659292
80.0,19.46,-0.08869032683456335,0.27651971371040807,-0.006023116089489859,0.045624697797032675,0.9119573781822127,0.273904955006551,0.9944267268391389,0.003345663628493767
80.0,19.48,-0.08099048222210282,0.2644659271706772,-0.00610519114106337,0.045311387570939915,0.9196389701061464,0.2618337217479171,0.9943284803912071,0.0029952197667334865
80.0,19.5,-0.07358020165700728,0.2520882822416497,-0.006188860000065458,0.04500290361250161,0.9270303919631065,0.24943903499196624,0.994228861993585,0.0026496865356381216
80.0,19.52,-0.06647600942443382,0.23939368684187587,-0.006274017709134883,0.044699319762064066,0.9341150819730846,0.2367278068886596,0.9941279774773109,0.0023091154005589237
80.0,19.54,-0.059694431274777714,0.22638994142850727,-0.006360551421398361,0.04440067866913216,0.9408765482577127,0.22370790700826831,0.9940259376761843,0.0019735543434174435
80.0,19.56,-0.0532518710715001,0.2130859349994621,-0.006448341576775151,0.04410703954065873,0.9472984197658172,0.21038820834383945,0.993922858873083,0.0016430475491021482
80.0,19.58,-0.047164474049081126,0.1994914608989188,-0.006537264760787495,0.043818446611413445,0.9533645189330657,0.1967785824231267,0.9938188622162826,0.0013176347954661546
80.0,19.6,-0.04144822715573486,0.1856173961117769,-0.006627190613397565,0.04353494569236321,0.9590589382306625,0.18288987248402508,0.9937140737068042,0.0009973513489278365
80.0,19.62,-0.03611862244456453,0.17147553771133192,-0.006717982794067361,0.04325657410777223,0.9643660976812957,0.1687339495825243,0.9936086238431698,0.0006822272881523817
80.0,19.64,-0.031190956619434662,0.15707873894640273,-0.006809502813995252,0.042983365707433024,0.969270825885168,0.15432367140938427,0.993502647379778,0.00037228722818432534
80.0,19.66,-0.026679874425857925,0.14244082494683305,-0.006901604008900507,0.042715347124645135,0.9737584304740949,0.139672883793809,0.9933962830854323,6.754995723262038e-05
80.0,19.68,-0.02259957255873372,0.12757655164004397,-0.006994135194671541,0.04245252767471097,0.9778147695627007,0.12479640332383228,0.9932896732731881,-0.00023197200168068532
80.0,19.7,-0.018963548829192357,0.11250170831276265,-0.007086945434273341,0.042194934230354336,0.9814263301938444,0.10970999201755473,0.9931829632160761,-0.0005262726455037087
80.0,19.72,-0.015784668059443705,0.09723292265774512,-0.007179875120162392,0.04194255780183207,0.984580299621735,0.09443033399823188,0.9930763011350017,-0.0008153528315679653
80.0,19.74,-0.013074989427722745,0.0817877371907428,-0.007272764539683124,0.041695397770344,0.9872646342928907,0.07897499100363521,0.9929698377295308,-0.0010992205736870164
80.0,19.76,-0.010845739536080153,0.06618454700009499,-0.007365450608611172,0.04145344763573208,0.9894681341773828,0.06336237207560215,0.9928637251378807,-0.0013778911872468428
80.0,19.78,-0.00910723186266158,0.0504425344313998,-0.007457774358762396,0.04121668419042728,0.9911805079895841,0.04761167094201259,0.9927581170407058,-0.0016513876439056055
80.0,19.8,-0.00786882043550827,0.03458160198074793,-0.007549560538698542,0.040985076553795546,0.9923924379577685,0.031742824288509434,0.9926531679655751,-0.001919740647472207
80.0,19.82,-0.007138804386099794,0.01862234890542287,-0.007640647773403618,0.040758585951614495,0.9930956402125533,0.015776439960390402,0.9925490323644116,-0.0021829885349123664
80.0,19.84,-0.006924415801799782,0.002585985587250412,-0.007730869516909793,0.040537169291672316,0.993282920738705,-0.00026625964010218575,0.9924458646043264,-0.002441178079050647
80.0,19.86,-0.007231736810594225,-0.013505748066886012,-0.007820058256130335,0.04032076412356057,0.9929482261490555,-0.016363516019158406,0.9923438183917072,-0.0026943634708699923
80.0,19.88,-0.008065662547265037,-0.029630640412251177,-0.0079080556792741,0.04010930624395037,0.9920866887095546,-0.032493107259745725,0.9922430453934018,-0.0029426073083443243
80.0,19.9,-0.009429872680554261,-0.04576609870394264,-0.007994689503684595,0.039902724610805296,0.990694665843335,-0.04863243429765845,0.9921436958063751,-0.0031859795459157044
80.0,19.92,-0.011326769514333214,-0.06188923713905964,-0.008079807204304509,0.03970093008448973,0.9887697721327384,-0.06475859485797195,0.9920459169804946,-0.003424558516943332
80.0,19.94,-0.013757509964652323,-0.07797695493762216,-0.00816325724366822,0.03950383342163229,0.98631090431595,-0.08084848450649416,0.9919498529626023,-0.003658429879916342
80.0,19.96,-0.016721901721521895,-0.09400602821498494,-0.008244872297136583,0.039311334510461385,0.9833182606821735,-0.09687887658234048,0.9918556444963451,-0.003887686432603402
80.0,19.98,-0.02021849639974771,-0.10995320279376707,-0.008324518963838422,0.03912332159784999,0.9797933478051963,-0.11282651966064297,0.9917634276490418,-0.004112428786758702
80.0,20.0,-0.02424448849251723,-0.12579531564593352,-0.008402047220227252,0.038939672248616,0.9757389878138432,-0.12866822773631548,0.9916733341612715,-0.004332763798755636
