Angle,Frequency_GHz,S11_TE_Re,S11_TE_Im,S11_TM_Re,S11_TM_Im,S21_TE_Re,S21_TE_Im,S21_TM_Re,S21_TM_Im
0.0,0.0,1.2555126845766818e-06,1.3164527327052833e-06,-0.9987452508632186,0.0015522667979725388,0.99999860434225,-1.565868176456119e-06,0.001251746013408439,0.0015520686201392696
0.0,0.026,-1.702407559380686e-05,-0.004194304657419447,-0.9975074242817616,0.03144866197683699,0.9999798307304374,-0.004218091644476342,0.002489811326676441,0.0314402832039593
0.0,0.052,-7.057580101590223e-05,-0.0083895078240347,-0.994495793145376,0.061143406323539644,0.9999256746228465,-0.008434185115348162,0.005502412657196847,0.06112679955678764
0.0,0.078,-0.00015938988550835082,-0.012583875569478027,-0.9897440942997808,0.09048152440580653,0.9998361459009839,-0.01264942816084707,0.01025582751812361,0.09045677360976614
0.0,0.1,-0.00026207041617496015,-0.016131993921631185,-0.9844018455185523,0.11491749920538795,0.9997327745138208,-0.0162151980787779,0.015600087717971674,0.11488566019458504
0.0,0.104,-0.0002834498698608801,-0.016776991132156065,-0.9833036113725098,0.11931479453374588,0.9997112610133035,-0.016863402486363272,0.016698745990694753,0.11928167549839142
0.0,0.13,-0.0004427333076296964,-0.020968437266291284,-0.9752418839684314,0.14750348118735807,0.9995510429684032,-0.021075690291684716,0.02476360225415905,0.14746169610115903
0.0,0.156,-0.0006372107225406581,-0.025157801548893015,-0.9656410351070494,0.17491850692690628,0.999355521288788,-0.025285875423491453,0.03436827111570137,0.17486784693928684
0.0,0.182,-0.0008668463647737561,-0.029344664276685157,-0.9545957389237149,0.2014434759754035,0.9991247321030975,-0.029493539643934766,0.04541805335517867,0.2013836892823601
0.0,0.208,-0.0011315976928395694,-0.03352860955041046,-0.9422110480734668,0.2269758390605017,0.9988587179634789,-0.033698268840690285,0.05780786339220689,0.2269066251280694
0.0,0.234,-0.001431416064008734,-0.03770923186163552,-0.9286000160785867,0.2514280287199403,0.9985575280236705,-0.037899646156269645,0.07142453760690293,0.25134877490761093
0.0,0.26,-0.0017662462082002873,-0.04188610989279845,-0.9138815767051218,0.2747270981100115,0.9982212178033126,-0.042097259067074545,0.08614921247816669,0.27463756596885247
0.0,0.286,-0.0021360266050521014,-0.046058837757453765,-0.8981778976723507,0.29681613791382333,0.9978498492821447,-0.04629069599999524,0.10185957017026767,0.2967157189497622
0.0,0.312,-0.0025406882118061236,-0.050226999371897584,-0.8816125403433462,0.3176527943157832,0.9974434910456728,-0.050479542954134114,0.11843200622505562,0.3175408944596743
0.0,0.338,-0.0029801576373836174,-0.054390194359624264,-0.8643083407839757,0.3372091521219075,0.9970022176535542,-0.05466339230103564,0.1357436561005165,0.33708523475705243
0.0,0.364,-0.0034543542200946914,-0.05854800665367228,-0.8463856816319705,0.35547076481102197,0.9965261106744548,-0.05884183246893071,0.15367413292444254,0.3553344068602874
0.0,0.39,-0.003963189943199684,-0.06270003750592705,-0.8279608049488639,0.37243596602972723,0.9960152572429853,-0.06301446018585177,0.17210707384770532,0.37228655235697455
0.0,0.416,-0.004506571510293026,-0.06684587778574701,-0.8091447409797935,0.3881141751041285,0.9954697512133538,-0.06718086842707278,0.19093139023725827,0.3879510733807173
0.0,0.442,-0.0050843993436781865,-0.0709851268548428,-0.7900423258021851,0.40252461324295274,0.994889692741529,-0.07134065347790813,0.2100422511195919,0.4023473334578886
0.0,0.468,-0.005696568078569949,-0.07511738432659883,-0.7707512257530097,0.4156953961349862,0.9942751879890852,-0.07549341501411085,0.22934188563022237,0.41550332214792096
0.0,0.494,-0.006342966910333836,-0.0792422544930467,-0.7513617220007895,0.4276616887634609,0.9936263493329746,-0.07963875272488746,0.24874001160576784,0.427454302284757
0.0,0.52,-0.007023474849177426,-0.08335934116190548,-0.731956136879698,0.438464836087499,0.9929432950435968,-0.08377627162333827,0.26815420307740634,0.4382415307244621
0.0,0.546,-0.007737971129635642,-0.0874682562879719,-0.7126090303828736,0.4481506667683951,0.9922261496369746,-0.08790557693669641,0.28750995915868816,0.44791099929725003
0.0,0.572,-0.008486322673042916,-0.09156858892084979,-0.6933869123488328,0.4567689035124846,0.991475043598403,-0.09202627592880855,0.3067406432255725,0.45651232819631826
0.0,0.598,-0.009268398344796945,-0.09565998187730658,-0.6743487244522407,0.46437166009365205,0.99069011317563,-0.09613797972269744,0.3257873188573272,0.4640976945963013
0.0,0.624,-0.010084050519520198,-0.09974201807675014,-0.6555460232548914,0.47101267116643697,0.989871500994113,-0.10024029996538107,0.34459845209977946,0.47072093356692163
0.0,0.65,-0.010933135212565913,-0.10381432991130411,-0.6370232675419528,0.4767466229503447,0.9890193547056604,-0.10433285402797395,0.36312951454319004,0.47643668302118153
0.0,0.676,-0.011815498539010727,-0.10787654319177314,-0.6188183917022589,0.48162822557397694,0.9881338280497926,-0.10841526170979857,0.38134257517581094,0.48129971020222123
0.0,0.702,-0.012730981641468938,-0.11192827610901433,-0.6009630915773647,0.48571183620738523,0.9872150807758303,-0.11248714358527806,0.39920583730380765,0.48536428581039637
0.0,0.728,-0.013679419368233303,-0.11596914383332133,-0.5834836026348393,0.48905066433332267,0.9862632776561636,-0.11654812447797502,0.4166931176225276,0.48868373750609456
0.0,0.754,-0.014660643305962305,-0.11999878401598497,-0.5664010017859867,0.49169655534041945,0.9852785893117884,-0.12059783364108947,0.4337833739872045,0.4913099959611287
0.0,0.78,-0.015674478060002012,-0.12401684116581509,-0.5497315622065582,0.4936998604406222,0.9842611916622714,-0.12463590303971084,0.45046021839584544,0.49329328409080586
0.0,0.806,-0.016720741363424944,-0.12802293454550256,-0.5334875918152275,0.4951087640872448,0.9832112663263598,-0.1286619657438881,0.46671140006287737,0.4946819029469894
0.0,0.832,-0.017799248336970983,-0.1320167085489503,-0.5176776570709033,0.4959693723369673,0.9821289995647124,-0.13267566286240373,0.4825284001577298,0.4955220452336808
0.0,0.858,-0.018909805890702368,-0.13599780618297772,-0.5023068931068788,0.4963257392646164,0.9810145834268081,-0.13667663504856173,0.49790595649166114,0.4958576438003194
0.0,0.884,-0.02005222238836889,-0.13996588724560644,-0.48737779718032026,0.4962193884934199,0.9798682150286353,-0.14066452773046506,0.5128416707097029,0.4957303425556535
0.0,0.91,-0.021226289691419258,-0.14392056895410238,-0.47289020732488635,0.4956896709605272,0.9786900962354003,-0.144638991147074,0.5273356404683422,0.49517944380353346
0.0,0.936,-0.022431806437307095,-0.14786153810387695,-0.45884195494363667,0.4947734480226588,0.9774804337950235,-0.14859968044520233,0.541390104682074,0.4942419174705797
0.0,0.962,-0.023668561518276853,-0.15178845089511148,-0.44522882624213267,0.49350550172687485,0.9762394397058113,-0.15254625058058674,0.5550091515738872,0.4929524258315635
0.0,0.988,-0.024936333600859263,-0.15570095152065386,-0.43204533404889667,0.4919181191635588,0.9749673309200887,-0.15647836334034904,0.5681983784308194,0.4913433773895793
0.0,1.014,-0.02623490967948292,-0.15959871935542563,-0.41928457776316175,0.49004147414939714,0.9736643285938168,-0.1603956855564448,0.5809647359220917,0.48944498881025394
0.0,1.04,-0.027564061480501535,-0.1634814226274678,-0.40693850337744497,0.4879037625555271,0.972330659349663,-0.16429788589521,0.5933161842441572,0.48728540178845775
0.0,1.066,-0.028923554310483674,-0.1673487253011678,-0.3949982182185478,0.4855310988452513,0.9709665516812085,-0.16818463956531046,0.6052615782702325,0.4848906987671154
0.0,1.092,-0.03031317157862021,-0.17120033920984426,-0.38345436428300783,0.4829475375596803,0.9695722418033368,-0.1720556206470797,0.6168104486507373,0.4822850796688884
0.0,1.118,-0.031732641866732775,-0.17503591947046243,-0.37229672624377086,0.4801755548822177,0.9681479683728299,-0.17591051873152388,0.6279728675603886,0.47949090943454153
0.0,1.144,-0.033181745679338785,-0.1788551501572166,-0.3615148909614885,0.47723576501767156,0.9666939768926326,-0.17974901358840278,0.6387592894453128,0.47652885697072345
0.0,1.17,-0.0346602560489276,-0.18265772590596654,-0.35109809767284805,0.4741472173597087,0.9652105098506386,-0.18357081007250084,0.6491804302916996,0.4734179511615558
0.0,1.196,-0.03616788232718699,-0.18644337824891097,-0.3410355983122726,0.4709273288100385,0.9636978204234896,-0.1873756005580282,0.6592472248738773,0.47017571763584887
0.0,1.222,-0.037704379065069495,-0.19021176206277385,-0.33131622455608606,0.46759231649521527,0.9621561693918166,-0.19116306453360704,0.66897064462862,0.4668182550742222
0.0,1.248,-0.0392695133879254,-0.19396261428264983,-0.3219291437234754,0.4641568404204905,0.9605858095780961,-0.19493293541041176,0.6783617067553496,0.4633603546275935
0.0,1.274,-0.04086301049593468,-0.19769565602435546,-0.31286326480503107,0.46063456294309707,0.9589870043550295,-0.19868491689245132,0.6874313508408386,0.4598155832753705
0.0,1.3,-0.04248458024083065,-0.20141056373446953,-0.30410776108779514,0.45703785358452087,0.9573600233706137,-0.20241871719088503,0.6961904272861076,0.4561963151364811
0.0,1.326,-0.044133977494798964,-0.20510708022254012,-0.2956520602074287,0.453377982466532,0.9557051369552452,-0.20613404793478912,0.7046496305331105,0.45251390627878585
0.0,1.352,-0.04581095236810613,-0.20878493874348303,-0.287485544346612,0.44966537602539797,0.9540226131459089,-0.20983065842801224,0.71281947312986,0.4487787326331671
0.0,1.378,-0.04751517203094896,-0.2124438626397093,-0.2795979117117164,0.4459094874678771,0.9523127318664901,-0.21350826893984393,0.7207102630625339,0.4450002213560919
0.0,1.404,-0.04924641546241833,-0.21608358297573885,-0.2719791883344646,0.44211885640725035,0.9505757719286466,-0.21716662034197542,0.7283320463764037,0.4411869924181143
0.0,1.43,-0.051004345161116175,-0.21970385129278214,-0.26461953175903796,0.4383013440384216,0.9488120211176917,-0.22080542404834252,0.7356946481412596,0.43734688047069836
0.0,1.456,-0.05278873438329678,-0.22330440160689663,-0.2575094714769642,0.43446403092130126,0.9470217576317211,-0.22442446253401777,0.742807584098014,0.4334869924574293
0.0,1.482,-0.05459924274944357,-0.22688501799874294,-0.2506396121899055,0.43061344626613574,0.9452052733184882,-0.22802347252730634,0.7496801294510244,0.42961378474094636
0.0,1.508,-0.05643562694622812,-0.23044539160179106,-0.24400103820741054,0.42675541227158664,0.9433628635155444,-0.23160219516322647,0.7563212468742793,0.425733119949333
0.0,1.534,-0.05829754677967136,-0.23398535015894964,-0.23758515178909217,0.4228951660500051,0.9414948124917948,-0.23516042478176,0.7627396341537962,0.4218502846322843
0.0,1.56,-0.060184723599509916,-0.23750464528530799,-0.23138354066798755,0.41903750425782554,0.9396014259544812,-0.23869789473836125,0.7689436897517439,0.41797005876165144
0.0,1.586,-0.06209687196026024,-0.24100301307095431,-0.22538798214137848,0.41518680886358095,0.9376830035841379,-0.24221437549894134,0.7749415057324522,0.4140967452537319
0.0,1.612,-0.06403371894959778,-0.2444802492586015,-0.219590799995947,0.41134687057871455,0.935739838352898,-0.24570967432365576,0.7807409115635805,0.4102342399121442
0.0,1.638,-0.06599489520883414,-0.24793614334728553,-0.2139843698716746,0.4075212313589923,0.9337722386742846,-0.24918355373649936,0.7863494409714972,0.40638603824588915
0.0,1.664,-0.06798012473008706,-0.25137051208905836,-0.20856146834190029,0.4037129937932852,0.9317805116015047,-0.2526357971207972,0.7917743419510059,0.40255522793482906
0.0,1.69,-0.06998910977983416,-0.2547830997535839,-0.20331513306447394,0.3999249441641374,0.9297649647765787,-0.256066191760996,0.7970226086607614,0.3987446452693911
0.0,1.716,-0.07202156763049312,-0.25817371545105783,-0.19823865127018567,0.39615956034951266,0.9277259026604622,-0.2594745627099253,0.8021009506348455,0.39495673567050754
0.0,1.742,-0.07407711460253949,-0.2615421671467684,-0.1933255026778343,0.39241909808551634,0.9256636402435163,-0.2628606893150837,0.8070158272371429,0.3911937405646422
0.0,1.768,-0.07615551495664383,-0.26488828293987715,-0.1885696124391689,0.38870544196746126,0.923578490254042,-0.266224389041632,0.8117734448726811,0.38745760183359346
0.0,1.794,-0.07825637348253513,-0.26821186246924766,-0.1839648811384823,0.3850203919891723,0.9214707680739127,-0.2695654664804298,0.8163797560214027,0.38375005663381634
0.0,1.82,-0.08037949131793719,-0.2715126999848734,-0.1795057171450656,0.38136539947435316,0.9193407840661797,-0.2728837634985903,0.8208404883243591,0.3800726052418962
0.0,1.846,-0.08252443682408336,-0.27479067328663137,-0.17518656030524513,0.3777418207919354,0.9171888627759627,-0.276179077613209,0.8251611297537217,0.3764265778110523
0.0,1.872,-0.08469095749472867,-0.27804558448211436,-0.1710021460166756,0.3741508005464823,0.9150153225165994,-0.27945124335160426,0.829346951791999,0.3728131130102471
0.0,1.898,-0.08687869463935027,-0.28127723799155846,-0.16694749542460985,0.37059328843812034,0.9128204754394387,-0.2827001146773591,0.8334030054423457,0.36923320936894133
0.0,1.924,-0.08908736542986606,-0.28448552331404336,-0.16301764946987723,0.36707016872222603,0.910604653469114,-0.2859255031590426,0.8373341436100779,0.36568770011531904
0.0,1.95,-0.09131666565697534,-0.28767026541704677,-0.1592079961353004,0.3635821392470434,0.9083681653448817,-0.28912728693693684,0.8411450201135147,0.3621772856221196
0.0,1.976,-0.09356619677882505,-0.290831350588444,-0.1555141205008162,0.36012975757902876,0.9061113405954192,-0.29230530218957756,0.8448400993073276,0.3587025520342669
0.0,2.002,-0.09583569492632042,-0.29396857732788223,-0.1519316847771389,0.3567135290228921,0.9038345074941937,-0.29545938875128136,0.848423654055346,0.3552639837871886
0.0,2.028,-0.09812486294981335,-0.2970818161760392,-0.14845667037374108,0.3533337972785283,0.901537984675175,-0.2985894222286543,0.8518997903630204,0.35186195158825717
0.0,2.054,-0.10043329798276682,-0.30017097396681613,-0.14508499556910934,0.3499909028483567,0.8992220920941203,-0.3016952825499317,0.8552724461031183,0.3484967404733944
0.0,2.08,-0.10276074501388235,-0.303235891403422,-0.14181307542799196,0.3466849808904716,0.8968871615996288,-0.30477682266279665,0.8585453898758941,0.34516855990601863
0.0,2.106,-0.10510684817718513,-0.30627646043061746,-0.138637129830402,0.34341622064765087,0.8945335148784369,-0.30783393104490975,0.8617222461542885,0.3418775289165749
0.0,2.132,-0.10747124692344988,-0.3092925712416849,-0.135553799618257,0.3401846471916403,0.8921614791407697,-0.3108664845681807,0.8648064828925931,0.33862371481573866
0.0,2.158,-0.10985369036212475,-0.31228408930325563,-0.1325597091893036,0.33699028066544634,0.889771376373259,-0.3138743797507053,0.8678014257539,0.3354071298676763
0.0,2.184,-0.11225381940747642,-0.3152509205392472,-0.12965164695037296,0.3338330745558902,0.8873635406337383,-0.3168574864360585,0.8707102722906148,0.3322277096330144
0.0,2.21,-0.11467132747829918,-0.31819295337006054,-0.12682661999539246,0.3307129069154621,0.8849382905921015,-0.3198157254420593,0.8735360781055581,0.3290853669642988
0.0,2.236,-0.11710585426443176,-0.3211101064880752,-0.12408166948332398,0.3276296413903976,0.8824959538047412,-0.3227489897992238,0.8762817872019265,0.32597994059767527
0.0,2.262,-0.11955709314301939,-0.32400228021569305,-0.12141393003180144,0.3245831138513922,0.8800368552176565,-0.3256571930777697,0.8789502132835648,0.322911263785639
0.0,2.288,-0.12202468170571204,-0.32686940258546204,-0.11882073622395761,0.3215730858164828,0.8775613174994357,-0.32854025199760767,0.8815440667935103,0.3198790930406524
0.0,2.314,-0.12450837142681355,-0.32971136473759066,-0.11629945333044721,0.31859932691954435,0.8750696756095231,-0.3313980569737058,0.8840659319045473,0.31688320942726145
0.0,2.34,-0.12700779994832004,-0.3325281036812315,-0.11384769331594365,0.3156615238217099,0.8725622422277637,-0.3342305639238173,0.8865183067723553,0.3139233162529108
0.0,2.366,-0.1295226626636136,-0.33531954113411533,-0.11146297589863723,0.31275940153058485,0.8700393468769383,-0.33703768670436113,0.8889035776627685,0.3109991212644936
0.0,2.392,-0.132052596705872,-0.33808562603975717,-0.10914301062419973,0.30989264157930974,0.8675013059572223,-0.33981937305947674,0.8912240408883304,0.3081102965207215
0.0,2.418,-0.13459735497413433,-0.3408262609986615,-0.10688562802651613,0.3070608844857821,0.8649484541138878,-0.3425755294468542,0.8934819049638675,0.3052564829800094
0.0,2.444,-0.13715651834667547,-0.34354143575548246,-0.10468872818088747,0.30426376920288406,0.8623811077409089,-0.3453061116103366,0.89567927913849,0.30243734249690596
0.0,2.47,-0.1397298431613628,-0.346231066904353,-0.10255027236253653,0.3015009165123842,0.8597995834282816,-0.3480110792663617,0.8978181954446208,0.29965249920291537
0.0,2.496,-0.14231696472076932,-0.348895117851211,-0.10046823956548806,0.2987719789941594,0.8572042010648981,-0.3506903799196836,0.8999006141166346,0.2969015443695063
0.0,2.522,-0.14491758276702008,-0.35153354228191797,-0.09844081240125833,0.2960765091716597,0.8545952828108515,-0.35334396598183887,0.9019284034473326,0.2941841023353739
0.0,2.548,-0.1475313968612429,-0.3541462946797742,-0.0964662012960101,0.29341414632196433,0.8519731481025187,-0.35597179274169066,0.9039033697653177,0.29149975617372326
0.0,2.574,-0.1501581058703684,-0.3567333291331136,-0.09454264439265231,0.2907844450686043,0.849338116571296,-0.35857381954682055,0.9058272447353316,0.2888480982821534
0.0,2.6,-0.15279728904683304,-0.3592946680364772,-0.09266849393526244,0.2881869730083873,0.8466904944028777,-0.3611500389305986,0.9077016904346802,0.28622871708055786
0.0,2.626,-0.15544877339789773,-0.3618302266845038,-0.09084217190622067,0.2856213602999542,0.8440305982677984,-0.36370041677691844,0.9095283143796946,0.2836411691729213
0.0,2.652,-0.1581121332377031,-0.364340023614889,-0.08906205552916771,0.28308711738056486,0.8413587448970503,-0.36622492295170067,0.9113086564412466,0.2810850295165445
0.0,2.678,-0.16078714008494474,-0.36682401765109124,-0.08732671948129471,0.2805838848913501,0.8386752436233849,-0.3687235455019987,0.9130441891093023,0.27855989359514854
0.0,2.704,-0.1634734966202074,-0.3692821807328705,-0.0856347878582245,0.2781111568532292,0.8359804035648438,-0.37119627622839485,0.9147363519525079,0.27606528530007113
0.0,2.73,-0.16617078398896212,-0.37171456206702946,-0.08398480022556794,0.2756685373374195,0.8332745381752396,-0.37364309526379796,0.9163865018699687,0.27360081761650007
0.0,2.756,-0.16887877268093768,-0.374121119347602,-0.08237548198879183,0.2732555845988411,0.8305579457443686,-0.3760640147522961,0.9179959706121836,0.27116602009339413
0.0,2.782,-0.17159717322074824,-0.3765018476912051,-0.08080560432922881,0.2708718892384593,0.8278309372835194,-0.37845902140695187,0.9195660204452615,0.2687604837589214
0.0,2.808,-0.17432569609698204,-0.37885674229020705,-0.0792738611052985,0.26851700809732426,0.8250938093565261,-0.38082813413108263,0.9210978828549088,0.26638375211407317
0.0,2.834,-0.17706392237144689,-0.38118586816860084,-0.07777908630498202,0.26619050229539015,0.8223468722762964,-0.3831713469793613,0.9225927246814318,0.2640354344647518
0.0,2.86,-0.1798116969984349,-0.3834891672962408,-0.07632019317229481,0.26389192176187937,0.819590423659539,-0.3854886694377457,0.9240516866274616,0.2617150790058934
0.0,2.886,-0.18256867142773509,-0.3857666845575252,-0.0748960971453325,0.26162089311405606,0.8168247576731273,-0.38778013054828697,0.9254758652408976,0.2594222557905781
0.0,2.912,-0.18533449440621985,-0.38801846410431073,-0.07350571824710325,0.2593769538958893,0.8140501767127817,-0.39004573203432635,0.9268663079435715,0.257156556494756
0.0,2.938,-0.18810895210701928,-0.39024449189477395,-0.07214798752070861,0.25715974691699683,0.8112669709824644,-0.392285508497199,0.9282240297363541,0.2549175653293189
0.0,2.964,-0.19089169567593717,-0.3924448190659743,-0.07082201928301303,0.25496877755007963,0.8084754280723199,-0.39449949689730884,0.9295500121256272,0.2527048596365424
0.0,2.99,-0.1936824481378096,-0.39461947380877793,-0.06952684411749512,0.25280368186081287,0.8056758398727691,-0.39668772244371775,0.9308451987523376,0.2505180270068876
0.0,3.016,-0.1964810040286698,-0.39676845397130045,-0.06826151134699797,0.25066406840297134,0.80286850367894,-0.3988501992499398,0.9321104934054089,0.24835668307105138
0.0,3.042,-0.19928694798367352,-0.39889185403141836,-0.06702517574453043,0.2485494962531652,0.8000536943544336,-0.40098698639942126,0.9333467786924033,0.24622040762273606
0.0,3.068,-0.20210007789082365,-0.4009896785174755,-0.06581699507457321,0.24645962645293026,0.7972316928056806,-0.4030981319801715,0.9345549029307063,0.24410879407609207
0.0,3.094,-0.2049201267602012,-0.40306197280302186,-0.06463616238235881,0.24439399792323646,0.7944027922865733,-0.40518365897492503,0.9357356751712449,0.24202148378812074
0.0,3.12,-0.20774675125994319,-0.40510880651676173,-0.06348183051447702,0.24235226187997427,0.7915672639255533,-0.4072436176994605,0.9368898898690692,0.23995806862916114
0.0,3.146,-0.2105796858864512,-0.4071302297795225,-0.062353301207101954,0.24033403894733035,0.7887253899313866,-0.4092780850892847,0.9380183045742002,0.23791817290263706
0.0,3.172,-0.21341873761967198,-0.409126256462815,-0.06124984576763228,0.2383389375202173,0.7858774392730692,-0.41128708234268674,0.9391216540025661,0.235901422749225
0.0,3.198,-0.21626357213576178,-0.41109697445042725,-0.06017072768669906,0.2363666356094826,0.78302368138839,-0.4132706867120863,0.9402006479776817,0.23390744615594014
0.0,3.224,-0.21911393141499697,-0.41304244490216074,-0.05911524355263861,0.2344166951362801,0.7801643891166257,-0.4152289457279919,0.9412559715278144,0.23193587350802122
0.0,3.25,-0.221969482999373,-0.41496276266503934,-0.05808274282149536,0.23248881841622127,0.777299836909449,-0.41716194622256686,0.9422882882408837,0.22998633891648604
0.0,3.276,-0.22483011667872702,-0.416857915621649,-0.05707264568073465,0.23058258379204566,0.7744302759058842,-0.4190697310002749,0.943298232424315,0.22805851362729562
0.0,3.302,-0.22769543003189396,-0.41872804066721436,-0.056084253763014645,0.22869772115069395,0.7715559765833857,-0.42095239149999036,0.9442864249465907,0.22615202321328795
0.0,3.328,-0.23056524853473773,-0.42057317566323305,-0.05511702627769589,0.2268338443959519,0.7686771953201497,-0.42280997995328506,0.9452534630604412,0.22426653261935459
0.0,3.354,-0.23343924334718263,-0.422393421568612,-0.054170318560452346,0.22499060197113713,0.765794189636859,-0.42464258743619,0.9461999259928501,0.22240169563189172
0.0,3.38,-0.2363171739182982,-0.42418886690718094,-0.053243677489517624,0.22316768638757745,0.7629072135081563,-0.4264502888669133,0.9471263644414972,0.22055720507026563
0.0,3.406,-0.23919886271069735,-0.42595953639197365,-0.052336455290569316,0.22136478908662685,0.7600165264233418,-0.4282331480468572,0.9480333244719868,0.21873271162628233
0.0,3.432,-0.24208399687257273,-0.42770555862997756,-0.05144820723494174,0.21958153406034675,0.7571223635061182,-0.42999127073504767,0.9489213276696764,0.21692788922331382
0.0,3.458,-0.24497241138309656,-0.42942697548277725,-0.050578403130436406,0.21781765366523978,0.7542249802525107,-0.4317247248726977,0.9497908768907165,0.21514243671314265
0.0,3.484,-0.24786371263876464,-0.431123947931354,-0.04972654660082211,0.21607279929328238,0.7513246237990656,-0.43343361186179863,0.9506424596353474,0.21337604409939373
0.0,3.51,-0.25075781671657893,-0.43279648168313495,-0.04889212800129376,0.21434668558186734,0.7484215217834266,-0.4351180249675124,0.9514765560952845,0.21162837717470354
0.0,3.536,-0.253654343088934,-0.4344447612025734,-0.04807480463570567,0.21263902124879935,0.7455159322491253,-0.43677804317970403,0.9522936137283233,0.20989917667044555
0.0,3.562,-0.25655320885429755,-0.4360687863175461,-0.047274004109384496,0.210949496296226,0.7426080711317549,-0.4384137764913124,0.9530940839863522,0.20818810986213468
0.0,3.588,-0.259454031739395,-0.4376687389813872,-0.046489362794374864,0.20927781192865744,0.7396981846200851,-0.44002532062680105,0.9538783928809965,0.20649490368088202
0.0,3.614,-0.26235674080412935,-0.43924463191977337,-0.04572049461782995,0.2076237060069634,0.7367864997502769,-0.4416127630821344,0.9546469547724715,0.20481927830366753
0.0,3.64,-0.2652609574435962,-0.44079665352253633,-0.044966899222918785,0.20598687221434808,0.7338732423429919,-0.4431762110226404,0.9554001723593825,0.20316094735147028
0.0,3.666,-0.26816653308442595,-0.4423248550535678,-0.044228288250189374,0.20436706384266176,0.7309586437996938,-0.4447157604502469,0.9561384399736532,0.20151961877834626
0.0,3.692,-0.27107325562602325,-0.4438293524330125,-0.043504217745153964,0.2027639748384745,0.7280429184588731,-0.4462315523876907,0.9568621274295523,0.1998950613727442
0.0,3.718,-0.2739808264793294,-0.44531029293526136,-0.042794380390510395,0.201177373929922,0.7251262921494634,-0.44772365030135897,0.9575716082721614,0.19828697147743155
0.0,3.744,-0.2768891832260676,-0.4467676844488406,-0.042098356523041,0.19960698602057902,0.7222089748290136,-0.4491921981616701,0.9582672373890796,0.19669509043429806
0.0,3.77,-0.27979796543861113,-0.44820174498089754,-0.04141584569619024,0.198052540891162,0.7192911809484985,-0.4506372930183484,0.9589493526333189,0.19511918772444842
0.0,3.796,-0.28270695816490743,-0.4496125805721653,-0.0407464904933908,0.19651380960695156,0.7163731312382675,-0.452059038686698,0.9596182952994501,0.1935589781658534
0.0,3.822,-0.2856161134264707,-0.4510002108513102,-0.04009001014426579,0.19499055198960139,0.7134550202766571,-0.45345756026013084,0.9602743807038279,0.19201425549882023
0.0,3.848,-0.28852506586406085,-0.45236484523454357,-0.03944601521136952,0.19348248533190465,0.7105370647676026,-0.45483298199388683,0.9609179298873245,0.19048474208655172
0.0,3.874,-0.2914336952955548,-0.45370655757179024,-0.0388142782763863,0.19198939257691636,0.7076194627758202,-0.4561854190268691,0.9615492448922198,0.18897020607066595
0.0,3.9,-0.29434171986887375,-0.4550255144043335,-0.03819447234496142,0.19051105803605636,0.7047024182727238,-0.45751497542810776,0.9621686179220587,0.1874704285112131
0.0,3.926,-0.2972491052514459,-0.4563217413171952,-0.037586269582045494,0.18904722514153569,0.7017861172971377,-0.45882179869727463,0.9627763423262337,0.1859851533485925
0.0,3.952,-0.30015549537648406,-0.457595460929627,-0.03698946132755754,0.18759768672863056,0.6988707756130715,-0.46010598836479016,0.9633726918151002,0.1845141706124903
0.0,3.978,-0.3030607751430183,-0.45884674301835104,-0.03640376551231081,0.1861621872196342,0.6959565667261758,-0.461367688839143,0.963957934867867,0.18305726707325565
0.0,4.004,-0.3059646791775922,-0.4600757743322394,-0.03582885478744879,0.18474055163835867,0.6930436781292478,-0.46260700361483303,0.9645323368015836,0.18161420928423352
0.0,4.03,-0.3088671746984887,-0.4612825675340687,-0.035264565574096504,0.18333255462161366,0.690132319142803,-0.46382407081574306,0.965096151330168,0.1801847943642519
0.0,4.056,-0.3117679169984217,-0.462467360740205,-0.03471060233133385,0.18193795723872655,0.6872226408138796,-0.46501902700015046,0.9656496226182132,0.17876881564681807
0.0,4.082,-0.3146668083559115,-0.4636302378375027,-0.0341667240974909,0.1805566015084937,0.6843148481390827,-0.4661919948663511,0.9661929972723821,0.1773660475606246
0.0,4.108,-0.317563665727992,-0.4647713264380123,-0.033632679629851836,0.17918824850430068,0.6814091121637146,-0.46734309416333064,0.9667265038988205,0.17597629421811545
0.0,4.134,-0.3204583116830719,-0.4658907602718838,-0.03310829344464165,0.1778326927614047,0.6785056012646197,-0.46847248001803027,0.9672503697484373,0.17459937516090523
0.0,4.16,-0.32335056701971304,-0.46698866833691965,-0.03259330870998901,0.17648979001413098,0.6756044982687387,-0.4695802673543834,0.9677648154492758,0.1732350721626954
0.0,4.186,-0.3262402655194404,-0.4680651962312834,-0.032087517057879635,0.17515928511539436,0.6727059675859864,-0.47066659568336255,0.9682700561346445,0.17188319923582457
0.0,4.212,-0.3291272316034199,-0.46912047377480925,-0.03159073691244077,0.17384104789682228,0.6698101797221869,-0.4717315934981131,0.9687662995518449,0.17054356924760813
0.0,4.238,-0.332011298836929,-0.47015464173499255,-0.03110273858995871,0.17253483563390482,0.6669172948739538,-0.4727754017791164,0.9692537465360546,0.1692160045437197
0.0,4.264,-0.3348923024393256,-0.4711678409451017,-0.030623315685275012,0.17124050861384113,0.6640274793814692,-0.473798150535733,0.969732593499325,0.16790031653641146
0.0,4.29,-0.33777016157844814,-0.4721601532007577,-0.030152318597417817,0.16995787887996447,0.6611408968612423,-0.4747999875760675,0.9702030338927472,0.16659633041687008
0.0,4.316,-0.340644545873502,-0.4731318309707029,-0.02968950354718716,0.1686867788067045,0.6582576859485224,-0.4757810448856976,0.9706652505780641,0.16530386995495394
0.0,4.342,-0.3435155503514373,-0.474082846912983,-0.029234737763242476,0.16742702452701233,0.6553780136200722,-0.4767414768542701,0.9711194275589415,0.16402276306404337
0.0,4.368,-0.3463827640687738,-0.47501351356661536,-0.02878783010609707,0.1661784459659412,0.6525020311157622,-0.4776813936982613,0.9715657391360024,0.16275283825426373
0.0,4.394,-0.34924620647754195,-0.4759238659132115,-0.028348605245032975,0.1649408736076618,0.6496298778786119,-0.478600951471896,0.9720043563499272,0.1614939345069227
0.0,4.42,-0.35210572103849835,-0.47681404070233135,-0.02791690063088944,0.16371415843927656,0.6467617153878944,-0.47950028943691153,0.9724354462310086,0.16024588550281463
0.0,4.446,-0.35496116019158946,-0.47768418475139574,-0.027492553948628914,0.16249813483338904,0.6438976797679831,-0.48037954771155383,0.9728591709610988,0.15900853173386711
0.0,4.472,-0.35781229380154844,-0.47853450634480205,-0.02707540358557026,0.16129264025956075,0.6410379052082609,-0.48123886678718375,0.9732756896076731,0.15778171734791327
0.0,4.498,-0.36065905930212405,-0.47936508874586437,-0.026665302902265237,0.16009753178254227,0.6381825386665614,-0.4820783986065382,0.9736851528348178,0.15656528759250737
0.0,4.524,-0.3635012319774188,-0.4801761443996704,-0.026262099695406264,0.1589126511520132,0.6353317029772454,-0.4828982788385203,0.9740877130162205,0.155359090499119
0.0,4.55,-0.3663388390871291,-0.4809676945852116,-0.02586564505024427,0.15773784264101537,0.6324855494855748,-0.48369864908777194,0.9744835139093342,0.1541629769970792
0.0,4.576,-0.3691716573153027,-0.48173994846172896,-0.0254758016646878,0.1565729701479703,0.6296441972281153,-0.4844796457706079,0.9748726985416406,0.15297680222148963
0.0,4.602,-0.3719995560100851,-0.4824930617725781,-0.025092429615530522,0.15541790042299491,0.6268077851307235,-0.48524142228914185,0.975255405294298,0.15180042143552375
0.0,4.628,-0.3748224807898286,-0.48322711208580665,-0.02471539157784082,0.1542724657291936,0.6239764199438753,-0.4859841264609262,0.9756317676542415,0.15063369177839417
0.0,4.654,-0.37764013324455675,-0.4839423820620394,-0.024344561660295656,0.15313655419498245,0.6211502535647196,-0.4867078903786737,0.9760019168276384,0.14947647793927016
0.0,4.68,-0.3804525569882218,-0.4846388964043131,-0.02397980813965658,0.1520100028178728,0.6183293733669626,-0.4874128675158186,0.9763659811062223,0.14832864162705525
0.0,4.706,-0.3832596186566271,-0.48531679655278026,-0.023621007629291566,0.15089268624167804,0.6155139189378901,-0.48809920131604695,0.9767240845790008,0.14719005012289374
0.0,4.732,-0.386061113274959,-0.4859763059994371,-0.02326803931219353,0.1497844985975625,0.6127040051752151,-0.4887670350812707,0.9770763481977986,0.14606056950270896
0.0,4.758,-0.38885700540703827,-0.4866175123214104,-0.022920787204287692,0.14868528234559997,0.6098997451471014,-0.4894165122520603,0.9774228918942334,0.1449400736978777
0.0,4.784,-0.3916471705086536,-0.48724056164927987,-0.022579132706903444,0.1475949183805111,0.6071012415497621,-0.4900477869844976,0.9777638293921698,0.14382843328805675
0.0,4.81,-0.39443149283716483,-0.4878456089751016,-0.022242962199458895,0.14651327169021972,0.6043086123555714,-0.4906609922461463,0.9780992725823883,0.142725524903407
0.0,4.836,-0.39720985648676294,-0.488432806873329,-0.021912172022097887,0.14544024262587107,0.6015219635600081,-0.49125628793486703,0.9784293328750703,0.14163122621017163
0.0,4.862,-0.39998223520014903,-0.4890022412194429,-0.021586647970064734,0.14437568369307383,0.5987413956920051,-0.4918337959576168,0.9787541158102225,0.14054541514860266
0.0,4.888,-0.4027483371850323,-0.48955419297249947,-0.021266295639372768,0.14331951495242742,0.5959670180593148,-0.4923936818875942,0.9790737258787466,0.1394679741492766
0.0,4.914,-0.4055082346613943,-0.49008868932754235,-0.020951002762084586,0.1422715764262834,0.5931989191975339,-0.4929360781302911,0.9793882647877508,0.13839878641527734
0.0,4.94,-0.4082618103156865,-0.49060587083673324,-0.020640676520169834,0.1412317751834009,0.5904372065386673,-0.49346113409653447,0.9796978315737344,0.13733773770530833
0.0,4.966,-0.4110088838925017,-0.49110597516620774,-0.020335218571232185,0.1402000040637659,0.5876819770259706,-0.49396900947283057,0.9800025232030191,0.13628471469635745
0.0,4.992,-0.4137494269447715,-0.49158907196549756,-0.02003453508427128,0.13917614080340532,0.5849333074060296,-0.49445983077379696,0.9803024336633442,0.13523960836424453
0.0,5.018,-0.4164834247071718,-0.49205524291947106,-0.01973853400386241,0.13816008149630668,0.5821913152412639,-0.49493374273803,0.9805976553762792,0.13420230896990648
0.0,5.044,-0.41921061369429286,-0.4925047955836549,-0.019447125083759634,0.13715172382807472,0.5794560635459152,-0.49539089781080436,0.9808882781735699,0.13317270942272463
0.0,5.07,-0.4219309726218939,-0.49293780026237455,-0.019160220020719924,0.13615095104580624,0.5767276663512254,-0.4958314405800637,0.9811743896588982,0.1321507053498301
0.0,5.096,-0.4246444939540525,-0.49335433914652305,-0.018877734482544227,0.13515766398474083,0.5740061854228963,-0.4962555072481013,0.9814560754597631,0.13113619340444285
0.0,5.122,-0.4273510020053385,-0.4937546441223558,-0.018599583426293115,0.13417176534883019,0.5712917096049291,-0.4966632408513419,0.981733419354358,0.13012907129918533
0.0,5.148,-0.430050492274533,-0.4941387955169431,-0.01832568812495435,0.13319315870681114,0.5685843239559375,-0.4970547999578216,0.9820065027208593,0.12912923949273933
0.0,5.174,-0.43274277677356204,-0.49450700803338404,-0.018055966733870315,0.13222174978036813,0.565884116073346,-0.497430311627663,0.9822754055745435,0.1281365995997093
0.0,5.2,-0.43542786349773077,-0.494859371228592,-0.017790339496201138,0.13125741491202397,0.5631911395254496,-0.49778992670483646,0.9825402055636963,0.12715105427304638
0.0,5.226,-0.438105749504063,-0.49519595787453863,-0.017528732113159695,0.13030007811864633,0.5605054919011625,-0.49813378332398794,0.9828009785599606,0.12617251078431846
0.0,5.252,-0.4407761762000485,-0.49551707176332865,-0.017271071905859567,0.1293496492211501,0.5578272324169908,-0.4984620219070281,0.983057799102431,0.12520087237635733
0.0,5.278,-0.4434392342853976,-0.49582271287773866,-0.01701728533154843,0.12840603977619408,0.5551564380933691,-0.4987747997011454,0.9833107394329204,0.12423605035789075
0.0,5.304,-0.4460947535730877,-0.4961131073405884,-0.01676730278204049,0.12746914748172483,0.5524931738535065,-0.4990722467034735,0.9835598707090569,0.12327795206661174
0.0,5.33,-0.44874274558177185,-0.49638833413475,-0.016521053505413257,0.12653888702717062,0.5498375096280036,-0.49935449842246415,0.9838052617105364,0.12232649117961131
0.0,5.356,-0.45138304185730177,-0.4966486184191369,-0.01627846810922338,0.1256151744622919,0.5471895139132124,-0.49962169013108254,0.9840469806990427,0.12138157575356454
0.0,5.382,-0.454015742521848,-0.4968939570171324,-0.01603948321663323,0.12469791198330958,0.5445492426031493,-0.4998739816185498,0.9842850932791936,0.12044312366199897
0.0,5.408,-0.4566405991923387,-0.49712465794291666,-0.015804033833224908,0.1237870329110039,0.5419167612442621,-0.5001115073847209,0.9845196642335083,0.11951104888604092
0.0,5.434,-0.45925770844595526,-0.4973407082588447,-0.015572055050326992,0.1228824284665803,0.5392921427192913,-0.5003343922479123,0.9847507566819715,0.11858526839532259
0.0,5.46,-0.4618669205170753,-0.49754234634391115,-0.015343490369573835,0.12198404819650538,0.5366754174176539,-0.5005427926333262,0.9849784323072691,0.11766570044286151
0.0,5.486,-0.46446815980318085,-0.4977297157972378,-0.01511827263036439,0.1210918010892363,0.5340666616889637,-0.500736838364145,0.9852027516835625,0.11675226287067068
0.0,5.512,-0.46706144610255795,-0.4979028860132737,-0.014896346923181326,0.12020558238258339,0.5314659294363394,-0.5009166568963911,0.985423773762289,0.11584487654515466
0.0,5.538,-0.46964671564102944,-0.4980620080962554,-0.014677655374226389,0.11932535966361127,0.5288732680203968,-0.5010824053664545,0.985641556004865,0.11494346538345462
0.0,5.564,-0.47222381004841707,-0.49820730560815135,-0.014462139316663075,0.1184510176740227,0.5262887374502697,-0.5012342011388603,0.9858561550844314,0.11404794947000226
0.0,5.59,-0.474792851185728,-0.49833877397096704,-0.014249744212898298,0.11758248446753272,0.5237123763184987,-0.501372194615942,0.986067626028989,0.11315825542674998
0.0,5.616,-0.47735368146852347,-0.4984566334415412,-0.014040418143377776,0.11671970274401772,0.5211442333928996,-0.5014965115372202,0.9862760226990738,0.11227430950334633
0.0,5.642,-0.47990633118388526,-0.49856095139675194,-0.01383410848338172,0.11586260266180343,0.518584359446732,-0.5016072978909948,0.9864813980986249,0.1113960358765869
0.0,5.668,-0.4824506541788234,-0.49865195744241364,-0.01363076043559152,0.11501108907741109,0.5160328094720307,-0.5017046695712543,0.9866838039395521,0.1105233635828833
0.0,5.694,-0.4849865998555404,-0.49872980535413314,-0.013430324973715603,0.11416510822267467,0.513489611036104,-0.5017887691670924,0.9868832904466942,0.10965622127392959
0.0,5.72,-0.4875142723878312,-0.4987944570216842,-0.013232754815242586,0.11332458052851448,0.5109548110728135,-0.5018597411744881,0.9870799073066842,0.10879453907407537
0.0,5.746,-0.49003354003690625,-0.4988461515804528,-0.01303799720909821,0.11248944182947825,0.508428455104515,-0.5019176944525636,0.9872737027695732,0.1079382484868449
0.0,5.772,-0.49254426277535174,-0.4988851196318849,-0.012846010156942058,0.11165962792400179,0.5059105730175119,-0.5019627756908895,0.9874647239997728,0.10708728244163243
0.0,5.798,-0.49504665172239165,-0.49891124906637146,-0.012656743167840892,0.11083506387119547,0.5034012109880838,-0.5019951132603137,0.9876530176844035,0.1062415718786402
0.0,5.824,-0.4975403869665681,-0.49892493319077974,-0.012470152030354857,0.11001568840784566,0.5009003936827334,-0.5020148323118435,0.9878386289517472,0.10540105261253487
0.0,5.85,-0.5000256909373313,-0.4989260652189309,-0.01228619331834337,0.10920144134886621,0.4984081620085497,-0.5020220747500248,0.9880216020569463,0.10456566018267188
0.0,5.876,-0.5025023362783636,-0.49891495549553994,-0.012104822982725208,0.10839225109390838,0.4959245616719012,-0.5020169530189809,0.9882019807257229,0.10373532989485844
0.0,5.902,-0.5049704581797259,-0.49889157779016535,-0.011925999186173793,0.10758805984929305,0.49344960534820176,-0.5019995993697345,0.9883798073426981,0.10291000022846568
0.0,5.928,-0.5074298288328527,-0.49885624043488247,-0.01174967947927331,0.10678879855934871,0.4909833248419476,-0.5019701482688145,0.9885551235025378,0.10208960766964849
0.0,5.954,-0.5098805829455773,-0.4988089116686317,-0.011575821702425647,0.10599441195825433,0.48852576832531036,-0.5019287165225489,0.9887279699809125,0.10127409368844756
0.0,5.98,-0.5123225908232854,-0.49874981973918947,-0.011404389971622238,0.10520484517328886,0.4860769365936205,-0.5018754430444122,0.9888983867244074,0.10046339602412402
0.0,6.006,-0.5147559865102516,-0.4986789259651478,-0.01123534040828921,0.10442003310721187,0.48363687890664553,-0.5018104293644986,0.9890664130534162,0.09965745568570422
0.0,6.032,-0.5171804714180099,-0.4985966404620047,-0.011068638515966822,0.10363992313384986,0.48120560526148,-0.5017338246724573,0.9892320867676826,0.0988562168668043
0.0,6.058,-0.519596259782623,-0.4985028236507916,-0.010904244260081677,0.10286444030552781,0.47878314531628546,-0.501645746345269,0.9893954459289345,0.09805961841121483
0.0,6.084,-0.522003325059433,-0.49839762224126277,-0.010742122125975551,0.1020935465937414,0.47636952225946816,-0.50154630552543,0.9895565269147237,0.09726760757219248
0.0,6.11,-0.5244014513215707,-0.49828134956293063,-0.01058223650258202,0.1013271810295669,0.4739647551199713,-0.5014356269403163,0.9897153658019842,0.09648012620538354
0.0,6.136,-0.5267907789883524,-0.49815396101247333,-0.01042455187853939,0.10056529568553946,0.4715688728277767,-0.5013138462234291,0.9898719979158946,0.09569712119047602
0.0,6.162,-0.5291712708084205,-0.4980155883575678,-0.010269032742804865,0.09980782037771237,0.46918188488674806,-0.5011810613164854,0.990026457603429,0.09491853743867687
0.0,6.188,-0.5315428979674452,-0.49786636980743715,-0.010115646613998249,0.09905470932722796,0.46680380956904916,-0.5010374148383456,0.990178779039365,0.09414432146210384
0.0,6.214,-0.5339056340726673,-0.4977064442465698,-0.00996435812535145,0.0983059179883363,0.4644346601123045,-0.5008830093027841,0.9903289949322307,0.09337442299751048
0.0,6.24,-0.5362594366250925,-0.497535934022434,-0.009815138231394098,0.09756139075059658,0.4620744703302403,-0.5007179698117612,0.9904771383735261,0.09260878646709925
0.0,6.266,-0.5386042838135803,-0.49735497930505135,-0.00966795219421351,0.0968210625866882,0.45972323426480016,-0.5005424139586807,0.9906232407852812,0.09184736299455133
0.0,6.292,-0.5409402305469406,-0.4971636149991385,-0.009522769265855359,0.0960849031713295,0.45738097329605953,-0.5003564540878428,0.9907673334964993,0.09109010358236233
0.0,6.318,-0.5432672595488752,-0.4969619812313808,-0.009379559275796095,0.09535284940185174,0.4550477079139305,-0.5001602020479335,0.990909447104164,0.09033695731115352
0.0,6.344,-0.545585244098834,-0.49675029102564106,-0.009238293103855705,0.09462486162819171,0.4527234263382028,-0.49995378713653316,0.9910496117258106,0.08958787485400785
0.0,6.37,-0.5478943384836013,-0.49652848985543696,-0.009098941066649458,0.09390089019564907,0.45040816486571567,-0.499737304120492,0.9911878567796034,0.08884280845960854
0.0,6.396,-0.5501944327432751,-0.496296802851742,-0.008961474019883413,0.09318088657645994,0.44810192403068433,-0.4995108788680402,0.991324210878235,0.08810171194645763
0.0,6.422,-0.5524854994419202,-0.4960553551136305,-0.00882586071789523,0.09246479286329204,0.44580469841673226,-0.4992746306688496,0.9914587023700204,0.08736453726683613
0.0,6.448,-0.5547676124886358,-0.4958041868163366,-0.008692079952295954,0.09175258364772455,0.44351651674651654,-0.49902864702968797,0.9915913589945493,0.08663123971016332
0.0,6.474,-0.5570407357096785,-0.4955434113882223,-0.008560097275129295,0.09104419294523175,0.4412373736170947,-0.4987730652648046,0.9917222081542199,0.08590177095423893
0.0,6.5,-0.5593047804914327,-0.49527326885861506,-0.008429891378242134,0.09033958678228185,0.4389672736951501,-0.4985079814815861,0.9918512761250565,0.08517608946275168
0.0,6.526,-0.561559881123005,-0.49499367299573704,-0.008301434020953648,0.08963872219989943,0.4367062260745983,-0.49823349703061326,0.9919785894577856,0.08445414840249564
0.0,6.552,-0.5638059466188962,-0.4947048585523949,-0.008174699043667185,0.0889415571264079,0.4344542317742998,-0.4979497393864347,0.9921041733982363,0.08373590597303208
0.0,6.578,-0.5660430414242186,-0.49440684754777625,-0.008049662910951556,0.0882480400742632,0.43221130208786096,-0.4976567953553342,0.99222805340068,0.08302131856337644
0.0,6.604,-0.5682710591816877,-0.49409985918642485,-0.007926301278060429,0.08755814133981547,0.4299774228919323,-0.49735479287310397,0.99235025406551,0.08231034240771229
0.0,6.63,-0.5704900745555553,-0.49378392113466596,-0.007804587500833396,0.08687180189373629,0.42775260420579797,-0.49704381757497124,0.9924707993985646,0.08160293884221675
0.0,6.656,-0.5727000646462682,-0.493459148430859,-0.007684498144597929,0.0861889940881009,0.42553684415819365,-0.4967239941906515,0.9925897133353327,0.08089906388725825
0.0,6.682,-0.5749010281658703,-0.4931256734871658,-0.0075660113969069345,0.0855096709744972,0.4233301514374655,-0.4963954072867988,0.9927070191123927,0.08019867866090113
0.0,6.708,-0.5770930253096891,-0.49278350557678274,-0.007449104351098168,0.08483378701721922,0.4211325043848075,-0.4960581761954765,0.9928227397521798,0.07950174070136626
0.0,6.734,-0.5792759657856302,-0.49243287198222574,-0.0073337547449621576,0.08416131744464311,0.41894392020884214,-0.49571239573254744,0.9929368972266294,0.07880821436548915
0.0,6.76,-0.5814499198579752,-0.4920737874717203,-0.007219939011340904,0.08349221887645347,0.41676438848047903,-0.4953581634757448,0.993049514166794,0.0781180552722989
0.0,6.786,-0.5836147876256781,-0.4917064692896068,-0.007107636929244609,0.08282644890477787,0.414593907824798,-0.49499558774698305,0.9931606117757501,0.07743122932164666
0.0,6.812,-0.5857707351680816,-0.49133083539260697,-0.006996827196854189,0.08216396646357799,0.4124324666871285,-0.4946247647925652,0.9932702111854054,0.07674769710935066
0.0,6.838,-0.5879175803292498,-0.49094720574653494,-0.006887488274068049,0.08150474118607576,0.4102800711113108,-0.49424579442631755,0.9933783333659375,0.0760674208967191
0.0,6.864,-0.590055571282333,-0.49055538861560927,-0.006779598849890451,0.08084872484074196,0.4081367084328298,-0.49385877167703013,0.9934849988070108,0.0753903628435242
0.0,6.89,-0.5921844437751773,-0.49015580813751475,-0.006673141742356279,0.08019589824460659,0.40600236626470565,-0.49346380937049156,0.9935902273722894,0.07471648848712435
0.0,6.916,-0.5943044420999399,-0.48974826510706565,-0.006568094192547904,0.07954620636825008,0.4038770481187312,-0.4930609869968548,0.993694038829069,0.0740457598088009
0.0,6.942,-0.5964153911120093,-0.4893330821862131,-0.0064644410513613765,0.07889963190294264,0.4017607398118543,-0.49265039771716607,0.9937964525540515,0.07337814218861775
0.0,6.968,-0.5985174592372223,-0.48891016730524484,-0.00636215757780401,0.07825612259511683,0.3996534319387861,-0.49223215801981085,0.9938974872277202,0.0727136008969728
0.0,6.994,-0.6006104680273218,-0.48847983929582056,-0.00626123061554322,0.07761566295290034,0.39755512642685137,-0.49180634573810433,0.993997161876289,0.0720520994289516
0.0,7.02,-0.602694574969752,-0.4880419936859979,-0.006161638907541781,0.07697820298490698,0.39546579899776774,-0.491373059057236,0.9940954944530804,0.07139360637758115
0.0,7.046,-0.6047697890738559,-0.4875967512041197,-0.006063365724435868,0.076343711719479,0.3933854466588459,-0.4909323872909258,0.9941925030550308,0.07073808506060257
0.0,7.072,-0.6068361001127482,-0.4871442158477865,-0.005966391972643404,0.07571215945622323,0.3913140528222107,-0.4904844204158187,0.9942882051646187,0.0700855056747629
0.0,7.098,-0.6088934213572463,-0.48668460363164245,-0.005870700863723016,0.07508350868021012,0.3892516225012916,-0.49002925789634066,0.9943826182996047,0.06943583139181182
0.0,7.124,-0.6109418306107404,-0.48621791325056557,-0.00577627658332845,0.07445773177046505,0.38719811208263066,-0.48956699072665444,0.9944757593740843,0.06878903226640899
0.0,7.15,-0.6129814208850183,-0.48574415326543663,-0.005683100998516369,0.07383480232123694,0.38515353824538345,-0.48909769792928787,0.994567645092054,0.06814507480155656
0.0,7.176,-0.6150120958237308,-0.4852635287958015,-0.005591158218190488,0.07321466933601965,0.38311787407496495,-0.4886214737675995,0.994658291694605,0.06750392890844277
0.0,7.202,-0.6170339441405677,-0.48477604226865956,-0.005500433312233704,0.07259732564800238,0.38109110961850795,-0.4881384163127726,0.9947477153219928,0.0668655627006566
0.0,7.228,-0.6190469640443869,-0.4842817972263927,-0.005410908434974262,0.0719827230493586,0.3790732339435958,-0.48764858726543703,0.9948359320077494,0.06622994423844222
0.0,7.254,-0.6210510778419184,-0.4837810112459612,-0.005322569857074231,0.07137083137697693,0.3770642192375968,-0.48715209677558163,0.9949229571068842,0.06559704497970391
0.0,7.28,-0.6230464483581614,-0.483273565978233,-0.005235400971134987,0.07076163011318838,0.3750640668838069,-0.4866490222464631,0.9950088058756441,0.06496683284431516
0.0,7.306,-0.6250329934090171,-0.4827596731848195,-0.005149387331442926,0.07015509139363622,0.37307274372100063,-0.4861394490452949,0.9950934933556902,0.06433927918330369
0.0,7.332,-0.6270107239155702,-0.4822394421689984,-0.005064514794494889,0.06955117243721577,0.37109024188019846,-0.4856234600220321,0.9951770342645283,0.06371435528480067
0.0,7.358,-0.6289797145965326,-0.4817128558160221,-0.00498076703684295,0.06894984832909537,0.3691165530405566,-0.4851011375129159,0.9952594431062234,0.06309203063833618
0.0,7.384,-0.6309399715130157,-0.4811800169004047,-0.004898131638393176,0.06835109503549801,0.36715164306709114,-0.4845725649987574,0.9953407340631104,0.06247227641705026
0.0,7.41,-0.6328915020625011,-0.48064102820422194,-0.004816594006786028,0.06775488982913042,0.36519550715020144,-0.4840378291931136,0.9954209210085073,0.06185506722383147
0.0,7.436,-0.6348343076629426,-0.48009598697816497,-0.004736140528611,0.06716118773110184,0.3632481189733341,-0.48349700591414163,0.9955000180448198,0.06124037066138942
0.0,7.462,-0.6367683909652937,-0.47954499048275134,-0.00465675770266837,0.06656997650363553,0.36130946459986896,-0.48295016963786,0.9955780381865053,0.06062816294799557
0.0,7.488,-0.6386938467996344,-0.47898803001914264,-0.004578431818620969,0.0659812218413288,0.35937952961773956,-0.48239741173631057,0.9956549949130434,0.060018415062351185
0.0,7.514,-0.640610672660182,-0.47842519630461733,-0.004501149966210001,0.06539489857115872,0.357458282689524,-0.48183880072337837,0.995730901176652,0.05941110140343392
0.0,7.54,-0.6425187985533265,-0.4778567032133911,-0.0044249000960342455,0.06481097529401761,0.3555457171477921,-0.48127442050739094,0.9958057699386034,0.05880619284779062
0.0,7.566,-0.6444183079399397,-0.47728252996225795,-0.0043496691451108726,0.06422943711890552,0.35364180523115796,-0.4807043440339934,0.9958796136513137,0.058203665439790726
0.0,7.592,-0.6463092166706961,-0.4767027782110143,-0.004275443917204701,0.06365024809751113,0.3517465270968458,-0.4801286547191169,0.9959524447773449,0.05760349170308615
0.0,7.618,-0.648191602581626,-0.47611741997435714,-0.004202213088899084,0.06307338125723966,0.34985985449681783,-0.47954742430121877,0.9960242753662949,0.05700564584877949
0.0,7.644,-0.6500653930829122,-0.475526663825226,-0.004129966494418311,0.062498825520221374,0.3479817837449285,-0.47896072282080654,0.9960951174045489,0.05641010379670716
0.0,7.67,-0.6519306829527439,-0.47493049201901194,-0.004058688523768497,0.061926535328583124,0.3461122817033678,-0.4783686325634457,0.9961649826718226,0.055816839679624135
0.0,7.696,-0.6537873946189945,-0.4743291081972841,-0.003988370558196693,0.06135650240252014,0.3442513233691509,-0.47777122907317,0.996233882658353,0.055225829327600014
0.0,7.722,-0.6556357075930089,-0.4737223794117639,-0.003918999074271291,0.06078869159341358,0.3423988962143212,-0.4771685698486129,0.9963018286658991,0.05463704853052848
0.0,7.748,-0.657475463824357,-0.4731106236131112,-0.003850564912540437,0.06022308334930256,0.3405549742870243,-0.4765607463678797,0.9963688321115858,0.05405046956713175
0.0,7.774,-0.6593068294496955,-0.4724936955334192,-0.0037830569661965394,0.05965965965087791,0.3387195322945429,-0.47594781558670424,0.9964349036355511,0.05346607336566453
0.0,7.8,-0.6611298212202183,-0.4718716889522493,-0.00371646305303549,0.05909838343686831,0.3368925481866106,-0.4753298563492701,0.9965000541869922,0.05288383386706402
0.0,7.826,-0.6629443671326704,-0.4712448078312109,-0.0036507739868533065,0.05853924666189192,0.3350739918951643,-0.47470693594979496,0.9965642944331212,0.05230372671370539
0.0,7.852,-0.6647504711446945,-0.4706131358759984,-0.003585977631145569,0.05798220903723221,0.333263857444979,-0.47407912040595707,0.9966276346744152,0.051725730990145054
0.0,7.878,-0.6665483175663286,-0.4699765348792446,-0.0035220657835752633,0.057427258923300965,0.3314621060598079,-0.47344648182627685,0.9966900853014764,0.05114982052717124
0.0,7.904,-0.6683378297911319,-0.469335203137112,-0.0034590265721653065,0.05687437305133441,0.32966871918704393,-0.47280908557444207,0.9967516561889586,0.05057597782397648
0.0,7.93,-0.6701190221106667,-0.468689228564054,-0.0033968513468196865,0.05632352973310515,0.32788366154962817,-0.47216700800319017,0.9968123575662725,0.05000417490801743
0.0,7.956,-0.6718919020926708,-0.4680386935767664,-0.003335529276838931,0.055774702721009525,0.3261069306407783,-0.4715203019956449,0.9968721987231531,0.049434394199580775
0.0,7.982,-0.6736565675585567,-0.4673835683109203,-0.003275052084612684,0.05522787397412572,0.3243384825386374,-0.4708690485337795,0.9969311896961358,0.04886661115589723
0.0,8.008,-0.6754130276342069,-0.4667239340603137,-0.003215408025831991,0.054683014720498635,0.32257829862838877,-0.47021329443127335,0.9969893395956299,0.048300804652942744
0.0,8.034,-0.6771612923536551,-0.46605987202640886,-0.003156590161476644,0.054140110587284594,0.320826350375241,-0.4695531246586262,0.9970466579305413,0.04773695356335411
0.0,8.06,-0.6789012992437535,-0.4653915871601651,-0.003098589410365905,0.05359914277978048,0.3190826188117203,-0.4688885851340607,0.9971031536904231,0.04717503671199665
0.0,8.086,-0.6806332149322278,-0.46471891840550394,-0.0030413952467494487,0.05306008219331706,0.31734707131302925,-0.46821975430167573,0.9971588358049338,0.0466150328990367
0.0,8.112,-0.6823570596488202,-0.46404195108185353,-0.002984999586403941,0.05252290798264072,0.3156196886355555,-0.4675466772153156,0.9972137131786395,0.046056922646014055
0.0,8.138,-0.6840726849652623,-0.4633610038185496,-0.0029293930230118925,0.051987607435085924,0.3139004414498669,-0.46686943660617813,0.9972677944752567,0.04550068295365764
0.0,8.164,-0.685780348046921,-0.46267579905571377,-0.0028745683800760853,0.051454157600338855,0.3121892984611802,-0.46618807673053353,0.9973210881752741,0.04494629602616413
0.0,8.19,-0.6874798944206459,-0.4619866501540082,-0.0028205168329993235,0.05092253785927424,0.3104862345849545,-0.46550266835824033,0.9973736026337778,0.04439374055349693
0.0,8.216,-0.6891714287656955,-0.46129352251879235,-0.0027672297533513344,0.0503927297844337,0.308791237180012,-0.46481326554382724,0.9974253463008502,0.04384299695407424
0.0,8.242,-0.6908550403090553,-0.4605963695982686,-0.0027146989464016755,0.049864705577366934,0.30710425389194557,-0.46411993277972086,0.9974763271133102,0.043294045604030086
0.0,8.268,-0.6925305777646161,-0.4598955061692921,-0.0026629164679735557,0.04933845713978344,0.30542528346891484,-0.463422723191161,0.9975265529945408,0.04274686860436033
0.0,8.294,-0.6941982201664489,-0.45919076987508095,-0.002611874473064608,0.0488139613145937,0.3037542850015132,-0.4627217002279825,0.9975760320393717,0.042201442812042626
0.0,8.32,-0.695857994378258,-0.458482244058554,-0.0025615658406567673,0.04829119188042068,0.3020912256380922,-0.46201692143939316,0.997624771688776,0.041657753758879354
0.0,8.346,-0.6975098960528298,-0.4577699907979257,-0.0025119819702979053,0.047770141991696546,0.30043609203729565,-0.46130843869050353,0.9976727798591295,0.04111578000202031
0.0,8.372,-0.6991538738704752,-0.45705421518703954,-0.0024631157880943004,0.04725078489057355,0.29878885455673004,-0.4605963139687045,0.9977200638803473,0.04057550180061789
0.0,8.398,-0.7007900130000096,-0.4563348628841066,-0.0024149606584379472,0.04673310210480797,0.29714947659163116,-0.4598805981360464,0.9977666309354205,0.0400369046236412
0.0,8.424,-0.7024184230382474,-0.45561189403780716,-0.0023675079277310214,0.0462170832313351,0.2955179283760313,-0.45916135216008863,0.9978124885573977,0.03949996696042283
0.0,8.45,-0.7040390308615609,-0.45488549750441715,-0.0023207512718299485,0.04570269899405434,0.29389419603355477,-0.45843862621959464,0.9978576436753708,0.038964672492158486
0.0,8.476,-0.7056518519004352,-0.4541557452327803,-0.002274683716171529,0.04518993905766298,0.29227824277048936,-0.45771246985509795,0.9979021034236286,0.03843100140359721
0.0,8.502,-0.707256989594111,-0.45342259080336544,-0.002229298693023204,0.04467878525283029,0.29067004187518103,-0.4569829479321351,0.9979458744572322,0.03789893907780246
0.0,8.528,-0.7088544523348111,-0.4526860997887151,-0.0021845879796542045,0.04416921732338722,0.28906956443874454,-0.45625010395648863,0.9979889638822862,0.03736846392258828
0.0,8.554,-0.710444257336227,-0.4519463428480186,-0.0021405468687137356,0.04366122299305739,0.28747678021881706,-0.4555139965991389,0.9980313780845521,0.03683956302444571
0.0,8.58,-0.7120264307207066,-0.45120339568005413,-0.0020971677185649697,0.04315477802245877,0.2858916635234694,-0.4547746737882503,0.9980731238461038,0.03631221474856561
0.0,8.606,-0.7136009747425609,-0.45045731823133056,-0.0020544433308027203,0.04264986655470781,0.2843141806656868,-0.4540321880441355,0.9981142073532657,0.03578640614492693
0.0,8.632,-0.7151679954026935,-0.4497080610649786,-0.0020123688906180104,0.042146475813830034,0.282744309108757,-0.4532865916931945,0.9981546351717767,0.03526211903025703
0.0,8.658,-0.7167274257274768,-0.4489558132998784,-0.0019709372379809707,0.04164459147443068,0.28118202294120154,-0.45253793145187704,0.9981944135917504,0.034739335197082825
0.0,8.684,-0.7182792863830566,-0.4482006448047616,-0.0019301421597454154,0.041144188242685426,0.2796272850843432,-0.45178625335193495,0.9982335485681649,0.034218038156771616
0.0,8.71,-0.7198237549100002,-0.44744237400544123,-0.0018899780313904762,0.040645254131899844,0.27808006812760006,-0.451031618568123,0.9982720462414469,0.03369821490236572
0.0,8.736,-0.7213607662820877,-0.44668118956145353,-0.0018504384205826397,0.040147775993048654,0.2765403428205671,-0.4502740673605655,0.9983099126276489,0.03317984543208738
0.0,8.762,-0.7228902566078425,-0.44591728106556416,-0.0018115180111119517,0.03965173507698179,0.27500809410649457,-0.44951364521842524,0.9983471535118013,0.03266291495629
0.0,8.788,-0.7244124045518718,-0.4451504648505371,-0.0017732107045204952,0.03915711214895373,0.27348326912627297,-0.44875040610753203,0.9983837745624001,0.03214741041324978
0.0,8.814,-0.7259271556960808,-0.44438093503566545,-0.0017355107486290416,0.03866389657451111,0.2719658605568082,-0.4479843899393356,0.9984197816121386,0.03163331175683869
0.0,8.84,-0.7274345949188272,-0.4436086224740174,-0.0016984125889950071,0.03817206835806191,0.2704558265148256,-0.447215650184189,0.9984551801909951,0.031120604151772233
0.0,8.866,-0.728934669282013,-0.4428337214924423,-0.0016619105202369895,0.03768162067290415,0.2689531376662254,-0.44644422522553084,0.9984899757271836,0.030609274492018557
0.0,8.892,-0.7304275416816131,-0.44205603464134446,-0.001625999961769257,0.03719252913222785,0.2674577739401719,-0.44567016852980096,0.9985241736404167,0.03009930617093521
0.0,8.918,-0.7319130916459353,-0.4412758884812458,-0.0015906746766072876,0.0367047786496996,0.26596969507387286,-0.444893517302377,0.998557779235726,0.029590684311163698
0.0,8.944,-0.7333914058141082,-0.44049321219529336,-0.0015559298476611138,0.036218358761337846,0.2644888808881221,-0.4441143242111017,0.9985907977981182,0.029083392279056146
0.0,8.97,-0.7348625877010259,-0.439707943929073,-0.0015217603831412282,0.03573325537345131,0.2630152911807488,-0.4433326256871404,0.9986232343927209,0.02857741691208481
0.0,8.996,-0.7363265622599184,-0.4389202624696353,-0.001488160772556375,0.035249447176111406,0.2615489133976854,-0.44254846904443657,0.9986550941012551,0.028072743293068324
0.0,9.022,-0.7377833658634502,-0.43813023894019426,-0.0014551265759322983,0.03476692637424041,0.26008969965428935,-0.44176189456630366,0.9986863819006959,0.027569356491158353
0.0,9.048,-0.7392330778619406,-0.4373377950571441,-0.0014226529133043698,0.034285678328022366,0.2586376343017285,-0.4409729437607624,0.9987171026391988,0.02706724330586257
0.0,9.074,-0.7406757353884701,-0.4365430008021739,-0.0013907339179957037,0.03380568230988183,0.25719268321413297,-0.4401816617802604,0.9987472612027386,0.02656638703874022
0.0,9.1,-0.742111266027628,-0.435746035367611,-0.0013593663536171198,0.03332692745448362,0.25575481229420455,-0.4393880933478699,0.9987768623015644,0.026066774465242713
0.0,9.126,-0.7435398517508206,-0.43494670454736806,-0.001328544369230134,0.03284940122447773,0.25432399985722776,-0.4385922688333224,0.9988059106129618,0.02556839060573959
0.0,9.152,-0.7449614209690423,-0.4341451869942774,-0.001298264207707963,0.032373089655372896,0.25290021474703717,-0.4377942373271691,0.9988344106572883,0.025071223955676177
0.0,9.178,-0.7463760130604422,-0.4333415519379178,-0.001268520719321739,0.03189797792856571,0.25148342761290765,-0.4369940330102948,0.9988623669783621,0.024575259512898507
0.0,9.204,-0.7477837005100626,-0.4325357129383487,-0.0012393091091502614,0.03142405072330836,0.2500736072951781,-0.4361917041887223,0.9988897840278939,0.024080482263594445
0.0,9.23,-0.7491844479969597,-0.43172786886950076,-0.0012106261332906244,0.030951296154803493,0.24867072161815165,-0.43538727933750443,0.998916666170482,0.023586878927083308
0.0,9.256,-0.7505783372691038,-0.43091793747613477,-0.001182467043762069,0.030479699001505604,0.24727474232195434,-0.4345808110192152,0.998943017653572,0.02309443795539727
0.0,9.282,-0.7519653921458709,-0.4301059765635986,-0.001154827149682534,0.0300092516948838,0.24588564487873144,-0.43377232275241023,0.9989688427696823,0.022603142559611888
0.0,9.308,-0.7533456282873277,-0.42929203880746064,-0.00112770295418205,0.029539930283585293,0.24450339815129762,-0.4329618614042098,0.9989941455850297,0.02211298291466643
0.0,9.334,-0.7547190704892979,-0.42847618166384854,-0.0011010899250737014,0.02907173312520796,0.24312797012976523,-0.43214945422903894,0.9990189302324649,0.021623943955368756
0.0,9.36,-0.7560857353493684,-0.42765845747279496,-0.0010749834260067497,0.028604636727636263,0.24175933252667192,-0.43133515233196484,0.9990432007282346,0.021136012350054047
0.0,9.386,-0.7574456399050894,-0.4268389184170285,-0.0010493811840325156,0.028138636835091664,0.24039746370286658,-0.4305189830812432,0.9990669609993885,0.020649176501492776
0.0,9.412,-0.7587989590749624,-0.42601735655361195,-0.0010242775380703843,0.027673715745447375,0.23904231951999133,-0.4297009861903689,0.9990902149355304,0.020163423059304946
0.0,9.438,-0.760145478568781,-0.4251942154213225,-0.0009996696386868223,0.027209862580118684,0.23769388120448123,-0.4288811934123162,0.9991129663733609,0.019678738664199807
0.0,9.464,-0.7614854568879952,-0.4243691584845604,-0.000975553482484798,0.02674706115658795,0.2363521149803013,-0.4280596445452355,0.9991352190403004,0.019195111691509188
0.0,9.49,-0.7628187466149428,-0.4235424923460391,-0.0009519254674108065,0.026285306195010284,0.23501699933486253,-0.4272363658740195,0.9991569766798145,0.018712527020444108
0.0,9.516,-0.764145458308941,-0.4227141447435604,-0.0009287818205925534,0.025824576312450723,0.2336884958132305,-0.4264114055734816,0.9991782428840246,0.018230974753342528
0.0,9.542,-0.76546560242158,-0.4218841612740229,-0.0009061187744592875,0.02536486539949776,0.23236658027383011,-0.4255847844359135,0.9991990211958443,0.017750443240034816
0.0,9.568,-0.7667792720746487,-0.4210524584261347,-0.0008839330218029448,0.024906159106022157,0.23105122179502507,-0.4247565458665036,0.9992193151925455,0.017270917334909763
0.0,9.594,-0.768086422379594,-0.42021922455901595,-0.0008622212070100116,0.024448447705159138,0.22974239156530835,-0.42392671908010365,0.999239128267812,0.016792386766699738
0.0,9.62,-0.7693871293175546,-0.41938436568667564,-0.0008409798357325019,0.02399171276222432,0.22844006083876944,-0.4230953330424529,0.9992584638523259,0.016314838990177712
0.0,9.646,-0.7706813579629417,-0.4185480751182342,-0.0008202052033949097,0.02353595062934359,0.2271441987960825,-0.42226243015945386,0.9992773252464185,0.015838262149056172
0.0,9.672,-0.7719691936414104,-0.41771026292270325,-0.0007998943728441275,0.02308114280664019,0.2258547841344506,-0.4214280348372775,0.9992957157617967,0.015362644206251852
0.0,9.698,-0.7732506486757686,-0.41687097309529025,-0.0007800442192885745,0.022627279364057583,0.22457177829441277,-0.4205921743255038,0.9993136385868868,0.014887973465222961
0.0,9.724,-0.7745256809488666,-0.41603039425901933,-0.000760651137314965,0.022174351679517132,0.2232951605120532,-0.4197548910145975,0.9993310969218667,0.014414238048876045
0.0,9.75,-0.7757944489116205,-0.415188299946483,-0.0007417125977601377,0.021722343522414894,0.22202489493742114,-0.41891621634625725,0.9993480938444993,0.013941426421039427
0.0,9.776,-0.7770569021658562,-0.41434487342196685,-0.0007232248120867729,0.021271245552471466,0.22076095790252198,-0.41807616891710747,0.99936463243081,0.013469527039494493
0.0,9.802,-0.7783131356274147,-0.41350002697495014,-0.000705185017988038,0.020821046462226482,0.21950332358268737,-0.41723478065352315,0.9993807156861518,0.012998528355098798
0.0,9.828,-0.7795630909868609,-0.4126539392127081,-0.000687590600153117,0.020371734827533836,0.21825195414552234,-0.41639209562162016,0.9993963465431147,0.012528418986396674
0.0,9.854,-0.7808067917117233,-0.41180665794171195,-0.0006704381487663107,0.019923296321025238,0.21700682609768648,-0.41554813168891325,0.9994115279195575,0.012059187720508348
0.0,9.88,-0.7820444050991636,-0.41095795780265265,-0.000653725124079326,0.019475724876229446,0.21576791850266347,-0.41470291139367466,0.9994262626520978,0.01159082333795419
0.0,9.906,-0.7832758023076339,-0.41010815364257236,-0.0006374484122376998,0.019029006345693687,0.21453518648668277,-0.4138564816391483,0.9994405535422248,0.011123314613371967
0.0,9.932,-0.7845010702836075,-0.4092571511236012,-0.0006216058680660823,0.018583130173517055,0.21330861644573906,-0.41300886064232006,0.999454403343022,0.010656650489928051
0.0,9.958,-0.7857202334578854,-0.4084049967465233,-0.0006061940398708529,0.018138087349867334,0.21208817315338135,-0.4121600776723092,0.9994678147384279,0.010190819904776665
0.0,9.984,-0.7869333877582333,-0.40755159948586067,-0.0005912103133875252,0.0176938626424136,0.2108738358768795,-0.411310154329871,0.9994807903761418,0.009725811964012203
0.0,10.01,-0.7881404068587533,-0.4066972752785436,-0.0005766526205770516,0.017250446255727515,0.20966556482390422,-0.4104591277834537,0.999493332869731,0.00926161576832845
0.0,10.036,-0.7893414401747867,-0.4058417858639939,-0.0005625181129983836,0.016807830644179875,0.2084633322415805,-0.4096070227826834,0.9995054447626565,0.008798220587252622
0.0,10.062,-0.790536531213098,-0.4049851858003718,-0.0005488040992414515,0.01636600240746303,0.20726712711045434,-0.40875386133187197,0.9995171285632785,0.008335615859613921
0.0,10.088,-0.7917256169501439,-0.40412764895844605,-0.0005355082495315868,0.015924952445660827,0.2060769074670722,-0.40789967503838065,0.9995283867379529,0.007873790670199773
0.0,10.114,-0.7929087759705946,-0.4032690731553042,-0.0005226279140537456,0.015484669033399952,0.20489264575593566,-0.40704448797793746,0.9995392216821143,0.00741273444749024
0.0,10.14,-0.7940860528351792,-0.40240951240231393,-0.0005101611022444041,0.015045141187257045,0.20371431684752694,-0.4061883286914578,0.9995496357671861,0.006952436964164058
0.0,10.166,-0.7952574467799518,-0.4015489973327415,-0.0004981050873563659,0.014606358879803685,0.20254189805002817,-0.4053312126027219,0.9995596313241091,0.0064928874647455954
0.0,10.192,-0.796422980145262,-0.4006875700463082,-0.0004864578408740492,0.014168312242693966,0.20137535252435018,-0.4044731795625263,0.9995692106358923,0.00603407571243644
0.0,10.218,-0.7975826792585038,-0.39982527431748627,-0.00047521697953328937,0.013730991844952169,0.20021465774414365,-0.40361424455011474,0.9995783759072819,0.005575991465680437
0.0,10.244,-0.7987366312160308,-0.39896200973807255,-0.0004643804915775155,0.013294385269214415,0.1990597865216349,-0.4027544305720145,0.9995871293577872,0.0051186243043620195
0.0,10.27,-0.7998847838256109,-0.3980979541657163,-0.0004539456697610659,0.012858482980080688,0.1979107163090165,-0.4018937696857227,0.9995954731268464,0.00466196415273287
0.0,10.296,-0.8010271587919746,-0.397233148139212,-0.000443910845400778,0.01242327576492833,0.19676741074098694,-0.40103228325111956,0.9996034093114164,0.004206000756366897
0.0,10.322,-0.8021638426751072,-0.3963674897485156,-0.0004342740421862907,0.011988752911923544,0.1956298428857616,-0.4001699935812836,0.9996109399751867,0.003750724205697785
0.0,10.348,-0.8032948572915604,-0.39550101862780795,-0.00042503277379199645,0.01155490525264198,0.19449799510439805,-0.39930692399428214,0.9996180671402303,0.0032961242382081764
0.0,10.374,-0.8044202201155832,-0.39463377198025407,-0.0004161852496426179,0.011121720730094483,0.19337183136963734,-0.39844309522650534,0.9996247927953031,0.002842191110891789
0.0,10.4,-0.8055399507364299,-0.39376578777530064,-0.00040772958402934904,0.010689190976021752,0.1922513363697185,-0.3975785348019349,0.9996311188642371,0.0023889149023919006
0.0,10.426,-0.8066540680830757,-0.3928971033806629,-0.000399663895112527,0.010257306465643523,0.19113646514105576,-0.3967132617884351,0.9996370472516382,0.0019362855132395095
0.0,10.452,-0.8077625932055991,-0.3920277569203548,-0.0003919860318734136,0.009826056430137313,0.19002720941584064,-0.3958472999498491,0.9996425798184226,0.0014842934160876223
0.0,10.478,-0.808865542767103,-0.3911577841113594,-0.00038469432726114254,0.009395432182258811,0.18892352668947765,-0.3949806724823902,0.9996477183840773,0.0010329287834710738
0.0,10.504,-0.8099630064529183,-0.39028708141587604,-0.0003777870012366582,0.008965422665652254,0.18782540655498653,-0.394113398242161,0.9996524647143051,0.0005821818891783748
0.0,10.53,-0.811054933938307,-0.3894158256948513,-0.00037126216709650327,0.008536018784184536,0.18673280676730236,-0.39324549999335656,0.9996568205673533,0.00013204311013067973
0.0,10.556,-0.8121414132468333,-0.38854391183526044,-0.0003651181866967806,0.008107211718766171,0.18564571015945797,-0.3923769995170388,0.9996607876367379,-0.00031749715208970723
0.0,10.582,-0.81322239484841,-0.3876715167939891,-0.00035935333042667135,0.007678990448092947,0.18456409058331796,-0.39150791716054295,0.9996643675859022,-0.000766448453668013
0.0,10.608,-0.8142980335253975,-0.38679839222066353,-0.0003539660042179859,0.007251347188203285,0.1834879219785829,-0.390638273089025,0.9996675620369039,-0.001214820273575724
0.0,10.634,-0.8153682127171762,-0.3859248569121517,-0.00034895454947078317,0.006824270951077025,0.18241716947011838,-0.3897680859833625,0.9996703725935653,-0.0016626220745773722
0.0,10.66,-0.8164330861336143,-0.38505066104023544,-0.0003443173933971609,0.006397753565275215,0.1813518182196569,-0.38889738141261526,0.999672800784016,-0.002109863304809155
0.0,10.686,-0.8174925382909557,-0.38417612386872263,-0.00034005299127976,0.005971784553668132,0.18029184031924372,-0.3880261745071998,0.9996748481419728,-0.002556553153545512
0.0,10.712,-0.8185467218096442,-0.38330099410290014,-0.0003361598131671331,0.0055463551862485186,0.17923720799853407,-0.38715448026136273,0.9996765161478341,-0.0030027012140426447
0.0,10.738,-0.8195955899617502,-0.3824254488597962,-0.00033263639746757196,0.005121456077483951,0.1781878930368606,-0.38628232998637024,0.9996778062194545,-0.003448316576103426
0.0,10.764,-0.8206391596759333,-0.3815495208580571,-0.0003294813641696775,0.004697077809451441,0.17714387460200157,-0.38540973517180493,0.9996787197912318,-0.0038934085067028183
0.0,10.79,-0.8216775838094765,-0.3806729571801506,-0.00032669322122392636,0.00427321168520417,0.17610512054287536,-0.384536717822903,0.9996792582224509,-0.004337986275147778
0.0,10.816,-0.8227106818367589,-0.3797962208350593,-0.0003242706377758645,0.0038498482923522556,0.17507161023555473,-0.38366328917396386,0.9996794228450316,-0.004782058804174295
0.0,10.842,-0.823738670191555,-0.37891891336514333,-0.00032221236554050655,0.0034269783597143015,0.17404332246236154,-0.3827894766614343,0.9996792149597905,-0.005225635542266044
0.0,10.868,-0.8247614356712446,-0.37804135464239025,-0.0003205170005755853,0.0030045928779326415,0.1730202300248256,-0.3819152942826432,0.999678635830737,-0.005668725242184983
0.0,10.894,-0.8257790630430669,-0.3771634330171663,-0.0003191833187372961,0.002582682841962785,0.17200229921114954,-0.3810407589108214,0.9996776867022158,-0.006111337182360218
0.0,10.92,-0.8267915709937038,-0.37628518029656693,-0.0003182100865788841,0.0021612392572188644,0.17098951371472035,-0.38016589000879025,0.9996763687701236,-0.006553480119761592
0.0,10.946,-0.8277990429822842,-0.37540648324328724,-0.0003175963184179675,0.001740253307794149,0.16998184863436974,-0.37929070550636257,0.9996746831757825,-0.006995163336645032
0.0,10.972,-0.8288013659505136,-0.37452766174904417,-0.0003173402782979608,0.0013197157459220962,0.16897927721374154,-0.3784152188144315,0.9996726310701566,-0.007436395594006958
0.0,10.998,-0.8297986900752901,-0.37364845809357145,-0.00031744149912590983,0.0008996179320046819,0.16798177011141244,-0.37753945484831736,0.9996702135533752,-0.00787718565457511
0.0,11.024,-0.8307910324716552,-0.3727689021724398,-0.00031789843839408915,0.0004799508195666525,0.1669893139685403,-0.37666342083762483,0.9996674316618099,-0.008317542457074717
0.0,11.05,-0.831778346494022,-0.3718891693590294,-0.00031871026505220164,6.070569186089966e-05,0.16600187111631146,-0.3757871399479967,0.9996642864498195,-0.008757474942319394
0.0,11.076,-0.8327606500973749,-0.37100928981354403,-0.0003198758733970435,-0.00035812633178843137,0.16501943027233468,-0.3749106235299388,0.9996607789108276,-0.009196991878035327
0.0,11.102,-0.8337380260222116,-0.3701291480520624,-0.00032139435943853733,-0.0007765539699952968,0.16404195400979804,-0.3740338943676469,0.9996569099990785,-0.009636102033421752
0.0,11.128,-0.8347104930936179,-0.36924877389144367,-0.0003232645433599004,-0.0011945859735166568,0.16306942928873266,-0.3731569592741802,0.9996526806544483,-0.010074814004824406
0.0,11.154,-0.8356780683994325,-0.3683681961710346,-0.00032548575957664456,-0.0016122310789088228,0.16210182732193051,-0.3722798421452838,0.9996480917858467,-0.010513136738997545
0.0,11.18,-0.8366407701672545,-0.3674874440315439,-0.0003280567896900755,-0.0020294978406306284,0.16113912220129795,-0.37140255525258203,0.9996431442340069,-0.010951078660177931
0.0,11.206,-0.8375986168041863,-0.3666065464873984,-0.00033097703794349723,-0.0024463951467902927,0.1601812899978107,-0.3705251150234621,0.999637838866306,-0.011388648543465716
0.0,11.232,-0.8385516249644956,-0.3657255315841399,-0.00033424553444175257,-0.002862931330790512,0.15922831332455156,-0.3696475349570478,0.9996321764671345,-0.011825854990114104
0.0,11.258,-0.8394998124367269,-0.3648444276682235,-0.00033786152041588997,-0.0032791153831509233,0.15828016012917218,-0.3687698297500994,0.9996261578167325,-0.012262706602804931
0.0,11.284,-0.8404432616713055,-0.3639631166964691,-0.00034182425089977124,-0.0036949557964481156,0.15733681320796905,-0.3678920126701437,0.9996197836681998,-0.012699211985347727
0.0,11.31,-0.8413819250314895,-0.36308177228589533,-0.0003461328696304523,-0.004110460720458053,0.1563982489807416,-0.36701409963441256,0.9996130547037841,-0.013135379567550702
0.0,11.336,-0.8423158849960711,-0.36220027582138314,-0.0003507867754520002,-0.004525638836686211,0.15546443756745126,-0.36613610912874045,0.9996059716317618,-0.01357121812986675
0.0,11.362,-0.8432450955334988,-0.36131880142619,-0.0003557852188859714,-0.004940499164558893,0.15453536836471948,-0.3652580513390961,0.999598535082842,-0.014006735929521426
0.0,11.388,-0.8441696362328308,-0.3604372286668859,-0.00036112754108081485,-0.005355049785312648,0.15361100176156225,-0.36437993877257113,0.9995907456933202,-0.014441941399525426
0.0,11.414,-0.8450895254144339,-0.3595555846740745,-0.0003668131699054574,-0.005769299228591737,0.1526913290958721,-0.36350178564212204,0.9995826040215683,-0.014876843321947174
0.0,11.44,-0.846004779612963,-0.3586738956312256,-0.00037284141969744905,-0.006183255644570557,0.15177631456746704,-0.3626236125296723,0.9995741106527304,-0.015311449956858078
0.0,11.466,-0.8469154155155926,-0.357792187608277,-0.00037921177715693783,-0.00659692751175858,0.1508659506835341,-0.36174541825571893,0.9995652661110828,-0.01574576956449981
0.0,11.492,-0.8478214519129302,-0.35691048738306397,-0.0003859236808626278,-0.007010323534317216,0.14996019733062327,-0.3608672299419055,0.999556070877427,-0.016179810754436634
0.0,11.518,-0.8487229048224859,-0.3560288203813301,-0.00039297683092642436,-0.0074234524142218206,0.14905905060931401,-0.3599890545893046,0.9995465254315786,-0.016613581962670272
0.0,11.544,-0.8496197913844546,-0.3551472123271081,-0.0004003705011846529,-0.007836321709793818,0.14816247177644057,-0.35911090391270023,0.9995366302097122,-0.017047091276404396
0.0,11.57,-0.8505121288864582,-0.3542656888294298,-0.0004081042135576117,-0.008248941113199782,0.14727044622727511,-0.35823279410991865,0.9995263856006977,-0.017480348004411162
0.0,11.596,-0.8513999954592507,-0.3533841263778138,-0.00041617773073452627,-0.008661316808815319,0.14638294973679405,-0.3573547355937101,0.9995157920163836,-0.017913357966598167
0.0,11.622,-0.852283409198188,-0.35250255029664707,-0.0004245906741764075,-0.009073458788281644,0.14549996443214405,-0.3564767361453867,0.9995048497735949,-0.01834613221707439
0.0,11.648,-0.8531623240302768,-0.35162113348542134,-0.0004333425217429329,-0.009485374963008861,0.14462145722006958,-0.3555988192770391,0.9994935592170562,-0.018778677448543495
0.0,11.674,-0.8540367568311905,-0.3507399006968789,-0.000442433169140748,-0.009897073296594188,0.14374742116923414,-0.354720983411656,0.999481920577968,-0.019211003842355665
0.0,11.7,-0.8549068477218258,-0.3498585785552441,-0.00045186203156024566,-0.010308562915039106,0.1428778233902444,-0.35384325179630566,0.9994699341726565,-0.019643118091939582
0.0,11.726,-0.8557724901301398,-0.348977488997547,-0.000461629045182599,-0.010719852018202433,0.14201264474162137,-0.3529656277611058,0.9994576002014587,-0.020075028634123204
0.0,11.752,-0.8566337630807468,-0.3480965073326718,-0.0004717340348270716,-0.01113094743911104,0.1411518649192229,-0.35208812927439176,0.9994449189201138,-0.020506742162253365
0.0,11.778,-0.8574907411721125,-0.3472155065548523,-0.00048217642383345825,-0.011541858659181167,0.14029545882243552,-0.3512107620073401,0.9994318904168213,-0.02093827060201695
0.0,11.804,-0.8583433211210935,-0.3463348099886415,-0.0004929565656863196,-0.011952593672314627,0.13944340633421973,-0.35033354368672054,0.9994185148850562,-0.021369618901258453
0.0,11.83,-0.8591916402039929,-0.34545414140980785,-0.0005040737430597353,-0.012363160845257917,0.13859569029465924,-0.3494564814091671,0.999404792406813,-0.021800797241152817
0.0,11.856,-0.86003559403638,-0.34457382372375395,-0.0005155281480245349,-0.012773566933405174,0.1377522859402287,-0.3485795806384291,0.9993907231123286,-0.02223181231400248
0.0,11.882,-0.8608753195319299,-0.3436935799026684,-0.0005273196885854901,-0.013183822149584197,0.1369131749780368,-0.3477028628086798,0.9993763069833793,-0.022662674299347062
0.0,11.908,-0.8617108318432244,-0.3428134320408315,-0.0005394483187379002,-0.013593934346835354,0.13607833129265567,-0.34682632918680223,0.9993615440990469,-0.023093389888824808
0.0,11.934,-0.8625420875569497,-0.34193355307038703,-0.0005519138221410247,-0.014003912091087083,0.13524773968088702,-0.3459499906283373,0.9993464344395355,-0.023523967517144365
0.0,11.96,-0.8633691035216038,-0.34105396571242347,-0.0005647163089587207,-0.014413761657067191,0.1344213744679161,-0.3450738665919046,0.999330977970259,-0.023954415618768307
0.0,11.986,-0.8641920134603641,-0.3401743901381005,-0.000577855961535156,-0.014823493485812881,0.13359921148256396,-0.3441979620994142,0.9993151746188408,-0.02438474262732157
0.0,12.012,-0.8650107151004411,-0.33929514994925397,-0.0005913324554292285,-0.015233113426664186,0.13278124022944932,-0.34332228145353344,0.9992990243414472,-0.024814955231977447
0.0,12.038,-0.8658252236519648,-0.33841626677733655,-0.0006051460571918973,-0.015642633286134935,0.13196743380422976,-0.34244683984659036,0.9992825269483492,-0.025245063608640067
0.0,12.064,-0.8666356752518125,-0.3375374608074367,-0.0006192969055367498,-0.016052056357783923,0.13115777737343293,-0.34157164771956294,0.9992656823331967,-0.02567507444481488
0.0,12.09,-0.8674420236635023,-0.33665890324082415,-0.0006337851387005967,-0.016461395527785094,0.13035224123508543,-0.3406967121598377,0.9992484902752754,-0.026104997915366836
0.0,12.116,-0.8682442859687504,-0.33578061576499385,-0.0006486105867867482,-0.016870654107367117,0.12955081075373653,-0.33982204346731054,0.9992309506405653,-0.02653483896161957
0.0,12.142,-0.8690424199126651,-0.3349027712547559,-0.0006637739845585819,-0.017279846074516145,0.12875346540310584,-0.3389476541314484,0.9992130630980794,-0.02696460950033527
0.0,12.168,-0.8698365558546532,-0.3340250864404994,-0.0006792753612160674,-0.01768897514035168,0.12796018179647636,-0.33807354874454076,0.9991948274643587,-0.027394314471037812
0.0,12.194,-0.8706267117489072,-0.3331475826811587,-0.0006951146279727033,-0.018098050747482133,0.127170944055091,-0.33719973353015675,0.9991762433900495,-0.027823964044130876
0.0,12.22,-0.8714127836622856,-0.33227058311686575,-0.0007112925370838353,-0.018507081204379376,0.12638573340081927,-0.33632622464604167,0.9991573105837172,-0.028253564900741997
0.0,12.246,-0.8721949063610855,-0.3313938052820938,-0.0007278091084786259,-0.018916075009444814,0.1256045267663493,-0.3354530265131616,0.9991380286536138,-0.028683127209263536
0.0,12.272,-0.8729730920991415,-0.3305172679540652,-0.0007446647686609086,-0.019325040350267685,0.12482730995498485,-0.3345801490487334,0.9991183972967265,-0.02911265590438208
0.0,12.298,-0.87374729971293,-0.3296411438453965,-0.000761859904490524,-0.019733984894502676,0.12405405428872335,-0.333707598761737,0.9990984159836123,-0.029542162894776666
0.0,12.324,-0.8745176015030178,-0.3287653000885823,-0.0007793950431787984,-0.020142915792829105,0.12328474576283063,-0.33283538544001373,0.999078084332587,-0.029971654857015077
0.0,12.35,-0.8752840130361158,-0.32788975633160644,-0.0007972701488406593,-0.020551844696367005,0.12251936460185539,-0.33196352095633447,0.9990574018512204,-0.030401140209064034
0.0,12.376,-0.8760464908871769,-0.32701468427549857,-0.0008154860946765699,-0.020960776583119387,0.12175788690897006,-0.3310920056415634,0.9990363680862209,-0.030830625624107592
0.0,12.402,-0.8768051092068971,-0.3261399511296026,-0.0008340430577780005,-0.02136971971344988,0.12100030170472761,-0.33022085673859314,0.9990149824520056,-0.031260121261173834
0.0,12.428,-0.8775599375958402,-0.32526542197712793,-0.000852941746037355,-0.021778686815241765,0.1202465839079652,-0.3293500707060222,0.9989932444329405,-0.03168963379005311
0.0,12.454,-0.878310877303045,-0.32439142192516834,-0.0008721829004311564,-0.02218767868228211,0.11949672264683933,-0.32847966466354267,0.9989711533666037,-0.032119173365731876
0.0,12.48,-0.8790580012967664,-0.32351781713730393,-0.000891766488160542,-0.022596710355972147,0.1187506887309604,-0.3276096408858073,0.9989487086980275,-0.032548746655073735
0.0,12.506,-0.8798013789924771,-0.3226444720461756,-0.0009116939484422902,-0.023005787222589606,0.11800846435336229,-0.32674001460015517,0.9989259097685151,-0.032978362066050426
0.0,12.532,-0.8805409138432279,-0.32177171264793447,-0.0009319648022607538,-0.023414916562843825,0.11727003772972654,-0.32587078179172074,0.9989027558702028,-0.03340802800402687
0.0,12.558,-0.8812767886231893,-0.32089909607825284,-0.0009525806683505438,-0.023824106469461696,0.1165353911601687,-0.32500195760208345,0.9988792463150608,-0.03383775287399363
0.0,12.584,-0.8820088482193712,-0.320027101118726,-0.0009735417821103859,-0.024233367838493655,0.11580449733574996,-0.32413354785787213,0.9988553803313883,-0.03426754507705952
0.0,12.61,-0.8827372209924064,-0.3191554387709824,-0.0009948492496877832,-0.024642707875107063,0.11507733612377649,-0.3232655600280528,0.9988311571558133,-0.034697413013467966
0.0,12.636,-0.8834618634562524,-0.3182842800405656,-0.0010165031865617621,-0.02505213473783468,0.11435390438671583,-0.32239799553504267,0.9988065760485977,-0.03512736333775135
0.0,12.662,-0.8841828466631142,-0.31741348882025744,-0.0010385048744088491,-0.02546165670200337,0.11363417216877753,-0.32153086951197857,0.9987816360261516,-0.03555740793086038
0.0,12.688,-0.8849001848786633,-0.31654308249148444,-0.0010608550671174879,-0.025871281465779966,0.11291812260569493,-0.32066417990573753,0.9987563363699354,-0.035987551700167444
0.0,12.714,-0.8856138914324108,-0.31567307798962724,-0.001083554541943413,-0.02628101838502871,0.11220573982917265,-0.31979794510303206,0.9987306761045496,-0.03641780477883527
0.0,12.74,-0.886323925810136,-0.314803647226498,-0.0011066041146439649,-0.02669087792462425,0.11149700028339644,-0.31893216128311086,0.9987046543012112,-0.03684817555484029
0.0,12.766,-0.8870303567489323,-0.31393465253083724,-0.001130004736268888,-0.027100861719938578,0.11079189682735649,-0.31806683546895165,0.9986782700700022,-0.03727867067073554
0.0,12.792,-0.8877331988387889,-0.31306611095713366,-0.0011537571230771423,-0.02751098669788409,0.11009040566969949,-0.3172019804506264,0.998651522354678,-0.037709300252320395
0.0,12.818,-0.8884324647045719,-0.3121980387580222,-0.0011778623581257816,-0.027921253457562852,0.10939250490137217,-0.3163375960391551,0.9986244101248464,-0.038140072679306906
0.0,12.844,-0.8891281701155268,-0.31133045318634917,-0.0012023218046517384,-0.02833167718208428,0.10869818330002692,-0.3154736947018551,0.9985969323353933,-0.038570996329239916
0.0,12.87,-0.8898203268254891,-0.31046336997807106,-0.0012271360195481105,-0.028742261757810323,0.10800742465548713,-0.314610274332811,0.9985690879715512,-0.039002077833734786
0.0,12.896,-0.8905090037677457,-0.3095966504440606,-0.0012523060567590752,-0.029153018585459555,0.10732020562555128,-0.3137473474829888,0.9985408757773572,-0.03943332904977171
0.0,12.922,-0.8911941595293514,-0.3087304657081238,-0.0012778334451129484,-0.029563953047580947,0.10663651147224411,-0.3128849156361956,0.9985122947428896,-0.039864754860201496
0.0,12.948,-0.8918758091592195,-0.3078648323454118,-0.0013037187231042598,-0.029975077553905466,0.10595632453152204,-0.3120229893454302,0.9984833435451778,-0.04029636711567895
0.0,12.974,-0.8925539657275088,-0.3069997661407389,-0.001329963420061055,-0.030386397532093764,0.105279630223038,-0.31116157007018874,0.9984540210651995,-0.040728172436559074
0.0,13.0,-0.8932286947761843,-0.30613512655312664,-0.0013565689726015634,-0.030797921272817972,0.1046064098338959,-0.3103006647039133,0.998424326031354,-0.041160179180652574
0.0,13.026,-0.8939000121464732,-0.3052709299221497,-0.0013835356324933506,-0.031209659827146526,0.1039366501592936,-0.30944027827537696,0.9983942571191391,-0.04159239744709686
0.0,13.05,-0.8945166406301759,-0.30447370533798296,-0.0014087507361432775,-0.03158992437789437,0.10332145493644451,-0.3086465402259781,0.998366168287768,-0.041991561316982805
0.0,13.052,-0.8945678754790257,-0.3044073468826329,-0.0014108660926108174,-0.0316216230432444,0.103270326080847,-0.30858041586204416,0.9983638130869398,-0.04202483384532367
0.0,13.078,-0.8952323531587268,-0.3035442373719513,-0.0014385604499425706,-0.03203381569600669,0.10260742578128335,-0.3077210859888492,0.998332992436044,-0.04245750020853335
0.0,13.104,-0.8958934032598493,-0.30268177211416536,-0.0014666204959460556,-0.03244624788614121,0.10194792858181448,-0.30686228831916995,0.9983017939692789,-0.0428904013982185
0.0,13.13,-0.8965511466805764,-0.30181965418505513,-0.0014950471973607785,-0.03285892764156443,0.10129182397508035,-0.30600403487114874,0.998270216097754,-0.04332354923926098
0.0,13.156,-0.8972054899808085,-0.300958210991103,-0.0015238427313963108,-0.03327186809328232,0.10063909564510774,-0.3051463200160014,0.9982382574867467,-0.0437569503283808
0.0,13.182,-0.8978564991501521,-0.30009730101182286,-0.0015530075017349749,-0.033685072130404344,0.09998972254468058,-0.3042891592477714,0.998205916500829,-0.04419061648364328
0.0,13.208,-0.8985041863810603,-0.2992369386727109,-0.0015825440782525142,-0.03409855493118225,0.09934369089108934,-0.3034325539411954,0.9981731917836604,-0.044624552550517914
0.0,13.234,-0.8991485649628232,-0.29837713867428445,-0.0016124530379844739,-0.0345123168167546,0.09870098811137354,-0.30257650899250593,0.9981400816439792,-0.04505877033962477
0.0,13.26,-0.8997897001754485,-0.29751775860163254,-0.0016427361581244865,-0.034926374203466684,0.09806158888580607,-0.3017210257720636,0.9981065845847412,-0.045493276430821766
0.0,13.286,-0.9004275003959297,-0.2966591266432133,-0.0016733951651388302,-0.0353407318873238,0.09742548198267253,-0.30086611262944357,0.9980726988450084,-0.045928082626313795
0.0,13.312,-0.9010620828054359,-0.29580094308884697,-0.0017044320667267113,-0.03575540275057558,0.09679265506872568,-0.3000117744200248,0.9980384228625675,-0.04636319549773299
0.0,13.338,-0.9016934069412728,-0.2949433787172702,-0.0017358473164091263,-0.03617039561700802,0.09616308540999798,-0.299158019355121,0.9980037548654161,-0.04679862509563283
0.0,13.364,-0.90232148640106,-0.2940864478766958,-0.0017676435449157548,-0.036585714641554586,0.09553676495247411,-0.2983048471211592,0.9979686931689119,-0.04723437972613797
0.0,13.39,-0.9029463849824046,-0.2932300069111913,-0.00179982221627954,-0.03700136757402522,0.09491366762020402,-0.2974522368285244,0.9979332359212308,-0.04767046943031313
0.0,13.416,-0.903568062845137,-0.29237422673019653,-0.0018323852911696639,-0.037417374359121014,0.09429378937761837,-0.2966002361524694,0.997897381336404,-0.04810690250366599
0.0,13.442,-0.9041865856834791,-0.29151896399965704,-0.0018653342150402419,-0.03783373277844623,0.09367710437626992,-0.29574882415553466,0.9978611275401373,-0.04854368898016989
0.0,13.468,-0.9048019119880059,-0.29066438904150205,-0.0018986706990470597,-0.03825046115295483,0.09306360810204631,-0.29489801087408934,0.9978244725595539,-0.04898083888588719
0.0,13.494,-0.9054141083111766,-0.28981035850412784,-0.001932396790132696,-0.03866755917634697,0.09245328056750474,-0.294047811149992,0.9977874146105538,-0.04941835876150175
0.0,13.52,-0.9060231829396536,-0.28895688433224753,-0.0019665141630031756,-0.039085047381060944,0.0918460964297383,-0.29319820430344845,0.997749951665458,-0.04985625862401886
0.0,13.546,-0.9066291515113192,-0.28810398074255533,-0.002001025506885112,-0.039502927034769944,0.09124206188054365,-0.2923492340570344,0.9977120816020503,-0.05029455022808407
0.0,13.572,-0.9072319733259607,-0.28725181823194135,-0.002035932465279989,-0.03992120671692343,0.0906411361877378,-0.29150084777236324,0.9976738024964645,-0.05073324009762983
0.0,13.598,-0.9078317114325026,-0.28640025175827194,-0.002071236293454279,-0.04033990256165343,0.09004332559043217,-0.2906530891046179,0.9976351121447149,-0.0511723399762998
0.0,13.624,-0.9084283785017782,-0.2855492943446419,-0.0021069394816817535,-0.040759014923868915,0.08944861050225071,-0.28980597260152857,0.9975960085342184,-0.05161185637661971
0.0,13.65,-0.9090220359012833,-0.2846987999664316,-0.002143044888049343,-0.04117856551155934,0.08885696106402992,-0.2889594430141444,0.9975564893905875,-0.05205180103143188
0.0,13.676,-0.9096125958328961,-0.2838490983969906,-0.002179553533067281,-0.04159855528149254,0.08826838356204351,-0.2881135800181286,0.9975165524636324,-0.05249218392526064
0.0,13.702,-0.9102001188654941,-0.28300004326592565,-0.0022164681953766733,-0.042018992171674006,0.08768285342934867,-0.28726832704009303,0.9974761955656217,-0.052933013296334985
0.0,13.728,-0.9107846681677457,-0.2821514887082237,-0.002253791289684442,-0.04243989148164994,0.08710034661949659,-0.28642370028177117,0.9974354162726621,-0.053374300858199775
0.0,13.754,-0.9113662039805727,-0.28130360521461906,-0.0022915248141737537,-0.04286126130084346,0.08652085917981799,-0.285579709706434,0.9973942123521473,-0.05381605309311237
0.0,13.78,-0.9119447392791585,-0.2804564054331436,-0.0023296708493527984,-0.04328311201543429,0.08594439200389926,-0.28473639952334473,0.9973525813295768,-0.054258283449750706
0.0,13.806,-0.912520334840285,-0.2796097423593338,-0.002368232053684507,-0.04370545125982671,0.08537089647719927,-0.2838936857198521,0.9973105209497668,-0.05470099840121394
0.0,13.832,-0.9130929028352092,-0.2787639459795931,-0.002407210697523373,-0.04412829393882001,0.08480038356928066,-0.28305164526908566,0.9972680285070933,-0.05514420962942575
0.0,13.858,-0.9136626023437533,-0.27791855066363447,-0.002446609082542508,-0.04455164189542964,0.08423283461104131,-0.2822102568212031,0.997225101486022,-0.05558792707641627
0.0,13.884,-0.9142293478805704,-0.27707388702199126,-0.0024864293770457254,-0.04497550917525858,0.0836682309859627,-0.28136953465291165,0.9971817374671114,-0.056032160685305636
0.0,13.91,-0.9147931495028062,-0.2762299664376312,-0.0025266754250479733,-0.045399911953342205,0.08310656419140625,-0.28052945478799607,0.9971379335529432,-0.05647692036799575
0.0,13.936,-0.9153540674803361,-0.2753866411141254,-0.002567348739928877,-0.045824852900542064,0.08254781094114634,-0.27969003304426504,0.9970936873019804,-0.05692221780332925
0.0,13.962,-0.9159121125690985,-0.27454392234437386,-0.002608451987752838,-0.046250341639489115,0.08199196270397265,-0.27885128075432186,0.9970489960919016,-0.05736805941776873
0.0,13.988,-0.9164672966236427,-0.2737018216814551,-0.0026499879326732224,-0.046676389677592155,0.08143900640383887,-0.2780131757472345,0.9970038568841313,-0.05781445859281374
0.0,14.014,-0.9170195828652705,-0.2728605103556046,-0.002691959751578785,-0.047103015849116324,0.0808889332513684,-0.27717576425890605,0.9969582669331014,-0.058261425229953624
0.0,14.04,-0.9175690290413181,-0.27201983932050816,-0.002734369489271025,-0.04753021921932247,0.08034171619685336,-0.2763389937396174,0.9969122235890324,-0.058708969231535874
0.0,14.066,-0.9181156481930163,-0.2711798202722215,-0.002777219883604536,-0.04795801124684537,0.07979735142463358,-0.27550290888360124,0.9968657236207654,-0.0591571022067726
0.0,14.092,-0.9186594491779451,-0.2703404635991542,-0.0028205149385165623,-0.04838641067315207,0.07925582577987318,-0.2746675222652688,0.9968187642125746,-0.05960583229208401
0.0,14.118,-0.9192004440650087,-0.26950178057332064,-0.002864256116123677,-0.04881542145257626,0.07871712235742306,-0.2738327791732787,0.9967713423330561,-0.06005517284393207
0.0,14.144,-0.9197386428489672,-0.26866378178930406,-0.0029084481622792587,-0.049245060129643026,0.07818122778763795,-0.27299872677849024,0.9967234550126287,-0.06050513197921337
0.0,14.17,-0.9202741044264017,-0.26782631778916316,-0.0029530923721633145,-0.049675328051980445,0.07764813391673796,-0.2721653762811935,0.9966750991676104,-0.0609557212946152
0.0,14.196,-0.9208067441767931,-0.2669897198954316,-0.002998191973646095,-0.05010624505721195,0.07711782369040847,-0.2713327075694671,0.996626271240483,-0.0614069540982504
0.0,14.222,-0.9213366676752369,-0.26615367783112087,-0.0030437510261850445,-0.05053781526504995,0.07659028027566112,-0.27050070084071276,0.9965769684309672,-0.06185883850081005
0.0,14.248,-0.921863792022028,-0.2653185234929687,-0.003089772641834939,-0.05097005589540841,0.07606549515954741,-0.26966940134978734,0.996527187131344,-0.06231138604960376
0.0,14.274,-0.9223882673879843,-0.26448378483065427,-0.0031362593167210233,-0.051402974007025294,0.07554345166979687,-0.2688387892821049,0.9964769242849673,-0.06276460832022478
0.0,14.3,-0.92290996507946,-0.26364995480894293,-0.003183214885546284,-0.05183658386147619,0.07502414666595283,-0.2680088746779623,0.9964261763492073,-0.06321851510590737
0.0,14.326,-0.9234289864732094,-0.262816721287853,-0.003230642021693988,-0.05227089525930698,0.07450754969508395,-0.26717964198115535,0.9963749398837962,-0.06367311969224643
0.0,14.352,-0.9239452988965933,-0.26198425633956374,-0.0032785453129238343,-0.05270591920400041,0.07399367097218644,-0.26635113070763344,0.9963232113049789,-0.06412843360336251
0.0,14.378,-0.9244589561387807,-0.2611524081347677,-0.00332692632039917,-0.0531416620786983,0.07348247641916932,-0.2655232934112383,0.9962709872315865,-0.06458446487779997
0.0,14.404,-0.9249699702641077,-0.2603211870806031,-0.0033757911518441396,-0.053578143513229905,0.07297396234321842,-0.264696173411965,0.9962182638118235,-0.065041228501744
0.0,14.43,-0.9254783038254651,-0.25949076385977976,-0.0034251406118339586,-0.05401537254524115,0.07246811737451717,-0.2638697502518386,0.9961650375074662,-0.06549873423665113
0.0,14.456,-0.9259840145395812,-0.2586609874292728,-0.0034749806620267254,-0.0544533653519416,0.07196492939667423,-0.26304403661098125,0.9961113045301726,-0.06595699531327144
0.0,14.482,-0.9264870663828777,-0.25783202885072426,-0.003525313356594768,-0.054892120705990755,0.07146439090217648,-0.2622190438131523,0.9960570609518101,-0.06641602319999651
0.0,14.508,-0.9269875585090802,-0.25700357412124253,-0.003576144354160052,-0.05533166352188546,0.07096646889351324,-0.2613947253971271,0.9960023030524436,-0.06687582762581748
0.0,14.534,-0.9274854133063446,-0.25617595688745215,-0.0036274753244963406,-0.05577200124015704,0.07047117701644699,-0.26057115182487806,0.9959470268570092,-0.06733642178800452
0.0,14.56,-0.9279806848519842,-0.25534902466293286,-0.0036793109056509313,-0.056213142122155606,0.06997848708439867,-0.2597482755848968,0.9958912283638524,-0.06779781887474377
0.0,14.586,-0.9284733822544441,-0.2545227866194118,-0.003731655296603664,-0.05665510202994631,0.06948839191517407,-0.25892610822238454,0.9958349034389542,-0.06826002856534959
0.0,14.612,-0.9289635157226884,-0.2536972521763482,-0.0037845118164186262,-0.05709789812223719,0.06900087979474294,-0.2581046624126923,0.9957780480267941,-0.06872306577555126
0.0,14.638,-0.9294510944285829,-0.25287243041392776,-0.0038378860025509174,-0.057541535352712614,0.06851593115154517,-0.25728392110228804,0.9957206578246809,-0.06918694190395497
0.0,14.664,-0.9299361307863017,-0.25204833123855513,-0.0038917809405329988,-0.05798602639047746,0.06803354345204672,-0.2564638946594416,0.9956627284993352,-0.06965167008525412
0.0,14.69,-0.9304186318909071,-0.25122496305477265,-0.003946200806436445,-0.05843138489679245,0.06755370069227296,-0.2556445969489791,0.9956042559352173,-0.07011725996885346
0.0,14.716,-0.9308986080780584,-0.2504023350952656,-0.004001149881173141,-0.058877625600094394,0.06707639257552152,-0.25482600884474294,0.9955452355034131,-0.0705837281451256
0.0,14.742,-0.9313760697151742,-0.24958045654464878,-0.0040566335890749325,-0.05932476423504031,0.0666016109754287,-0.254008173531395,0.995485662922698,-0.07105108423546892
0.0,14.768,-0.9318510695449719,-0.24875917361440242,-0.004112654937025498,-0.059772810881168564,0.06612933805081407,-0.25319104276523485,0.9954255334020061,-0.07151934305543374
0.0,14.794,-0.9323235732193907,-0.24793865758421124,-0.004169220142307415,-0.06022177629346879,0.06565956261910373,-0.25237462941717576,0.9953648423598721,-0.07198851768039838
0.0,14.82,-0.9327935911964501,-0.24711891750158188,-0.004226331340468767,-0.06067167241255866,0.06519227352550028,-0.2515589462507726,0.9953035851991978,-0.07245861942957506
0.0,14.846,-0.9332611758777238,-0.24629979919766995,-0.004283993898532264,-0.0611225118698796,0.0647274609438733,-0.2507439747952727,0.9952417571585918,-0.07292966309403943
0.0,14.872,-0.933726293432413,-0.24548147406669613,-0.004342213811609828,-0.061574315297625214,0.06426511688699214,-0.24992975782631616,0.9951793529873505,-0.07340166341973099
0.0,14.898,-0.934188994957425,-0.2446637874091387,-0.004400995643780179,-0.062027097392417456,0.06380522424590249,-0.2491162482231783,0.9951163682488151,-0.07387462996387043
0.0,14.924,-0.9346492491143779,-0.24384691126012784,-0.0044603430349928535,-0.062480859397662056,0.06334777512692777,-0.24830348864955462,0.9950527976222477,-0.07434857919453725
0.0,14.95,-0.9351071067710028,-0.2430306906719725,-0.004520262335503379,-0.06293562473831751,0.06289274842633712,-0.24749143358051878,0.9949886360134876,-0.07482352409386704
0.0,14.976,-0.9355625337016191,-0.2422152969116288,-0.0045807584294578286,-0.06339141077602871,0.06244015648875623,-0.24668015067475763,0.9949238783002625,-0.07529947763198608
0.0,15.002,-0.9360155826947568,-0.24140057534930406,-0.004641835243664604,-0.06384822112930302,0.06198996259804002,-0.24586956851244088,0.9948585191820999,-0.07577645624833093
0.0,15.028,-0.9364662629308894,-0.24058653416000314,-0.004703498968046707,-0.06430607468689667,0.061542167637456284,-0.24505972736147186,0.9947925533791515,-0.0762544711343362
0.0,15.054,-0.936914540690543,-0.23977334472360143,-0.004765754262343633,-0.06476498393418613,0.061096758184686524,-0.24425061080079932,0.9947259752992305,-0.07673353868629462
0.0,15.08,-0.9373604673384565,-0.23896085176811435,-0.004828607015809444,-0.06522496204307646,0.06065372372524688,-0.24344223179249258,0.9946587793351241,-0.07721367354195585
0.0,15.106,-0.9378040936984197,-0.23814889966792924,-0.004892063223510601,-0.06568603816933445,0.0602130580042596,-0.242634602141326,0.9945909599831777,-0.07769488858964203
0.0,15.132,-0.9382453447042479,-0.23733782343877594,-0.004956127337321771,-0.06614820451534754,0.0597747478538296,-0.24182770573523657,0.994522511688969,-0.07817719844924832
0.0,15.158,-0.9386842300903936,-0.23652763128366502,-0.005020805579426873,-0.0666114918655169,0.059338771862825275,-0.24102152882930067,0.9944534283849608,-0.07866061943556735
0.0,15.184,-0.9391208418974368,-0.23571800354672914,-0.005086103747342319,-0.06707590897529235,0.05890513504140899,-0.24021611014052846,0.9943837041059617,-0.0791451661129882
0.0,15.21,-0.939555146981537,-0.23490911160137015,-0.005152027159753782,-0.06754147305524277,0.058473824469039745,-0.23941143386348507,0.9943133330831647,-0.07963085304969593
0.0,15.236,-0.9399871525632512,-0.23410096275911932,-0.0052185824294142605,-0.06800820203959107,0.05804481906259523,-0.23860748651331107,0.9942423090317515,-0.08011769650724819
0.0,15.262,-0.9404168702150368,-0.2332935653719474,-0.005285775703052771,-0.06847610679640999,0.05761811294973352,-0.23780428020608255,0.994170625771346,-0.080605710996493
0.0,15.288,-0.94084434778201,-0.2324867624641097,-0.00535361203837188,-0.06894519889596241,0.05719369777626127,-0.23700179869738663,0.9940982772030226,-0.08109491102240445
0.0,15.314,-0.9412695123431524,-0.23168088984345395,-0.005422097825334065,-0.06941550651152299,0.05677156599793513,-0.23620008342464108,0.9940252565665572,-0.08158531451644495
0.0,15.34,-0.9416924533065455,-0.2308756264477948,-0.0054912413661686345,-0.06988703445059774,0.05635170281701303,-0.235399091065957,0.9939515576914195,-0.08207693595188435
0.0,15.366,-0.9421131395981134,-0.23007114414182334,-0.005561046259405796,-0.07035980460797935,0.05593410076748384,-0.23459886294557813,0.9938771736276301,-0.08256979321779608
0.0,15.392,-0.942531580744306,-0.22926745054069375,-0.005631522342421111,-0.07083383925360522,0.05551874533488168,-0.2337993562255129,0.9938020979035372,-0.08306390073578503
0.0,15.418,-0.9429477830384213,-0.228464552429278,-0.005702672730571864,-0.07130913727581778,0.055105626851573795,-0.2330005843294698,0.9937263233787833,-0.08355927635111117
0.0,15.444,-0.9433617957843067,-0.22766229270100297,-0.005774505701628457,-0.07178573063845448,0.054694746019550045,-0.2322025863531089,0.9936498435088137,-0.0840559344514146
0.0,15.47,-0.9437736281548285,-0.2268606786402341,-0.005847028973323065,-0.07226362733636403,0.0542860742787734,-0.23140529532842039,0.9935726508146294,-0.08455389457114429
0.0,15.496,-0.9441832466306469,-0.22605988150282091,-0.0059202479524904,-0.07274285285802268,0.053879618693430026,-0.23060877709071048,0.9934947384466841,-0.0850531710431034
0.0,15.522,-0.9445906619341635,-0.2252599089765197,-0.005994171881961409,-0.0732234163096865,0.05347536129143922,-0.2298129908307054,0.9934160988442607,-0.08555378336450259
0.0,15.548,-0.9449959196361328,-0.2244606027377808,-0.00606880642949119,-0.07370534463240944,0.05307329266036588,-0.22901795005313486,0.9933367245875913,-0.08605574753554085
0.0,15.574,-0.945399030083928,-0.22366197018493694,-0.006144159135206976,-0.07418863973208814,0.05267340340651568,-0.22822366815581302,0.9932566082962814,-0.08655908129087327
0.0,15.6,-0.9457999593081117,-0.22286418246425993,-0.006220236603413499,-0.07467333846158787,0.05227568005714358,-0.22743010423745094,0.9931757422048543,-0.08706380231575485
0.0,15.626,-0.9461987579632155,-0.2220670822247461,-0.006297049248048538,-0.07515944365944306,0.05188012934862343,-0.22663732335167838,0.9930941185056686,-0.08756992827520509
0.0,15.652,-0.946595392396312,-0.22127084068587904,-0.006374601945080063,-0.0756469851913882,0.05148672009494482,-0.22584526153280166,0.9930117290806458,-0.08807747853678556
0.0,15.678,-0.9469899493264996,-0.2204751344911602,-0.006452904816149441,-0.07613597577223288,0.05109544722974867,-0.22505393172192487,0.9929285661488173,-0.08858647073398641
0.0,15.704,-0.9473823588371489,-0.21968030058716442,-0.006531962822242278,-0.076626429045138,0.05070631539945226,-0.2242633717141209,0.9928446213147877,-0.08909692242834846
0.0,15.73,-0.9477726678392073,-0.21888618043578034,-0.006611787123623498,-0.07711836756940531,0.050319299897714095,-0.22347354433702407,0.9927598861703143,-0.08960885465568783
0.0,15.756,-0.9481608846444923,-0.2180927806760606,-0.006692383693023102,-0.07761181508051423,0.04993439571717371,-0.22268446254302376,0.9926743525000035,-0.09012228321066097
0.0,15.782,-0.9485470154004181,-0.21730010741183098,-0.006773763272441538,-0.0781067865866709,0.049551601683994674,-0.22189613833875158,0.9925880114158092,-0.090637230795795
0.0,15.808,-0.9489310317600482,-0.21650833308686546,-0.0068559326879492665,-0.07860329794838693,0.049170893631292005,-0.22110853533884495,0.9925008543830064,-0.09115371313930819
0.0,15.834,-0.9493130178061618,-0.21571713306564133,-0.006938901842236459,-0.07910138363418859,0.048792277972822984,-0.22032171750714313,0.9924128720265868,-0.09167175460719588
0.0,15.86,-0.9496929407207891,-0.21492667866094595,-0.007022677616386281,-0.0796010424297767,0.048415732864335245,-0.2195356216265351,0.9923240557174152,-0.0921913708798022
0.0,15.886,-0.950070810000964,-0.21413697659516237,-0.007107270225437741,-0.080102310069454,0.04804125353426082,-0.2187502610374072,0.9922343960716316,-0.09271258278828254
0.0,15.912,-0.9504466329757665,-0.21334803306103328,-0.0071926898539505105,-0.08060520458976982,0.04766883136545848,-0.21796564982928784,0.9921438836049753,-0.09323541288036193
0.0,15.938,-0.9508204180858211,-0.21255985446493306,-0.00727894544994068,-0.08110974468026602,0.047298461545167876,-0.21718180115736807,0.9920525089255594,-0.09375987845053992
0.0,15.964,-0.9511922085612203,-0.2117722806765625,-0.007366044683574783,-0.08161594969608262,0.04693012841407849,-0.21639867826631717,0.9919602621665617,-0.09428600371464739
0.0,15.99,-0.9515619388168882,-0.2109856500025607,-0.007453998205469598,-0.08212383928053775,0.04656382356873664,-0.21561629549855538,0.9918671335548452,-0.09481380763441212
0.0,16.016,-0.9519296900351113,-0.2101996364162029,-0.007542816279732349,-0.0826334432634865,0.04619954393682141,-0.21483469182063528,0.9917731128209426,-0.0953433125954816
0.0,16.042,-0.9522954315717121,-0.20941441172663516,-0.007632509060114879,-0.08314477298502285,0.045837276390728994,-0.21405380475463387,0.9916781899809023,-0.09587454098770852
0.0,16.068,-0.9526592094612775,-0.20862981615148224,-0.007723085710594626,-0.08365785963447361,0.045477005247043595,-0.21327365049791194,0.9915823543624324,-0.09640751336410903
0.0,16.094,-0.9530209581880701,-0.20784618813967573,-0.007814557600249506,-0.08417272524455693,0.04511873868000302,-0.21249426561408247,0.9914855958101915,-0.09694225030362204
0.0,16.12,-0.9533807918475359,-0.20706303415523317,-0.007906933909534638,-0.08468938279953461,0.044762454306668864,-0.21171561627375524,0.9913879031475451,-0.09747877750221261
0.0,16.146,-0.9537386112835573,-0.20628085958968856,-0.008000226351023092,-0.08520785529085118,0.044408151407638506,-0.2109377154742859,0.9912892654742338,-0.09801711716323203
0.0,16.172,-0.9540945309001236,-0.20549917071078783,-0.008094446278499345,-0.08572817629446429,0.04405581308931648,-0.21016055426271976,0.9911896716031121,-0.09855729143597876
0.0,16.198,-0.9544484501969347,-0.20471847274749672,-0.008189604319156973,-0.08625037028240846,0.043705433647916576,-0.20938412161991043,0.9910891104022065,-0.09909932244894226
0.0,16.224,-0.9548004838878523,-0.2039382717745792,-0.008285711836965278,-0.08677445218438529,0.04335701378406675,-0.2086084556121505,0.9909875702182821,-0.09964323574600269
0.0,16.25,-0.9551505677789858,-0.2031589066269079,-0.008382778285028019,-0.0873004476229053,0.043010526931910945,-0.20783349965175435,0.9908850390493483,-0.10018905506108991
0.0,16.276,-0.955498708323941,-0.20238038283380724,-0.00848081786040629,-0.08782838238607794,0.04266598246855781,-0.20705931504419686,0.9907815052859563,-0.10073680413943416
0.0,16.302,-0.9558449504769934,-0.20160253976736878,-0.00857984193506694,-0.08835828315652142,0.04232336626363102,-0.206285868058449,0.9906769563932076,-0.10128650835086887
0.0,16.328,-0.9561892981126439,-0.2008253822519335,-0.008679862622053372,-0.08889016684614824,0.04198266570340697,-0.20551314998053583,0.9905713801737149,-0.10183819132264725
0.0,16.354,-0.9565317595207324,-0.20004891601518207,-0.008780891117907497,-0.08942407163184671,0.04164387670605477,-0.20474117518404264,0.9904647638936387,-0.10239188009126267
0.0,16.38,-0.9568723071262547,-0.19927331352889316,-0.008882941489019473,-0.08996001539066611,0.041306986827401526,-0.20396993519090434,0.9903570948773144,-0.10294759817397385
0.0,16.406,-0.9572109820969851,-0.19849841311448105,-0.008986025904377989,-0.09049802710330276,0.04097199204865759,-0.20319944444370622,0.9902483599080121,-0.10350537249474244
0.0,16.432,-0.957547791665595,-0.19772422018250302,-0.009090158324581859,-0.09103813622965068,0.04063888715823683,-0.20242969327975358,0.9901385457626801,-0.10406522819719559
0.0,16.458,-0.9578827430792788,-0.19695074011495925,-0.00919534923876367,-0.09158035193985578,0.04030765643783969,-0.20166067443348837,0.9900276386685765,-0.10462719382855062
0.0,16.484,-0.9582158413932357,-0.1961779778135999,-0.009301615139945945,-0.09212472581600087,0.039978295995901594,-0.20089240258869165,0.989915624843789,-0.10519129615366764
0.0,16.51,-0.9585470949845506,-0.19540593883368573,-0.009408968537842035,-0.092671267913625,0.039650800820439244,-0.2001248686049708,0.9898024903171057,-0.10575756188271207
0.0,16.536,-0.9588765100380435,-0.19463462825027325,-0.009517421036322924,-0.09322001023603682,0.03932515550975589,-0.19935806568470846,0.9896882208136123,-0.10632601765806635
0.0,16.562,-0.9592040938553063,-0.19386405133670406,-0.009626992604786297,-0.09377098462152597,0.03900135526800923,-0.1985919852026712,0.9895728014950869,-0.10689669351971078
0.0,16.588,-0.959529818945743,-0.19309438058512676,-0.009737692067962461,-0.09432422474156643,0.03867939734561096,-0.19782666571653612,0.989456217927644,-0.10746961601935533
0.0,16.614,-0.9598537579640445,-0.19232528588929287,-0.009849537687815896,-0.09487974192173891,0.03835926462314946,-0.1970620538951899,0.9893384546533868,-0.10804481505448375
0.0,16.64,-0.9601758866247265,-0.1915569402990559,-0.009962543123695336,-0.0954375814629769,0.03804096227074425,-0.19629821036720296,0.9892194962426153,-0.10862232048606407
0.0,16.666,-0.9604962433701228,-0.1907891808993111,-0.010076723316001573,-0.09599776716789912,0.037724469986717316,-0.19553508306191822,0.9890993270653867,-0.10920216211311745
0.0,16.692,-0.9608147666220372,-0.1900223476127498,-0.010192096291771416,-0.09656033421181721,0.03740978422908277,-0.1947726874641789,0.9889779310632304,-0.10978436964647788
0.0,16.718,-0.9611315324349513,-0.18925611066013143,-0.010308675825429076,-0.09712530763802751,0.03709689713302546,-0.19401101662588716,0.9888552919764138,-0.11036897273255804
0.0,16.744,-0.9614465115817287,-0.18849064211240363,-0.010426478793271871,-0.09769272400744497,0.03678580516075514,-0.19325008610123004,0.9887313931837256,-0.11095600442922827
0.0,16.77,-0.9617597125718533,-0.18772594724913097,-0.010545519937617931,-0.09826259796637621,0.03647649716331893,-0.1924898898221459,0.9886062176734807,-0.1115454942116356
0.0,16.796,-0.9620711394985125,-0.18696203045714183,-0.010665819101121798,-0.0988349898678051,0.03616896131709182,-0.19173039924584884,0.9884797484087071,-0.11213747500164098
0.0,16.822,-0.9623808345009648,-0.1861987292103318,-0.010787391573452014,-0.09940991553705655,0.03586320254336997,-0.19097167437550952,0.9883519674576605,-0.11273197957349163
0.0,16.848,-0.9626887678220172,-0.18543621549325262,-0.010910255842220815,-0.09998740232260747,0.03555920086581524,-0.19021364302132102,0.9882228573291172,-0.11332903895637039
0.0,16.874,-0.9629949813594654,-0.18467432661898342,-0.011034429722210812,-0.10056750157708544,0.03525695786160529,-0.18945636577643005,0.988092399271188,-0.11392868922904709
0.0,16.9,-0.9632994467518057,-0.18391323484917507,-0.01115993104006372,-0.10115023034887302,0.03495646202380475,-0.18869981490509402,0.9879605751370325,-0.11453096124715458
0.0,16.926,-0.9636021703620609,-0.18315294488249517,-0.011286778218250478,-0.10173564142481199,0.034657706058089516,-0.18794398490491274,0.9878273655381973,-0.11513589266173695
0.0,16.952,-0.9639031926169938,-0.1823932935801932,-0.011414989655283134,-0.10232375289030773,0.03436068275238827,-0.18718887051923677,0.987692751350691,-0.11574351585909333
0.0,16.978,-0.9642025172853349,-0.18163428501167508,-0.011544585336077565,-0.10291459489493722,0.03406538238957193,-0.18643448938916543,0.9875567129422111,-0.11635386660757684
0.0,17.004,-0.9645001199066514,-0.18087609219238443,-0.011675586448244755,-0.1035082221166155,0.03377180437677033,-0.1856808352761213,0.9874192297963951,-0.11696698226363747
0.0,17.03,-0.9647960383242564,-0.18011855133345303,-0.011808010049638787,-0.10410466652292161,0.03347993841217762,-0.18492790397835837,0.987280281804603,-0.11758289667975536
0.0,17.056,-0.9650902461431352,-0.1793618350897224,-0.011941880304081954,-0.10470397203453306,0.03318977753870916,-0.18417569093612549,0.987139847696941,-0.11820165050275389
0.0,17.082,-0.9653827820736245,-0.17860577973018996,-0.012077215360057816,-0.10530615952471668,0.0329013116741829,-0.18342419240441138,0.98699790656532,-0.11882327737242669
0.0,17.108,-0.9656736510457551,-0.1778503894252611,-0.01221403456832056,-0.10591127471578612,0.03261453780684142,-0.18267342531930758,0.9868544360081574,-0.11944781942588195
0.0,17.134,-0.9659628591109342,-0.17709566853010053,-0.012352363620428802,-0.10651935102514928,0.03232944542292735,-0.18192336462035383,0.9867094145565133,-0.12007531185907971
0.0,17.16,-0.9662503815536418,-0.17634179001979436,-0.012492224475702918,-0.10713043536813184,0.03204603211863828,-0.1811740489643173,0.9865628188736044,-0.12070579656758437
0.0,17.186,-0.9665362554865736,-0.17558858966163768,-0.012633637594982053,-0.1077445757080697,0.03176429017269776,-0.1804254317824632,0.9864146263658794,-0.12133931197536323
0.0,17.212,-0.9668204858788914,-0.1748360715409458,-0.012776627987852883,-0.108361807710738,0.03148420728338751,-0.17967753227569017,0.9862648132056053,-0.12197589978267027
0.0,17.238,-0.9671030799354805,-0.1740842401248187,-0.012921215787918352,-0.1089821554869822,0.031205783267280858,-0.17893034615233186,0.9861133552012974,-0.12261560157433406
0.0,17.264,-0.9673840415313905,-0.17333309925572415,-0.013067429736010678,-0.10960568082800862,0.030929008574737175,-0.17818387101174757,0.9859602280237516,-0.12325845884616092
0.0,17.29,-0.9676633477698979,-0.17258282224575947,-0.013215290321623798,-0.11023242196293531,0.030653877303873377,-0.17743812509374737,0.9858054066373911,-0.12390451293234567
0.0,17.316,-0.9679410640316568,-0.171833075366566,-0.013364827616857759,-0.11086242954364361,0.030380382716441525,-0.1766930847606328,0.9856488651012685,-0.12455381022052317
0.0,17.342,-0.9682171363347788,-0.17108420062366794,-0.013516061353720457,-0.11149573034136497,0.030108515536950542,-0.17594874827393692,0.9854905778536452,-0.12520639007705828
0.0,17.368,-0.9684916295544412,-0.1703358640542959,-0.013669020529784514,-0.11213237654562687,0.029838273097577243,-0.1752051337544861,0.9853305176505107,-0.12586230206181326
0.0,17.394,-0.9687644902499631,-0.1695884078144985,-0.013823732701274651,-0.1127724214621269,0.029569642814435613,-0.174462219552243,0.985168657738311,-0.126521588723129
0.0,17.42,-0.9690357839073039,-0.16884149790380942,-0.013980222326753586,-0.1134159064791298,0.029302628182662924,-0.17372002303233255,0.985004969981692,-0.1271842975913869
0.0,17.446,-0.969305484732826,-0.16809530706129341,-0.014138518228593583,-0.11406287311127924,0.029037213768061395,-0.17297852367702032,0.9848394260815837,-0.1278504760882756
0.0,17.472,-0.9695736011339995,-0.16734983974755804,-0.014298651354902171,-0.11471337668483599,0.028773397057596926,-0.17223774015069496,0.9846719972312079,-0.1285201697326196
0.0,17.498,-0.9698401359471153,-0.16660509943499063,-0.01446064918867254,-0.11536747394346848,0.028511171901944583,-0.17149765101203043,0.9845026538978676,-0.1291934273526207
0.0,17.524,-0.9701050964813955,-0.1658610903478032,-0.014624538350795803,-0.11602519560627626,0.028250529840326496,-0.17075827619680312,0.9843313653564915,-0.12987030102102037
0.0,17.55,-0.9703684878219432,-0.16511781630432834,-0.014790355026570372,-0.11668661251574391,0.027991468129236825,-0.1700196144432618,0.9841581011546167,-0.13055083925279828
0.0,17.576,-0.9706303437504522,-0.16437511169714186,-0.014958124803410265,-0.11735175700187629,0.027733977879752264,-0.16928164572055357,0.9839828296424741,-0.13123509205272144
0.0,17.602,-0.9708906404195102,-0.1636331496230742,-0.015127881223849383,-0.11802068840495797,0.02747805059518358,-0.16854437043793588,0.9838055182984459,-0.13192311444964178
0.0,17.628,-0.9711493851736415,-0.16289193421997883,-0.015299656368167415,-0.11869346729468132,0.02722368080931239,-0.16780778872652743,0.9836261347632579,-0.13261495439627607
0.0,17.654,-0.9714066103128398,-0.16215129949764903,-0.015473483493886915,-0.11937012720103614,0.026970869126028786,-0.16707191969512605,0.983444644529957,-0.13331067168295044
0.0,17.68,-0.9716622935208711,-0.16141141881784943,-0.015649397296667342,-0.12005075810630393,0.026719601168267798,-0.16633674544224802,0.9832610140536587,-0.13401031562914495
0.0,17.706,-0.971916439930393,-0.1606722958828659,-0.01582743039216341,-0.12073538131185174,0.02646987759021788,-0.1656022853262251,0.9830752076342518,-0.13471394388627037
0.0,17.732,-0.9721690825949904,-0.1599337647007866,-0.016007621102716293,-0.12142407436405704,0.0262216869919255,-0.164868502108391,0.9828871893584429,-0.13542161395634017
0.0,17.758,-0.9724201984904264,-0.1591959985244056,-0.016190000507299577,-0.1221168885909656,0.025975024352913847,-0.164135416577384,0.9826969225319896,-0.13613338311124293
0.0,17.784,-0.9726698226670856,-0.15845883160276703,-0.016374608753807474,-0.12281387491401273,0.025729884412585485,-0.1634030108503717,0.9825043695650351,-0.13684930837252435
0.0,17.81,-0.9729179301345346,-0.15772243687237922,-0.01656148403575897,-0.12351511425573719,0.02548625936463974,-0.16267130639459565,0.9823094921690122,-0.13756945003036927
0.0,17.836,-0.9731645545812051,-0.156986648275376,-0.016750663835124694,-0.12422064544037835,0.025244149832723394,-0.16194030410350505,0.9821122506786851,-0.1382938697961395
0.0,17.862,-0.9734096746482233,-0.156251639344869,-0.016942187712194894,-0.12493055143534165,0.025003545058912707,-0.16120998785576185,0.9819126049653332,-0.1390226291768845
0.0,17.888,-0.9736533215418336,-0.15551724353646854,-0.017136098624986943,-0.1256448867996361,0.024764434485387583,-0.16048034204996245,0.9817105139646377,-0.1397557911529342
0.0,17.914,-0.9738954730532022,-0.15478363425342528,-0.017332431670011944,-0.1263636931878447,0.0245268217991756,-0.15975140592264422,0.981505935687523,-0.14049341842616506
0.0,17.94,-0.9741361623878583,-0.15405064518974168,-0.01753123275562628,-0.12708707092745913,0.02429069649197829,-0.1590231454441442,0.9812988270642998,-0.141235576888634
0.0,17.966,-0.9743753943668313,-0.15331827973462148,-0.017732547077152536,-0.12781507736582762,0.024056051083791573,-0.15829556431992553,0.9810891438384391,-0.14198233385322187
0.0,17.992,-0.9746131726962352,-0.15258654108466085,-0.017936416134086888,-0.12854777124595293,0.02382288092823108,-0.15756866601715003,0.980876841169224,-0.14273375463850793
0.0,18.018,-0.974849476829058,-0.15185560291589958,-0.01814288647346654,-0.12928522668601763,0.023591184148033795,-0.1568424537836036,0.9806618726098056,-0.14348991115605986
0.0,18.044,-0.9750843383663087,-0.1511252985054354,-0.01835200550532363,-0.13002751894874315,0.023360953396485556,-0.1561169318894001,0.9804441911373838,-0.14425087156452632
0.0,18.07,-0.9753177621568552,-0.15039563117407345,-0.018563817099776305,-0.1307747097247026,0.023132178744080602,-0.15539208688757927,0.9802237481245824,-0.1450167088542112
0.0,18.096,-0.9755497258115198,-0.14966677431898787,-0.018778370330096942,-0.1315268763633688,0.022904858543694753,-0.1546679046371365,0.9800004942219606,-0.14578749397688084
0.0,18.122,-0.975780287686093,-0.14893839091039124,-0.018995719799234683,-0.13228409673932798,0.02267898565259418,-0.1539444085777925,0.9797743786775671,-0.1465633027319012
0.0,18.148,-0.9760094005331638,-0.14821082478936798,-0.019215911858224795,-0.133046451242301,0.022454558477052126,-0.15322158512016767,0.9795453496657819,-0.14734420881464833
0.0,18.174,-0.9762370942261204,-0.14748390877325457,-0.01943900080441736,-0.13381400475039196,0.022231567363056454,-0.15249944033021506,0.9793133537088075,-0.14813029071538505
0.0,18.2,-0.9764633736463181,-0.14675764610044545,-0.01966503938731291,-0.13458685501132336,0.02201000807842167,-0.1517779796546673,0.9790783365457691,-0.14892162659726754
0.0,18.226,-0.9766882448060853,-0.14603204016067253,-0.01989408390004313,-0.13536506918706004,0.021789874032084943,-0.15105717355638573,0.9788402423048583,-0.14971829591219193
0.0,18.252,-0.9769117114758061,-0.14530709398898106,-0.02012618920970955,-0.13614873169546396,0.021571163631763524,-0.15033704565476788,0.9785990135692151,-0.1505203811498591
0.0,18.278,-0.9771337774312133,-0.14458281060700517,-0.020361411255282843,-0.1369379121187899,0.021353867675167202,-0.14961758533401642,0.978354591888149,-0.15132796441078114
0.0,18.304,-0.9773544498289976,-0.143859193519849,-0.02059981167919409,-0.13773272889077148,0.02113797972676731,-0.14889878209824145,0.9781069168648011,-0.15214113250223696
0.0,18.33,-0.9775737313322277,-0.14313624555007456,-0.020841451068438464,-0.13853323761185443,0.020923500870334018,-0.14818065970776576,0.9778559274665473,-0.1529599683897914
0.0,18.356,-0.9777916268595792,-0.14241396983812438,-0.021086391032926626,-0.13933954366309725,0.02071041975550608,-0.14746319156693422,0.9776015600447154,-0.15378456311883693
0.0,18.382,-0.9780081413358432,-0.1416923695077593,-0.021334694398744334,-0.1401517376460601,0.020498734932989517,-0.14674640221927884,0.9773437498020048,-0.15461500554144378
0.0,18.408,-0.9782233031697815,-0.14097127677160545,-0.02158642516133189,-0.14096989491617778,0.02028844040998112,-0.1460302652519279,0.977082430544988,-0.15545138751376691
0.0,18.434,-0.9784370702164145,-0.14025103647258105,-0.02184165354382289,-0.1417941411663723,0.02007952989932304,-0.14531478924963054,0.9768175340385414,-0.15629380203453155
0.0,18.46,-0.9786494931218681,-0.1395313096989235,-0.022100446050443322,-0.14262453779669612,0.01987199740914641,-0.1445999659484092,0.9765489902339469,-0.15714234676586872
0.0,18.486,-0.9788605535818218,-0.13881227043748723,-0.02236287562370746,-0.14346121367029513,0.019665841826538147,-0.1438858037939582,0.9762767277219614,-0.15799711535191305
0.0,18.512,-0.9790702555359446,-0.13809392158851636,-0.02262901144905787,-0.14430424962531202,0.01946105699800632,-0.1431723120817988,0.9760006728150892,-0.15885820949884596
0.0,18.538,-0.9792786037179686,-0.1373762661493712,-0.02289892661038958,-0.1451537442653388,0.01925763487816236,-0.14245946710879465,0.9757207502792647,-0.15972572858871903
0.0,18.564,-0.9794856264930957,-0.13665913611755892,-0.023172706036625627,-0.1460098304664591,0.01905557228088677,-0.14174726196679896,0.9754368821608641,-0.1605997782175303
0.0,18.59,-0.9796913040530459,-0.13594270527725857,-0.023450417985484973,-0.14687257693346845,0.01885486548395737,-0.14103572337168624,0.9751489887671181,-0.1614804633458848
0.0,18.616,-0.9798956411477218,-0.13522697658038715,-0.023732145381426005,-0.14774212072571893,0.018655508877641735,-0.14032484520837063,0.9748569894419459,-0.16236789191227008
0.0,18.642,-0.9800986420809633,-0.13451195290107343,-0.024017972402389707,-0.14861854864626464,0.018457495131401356,-0.13961458936475293,0.9745607991264272,-0.16326217249862782
0.0,18.668,-0.9803003347392673,-0.13379746603506357,-0.02430798538718743,-0.14950200149641088,0.01826082522392085,-0.13890499914467955,0.9742603326501527,-0.1641634202728708
0.0,18.694,-0.9805007231754197,-0.13308351873740598,-0.024602266646847653,-0.1503925700980284,0.018065489218754453,-0.1381960540121729,0.9739555003641974,-0.1650717457506922
0.0,18.72,-0.9806997883447389,-0.13237028491412633,-0.024900911271713434,-0.15129039826445673,0.017871484261731473,-0.13748774941338934,0.9736462125652442,-0.16598726951138362
0.0,18.746,-0.9808975344582427,-0.13165776736666376,-0.025204007697943686,-0.15219557965867272,0.0176788071808978,-0.13678009732517826,0.973332375581888,-0.16691011102836617
0.0,18.772,-0.9810939890376683,-0.13094579770944365,-0.02551164950296687,-0.1531082629108216,0.01748745077096383,-0.1360730785250857,0.9730138925997857,-0.1678403905339371
0.0,18.798,-0.9812891330877457,-0.1302345498648014,-0.025823934109212094,-0.15402854417293713,0.017297414339796938,-0.13536670543919857,0.9726906664200335,-0.16877823297279612
0.0,18.824,-0.9814829936657196,-0.12952385532055685,-0.026140964439291516,-0.1549565752261608,0.017108688115656755,-0.13466097602658947,0.9723625938274857,-0.1697237670102797
0.0,18.85,-0.9816755522601911,-0.12881388806995783,-0.02646283988111628,-0.15589249291349916,0.016921269904967468,-0.1339558720663502,0.9720295728755654,-0.1706771227756491
0.0,18.876,-0.9818668354639655,-0.1281044794758357,-0.02678966667322376,-0.1568363982734255,0.01673515677728245,-0.13325140740144423,0.9716914936163185,-0.17163843197239417
0.0,18.902,-0.9820568472576561,-0.12739563217026595,-0.02712155460635592,-0.1577884681464945,0.016550343882484816,-0.13254758073389222,0.9713482492695679,-0.1726078298129252
0.0,18.928,-0.9822455692895623,-0.12668752017734328,-0.027458614773186295,-0.1587488262265065,0.016366826440155927,-0.13184439120637878,0.9709997220742276,-0.17358546299088737
0.0,18.954,-0.9824330277951193,-0.12597997472037778,-0.027800960532569474,-0.15971759797384968,0.01618459973752516,-0.1311418383991586,0.9706457969379294,-0.17457147108223994
0.0,18.98,-0.9826192049049778,-0.12527316989194673,-0.028148714477356868,-0.16069496663371108,0.016003657284949787,-0.13043990730947827,0.9702863557632448,-0.17556599251870453
0.0,19.006,-0.9828041481313005,-0.12456676526269789,-0.02850199168381973,-0.16168104370057565,0.01582399908966558,-0.1297385980731718,0.9699212721268625,-0.17656918108230368
0.0,19.032,-0.982987817759783,-0.12386110641700188,-0.02886093698166471,-0.16267601446838284,0.015645620166664664,-0.1290379269538704,0.9695504229697925,-0.177581173012049
0.0,19.058,-0.983170217829069,-0.12315619596311769,-0.02922565130519715,-0.16368001747023717,0.015468514235307566,-0.12833788048373945,0.9691736717409638,-0.17860215386332448
0.0,19.084,-0.9833513952385238,-0.12245169325574576,-0.029596249608771243,-0.16469321078155733,0.01529267738139848,-0.1276384456715767,0.9687908880506191,-0.17963225712795178
0.0,19.11,-0.9835313106861071,-0.12174794399114924,-0.029972954507800294,-0.16571577540777888,0.015118108783392079,-0.1269396543851422,0.96840192789744,-0.18067166550576977
0.0,19.136,-0.983709989575164,-0.12104477907722659,-0.030355808797460523,-0.16674786919519308,0.014944798909434759,-0.1262414655925094,0.9680066537069361,-0.18172052712687586
0.0,19.162,-0.9838874354788889,-0.12034220096331795,-0.030745038573508326,-0.16778965929508854,0.014772751403641326,-0.12554391138994528,0.9676049139408764,-0.18277902168380394
0.0,19.188,-0.9840636518613587,-0.11964021207340199,-0.03114072788205574,-0.16884134227539893,0.014601956441696812,-0.12484696693260758,0.9671965571256113,-0.18384732802278417
0.0,19.214,-0.9842386425306486,-0.11893881486128201,-0.031543077468944254,-0.16990307678730943,0.014432409941704225,-0.12415063674367117,0.9667814294974197,-0.18492560618776924
0.0,19.24,-0.9844124107324139,-0.11823801170048547,-0.03195220312463223,-0.17097504031981256,0.014264115972075964,-0.1234549392121449,0.9663593632187191,-0.1860140650863944
0.0,19.266,-0.9845849397686602,-0.1175379768641025,-0.03236832431939793,-0.17205745583996676,0.014097061216165533,-0.12275983753499368,0.9659301990155706,-0.18711286182857687
0.0,19.292,-0.984756273930115,-0.1168383690347538,-0.03279156010509504,-0.17315048742633787,0.013931247135644632,-0.12206536577481227,0.9654937590079665,-0.188222218902256
0.0,19.318,-0.9849263961777227,-0.11613936240574937,-0.033222130803893364,-0.17425432449302683,0.013766669222778019,-0.1213714876469106,0.9650498694487695,-0.18934230606373398
0.0,19.344,-0.9850953097725553,-0.11544095930662908,-0.033660173964720465,-0.17536919703268014,0.013603324647757566,-0.12067823841205454,0.9645983466092014,-0.19047332501332198
0.0,19.37,-0.9852629979528622,-0.11474333401721509,-0.034105887972194285,-0.1764953070633785,0.013441206963630943,-0.11998558352265075,0.9641390010248775,-0.19161549266583114
0.0,19.396,-0.9854295041616141,-0.11404614495334578,-0.03455947582995111,-0.17763285978518606,0.013280318128137396,-0.11929354447986554,0.9636716363063562,-0.19276902336310411
0.0,19.422,-0.9855948114089927,-0.11334956633144985,-0.03502114528038703,-0.17878206362995647,0.013120650726515132,-0.11860211623785703,0.9631960558442273,-0.19393411266397353
0.0,19.448,-0.9857589228569069,-0.11265360042619008,-0.03549108160813129,-0.1799431572229962,0.012962203667050731,-0.11791129374667203,0.9627120448427279,-0.19511100364750808
0.0,19.474,-0.9859218608705538,-0.11195807738754182,-0.035969501958098116,-0.18111635626796288,0.012804972339447527,-0.11722105938733136,0.9622193937848976,-0.19629990409295045
0.0,19.5,-0.986083589302942,-0.11126334358112291,-0.03645663278601305,-0.18230190086028158,0.01264895400949812,-0.11653145065169952,0.961717879294288,-0.19750105252810043
0.0,19.525,-0.9862379982181746,-0.11059573167802929,-0.036933453120890906,-0.18345373146372157,0.012500077878630526,-0.1158689194946716,0.9612270792577063,-0.19866778630187082
0.0,19.526,-0.9862441498314574,-0.11056905702161691,-0.03695267399780931,-0.18350004155363012,0.01249414676364221,-0.11584243718319787,0.9612072684931134,-0.19871470151711149
0.0,19.552,-0.9864035255231878,-0.1098753919580756,-0.037457894756978534,-0.18471102025701264,0.01234054558848108,-0.11515401712013475,0.9606873304585434,-0.1999410674700075
0.0,19.578,-0.9865617192156996,-0.1091823505803007,-0.03797253402546686,-0.18593506789923295,0.012188150361269828,-0.11446621540611734,0.9601578166553819,-0.2011804139910848
0.0,19.604,-0.9867187331816021,-0.10848993500644316,-0.038496812660640256,-0.1871724688765849,0.012036955312346956,-0.11377900462142876,0.9596184747352315,-0.20243298466046686
0.0,19.63,-0.986874588396852,-0.10779797509253655,-0.0390310182692054,-0.1884234775010743,0.011886959555585212,-0.1130923844741297,0.9590690388311363,-0.20369907088504013
0.0,19.656,-0.9870292681973241,-0.10710664514222398,-0.03957541705049204,-0.18968838082917167,0.011738160966155818,-0.11240638163115534,0.958509241838171,-0.2049789094271333
0.0,19.682,-0.987182792754997,-0.10641577488207597,-0.040130272668779485,-0.1909674269786259,0.01159055397086509,-0.11172097111686126,0.9579388029717815,-0.20627278464014748
0.0,19.708,-0.98733512674537,-0.10572571093060784,-0.04069586453653166,-0.1922609122727233,0.011444139048399152,-0.11103616738333895,0.9573574280376024,-0.2075809933978429
0.0,19.734,-0.987486326902576,-0.1050359383071679,-0.04127251768510799,-0.19356915331974264,0.011298912057268925,-0.11035196000530609,0.9567648188037542,-0.2089038120065783
0.0,19.76,-0.9876363573453826,-0.10434680357392051,-0.04186051715596365,-0.19489241221992765,0.011154872141084729,-0.10966835193817456,0.9561606635613018,-0.21024152904049503
0.0,19.786,-0.9877852187720234,-0.10365830863682954,-0.0424601745173435,-0.19623104560692645,0.011012013340727033,-0.10898533461275825,0.9555446362154991,-0.21159447997782743
0.0,19.812,-0.9879329298540077,-0.10297028297188421,-0.04307186372415991,-0.1975853335618933,0.010870335469290051,-0.10830293760357533,0.9549164061073457,-0.21296294425596193
0.0,19.838,-0.9880794723985021,-0.10228290078375483,-0.043695903913027696,-0.19895559842586985,0.010729833923452914,-0.10762112833462005,0.9542756231791057,-0.21434726431247547
0.0,19.864,-0.988224864043872,-0.1015959914113118,-0.04433262755925976,-0.2003421912772906,0.010590510351617174,-0.10693993735161543,0.9536219259372807,-0.215747777191768
0.0,19.89,-0.9883690859297891,-0.10090972901634786,-0.04498241630631714,-0.2017454849956049,0.01045235771040238,-0.10625934661762897,0.9529549463292385,-0.21716479800263938
0.0,19.916,-0.9885121543192424,-0.10022394277253667,-0.045645676579039174,-0.20316575767705308,0.010315372165286574,-0.10557935128622727,0.9522742945942106,-0.2185986863021541
0.0,19.942,-0.9886540668277705,-0.09953863422911967,-0.04632278580342431,-0.20460344867393318,0.010179555291920536,-0.10489998346897046,0.9515795703966343,-0.2200497959301583
0.0,19.968,-0.9887948035905721,-0.09885397749540016,-0.047014135494475605,-0.20605885555425513,0.010044899071996814,-0.10422121560264819,0.950870355659815,-0.22151849066880072
0.0,19.994,-0.9889343782363063,-0.09816980145676422,-0.04772020187362231,-0.20753243920348877,0.009911402753753898,-0.10354305704741984,0.9501462160117091,-0.22300516184423655
0.0,20.02,-0.9890727695449325,-0.09748628012823511,-0.048441399324582295,-0.20902450925834704,0.009779061270411006,-0.10286553009916703,0.9494067046025976,-0.2245101765098525
0.0,20.046,-0.9892100063201202,-0.09680306957058625,-0.04917822365754417,-0.2105355167725242,0.009647868703650917,-0.10218860989226991,0.948651351920392,-0.22603394480235597
0.0,20.072,-0.9893460318466212,-0.09612068896795083,-0.049931099331162895,-0.21206588971875465,0.009517821915029742,-0.10151231996860939,0.9478796740147127,-0.22757686912320296
0.0,20.098,-0.9894808900965079,-0.09543862155574889,-0.05070056858375508,-0.21361601305176856,0.00938891557634328,-0.1008366608822312,0.9470911633996404,-0.2291393766931538
0.0,20.124,-0.9896145397814318,-0.09475721379683191,-0.05148711954023315,-0.21518632039629002,0.009261143382067129,-0.10016162250206127,0.94628530303619,-0.2307218701374659
0.0,20.15,-0.9897469893647585,-0.09407629408704268,-0.05229130992316613,-0.21677731896161717,0.009134498852619202,-0.09948723052699743,0.9454615337205186,-0.23232484174390006
0.0,20.176,-0.9898782136609878,-0.0933960362298995,-0.053113683288893904,-0.21838939987942846,0.009008974868567526,-0.09881346502887443,0.9446193003358709,-0.23394869191054493
0.0,20.202,-0.9900082200929471,-0.09271626854342441,-0.05395486768892325,-0.22002307758545794,0.008884563457202684,-0.0981403531840977,0.9437580032124888,-0.2355939268755183
0.0,20.228,-0.9901369840493197,-0.09203716495416531,-0.054815458509466175,-0.22167883438272695,0.00876125271276123,-0.09746787745357538,0.9428770341843777,-0.23726099222390812
0.0,20.254,-0.9902645143068103,-0.09135855392693837,-0.055696068445724875,-0.22335716114627086,0.008639039107196591,-0.09679605467974155,0.9419757427565096,-0.2389504215421897
0.0,20.28,-0.9903907895657953,-0.09068060975585494,-0.05659737388111561,-0.22505857349955843,0.008517905418910184,-0.09612488110282225,0.9410534686850494,-0.2406626866627442
0.0,20.306,-0.9905157926485313,-0.09000350716745742,-0.057520071325419295,-0.22678359607686838,0.008397844870174458,-0.09545435312567113,0.9401095107613082,-0.24239832931574162
0.0,20.332,-0.9906395586403945,-0.08932690273177016,-0.05846483822375578,-0.22853277286245677,0.008278844480133619,-0.09478449078253719,0.9391431494676751,-0.24415786139886567
0.0,20.358,-0.9907620673241738,-0.08865114519099726,-0.05943246640439957,-0.23030669008097807,0.008160890374470488,-0.09411528187625695,0.9381536181530558,-0.24594186200427157
0.0,20.384,-0.9908833392690245,-0.08797623835273868,-0.060423758220629724,-0.23210589091722628,0.008043970704653028,-0.09344671541146277,0.9371401336269144,-0.24775087976998442
0.0,20.41,-0.9910034222717197,-0.08730201405918167,-0.0614394658251698,-0.2339309758096399,0.007928070225392748,-0.09277881433170057,0.9361018691973326,-0.24958549525575383
0.0,20.436,-0.991122331895227,-0.08662882411634829,-0.062480495155740036,-0.2357825508976176,0.007813175988298804,-0.09211154838834332,0.935037965100386,-0.25144630549301794
0.0,20.462,-0.9912401439362953,-0.08595650259378679,-0.06354773906081808,-0.2376612435189855,0.007699272643807291,-0.09144493191881453,0.9339475194779724,-0.2533339383705021
0.0,20.488,-0.9913569331321825,-0.08528505756488883,-0.06464207667320628,-0.2395677032647633,0.007586348966885,-0.09077894804354587,0.9328295925466273,-0.25524901797380234
0.0,20.514,-0.9914727705589182,-0.08461467088927115,-0.06576454135274744,-0.24150255718926558,0.007474389534614636,-0.09011360276297839,0.9316832052375914,-0.25719218092285784
0.0,20.54,-0.9915877489571622,-0.08394535176037166,-0.06691612979347203,-0.24346652144143635,0.0073633837878454905,-0.08944886119645008,0.9305073232108327,-0.2591641235832541
0.0,20.566,-0.9917019750713704,-0.08327693598883809,-0.06809790612653925,-0.24546028522048746,0.007253318009693,-0.08878474241139554,0.9293008836987251,-0.26116548603541145
0.0,20.592,-0.9918155460841618,-0.08260925829749673,-0.0693109769894206,-0.24748457783481007,0.007144183985308609,-0.08812121462777718,0.928062751100914,-0.26319701370391557
0.0,20.618,-0.9919285131288393,-0.08194249795147797,-0.07055647730226855,-0.24954011253267475,0.007035972421319942,-0.08745826863903161,0.9267917541418252,-0.2652594090986928
0.0,20.644,-0.9920409325603746,-0.08127648589528981,-0.07183573576417122,-0.25162766370136336,0.006928674363875347,-0.08679589678957919,0.9254866585917978,-0.26735341047219247
0.0,20.67,-0.9921528332138658,-0.08061105068463062,-0.07314992355053082,-0.2537479812651976,0.006822285634632511,-0.08613407265303466,0.9241461673325019,-0.2694798079637587
0.0,20.696,-0.9922642165045169,-0.07994601858750257,-0.0745004635879859,-0.25590189389684814,0.006716803122607399,-0.08547280160594739,0.9227689315901924,-0.2716393579613891
0.0,20.722,-0.9923750328519854,-0.079281560408311,-0.07588872018431049,-0.25809021052953335,0.006612223765151231,-0.08481205096618272,0.9213535278069502,-0.2738328798811054
0.0,20.748,-0.9924852433118617,-0.07861749931571663,-0.07731621281874893,-0.26031378620342344,0.006508546974327344,-0.084151819563751,0.919898467510589,-0.27606118737685226
0.0,20.774,-0.992594812001194,-0.07795348451371197,-0.07878445892752808,-0.26257347271722203,0.006405775134740672,-0.08349208818816964,0.9184021799065363,-0.27832515137913044
0.0,20.8,-0.9927036448095897,-0.07728985800354612,-0.08029508412795472,-0.26487015155664273,0.006303907765528855,-0.0828328399826505,0.9168630301996088,-0.28062561616157145
0.0,20.826,-0.992811690703528,-0.07662644244078794,-0.08184983670642644,-0.26720476462460346,0.006202951661384623,-0.08217407868172989,0.9152792897936202,-0.28296347577700737
0.0,20.852,-0.9929188910738773,-0.07596323434779936,-0.08345051800637145,-0.26957823695382505,0.006102909193166173,-0.08151579097154424,0.9136491425874081,-0.28533965610520046
0.0,20.878,-0.9930251823765496,-0.07530040434327273,-0.08509899390848319,-0.2719915065311529,0.006003784867854921,-0.08085795610350949,0.9119706799486641,-0.2877550933217255
0.0,20.904,-0.9931305497373101,-0.07463760393940076,-0.08679726541297136,-0.27444557215939985,0.005905587302702201,-0.08020057397271799,0.9102418983311985,-0.2902107304834502
0.0,20.93,-0.9932349346158783,-0.07397517868463098,-0.08854745526316204,-0.27694143081232664,0.005808318654442287,-0.07954363749477258,0.9084606765118788,-0.2927075773649599
0.0,20.956,-0.9933383134390881,-0.07331312824295134,-0.09035176452894163,-0.27948009156672593,0.005711988604814917,-0.07888715019891256,0.9066248043337266,-0.29524659392690566
0.0,20.982,-0.9934406819394092,-0.07265127943770981,-0.09221250782622858,-0.2820626726114974,0.005616599783769529,-0.07823109973554042,0.9047319302488245,-0.2978288275011603
0.0,21.008,-0.99354202933773,-0.07198963294431165,-0.09413215451132864,-0.2846901757944301,0.005522159486291974,-0.07757548469763799,0.9027795810095777,-0.3004553276615464
0.0,21.034,-0.9936423241872885,-0.07132853661685845,-0.09611331097941256,-0.28736374329987013,0.005428672101410524,-0.07692030586586816,0.9007651521189396,-0.30312715645980065
0.0,21.06,-0.9937415769696335,-0.07066781842788258,-0.09815866160526976,-0.2900844626912918,0.005336142598686917,-0.07626555711197223,0.8986858960513926,-0.3058453974539897
0.0,21.086,-0.9938398004520584,-0.07000730647888545,-0.10027118190182105,-0.29285347908496034,0.0052445764050128236,-0.07561124326426344,0.8965389136633397,-0.30861114779831655
0.0,21.112,-0.9939369724639776,-0.06934734935333667,-0.10245380924718317,-0.2956719985432316,0.005153976134877322,-0.07495737125934546,0.8943211372737464,-0.3114255244345042
0.0,21.138,-0.9940331094405566,-0.06868777540714087,-0.10470989277098583,-0.2985410801359259,0.005064343839306473,-0.07430392417559792,0.8920293270621809,-0.3142896742325533
0.0,21.164,-0.9941282046434797,-0.06802876000389066,-0.10704270479838096,-0.3014620271875282,0.0049756838199317074,-0.07365092178883173,0.8896600578221839,-0.3172047452233893
0.0,21.19,-0.9942222874164144,-0.067369958008299,-0.1094560019898363,-0.30443596375749415,0.004887995367242356,-0.0729983519818407,0.8872097064935323,-0.32017189236519344
0.0,21.216,-0.9943153403006919,-0.06671171834807219,-0.1119534450752147,-0.30746416309841296,0.0048012826989665665,-0.07234622176376083,0.884674445300261,-0.323192267065341
0.0,21.242,-0.9944073813465064,-0.06605386939305588,-0.11453923339496569,-0.31054778713608444,0.00471554608749428,-0.07169454050235845,0.8820502032731647,-0.3262670643108497
0.0,21.268,-0.9944984053210582,-0.06539658657698627,-0.1172175327168115,-0.3136881017075952,0.0046307853836891925,-0.07104329501550685,0.8793326820732064,-0.3293974484804996
0.0,21.294,-0.9945884302816022,-0.06473969821758566,-0.1199929148174803,-0.31688631343864554,0.004546999552877967,-0.07039249954015363,0.876517319735187,-0.3325845816820631
0.0,21.32,-0.9946774621880016,-0.06408320612633617,-0.12287026817325702,-0.3201436049327637,0.004464188420240371,-0.06974214607877653,0.873599283749579,-0.3358296090797905
0.0,21.346,-0.9947654960483369,-0.06342728572508681,-0.12585464954765124,-0.3234612045243972,0.004382351596808145,-0.06909224551115432,0.8705734377659223,-0.3391336679007392
0.0,21.372,-0.9948525486709326,-0.062771765174725,-0.1289514569524216,-0.32684030043979007,0.004301487646706942,-0.0684427952157843,0.8674343264340735,-0.3424978841296199
0.0,21.398,-0.9949386148416005,-0.06211681986624656,-0.13216656589769607,-0.3302819933369239,0.004221594446336631,-0.06779380327662562,0.864176163765298,-0.34592331654893654
0.0,21.424,-0.9950237109173582,-0.06146227788472259,-0.13550606666346596,-0.33378740684496483,0.004142670793746471,-0.06714525693327833,0.8607927905562286,-0.3494110091334966
0.0,21.45,-0.995107841959323,-0.06080814090617513,-0.13897651153111687,-0.33735758887770456,0.004064715747638811,-0.06649716982989136,0.8572776603025809,-0.35296192986663444
0.0,21.476,-0.9951910024183347,-0.06015458427953537,-0.14258475643101634,-0.3409935600551742,0.003987724635479709,-0.06584953543818477,0.8536238050390529,-0.3565769866046914
0.0,21.502,-0.9952732077451207,-0.05950143596808741,-0.14633834151202493,-0.3446961613968538,0.003911696781034567,-0.06520235781383628,0.8498238177955753,-0.3602569769834016
0.0,21.528,-0.9953544519368364,-0.05884887128171155,-0.15024510621984438,-0.34846621812781065,0.0038366287634957388,-0.06455563667850486,0.8458697913363804,-0.3640026218290126
0.0,21.554,-0.9954347499924605,-0.05819671811585649,-0.15431338313372414,-0.35230443683693,0.003762518342556478,-0.06390937490303499,0.8417533118073818,-0.36781449539854305
0.0,21.58,-0.9955141060710676,-0.05754497802749404,-0.15855221484514753,-0.3562113122602683,0.0036893628622433547,-0.06326357125672247,0.8374654130404928,-0.3716930052314249
0.0,21.606,-0.9955925239905913,-0.05689365254266213,-0.16297114160517592,-0.36018720946158034,0.0036171592818767142,-0.06261822073944441,0.8329965162657874,-0.37563841301341716
0.0,21.632,-0.9956699978699503,-0.05624291696069671,-0.16758035366327964,-0.3642322818614878,0.0035459054303269883,-0.06197333631659985,0.8283364088081199,-0.37965074475672106
0.0,21.658,-0.9957465414608512,-0.05559259902979429,-0.17239079305572969,-0.36834641536495216,0.003475597511885424,-0.06132890576973727,0.8234741969786818,-0.3837297539672302
0.0,21.684,-0.9958221582447014,-0.05494270022543815,-0.17741405672325336,-0.37252923551763817,0.00340623366817104,-0.06068493499632944,0.8183982299812936,-0.3878749342864977
0.0,21.71,-0.9958968423439697,-0.054293395836711056,-0.18266257127901686,-0.3767800272527116,0.003337809532605777,-0.06004142666528868,0.8130960893879413,-0.39208537983351666
0.0,21.736,-0.9959706067179789,-0.05364451351660482,-0.18814969182128766,-0.38109762959422383,0.0032703242136950684,-0.059398373347011604,0.8075544739823207,-0.3963598323931994
0.0,21.762,-0.9960434546255728,-0.052996054699845724,-0.19388962563753562,-0.3854804630666961,0.0032037720121112913,-0.05875577902402724,0.8017591922354352,-0.4006965244083766
0.0,21.788,-0.9961153892131297,-0.05234802080631541,-0.1998975291941315,-0.3899264101297299,0.0031381517079971336,-0.058113638020726124,0.7956950597465308,-0.40509315722493966
0.0,21.814,-0.9961864135144933,-0.051700413241436566,-0.20618963717960254,-0.3944327353655152,0.0030734600286346394,-0.057471949326293646,0.7893458669196779,-0.4095467604692531
0.0,21.84,-0.9962565217698169,-0.0510534072878711,-0.21278336348073992,-0.3989959239657592,0.0030096950681084557,-0.056830722912198706,0.7826942498363312,-0.41405366190695453
0.0,21.866,-0.9963257260386426,-0.050406830473209624,-0.21969730620433417,-0.40361165641283603,0.0029468515425459174,-0.05618994711927884,0.7757216841237035,-0.4186092927385901
0.0,21.892,-0.9963940289019442,-0.0497606841549012,-0.22695127152735478,-0.4082746483513718,0.002884928841707125,-0.05554962813153534,0.7684083573285354,-0.4232081199011544
0.0,21.918,-0.9964614335161993,-0.04911496971168031,-0.23456655128090276,-0.4129784282283062,0.002823923668039499,-0.054909764205642544,0.7607331030639977,-0.4278434466498223
0.0,21.944,-0.9965279423515344,-0.048469688480332965,-0.24256583006624988,-0.4177152514354479,0.0027638320979214404,-0.0542703462342845,0.752673328630979,-0.4325072532821911
0.0,21.97,-0.996593558224106,-0.04782484180748359,-0.25097322080744233,-0.42247591604835544,0.002704651815594074,-0.05363138306373715,0.7442049172323243,-0.4371899924429684
0.0,21.996,-0.9966582836077243,-0.04718043101590068,-0.25981467308206363,-0.4272493427124303,0.0026463801448543046,-0.05299286408503173,0.7353021628580257,-0.4418803492845303
0.0,22.022,-0.9967221213222314,-0.04653645743776045,-0.26911772120228356,-0.43202250855483787,0.002589014985310719,-0.052354796844279385,0.7259377116948852,-0.4465649825433802
0.0,22.048,-0.9967850657204349,-0.04589309634836877,-0.2789114860182361,-0.4367801640209448,0.0025325523684628683,-0.05171717650237921,0.7160824592887836,-0.4512281909943562
0.0,22.074,-0.9968471356429118,-0.045250001127695984,-0.2892270689882538,-0.4415043051142375,0.0024769907298253235,-0.05107999843756236,0.7057055252415713,-0.4558516233843733
0.0,22.1,-0.996908317318595,-0.044607521009740615,-0.30009752834877657,-0.4461737665438886,0.002422326910966536,-0.050443270366321104,0.6947742363173772,-0.46041380989064923
0.0,22.126,-0.9969686291425729,-0.04396530931778016,-0.3115574622829277,-0.450764087424941,0.0023685583346263568,-0.04980698304045066,0.6832540931856084,-0.46488971493335574
0.0,22.152,-0.9970280655866542,-0.04332354131167206,-0.3236436116092942,-0.45524655053616037,0.0023156814900693115,-0.049171134392162384,0.6711087913591038,-0.46925029214593195
0.0,22.178,-0.9970866289071115,-0.042682218257378494,-0.33639434521291106,-0.4595878951486194,0.0022636953564116754,-0.04853572927165038,0.6583003218444372,-0.4734617881552162
0.0,22.204,-0.9971443141389874,-0.04204151545418471,-0.3498497173113543,-0.46374955593370376,0.0022125962721046707,-0.04790076300534355,0.644789119533297,-0.4774851640999124
0.0,22.23,-0.9972011383287247,-0.04140108609665759,-0.3640510931926989,-0.46768699257969365,0.002162382985013841,-0.04726623851062904,0.6305342196794114,-0.48127532674671736
0.0,22.256,-0.9972570964026555,-0.04076110546159286,-0.37904103975340014,-0.47134874955112277,0.0021130514224514787,-0.046632144903549944,0.6154936446686968,-0.48478026490784604
0.0,22.282,-0.9973121976258351,-0.04012140072659167,-0.39486292399129197,-0.47467550599781166,0.002064600898363875,-0.04599848509181683,0.599624806754962,-0.48794018361181773
0.0,22.308,-0.9973664300309011,-0.039482321240678124,-0.41156008553213586,-0.477599208584528,0.002017026810336287,-0.04536525991259845,0.5828851280320145,-0.4906864915845569
0.0,22.334,-0.9974198029975142,-0.03884369417926975,-0.4291751795979038,-0.4800418937963918,0.0019703287000456178,-0.044732468367656916,0.565232837678394,-0.4929406908749702
0.0,22.36,-0.9974723253459395,-0.03820534666981999,-0.4477491200246855,-0.4819145399503175,0.0019245035729993534,-0.044100103427111945,0.5466280570992674,-0.4946132023285068
0.0,22.386,-0.9975239924538737,-0.03756745400389487,-0.46731974347687555,-0.4831158470756767,0.0018795489883141694,-0.04346816787959005,0.5270340995878666,-0.49560222169772306
0.0,22.412,-0.9975748062468869,-0.036930017381030654,-0.4879201331431833,-0.4835309572368051,0.0018354623443346556,-0.04283665938427827,0.5064192402022187,-0.49579246386736936
0.0,22.438,-0.997624769111329,-0.03629303801236818,-0.5095764933798517,-0.4830302727764747,0.0017922418171373185,-0.042205576228068135,0.48475881522442826,-0.4950539887820245
0.0,22.464,-0.9976738893136203,-0.03565634296351455,-0.5323054805016004,-0.4814684110932214,0.0017498855479712156,-0.04157491791549598,0.4620378976801182,-0.4932411634143972
0.0,22.49,-0.9977221563408525,-0.035020281667084416,-0.5561109670223284,-0.478683430149676,0.0017083897873590738,-0.040944676345609866,0.4382544229303868,-0.4901918553360132
0.0,22.516,-0.9977695845744646,-0.03438450704283415,-0.580980329469213,-0.4744962224376378,0.0016677541989730251,-0.04031486009640825,0.4134231295962811,-0.48572693958637764
0.0,22.542,-0.9978161757290063,-0.03374902024275363,-0.6068801486132304,-0.46871029632107086,0.0016279753727827678,-0.03968546208944968,0.3875799285967806,-0.47965047572858116
0.0,22.568,-0.9978619201915246,-0.03311417074148045,-0.633750481899974,-0.46111336798846475,0.0015890513666082487,-0.03905648388167321,0.3607871519940426,-0.4717505932864057
0.0,22.594,-0.9979068314522963,-0.0324796113859252,-0.6614995280113648,-0.45147873318388815,0.001550980819372642,-0.03842791810821023,0.3331392912881091,-0.46180147374140984
0.0,22.62,-0.9979509111157225,-0.03184534331004042,-0.689997350277921,-0.4395684960627434,0.0015137609234372278,-0.03779976756721673,0.3047692612280113,-0.44956679153836787
0.0,22.646,-0.9979941502376518,-0.031211716020037243,-0.7190689896394517,-0.42513917106109916,0.0014773893840970235,-0.03717202809390144,0.2758549204168716,-0.43480488631425246
0.0,22.672,-0.9980365616480404,-0.03057838230122035,-0.7484883759097795,-0.40794846215857195,0.0014418646600472837,-0.03654469851216711,0.2466253626043304,-0.41727606524166727
0.0,22.698,-0.9980781470707883,-0.029945343277082922,-0.777972313212924,-0.38776537584802245,0.0014071845738461482,-0.035917781478400926,0.21736657029462855,-0.39675233473016147
0.0,22.724,-0.9981189028855563,-0.02931277426449195,-0.8071766738586412,-0.3643818263786439,0.0013733468838077144,-0.03529126794962165,0.18842543593320918,-0.3730297355790835
0.0,22.75,-0.998158831265409,-0.028680676402611464,-0.8356942322111286,-0.3376283044542753,0.0013403501479632848,-0.03466516332351171,0.16021137708097125,-0.3459432713263647
0.0,22.776,-0.9981979388203976,-0.028048876593644106,-0.8630567355396704,-0.3073902713199581,0.0013081913022530394,-0.03403946005811281,0.1331943365059397,-0.31538394883457715
0.0,22.802,-0.9982362224951918,-0.027417550168239536,-0.8887412070662768,-0.27362730103505706,0.0012768699533975863,-0.033414159269445444,0.10789806953519172,-0.2813172792545172
0.0,22.828,-0.9982736842367502,-0.02678669824401203,-0.9121823904804289,-0.23639089243527087,0.0012463831502143288,-0.03278926403876427,0.08488770839973515,-0.24380172416684387
0.0,22.854,-0.9983103304433489,-0.0261561476924965,-0.932790972877892,-0.19584226421792578,0.0012167287206154617,-0.03216476209899559,0.06475102846933213,-0.20300533695782064
0.0,22.88,-0.9983461627342715,-0.025525899602677853,-0.9499786803826448,-0.15226413707693917,0.0011879056225129474,-0.031540658036879984,0.048073460979719415,-0.15921821703665964
0.0,22.906,-0.9983811782701896,-0.024896129306879452,-0.9631882220375108,-0.10606795962634809,0.0011599112485433307,-0.030916952212701482,0.03540781497445098,-0.11285838120567335
0.0,22.932,-0.9984153832383182,-0.02426666364748921,-0.9719270068758571,-0.057790258360173145,0.001132744453742186,-0.030293639476825104,0.027240758383651902,-0.06446874240699703
0.0,22.958,-0.9984487750217771,-0.023637677960200946,-0.9758008705958162,-0.008080172604007166,0.0011064034094299129,-0.02967071872842781,0.02395909400706796,-0.01470380217209996
0.0,22.984,-0.9984813594757019,-0.023008999063823903,-0.9745445507351578,0.042323737253243385,0.0010808852085985767,-0.02904818809910696,0.02581954635082463,0.03569442064218126
0.0,23.01,-0.9985131382264559,-0.022380628026242792,-0.9680449123863722,0.09262760673954523,0.0010561892206976673,-0.028426047358168397,0.03292590165144506,0.08592980178186917
0.0,23.036,-0.998544108760415,-0.021752740182478445,-0.9563535886135431,0.1420211575691909,0.0010323129565004516,-0.027804294124768595,0.045216859014126295,0.1351921721905109
0.0,23.062,-0.9985742731503672,-0.021125336610944682,-0.9396869748119422,0.18972093785095276,0.0010092551779087694,-0.02718292373641556,0.06246647433828017,0.18269985079312379
0.0,23.088,-0.9986036402804584,-0.020498069799245573,-0.9184133897467259,0.23501055657943534,0.0009870138065351864,-0.026561938851715847,0.08429755640061376,0.22774029658351716
0.0,23.114,-0.9986322042878798,-0.019871289367468688,-0.8930288947041618,0.27727506987151307,0.0009655873575041478,-0.02594133704434761,0.11020627767334873,0.269704077073902
0.0,23.14,-0.9986599671339346,-0.01924499637805587,-0.8641246585866039,0.3160263560355166,0.000944973463806214,-0.02532111223521276,0.13959502033178653,0.30810948326258925
0.0,23.166,-0.9986869370272131,-0.018618843276224758,-0.8323504764966281,0.35091574211371845,0.000925171523835508,-0.024701270533240817,0.17180926762064067,0.3426155170017446
0.0,23.192,-0.9987131087880334,-0.01799317970039539,-0.7983777999151457,0.3817365535956289,0.0009061791383943628,-0.024081802829748308,0.2061745047127439,0.37302346060631314
0.0,23.218,-0.9987384842430843,-0.017368006697310354,-0.7628663562672924,0.40841609378926663,0.0008879948887757089,-0.02346271042779897,0.24202959019516165,0.3992685262215624
0.0,23.244,-0.9987630709839512,-0.016742976673634263,-0.7264365578625034,0.43100019151601954,0.000870616842735122,-0.02284399081116433,0.27875401000107447,0.4214039042262452
0.0,23.27,-0.9987868645013112,-0.016118439283511588,-0.6896496457851099,0.4496323504074726,0.0008540433912258386,-0.022225644090350855,0.31578783931150195,0.43958012145672165
0.0,23.296,-0.9988098692488728,-0.015494221234382653,-0.6529948700815335,0.46453150652817304,0.0008382733496809309,-0.021607666826664994,0.3526441699385415,0.45402239301285685
0.0,23.322,-0.9988320866503811,-0.014870323542827923,-0.616883351889817,0.4759702271274167,0.0008233048731383163,-0.020990059920839788,0.3889147251416714,0.46500833422099536
0.0,23.348,-0.998853518107881,-0.014246747221490018,-0.581648162105002,0.4842538702610806,0.0008091364836045423,-0.02037281737708388,0.42426993215665704,0.47284761768927364
0.0,23.374,-0.9988741626469433,-0.013623667615890272,-0.5475480525339789,0.4897034238342169,0.000795766523339955,-0.019755941034559375,0.45845469614672296,0.4778646715836909
0.0,23.4,-0.9988940242673573,-0.01300091140207504,-0.5147743777569299,0.4926413797434489,0.0007831933154148741,-0.019139425394879197,0.49128157599165684,0.48038466524045087
0.0,23.426,-0.9989131043403341,-0.012378479581200032,-0.48345910133432124,0.4933813261536282,0.0007714157661919033,-0.01852327450469471,0.5226222949235261,0.4807230216189245
0.0,23.452,-0.9989314042613427,-0.011756373151232812,-0.45368376075796085,0.49222039322907346,0.0007604316514403721,-0.017907480460314745,0.5523987577014507,0.4791779358210086
0.0,23.478,-0.9989489253925985,-0.011134593106237283,-0.4254886844893427,0.48943388942216426,0.0007502403488632019,-0.017292045909036404,0.5805741606170801,0.4760256408915951
0.0,23.504,-0.9989656690860534,-0.0105131404367291,-0.3988804318639907,0.48527334637845926,0.0007408396769638958,-0.016676966434186848,0.607144827375804,0.47151770431949536
0.0,23.53,-0.9989816367293906,-0.00989201613016355,-0.3738400530865202,0.47996459768780403,0.0007322281098849182,-0.0160622414490936,0.6321327361344777,0.4658801295003032
0.0,23.556,-0.9989968280243561,-0.009271395527709983,-0.35032842693670757,0.47370879093960033,0.0007244050325830602,-0.01544787038927843,0.6555791990398295,0.4593135112890028
0.0,23.582,-0.9990112476596444,-0.008650930896423647,-0.32829270496092233,0.4666825428832577,0.0007173681537819762,-0.014833850525116021,0.6775395450865658,0.45199410097874565
0.0,23.608,-0.9990248938639109,-0.008030971931171013,-0.3076698112293899,0.459040165309036,0.0007111163507708735,-0.01422017842651376,0.6980786421957786,0.4440754697330021
0.0,23.634,-0.9990377708606302,-0.007411170881928498,-0.2883904602459644,0.45091515829748763,0.0007056482927224018,-0.013606855744313922,0.717267391167403,0.4356903130137837
0.0,23.66,-0.9990498772791969,-0.0067918774461508385,-0.2703821486247112,0.44242209366545915,0.0007009624373300441,-0.012993876705254988,0.7351799710119513,0.4269524976063889
0.0,23.686,-0.9990612169012937,-0.006172743858172779,-0.2535707097791019,0.4336589945900798,0.0006970573621636275,-0.01238124342266073,0.7518916153320282,0.4179591376190064
0.0,23.712,-0.999071788791059,-0.005554119817328374,-0.23788252592057565,0.4247089565580139,0.0006939320376964123,-0.011768951385937558,0.767477067291356,0.4087924722040211
0.0,23.738,-0.9990815962658097,-0.004935657543324573,-0.22324550610045807,0.41564206063134135,0.0006915846630756966,-0.011157000313034904,0.7820093617885177,0.3995217846723828
0.0,23.764,-0.9990906395659892,-0.0043175323621119244,-0.20958981017495046,0.40651715411246225,0.0006900141056436313,-0.010545387174634815,0.7955589959947286,0.39020501799469554
0.0,23.79,-0.9990989193187886,-0.0036999196027747323,-0.1968487974193593,0.39738314681099884,0.0006892191094869067,-0.009934112642978868,0.8081933616249887,0.38089039753272114
0.0,23.816,-0.9991064382090219,-0.003082471465614904,-0.1849590058519252,0.38828061106853085,0.0006891983173852085,-0.009323172086283579,0.8199763970242238,0.3716176556602204
0.0,23.842,-0.9991131967468007,-0.002465363271900849,-0.17386066296828956,0.3792427874704425,0.0006899504502921001,-0.008712566388738036,0.8309683802332953,0.3624193869431596
0.0,23.868,-0.9991191961854113,-0.0018485959655373339,-0.16349747866630346,0.37029679885623934,0.0006914740148990501,-0.008102291330474014,0.8412258905826329,0.35332199482444554
0.0,23.894,-0.9991244378137523,-0.0012321704873715772,-0.15381695038979148,0.36146442131360085,0.0006937679762168417,-0.007492346886302183,0.8508018112526962,0.3443466546401185
0.0,23.92,-0.9991289228528,-0.0006160877750203785,-0.14476994514380148,0.35276303362174277,0.000696831093154892,-0.006882730609467858,0.8597454190422427,0.3355101087286905
0.0,23.946,-0.9991326525591716,-1.743815444378783e-07,-0.13631088730583,0.3442061752493649,0.0007006619553145502,-0.006273441646278296,0.8681025111223393,0.32682537396947964
0.0,23.972,-0.9991356280600141,0.0006152199989679922,-0.1283975202025783,0.3358041859004954,0.0007052594074396064,-0.005664476522482625,0.8759155764891479,0.3183022932402063
0.0,23.998,-0.9991378504838182,0.0012304432013847146,-0.12099053550310847,0.327564766295357,0.000710622256671376,-0.005055834916304409,0.8832239655194029,0.30994806443726286
0.0,24.024,-0.9991393210444925,0.0018453199182861917,-0.11405362799317403,0.31949335035493037,0.0007167492205872091,-0.004447514447211839,0.8900640796961674,0.301767681663716
0.0,24.05,-0.9991400409685512,0.002459849226811406,-0.1075532253451637,0.3115934966106738,0.0007236391049886465,-0.0038395133598802173,0.896469557847503,0.29376430751578186
0.0,24.076,-0.9991400109240155,0.0030742045898654266,-0.10145828831290586,0.30386721593039884,0.0007312908267099652,-0.003231829941915295,0.9024714732826703,0.2859395560074991
0.0,24.102,-0.9991392324387193,0.003688210707379644,-0.09574016110899941,0.2963152141369524,0.0007397032130699178,-0.002624462874927805,0.9080985139009595,0.2782937885578308
0.0,24.128,-0.9991377067079737,0.0043018666648975586,-0.09037238238787035,0.28893714710443436,0.0007488751018422276,-0.002017410014917013,0.913377153198512,0.2708263293689624
0.0,24.154,-0.9991354349166147,0.004915171550829064,-0.08533049116073796,0.2817317946003643,0.0007588052388372719,-0.0014106693514259626,0.9183318163879207,0.26353569419178824
0.0,24.18,-0.9991324172971449,0.00552829883804849,-0.08059201385162121,0.27469724639445764,0.0007694926968991577,-0.0008042396270979436,0.9229850538181872,0.25641966737929767
0.0,24.206,-0.9991286557644131,0.00614107323781854,-0.07613602496100656,0.2678310460580396,0.0007809362088975788,-0.00019811872538903123,0.9273576731626636,0.24947551248402142
0.0,24.232,-0.999124151494975,0.0067534938467463555,-0.07194334247900618,0.26113026755644114,0.0007931347036291918,0.0004076950039728789,0.931468880426273,0.24270007520353543
0.0,24.258,-0.9991189043693343,0.007365734143363246,-0.06799615327102486,0.2545915806874108,0.0008060870914963186,0.0010132033061179384,0.9353364116205939,0.23608986292874182
0.0,24.284,-0.9991129166150231,0.007977618848565819,-0.06427810789519472,0.24821149351273455,0.000819792345868418,0.0016184080227029645,0.9389766471399557,0.22964113657427904
0.0,24.31,-0.9991061893887548,0.008589147066905741,-0.06077403188710891,0.2419862401221448,0.0008342493615843042,0.002223310858371094,0.9424047325186711,0.22334993642197148
0.0,24.336,-0.9990987222079412,0.009200492281047303,-0.05746979396274083,0.23591196821801033,0.0008494571665161384,0.002827913671615215,0.9456346575184407,0.21721224070115094
0.0,24.362,-0.99909051763528,0.009811479222718947,-0.054352505709905824,0.22998465237950275,0.0008654146814478489,0.003432218453963011,0.9486793693401957,0.2112238952051512
0.0,24.388,-0.9990815749540631,0.010422281376495866,-0.05141005167266846,0.22420031402075086,0.0008821208135813078,0.004036226346472796,0.9515508527292801,0.20538071576168382
0.0,24.414,-0.9990718969195301,0.011032723481486584,-0.04863140819391542,0.2185548723979074,0.000899574549038543,0.004639939539238948,0.9542601949791976,0.1996785268435792
0.0,24.44,-0.999061482592523,0.011642979023654998,-0.046006153360296426,0.21304429948513495,0.0009177750890008845,0.0052433600668398425,0.9568176765258747,0.19411316341573917
0.0,24.466,-0.9990503349321139,0.012252872750028175,-0.04352476259083285,0.20766456068201872,0.0009367212930159947,0.005846489393867977,0.9592328261858277,0.18868047574397168
0.0,24.492,-0.999038452776863,0.012862578147374265,-0.04117833606028004,0.20241173088488493,0.0009564121069418802,0.006449329137926553,0.9615144843117899,0.1833763824215133
0.0,24.518,-0.99902583927796,0.013471919970927356,-0.038958633879817794,0.1972818425745473,0.00097684675561206,0.007051881823800416,0.9636708463796124,0.1781969145789318
0.0,24.544,-0.9990124955094503,0.01408089734708572,-0.0368579651357073,0.19227110851994278,0.0009980241714467417,0.007654148681829922,0.9657095410647705,0.17313808824772514
0.0,24.57,-0.9989984174416416,0.014689858121400175,-0.0348692564128644,0.18737576339838752,0.0010199434523357933,0.008256131044515273,0.967637643616065,0.16819609804550678
0.0,24.596,-0.998983613523403,0.015298278343370273,-0.03298585451179472,0.18259215267314505,0.0010426037288316528,0.00885783083095226,0.9694617417506453,0.16336718340385134
0.0,24.622,-0.9989680768102175,0.01590668021282596,-0.031201606106356028,0.1779166533551212,0.0010660039982398793,0.009459250837626393,0.9711879612752381,0.15864769489292044
0.0,24.648,-0.9989518135195435,0.016514714149318682,-0.029510743888584996,0.17334584629136607,0.0010901433953486187,0.010060392799856094,0.9728220081853103,0.15403408611186273
0.0,24.674,-0.998934824696073,0.017122379290450768,-0.027907923274612237,0.16887633637860375,0.0011150210561403692,0.010661257373588686,0.9743691984641009,0.14952291157775027
0.0,24.7,-0.9989171083024708,0.017729849120448827,-0.02638814849344291,0.164504832806683,0.0011406361702463604,0.011261847403538484,0.9758344900175318,0.14511082816483492
0.0,24.726,-0.9988986650788457,0.018337122772482277,-0.02494676145822208,0.16022816937696452,0.0011669876807052402,0.011862163662771727,0.9772225049306285,0.14079460370737407
0.0,24.752,-0.9988794957319904,0.018944199380827108,-0.023579405243934187,0.15604325186057397,0.001194075079012677,0.012462209382878304,0.9785375603014146,0.13657110269340647
0.0,24.778,-0.9988596044051721,0.01955090374800339,-0.022282018561616677,0.1519471164608089,0.0012218969519535773,0.013061983787314584,0.979783688024456,0.13243729498633447
0.0,24.804,-0.9988389921251095,0.020157235022487185,-0.0210507977719261,0.1479368793726255,0.0012504532248065504,0.01366149180944195,0.9809646567170858,0.1283902532012938
0.0,24.83,-0.998817652671613,0.02076354100832483,-0.019882185975193208,0.14400975819513062,0.0012797425274917874,0.014260734747590311,0.9820839905514256,0.12442714679846667
0.0,24.856,-0.9987955938750298,0.021369472189844974,-0.018772852808704457,0.14016304203401495,0.0013097642493820542,0.014859712305090887,0.9831449875224985,0.12054524556756938
0.0,24.882,-0.9987728129181989,0.021975202040530127,-0.017719684063886864,0.13639416114586697,0.0013405175037733451,0.015458427915270636,0.9841507361293315,0.11674190983071955
0.0,24.908,-0.9987493104802395,0.022580729704707807,-0.016719751106724398,0.13270057710847222,0.0013720019327105374,0.016056883293509783,0.9851041295443412,0.1130145934879917
0.0,24.934,-0.9987250912996449,0.02318588001816527,-0.01577031612774725,0.1290798977812111,0.0014042159686670785,0.01665507841223797,0.9860078798893113,0.10936084290527534
0.0,24.96,-0.9987001480585357,0.023791000753356613,-0.014868807255496615,0.12552975746548597,0.0014371597303041836,0.017253018081750716,0.9868645313456178,0.10577828980810278
0.0,24.986,-0.9986744896269426,0.024395742442920025,-0.014012812433588376,0.12204792832902793,0.0014708319906462034,0.017850703503825262,0.9876764717528784,0.10226464692798137
0.0,25.012,-0.9986481126072876,0.025000278547500324,-0.01320006215500787,0.11863222139946401,0.0015052320351160722,0.01844813481261003,0.98844594295266,0.0988177117317029
0.0,25.038,-0.9986210221416809,0.02560443392719285,-0.012428424731134001,0.11528052371848917,0.001540359439965381,0.019045314029514433,0.9891750515285461,0.09543536103497507
0.0,25.064,-0.9985932100378264,0.02620855632436668,-0.011695898154593327,0.11199084339268132,0.0015762129487353574,0.019642245198396257,0.9898657772882327,0.09211554672422097
0.0,25.09,-0.9985646859797942,0.02681229631414345,-0.011000595167619467,0.10876120870288979,0.0016127924819102231,0.020238927677466812,0.9905199829899736,0.08885629123870203
0.0,25.116,-0.9985354461523462,0.027415827345472633,-0.010340743559389996,0.10558974302870446,0.0016500971850412908,0.020835365447573594,0.9911394207793264,0.08565569287101453
0.0,25.142,-0.9985054862739464,0.028019322847375915,-0.009714671770385678,0.1024746339330018,0.0016881262300504833,0.02143155761089439,0.9917257407230778,0.08251191354792568
0.0,25.168,-0.9984748166642532,0.02862243342967337,-0.00912080187164301,0.0994141074790832,0.0017268791902423986,0.022027509427714788,0.9922804966900948,0.07942318353388317
0.0,25.194,-0.9984434331377962,0.02922533252917371,-0.00855765404891519,0.09640650783280212,0.0017663549753906302,0.02262322070216347,0.9928051536197379,0.07638779207452626
0.0,25.22,-0.9984113363296966,0.029828019307791557,-0.008023826002655427,0.09345018138760651,0.0018065535031762602,0.023218692122847422,0.9933010918627891,0.07340409501619954
0.0,25.246,-0.9983785268761968,0.03043049292891863,-0.007517994991564674,0.09054355936428321,0.0018474737190739283,0.023813928641804885,0.9937696141750567,0.07047050327075649
0.0,25.272,-0.9983450051847784,0.031032752550273917,-0.007038918021697626,0.08768513573399822,0.0018891156151133394,0.02440892987433208,0.9942119495314456,0.06758548305697959
0.0,25.298,-0.9983107776910799,0.03163462310842628,-0.006585413774720368,0.08487343210590409,0.0019314781245274395,0.025003697620627846,0.9946292584658809,0.06474755610125725
0.0,25.324,-0.9982758338327811,0.03223645224504096,-0.006156371375483568,0.08210703559394268,0.001974560153063568,0.025598233208066454,0.9950226370538034,0.061955292621787846
0.0,25.35,-0.9982401796323386,0.032838064883812794,-0.005750739216229235,0.079384587122261,0.0020183626181447777,0.026192541111525483,0.9953931206920624,0.05920731986305575
0.0,25.376,-0.9982038156970965,0.03343946019390879,-0.005367523427861312,0.07670477333366886,0.002062883669086672,0.02678662181822218,0.9957416885168316,0.05650230439892542
0.0,25.402,-0.9981667425205861,0.034040637341974364,-0.0050057811044677885,0.07406630583117386,0.002108122758123168,0.02738047618281349,0.9960692662383606,0.05383896560941767
0.0,25.428,-0.9981289607123726,0.03464159549976509,-0.0046646238203064535,0.07146797321997082,0.0021540805906938906,0.027974108011695746,0.9963767295607175,0.05121606294663997
0.0,25.454,-0.9980904709980295,0.03524233384449464,-0.004343209005000372,0.06890858307029786,0.0022007552569951526,0.02856751776259533,0.9966649073850706,0.04863239878653733
0.0,25.48,-0.998051267388817,0.035843025731356844,-0.004040738393529175,0.06638698822859662,0.002248147006369993,0.029160708605419552,0.9969345843335774,0.0460868159326907
0.0,25.506,-0.998011363019291,0.036443321947512555,-0.0037564536367902072,0.06390207563360803,0.0022962552825788003,0.02975368047001063,0.9971865034203669,0.04357820028598469
0.0,25.532,-0.9979707521226553,0.03704339586123615,-0.003489642002734123,0.06145278350796955,0.0023450790754195273,0.0303464374287383,0.9974213686050899,0.0411054694894641
0.0,25.558,-0.9979294288588733,0.037643420826552844,-0.0032396208874646676,0.05903806051080652,0.0023946186270315567,0.030938978243776234,0.9976398469024798,0.03866758241528148
0.0,25.584,-0.9978873999749779,0.03824322182820404,-0.0030057485292201477,0.05665692505047892,0.0024448734981043644,0.03153130823732372,0.9978425707175198,0.03626352942330529
0.0,25.61,-0.997844666088341,0.03884279804657357,-0.002787412798761872,0.05430839482269258,0.0024958423083648483,0.03212342659561399,0.998030139879649,0.03389233301558455
0.0,25.636,-0.9978012275876612,0.03944214865437167,-0.002584033931205671,0.05199153809022961,0.0025475256239776856,0.032715338680069816,0.9982031229713072,0.03155305190735132
0.0,25.662,-0.997757077989089,0.04004144697123919,-0.0023950625413227716,0.04970544437090578,0.002599922422528122,0.03330704344475514,0.9983620596795808,0.029244774627569456
0.0,25.688,-0.9977122319006805,0.040640343895096395,-0.002219975252228162,0.04744924353312697,0.002653032701102944,0.03389854266997893,0.9985074620181201,0.02696661478276549
0.0,25.714,-0.9976666754031451,0.04123918686741424,-0.0020582775042660927,0.045222078770998674,0.0027068558282779278,0.03448983974853724,0.9986398161060577,0.024717721998462866
0.0,25.74,-0.9976204162228258,0.041837800937377774,-0.0019094967865006657,0.043023136924463835,0.0027613914503742142,0.03508093418327685,0.9987595835494917,0.022497264909919698
0.0,25.766,-0.9975734473474979,0.04243635939207963,-0.0017731862471426342,0.04085161409437843,0.0028166392864176887,0.03567183226587829,0.9988672025791693,0.020304445508581487
0.0,25.792,-0.9975257838812256,0.04303451318292269,-0.00164892038504407,0.03870673869956299,0.002872598493783411,0.03626252959577939,0.998963089553479,0.01813848556425753
0.0,25.818,-0.9974774114179603,0.04363260970460291,-0.0015362952944534883,0.03658776949065617,0.002929269023461461,0.03685303447246292,0.9990476399562422,0.015998635855856678
0.0,25.844,-0.9974283302719262,0.04423064812209578,-0.0014349274434336957,0.03449398340556623,0.002986651322675471,0.037443346147805076,0.9991212295818169,0.01388416759271464
0.0,25.87,-0.9973785481233025,0.044828453505022334,-0.0013444501428029078,0.032424668208060656,0.0030447441185131913,0.03803346641270881,0.9991842155938214,0.011794375495711735
0.0,25.896,-0.9973280657165974,0.045426025050566386,-0.0012645175591626057,0.030379155453262204,0.0031035470035692594,0.038623398594699036,0.999236937405139,0.009728575622936456
0.0,25.922,-0.9972768832232688,0.046023361931116544,-0.0011947987083427334,0.028356778233667522,0.0031630601646709558,0.039213142223202435,0.9992797176994974,0.00768610474770368
0.0,25.948,-0.9972249931383352,0.046620637389452046,-0.001134979624768061,0.02635689884372934,0.0032232837913914614,0.039802701134203776,0.9993128631986438,0.005666320238987156
0.0,25.974,-0.9971724037935212,0.047217676543356894,-0.0010847613611278107,0.024378893943051583,0.0032842159290134413,0.04039207378876446,0.9993366655365485,0.0036685981824669373
0.0,26.0,-0.9971191071333079,0.04781465260268881,-0.001043861047428923,0.022422166538388976,0.0033458584848745213,0.04098126584435089,0.9993514019689347,0.0016923335257007452
20.0,0.0,2.8724793855675176e-08,-4.101383206641979e-06,-0.9999962030601768,0.002755696868230154,0.9999966691864078,-1.8239823734914163e-06,0.0016732712459087407,0.0022607923025994374
20.0,0.026,-2.065632433427798e-05,-0.004472698445820424,-0.9994050751274519,0.03448906797076703,0.9999757954001457,-0.00449144306546744,0.0029846063940602535,0.03397222644605948
20.0,0.052,-8.135187434591429e-05,-0.008940850294944713,-0.9952211819205977,0.06589368607231978,0.9999147656921937,-0.008980538692352063,0.006299775372058194,0.0654627335022825
20.0,0.078,-0.00018204694607003584,-0.013408050076478715,-0.9890829320170463,0.0967942941062021,0.9998135932421824,-0.01346860369775915,0.011579056770961786,0.09654591721554327
20.0,0.1,-0.00029847845395604433,-0.017186871032880878,-0.9824676971500462,0.1224268022788925,0.999696647501532,-0.017265017032077577,0.01753469559083673,0.12239642097358736
20.0,0.104,-0.0003227220040575975,-0.01787379491703568,-0.9811293057984753,0.12702858689796775,0.9996722997093751,-0.017955132384434358,0.018760168520365238,0.12704336704708064
20.0,0.13,-0.0005033488112576763,-0.022337574675298927,-0.9714499506900747,0.15644512286821047,0.9994909152894408,-0.022439616188442268,0.027760087679779295,0.15678800756962974
20.0,0.156,-0.0007238910067348768,-0.026798890671499376,-0.9601503093239993,0.18490606020053704,0.9992694785603042,-0.026921552898741343,0.03847737111689907,0.1856268239688984
20.0,0.182,-0.0009843033161698826,-0.03125723251774315,-0.9473487181449352,0.21229055761757487,0.9990080365972537,-0.03140043650811842,0.05079492827335512,0.21342326871339035
20.0,0.208,-0.0012845325380539977,-0.0357121043179302,-0.9331738267940787,0.23849449189184832,0.9987066449016634,-0.03587576364119825,0.06458306633366957,0.24005887334950224
20.0,0.234,-0.0016245171060614043,-0.040162998290526095,-0.9177613891832618,0.26343255694581896,0.9983653673668192,-0.04034703195371335,0.07970261558419339,0.26543428422930704
20.0,0.26,-0.0020041869775946197,-0.04460941576416481,-0.9012516718023067,0.28703727119701283,0.9979842761773031,-0.04481374201869114,0.0960081997354185,0.28946989997490197
20.0,0.286,-0.002423463356531073,-0.04905086552613484,-0.8837865558842831,0.3092593931345049,0.9975634520371977,-0.04927539224508515,0.11335123998049858,0.31210557069619493
20.0,0.312,-0.0028822591353642167,-0.053486841618364055,-0.8655071945244804,0.3300667039650072,0.9971029836359645,-0.05373148772428931,0.13158285525424024,0.3333001373649559
20.0,0.338,-0.003380478447940406,-0.057916849605422725,-0.846551628349013,0.3494434528748373,0.9966029679759542,-0.05818153340490679,0.1505564236617839,0.3530303396502483
20.0,0.364,-0.0039180207426474725,-0.06234040416972687,-0.8270531461982318,0.3673883713948984,0.9960635106358654,-0.06262503250854531,0.17012980808786674,0.37128947831223874
20.0,0.39,-0.004494772538990518,-0.06675700814273165,-0.8071385059535859,0.38391375833330726,0.9954847245448298,-0.06706149881533126,0.19016721182811377,0.3880858254784845
20.0,0.416,-0.005110613098786473,-0.07116617019960253,-0.7869268952691743,0.3990434440739786,0.9948667315707697,-0.0714904394483253,0.21054065444494308,0.4034408472923137
20.0,0.442,-0.005765418346409069,-0.07556741484676749,-0.7665288936807686,0.4128114631908854,0.9942096609059128,-0.07591137061784342,0.2311310626416148,0.41738737675108695
20.0,0.468,-0.006459049867409234,-0.07996024927289712,-0.7460461395876183,0.42525992524466794,0.9935136498868017,-0.08032381083014722,0.2518289886114594,0.4299677878289786
20.0,0.494,-0.007191366551577638,-0.0843442012547218,-0.7255707481525862,0.43643789995504406,0.9927788440471084,-0.08472727579844039,0.27253508139815863,0.44123219721104434
20.0,0.52,-0.007962216543091231,-0.08871879844037228,-0.7051853669461735,0.44639974217922584,0.9920053962087068,-0.08912129072273668,0.29316020677691207,0.45123677555176567
20.0,0.546,-0.008771439238244916,-0.09308354590386751,-0.6849632991404327,0.45520364686543024,0.9911934670426708,-0.09350538348557967,0.31362534715303575,0.46004219894894854
20.0,0.572,-0.009618870430934895,-0.0974379970505173,-0.6649688251029289,0.46291036066967506,0.9903432252984712,-0.09787907957583002,0.3338613563207403,0.4677122294199047
20.0,0.598,-0.01050433432622872,-0.10178166594397235,-0.6452575057077033,0.46958227558833093,0.9894548464337967,-0.1022419160527695,0.353808513841773,0.4743124672151513
20.0,0.624,-0.011427650785911462,-0.1061141029974023,-0.6258767925989459,0.47528228178237397,0.9885285141530028,-0.10659342611632691,0.37341597631568546,0.4799092698226105
20.0,0.65,-0.012388630413455101,-0.11043484410539682,-0.6068665653400726,0.4800730056965036,0.9875644190615509,-0.11093315306648094,0.3926411927012268,0.48456883291997715
20.0,0.676,-0.01338707773381996,-0.11474344090668159,-0.5882595498693329,0.48401637731426905,0.9865627593155559,-0.11526064002490898,0.41144922850071225,0.4883564468154861
20.0,0.702,-0.014422785000554559,-0.11903942436866212,-0.5700821482180872,0.4871727465309288,0.9855237397968406,-0.11957543694948937,0.429812104606972,0.49133581668715126
20.0,0.728,-0.015495549142126646,-0.12332237707659088,-0.5523552625546215,0.48960030363143514,0.9844475727421704,-0.12387709733787894,0.44770805884001297,0.4935686424596756
20.0,0.754,-0.01660514636534316,-0.12759182478553255,-0.5350941785280214,0.4913554932723257,0.983334477668771,-0.12816517660229212,0.4651209601950502,0.49511420745624474
20.0,0.78,-0.017751353054245012,-0.13184734045118157,-0.5183098820341675,0.4924919924981978,0.9821846804192792,-0.13243923730572774,0.48203958861277396,0.49602911602543687
20.0,0.806,-0.018933941352505562,-0.13608850225861882,-0.5020092535835905,0.49306088406545084,0.9809984139425617,-0.13669884588796866,0.4984570918955012,0.4963670922643776
20.0,0.832,-0.020152669169646757,-0.14031485551284786,-0.4861956350390575,0.4931105368444227,0.9797759170468622,-0.14094357610324365,0.5143703881035605,0.4961788897533538
20.0,0.858,-0.021407298130136303,-0.14452600685481187,-0.4708694194754346,0.4926864290472698,0.9785174361648415,-0.1451730023992196,0.529779627515375,0.495512250795562
20.0,0.884,-0.022697571188467196,-0.14872151840920445,-0.4560281789222365,0.4918314306097235,0.9772232232885815,-0.1493867067222061,0.5446877528864823,0.49441187955035837
20.0,0.91,-0.02402323477360256,-0.15290099067693286,-0.4416674634794111,0.4905854632339043,0.9758935369152866,-0.1535842752685534,0.5591000467325924,0.4929194997261646
20.0,0.936,-0.02538402685008785,-0.15706399608726018,-0.4277807873892371,0.4889859209093146,0.9745286427487779,-0.15776529871361447,0.5730237342644118,0.491073936207775
20.0,0.962,-0.026779673264346212,-0.16121014567737288,-0.4143602551910349,0.48706745001546925,0.9731288099593703,-0.16192937695771156,0.5864676717618199,0.488911183346362
20.0,0.988,-0.028209905003147084,-0.16533903789949195,-0.40139656977320737,0.48486229828697747,0.9716943151822883,-0.166076112876092,0.5994420026613554,0.48646455974494823
20.0,1.014,-0.029674438788189546,-0.1694502950894891,-0.3888795289136254,0.4824002278031406,0.9702254413031055,-0.17020511049960677,0.6119578911387296,0.48376481781653774
20.0,1.04,-0.031172999669928373,-0.17354350372271465,-0.3767981311099956,0.479708707222681,0.9687224755155688,-0.17431599223262345,0.6240273413358534,0.4808402564322644
20.0,1.066,-0.03270526390198466,-0.17761829419565645,-0.36514069247515496,0.47681313149442456,0.9671857135615431,-0.17840836130416296,0.6356629107783189,0.4777168918409143
20.0,1.092,-0.03427093887345733,-0.18167430540779556,-0.3538950709552347,0.47373685655790826,0.965615449158761,-0.18248186626457305,0.6468775899061874,0.4744186079862364
20.0,1.118,-0.03586977701741211,-0.18571116196235532,-0.3430489896277137,0.4705012351791261,0.96401199168936,-0.18653612229825187,0.6576846637832249,0.4709672218299623
20.0,1.144,-0.037501425712223466,-0.18972848555844443,-0.3325898007347107,0.46712596060799894,0.9623756481627792,-0.19057076558165845,0.668097510449037,0.467382732342579
20.0,1.17,-0.03916556217831309,-0.1937259247310044,-0.3225048598106655,0.46362902915535326,0.960706730549316,-0.19458545469088395,0.6781295852426238,0.46368336004018634
20.0,1.196,-0.04086186218208639,-0.197703155773881,-0.31278151796661235,0.4600269011808331,0.959005560186182,-0.1985798192363682,0.6877942593266947,0.4598856921541212
20.0,1.222,-0.04259006069678691,-0.20165981902352767,-0.30340735724859946,0.456334505090335,0.9572724597688601,-0.20255352817834568,0.6971047810342803,0.4560048668241567
20.0,1.248,-0.0443497778594418,-0.2055955499544183,-0.29436994011820644,0.4525655747626563,0.9555077542395628,-0.2065062551169906,0.7060742092107016,0.452054601796732
20.0,1.274,-0.046140711662685394,-0.20951003795540235,-0.2856569290165357,0.448732653201948,0.9537117791575279,-0.21043764525699835,0.71471534246816,0.4480473653561425
20.0,1.3,-0.04796252012521899,-0.2134029840921189,-0.2772566236271898,0.4448469232072228,0.9518848707170705,-0.21434738320212215,0.72304070774009,0.44399441760111236
20.0,1.326,-0.04981487776496199,-0.21727401543451885,-0.2691571937945058,0.44091877415473985,0.9500273670837158,-0.21823515834565302,0.7310625201631905,0.43990597797171443
20.0,1.352,-0.05169739761877097,-0.22112286429612538,-0.26134726445730894,0.4369575348353578,0.9481396143789379,-0.22210064884169448,0.738792655935107,0.43579126959730957
20.0,1.378,-0.05360975669693508,-0.22494922151521202,-0.2538157766518029,0.4329716443787065,0.946221960121406,-0.22594355511312228,0.7462426223659006,0.4316586051578015
20.0,1.404,-0.05555162425132598,-0.22875276086374377,-0.2465520195047623,0.42896874631904575,0.9442747535298908,-0.22976358248369647,0.7534235647788806,0.42751546853336053
20.0,1.43,-0.0575225961125611,-0.2325332235432321,-0.23954562268483262,0.42495571865115517,0.9422983538635823,-0.23356042581061806,0.7603462675020906,0.42336858395550975
20.0,1.456,-0.05952237242548974,-0.23629027866895136,-0.23278650748890772,0.42093880080840357,0.9402931160382211,-0.23733381843558393,0.7670211160582667,0.41922400831442996
20.0,1.482,-0.06155054644192376,-0.24002370465500916,-0.22626496138193197,0.4169235913773175,0.9382594034582695,-0.2410834655422387,0.7734581366325995,0.41508713862088215
20.0,1.508,-0.06360681373372874,-0.24373318230464736,-0.21997164762940616,0.41291511246688184,0.9361975833336794,-0.2448090954798331,0.7796669571782823,0.410962808656242
20.0,1.534,-0.06569075480498562,-0.2474184845729663,-0.2138975255698306,0.40891787920045103,0.9341080176016687,-0.2485104574219304,0.7856568528324785,0.40685530427528366
20.0,1.56,-0.06780202097387505,-0.2510793306744283,-0.2080339328111114,0.4049359209322847,0.9319910777944063,-0.25218729034312126,0.7914367311325706,0.4027684796591718
20.0,1.586,-0.06994021948751691,-0.2547154658406857,-0.20237257625215005,0.40097281261694373,0.9298471375602593,-0.2558393386245493,0.7970151232095596,0.39870571645946246
20.0,1.612,-0.07210500696978106,-0.25832666009703137,-0.1969053216657106,0.39703182083808325,0.9276765691145717,-0.25946636855612515,0.8024002432711487,0.39467001729857587
20.0,1.638,-0.07429598323008307,-0.2619126663704411,-0.19162460070113227,0.39311570678973673,0.9254797576638691,-0.26306812002134844,0.8075999425153105,0.39066400687105607
20.0,1.664,-0.07651279488680417,-0.2654732470316892,-0.18652293864201394,0.3892270428508691,0.9232570733364263,-0.26664438596545326,0.8126217469184467,0.3866900068335887
20.0,1.69,-0.07875500548199944,-0.2690082384909228,-0.18159327212760853,0.38536801785360925,0.9210089033201969,-0.27019493418349194,0.8174728705195702,0.38275002494559246
20.0,1.716,-0.08102232800787465,-0.2725173097244334,-0.17682882229225272,0.38154056933469116,0.9187356263536273,-0.27371955247485563,0.8221602091350335,0.378845818994679
20.0,1.742,-0.08331428313845464,-0.2760003574124686,-0.17222307887598723,0.3777463848553379,0.9164376336799366,-0.2772180198662547,0.8266903712067915,0.3749788885597638
20.0,1.768,-0.0856305490252562,-0.27945712834572084,-0.1677698643105576,0.37398690395490625,0.9141153039659419,-0.28069015156462235,0.8310696827872365,0.3711505039832051
20.0,1.794,-0.08797071182687331,-0.28288742204194967,-0.16346306226002863,0.37026344823101515,0.911769031949733,-0.2841357377588145,0.8353041807438567,0.36736176290326655
20.0,1.82,-0.09033436936722809,-0.28629109250702345,-0.15929700729402482,0.36657706737385715,0.9093992044119833,-0.2875545887595469,0.8393996451150432,0.36361357534175437
20.0,1.846,-0.09272115028919237,-0.28966793021488624,-0.15526627535067716,0.36292864140805314,0.9070062082006757,-0.2909465373889488,0.8433616170416303,0.3599066572056926
20.0,1.872,-0.0951306731818426,-0.2930177027056725,-0.15136555065273186,0.3593189466167677,0.9045904400027328,-0.2943113897813562,0.8471953718499186,0.3562416246956378
20.0,1.898,-0.09756254858281188,-0.29634033652123815,-0.14758987952875377,0.3557485744871888,0.9021522881602942,-0.2976489894432097,0.8509059698296528,0.3526189292908016
20.0,1.924,-0.10001634076405787,-0.2996356297674737,-0.14393434181794598,0.35221805843326215,0.8996921477505647,-0.3009591697278869,0.8544982484280851,0.34903890500791346
20.0,1.95,-0.10249168811799629,-0.30290344258324897,-0.14039442114985703,0.34872773610451135,0.8972104091284497,-0.3042417850230962,0.8579768222024698,0.3455018006853617
20.0,1.976,-0.10498821344362189,-0.3061435940570599,-0.1369656884297861,0.34527789188270785,0.8947074682951967,-0.3074966792871637,0.8613461158485836,0.34200773746715485
20.0,2.002,-0.10750555188795208,-0.30935594545756157,-0.13364391804088702,0.3418687090473355,0.8921837162582192,-0.31072371739336024,0.864610348353829,0.3385567844230129
20.0,2.028,-0.11004322462826814,-0.31254038711933596,-0.1304250229733787,0.33850030492268746,0.8896395516786971,-0.3139227545598988,0.8677735670111573,0.3351488965809469
20.0,2.054,-0.11260086383917832,-0.31569679327312034,-0.12730522741082115,0.3351726730444216,0.887075367933444,-0.31709366682358914,0.8708396301241645,0.3317839882670452
20.0,2.08,-0.11517809467997604,-0.31882502270310586,-0.12428075833364893,0.3318857887150041,0.8844915573327717,-0.3202363349888347,0.873812230134387,0.3284619171535507
20.0,2.106,-0.1177745498162749,-0.321924959525278,-0.12134808696651253,0.32863955010096074,0.8818885084647865,-0.3233506610942812,0.8766949081995216,0.3251824464454469
20.0,2.132,-0.12038980157864228,-0.32499650273078806,-0.11850379810480886,0.3254338090322328,0.8792666265887948,-0.32643650605869845,0.8794910382795637,0.32194533421878757
20.0,2.158,-0.123023423768765,-0.32803956672103307,-0.1157447003839012,0.3222683379048278,0.8766262988551748,-0.3294937817632694,0.8822038609822476,0.31875026668359296
20.0,2.184,-0.12567510392987644,-0.3310540279643916,-0.11306759700367382,0.31914292383189574,0.8739679196798835,-0.3325223904511083,0.8848364669258579,0.3155969112997272
20.0,2.21,-0.1283444131232272,-0.3340398038973365,-0.11046955816222324,0.31605725551226793,0.8712918820452201,-0.3355222390121093,0.8873918232600301,0.3124848807365816
20.0,2.236,-0.13103098369713792,-0.33699680599125525,-0.10794770015112759,0.3130110335911889,0.8685985676302203,-0.3384932700353158,0.8898727600117552,0.30941378623469934
20.0,2.262,-0.13373432899632645,-0.33992499418682953,-0.10549928387590655,0.3100039080948291,0.8658883809712576,-0.34143537025376897,0.8922819917666224,0.3063831987014332
20.0,2.288,-0.13645419964434752,-0.34282424461973593,-0.10312171306198357,0.30703549370108385,0.8631617023411403,-0.34434849197903833,0.8946221206895222,0.3033926548396196
20.0,2.314,-0.1391900501100961,-0.3456945570921615,-0.10081242483826293,0.30410541575623373,0.8604189169671203,-0.34723257703133453,0.896895638634767,0.3004416800466997
20.0,2.34,-0.14194169313547117,-0.3485357888365639,-0.09856899088206661,0.3012132647469848,0.8576604233092018,-0.3500875427784565,0.8991049173687005,0.297529824501285
20.0,2.366,-0.14470858463380767,-0.35134795754914655,-0.09638916209503418,0.29835857626142176,0.8548865987269952,-0.3529133555933486,0.9012522571572996,0.2946565442336763
20.0,2.392,-0.14749035655988887,-0.35413100265466485,-0.09427072618310452,0.29554094714743,0.8520978317136252,-0.35570995651832643,0.9033398362671418,0.2918213622158921
20.0,2.418,-0.15028671078806,-0.3568848573320291,-0.0922114580719888,0.29275988069648357,0.8492944992547955,-0.3584773218308395,0.9053697543541773,0.2890237470356056
20.0,2.444,-0.15309715992953213,-0.3596095272736725,-0.09020938924417983,0.2900149314773273,0.8464769885500903,-0.3612154022039461,0.9073440280332049,0.2862631668232073
20.0,2.47,-0.15592146731850093,-0.3623049183074106,-0.08826255140459158,0.2873056293321916,0.8436456730151254,-0.3639241824587023,0.9092645775496978,0.2835391055399738
20.0,2.496,-0.1587590881298314,-0.3649710872395057,-0.08636903758886165,0.2846314979223315,0.8408009363790364,-0.36660362190840007,0.9111332563627002,0.2808510229887874
20.0,2.522,-0.1616097900478232,-0.3676079502064026,-0.08452703965373858,0.2819920084607988,0.8379431502294173,-0.3692537145734045,0.912951841770216,0.27819837182847046
20.0,2.548,-0.16447308997357152,-0.3702155440797696,-0.08273483444440723,0.27938672676553683,0.8350726910117855,-0.37187444409054915,0.9147220283742784,0.27558063294452967
20.0,2.574,-0.16734869821368445,-0.3727938267588814,-0.08099078061160617,0.27681513603918917,0.8321899261786666,-0.37446581253761185,0.9164454549739073,0.272997256315209
20.0,2.6,-0.17023619532121728,-0.37534281279356996,-0.07929323010147836,0.2742767012972076,0.8292952336720232,-0.3770277967009373,0.9181236915983653,0.2704476939655349
20.0,2.626,-0.1731352348430824,-0.3778625082888563,-0.07764066922013137,0.271770999274343,0.826388972067812,-0.37956042194965683,0.9197582412854778,0.2679314199764498
20.0,2.652,-0.17604546313837618,-0.38035290357929014,-0.07603164105830593,0.26929746666353227,0.8234715112775769,-0.38206368871796476,0.9213505497474553,0.26544790039704635
20.0,2.678,-0.1789665367530178,-0.3828140112531643,-0.07446467445121802,0.2668556924714818,0.8205432099732155,-0.38453761460305147,0.9229020039521226,0.26299661197384383
20.0,2.704,-0.1818980450296042,-0.38524587537476607,-0.07293844679724913,0.26444510292942125,0.8176044354738627,-0.3869822086002464,0.9244139425304991,0.2605770119211483
20.0,2.73,-0.18483957512663562,-0.3876485407394897,-0.07145165453663285,0.2620652325375551,0.8146555368931787,-0.38939751088673935,0.9258876453089566,0.25818858868853145
20.0,2.756,-0.18779092436902936,-0.3900219714882671,-0.07000298720463206,0.25971562925180597,0.8116968748831193,-0.39178353690374884,0.927324347227114,0.25583081508955113
20.0,2.782,-0.19075168466760797,-0.3923662200590106,-0.06859124723938968,0.2573957584281325,0.8087287972878248,-0.3941403356468061,0.9287252281852604,0.2535031990480453
20.0,2.808,-0.1937213845053578,-0.39468138887501164,-0.06721530374294661,0.2551052079382642,0.805751658899641,-0.3964679292366896,0.9300914300714636,0.2512052198938455
20.0,2.834,-0.19669989370165297,-0.3969674082226316,-0.06587397585951438,0.25284343264986003,0.8027658084276847,-0.39876635902949004,0.9314240499179193,0.2489363798501525
20.0,2.86,-0.19968667776285492,-0.3992244286051497,-0.06456619934930616,0.250610025992135,0.7997715854441526,-0.40103568396344824,0.9327241446305327,0.24669617157049542
20.0,2.886,-0.20268147526921204,-0.40145245918929173,-0.06329096153995621,0.24840448609822557,0.796769332395289,-0.4032759515072024,0.9339927235610479,0.24448412945898734
20.0,2.912,-0.20568395751606433,-0.40365154517768626,-0.06204720033377361,0.2462263667828449,0.7937593913774477,-0.40548721356781225,0.9352307649648154,0.24229976533498987
20.0,2.938,-0.20869380666790635,-0.4058217519799767,-0.060833976739260304,0.24407523180295804,0.7907420914911024,-0.40766953745249224,0.9364392085444853,0.24014260216792585
20.0,2.964,-0.2117106253947454,-0.4079631643842023,-0.05965040670225753,0.24195058275398088,0.7877177630974189,-0.409822995532236,0.9376189652458962,0.23801216002394282
20.0,2.99,-0.21473416845826998,-0.41007581334306975,-0.05849548417333131,0.23985205173183974,0.7846867493911637,-0.41194763642797366,0.9387708985172938,0.2359080043335261
20.0,3.016,-0.2177639745003393,-0.41215983680896057,-0.05736846098399773,0.23777912944219531,0.7816493678910078,-0.4140435522839047,0.9398958528968846,0.2338296668381275
20.0,3.042,-0.22079987881290433,-0.41421524095934603,-0.05626842347832284,0.23573144563309695,0.7786059463018108,-0.4161107925301724,0.9409946383710018,0.23177669453302047
20.0,3.068,-0.2238414215826122,-0.41624216839799566,-0.055194558947783016,0.23370858574802295,0.7755567899758421,-0.41814946889278065,0.9420680320613861,0.22974866821127585
20.0,3.094,-0.22688844213115342,-0.4182406246697996,-0.05414614576206827,0.23171006742764705,0.772502223440965,-0.42015965518170284,0.9431167851987597,0.2277451525537436
20.0,3.12,-0.2299404914964053,-0.42021077397783974,-0.05312242673921132,0.22973554042091643,0.7694425688035851,-0.4221414283276274,0.9441416295648911,0.22576569822614742
20.0,3.146,-0.23299733836535072,-0.4221526597823331,-0.052122647130843414,0.22778457850338218,0.7663781309183273,-0.4240948950841704,0.94514325575067,0.22380992429720803
20.0,3.172,-0.23605861181740875,-0.4240664168124991,-0.05114616401338476,0.2258567950756087,0.7633092105447424,-0.42602014657124304,0.9461223449410192,0.22187738702552431
20.0,3.198,-0.23912408991680464,-0.42595209936293676,-0.05019222845722664,0.22395180910643123,0.7602361221798424,-0.42791726823618953,0.9470795431030755,0.21996771354294867
20.0,3.224,-0.24219340125422564,-0.42780983958759355,-0.04926026181323171,0.22206918358346703,0.7571591553035908,-0.42978638809457115,0.9480154780944897,0.2180805018555531
20.0,3.25,-0.2452662603020652,-0.4296397485569955,-0.048349569493031194,0.22020862410647077,0.7540786103920291,-0.43162759193802175,0.9489307611398942,0.21621533898091796
20.0,3.276,-0.2483423798351547,-0.43144193200975356,-0.04745960606328024,0.2183697040488853,0.7509947865942478,-0.4334409863957193,0.9498259692043817,0.214371884432051
20.0,3.302,-0.2514215460446346,-0.4332164458719493,-0.04658973801274728,0.21655207842240162,0.7479079641565477,-0.43522668870024916,0.9507016758897703,0.21254972085820992
20.0,3.328,-0.25450340646103387,-0.4349634512786019,-0.04573946140132522,0.21475538212575634,0.7448184282597484,-0.43698480529895123,0.9515584183742822,0.2107485211285184
20.0,3.354,-0.2575876048821801,-0.43668310482376044,-0.04490813135185533,0.21297926250564636,0.74172647092513,-0.4387154680698095,0.952396728984684,0.20896789898397836
20.0,3.38,-0.26067401943662305,-0.4383754366444727,-0.044095315302302596,0.21122338115589157,0.7386323718538252,-0.4404187881360964,0.9532171163100239,0.20720750964839077
20.0,3.406,-0.263762226347741,-0.4400406592487231,-0.04330047654860221,0.2094874035303738,0.7355363919567516,-0.4420948866557028,0.9540200709335738,0.2054669991638847
20.0,3.432,-0.26685210756923833,-0.44167880024987743,-0.042523128848018746,0.2077709920549422,0.7324388225961814,-0.4437438892781848,0.9548060681940284,0.203746040124868
20.0,3.458,-0.2699432465135788,-0.44329008335256653,-0.04176272664097476,0.20607382865100057,0.7293399198817485,-0.44536593920321915,0.9555755702846305,0.20204428011488754
20.0,3.484,-0.27303545667753093,-0.44487459003349183,-0.041018917344641255,0.20439556328436947,0.7262399443025066,-0.44696115084883675,0.9563290187091741,0.20036141005322763
20.0,3.51,-0.2761284769480124,-0.44643244892068723,-0.04029114911906602,0.20273591785098202,0.7231391704978772,-0.4485296509906174,0.9570668453010471,0.19869709708769429
20.0,3.536,-0.27922197322973336,-0.44796384330748806,-0.039579055778132866,0.20109455908860002,0.720037846311289,-0.45007158848627216,0.9577894639645249,0.19705103535174773
20.0,3.562,-0.2823158541388908,-0.4494688216844604,-0.038882214962760314,0.19947119604421776,0.7169362407299538,-0.45158709394563906,0.9584972777917041,0.1954229128248305
20.0,3.588,-0.2854097044096057,-0.45094760702079517,-0.03820017604061519,0.1978655256350442,0.7138345876814373,-0.453076314499325,0.9591906790695756,0.19381241151667689
20.0,3.614,-0.28850336140397287,-0.4524003012994008,-0.037532607261127615,0.19627725194744516,0.7107331344751868,-0.45453939152680534,0.9598700392245673,0.19221925790535616
20.0,3.64,-0.29159658262934535,-0.45382704973796517,-0.03687908280184526,0.1947061032255806,0.7076321336045455,-0.45597645571903506,0.9605357280946314,0.19064313990248302
20.0,3.666,-0.2946890440622521,-0.4552280430853367,-0.03623928472481234,0.1931517699338294,0.7045318189192342,-0.45738766419435445,0.9611880938480367,0.1890837901106102
20.0,3.692,-0.2977806710180429,-0.4566033330645709,-0.0356127772214326,0.19161401696819785,0.7014324374745858,-0.4587731684687439,0.9618274841902832,0.1875409030912917
20.0,3.718,-0.3008710686729251,-0.45795317070375824,-0.03499929348547631,0.1900925371521355,0.6983342092853214,-0.46013310575972866,0.9624542233093688,0.186014235526987
20.0,3.744,-0.3039600850429515,-0.4592776559594262,-0.03439848207297641,0.18858709050203765,0.6952373598273194,-0.46146763740846913,0.9630686393908686,0.18450348977717468
20.0,3.77,-0.307047492860666,-0.46057694376706826,-0.033809955801964296,0.18709738135367876,0.6921421358294476,-0.46277690715523623,0.9636710384207268,0.18300841347789187
20.0,3.796,-0.31013307252411143,-0.4618511977069378,-0.03323348641253186,0.18562320235625998,0.6890487491284852,-0.4640610737878515,0.9642617229627191,0.1815287510403823
20.0,3.822,-0.3132165941663737,-0.4631005632018182,-0.0326687349593981,0.184164260084135,0.685957408840108,-0.4653202971820011,0.9648409855180522,0.18006424249010414
20.0,3.848,-0.3162978423548399,-0.4643252044391139,-0.032115404660197334,0.18272032525663434,0.6828683292268389,-0.46655474363431,0.965409107635995,0.1786146408585367
20.0,3.874,-0.31937660550754426,-0.4655252882974136,-0.03157320215812423,0.18129115090497627,0.679781738366477,-0.46776453953006336,0.9659663622761704,0.17717971275077365
20.0,3.9,-0.3224527535466549,-0.4667009224870646,-0.03104186049634522,0.17987651186721498,0.6766978287510237,-0.46894987732476257,0.9665130231527327,0.1757591878766378
20.0,3.926,-0.3255259082637741,-0.46785237447082495,-0.030521106075876398,0.17847616732978044,0.6736168067266872,-0.4701109093485793,0.967049339566091,0.17435285910773382
20.0,3.952,-0.328596035543233,-0.4689797101181151,-0.030010681522444807,0.17708989961122343,0.6705388837506401,-0.4712477944683433,0.9675755642389045,0.17296050055002882
20.0,3.978,-0.3316628412254786,-0.4700831395465084,-0.029510332061469996,0.17571747398043747,0.6674642526049248,-0.47236069888757326,0.968091945072038,0.17158184866453177
20.0,4.004,-0.3347262169172745,-0.4711627867849927,-0.029019805950529685,0.17435865998300276,0.6643931116587496,-0.473449778035483,0.9685987105042281,0.1702167234989753
20.0,4.03,-0.33778588187170183,-0.4722188768760356,-0.02853886980623574,0.17301324927420844,0.6613256242293631,-0.4745152175051897,0.9690960926623197,0.16886488651410425
20.0,4.056,-0.34084164007539886,-0.47325157872642865,-0.028067295845769873,0.1716810568857823,0.6582620152053955,-0.4755571621452499,0.969584314010013,0.1675261289016342
20.0,4.082,-0.3438934677942999,-0.4742609476959101,-0.027604851865762725,0.17036184145116207,0.6552024500858307,-0.47657580446025444,0.9700635902848728,0.16620024256287258
20.0,4.108,-0.34694101368648955,-0.4752472780015421,-0.02715131753574444,0.16905540475561706,0.6521471015779181,-0.47757129206417226,0.9705341291261494,0.164887021695851
20.0,4.134,-0.3499840899017565,-0.4762107411934604,-0.026706489448955574,0.1677615694681977,0.6490961458258044,-0.47854381252607975,0.9709961345879055,0.16358626364095688
20.0,4.16,-0.3530226897685257,-0.47715140258191024,-0.02627015088169732,0.16648010456619172,0.6460497812544663,-0.4794935200336994,0.971449804104004,0.16229777365368714
20.0,4.186,-0.35605653981289925,-0.4780694826190051,-0.025842110888828405,0.16521085782676284,0.6430081563098654,-0.4804205868971385,0.9718953285723019,0.16102135801872944
20.0,4.212,-0.35908547619717285,-0.4789651743837416,-0.02542216801207608,0.1639536037464293,0.6399714475612682,-0.4813251911308474,0.9723328954648974,0.15975682637262872
20.0,4.238,-0.36210932100695903,-0.47983864903708773,-0.02501013996409798,0.16270819534748115,0.6369398141879963,-0.482207500202698,0.9727626863605582,0.15850399309054672
20.0,4.264,-0.3651279905474807,-0.4806900249362532,-0.024605836985069875,0.1614744130136768,0.6339134202351737,-0.48306768758489416,0.9731848750323736,0.15726267529596666
20.0,4.29,-0.3681412314496968,-0.48151954107369677,-0.02420908218318346,0.16025209644062471,0.6308924114790516,-0.4839059326419085,0.9735996342107391,0.1560326940173031
20.0,4.316,-0.3711489727400007,-0.4823273252351288,-0.023819699810949595,0.15904105051291356,0.6278769553794531,-0.48472239857465904,0.974007129757628,0.1548138750311255
20.0,4.342,-0.3741509602084603,-0.4831136110085649,-0.0234375234954984,0.15784113837299021,0.6248671927777434,-0.48551726540871093,0.9744075229100123,0.1536060423080258
20.0,4.368,-0.37714712241803405,-0.48387851839152357,-0.02306238786672645,0.15665216986503164,0.6218632777252794,-0.4862907080305877,0.9748009706713341,0.15240903032192168
20.0,4.394,-0.38013739450545464,-0.48462217008400965,-0.022694133836377205,0.15547399430841322,0.6188653546425888,-0.48704289605278916,0.975187626622418,0.1512226720195273
20.0,4.42,-0.38312145082160914,-0.4853448752350954,-0.022332603293221436,0.15430642723060145,0.6158735570825445,-0.4877740101067935,0.9755676390228144,0.15004680379497362
20.0,4.446,-0.38609931417562576,-0.48604668769993226,-0.021977649455490418,0.15314932223327743,0.6128880403147291,-0.4884842150888374,0.9759411528367812,0.14888126759085796
20.0,4.472,-0.38907066993046807,-0.48672792762691813,-0.021629120852850785,0.15200251828555458,0.6099089175373752,-0.48917369702335434,0.9763083083111099,0.14772590548939984
20.0,4.498,-0.3920356200458309,-0.48738856466298264,-0.0212868797200973,0.1508658731726846,0.6069363393019058,-0.48984262117802974,0.976669242729499,0.14658056350483253
20.0,4.524,-0.3949938655231189,-0.4880289335412955,-0.02095077851434007,0.1497392133758595,0.6039704211369493,-0.4904911792005848,0.9770240884577542,0.14544508958091007
20.0,4.55,-0.3979453453514998,-0.48864914078027827,-0.020620685583856924,0.14862240152851486,0.6010113104863763,-0.49111952050592567,0.9773729769674067,0.14431933771365843
20.0,4.576,-0.4008899280734728,-0.4892493759830719,-0.020296472027176465,0.1475153022769083,0.5980591028169984,-0.4917278415658021,0.9777160340108314,0.1432031620332345
20.0,4.602,-0.40382747850233813,-0.48982982135494896,-0.019978006777564415,0.14641776574589926,0.595113932574598,-0.49231630241858665,0.9780533805128859,0.14209641872223336
20.0,4.628,-0.4067578667733613,-0.49039066283960897,-0.019665163884098634,0.14532966123254912,0.5921759216225728,-0.49288508972188577,0.9783851391084201,0.1409989687403611
20.0,4.654,-0.40968104933325694,-0.49093201287809207,-0.01935782313671055,0.14425082571398593,0.5892451776889902,-0.49343436267126456,0.9787114249859462,0.13991067303002078
20.0,4.68,-0.4125968214240125,-0.49145413509945407,-0.019055861359336807,0.1431811333994752,0.5863218095744738,-0.4939643179610107,0.9790323517248894,0.13883139688358487
20.0,4.706,-0.4155051406746748,-0.491957136622192,-0.018759170059491407,0.14212047537698705,0.5834059361402637,-0.494475109968716,0.9793480301091116,0.13776100805231037
20.0,4.732,-0.4184058889221193,-0.49244120456361584,-0.01846763156025983,0.1410686960567062,0.5804976636500312,-0.4949669191912763,0.9796585677022387,0.1366993767122758
20.0,4.758,-0.4212988671060887,-0.4929066028507987,-0.018181132895230205,0.1400256587563995,0.5775970895257948,-0.4954399201744831,0.9799640695499425,0.13564637558862738
20.0,4.784,-0.4241841197859431,-0.4933533558013352,-0.017899574923189786,0.13899126012726878,0.574704315766064,-0.49589429288459086,0.9802646383372127,0.1346018765134505
20.0,4.81,-0.4270615489901775,-0.4937816642426314,-0.01762285115225187,0.13796538320641077,0.5718194377101525,-0.4963301955924886,0.9805603736886397,0.13356575732418968
20.0,4.836,-0.42993095103348755,-0.4941917786605602,-0.017350856081005086,0.13694786486836819,0.5689425685056111,-0.4967478035817881,0.9808513724484204,0.1325378984398785
20.0,4.862,-0.43279230422076,-0.4945838090565864,-0.017083493648629225,0.13593863963956906,0.5660737800101344,-0.49714731022250197,0.981137729728467,0.13151817953785175
20.0,4.888,-0.43564541914721144,-0.494958018343306,-0.016820667335734032,0.134937547958407,0.5632131638222567,-0.497528857346045,0.9814195378949035,0.1305064829217312
20.0,4.914,-0.4384903602024802,-0.49531443319058666,-0.016562281478391068,0.13394448051349034,0.5603608247814357,-0.49789263499137554,0.9816968867048398,0.1295026970474249
20.0,4.94,-0.44132695252897214,-0.49565332716135524,-0.0163082465618738,0.13295934467037945,0.5575168333042415,-0.4982388041701212,0.9819698645787146,0.12850670450764962
20.0,4.966,-0.44415516841528585,-0.49597478914214443,-0.016058471101139983,0.13198201860451927,0.554681292397078,-0.4985675387285219,0.9822385565806953,0.12751839921502794
20.0,4.992,-0.44697483702687657,-0.49627909312471125,-0.015812869638358887,0.13101239737851123,0.55185425374613,-0.49887900285708586,0.9825030466935253,0.12653766928653454
20.0,5.018,-0.44978594993593723,-0.4965663434023989,-0.015571352560065865,0.13005034800457854,0.54903581416197,-0.4991733849620097,0.9827634165967968,0.12556440735797336
20.0,5.044,-0.4525884062103358,-0.4968367122402027,-0.015333843770499634,0.12909579887406852,0.5462260454760981,-0.49945083474690966,0.9830197451413081,0.12459851227805399
20.0,5.07,-0.45538213006222444,-0.4970903970917303,-0.015100258828026356,0.1281486353578221,0.5434250217426052,-0.4997115226027044,0.9832721107933101,0.12363987548939451
20.0,5.096,-0.4581670240222403,-0.4973275690611406,-0.014870517279539199,0.12720874454182707,0.5406328151858858,-0.4999556184321503,0.983520588685284,0.12268839984343469
20.0,5.122,-0.46094309212796547,-0.4975483324188215,-0.014644542022906423,0.12627603001189533,0.5378494900264904,-0.5001832858770785,0.9837652528319063,0.12174398595021488
20.0,5.148,-0.46371025066171256,-0.4977528668248725,-0.014422261330769574,0.1253504110402826,0.5350751298732759,-0.5003946902365471,0.9840061755604965,0.1208065321185364
20.0,5.174,-0.4664684200788547,-0.49794135399721295,-0.014203597729083516,0.12443176524855949,0.5323097718491104,-0.5005900070648945,0.9842434271585756,0.11987594478559047
20.0,5.2,-0.4692175196080111,-0.498113971916798,-0.01398848078733503,0.12352000076628868,0.5295534987002806,-0.5007693855319147,0.9844770764854877,0.1189521281454009
20.0,5.226,-0.47195747252810016,-0.49827090049545064,-0.013776840892127532,0.12261504153655177,0.5268063679059616,-0.5009329872599058,0.9847071906907583,0.11803498935600246
20.0,5.252,-0.4746882931588544,-0.4984122386695952,-0.013568610864783746,0.12171678401092882,0.5240684299232,-0.5010810031281294,0.9849338351213867,0.11712443854065745
20.0,5.278,-0.4774099074518482,-0.49853816287589625,-0.013363722197867415,0.12082514086496632,0.5213397443406558,-0.5012135635840338,0.9851570740639993,0.11622038365779888
20.0,5.304,-0.48012215823792725,-0.49864893511211394,-0.01316211192267633,0.1199400256985665,0.5186203758375408,-0.501330840038938,0.985376969822785,0.11532273737515346
20.0,5.33,-0.4828251477739345,-0.49874456242372744,-0.01296371470254598,0.11906134002359327,0.5159103607253653,-0.5014329949936788,0.9855935836866961,0.11443141196484587
20.0,5.356,-0.4855187210447639,-0.4988253039538515,-0.01276846593746414,0.11818900094383053,0.5132097485662358,-0.5015201869560489,0.9858069748852654,0.11354632442134731
20.0,5.382,-0.48820290090237844,-0.4988912519136215,-0.012576310491442394,0.11732292600932358,0.5105186079201017,-0.5015925764484079,0.9860172022797598,0.11266738795061053
20.0,5.408,-0.490877539851443,-0.4989426695429175,-0.012387184073454165,0.11646303521074364,0.5078369588645943,-0.5016503124010715,0.9862243224682236,0.11179452047696722
20.0,5.434,-0.493542662628008,-0.49897964542459344,-0.012201032362803529,0.11560923543942851,0.50516486401669,-0.5016935687446172,0.9864283911409002,0.1109276430655554
20.0,5.46,-0.4961982862102377,-0.4990022562415427,-0.012017796843915256,0.11476146256393702,0.5025023552367653,-0.5017224898811358,0.9866294627320799,0.11006667291682731
20.0,5.486,-0.4988442797568661,-0.49901077534338845,-0.011837423336683684,0.11391962646426464,0.4998494746951395,-0.5017372311017292,0.9868275904775633,0.10921153209835538
20.0,5.512,-0.501480580288034,-0.49900536878327284,-0.01165985809500184,0.11308365190297412,0.497206271890424,-0.5017379383506785,0.9870228260620038,0.10836214577079617
20.0,5.538,-0.5041073023854706,-0.49898602795770386,-0.01148504643391853,0.11225346508415389,0.49457276863781463,-0.5017247829748391,0.9872152205011722,0.10751843531964607
20.0,5.564,-0.5067242214630165,-0.49895310137924764,-0.011312939258623401,0.111428980003142,0.4919490147203018,-0.5016978951482386,0.9874048236130899,0.1066803252772338
20.0,5.59,-0.509331470632704,-0.49890659260360193,-0.01114348326260783,0.11061013851107013,0.489335029268864,-0.5016574446577602,0.9875916835102873,0.10584774501944973
20.0,5.616,-0.5119288958675479,-0.4988467420598953,-0.010976631927774202,0.10979684436840483,0.4867308475658843,-0.5016035832364542,0.9877758479958599,0.10502062020653215
20.0,5.642,-0.5145165439686266,-0.49877363651446965,-0.010812333885080442,0.10898904187706838,0.4841365067269828,-0.50153644768817,0.9879573633698745,0.10419887963455834
20.0,5.668,-0.5170942851129419,-0.4986875367894063,-0.010650546941710493,0.1081866627139912,0.48155203389882617,-0.5014561826932871,0.9881362750820263,0.10338245356882976
20.0,5.694,-0.5196622419659183,-0.49858842299198886,-0.010491220939766401,0.10738962809910993,0.4789774517943126,-0.5013629463491872,0.9883126275142847,0.10257127372697844
20.0,5.72,-0.5222202911551034,-0.498476557594547,-0.010334313511553296,0.1065978724624236,0.47641278183270125,-0.501256895849334,0.988486464232171,0.10176526982427672
20.0,5.746,-0.5247683755054842,-0.49835209130423996,-0.010179777511760663,0.10581133189521909,0.4738580540307766,-0.5011381453587761,0.9886578275546015,0.10096437825259272
20.0,5.772,-0.527306557986963,-0.49821511244395617,-0.010027572884852022,0.1050299307776646,0.4713132929439778,-0.5010068564308044,0.9888267590645062,0.10016853167804184
20.0,5.798,-0.5298348804791332,-0.49806568553343844,-0.009877657138140672,0.10425361947873268,0.46877851636835494,-0.5008631839279163,0.988993299472783,0.09937766600617967
20.0,5.824,-0.5323531269733999,-0.49790415297044543,-0.009729986981522333,0.10348231315991006,0.4662537335079611,-0.5007072563584478,0.9891574886374014,0.09859171690212859
20.0,5.85,-0.5348614382506738,-0.49773049385255597,-0.009584525119843864,0.10271596405681249,0.4637389774461013,-0.5005392106972352,0.9893193653382851,0.09781062326053527
20.0,5.876,-0.537359691173619,-0.4975449602274352,-0.009441229146760734,0.10195450195590042,0.4612342572696961,-0.5003591936796364,0.9894789680846932,0.09703432031644209
20.0,5.902,-0.539847945458411,-0.4973476239621761,-0.009300062801506883,0.10119785752242726,0.4587395844483779,-0.5001673373506387,0.9896363338682193,0.09626274998799762
20.0,5.928,-0.5423262449563019,-0.4971385387668012,-0.009160988400774988,0.10044599797022308,0.45625497653524005,-0.49996379824194725,0.9897914992531949,0.09549585227136495
20.0,5.954,-0.5447943883730939,-0.4969180540723548,-0.009023967172854025,0.09969883310248133,0.45378045508981446,-0.49974868516185916,0.9899445000929344,0.09473356696020518
20.0,5.98,-0.5472525243488983,-0.49668614139364214,-0.008888963536724834,0.09895632047070861,0.45131601282982103,-0.4995221631606874,0.9900953713178746,0.09397583711693461
20.0,6.006,-0.5497006244373889,-0.49644295564430313,-0.008755943935846177,0.09821839532938398,0.4488616746216703,-0.4992843453324022,0.9902441473250903,0.09322260388352761
20.0,6.032,-0.5521386565633665,-0.4961886466752723,-0.008624872031314354,0.09748499454459367,0.4464174295648897,-0.4990353755245234,0.9903908616702461,0.09247381343054709
20.0,6.058,-0.5545665110889749,-0.49592346746719096,-0.008495716816924837,0.09675608952661993,0.44398330736306263,-0.4987753904675798,0.9905355469315236,0.09172940997458319
20.0,6.084,-0.5569844144824566,-0.4956472730143894,-0.00836844029909059,0.09603158576017426,0.44155930237924496,-0.4985045052776372,0.9906782355276086,0.09098933934553238
20.0,6.11,-0.5593920956832269,-0.49536051674299597,-0.008243015314169131,0.09531146749749916,0.43914541987187083,-0.4982228649438476,0.9908189591289696,0.0902535454474412
20.0,6.136,-0.5617897860607987,-0.4950630522304028,-0.008119406129666875,0.09459565385102461,0.4367416663510392,-0.4979305810563841,0.9909577482141572,0.08952197894061975
20.0,6.162,-0.5641773799050418,-0.49475512813198186,-0.007997583827150196,0.09388409795307462,0.4343480415334369,-0.4976278102827646,0.9910946335651638,0.08879458343194019
20.0,6.188,-0.5665548605663452,-0.49443689638185107,-0.007877516728882601,0.09317675409691308,0.43196454520464017,-0.49731465690501464,0.9912296444040849,0.088071311002111
20.0,6.214,-0.5689221942895443,-0.4941084923102599,-0.007759177688140216,0.09247356638060522,0.4295911740327301,-0.4969912567966569,0.9913628096834233,0.08735211186422527
20.0,6.24,-0.5712794620158719,-0.49376997475963735,-0.007642533630656791,0.09177448062841731,0.42722793247511565,-0.4966577374288859,0.9914941581185454,0.08663693262478848
20.0,6.266,-0.5736266477513737,-0.4934214900804735,-0.007527559371197385,0.0910794537689379,0.4248748229801097,-0.49631420664778036,0.991623717655376,0.0859257249578234
20.0,6.292,-0.5759637312685381,-0.49306317935265165,-0.007414226122122805,0.09038843342537743,0.42253183107234865,-0.4959608052558621,0.9917515152970062,0.08521844385007918
20.0,6.318,-0.5782907806122933,-0.492695083121833,-0.007302506482817527,0.08970137867964435,0.4201989625736637,-0.4955976452379686,0.9918775779691518,0.08451503896051407
20.0,6.344,-0.5806077006695762,-0.49231744902607416,-0.0071923710536114654,0.08901821866935775,0.4178762100606228,-0.4952248582624048,0.9920019320002158,0.08381546329599114
20.0,6.37,-0.5829145639624513,-0.4919303175144296,-0.007083798222878621,0.08833893486618748,0.41556356821691826,-0.4948425434531222,0.9921246029375561,0.0831196714551714
20.0,6.396,-0.5852113592011129,-0.4915338298930072,-0.006976758848364933,0.08766346890184278,0.41326101957478323,-0.4944508380790276,0.9922456160414616,0.08242761792939353
20.0,6.422,-0.5874981630484318,-0.49112802523846905,-0.006871228946901537,0.08699176342663385,0.41096856704225626,-0.494049851096523,0.9923649959439015,0.08173925707632458
20.0,6.448,-0.5897748692315155,-0.49071313589372306,-0.006767184311690533,0.08632379252388972,0.40868620418524215,-0.49363969798802576,0.9924827670796609,0.08105454490186348
20.0,6.474,-0.5920414797905945,-0.49028930969793333,-0.0066646003227164565,0.08565950100540497,0.40641390666513233,-0.4932205076552845,0.9925989530342346,0.08037343726499736
20.0,6.5,-0.594298149542475,-0.4898564703411292,-0.00656345359702038,0.0849988448135195,0.4041516792765202,-0.49279237402859827,0.9927135770915445,0.07969589166918045
20.0,6.526,-0.5965447990231948,-0.48941486788651534,-0.006463720449271909,0.08434179073740615,0.4018994964464668,-0.49235542433458374,0.9928266620126746,0.07902186724645449
20.0,6.552,-0.5987814022264578,-0.48896462149889536,-0.0063653783345992134,0.08368827714122747,0.3996573577643296,-0.4919097637950568,0.9929382304532254,0.07835131956146427
20.0,6.578,-0.6010080547593758,-0.48850577383411287,-0.006268405150196319,0.08303828245269945,0.397425248990832,-0.49145549830277013,0.9930483040462791,0.07768420925962727
20.0,6.604,-0.6032246629710776,-0.4880385598497011,-0.006172778457042037,0.08239175691279847,0.395203142765782,-0.49099275245603646,0.9931569046647849,0.07702049345016654
20.0,6.63,-0.6054313837944775,-0.4875628936210419,-0.0060784776809451385,0.08174865192439251,0.39299104541501845,-0.4905216223458322,0.9932640530588438,0.07636013432011979
20.0,6.656,-0.6076281412730268,-0.4870790213186707,-0.0059854825947452525,0.08110893892818695,0.3907889238743196,-0.4900422252512513,0.9933697702030144,0.07570309226615846
20.0,6.682,-0.6098149257673328,-0.4865870675212587,-0.005893770545929529,0.0804725715859955,0.3885967617330258,-0.48955466384208524,0.9934740763602585,0.0750493275674504
20.0,6.708,-0.6119919061670555,-0.48608694893634763,-0.005803324188634116,0.07983951366312932,0.3864145550723796,-0.4890590389396295,0.9935769914105582,0.07439880215699833
20.0,6.734,-0.6141589135529272,-0.4855790081262538,-0.005714120265451807,0.07920972113236939,0.3842422823009114,-0.48855546417324497,0.993678534872024,0.07375147788116192
20.0,6.76,-0.6163160355768686,-0.48506326808169986,-0.00562614213890052,0.07858315979988109,0.3820799080915946,-0.48804403540862723,0.9937787261307396,0.07310731651824037
20.0,6.786,-0.618463354284295,-0.4845397447955725,-0.005539372073729385,0.07795979646899609,0.3799274357751691,-0.48752486248095067,0.9938775838456579,0.07246628322371616
20.0,6.812,-0.6206008614924159,-0.48400855560782624,-0.0054537879581469445,0.07733959020646389,0.3777848376458858,-0.48699803313569723,0.9939751264512074,0.07182834133785787
20.0,6.838,-0.6227284877936369,-0.48346994335796056,-0.005369373499787229,0.07672250084032822,0.37565209455623777,-0.48646366339959435,0.9940713723815335,0.07119345240290463
20.0,6.864,-0.6248463202794821,-0.4829239231548064,-0.005286110641315202,0.07610849828978757,0.3735291695591779,-0.4859218460000216,0.9941663391155855,0.07056158307123601
20.0,6.89,-0.6269544329545914,-0.48237049757398165,-0.005203981769170058,0.07549753583507485,0.3714160680292685,-0.4853726757507593,0.9942600441329601,0.06993269994450811
20.0,6.916,-0.6290527617433027,-0.4818099095862219,-0.005122971389845891,0.07488959401215375,0.36931273958370764,-0.4848162624742713,0.9943525046988899,0.06930676607125066
20.0,6.942,-0.6311413837821671,-0.4812421611306297,-0.005043059907475382,0.07428462841144097,0.36721918857854374,-0.48425268198230526,0.9944437376036029,0.06868374790550365
20.0,6.968,-0.6332203080033647,-0.48066737434082957,-0.00496423257732684,0.07368260419444385,0.36513536819465514,-0.48368204804747034,0.9945337594116918,0.06806361183799992
20.0,6.994,-0.6352895377097996,-0.4800856658260718,-0.004886472355408913,0.07308348776381401,0.36306126506208225,-0.48310444794827534,0.9946225861130215,0.06744632766141767
20.0,7.02,-0.6373490851225475,-0.4794971577304506,-0.004809765611290024,0.07248725474476606,0.36099686538124026,-0.48251996839947253,0.9947102339486281,0.06683185816449111
20.0,7.046,-0.6393990329904178,-0.4789018495472893,-0.004734093520498463,0.07189385694719558,0.3589421171520406,-0.4819287150631933,0.9947967182353936,0.06622017474865252
20.0,7.072,-0.6414393964012055,-0.47829986232397853,-0.004659443565865131,0.07130328033048956,0.3568970184409017,-0.4813307724335198,0.9948820545386776,0.06561124355716008
20.0,7.098,-0.6434701772673739,-0.47769130606228677,-0.004585798282376085,0.0707154707764875,0.354861529343072,-0.4807262265384441,0.9949662578608022,0.0650050341412971
20.0,7.124,-0.6454914622120193,-0.4770761781001039,-0.004513145657632839,0.07013041617842114,0.35283563039017013,-0.48011517304596285,0.9950493427625967,0.06440151598242791
20.0,7.15,-0.6475031117545903,-0.47645482984158233,-0.004441470571030482,0.06954807292354144,0.3508192935908521,-0.4794976958598847,0.9951313241627876,0.06380065680092353
20.0,7.176,-0.6495053668394435,-0.47582702118847414,-0.004370756820092649,0.06896841493191962,0.3488124947178533,-0.4788738837331372,0.9952122160861245,0.06320242770776009
20.0,7.202,-0.6514980761435188,-0.4751930928253805,-0.004300994498755964,0.06839141668700144,0.34681519287368207,-0.47824381976986896,0.9952920324658167,0.06260679977008987
20.0,7.228,-0.6534814220292636,-0.4745529319248753,-0.004232166930017395,0.06781703837565245,0.34482737127366414,-0.4776076022830072,0.9953707871378722,0.06201374226743985
20.0,7.254,-0.6554553317686701,-0.47390676054512654,-0.004164262296982844,0.06724525688905139,0.34284899289097576,-0.47696530138710064,0.9954484936295894,0.06142322791118088
20.0,7.28,-0.657419809501359,-0.47325468186498004,-0.004097265703477027,0.06667603481807416,0.3408800363532811,-0.4763170085403513,0.9955251653575978,0.0608352241378453
20.0,7.306,-0.6593750332163368,-0.47259657428668866,-0.004031166970379966,0.0661093511735203,0.33892046818145305,-0.47566279806477224,0.9956008150010375,0.06024970702378344
20.0,7.332,-0.6613208594913053,-0.4719327805241307,-0.003965952172140991,0.06554517851172267,0.33697025865235875,-0.4750027491368322,0.9956754557047195,0.0596666474076924
20.0,7.358,-0.6632574533764098,-0.4712631665605302,-0.0039016090389924164,0.06498347540575644,0.3350293772701973,-0.4743369570615068,0.9957490998380615,0.05908601604781135
20.0,7.384,-0.6651847567325617,-0.47058796017664145,-0.0038381250802910914,0.06442423185539176,0.33309778996775197,-0.47366549413606823,0.995821759937752,0.058507787167885024
20.0,7.41,-0.6671028543086526,-0.46990714125999,-0.003775489626868064,0.06386740881910571,0.3311754701967491,-0.4729884429459475,0.9958934478889417,0.057931934921247145
20.0,7.436,-0.669011772744488,-0.46922082127034864,-0.0037136908648430027,0.06331298355617472,0.32926237975816075,-0.4723058691020422,0.9959641758138152,0.05735842995600153
20.0,7.462,-0.6709115169154258,-0.4685290953235375,-0.0036527167848939496,0.06276092715486752,0.3273584955194509,-0.4716178593701804,0.9960339554519972,0.056787248099433196
20.0,7.488,-0.6728021005800093,-0.4678320638449244,-0.0035925567114390915,0.0622112119331731,0.3254637827522546,-0.47092448356404976,0.9961027981098446,0.05621836338030064
20.0,7.514,-0.6746836280113229,-0.46712971476516546,-0.003533200172966778,0.061663811487703085,0.3235782021597366,-0.47022582197020696,0.9961707154586799,0.05565174807483153
20.0,7.54,-0.676556025894249,-0.4664222599699551,-0.0034746347634569837,0.061118700797011906,0.32170172251984186,-0.46952194851271484,0.9962377183430836,0.05508737961625321
20.0,7.566,-0.6784194741771541,-0.4657095626922585,-0.0034168504611032107,0.06057585595510879,0.3198343206294713,-0.46881293092107224,0.9963038175208111,0.054525233661588304
20.0,7.592,-0.6802739095316777,-0.464991839619237,-0.003359838480464601,0.060035254222551085,0.31797594856777406,-0.468098853094678,0.9963690242113701,0.05396528237765636
20.0,7.618,-0.6821193513406065,-0.4642691895364931,-0.0033035873447763574,0.05949686048698144,0.31612658735020654,-0.4673797706174255,0.9964333485883616,0.053407503079566515
20.0,7.644,-0.6839558931895845,-0.4635415863638153,-0.003248086967008385,0.0589606616801214,0.31428618524934104,-0.46665576070352616,0.9964968011958862,0.05285187133262991
20.0,7.67,-0.6857834755794272,-0.4628092473253648,-0.0031933283822487683,0.05842662536195848,0.3124547257669433,-0.4659268994780316,0.9965593921880574,0.052298364399763965
20.0,7.696,-0.6876022667873102,-0.4620720200831201,-0.0031393015095160025,0.0578947341799086,0.3106321660457412,-0.465193241174664,0.9966211316051761,0.05174695602475071
20.0,7.722,-0.6894122172985808,-0.4613301265667287,-0.0030859974056029866,0.057364951989760146,0.3088184613542196,-0.4644548717058056,0.996682029287368,0.05119762689296982
20.0,7.748,-0.6912133358508533,-0.46058365320919753,-0.0030334063866202486,0.05683726423243929,0.307013588619776,-0.4637118386602529,0.9967420948245598,0.05065035242075128
20.0,7.774,-0.6930058006382906,-0.4598324497117916,-0.002981518616536025,0.05631165095604539,0.3052175145210542,-0.4629642266650491,0.9968013378538888,0.050105108003480524
20.0,7.8,-0.6947894773454439,-0.4590768534619021,-0.0029303267159701517,0.05578808052378196,0.30343019610243394,-0.462212087669583,0.9968597676859374,0.04956187422947295
20.0,7.826,-0.6965644577612827,-0.4583168288640771,-0.0028798225135868373,0.05526654227337032,0.30165160095645677,-0.4614554890888601,0.9969173936031634,0.049020626430846044
20.0,7.852,-0.6983308501675739,-0.45755234948154666,-0.002829995394262713,0.0547469951133943,0.29988169310955465,-0.46069449246120536,0.9969742245679407,0.048481345134404524
20.0,7.878,-0.700088579779842,-0.4567836160382254,-0.0027808375765575235,0.05422943132822415,0.29812043196503035,-0.4599291692891083,0.9970302694259014,0.04794400735166997
20.0,7.904,-0.7018377566158371,-0.45601060113708997,-0.0027323414037872173,0.05371382559740268,0.2963677860780297,-0.45915956946921993,0.9970855369930312,0.04740859181592172
20.0,7.93,-0.7035784036814886,-0.45523339349524083,-0.0026844993770067473,0.05320015429107494,0.29462372279319926,-0.45838575822657607,0.997140035912986,0.04687507723154057
20.0,7.956,-0.7053105287345443,-0.45445207117569314,-0.0026373013909481626,0.052688395583888374,0.29288818663952537,-0.45760779991461553,0.9971937745426356,0.04634344226927039
20.0,7.982,-0.707034156639365,-0.4536667225628573,-0.0025907421478205666,0.052178529056907376,0.2911611609169819,-0.4568257483543871,0.9972467612168553,0.045813667323460754
20.0,8.008,-0.7087493922818695,-0.4528773121376501,-0.002544812813228202,0.051670536093569766,0.2894425935557123,-0.45603967201389517,0.9972990040671598,0.04528573101562506
20.0,8.034,-0.710456324607846,-0.45208379256955533,-0.0024995062587207096,0.05116439368721954,0.2877324610577529,-0.4552496132819413,0.9973505113204469,0.04475961369688262
20.0,8.06,-0.7121548311154586,-0.4512865036778091,-0.0024548146241052744,0.050660080676218744,0.28603071938612945,-0.45445563452399346,0.9974012906922235,0.04423529567671635
20.0,8.086,-0.7138450026694005,-0.4504853980715733,-0.002410731106726666,0.05015757762960866,0.2843373278303887,-0.45365780270630535,0.9974513499610002,0.04371275724959594
20.0,8.112,-0.7155269386076669,-0.4496804322073285,-0.0023672490455087956,0.04965686686595251,0.2826522484501096,-0.45285615342000407,0.9975006969291931,0.0431919769489835
20.0,8.138,-0.7172005818833714,-0.4488718115336458,-0.0023243605226360804,0.04915792114844324,0.2809754438794917,-0.45205075781951526,0.9975493388913136,0.042672938501536126
20.0,8.164,-0.7188661197520051,-0.4480593712359121,-0.002282059200123786,0.048660726556551466,0.27930688276516474,-0.45124166104177593,0.9975972834338196,0.04215562039695592
20.0,8.19,-0.7205234021387358,-0.447243431519521,-0.002240339190287844,0.048165259707818785,0.2776465148635954,-0.450428912395496,0.9976445377139539,0.04164000457837542
20.0,8.216,-0.7221726257204927,-0.44642383116481005,-0.002199192486731432,0.047671504921884295,0.2759943107090334,-0.44961257655314696,0.9976911089571544,0.041126072975613416
20.0,8.242,-0.7238137898080539,-0.4456006333803327,-0.0021586137562377844,0.04717944823796016,0.274350224904801,-0.44879269179755066,0.9977370041127602,0.04061380749106756
20.0,8.268,-0.7254468584465107,-0.4447740535050287,-0.0021185967843388906,0.04668905600638866,0.27271422485636326,-0.4479693166785641,0.9977822303388502,0.04010318653145089
20.0,8.294,-0.7270719270869533,-0.4439440386004543,-0.0020791342966980115,0.046200323964719923,0.2710862685493587,-0.4471424937920205,0.9978267941195208,0.039594195437913156
20.0,8.32,-0.7286890056172725,-0.4431106564959461,-0.0020402214383776615,0.04571322817296085,0.26946632034460644,-0.4463122756180353,0.9978707022665905,0.03908681606150278
20.0,8.346,-0.7302982154108576,-0.4422738677872553,-0.0020018518736465104,0.045227747155176544,0.2678543415418798,-0.445478709043034,0.9979139614990404,0.038581028490369186
20.0,8.372,-0.7318994819871484,-0.44143386172324117,-0.001964019652436381,0.04474386694016217,0.26625028577962173,-0.4446418451774811,0.9979565780581393,0.03807681801254946
20.0,8.398,-0.7334929196034696,-0.44059059281524793,-0.001926718517028832,0.04426156546090979,0.2646541115544912,-0.44380172487280145,0.9979985585739249,0.03757416468414091
20.0,8.424,-0.7350786174051753,-0.43974399900882144,-0.0018899441197789816,0.04378082812954313,0.2630657913272715,-0.4429583942129548,0.9980399092045034,0.03707305376218688
20.0,8.45,-0.7366564517415684,-0.43889441281595587,-0.0018536899197388412,0.043301642706485184,0.2614852713710243,-0.4421119075441572,0.9980806360323699,0.03657346525464519
20.0,8.476,-0.738226606740172,-0.4380416533366765,-0.0018179509496384142,0.04282397934306713,0.25991252300388246,-0.44126229027954555,0.9981207452483156,0.03607538439313869
20.0,8.502,-0.7397890879529024,-0.43718578037879713,-0.0017827217127041005,0.04234783080991468,0.2583475065139363,-0.4404096015355853,0.9981602427764885,0.03557879638648756
20.0,8.528,-0.7413438509336442,-0.4363269980934762,-0.0017479971631096966,0.04187318233733488,0.2567901810150518,-0.43955388017782715,0.9981991344582501,0.03508368119488333
20.0,8.554,-0.7428910806078001,-0.4354651224967115,-0.0017137723040037945,0.041400002592917075,0.25524049520701386,-0.4386951641196465,0.9982374261368917,0.0345900239990591
20.0,8.58,-0.7444307081834626,-0.43460034197626596,-0.0016800420090174338,0.0409282919376366,0.25369842214811555,-0.4378334971206047,0.998275123529619,0.03409780821866338
20.0,8.606,-0.7459627674741909,-0.4337327306553328,-0.0016468015308362049,0.04045802473738318,0.25216391381744463,-0.43696892136096466,0.9983122321061312,0.03360701899722409
20.0,8.632,-0.7474873599813742,-0.4328622269611527,-0.0016140457344325794,0.039989183260998006,0.25063693477493654,-0.4361014648000068,0.9983487574500619,0.033117639726105715
20.0,8.658,-0.7490045032463835,-0.43198889379892913,-0.0015817696192573453,0.039521752781081936,0.24911743845712234,-0.4352311882900196,0.9983847049910868,0.032629653779864834
20.0,8.684,-0.7505142992863559,-0.43111266787662983,-0.0015499696753406506,0.039055721471475346,0.24760539161680686,-0.434358104724226,0.99842007998488,0.032143048004789745
20.0,8.71,-0.752016699981832,-0.4302337471414986,-0.0015186407513351455,0.038591071583780424,0.24610074518211955,-0.433482269129213,0.9984548877198187,0.03165780574845692
20.0,8.736,-0.7535117334141153,-0.429352198860599,-0.001487778332205804,0.03812778423716567,0.24460346726887994,-0.4326037131438416,0.9984891333339759,0.03117391208709319
20.0,8.762,-0.7549994857088937,-0.4284679484401153,-0.0014573775294902923,0.03766584835705135,0.2431135157834238,-0.4317224674593417,0.9985228219075892,0.03069135208446541
20.0,8.788,-0.7564800690064539,-0.42758093487603094,-0.0014274352008496222,0.03720524740141984,0.24163084414868172,-0.4308385716636331,0.9985559584402509,0.03021011079137605
20.0,8.814,-0.7579533459356367,-0.4266914779987551,-0.0013979468107273823,0.03674596419454594,0.24015541353933267,-0.42995206073247544,0.9985885478799837,0.029730171502357353
20.0,8.84,-0.7594194956137545,-0.42579937917921235,-0.0013689077862338694,0.036287981078278846,0.23868717982040608,-0.42906295944879635,0.9986205949955003,0.029251522729733203
20.0,8.866,-0.7608785569783196,-0.424904708003268,-0.0013403146136988149,0.03583129246540235,0.23722611010274894,-0.42817131208593817,0.9986521045365331,0.02877414948669036
20.0,8.892,-0.7623305257694378,-0.42400750938261705,-0.0013121629320559268,0.03537587169391928,0.2357721606914202,-0.4272771428521998,0.9986830812567419,0.02829803503237805
20.0,8.918,-0.7637754596278431,-0.4231078622645281,-0.0012844492481932823,0.034921716758576714,0.23432528346781178,-0.4263804847343973,0.9987135296810088,0.02782316784317008
20.0,8.944,-0.7652134290237718,-0.4222056776596462,-0.0012571697133807156,0.03446880129228142,0.23288544073591308,-0.425481371195249,0.9987434543796978,0.027349532898639676
20.0,8.97,-0.766644401206891,-0.4213011573725509,-0.0012303199619577761,0.03401711946611918,0.231452589656567,-0.4245798256265821,0.9987728598207232,0.026877115166341954
20.0,8.996,-0.7680684737848987,-0.4203942261434248,-0.0012038973867182843,0.03356664996261935,0.2300266930049348,-0.42367588096777464,0.9988017503465351,0.026405903090397313
20.0,9.022,-0.7694856621892338,-0.41948493699501344,-0.0011778980875146495,0.03311738784997723,0.22860770847792963,-0.4227695601360439,0.9988301303398297,0.02593587987387654
20.0,9.048,-0.7708960000620645,-0.4185733524352522,-0.0011523180215917653,0.032669309787366686,0.2271955819782869,-0.4218608986355447,0.9988580039462556,0.02546703568285808
20.0,9.074,-0.7722995856358327,-0.41765939513233163,-0.001127154081206395,0.032222405168101265,0.2257902891735022,-0.4209499157723941,0.9988853753963481,0.024999355443874376
20.0,9.1,-0.7736963715499382,-0.41674325664986894,-0.0011024036346749242,0.03177666454267212,0.22439177394561047,-0.42003664164385957,0.9989122488419652,0.024532824073077077
20.0,9.126,-0.7750865203980087,-0.4158247187041711,-0.0010780624793714142,0.03133206902136259,0.2230000025621218,-0.41912109428705036,0.9989386282724341,0.024067429963410276
20.0,9.152,-0.7764699945697854,-0.41490397702873216,-0.0010541270677347635,0.030888605366820872,0.2216149320428505,-0.4182033090165824,0.9989645176512064,0.023603161499322903
20.0,9.178,-0.7778468209625256,-0.41398108755539464,-0.001030595401604637,0.030446262353433996,0.22023650697694047,-0.4172832967637705,0.9989899209162452,0.02314000356786318
20.0,9.204,-0.7792170811230451,-0.4130559605019235,-0.001007464184987551,0.030005027556658917,0.2188647021694325,-0.4163610894353489,0.999014841917264,0.02267794453531007
20.0,9.23,-0.7805808203383122,-0.41212866022908906,-0.0009847293195711067,0.029564884326243712,0.217499472708248,-0.4154366986143507,0.9990392844755198,0.022216969270740735
20.0,9.256,-0.7819381292718774,-0.4111991001337858,-0.0009623894638575516,0.02912582574056639,0.21614076462089188,-0.4145101528877568,0.9990632522400742,0.02175706961005592
20.0,9.282,-0.7832888835454869,-0.41026760263707224,-0.0009404400524219306,0.028687831287414655,0.2147885388056828,-0.41358147298938097,0.9990867489464964,0.02129822866129728
20.0,9.308,-0.784633326748185,-0.4093338118706321,-0.0009188792219826587,0.02825089084692288,0.2134427612091604,-0.41265067101487357,0.9991097781501185,0.020840436499555873
20.0,9.334,-0.785971344596645,-0.40839805483710334,-0.0008977043727716423,0.027814994802073684,0.21210337651896627,-0.4117177701433439,0.9991323434085256,0.020383681448559184
20.0,9.36,-0.7873031090498005,-0.40746011055885223,-0.0008769120169665405,0.0273801280947412,0.2107703442536739,-0.4107827858976342,0.9991544482549396,0.019927948335579152
20.0,9.386,-0.7886285602144609,-0.4065201595579753,-0.0008565004988151253,0.0269462803097545,0.20944362670282868,-0.40984573841107996,0.999176096077968,0.019473227211871107
20.0,9.412,-0.7899477372688434,-0.40557825929736624,-0.0008364662172256193,0.026513433668357227,0.20812317212762044,-0.4089066371784949,0.9991972902549066,0.01901950637741947
20.0,9.438,-0.7912608120500166,-0.4046341861240337,-0.0008168070783602852,0.026081582035070005,0.20680894359511715,-0.40796550206945603,0.9992180341248696,0.018566772380453365
20.0,9.464,-0.7925677259140956,-0.4036881200383151,-0.0007975203713828247,0.025650709870987647,0.2055008902636351,-0.40702234234171786,0.9992383309361204,0.018115015250286342
20.0,9.49,-0.7938685097825624,-0.4027401125497517,-0.0007786041494594458,0.02522080803064468,0.2041989736180812,-0.40607717294170464,0.99925818391986,0.01766422152059332
20.0,9.516,-0.7951632559996861,-0.40179007154812296,-0.0007600555027420294,0.024791862442025088,0.20290313667838597,-0.405130006480406,0.9992775962233237,0.017214380334302674
20.0,9.542,-0.7964520068475702,-0.4008380530131012,-0.0007418720805743986,0.02436386070614609,0.2016133559219534,-0.40418085062108455,0.9992965709655209,0.01676548047898111
20.0,9.568,-0.7977347729775521,-0.39988409654857787,-0.0007240523667601883,0.023936789853521222,0.20032956823641893,-0.403229721321915,0.9993151111790248,0.016317510385958734
20.0,9.594,-0.7990116542889855,-0.39892811183889376,-0.0007065932935041833,0.02351064258919366,0.19905173925271336,-0.40227662038499146,0.999333219890245,0.015870458829651442
20.0,9.62,-0.8002826096771313,-0.39797028591121514,-0.0006894927804123526,0.023085404161723652,0.19777981625567662,-0.4013215646907083,0.999350900039035,0.015424314228513111
20.0,9.646,-0.8015478014528671,-0.39701038405221023,-0.0006727492343625819,0.0226610668913096,0.1965137565090799,-0.40036455483651706,0.999368154545472,0.01497906551854953
20.0,9.672,-0.8028071891316079,-0.39604859270148735,-0.0006563601725037474,0.02223761248617837,0.19525351306235933,-0.39940559949097343,0.9993849862586645,0.014534701803719133
20.0,9.698,-0.804060867509728,-0.395084816494658,-0.0006403237143487772,0.021815036522453337,0.19399904419963818,-0.39844469928619336,0.9994013979851588,0.014091212007584304
20.0,9.724,-0.8053087935122635,-0.3941192401221879,-0.0006246377708571108,0.0213933235021772,0.19275029483167042,-0.39748186165516297,0.9994173924838768,0.013648585222276402
20.0,9.75,-0.8065511318936437,-0.3931516271097665,-0.0006093000978210575,0.020972463445536285,0.19150722654724728,-0.39651709181364936,0.9994329724780967,0.01320681070877775
20.0,9.776,-0.8077879095338394,-0.39218202103982863,-0.0005943095734235979,0.020552447726652132,0.19026978099317718,-0.39555038799354164,0.999448140625861,0.01276587754771005
20.0,9.802,-0.8090190844721162,-0.39121060606723435,-0.0005796633881296654,0.020133263262468046,0.18903792556854151,-0.3945817476156096,0.9994628995592473,0.012325775163370543
20.0,9.828,-0.8102447520072478,-0.39023728419881504,-0.0005653606803891613,0.01971489643865359,0.18781159844955042,-0.3936111768552395,0.9994772518412693,0.01188649314883029
20.0,9.854,-0.8114650080522214,-0.389261956855316,-0.000551399112925413,0.01929734136094252,0.18659076596609586,-0.39263866874206516,0.9994912000298668,0.011448020743434236
20.0,9.88,-0.8126798776242522,-0.3882846649248868,-0.0005377768396260835,0.018880585293360026,0.18537536757162276,-0.3916642294738696,0.9995047465889848,0.011010347529709683
20.0,9.906,-0.8138893898291201,-0.38730545091399976,-0.0005244926396209158,0.01846461952922992,0.1841653575499758,-0.39068784200279993,0.9995178939814725,0.010573463434573634
20.0,9.932,-0.815093570379185,-0.386324355365068,-0.0005115447938448941,0.01804942830283424,0.1829606835939618,-0.3897095094124296,0.9995306445982179,0.01013735785629002
20.0,9.958,-0.816292515396407,-0.3853412775129824,-0.0004989315204003789,0.017635007774846397,0.18176130343864885,-0.3887292194767832,0.9995430008044565,0.009702020711895595
20.0,9.984,-0.8174862507583646,-0.384356256926335,-0.000486651119765998,0.017221342992649904,0.18056716191178074,-0.38774696652115886,0.9995549649343308,0.009267441913815424
20.0,10.01,-0.8186748733519473,-0.38336919188730795,-0.0004747025426943382,0.01680842500707883,0.17937820460077794,-0.3867627449568554,0.9995665392464729,0.008833611195077824
20.0,10.036,-0.8198583415263434,-0.3823802636493267,-0.00046308378417768853,0.01639624330978913,0.1781943959958146,-0.3857765355149975,0.9995777259868771,0.008400518807899974
20.0,10.062,-0.8210368181149108,-0.38138922599164266,-0.0004517937666100912,0.015984786888421216,0.17701565885201193,-0.3847883334229769,0.9995885273510265,0.007968154651072076
20.0,10.088,-0.8222102638341908,-0.38039626050304104,-0.00044083103910823123,0.0155740491577907,0.17584196792376275,-0.38379812120848467,0.9995989455009596,0.007536508968089902
20.0,10.114,-0.8233787728519092,-0.37940126200831914,-0.0004301943126936183,0.015164016734201015,0.17467325029764297,-0.3828058824963868,0.9996089825583023,0.00710557182377281
20.0,10.14,-0.824542374814682,-0.37840426912799885,-0.0004198819168647581,0.014754680799419898,0.17350945813564783,-0.3818116007498816,0.9996186405901186,0.006675333453210473
20.0,10.166,-0.8257011627135742,-0.3774051748884758,-0.0004098928438387257,0.01434603063322593,0.1723505423828741,-0.38081525533837746,0.9996279216553844,0.006245784262182575
20.0,10.192,-0.8268552310530516,-0.37640387221094673,-0.000400225908887153,0.013938058391903152,0.17119644817017288,-0.37981682896043933,0.999636827737388,0.005816914652319046
20.0,10.218,-0.8280044783458704,-0.3754006870166592,-0.00039087962728338003,0.013530752794648576,0.17004711097979847,-0.37881629882584944,0.9996453608368017,0.005388714847296123
20.0,10.244,-0.8291491286819244,-0.3743952217896737,-0.00038185300436182284,0.013124103647177341,0.1689024824749107,-0.377813640882371,0.9996535228413088,0.004961175590063655
20.0,10.27,-0.8302891474928743,-0.373387657826628,-0.0003731447042568212,0.012718103553917972,0.16776250472825044,-0.3768088257333366,0.9996613156795614,0.004534287445892735
20.0,10.296,-0.8314245623929635,-0.3723780302150298,-0.00036475392535165603,0.012312740254313517,0.16662711427098933,-0.375801827312694,0.9996687411942676,0.004108040801770616
20.0,10.322,-0.8325555337967327,-0.37136608454465975,-0.00035667916711427445,0.011908006641101683,0.1654962637031851,-0.37479261844221745,0.9996758012083601,0.0036824265647463017
20.0,10.348,-0.8336820917326846,-0.37035185566328604,-0.0003489197788194703,0.011503891538471995,0.16436987936540293,-0.3737811638043204,0.9996824975065578,0.0032574351150528383
20.0,10.374,-0.834804265568667,-0.36933537782223,-0.0003414743358232613,0.011100386625513589,0.163247910289144,-0.372767424249858,0.9996888318418627,0.0028330577020437378
20.0,10.4,-0.8359220859281824,-0.3683166855287816,-0.00033434215272018985,0.01069748133735609,0.16213029541763554,-0.37175137118925666,0.9996948059301592,0.0024092846994631166
20.0,10.426,-0.8370357119415142,-0.3672955209354236,-0.00032752232358056557,0.010295168064917133,0.161016962766872,-0.3707329664623289,0.9997004214564614,0.0019861073503396483
20.0,10.452,-0.8381451107897735,-0.36627206374338905,-0.00032101354249759484,0.009893437265925986,0.15990786564512363,-0.3697121569832204,0.9997056800791292,0.0015635162839837426
20.0,10.478,-0.8392504399729892,-0.36524605398093213,-0.000314815355079375,0.009492278708373263,0.15880292166008447,-0.36868891139933535,0.9997105833928055,0.0011415026501327718
20.0,10.504,-0.8403516690044988,-0.364217671653603,-0.000308926560690312,0.009091683989576159,0.1577020783224638,-0.3676631764866099,0.9997151329876068,0.0007200574386584164
20.0,10.53,-0.8414489556716794,-0.36318665551550733,-0.00030334649543410706,0.008691643589078717,0.15660526152539456,-0.3666348996226451,0.9997193304257492,0.0002991717238488098
20.0,10.556,-0.8425422698879982,-0.36215318502619787,-0.00029807426329501356,0.008292148921429043,0.15551240044503206,-0.36560403311116946,0.9997231772072452,-0.00012116337565349117
20.0,10.582,-0.8436317697181721,-0.3611169976692543,-0.0002931090569501055,0.007893192015462715,0.15442343663936792,-0.36457052034726506,0.9997266748160917,-0.0005409566880159518
20.0,10.608,-0.8447174892839192,-0.36007812534146877,-0.00028845029976699854,0.007494762760519395,0.15333828055646478,-0.363534299577258,0.9997298247204,-0.000960217023074301
20.0,10.634,-0.8457995227379347,-0.35903645089515474,-0.0002840970128076637,0.00709685197738804,0.15225688134796184,-0.3624953090659931,0.9997326283380509,-0.0013789531024525352
20.0,10.66,-0.8468779061692719,-0.35799200612683485,-0.0002800487600799251,0.006699451402292935,0.1511791446418579,-0.36145348729396726,0.9997350870482646,-0.0017971736554407095
20.0,10.686,-0.8479527353289401,-0.3569446734108503,-0.0002763046250630063,0.006302552953069562,0.1501050094331341,-0.3604087604228457,0.9997372022266388,-0.0022148872043678265
20.0,10.712,-0.8490241074651952,-0.35589433501219253,-0.00027286419109029804,0.005906147046984835,0.1490343860226078,-0.3593610537741286,0.9997389751865151,-0.0026321026576933883
20.0,10.738,-0.8500921203503468,-0.35484087267023334,-0.0002697266648811225,0.0055102259925922485,0.14796720259727714,-0.3583102967791016,0.9997404072273985,-0.003048828280542394
20.0,10.764,-0.85115680955295,-0.35378431574432917,-0.00026689156349610243,0.005114779959860431,0.14690337891362013,-0.3572563952801519,0.9997414996207817,-0.003465072863694147
20.0,10.79,-0.8522182128798323,-0.35272469421602926,-0.00026435827707167086,0.004719800999493269,0.1458428168987623,-0.35619927899744724,0.9997422536016473,-0.0038808446765543005
20.0,10.816,-0.8532765505868427,-0.3516615902809955,-0.00026212622382968797,0.0043252805431616805,0.14478544780789437,-0.3551388389227768,0.9997426703888666,-0.004296152339609764
20.0,10.842,-0.8543318001420886,-0.3505951817818539,-0.00026019496211874545,0.003931210207990916,0.14373117275930877,-0.35407499504515366,0.9997427511409372,-0.004711004300714732
20.0,10.868,-0.8553841230519414,-0.349525199212205,-0.00025856398429676883,0.0035375813488223227,0.14267990376499473,-0.3530076366410196,0.9997424970369544,-0.0051254088353745115
20.0,10.894,-0.8564335569877495,-0.3484516699401458,-0.0002572327887229657,0.0031443856663069605,0.141631544506212,-0.35193666365753984,0.9997419091599726,-0.005539374395122476
20.0,10.92,-0.8574802044667228,-0.3473744730731001,-0.0002562009149595305,0.002751614819838616,0.140586000727646,-0.3508619589275475,0.9997409886379174,-0.005952909084679491
20.0,10.946,-0.8585242279776275,-0.3462933369250749,-0.0002554680034362231,0.0023592603022453288,0.1395431729838014,-0.34978340547928755,0.9997397365121753,-0.006366021533673833
20.0,10.972,-0.8595656692648314,-0.3452082885751814,-0.0002550336301267778,0.001967314259462269,0.13850295967917398,-0.3487008760813041,0.9997381538369081,-0.006778719675676922
20.0,10.998,-0.8606046304094471,-0.3441192046734571,-0.0002548974363524642,0.0015757681764243287,0.13746525275291074,-0.3476142398523465,0.9997362415899161,-0.0071910121435404505
20.0,11.024,-0.8616412778339876,-0.3430258125084417,-0.0002550590614239114,0.001184613774068882,0.13642994997861252,-0.34652335755696917,0.9997340007752528,-0.00760290669956152
20.0,11.05,-0.8626757140647259,-0.34192798705589256,-0.0002555182229822674,0.0007938429830424286,0.13539692774481646,-0.345428083344853,0.9997314323332942,-0.008014411630775334
20.0,11.076,-0.8637079866141786,-0.34082575504265267,-0.00025627446084495667,0.00040344764389033615,0.1343660747119378,-0.3443282609622975,0.9997285372031227,-0.008425535051366532
20.0,11.102,-0.8647383211582684,-0.33971869015798833,-0.00025732767334759585,1.3419635499941426e-05,0.13333726623275977,-0.34322372944507923,0.9997253162622827,-0.00883628525112636
20.0,11.128,-0.8657667670265863,-0.3386068181565802,-0.00025867752287988307,-0.0003762491139230028,0.13231038262649966,-0.34211431623282657,0.9997217703888419,-0.009246670172404343
20.0,11.154,-0.8667934906411977,-0.3374898615593918,-0.0002603237750635271,-0.0007655666723976455,0.13128529432426972,-0.34099983421448926,0.9997179004225513,-0.009656697933226
20.0,11.18,-0.8678185457161594,-0.33636784643014456,-0.0002622661151774605,-0.0011545411675116227,0.13026185931976866,-0.3398800920954956,0.9997137071795373,-0.0100663764783631
20.0,11.206,-0.8688422203026024,-0.33524019195989013,-0.00026450460647883594,-0.001543180236502861,0.12923994127113242,-0.33875488768540474,0.9997091914623688,-0.010475713753887504
20.0,11.232,-0.8698645683341969,-0.3341069222241635,-0.00026703883899246436,-0.0019314922041557274,0.12821939631117707,-0.3376240088127994,0.9997043540121451,-0.010884717881122741
20.0,11.258,-0.8708857632602255,-0.33296775813322255,-0.00026986872901511833,-0.0023194848962121315,0.127200067517252,-0.33648721804672016,0.9996991955811638,-0.011293396808336244
20.0,11.284,-0.8719059792320987,-0.33182241959813247,-0.0002729941790147075,-0.0027071663205977758,0.12618180294977152,-0.33534428186654097,0.9996937168757561,-0.011701758310088893
20.0,11.31,-0.8729253353902073,-0.3306707786320323,-0.0002764150186337906,-0.0030945441368948833,0.12516443101407618,-0.33419494045832543,0.999687918586968,-0.012109810336516697
20.0,11.336,-0.8739440108907558,-0.32951255476704977,-0.00028013115269397425,-0.0034816259863358024,0.12414778138781307,-0.33303892686486797,0.9996818013578853,-0.012517560838388451
20.0,11.362,-0.8749622418801892,-0.328347313385603,-0.0002841424973151509,-0.003868420293330505,0.12313167952682176,-0.3318759519682949,0.9996753658296936,-0.01292501776760288
20.0,11.388,-0.8759802102822474,-0.32717477210292994,-0.0002884490675196317,-0.0042549346143106,0.12211593412696455,-0.3307057054861263,0.9996686126095006,-0.013332188902248994
20.0,11.414,-0.8769981017156939,-0.32599464855172855,-0.0002930508373891578,-0.0046411765365072695,0.12110034337786932,-0.32952787158871916,0.9996615422707132,-0.013739081846537994
20.0,11.44,-0.8780161014538306,-0.3248066588458153,-0.000297947671652345,-0.005027154389585833,0.12008469996039528,-0.3283421059886144,0.999654155389575,-0.01414570472927789
20.0,11.466,-0.879034399463253,-0.32361051942841884,-0.00030313968305931675,-0.005412875126294514,0.1190687986665293,-0.3271480383396701,0.9996464524762583,-0.014552065330345266
20.0,11.492,-0.8800533009253889,-0.3224056390830376,-0.00030862683918139413,-0.005798346626570563,0.11805240128601643,-0.32594528159294783,0.9996384340446469,-0.014958171081588045
20.0,11.518,-0.8810730569513453,-0.3211915788142728,-0.0003144092411813761,-0.006183577148262573,0.11703528004751314,-0.32473342547423073,0.9996301005739591,-0.015364030113293565
20.0,11.544,-0.8820938646009131,-0.31996805232008213,-0.0003204869115075132,-0.006568573791023145,0.1160171689697752,-0.32351202538324303,0.9996214525151054,-0.015769650032660374
20.0,11.57,-0.8831159832600505,-0.3187346200417668,-0.0003268598462598266,-0.006953345297574855,0.11499781256724353,-0.32228061129320407,0.9996124903034953,-0.016175038621981438
20.0,11.596,-0.8841397274624258,-0.3174906860049589,-0.00033352832405600955,-0.007337897568006493,0.11397693288197612,-0.3210386838218224,0.9996032143443658,-0.016580203314837838
20.0,11.622,-0.8851653645387616,-0.31623580914761745,-0.00034049230263395004,-0.007722239105368945,0.1129542266618394,-0.319785703958557,0.9995936250187347,-0.016985152243206098
20.0,11.648,-0.8861932724683792,-0.3149692372000472,-0.0003477518963917044,-0.008106378060303714,0.11192938717757656,-0.31852109922385874,0.999583722683269,-0.017389892841316344
20.0,11.674,-0.8872237794893442,-0.31369037155451573,-0.0003553074953674382,-0.008490321634922752,0.11090209010032258,-0.3172442576859834,0.9995735076499738,-0.017794433066824034
20.0,11.7,-0.8882571096295204,-0.312398922732312,-0.00036315903066321735,-0.008874076924864988,0.10987198538803114,-0.315954520145591,0.9995629802661206,-0.018198779482526278
20.0,11.726,-0.8892938203392663,-0.3110936707646399,-0.00037130671495843714,-0.009257652287727727,0.10883869204899009,-0.314651179769051,0.9995521407848671,-0.0186029412678466
20.0,11.752,-0.8903341988235204,-0.30977416825307696,-0.00037975094240703337,-0.009641054981853052,0.10780183514716465,-0.3133334794070146,0.9995409894230112,-0.019006926903994113
20.0,11.778,-0.8913786496731766,-0.3084396575501928,-0.00038849173620842043,-0.010024291792796312,0.1067609836726886,-0.3120006069242408,0.9995295265195476,-0.019410739639523812
20.0,11.804,-0.8924276914822257,-0.3070890684372643,-0.00039752938061810944,-0.01040737161876841,0.1057156964568066,-0.31065168197296683,0.9995177521544517,-0.019814393189478453
20.0,11.83,-0.8934817932945756,-0.3057214836064156,-0.0004068640270217547,-0.01079030036921807,0.1046655022290009,-0.3092857656418721,0.9995056666438258,-0.020217889057751296
20.0,11.856,-0.894541431883411,-0.30433598433827835,-0.0004164964096127159,-0.011173088047954777,0.10360989761317284,-0.30790183235348473,0.9994932700506499,-0.020621239214656358
20.0,11.882,-0.895607146588586,-0.30293149469046327,-0.0004264262940576171,-0.011555739798946594,0.10254834672613909,-0.3064987816073591,0.999480562528445,-0.021024450397109984
20.0,11.908,-0.8966795359168885,-0.3015067796442967,-0.00043665423899268065,-0.011938264407464672,0.10148027032641958,-0.30507541793315573,0.9994675441966349,-0.021427529341640095
20.0,11.934,-0.897759261299433,-0.3000604456590916,-0.0004471803679022094,-0.012320667350693964,0.10040504909847185,-0.3036304542783525,0.9994542151369755,-0.021830484529448753
20.0,11.96,-0.8988469393440643,-0.29859125249201085,-0.0004580054402331061,-0.012702959095458103,0.09932202201437143,-0.30216248252085653,0.9994405754331358,-0.022233322696820917
20.0,11.986,-0.8999433544591738,-0.29709748692804056,-0.00046912959535674214,-0.013085145750328677,0.09823048274324772,-0.30066997286562436,0.9994266250837025,-0.022636052323569262
20.0,12.012,-0.9010491957116853,-0.29557774550372107,-0.00048055293630028506,-0.013467234908372054,0.09712966045952656,-0.29915125974563245,0.9994123641366282,-0.02303868014553747
20.0,12.038,-0.902165374356621,-0.2940299936603086,-0.0004922762544426387,-0.013849234320494504,0.09601874215921055,-0.2976045645535319,0.9993977925828017,-0.023441212897405687
20.0,12.064,-0.9032927587277062,-0.29245234826134575,-0.0005042999885637608,-0.014231149851281618,0.0948968326908302,-0.2960278614053726,0.9993829103533689,-0.023843660803002348
20.0,12.09,-0.9044323315995653,-0.2908426058207874,-0.0005166241843188128,-0.014612990759023427,0.09376296861282044,-0.29441895946046887,0.9993677173899379,-0.024246030595950957
20.0,12.116,-0.9055850942618261,-0.28919855866435906,-0.0005292495342886576,-0.014994764539113987,0.0926161308274257,-0.2927755462636367,0.9993522136231001,-0.0246483290096087
20.0,12.142,-0.9067522593823093,-0.287517358815621,-0.000542176637908798,-0.015376478791879642,0.09145517228592827,-0.29109492551164734,0.9993363989724376,-0.02505056277704494
20.0,12.168,-0.907935058418772,-0.2857961512564272,-0.0005554057267582937,-0.015758138567778954,0.09027888268383914,-0.2893742360901157,0.9993202732346683,-0.02545274211871948
20.0,12.194,-0.9091347861065716,-0.28403191290062585,-0.0005689372716914767,-0.016139755009555987,0.08908594132991253,-0.28761029888949413,0.9993038362801454,-0.02585487376626637
20.0,12.22,-0.9103529519323963,-0.282220975741249,-0.0005827721353935313,-0.016521332917516722,0.0878748950701305,-0.2857995363344908,0.9992870879452171,-0.02625696445031921
20.0,12.246,-0.9115911351605153,-0.28035950148724287,-0.0005969107685581282,-0.016902880333147272,0.08664416960934541,-0.2839380306953503,0.9992700280437352,-0.02665902090075034
20.0,12.272,-0.9128511221762189,-0.27844299930155847,-0.0006113532861686392,-0.01728440592403949,0.08539204210809966,-0.28202141704362516,0.9992526562725993,-0.027061053334675976
20.0,12.298,-0.9141348160267373,-0.27646664317270997,-0.0006261007023284054,-0.017665914230698337,0.08411662822515051,-0.2800447803616837,0.9992349723964703,-0.0274630684801268
20.0,12.324,-0.915444325322877,-0.27442494759835906,-0.0006411534368261752,-0.01804741733490519,0.08281584915276412,-0.27800263783801427,0.9992169761575236,-0.02786507306423173
20.0,12.35,-0.9167819182257998,-0.272311923954008,-0.0006565124134527628,-0.018428918494019206,0.08148742857465094,-0.2758888151916959,0.9991986672376194,-0.028267075557429366
20.0,12.376,-0.9181502040095348,-0.27012043358674354,-0.0006721775022829741,-0.01881042650443736,0.08012887608841472,-0.2736963746371153,0.9991800453088556,-0.028669082684167298
20.0,12.402,-0.9195519864435605,-0.2678426607295612,-0.0006881504116026692,-0.01919195206771026,0.07873742186034106,-0.2714174681485967,0.9991611099538832,-0.029071104656551227
20.0,12.428,-0.9209903458588019,-0.26546978266058735,-0.000704430850983197,-0.01957349732845559,0.07731000696423064,-0.26904309386093167,0.9991418608585749,-0.029473146453179506
20.0,12.454,-0.9224687656751552,-0.2629914764565725,-0.0007210199032148496,-0.01995507397220494,0.07584325062838435,-0.26656305455176105,0.999122297648492,-0.02987521479577454
20.0,12.48,-0.923991068792951,-0.2603960654022994,-0.0007379182826146676,-0.020336688687393602,0.07433341717729103,-0.2639656758292097,0.999102419768185,-0.030277321636169915
20.0,12.506,-0.9255614356465821,-0.25767034008997014,-0.0007551265908936753,-0.0207183484415937,0.07277633707748528,-0.26123745119698283,0.9990822268224809,-0.030679471948938376
20.0,12.532,-0.9271846831114436,-0.2547984053967087,-0.0007726457071795991,-0.021100059223804816,0.07116739053400271,-0.2583627929894466,0.9990617183767926,-0.03108167245224733
20.0,12.558,-0.9288659887736711,-0.25176245839633205,-0.0007904759891929222,-0.02148183223811892,0.069501433502406,-0.2553235792562187,0.9990408938181421,-0.03148393334882511
20.0,12.584,-0.9306113071903737,-0.24854097050677854,-0.0008086186977640189,-0.021863670624520416,0.06777273578191158,-0.25209851530232275,0.9990197526627626,-0.03188626135391751
20.0,12.61,-0.9324270910241881,-0.2451092854567794,-0.0008270744285216683,-0.02224558572560328,0.06597493041817915,-0.2486626637599375,0.9989982943135395,-0.03228866492383941
20.0,12.636,-0.9343206634690305,-0.2414376052050857,-0.0008458442688021644,-0.022627586391361452,0.06410093648121662,-0.24498633181493895,0.998976518273674,-0.03269114902654672
20.0,12.662,-0.9363000609097719,-0.23749074238111922,-0.0008649281478224388,-0.023009675273887063,0.06214290579813929,-0.2410341449378414,0.9989544237956449,-0.03309372560263958
20.0,12.688,-0.9383742307118378,-0.23322604720130508,-0.0008843282147508215,-0.023391863533899555,0.060092203976625375,-0.23676350458218692,0.9989320103233499,-0.03349639961643246
20.0,12.714,-0.9405529327853992,-0.22859194737501198,-0.0009040439620027301,-0.023774157280229115,0.05793939727213361,-0.23212274101147717,0.9989092771626638,-0.03389917951760607
20.0,12.74,-0.9428467103293672,-0.2235252842585528,-0.0009240774938442804,-0.02415656735927014,0.05567432710797264,-0.2270485144108056,0.998886223545774,-0.034302075497774656
20.0,12.766,-0.9452667654569451,-0.21794757958329533,-0.0009444290370481639,-0.024539097926413712,0.05328634030511638,-0.22146243746407188,0.9988628488960146,-0.03470509077233247
20.0,12.792,-0.9478244042979553,-0.21176085855083554,-0.0009650994069187831,-0.02492175667280499,0.05076476928084442,-0.21526644815906779,0.9988391523364497,-0.03510823727252308
20.0,12.818,-0.9505301591872736,-0.20484116753080317,-0.000986089624971089,-0.0253045545394126,0.04809983324602534,-0.20833624994111086,0.9988151331221116,-0.03551152169667766
20.0,12.844,-0.9533923163491556,-0.19702855050287582,-0.0010074010447722174,-0.025687496517652186,0.04528437010721361,-0.20051222470961272,0.9987907904228146,-0.03591495248444495
20.0,12.87,-0.9564134741972655,-0.18811536930223444,-0.0010290343632984203,-0.0260705897269342,0.04231704730625578,-0.19158623315276344,0.998766123457901,-0.036318536330596646
20.0,12.896,-0.959585131613232,-0.17782520557820222,-0.001050990621721349,-0.026453846102346915,0.03920825499980787,-0.18128234221180103,0.9987411313485711,-0.036722281670635425
20.0,12.922,-0.9628765038876712,-0.16578551781782533,-0.0010732713385324022,-0.0268372729957159,0.0359911494824239,-0.16922783854291773,0.9987158131791491,-0.03712619693741653
20.0,12.948,-0.9662140017580422,-0.15148199783473443,-0.0010958761638447765,-0.027220872489913974,0.032742704875585504,-0.15490898444436346,0.9986901680085712,-0.0375302905615043
20.0,12.974,-0.9694403761782597,-0.13418952137880702,-0.0011188078489289457,-0.027604659513865804,0.029624936444911654,-0.13760172428952178,0.998664194893369,-0.03793457097199339
20.0,13.0,-0.972231792284182,-0.11286147034226286,-0.0011420660613319302,-0.027988636807557934,0.02696850095716769,-0.11626126364864676,0.9986378929639956,-0.03833904310839187
20.0,13.026,-0.9739221219684252,-0.08595056054980185,-0.0011656530410864853,-0.028372816357787375,0.02544970321074656,-0.08934462338461,0.9986112610045245,-0.03874372062308585
20.0,13.05,-0.9733161832657355,-0.05415797887415104,-0.0011877174284347777,-0.028727629424818105,0.026259554712630105,-0.05756032232537107,0.9985863839976604,-0.039117453813306384
20.0,13.052,-0.9731111131720257,-0.05112734497197863,-0.0011895690939565256,-0.02875720330593688,0.026484116486013738,-0.05453131192671367,0.9985842981520836,-0.039148606707350556
20.0,13.078,-0.9667437629179231,-0.0048842288286024054,-0.0012138155496585785,-0.02914180846407182,0.03314990359949586,-0.008333141952222801,0.9985570032851842,-0.03955371152304683
20.0,13.104,-0.9478451349328343,0.057734581271442646,-0.0012383938972694662,-0.029526638210724394,0.05245499123349341,0.0541603731310469,0.9985293752892946,-0.03995904348511783
20.0,13.13,-0.8999541877080129,0.1415308190139355,-0.0012633050342301555,-0.029911700828454846,0.10089324627020503,0.13764407941082832,0.9985014130129088,-0.04036461100534703
20.0,13.156,-0.7862967600620899,0.23861523101843898,-0.0012885506669805152,-0.030297002797988467,0.21519072445903786,0.23398805558172725,0.9984731153250065,-0.040770422494628075
20.0,13.182,-0.5578628323863039,0.2774466985754693,-0.0013141309844353151,-0.030682555595665344,0.4438950120427372,0.27132485368651427,0.9984444810000804,-0.04117648635826372
20.0,13.208,-0.3033212944228304,0.10075888265096096,-0.0013400485965259614,-0.031068368422212923,0.6973026965958987,0.09295258784565458,0.9984155089056513,-0.04158280925799506
20.0,13.234,-0.2773296900813904,-0.19777521013802338,-0.001366303584494075,-0.03145444440065061,0.7213451530799355,-0.20578525722839336,0.9983861977054748,-0.04198940133645054
20.0,13.26,-0.4067582133882249,-0.36890966067111225,-0.0013928984172426684,-0.031840794444463506,0.5907850562937075,-0.3760982089824016,0.9983565461088988,-0.04239627099059117
20.0,13.286,-0.5317889035407662,-0.42580725283632775,-0.0014198331203093488,-0.03222742659252691,0.46536835289219375,-0.4321928217579246,0.9983265528226752,-0.04280342661530564
20.0,13.312,-0.6206096257440574,-0.43558412260858814,-0.00144711000589898,-0.0326143529333866,0.37647228595386306,-0.44139883039150685,0.9982962164819754,-0.04321087660041726
20.0,13.338,-0.6814541144985481,-0.4294483905290293,-0.0014747302576281391,-0.033001574576764586,0.31565872410168855,-0.43487321614586155,0.9982655357078415,-0.04361862933304565
20.0,13.364,-0.7241400425203168,-0.4186771810459968,-0.0015026950523623678,-0.0333891077203672,0.27303560901281515,-0.42383015215841524,0.998234509107164,-0.04402669319757462
20.0,13.39,-0.7551656090600236,-0.4071885937895535,-0.001531006707025108,-0.03377695703949076,0.24207862619513534,-0.4121457236926746,0.9982031351491344,-0.04443507831576658
20.0,13.416,-0.7785045846784258,-0.3962979433637379,-0.0015596650876821367,-0.034165126821338376,0.21880503896803177,-0.4011093922110603,0.9981714124424309,-0.044843791322010884
20.0,13.442,-0.7966030755649103,-0.38638297164681024,-0.001588673020969457,-0.03455363648396511,0.2007660530449566,-0.39108297904392203,0.9981393394149113,-0.04525284233165072
20.0,13.468,-0.8110097668096927,-0.37748168383944275,-0.0016180317617022443,-0.03494248521286342,0.18641263377770412,-0.3820944459295858,0.9981069145110629,-0.045662239712713874
20.0,13.494,-0.8227373559584161,-0.36951536009176233,-0.0016477419555762098,-0.03533168729738361,0.17473242635851022,-0.37405831227648645,0.9980741360806946,-0.04607199357212248
20.0,13.52,-0.8324693976850666,-0.36237285098872013,-0.0016778066413561331,-0.03572124385220068,0.1650426268863715,-0.36685914340232295,0.9980410026187116,-0.04648211052963964
20.0,13.546,-0.8406805500059216,-0.3559431198048713,-0.0017082266291648615,-0.03611117550058251,0.15686921801704526,-0.360382690338074,0.998007512387423,-0.04689260068312102
20.0,13.572,-0.8477091870853116,-0.3501257982510655,-0.001739002864690273,-0.03650148108375698,0.14987448458890398,-0.3545264755575335,0.9979736636549063,-0.04730347412800476
20.0,13.598,-0.8538020196500794,-0.3448343012827441,-0.001770138875553542,-0.036892174536142054,0.1438122298042111,-0.34920221870773255,0.9979394547696097,-0.047714737469457195
20.0,13.624,-0.8591426707995481,-0.33999526342959174,-0.0018016346906912803,-0.03728326437301001,0.13849924308367378,-0.34433522739356626,0.9979048838509307,-0.04812640253614242
20.0,13.65,-0.8638704918041877,-0.3355465600162053,-0.0018334921113212846,-0.037674757366368196,0.13379667461545194,-0.3398627267695093,0.9978699491832955,-0.04853847592465059
20.0,13.676,-0.8680926834999553,-0.33143646203738025,-0.0018657139017147634,-0.038066667171049055,0.12959756638886177,-0.3357320709304923,0.9978346488062165,-0.04895096945403983
20.0,13.702,-0.871893189570264,-0.32762116204714753,-0.001898301631307045,-0.03845899693134243,0.12581828955207847,-0.3318990247573174,0.9977989808653085,-0.0493638914540715
20.0,13.728,-0.8753384200920669,-0.32406396562478607,-0.001931256023516546,-0.03885176103227659,0.12239262617718144,-0.3283263091974823,0.9977629434686839,-0.04977725024969062
20.0,13.754,-0.8784817792843396,-0.32073338525401146,-0.0019645799094235197,-0.0392449627871797,0.11926747446195107,-0.32498238464928164,0.9977265347098967,-0.050191054162096946
20.0,13.78,-0.8813662973110485,-0.3176033496110254,-0.001998275312242855,-0.03963861679969434,0.11639980972441602,-0.3218404452540292,0.9976897523684811,-0.05060531673085119
20.0,13.806,-0.8840275175181493,-0.31465070019882274,-0.0020323434195290433,-0.040032735585277354,0.1137544199585866,-0.3188776123968425,0.9976525945223942,-0.05102004452416728
20.0,13.832,-0.886494505859522,-0.31185638717271236,-0.0020667868811712403,-0.04042731991877081,0.11130222724012848,-0.3160742610004291,0.997615059058283,-0.05143524758887002
20.0,13.858,-0.888791624441701,-0.309203549543063,-0.002101606792918289,-0.040822381886115824,0.10901901012834662,-0.31341347090460675,0.9975771439242084,-0.051850934225802676
20.0,13.884,-0.8909392575925553,-0.3066777621229782,-0.0021368057426524615,-0.041217935693102045,0.10688444338201886,-0.3108806090237543,0.9975388467109175,-0.05226711795121793
20.0,13.91,-0.8929547652789231,-0.3042661008543421,-0.0021723859317665977,-0.041613988175247696,0.10488137085162272,-0.3084629475695066,0.9975001653764395,-0.05268380531367079
20.0,13.936,-0.8948527223188992,-0.30195784155483063,-0.0022083496475637453,-0.042010548036211105,0.10299517828080007,-0.30614937531648556,0.9974610976356034,-0.05310100633709029
20.0,13.962,-0.8966456683463971,-0.2997433980834713,-0.0022446985276060867,-0.04240762590707281,0.10121336639912197,-0.3039301582948219,0.9974216411625109,-0.05351873103953515
20.0,13.988,-0.8983445090429554,-0.2976139900879736,-0.002281434276677729,-0.0428052343294325,0.09952518325070282,-0.3017967328831159,0.9973817935537678,-0.05393699117696249
20.0,14.014,-0.8999585585742728,-0.29556222267315674,-0.0023185603995806068,-0.04320337770547771,0.09792132114731598,-0.2997415177497112,0.9973415523912152,-0.05435579500894254
20.0,14.04,-0.9014959161575541,-0.29358155099485456,-0.002356077753684412,-0.043602067195702386,0.09639369828658975,-0.29775784523311166,0.9973009151997982,-0.0547751542796883
20.0,14.066,-0.9029636945921965,-0.291666034413346,-0.002393989811212515,-0.044001320686772476,0.0949352379924633,-0.2958397277812886,0.9972598796417966,-0.055195077245255866
20.0,14.092,-0.9043681264937441,-0.289810392799547,-0.002432297515267164,-0.04440113768245223,0.0935397575601779,-0.293981868235225,0.9972184430377312,-0.05561557388467714
20.0,14.118,-0.9057147569433363,-0.2880097382931318,-0.0024710050268781343,-0.04480153429662435,0.0922017887583161,-0.29217951590916863,0.9971766027241099,-0.056036657665274055
20.0,14.144,-0.9070083578582233,-0.28626008484261073,-0.0025101132220477825,-0.04520252344094749,0.09091650766881901,-0.2904283885501512,0.9971343562927979,-0.05645833508088835
20.0,14.17,-0.9082532980751554,-0.2845574337661959,-0.0025496248116420395,-0.04560410906245797,0.08967963047090285,-0.28872464620335875,0.9970917008115034,-0.05688061957508853
20.0,14.196,-0.909453337774131,-0.282898588633131,-0.0025895431883082697,-0.046006307008568684,0.08848736062297462,-0.28706488766220906,0.9970486336386674,-0.05730352111151102
20.0,14.222,-0.9106119696652557,-0.28128022616047954,-0.0026298704551818404,-0.046409124178913824,0.08733626412441124,-0.2854459184898179,0.9970051518848926,-0.05772704963506128
20.0,14.248,-0.9117322576723063,-0.27969954853088924,-0.002670607963075062,-0.04681256885900538,0.08622331709255777,-0.2838649409765434,0.9969612527705624,-0.058151216838177575
20.0,14.274,-0.9128169188686748,-0.27815414100697006,-0.002711760199329486,-0.04721666142057029,0.08514575861056649,-0.28231937028028586,0.9969169334696305,-0.0585760309140579
20.0,14.3,-0.9138684897822755,-0.27664150529202775,-0.0027533288872497014,-0.04762140213512188,0.08410112734759466,-0.2808068498633966,0.9968721909582422,-0.05900150702328184
20.0,14.326,-0.9148891581264003,-0.2751597086537122,-0.002795316752531956,-0.04802680887030191,0.08308718528426073,-0.2793252653284193,0.9968270222446626,-0.059427651593502204
20.0,14.352,-0.9158810244361415,-0.27370659620688276,-0.0028377271375399768,-0.04843289544942624,0.08210191764770049,-0.2778726659474136,0.9967814240318029,-0.05985447975883789
20.0,14.378,-0.91684587348723,-0.2722805955140261,-0.002880560795679479,-0.04883966033281162,0.08114349484414625,-0.27644726972510053,0.9967353936453848,-0.06028199970163068
20.0,14.404,-0.917785432328374,-0.27087992597003835,-0.0029238235993914786,-0.049247130986919685,0.08021021781849065,-0.2750473702299004,0.9966889275037828,-0.06071022478240524
20.0,14.43,-0.9187011881181264,-0.2695032431615392,-0.0029675169857749273,-0.04965530253267202,0.07930059592736331,-0.2736715500760354,0.9966420225583598,-0.06113916489632608
20.0,14.456,-0.9195946361439437,-0.26814884329861605,-0.0030116432637876914,-0.05006419965641695,0.0784132150272154,-0.2723183362853133,0.9965946754120147,-0.06156883340387871
20.0,14.482,-0.9204669164398401,-0.26681595151286785,-0.0030562060655265387,-0.05047382528989328,0.07754681037826862,-0.27098651807648955,0.9965468828526782,-0.06199923843321579
20.0,14.508,-0.9213193314238011,-0.26550295896723497,-0.0031012089440710564,-0.05088419503334222,0.0767002041096756,-0.26967485462579033,0.9964986413312568,-0.06243039506999773
20.0,14.534,-0.9221528895174025,-0.2642090325974774,-0.0031466546679750156,-0.05129532583162066,0.0758723264470907,-0.268382303159016,0.9964499472606045,-0.06286231489937526
20.0,14.56,-0.9229686393900284,-0.26293299409015497,-0.0031925467935639534,-0.05170721796372863,0.07506219180265274,-0.2671078207108708,0.9964007974818841,-0.0632950060354113
20.0,14.586,-0.9237674828379379,-0.26167396346632693,-0.003238887349397873,-0.052119890619594295,0.07426886704205353,-0.26585043875845565,0.9963511880345649,-0.06372848526575069
20.0,14.612,-0.9245502795137689,-0.26043104172596804,-0.0032856804209275598,-0.05253335205045222,0.07349152707146199,-0.26460934395525937,0.9963011154867335,-0.06416276067491883
20.0,14.638,-0.925317756389537,-0.25920363438779376,-0.003332929122260316,-0.052947623765362876,0.07272937377208281,-0.26338366768407767,0.9962505758245531,-0.06459784728805824
20.0,14.664,-0.9260706931301966,-0.2579908076934618,-0.003380636971602485,-0.05336270392931469,0.07198170274875852,-0.2621726962991717,0.9961995654621267,-0.0650337566591225
20.0,14.69,-0.9268097907946977,-0.2567917744982217,-0.003428808198763197,-0.053778616120166,0.07124782321897656,-0.26097569503152623,0.9961480804469802,-0.06547050031170885
20.0,14.716,-0.9275356293148248,-0.25560605750528625,-0.003477445420464292,-0.054195372863177466,0.07052712195624632,-0.2597920195494907,0.9960961169184305,-0.06590809151468181
20.0,14.742,-0.9282488048707466,-0.2544330054398164,-0.003526551863586841,-0.05461298133037738,0.06981901301037459,-0.25862106319913025,0.9960436708765092,-0.06634654177473862
20.0,14.768,-0.928949889958319,-0.2532719563294112,-0.0035761317875474983,-0.05503144944059125,0.06912295123972162,-0.25746222054913487,0.995990738065395,-0.06678586606665131
20.0,14.794,-0.929639385085863,-0.2521223988740712,-0.003626188872259834,-0.055450805205360484,0.06843842466650646,-0.2563149525855474,0.9959373145522981,-0.06722607414106037
20.0,14.82,-0.9303177721080496,-0.25098381327227187,-0.003676727172018835,-0.055871052188321314,0.06776497547079,-0.2551787793903826,0.9958833960302754,-0.06766718095465284
20.0,14.846,-0.9309854684546686,-0.2498558333450176,-0.003727750273842755,-0.0562922011376428,0.06710214850469995,-0.2540531983456008,0.9958289781674226,-0.06810919970862396
20.0,14.872,-0.9316428725657977,-0.248738085010527,-0.0037792622821805695,-0.05671427017467497,0.06644952756225847,-0.252937768549341,0.9957740566056401,-0.06855214359464562
20.0,14.898,-0.932290453513063,-0.24762986189444863,-0.003831265971905946,-0.05713727195621822,0.06580673844791131,-0.25183210844841797,0.9957186268458851,-0.06899602578682755
20.0,14.924,-0.9329285349922384,-0.24653093879467453,-0.003883767189846622,-0.057561219800212726,0.06517339696359621,-0.25073575378278057,0.995662684477348,-0.06944085945735441
20.0,14.95,-0.9335574684635427,-0.24544092148068739,-0.003936769908165086,-0.05798612802371689,0.06454917348467007,-0.24964838825275398,0.9956062248260833,-0.0698866594982126
20.0,14.976,-0.9341775500984083,-0.24435957322033833,-0.0039902771724376765,-0.05841201189063533,0.06393373187959636,-0.24856961147914441,0.9955492433192913,-0.07033343730765375
20.0,15.002,-0.9347891490890942,-0.24328632598636662,-0.004044292655282496,-0.05883888070938802,0.06332678555387491,-0.24749913926221453,0.9954917351134938,-0.07078120774882307
20.0,15.028,-0.9353924943869082,-0.24222109579617557,-0.004098823114888549,-0.059266757988619606,0.06272803076585035,-0.24643663645391847,0.9954336952206359,-0.07122998566573306
20.0,15.054,-0.9359878900842794,-0.24116346815614145,-0.004153871976658198,-0.05969564785483621,0.062137203072755984,-0.24538179410071867,0.995375118976876,-0.0716797841703909
20.0,15.08,-0.9365755867511086,-0.2401131872260846,-0.004209442153821179,-0.060125561944258235,0.06155404926169842,-0.2443343658134662,0.9953160012215784,-0.07213061807650413
20.0,15.106,-0.9371558294592305,-0.2390699942445882,-0.0042655407624358965,-0.06055652633568516,0.06097832413131985,-0.24329404798854223,0.9952563367637768,-0.07258250218609318
20.0,15.132,-0.9377288075991919,-0.23803378906283149,-0.004322170924586253,-0.06098855440652869,0.06040979312229314,-0.24226059905419586,0.995196120738655,-0.07303544956924375
20.0,15.158,-0.938294832013738,-0.2370039784210895,-0.004379337457282904,-0.061421653047733483,0.05984825431142419,-0.2412338030533457,0.9951353472962556,-0.07348947845316829
20.0,15.184,-0.9388540375229929,-0.23598061991521066,-0.004437046290460454,-0.06185584393006237,0.05929349035182119,-0.24021342223352427,0.9950740116386362,-0.0739446001471894
20.0,15.21,-0.9394066357810157,-0.2349634410957675,-0.00449530080895105,-0.06229114265328112,0.05874530495562186,-0.23919921781909662,0.9950121079809034,-0.07440083111677513
20.0,15.236,-0.9399528307389023,-0.23395216638832173,-0.004554107219673212,-0.06272755811605317,0.058203515065028404,-0.23819101009285568,0.9949496309782966,-0.07485818610337198
20.0,15.262,-0.9404927801468617,-0.23294668184147463,-0.004613469613026576,-0.06316511455531636,0.05766795101881536,-0.23718859020548097,0.9948865747797604,-0.0753166815463884
20.0,15.288,-0.9410266773911294,-0.23194670716407684,-0.004673393889586946,-0.06360381496997587,0.057138436618165,-0.23619178327770787,0.994822933631997,-0.07577633213530208
20.0,15.314,-0.9415546678306197,-0.23095212343718108,-0.00473388599992946,-0.06404369238026139,0.056614808905782174,-0.235200385555653,0.9947587019793049,-0.07623715256381175
20.0,15.34,-0.9420768529077432,-0.22996297442460614,-0.004794949844509044,-0.06448475129822163,0.05609693162567293,-0.23421427593805022,0.994693873508505,-0.07669916094938815
20.0,15.366,-0.9425934908226581,-0.22897864448813085,-0.004856591623622721,-0.0649270114845919,0.055584649978776865,-0.2332332829501205,0.9946284423666063,-0.07716237194041624
20.0,15.392,-0.9431045929947685,-0.2279995023285467,-0.004918817675493424,-0.06537049349217303,0.0550778283379554,-0.23225723348039568,0.9945624021686825,-0.07762680362532638
20.0,15.418,-0.9436104079179759,-0.22702492819562425,-0.0049816333320686764,-0.06581520351853215,0.05457632787973946,-0.23128598623236157,0.994495747129125,-0.07809246888810455
20.0,15.444,-0.9441109809737167,-0.22605512356686205,-0.00504504285930516,-0.06626116359033457,0.05408003243365708,-0.23031939694878784,0.9944284704268705,-0.07855938750539279
20.0,15.47,-0.9446064707712545,-0.2250897939284875,-0.0051090540993886146,-0.06670839628778849,0.05358881815935024,-0.2293573534364521,0.9943605657035235,-0.07902757578457856
20.0,15.496,-0.9450969955744678,-0.2241288086062437,-0.0051736721345189435,-0.06715691745505067,0.05310256525150326,-0.228399716676327,0.9942920265890713,-0.07949704827325606
20.0,15.522,-0.9455826687440982,-0.22317203514678696,-0.005238902714006116,-0.06760673568567575,0.05262116804218828,-0.22744634671571434,0.9942228460079884,-0.07996782643562791
20.0,15.548,-0.9460635610345803,-0.2222195047263464,-0.005304752902256241,-0.06805787566219144,0.052144519048002054,-0.22649716130232617,0.9941530174261718,-0.08043992303352288
20.0,15.574,-0.946539819453688,-0.22127091749628197,-0.005371228106124775,-0.06851035511260474,0.05167252035421712,-0.2255520226279903,0.9940825339437325,-0.08091335777195365
20.0,15.6,-0.9470115096104168,-0.2203263023994848,-0.0054383362369399505,-0.06896419221763933,0.05120507593436399,-0.2246108491996106,0.9940113882741859,-0.08138815031067104
20.0,15.626,-0.9474786961208096,-0.21938568779315348,-0.005506084157433708,-0.06941940589340723,0.05074208357704171,-0.22367350807485145,0.9939395734018287,-0.08186431507774115
20.0,15.652,-0.9479415537075682,-0.2184486043610462,-0.0055744757833400315,-0.06987600785591908,0.050283462352133705,-0.22273991767040663,0.9938670819605966,-0.08234187169767769
20.0,15.678,-0.9484001413292293,-0.21751507810084864,-0.005643520053316589,-0.07033402617568432,0.04982912880505437,-0.22180999829248432,0.9937939066549502,-0.08282083978613852
20.0,15.704,-0.948854479140834,-0.2165853000759204,-0.005713223557512213,-0.07079347359050137,0.04937898564669064,-0.22088362123085567,0.9937200397185261,-0.08330123715808371
20.0,15.73,-0.9493046954836197,-0.21565896308255192,-0.00578359308347242,-0.07125437980265027,0.04893296968964292,-0.21996073212635342,0.9936454735728488,-0.08378308162859081
20.0,15.756,-0.9497508810940913,-0.21473592503781228,-0.005854637296118842,-0.07171675032987379,0.04849099605895239,-0.21904122935880949,0.9935702005655477,-0.08426639273761
20.0,15.782,-0.9501931250487358,-0.2138160430435748,-0.005926360071801002,-0.07218060807175046,0.048052994554603524,-0.21812503612818937,0.9934942125083194,-0.08475119171034401
20.0,15.808,-0.9506314011021018,-0.21289967065950902,-0.0059987729461438944,-0.07264597600080934,0.04761889236280219,-0.217212077481979,0.993417501461965,-0.0852374962834376
20.0,15.834,-0.951065905250965,-0.21198616562185987,-0.00607188132392624,-0.07311287829684986,0.0471886233255414,-0.21630230435066505,0.9933400590670239,-0.08572532588746584
20.0,15.86,-0.9514966088764351,-0.21107588039152986,-0.0061456925605168095,-0.07358133116317675,0.046762117420495936,-0.2153955913787264,0.9932618771111142,-0.08621470169509968
20.0,15.886,-0.9519235936435884,-0.21016866914442214,-0.006220216143261908,-0.07405135970946487,0.04633931612490031,-0.2144919163069681,0.9931829470264836,-0.0867056430842885
20.0,15.912,-0.9523469771686789,-0.20926421932942854,-0.006295459002440794,-0.07452297270203316,0.045920157022175105,-0.21359118083209666,0.9931032601614794,-0.0871981711543531
20.0,15.938,-0.9527667612866856,-0.20836271526692104,-0.0063714303624842535,-0.07499620509242516,0.04550458343643407,-0.21269336395651478,0.9930228077390338,-0.08769230522873117
20.0,15.964,-0.9531829880167176,-0.20746417574146775,-0.006448136104454018,-0.07547106681959125,0.04509252607888583,-0.21179834570058392,0.9929415805880506,-0.08818806981735412
20.0,15.99,-0.9535958042997,-0.2065681193263413,-0.006525588404599957,-0.07594759400974993,0.04468394498040249,-0.21090610348192582,0.992859569756316,-0.0886854824436235
20.0,16.016,-0.9540051757700184,-0.20567489608119985,-0.0066037934308017365,-0.07642579768356095,0.044278780898947774,-0.21001659386753468,0.9927767659682182,-0.08918456756952796
20.0,16.042,-0.9544111754881393,-0.2047843564971393,-0.006682761643512764,-0.07690570664415255,0.043876980003345604,-0.20912972274019925,0.9926931596317372,-0.08968534611527745
20.0,16.068,-0.9548138737438634,-0.2038963501413971,-0.006762499456014733,-0.07738733285504848,0.043478488592813995,-0.2082454476668621,0.992608741332202,-0.09018783899656671
20.0,16.094,-0.9552133048223714,-0.20301089285782545,-0.006843019007894592,-0.07787070616851048,0.04308326827007668,-0.2073637237597404,0.9925235011724832,-0.0906920705581025
20.0,16.12,-0.9556095019557662,-0.2021280001010598,-0.006924327219659827,-0.07835585767014414,0.04269126679359002,-0.20648450977230426,0.9924374291271306,-0.09119806336463057
20.0,16.146,-0.9560025697695429,-0.20124735369789115,-0.0070064350221527155,-0.07884280058225847,0.04230243862479837,-0.20560773911998112,0.9923505151149447,-0.09170583995387914
20.0,16.172,-0.9563924674194747,-0.20036930154085827,-0.007089353776447087,-0.07933156683229478,0.041916741522614875,-0.20473339485315778,0.9922627488843667,-0.09221542282562332
20.0,16.198,-0.9567792968015836,-0.1994935244323877,-0.007173089240211637,-0.079822171119082,0.041534130124485126,-0.20386138760394368,0.9921741199655444,-0.0927268361834139
20.0,16.224,-0.9571630870961958,-0.19862003614915064,-0.0072576545000277186,-0.08031464647521422,0.041154568278134504,-0.20299172508971952,0.9920846175997712,-0.09324010418048308
20.0,16.25,-0.9575438664208835,-0.19774885010971446,-0.0073430583995851215,-0.08080900836529346,0.0407780084677533,-0.20212432028646526,0.9919942308039562,-0.0937552526717468
20.0,16.276,-0.9579216983950776,-0.19687981264457102,-0.007429313036734954,-0.08130529119079431,0.040404413406557274,-0.2012591339245646,0.9919029487451042,-0.09427230400820427
20.0,16.302,-0.9582966107569214,-0.196012936721813,-0.007516428457648841,-0.08180352086816253,0.04003375209796338,-0.20039617418590303,0.9918107599730139,-0.09479128395110131
20.0,16.328,-0.9586686301784113,-0.19514823496314834,-0.007604414003320795,-0.08230371442389874,0.03966597796040149,-0.19953533279443156,0.9917176529719526,-0.09531221822954948
20.0,16.354,-0.9590377811582897,-0.19428571942568912,-0.0076932823638683895,-0.08280590817740723,0.0393010621604694,-0.19867664259202739,0.9916236159929264,-0.09583513427083945
20.0,16.38,-0.9594041241943247,-0.1934252350554975,-0.007783045585757654,-0.08331012967902324,0.03893896742494986,-0.1978200191935839,0.991528637378886,-0.09636005424375294
20.0,16.406,-0.9597676833993024,-0.1925667934962093,-0.007873712654804214,-0.08381638791469424,0.03857965236845099,-0.19696542769955416,0.991432704851049,-0.09688700721699346
20.0,16.432,-0.9601285174827263,-0.1917102389331382,-0.007965297795694033,-0.0843247307063113,0.03822310217311904,-0.19611287557746934,0.9913358061118207,-0.09741602048225399
20.0,16.458,-0.9604866157572397,-0.19085575002668717,-0.008057813683924206,-0.08483518741912861,0.037869267563683216,-0.19526228356236086,0.9912379285065669,-0.0979471195204779
20.0,16.484,-0.9608420333787067,-0.1900031699720776,-0.008151269854490245,-0.08534776852510348,0.03751812768746006,-0.19441366128110735,0.9911390593688573,-0.09848033152880015
20.0,16.51,-0.9611947941353213,-0.18915250981800055,-0.008245677847949245,-0.085862504422203,0.03716964132871069,-0.19356692970107578,0.9910391855000804,-0.09901568711533483
20.0,16.536,-0.9615449196321889,-0.18830378007894413,-0.00834105584432969,-0.08637944559449014,0.03682379178543205,-0.19272209862208836,0.990938293626421,-0.09955321335566021
20.0,16.562,-0.961892464218908,-0.18745682329505875,-0.00843741246850757,-0.08689860419476406,0.03648053977491634,-0.19187911333566476,0.9908363703400487,-0.10009293902725505
20.0,16.588,-0.9622374491117294,-0.18661164961568305,-0.008534761441337451,-0.08742001238334011,0.03613986505175243,-0.19103796217500826,0.9907334016991105,-0.10063489282133467
20.0,16.614,-0.9625798598074536,-0.1857684364613403,-0.00863311672765044,-0.08794370296734856,0.03580173350622237,-0.1901986136899258,0.9906293735584978,-0.10117910686892516
20.0,16.64,-0.9629197836748712,-0.1849268580807173,-0.00873249153506911,-0.08846969922220976,0.03546611740397677,-0.18936101332582184,0.9905242719911612,-0.10172560804832494
20.0,16.666,-0.9632572393512375,-0.18408692376077782,-0.00883290131124896,-0.08899804533337369,0.035132998370378865,-0.18852517326185136,0.9904180820028478,-0.10227442833476552
20.0,16.692,-0.9635922124064529,-0.18324881067823579,-0.008934359749408937,-0.08952876578223982,0.034802346850209,-0.18769106289267184,0.9903107890333025,-0.10282559796499928
20.0,16.718,-0.9639247560205232,-0.18241236032502411,-0.009036881797179278,-0.09006189584866661,0.03447414028008224,-0.18685865098002033,0.9902023776209162,-0.10337915053997045
20.0,16.744,-0.964254885574003,-0.1815775811239957,-0.00914048161486035,-0.09059746106303271,0.03414834277215015,-0.18602788726994746,0.9900928324601789,-0.1039351161447831
20.0,16.77,-0.9645826220190148,-0.1807444824728775,-0.00924517571294101,-0.09113550838110471,0.03382494694775017,-0.18519878344657528,0.989982137612834,-0.1044935300009203
20.0,16.796,-0.9649080110691649,-0.1799129040338633,-0.009350979294536226,-0.09167605387492951,0.033503921548015514,-0.184371311554268,0.9898702773647211,-0.10505442207261101
20.0,16.822,-0.9652310409198899,-0.17908302314240382,-0.009457906219389219,-0.09221914615928965,0.03318524161048218,-0.1835454213070972,0.9897572352042012,-0.10561782569355425
20.0,16.848,-0.9655517592580224,-0.1782546796232814,-0.009565974877120324,-0.0927648127956829,0.03286888762086018,-0.18272112765882415,0.9896429941535992,-0.10618377759998032
20.0,16.874,-0.9658702121000459,-0.17742771280620873,-0.00967520019961738,-0.09331309304559293,0.03255483849229342,-0.1818983808304926,0.9895275375037706,-0.106752311019728
20.0,16.9,-0.966186354660825,-0.17660246803873286,-0.00978560228783204,-0.09386402638999217,0.03224306777482915,-0.18107715457714682,0.9894108478056031,-0.10732346080464401
20.0,16.926,-0.9665002638194605,-0.1757786158903457,-0.00989719553459653,-0.09441764267479603,0.031933566237753244,-0.18025746303859905,0.989292907394484,-0.107897261738133
20.0,16.952,-0.966811925942504,-0.17495633305570985,-0.01000999620317176,-0.09497397206359065,0.03162630480934908,-0.17943928110472782,0.9891736978215517,-0.10847375371335809
20.0,16.978,-0.9671213539301683,-0.17413562678232272,-0.010124024810715825,-0.09553306703058975,0.03132126015436238,-0.17862254087605958,0.989053201170073,-0.10905296964540434
20.0,17.004,-0.9674286256510227,-0.17331616736576413,-0.010239299921572284,-0.09609495892828934,0.031018421110688275,-0.1778072792502488,0.9889313983163125,-0.10963494925717128
20.0,17.03,-0.9677337241890226,-0.17249813071535067,-0.010355839910416968,-0.09665969091496963,0.030717762306379924,-0.17699345105419478,0.9888082702904021,-0.11021972874387605
20.0,17.056,-0.96803663321639,-0.17168169289922502,-0.010473662270626422,-0.09722729572698695,0.03041927201253614,-0.176181051556797,0.9886837973982288,-0.11080734766353867
20.0,17.082,-0.9683374286859814,-0.17086652351387663,-0.010592788184907125,-0.09779780624912675,0.03012292247740324,-0.17537003745063628,0.9885579594047564,-0.11139784720787008
20.0,17.108,-0.96863612272667,-0.17005262920486477,-0.010713237745573525,-0.09837129041063827,0.029828705926135703,-0.17456042506679342,0.9884307362281222,-0.11199126503701556
20.0,17.134,-0.9689326695227157,-0.16924035498539536,-0.01083502867495663,-0.09894776013839154,0.029536591838573222,-0.17375215211715872,0.988302107049213,-0.1125876421671534
20.0,17.16,-0.9692271725058553,-0.16842920061136474,-0.01095818569831349,-0.09952727300198623,0.029246576244134674,-0.17294525561319893,0.9881720502703458,-0.11318702121582627
20.0,17.186,-0.9695195838029074,-0.1676195106526699,-0.011082727514884556,-0.10010987668918242,0.028958635644819312,-0.17213969377979996,0.9880405444751383,-0.1137894430149639
20.0,17.212,-0.9698099776067407,-0.166810953755501,-0.011208675835620253,-0.10069559594793837,0.028672752982847403,-0.1713354247597499,0.9879075674645199,-0.1143949499939
20.0,17.238,-0.9700983055237126,-0.16600387440292236,-0.011336054851387417,-0.10128449098091148,0.028388915685646134,-0.17053248766979176,0.9877730965917351,-0.11500358621544117
20.0,17.264,-0.9703846389800956,-0.16519794055374287,-0.011464884808651663,-0.10187659983678869,0.028107100908949897,-0.16973082235463455,0.9876371087302354,-0.11561539562281993
20.0,17.29,-0.970668962216775,-0.1643933279572723,-0.01159518939847684,-0.10247197273796589,0.02782729888647592,-0.1689304278181535,0.9874995801834571,-0.11623042377434267
20.0,17.316,-0.9709512852503802,-0.16359004248268005,-0.011726993189789408,-0.10307064868766867,0.027549494053284003,-0.16813130423384332,0.987360486882222,-0.11684871611698112
20.0,17.342,-0.9712316509932217,-0.1627879211967658,-0.01186032209054574,-0.10367269134363079,0.02727366766521788,-0.16733341293698334,0.9872198042698715,-0.11747031797086398
20.0,17.368,-0.9715100690685387,-0.16198696973168833,-0.011995196552007257,-0.10427812970620122,0.026999804461666745,-0.16653673535567953,0.9870775069100639,-0.11809527972241891
20.0,17.394,-0.9717865513491778,-0.16118719405288584,-0.012131645595978284,-0.10488701662453717,0.026727892687412158,-0.1657412920969231,0.9869335693714074,-0.11872364644276329
20.0,17.42,-0.9720610817292071,-0.16038876973731062,-0.012269694677682151,-0.10549941860776603,0.026457920132442386,-0.1649470452075738,0.9867879654283882,-0.11935546652745102
20.0,17.446,-0.9723337259963982,-0.15959136302698518,-0.012409365879501045,-0.10611535427564936,0.02618986639344141,-0.16415397840979445,0.9866406678396079,-0.11999079341378935
20.0,17.472,-0.9726044690512721,-0.15879514954928203,-0.012550693962016104,-0.1067349155997408,0.025923722949973315,-0.16336209338029895,0.9864916491552137,-0.12062967693817783
20.0,17.498,-0.9728733194614836,-0.1580001345466993,-0.01269370006408669,-0.10735812281715515,0.025659475543383447,-0.16257137372016295,0.9863408815304943,-0.12127216680655498
20.0,17.524,-0.9731402880451518,-0.15720632358995237,-0.012838413781310343,-0.10798503309706235,0.025397104395514198,-0.16178178538465451,0.98618833629883,-0.12191831603451003
20.0,17.55,-0.9734054140524032,-0.15641355249754466,-0.012984864854750632,-0.10861571727410863,0.025136607239196543,-0.1609933494968821,0.9860339838322218,-0.12256817917892733
20.0,17.576,-0.9736686796294854,-0.1556219963757925,-0.013133084395360081,-0.10925022181735985,0.02487795903749053,-0.16020601498070391,0.9858777943168052,-0.12322181068326778
20.0,17.602,-0.9739301226537542,-0.15483149069080968,-0.013283101750616986,-0.10988860696778603,0.024621155004333952,-0.15941980410356626,0.985719736740354,-0.12387926649633006
20.0,17.628,-0.974189751334332,-0.15404204036024532,-0.013434947182944848,-0.11053092098818222,0.024366181897499044,-0.15863470285088052,0.9855597798968707,-0.12454060244659178
20.0,17.654,-0.9744475772559832,-0.15325365079961478,-0.013588653036316177,-0.11117722562754548,0.02411302666560622,-0.15785067913749642,0.9853978915988302,-0.12520587588804213
20.0,17.68,-0.9747036097725398,-0.15246632703109372,-0.013744250670044205,-0.11182757075464045,0.023861673797252212,-0.15706773919264888,0.9852340391235109,-0.1258751457528236
20.0,17.706,-0.9749578571262266,-0.15168007386729118,-0.013901774818284491,-0.11248204603708624,0.02361211618102106,-0.15628585132091835,0.9850681884112449,-0.12654847244534934
20.0,17.732,-0.9752103298142953,-0.15089489643701487,-0.01406125840934301,-0.11314069018460947,0.023364338667377225,-0.15550502259888047,0.9849003053006504,-0.12722591624843269
20.0,17.758,-0.9754610360995991,-0.1501107994850152,-0.014222738177493276,-0.11380356852758904,0.023118331739868627,-0.15472524119690192,0.984730354509418,-0.12790753893702808
20.0,17.784,-0.975710012563451,-0.1493276177752448,-0.014386245894896553,-0.1144707347545089,0.022874080702811765,-0.1539464784872525,0.9845582999666658,-0.12859340381649165
20.0,17.81,-0.975957240029489,-0.14854552602108387,-0.014551822912087098,-0.11514228257733956,0.02263157904902021,-0.15316874158009824,0.9843841045781563,-0.12928357568771026
20.0,17.836,-0.9762027559505952,-0.14776435900317297,-0.014719502648322346,-0.11581825431175931,0.02239081239694053,-0.15239202098428056,0.9842077305581806,-0.129978120885971
20.0,17.862,-0.97644654144329,-0.1469842914575043,-0.01488932622582699,-0.11649873271711779,0.022151769347517142,-0.15161628946363342,0.9840291393107677,-0.13067710376587066
20.0,17.888,-0.9766886314607011,-0.14620515767160921,-0.015061330074507571,-0.11718377523858642,0.021914443785952826,-0.1508415553855664,0.9838482908536906,-0.1313805953586947
20.0,17.914,-0.9769290339157821,-0.14542696206967118,-0.015235557122190699,-0.11787345316307582,0.021678819383779413,-0.15006779347386348,0.9836651446042708,-0.13208866473275466
20.0,17.94,-0.9771677578558687,-0.1446497092134496,-0.015412046681823293,-0.1185678533435508,0.02144489030066556,-0.14929501291121788,0.983479659151363,-0.13280138070649475
20.0,17.966,-0.9774048100880719,-0.1438734033009416,-0.015590841778688585,-0.11926702183434222,0.02121264323179405,-0.14852318920064825,0.9832917914340363,-0.13351881872347385
20.0,17.992,-0.9776402008041655,-0.1430980489991089,-0.01577198533753111,-0.11997104743450177,0.020982065149808233,-0.1477522986857449,0.9831014981275441,-0.13424104879922072
20.0,18.018,-0.9778739357037766,-0.14232365028355123,-0.015955523240248654,-0.12068002016912545,0.0207531555985143,-0.14698236858808938,0.9829087340015218,-0.13496814927551326
20.0,18.044,-0.978106024997562,-0.1415502117601134,-0.016141498831282537,-0.12139398936789961,0.020525896859979572,-0.14621335967199448,0.9827134535432991,-0.13570019480076945
20.0,18.07,-0.9783364744016092,-0.140777737350519,-0.0163299596922174,-0.12211304735247944,0.02030027885331663,-0.14544526700536345,0.9825156092114514,-0.1364372648237303
20.0,18.096,-0.978565317453986,-0.1400060606466605,-0.016520954358387664,-0.12283728799412467,0.020076299016852126,-0.14467810208404158,0.9823151529239241,-0.13717943854793124
20.0,18.122,-0.9787925378857741,-0.13923535661652373,-0.016714526566299036,-0.1235667640589045,0.01985394034185525,-0.14391182788519638,0.9821120351208397,-0.1379267982916832
20.0,18.148,-0.9790181662799264,-0.1384654583285856,-0.016910735072605262,-0.12430158525271094,0.019633195747204304,-0.14314644081705763,0.9819062050063295,-0.13867942601850616
20.0,18.174,-0.9792421862025215,-0.13769654071334514,-0.017109627222456243,-0.1250418355941994,0.019414060481885025,-0.1423819541574681,0.9816976107542692,-0.13943740510708652
20.0,18.2,-0.9794646531221414,-0.13692826593604532,-0.017311255845869376,-0.12578758502340698,0.0191965182134965,-0.1416183330633182,0.981486198312048,-0.14020082541787993
20.0,18.226,-0.9796855023952113,-0.13616115073175045,-0.017515672345689022,-0.1265389196006652,0.018980566936913707,-0.1408555914908445,0.9812719132987302,-0.14096977306671765
20.0,18.252,-0.9799048127774607,-0.13539468611762606,-0.017722937630678573,-0.12729595540886865,0.018766190764382414,-0.14009369612298503,0.9810546994602468,-0.1417443371894976
20.0,18.278,-0.9801225672130737,-0.13462904685027016,-0.017933105482641803,-0.12805876663736707,0.018553387898877068,-0.13933266192981045,0.9808344986067307,-0.1425246134189002
20.0,18.304,-0.9803387494145922,-0.13386440784552234,-0.018146237093672565,-0.1288274578315392,0.018342145300922635,-0.13857245678424962,0.9806112519933001,-0.1433106918393595
20.0,18.33,-0.980553412875474,-0.13310043066640698,-0.018362390535523028,-0.1296021206573193,0.01813245683655265,-0.13781308111615886,0.9803848982118597,-0.14410267065610968
20.0,18.356,-0.9807665411902599,-0.1323372901425046,-0.01858162728337807,-0.1303828478603267,0.017924313725631174,-0.1370545522114494,0.9801553753471578,-0.14490064601157251
20.0,18.382,-0.9809781407808026,-0.13157498992411376,-0.018804012308175876,-0.13116973326768672,0.017717706247845872,-0.13629682373127716,0.9799226184663624,-0.14570472034707133
20.0,18.408,-0.9811882185278527,-0.13081353369918478,-0.019029611643324132,-0.13196290317139966,0.017512626301348744,-0.13553989826688798,0.9796865622194654,-0.14651499403517732
20.0,18.434,-0.9813967810935166,-0.1300529251017687,-0.019258490618304255,-0.13276245516197507,0.017309067895065835,-0.13478379435222504,0.9794471386847475,-0.14733157204269182
20.0,18.46,-0.981603857486816,-0.1292929963907328,-0.019490718182770726,-0.13356848797287324,0.01710702186088828,-0.13402846827548945,0.9792042783113112,-0.14815456056230322
20.0,18.486,-0.9818094314398201,-0.12853392238988992,-0.019726364585213225,-0.1343811176422868,0.016906480503853998,-0.1332739244352637,0.978957909534183,-0.14898406869120634
20.0,18.512,-0.9820135317106268,-0.12777553524220034,-0.019965503950279056,-0.13520044585160187,0.016707434314490052,-0.13252015238625223,0.9787079588674698,-0.14982020843253277
20.0,18.538,-0.9822161643662017,-0.1270178383558164,-0.02020821179944551,-0.13602660783146653,0.016509880481318257,-0.1317671570332956,0.9784543506966755,-0.1506630929024694
20.0,18.564,-0.982417313217896,-0.12626100655315248,-0.02045456300135702,-0.13685969317588081,0.016313807453114663,-0.13101492948433244,0.9781970071878697,-0.1515128397986569
20.0,18.59,-0.9826170066476735,-0.1255048718067759,-0.02070463621462594,-0.13769984095348506,0.016119208886842287,-0.13026344573976356,0.9779358488321385,-0.15236956622572786
20.0,18.616,-0.9828152287443808,-0.12474960896706787,-0.02095851423374767,-0.13854715964759584,0.015926077756799283,-0.1295127132926643,0.9776707932997295,-0.15323339374790992
20.0,18.642,-0.9830120289409523,-0.1239948782835623,-0.021216279129512416,-0.13940179256575255,0.01573440350825852,-0.1287627103791181,0.9774017562434348,-0.15410444674945173
20.0,18.668,-0.9832073695851136,-0.12324102612007908,-0.021478019607162557,-0.14026385170696634,0.01554418613544206,-0.12801344497538977,0.9771286504436932,-0.15498285403266807
20.0,18.694,-0.9834012997094221,-0.12248771256352438,-0.021743821314669353,-0.14113346811414115,0.015355410921797326,-0.12726489751625233,0.9768513865954278,-0.15586874367952075
20.0,18.72,-0.9835937819746184,-0.12173528404651358,-0.02201377418871362,-0.14201077458792746,0.015168076300519714,-0.12651706271952268,0.9765698722708237,-0.15676225161096477
20.0,18.746,-0.9837848646737823,-0.120983400453553,-0.022287975140249012,-0.14289592215052177,0.014982171935141078,-0.12576993710542927,0.9762840133496126,-0.15766350955849445
20.0,18.772,-0.9839745111187652,-0.12023240832742048,-0.022566523141529335,-0.1437890474631058,0.014797694251274484,-0.1250235171185849,0.9759937119261395,-0.15857265869625253
20.0,18.798,-0.9841627688636092,-0.11948196735326239,-0.02284950909322488,-0.14469027392318923,0.01461463370976279,-0.12427778613844945,0.9756988672554769,-0.1594898427771569
20.0,18.824,-0.9843496224793596,-0.11873225236696074,-0.023137043792046685,-0.145599758310614,0.014432983167729983,-0.12353272833740005,0.9753993758972813,-0.16041520638695386
20.0,18.85,-0.9845350979105872,-0.11798309460784405,-0.023429227742810393,-0.14651766209901146,0.014252738445031589,-0.1227883715975829,0.975095132034717,-0.16134889847286188
20.0,18.876,-0.984719179775803,-0.1172346689139568,-0.023726168513093494,-0.14744411395423995,0.01407389363306646,-0.1220446728148548,0.9747860248057625,-0.16229107013107677
20.0,18.902,-0.9849018734393813,-0.11648697832269608,-0.0240279816511226,-0.14837929611453612,0.013896439390024362,-0.12130163350074832,0.9744719415171689,-0.16324188210517585
20.0,18.928,-0.985083204585084,-0.11573985393727132,-0.024334782389557035,-0.1493233592694394,0.013720372353759665,-0.12055926923394295,0.974152765836825,-0.16420149047548943
20.0,18.954,-0.9852631579005642,-0.11499347059888469,-0.024646685868671105,-0.15027645695925668,0.013545682928305037,-0.11981754075883079,0.9738283766186492,-0.16517006041965399
20.0,18.98,-0.9854417787603529,-0.11424748732088374,-0.024963817906678686,-0.15123876174833076,0.013372366458114095,-0.11907645165110922,0.9734986512444481,-0.16614775975412396
20.0,19.006,-0.9856190120005411,-0.11350242291338308,-0.02528630479016814,-0.1522104675358495,0.013200418363888756,-0.11833600615912836,0.9731634594080641,-0.16713476134581678
20.0,19.032,-0.9857949223296998,-0.11275776424472823,-0.025614274937204116,-0.15319171744765586,0.013029831139159951,-0.11759618212035639,0.9728226717970164,-0.16813123931485494
20.0,19.058,-0.9859694750387541,-0.11201385820645247,-0.025947863128007162,-0.15418271087428873,0.012860600464488716,-0.1168569856209297,0.972476150752232,-0.16913737614716
20.0,19.084,-0.9861427141442994,-0.11127036346004006,-0.026287209710377832,-0.1551836319900229,0.012692717136088947,-0.11611839688472184,0.9721237561718982,-0.17015335492730735
20.0,19.11,-0.9863146053543842,-0.1105276269745157,-0.026632455549796517,-0.15619466855616715,0.012526179128702368,-0.11538042358090149,0.9717653431750803,-0.17117936589530566
20.0,19.136,-0.9864851729029586,-0.10978547942056371,-0.02698375336257827,-0.15721602869530082,0.012360977574434334,-0.11464304806413589,0.9714007627298135,-0.1722155960259697
20.0,19.162,-0.9866544214792841,-0.10904392353756269,-0.027341253219105407,-0.15824788777897827,0.01219710783774837,-0.11390625356384246,0.9710298589575396,-0.1732622634845084
20.0,19.188,-0.986822355550742,-0.108302962024523,-0.02770510942150211,-0.1592904616205168,0.012034565636670486,-0.11317006413250424,0.9706524705501282,-0.1743195636176122
20.0,19.214,-0.9869889985903054,-0.1075624253284148,-0.028075485128229497,-0.16034394996823392,0.011873343800534671,-0.11243443895395779,0.9702684369508279,-0.1753876927557248
20.0,19.24,-0.9871543360442163,-0.10682248832265302,-0.028452556709020565,-0.16140859261095528,0.011713436939406602,-0.11169939103749271,0.9698775857708315,-0.17646687913839457
20.0,19.266,-0.987318372509172,-0.10608315367447962,-0.028836480767402403,-0.16248458012996894,0.011554839026598158,-0.11096490823222831,0.9694797376713489,-0.17755734874655338
20.0,19.292,-0.9874811123595292,-0.10534442401184849,-0.029227456126591736,-0.16357215761860577,0.011397549373264537,-0.11023099195237383,0.9690747192833714,-0.17865929264665148
20.0,19.318,-0.9876425600881806,-0.10460630196042002,-0.029625677436506195,-0.16467155665905997,0.011241555144480792,-0.10949762032797968,0.9686623324922362,-0.1797729837250538
20.0,19.344,-0.9878027382076506,-0.10386861771513699,-0.030031311739613865,-0.16578299903123175,0.011086857840086102,-0.10876479693210464,0.9682423849636521,-0.1808986598017766
20.0,19.37,-0.9879616508344875,-0.10313137378941128,-0.030444540536113066,-0.16690676805149263,0.010933448836928912,-0.10803250216669553,0.9678146802830304,-0.1820365217863839
20.0,19.396,-0.9881192838780077,-0.10239474510733917,-0.030865623729684526,-0.16804305902310868,0.010781323512815218,-0.10730075505748916,0.9673790025973383,-0.1831868706335125
20.0,19.422,-0.9882756593658178,-0.10165856172833129,-0.03129475343073907,-0.16919216419245148,0.010630476767807383,-0.10656951327091788,0.9669351446968438,-0.18434992016902144
20.0,19.448,-0.9884307638153168,-0.10092299864025125,-0.03173211937065874,-0.1703543423007817,0.010480904243933676,-0.10583879819752308,0.9664828750144042,-0.1855259656770295
20.0,19.474,-0.9885846188929759,-0.10018788580936362,-0.032177979524566656,-0.17152986536996043,0.010332601735609041,-0.10510859508944807,0.9660219654725716,-0.1867152666702606
20.0,19.5,-0.9887372283989058,-0.09945322564903587,-0.032632568387966084,-0.17271901589436045,0.010185562717230798,-0.10437890311733568,0.9655521784883462,-0.18791809682223234
20.0,19.525,-0.9888827846103448,-0.09874737638232432,-0.03307814807014564,-0.1738755260437578,0.010045367008816213,-0.10367773222622909,0.965091852985485,-0.18908769800663425
20.0,19.526,-0.9888885789083162,-0.09871919315401252,-0.0330961530216882,-0.1739220557558745,0.010039782148304487,-0.10364969841424382,0.9650732602145535,-0.1891347600395424
20.0,19.552,-0.9890387087046025,-0.09798544554087278,-0.03356892334289987,-0.17513930914153675,0.009895257471577195,-0.10292098267230126,0.9645849591557933,-0.19036552403029564
20.0,19.578,-0.9891875874983582,-0.0972523304219364,-0.03405119336998265,-0.1763710627800592,0.009751981504627858,-0.10219274733702771,0.9640870063043331,-0.19161070378964204
20.0,19.604,-0.9893352528424373,-0.09651950486222513,-0.03454325839278976,-0.17761763470908415,0.009609951939905628,-0.10146499668311294,0.963579124892307,-0.19287061092153826
20.0,19.63,-0.9894816746269105,-0.09578731652040987,-0.03504532389830347,-0.17887934656170817,0.009469162584956324,-0.10073771311159761,0.9630610258706073,-0.19414557012340053
20.0,19.656,-0.989626873653525,-0.09505559509084027,-0.03555775781335388,-0.1801564953800079,0.009329609220779626,-0.10001088066609154,0.9625324168141831,-0.1954358858803813
20.0,19.682,-0.9897708698757034,-0.09432417012129905,-0.03608079207443657,-0.1814494771298896,0.00919128923945395,-0.09928451964518156,0.9619929826232985,-0.19674192590803644
20.0,19.708,-0.9899136504125928,-0.09359321662609041,-0.03661483950206019,-0.18275857377359864,0.009054194843971061,-0.09855859439040653,0.9614424057840198,-0.19806402016071142
20.0,19.734,-0.990055218535949,-0.09286273685675223,-0.03716014409549098,-0.18408417376245467,0.008918325410919588,-0.09783312784214923,0.9608803515448754,-0.19940252765321745
20.0,19.76,-0.990195578091637,-0.092132733107371,-0.037717057885641496,-0.18542667535561733,0.008783674210496261,-0.09710807662417636,0.9603064779847886,-0.20075780339633187
20.0,19.786,-0.9903347484266988,-0.0914030347717574,-0.038285990393249696,-0.1867863852810096,0.00865023745039814,-0.09638346699513337,0.9597204198699179,-0.2021302473625928
20.0,19.812,-0.9904727168460763,-0.0906738168872306,-0.03886725324677973,-0.1881637503905493,0.008518009824778561,-0.09565927056944151,0.9591218082412664,-0.20352022093385888
20.0,19.838,-0.9906094868664475,-0.08994508168273502,-0.039461285691456904,-0.18955913410921127,0.008386990829455751,-0.09493549399652065,0.958510251375175,-0.20492814769383674
20.0,19.864,-0.9907450775798261,-0.08921665845844653,-0.04006841519241751,-0.19097297799690274,0.008257173134069212,-0.0942121240513363,0.9578853492458893,-0.2063544113298213
20.0,19.89,-0.9908794919016971,-0.08848854933029993,-0.04068910813974032,-0.19240568238969105,0.008128552943793211,-0.09348914923612325,0.9572466786072497,-0.20779945721315563
20.0,19.916,-0.9910127176628729,-0.08776092938957648,-0.04132377661015182,-0.1938576691754854,0.008001127547551898,-0.09276657074715697,0.9565937993455892,-0.20926372354142653
20.0,19.942,-0.9911447581683004,-0.0870338008024288,-0.04197289301028555,-0.1953294285327324,0.007874890910533186,-0.09204437038980795,0.9559262636388208,-0.21074762563204155
20.0,19.968,-0.9912756469676752,-0.08630681971403584,-0.042636894756386254,-0.19682140002200035,0.00774984311694898,-0.09132256354678293,0.9552435879175822,-0.21225167199780853
20.0,19.994,-0.9914053567396672,-0.08558033419935393,-0.04331627643818068,-0.1983340698357167,0.0076259766715560265,-0.09060111502292341,0.9545452860549315,-0.21377629642175205
20.0,20.02,-0.9915339054967865,-0.0848541733291365,-0.04401154229206764,-0.19986791078586852,0.007503289453943376,-0.08988003382060614,0.9538308404422365,-0.21532200875310684
20.0,20.046,-0.9916612962936977,-0.08412833917203894,-0.044723256903118,-0.20142344337612716,0.007381777708316654,-0.08915931001235343,0.9530997125186035,-0.21688930943253748
20.0,20.072,-0.9917875319608466,-0.08340283376797869,-0.04545192070874922,-0.2030011674782213,0.007261438683369568,-0.08843894609870989,0.952351347709635,-0.21847870780526923
20.0,20.098,-0.991912615332679,-0.08267765914801031,-0.04619813638919195,-0.20460164752505416,0.007142267265246761,-0.08771891617923454,0.9515851576932753,-0.22009075273238338
20.0,20.124,-0.9920365491333967,-0.08195281732489286,-0.046962514513701634,-0.20622541188159932,0.007024258698533357,-0.08699921738018887,0.9508005331722655,-0.221726000118214
20.0,20.15,-0.9921593363195347,-0.08122831032156405,-0.04774568980931063,-0.20787302298749882,0.0069074122250727035,-0.08627985870094237,0.9499968382177945,-0.2233850112252078
20.0,20.176,-0.9922809797373493,-0.08050414014250122,-0.04854824914115409,-0.20954509545723055,0.006791723986535691,-0.08556081158483067,0.9491734144734925,-0.225068353246123
20.0,20.202,-0.9924014958184834,-0.07978013554903882,-0.049370950949399015,-0.2112422470136024,0.0066771882194686695,-0.08484208027803107,0.9483295585848591,-0.22677666349905481
20.0,20.228,-0.9925208594419627,-0.07905664492133296,-0.05021448628402588,-0.21296505137268007,0.006563804489720959,-0.0841236609945904,0.947464554805656,-0.22851053416360614
20.0,20.254,-0.992639101073536,-0.07833332379512643,-0.051079591285388866,-0.21471419215862203,0.0064515680205866075,-0.08340553342094394,0.9465776384035555,-0.23027062552933794
20.0,20.28,-0.9927562229674698,-0.07761017406129928,-0.05196709566332586,-0.21649032443360197,0.006340474299227514,-0.08268769946838544,0.9456680176191221,-0.23205760066011843
20.0,20.306,-0.9928722005431925,-0.0768875441815123,-0.05287774182995765,-0.21829414367727168,0.00623052400154942,-0.08197015355824604,0.9447348658521798,-0.23387212292927462
20.0,20.332,-0.9929870634060256,-0.07616508953504965,-0.05381245006790141,-0.22012632271097823,0.00612170932674696,-0.08125287465605291,0.9437773093896616,-0.23571492231434593
20.0,20.358,-0.9931008139360635,-0.0754428119992936,-0.05477206735213284,-0.22198762673087274,0.006014031941481189,-0.08053587233499405,0.9427944366437485,-0.23758672692866442
20.0,20.384,-0.9932134411330091,-0.07472088676692284,-0.05575757988994524,-0.22387878253087123,0.005907484457848407,-0.07981913145266378,0.941785300153317,-0.23948826279611385
20.0,20.41,-0.9933249605634447,-0.07399914238334619,-0.05676997412404379,-0.2258005667577805,0.005802066728818316,-0.07910263962404217,0.9407489016018193,-0.24142030176475562
20.0,20.436,-0.9934353742756944,-0.07327758067902283,-0.057810236930097084,-0.22775380815655827,0.005697773865578487,-0.07838639715906742,0.9396841836506574,-0.2433836759437268
20.0,20.462,-0.9935446718870579,-0.07255637690102991,-0.05887946934991964,-0.22973933266408836,0.005594605327749076,-0.07767038897756488,0.938590054787233,-0.24537917810214901
20.0,20.488,-0.9936528683684153,-0.07183535949813978,-0.05997884413431456,-0.23175794566485072,0.005492555931600668,-0.07695461278584292,0.9374653603657166,-0.24740765819023558
20.0,20.514,-0.9937599657789922,-0.07111453028068423,-0.06110956200052772,-0.233810586031585,0.005391624100758617,-0.07623906038471083,0.9363088861137991,-0.24947000553424412
20.0,20.54,-0.9938659661816085,-0.07039389105264023,-0.062272796782780665,-0.23589811486317894,0.005291806451258553,-0.0755237184454317,0.9351193564511401,-0.2515671296274445
20.0,20.566,-0.993970871757093,-0.06967344361964903,-0.06346992457503531,-0.2380215143594079,0.005193100398592338,-0.07480858601416668,0.9338954395084741,-0.2536999426518755
20.0,20.592,-0.9940746843465308,-0.06895318975684492,-0.06470235670732179,-0.24018173142152457,0.005095503620035605,-0.07409364838602922,0.9326357235907013,-0.25586942169312693
20.0,20.618,-0.994177406137817,-0.0682331312572322,-0.06597155563473171,-0.24237973124970888,0.004999013255255438,-0.07337890341970384,0.9313387296585353,-0.25807655796922313
20.0,20.644,-0.9942790388645182,-0.06751326987602768,-0.06727898270964504,-0.24461663369936412,0.004903628573715087,-0.07266434409224075,0.9300028988185736,-0.2603223691933559
20.0,20.67,-0.994379596379144,-0.06679343384185807,-0.06862633801923299,-0.2468934098428022,0.004809344057534296,-0.0719499510248025,0.9286265857511631,-0.2626079308234154
20.0,20.696,-0.9944790570956576,-0.06607397199240678,-0.07001528625675901,-0.2492111983899603,0.004716158068880963,-0.07123572563420856,0.9272080722461395,-0.2649342903178533
20.0,20.722,-0.9945774459475835,-0.06535453894458752,-0.07144764319797876,-0.2515711366285121,0.004624069773738022,-0.0705216650090243,0.9257455195171392,-0.2673026264038938
20.0,20.748,-0.9946747533679117,-0.06463531000574452,-0.07292529407466719,-0.25397438365731434,0.004533075636592174,-0.06980774637007471,0.9242370162835731,-0.26971405022494727
20.0,20.774,-0.9947709922626039,-0.0639161132825035,-0.07445025002839312,-0.256422137094796,0.004443173385705282,-0.06909396794661231,0.9226805270507036,-0.2721697803905734
20.0,20.8,-0.9948661530935023,-0.06319712409074452,-0.07602465447632102,-0.2589156332937726,0.004354361580928546,-0.06838032441423912,0.9210739132709115,-0.2746710235673701
20.0,20.826,-0.9949602486367722,-0.06247817050080051,-0.07765069858637809,-0.26145617457680753,0.004266636731995729,-0.06766679962359842,0.9194149030644643,-0.2772190673575305
20.0,20.852,-0.9950532693828315,-0.061759427837235904,-0.07933075301949752,-0.26404506026462576,0.0041799972236662205,-0.06695339034269887,0.9177011050352393,-0.27981521078992505
20.0,20.878,-0.9951452277489351,-0.0610407241206838,-0.08106734874715062,-0.2666836593158059,0.004094442241493648,-0.06624009054893895,0.9159299873145378,-0.2824607891901056
20.0,20.904,-0.9952361253548465,-0.060322061018292114,-0.0828630632955761,-0.2693733476097737,0.004009967847153914,-0.06552688445827597,0.9140988674952005,-0.2851571842847136
20.0,20.93,-0.9953259632507525,-0.05960344015795162,-0.08472079870640475,-0.27211555918438185,0.003926572608536271,-0.06481376192427563,0.9122049113576247,-0.2879058015942665
20.0,20.956,-0.9954147325564376,-0.05888503691724283,-0.08664343385557635,-0.274911795046344,0.003844254539994017,-0.06410072597425293,0.9102451053994791,-0.29070810917374845
20.0,20.982,-0.9955024450858512,-0.05816667922808732,-0.08863422093596388,-0.27776353603429155,0.0037630122493706947,-0.06338775564356093,0.9082162616133532,-0.2935655983041251
20.0,21.008,-0.9955891122692199,-0.05744819496344541,-0.09069636438687796,-0.2806723776448754,0.0036828438168538358,-0.06267484383783982,0.9061149990967192,-0.29647978886942333
20.0,21.034,-0.9956747149909021,-0.05672993324668331,-0.09283355246907946,-0.28363982732160375,0.0036037474539359106,-0.061961989651102126,0.9039377235058188,-0.2994522506951121
20.0,21.06,-0.9957592645835802,-0.056011721945128386,-0.09504942601472739,-0.28666762146312136,0.003525719857092667,-0.0612491700885896,0.901680621946712,-0.30248457658461947
20.0,21.086,-0.9958427721109154,-0.055293388875794644,-0.0973481178638866,-0.2897573368511786,0.00344876231175515,-0.06053639023995087,0.8993396393207056,-0.3055784009366383
20.0,21.112,-0.9959252287440221,-0.05457510941845263,-0.09973377272310123,-0.2929107316788569,0.0033728709766138207,-0.059823627244245114,0.8969104576722642,-0.30873540070447364
20.0,21.138,-0.9960066355583379,-0.0538568851715272,-0.10221097939251043,-0.29612949463666816,0.003298045079224621,-0.05911087959007522,0.8943884854498706,-0.31195726358732195
20.0,21.164,-0.9960869936323569,-0.0531387177301075,-0.10478462196105448,-0.29941540856559457,0.0032242827838161246,-0.05839813271874829,0.891768836187937,-0.3152457039722298
20.0,21.19,-0.9961663134261005,-0.05242043483419957,-0.10745974425615856,-0.3027702526635365,0.0031515823799467195,-0.0576853800895214,0.8890462981569306,-0.3186024567000787
20.0,21.216,-0.9962445954187406,-0.05170203801882975,-0.11024192368203381,-0.30619581147651354,0.0030799438880677412,-0.056972616419078144,0.8862153222596005,-0.3220292581188494
20.0,21.242,-0.9963218225251129,-0.050983876611097614,-0.11313701094042204,-0.3096939024134219,0.003009364327121787,-0.05625982526151054,0.8832699668517978,-0.3255278973685994
20.0,21.268,-0.9963980225309367,-0.050265430520922395,-0.11615120585657197,-0.3132663673166454,0.00293984345466082,-0.05554699265705161,0.8802039072279189,-0.3291001137967775
20.0,21.294,-0.996473178252993,-0.04954704907185793,-0.119291299347271,-0.31691498426305176,0.0028713791333388246,-0.05483411401537776,0.8770103769220277,-0.3327476599986866
20.0,21.32,-0.9965472993101315,-0.04882855991072117,-0.12256437415840675,-0.32064158248832103,0.0028039715004026006,-0.05412118128255591,0.8736821411404173,-0.3364722686444481
20.0,21.346,-0.9966203861963312,-0.048109964561936724,-0.12597804759340608,-0.3244479493418838,0.002737617849957957,-0.05340817774890268,0.8702114605939716,-0.3402756302972555
20.0,21.372,-0.9966924394084552,-0.04739126454830465,-0.1295406228279827,-0.3283357821027149,0.0026723183584455566,-0.052695097108703536,0.8665900495915164,-0.34415938306886296
20.0,21.398,-0.9967634513003483,-0.046672635359037484,-0.13326083624316123,-0.33230677071156517,0.002608070725072332,-0.051981931601642696,0.8628090241808068,-0.34812511180437006
20.0,21.424,-0.9968334389066533,-0.045953730595095964,-0.13714811859955545,-0.3363624931571128,0.002544876011496449,-0.05126866056524577,0.8588588719411847,-0.3521742813212525
20.0,21.45,-0.9969023942319751,-0.045234725719357896,-0.14121258790645141,-0.34050443942213454,0.0024827310425785606,-0.05055528149067277,0.8547293754483983,-0.3563082684828513
20.0,21.476,-0.996970317784626,-0.044515622248323075,-0.14546513760856866,-0.3447339280710607,0.00242163681684569,-0.04984178027091185,0.8504095808232688,-0.360528266431146
20.0,21.502,-0.9970372098461954,-0.04379642168675341,-0.1499173133577865,-0.34905218139945055,0.002361591917061065,-0.04912814435052934,0.8458877078277407,-0.3648353155131423
20.0,21.528,-0.9971030785638068,-0.04307695152597992,-0.1545817802831749,-0.35346010275023976,0.0023025951956639553,-0.04841436323923167,0.8411511125628143,-0.3692301906939151
20.0,21.554,-0.9971679162255719,-0.04235738726295568,-0.15947201639838499,-0.3579583843633476,0.0022446465685729907,-0.04770042911222826,0.8361861787199348,-0.373713424533919
20.0,21.58,-0.997231723236208,-0.041637730404527604,-0.1646024298336536,-0.3625474510482015,0.0021877455880324444,-0.04698632666250722,0.8309782757806261,-0.37828517348145213
20.0,21.606,-0.9972945070299386,-0.04091780839076315,-0.16998879156053906,-0.36722721640487904,0.002131891146963707,-0.04627204523054127,0.8255116484764172,-0.382945199722668
20.0,21.632,-0.9973562674104135,-0.0401976226844765,-0.1756478069001966,-0.3719972595692426,0.0020770834007234422,-0.04555756880344966,0.8197693298308865,-0.38769277901039323
20.0,21.658,-0.997416997408587,-0.03947734883551816,-0.18159775383033608,-0.3768564682363247,0.002023321222866876,-0.044842893065124505,0.8137330431684761,-0.3925265873415444
20.0,21.684,-0.9974767039748631,-0.03875681424595456,-0.18785812006410904,-0.3818031747565447,0.001970604962242943,-0.04412799997441009,0.8073830935712948,-0.397444616333153
20.0,21.71,-0.9975353869207081,-0.03803602037895321,-0.194449992958639,-0.38683486639541526,0.0019189347102612129,-0.04341287507615392,0.8006982650171963,-0.4024439995383873
20.0,21.736,-0.9975930458304348,-0.03731496868945867,-0.20139622733571186,-0.3919480363810576,0.0018683097394007388,-0.04269751339955123,0.793655667515894,-0.4075209284726873
20.0,21.762,-0.9976496805205717,-0.036593660641870585,-0.20872119101324135,-0.39713819844717246,0.0018187296539589244,-0.04198189571030217,0.7862306481169816,-0.4126703953899835
20.0,21.788,-0.9977052905804692,-0.03587209769268382,-0.2164514648102794,-0.40239938731875036,0.0017701946397415827,-0.04126601486179511,0.7783966214412192,-0.41788605340010293
20.0,21.814,-0.9977598819665868,-0.035150107165558886,-0.22461560562855692,-0.407724131638315,0.0017227048486542433,-0.040549848232312044,0.7701249680049166,-0.42315989573792384
20.0,21.84,-0.9978134417626812,-0.034428038789113394,-0.23324429106651515,-0.4131031554605463,0.001676261018672709,-0.039833392786503594,0.7613848408670811,-0.42848206626007035
20.0,21.866,-0.9978659817092183,-0.033705545729744046,-0.24237069900336117,-0.41852494202516993,0.0016308623096660975,-0.039116633591587215,0.7521430693071347,-0.43384040356095405
20.0,21.892,-0.9979174952705839,-0.032982803590230654,-0.25203036636821585,-0.42397549835441195,0.00158650924304712,-0.0383995509928819,0.7423639935576474,-0.4392201975981906
20.0,21.918,-0.9979679875640284,-0.03225963965041613,-0.2622617014403006,-0.4294377102333022,0.0015432027101917574,-0.037682136118906924,0.7320093350245406,-0.44460360875825833
20.0,21.944,-0.9980174575852275,-0.03153605534021247,-0.2731055851917444,-0.43489112752436,0.0015009424710025617,-0.03696437503800911,0.7210380927243419,-0.44996918789397156
20.0,21.97,-0.9980658991840597,-0.03081222629472026,-0.28460620597360753,-0.4403108967060638,0.0014597295068060445,-0.03624624724522209,0.7094064298845489,-0.4552912500184849
20.0,21.996,-0.9981133168761442,-0.030087979766537355,-0.29681029612648513,-0.4456675993015019,0.0014195641115158936,-0.03552774935926728,0.6970676486187559,-0.4605392139572476
20.0,22.022,-0.9981597096637754,-0.029363317192973408,-0.3097678020778585,-0.450926005944281,0.0013804472226335146,-0.034808855942457036,0.6839721447558752,-0.46567669790719546
20.0,22.048,-0.9982050715530565,-0.028638414233711145,-0.3235315900555621,-0.4560442971769848,0.0013423790659389157,-0.03408955610886365,0.6700675517496596,-0.47066062346237786
20.0,22.074,-0.998249411443997,-0.027912923893509457,-0.3381571849939895,-0.4609730566789967,0.0013053607355410957,-0.03336983979873143,0.6552988501816709,-0.47544008624981876
20.0,22.1,-0.9982927232204213,-0.02718702183007083,-0.35370269067407695,-0.4656538786884642,0.001269393290859973,-0.03264968607822169,0.6396087142286223,-0.4799551979377198
20.0,22.126,-0.9983350102815702,-0.02646053524365345,-0.3702282495880188,-0.4700180581789348,0.0012344779370899721,-0.03192907908760249,0.6229380351629935,-0.4841355577707115
20.0,22.152,-0.9983762666535547,-0.025733639811119563,-0.3877953952030272,-0.47398492497078026,0.0012006148859815186,-0.031208004470883472,0.6052266161988181,-0.487898769808179
20.0,22.178,-0.9984164907765964,-0.02500633697346909,-0.40646590728429854,-0.4774602331638585,0.0011678061900221733,-0.030486450072812,0.5864142453360073,-0.4911486793133599
20.0,22.204,-0.99845568166777,-0.024278628190061376,-0.4263006101284578,-0.48033407261886707,0.0011360529382305556,-0.02976439352261918,0.5664421512895199,-0.4937734597908251
20.0,22.23,-0.9984938459921856,-0.023550166369301115,-0.44735750922521567,-0.48247883523204227,0.001105355949424495,-0.029041822200591882,0.5452548952161541,-0.4956435639268594
20.0,22.256,-0.9985309736970294,-0.022821301483516243,-0.4696891514885567,-0.4837471528426971,0.0010757170320299673,-0.028318718402742502,0.5228029660620841,-0.4966096950760307
20.0,22.282,-0.9985670672013803,-0.022091860710270174,-0.49333967502150217,-0.4839694923298695,0.0010471382946528915,-0.027595066521874097,0.4990460565842939,-0.4965006346348201
20.0,22.308,-0.9986021248035286,-0.02136184549810671,-0.5183403166475948,-0.482952536770801,0.0010196203888562514,-0.026870844609775024,0.4739572401371929,-0.4951214115171644
20.0,22.334,-0.9986361443435532,-0.02063125729086349,-0.5447046394203985,-0.4804770973905345,0.0009931659336312533,-0.026146042171707476,0.4475281952657567,-0.4922517223099642
20.0,22.36,-0.9986691239276079,-0.01990009754379169,-0.5724221982448721,-0.47629692253353423,0.000967776272043611,-0.025420635456713178,0.4197756430613604,-0.48764503878036597
20.0,22.386,-0.9987010649860287,-0.01916819341085418,-0.6014504995232769,-0.47013914585072125,0.0009434532110142131,-0.024694610532401413,0.39074894831401685,-0.4810287970548169
20.0,22.412,-0.9987319618202292,-0.018435720649711395,-0.6317063643296744,-0.4617052273842417,0.0009201992394703999,-0.02396794542953927,0.36053906593493845,-0.4721060894343343
20.0,22.438,-0.9987618154008476,-0.017702506411891045,-0.6630558317605014,-0.45067436725273685,0.0008980164527132277,-0.02324062381868649,0.3292886146871248,-0.46055953804456723
20.0,22.464,-0.9987906202302504,-0.016968726477979257,-0.6953026375969302,-0.4367102822941977,0.0008769073398833262,-0.022512627457287295,0.2972027149595887,-0.4460579829364683
20.0,22.49,-0.9988183769224409,-0.01623420800069247,-0.728177140952658,-0.4194707821872199,0.0008568736605139637,-0.021783934788530985,0.26456005469533783,-0.42826688908500066
20.0,22.516,-0.9988450801237522,-0.015499126782463747,-0.7613253624871993,-0.3986222667271922,0.0008379186202205891,-0.021054527254969133,0.23172303348944562,-0.4068629592945142
20.0,22.542,-0.9988707326678136,-0.014763135642905777,-0.7943004841428871,-0.3738586765709341,0.0008200443768346547,-0.020324383616508596,0.19914569698353637,-0.38155363777434387
20.0,22.568,-0.9988953289482734,-0.014026410393374067,-0.8265578746973413,-0.3449263720345679,0.0008032537874196393,-0.019593485675432242,0.1673774078546339,-0.35210146554149996
20.0,22.594,-0.9989188661357914,-0.013288952525767346,-0.8574570207131743,-0.3116523239848784,0.0007875501960589909,-0.018861814162868577,0.13706012612144397,-0.3183525967693541
20.0,22.62,-0.9989413435581449,-0.01255058919157762,-0.8862716221019008,-0.27397673889396684,0.0007729360265797329,-0.01812934439428758,0.10891683769482091,-0.2802679551144308
20.0,22.646,-0.9989627558017624,-0.011811496238200023,-0.9122111346846947,-0.23198466147574248,0.0007594143992480984,-0.017396055109651476,0.08372926924792938,-0.23795411444196804
20.0,22.672,-0.998983101788661,-0.011071500825563825,-0.9344543162275223,-0.185934031622279,0.0007469892161347219,-0.016661929407301025,0.062303666391053884,-0.19168974437144204
20.0,22.698,-0.9990023762727822,-0.010330778826038355,-0.9521943623700726,-0.13627617120510066,0.0007356632516963498,-0.015926938715096733,0.045425481850874076,-0.141942986371625
20.0,22.724,-0.9990205794435032,-0.00958898304778224,-0.9646937710834802,-0.08365993243503195,0.0007254406560629757,-0.01519106642401524,0.03380561090985954,-0.08937465335558678
20.0,22.75,-0.9990377042441637,-0.008846463743854437,-0.9713427598452794,-0.028919389805316963,0.0007163244697220001,-0.014454285970473324,0.028023544708790524,-0.03482325276993561
20.0,22.776,-0.9990537502090704,-0.008102873729386104,-0.9717146264864314,0.02696015969732407,0.0007083190479581251,-0.013716574427219474,0.028474532571732138,0.02072974244194695
20.0,22.802,-0.9990687119470876,-0.007358388919180978,-0.9656095383047166,0.0828938182567353,0.0007014279787283472,-0.012977909786474354,0.03532875717465815,0.07621272725747424
20.0,22.828,-0.9990825868032933,-0.006612836503565549,-0.9530793501942766,0.13776518413339114,0.0006956558494116009,-0.012238265160559685,0.04850941115435709,0.13052976598846597
20.0,22.854,-0.9990953694623526,-0.005866392424687959,-0.9344287566779538,0.1904977550668332,0.0006910066491844903,-0.01149761933155688,0.06769392415157084,0.18263111296666582
20.0,22.88,-0.9991070568825948,-0.005118883891182898,-0.9101918798046985,0.24012451251009162,0.0006874848531256676,-0.010755945303063048,0.09233875593120111,0.23157942616297233
20.0,22.906,-0.9991176438482968,-0.004370486873223768,-0.8810880278747029,0.28584377317245463,0.0006850952075468189,-0.010013217931263505,0.1217237715053021,0.2766026797363506
20.0,22.932,-0.99912712751645,-0.003620854218887718,-0.847963536494308,0.3270560168200532,0.0006838424065082734,-0.009269410277589683,0.15500947182896666,0.3171283047268784
20.0,22.958,-0.9991355023902909,-0.002870161922584784,-0.8117286719915895,0.3633782319577315,0.0006837314506436969,-0.008524497779772119,0.19129855216048605,0.3527960687810868
20.0,22.984,-0.9991427641783189,-0.0021182372319137883,-0.773297200156004,0.3946388962405913,0.0006847675689142787,-0.00777845158495361,0.22969400662207778,0.3834512549262473
20.0,23.01,-0.9991489074714295,-0.001365256172694372,-0.7335357351835439,0.42085560064451316,0.0006869560405227864,-0.007031245739138741,0.26934761911735383,0.4091222127623979
20.0,23.036,-0.9991539275183464,-0.0006110460191399938,-0.6932264463697739,0.442201774095516,0.000690302309443495,-0.006282851274587499,0.3094956635796397,0.4299879425376339
20.0,23.062,-0.9991578189734073,0.00014439155674331926,-0.6530436120726387,0.45896929184587293,0.0006948122324859545,-0.005533239795956614,0.34948084933072643,0.4463412484329992
20.0,23.088,-0.9991605763975324,0.0009010548668084137,-0.6135431574895526,0.47153094848742044,0.0007004915487267871,-0.004782381838997644,0.3887618445528158,0.45855224675666834
20.0,23.114,-0.999162194258275,0.0016589422063793444,-0.5751629542306971,0.4803061938524125,0.0007073464334278955,-0.004030248246194603,0.4269128014653797,0.4670354961870456
20.0,23.14,-0.9991626664848201,0.002418226240582795,-0.5382304055160829,0.48573296412751654,0.0007153832754948799,-0.0032768086600221858,0.46361560923591993,0.4722226702554728
20.0,23.166,-0.9991619875147494,0.0031787308434288045,-0.5029748456971598,0.4882456998412853,0.0007246085668183758,-0.0025220320458522,0.4986478553607911,0.47454140187642596
20.0,23.192,-0.9991601507899179,0.003940628643741531,-0.4695419738857124,0.4882596403154634,0.0007350290673449844,-0.001765886872777781,0.5318685730885455,0.47440013497466593
20.0,23.218,-0.9991571499587217,0.004703917864195603,-0.4380088506795059,0.48616060967194713,0.0007466516304618708,-0.0010083408084773497,0.5632036638441117,0.4721781755838618
20.0,23.244,-0.9991529785520948,0.005468596707455909,-0.40839809775414665,0.48229913488332027,0.000759483662988638,-0.0002493613762834963,0.5926320414750061,0.4682201254023051
20.0,23.27,-0.9991476289069086,0.006234837739910202,-0.3806908917012794,0.47698772926605365,0.000773532439112937,0.0005110850878391163,0.6201732153947245,0.46283341508951187
20.0,23.296,-0.9991410939174421,0.007002639119311637,-0.3548375729006361,0.4705011690986471,0.0007888058062026855,0.0012730328062560098,0.645876651462016,0.45628836933305306
20.0,23.322,-0.9991333676926222,0.007771824598800349,-0.3307669167059579,0.4630779176823423,0.0008053116119175966,0.002036516511413435,0.6698129508400712,0.4488197306063059
20.0,23.348,-0.9991244417903151,0.00854256667471439,-0.30839344225861526,0.45492272136783074,0.0008230581203103368,0.0028015721360768017,0.6920666787345815,0.4406292041293489
20.0,23.374,-0.9991143087379395,0.009314863435398724,-0.2876230352470784,0.44620985620455833,0.0008420537397815582,0.0035682355721297974,0.7127308253677972,0.4318885176378126
20.0,23.4,-0.9991029591260057,0.010088887320617013,-0.2683574179434255,0.4370863536042867,0.000862307260166592,0.004336544436385915,0.7319024446369403,0.4227426913616084
20.0,23.426,-0.9990903848157885,0.010864636362496613,-0.25049742132432834,0.4276753656035108,0.0008838276874439339,0.0051065364437956695,0.7496795079540397,0.4133132557474744
20.0,23.452,-0.9990765774564354,0.011642108565312698,-0.23394531467142132,0.4180792739387496,0.0009066244654752181,0.005878250975301559,0.7661585733669339,0.40370133554373905
20.0,23.478,-0.9990615307910025,0.012421127537166137,-0.21860660170858276,0.40838255509512184,0.0009307070974755477,0.006651726407715413,0.7814331315503433,0.39399047008593846
20.0,23.504,-0.9990452296674674,0.01320221433329296,-0.2043908292597615,0.398654504168187,0.0009560854282243062,0.00742700386950531,0.7955925657307994,0.3842491761065931
20.0,23.53,-0.9990276694036346,0.013985018128786022,-0.19121255404364626,0.3889514226272721,0.0009827699923685095,0.008204125077526644,0.8087214410593597,0.37453316898181144
20.0,23.556,-0.9990088410532881,0.014769536811673272,-0.17899154545787582,0.3793186840827448,0.0010107711376536777,0.008983131755120817,0.8208991487426935,0.36488744154274416
20.0,23.582,-0.9989887300745618,0.015556116951910516,-0.16765295128690882,0.3697924985625186,0.001040099952800377,0.00976406725640207,0.8321998101449043,0.355347839166273
20.0,23.608,-0.9989673263761568,0.016344756352716743,-0.157127218036402,0.36040141278256993,0.0010707676097779994,0.01054697599242927,0.8426922403816351,0.34594265932116375
20.0,23.634,-0.9989446226536443,0.017135278432890574,-0.14735022324647884,0.35116747282126193,0.0011027857527462328,0.011331903483792292,0.852440113356445,0.33669386082280794
20.0,23.66,-0.9989206057517397,0.01792785528147792,-0.13826269189066082,0.3421074739297866,0.0011361663969308355,0.012118894388813596,0.8615021895961641,0.32761810644936384
20.0,23.686,-0.9988952649806782,0.01872248459288101,-0.129809970825643,0.33323386003971156,0.0011709219581261903,0.012907998135762353,0.8699325409152351,0.31872774735041093
20.0,23.712,-0.9988685860865433,0.019519338359412237,-0.12194216379060945,0.3245553303584989,0.0012070653777626662,0.01369926132195426,0.8777808727202299,0.31003148740526204
20.0,23.738,-0.9988405575891105,0.020318414183783787,-0.11461318793471711,0.3160777266643744,0.0012446094923549502,0.014492733374211907,0.8850927892477604,0.3015351198864147
20.0,23.764,-0.9988111677798237,0.02111970962657642,-0.10778095432127763,0.3078044026678025,0.0012835681224802338,0.015288465935316473,0.8919101063064878,0.2932420173306901
20.0,23.79,-0.9987804047679556,0.02192322220618364,-0.1014069525473871,0.2997367340214427,0.0013239554269775594,0.01608651169692416,0.8982711503429355,0.2851535739338276
20.0,23.816,-0.9987482484548256,0.02272929802473864,-0.09545575678452017,0.2918745660160426,0.0013657859595192067,0.01688692208522735,0.9042110264669428,0.2772695928684785
20.0,23.842,-0.998714693829188,0.0235375858580588,-0.08989515266158715,0.2842163279762123,0.0014090745312123195,0.01768975124885177,0.9097618757521648,0.2695886554550584
20.0,23.868,-0.9986797197924138,0.024348431691683266,-0.08469541613423504,0.276759629772832,0.0014538365229187554,0.018495054707810123,0.9149531490353338,0.26210826536805204
20.0,23.894,-0.9986433170002192,0.02516165852298981,-0.07982946293233299,0.2695011321275287,0.0015000884357405486,0.01930289150512138,0.9198118145664816,0.25482518315866937
20.0,23.92,-0.9986054628208643,0.025977612191998976,-0.07527251489266495,0.26243696003908046,0.0015478460030853862,0.02011331887860957,0.9243625889816596,0.24773551963330825
20.0,23.946,-0.9985661472464054,0.026796115583419867,-0.07100170038308891,0.2555627239202997,0.0015971267454250823,0.02092639673325578,0.9286281253394988,0.2408349372637096
20.0,23.972,-0.9985253509214361,0.027617340104441956,-0.06699627164993263,0.24887371599495972,0.0016479481470908074,0.02174218493876284,0.9326291950862209,0.23411875131675844
20.0,23.998,-0.9984830585788388,0.028441282806981168,-0.06323702431272206,0.24236501851539555,0.0017003285705867277,0.02256074901580395,0.9363848629778984,0.22758202074412967
20.0,24.024,-0.9984392495402526,0.029268114942847135,-0.05970633945194779,0.23603146868232902,0.0017542861873043345,0.02338215060575417,0.9399126263816161,0.2212196601836467
20.0,24.05,-0.9983939075559315,0.030097833419183616,-0.05638818336866334,0.229867868763454,0.0018098409617084115,0.024206458716434707,0.9432285625678141,0.21502646631330255
20.0,24.076,-0.9983470104654358,0.030930609316068503,-0.05326763767117432,0.22386900292933432,0.0018670121920938958,0.02503373729579403,0.9463474483873865,0.2089972254222496
20.0,24.102,-0.9982985464118072,0.031766265143773786,-0.05033109638998831,0.2180296311892533,0.0019258212322137936,0.025864058155429883,0.9492828785198414,0.2031267032186561
20.0,24.128,-0.9982484925608481,0.03260497183588523,-0.04756600591206242,0.21234453763096622,0.0019862894366388852,0.026697492993462277,0.9520473739049836,0.1974096897754893
20.0,24.154,-0.9981968188315041,0.03344707442107965,-0.04496079237817145,0.20680858120417975,0.0020484381722235064,0.027534113154541056,0.9546524608412892,0.1918410801857029
20.0,24.18,-0.9981435179981791,0.03429222095703072,-0.04250479770739851,0.201416761599765,0.002112290760067417,0.028373995317220842,0.957108767646399,0.18641584643087614
20.0,24.206,-0.9980885588862427,0.035140756286784224,-0.04018818534424663,0.19616411622755903,0.002177870212887676,0.029217214060067463,0.9594261102222879,0.18112903371201214
20.0,24.232,-0.9980319211019045,0.035992676707384486,-0.03800183600080121,0.1910458654792622,0.002245201822309323,0.03006385211151875,0.9616135431357998,0.17597584764943855
20.0,24.258,-0.9979735777946084,0.03684815262181663,-0.035937404082074416,0.18605728125440224,0.002314309597854515,0.030913986078814612,0.9636794386666775,0.17095158535973176
20.0,24.284,-0.9979135072658187,0.03770718011814454,-0.03398712289266107,0.18119386206667903,0.0023852204912182704,0.031767703696605754,0.9656315384438996,0.16605170373384445
20.0,24.31,-0.997851687673741,0.03856975520101536,-0.032143829312324075,0.17645116666198338,0.0024579612990069132,0.03262508823071895,0.9674770090373861,0.1612717871596466
20.0,24.336,-0.9977880826935401,0.03943622206161681,-0.030400787715641246,0.17182495504487935,0.0025325592842063735,0.03348622823456505,0.9692224894214042,0.15660755864474585
20.0,24.362,-0.9977226754029371,0.040306402291916614,-0.028751916897365205,0.16731107863808922,0.0026090437439256963,0.03435121004660476,0.9708741328958151,0.15205488508477416
20.0,24.388,-0.9976554276633094,0.04118063980348538,-0.02719145918984664,0.16290559706566854,0.002687444060066208,0.035220134765589675,0.9724376491247315,0.14760977626776486
20.0,24.414,-0.9975863212976831,0.042058755953932034,-0.025714106273799657,0.15860465160597212,0.0027677914725107136,0.036093092368554645,0.9739183377896945,0.14326838006887352
20.0,24.44,-0.9975153157638957,0.04294109433237872,-0.024314920922878874,0.15440453687916444,0.0028501175238530648,0.03697017993418484,0.9753211253736772,0.13902698117231121
20.0,24.466,-0.9974423842033036,0.04382765014141084,-0.022989321634589777,0.15030171592603003,0.0029344552056277213,0.03785150120599436,0.976650592660372,0.13488200342545567
20.0,24.492,-0.9973674987975817,0.044718418439840715,-0.021733036493572076,0.14629275089040117,0.0030208392151358067,0.038737162186790686,0.9779110003018037,0.13082999641412216
20.0,24.518,-0.9972906153066734,0.04561374227881517,-0.020542085532601503,0.14237432426366323,0.0031093044556550656,0.03962726212879063,0.9791063175204552,0.12686764357602534
20.0,24.544,-0.9972117039717586,0.04651361637600654,-0.019412765511368325,0.13854328894838341,0.0031998875554914374,0.04052191638057734,0.9802402422181211,0.12299175393112634
20.0,24.57,-0.9971307257914174,0.04741820932133307,-0.01834161950981986,0.13479658543094553,0.003292627409159352,0.04142123973177035,0.9813162239108464,0.11919925305679523
20.0,24.596,-0.9970476490577415,0.04832751548618869,-0.017325427359776668,0.1311312923484921,0.003387562094530264,0.04232534767454416,0.982337480454008,0.11548718615590567
20.0,24.622,-0.9969624324988607,0.04924170307374973,-0.016361174689332778,0.1275445819606136,0.003484732510050365,0.04323435264096602,0.983307018228176,0.11185271197640992
20.0,24.648,-0.9968750335769752,0.05016094006711732,-0.015446048246162344,0.12403375205860372,0.0035841812413707624,0.044148391206898924,0.984227645081262,0.10829309853882124
20.0,24.674,-0.996785408136318,0.05108539420394183,-0.014577418594164112,0.12059621188087497,0.003685952854401742,0.04506757658188074,0.9851019874738708,0.1048057151843716
20.0,24.7,-0.9966935197031589,0.052015059023048364,-0.013752815691397857,0.1172294299914012,0.0037900915160681147,0.04599205207779904,0.9859325023554427,0.1013880355582525
20.0,24.726,-0.9965993122248094,0.05295027573788553,-0.012969944141970374,0.11393104604272816,0.003896645555713068,0.046921947682269864,0.9867214902503709,0.09803762974840623
20.0,24.752,-0.9965027463964029,0.05389103739008341,-0.012226633539782067,0.11069871292145644,0.00400566336727262,0.04785740421374168,0.9874711065649769,0.09475215746772171
20.0,24.778,-0.9964037818083752,0.054837336800592475,-0.011520866938278838,0.10753024527144887,0.004117194941978928,0.048798560601572574,0.9881833710678768,0.09152937452969187
20.0,24.804,-0.9963023477365626,0.055789688225722035,-0.010850740057051758,0.1044234951831327,0.00423129423230693,0.049745568558286435,0.9888601790293062,0.088367114737148
20.0,24.83,-0.9961984001762497,0.05674808386831248,-0.010214470943784984,0.10137642096464089,0.00434801541803334,0.05069858617781883,0.9895033086311416,0.08526329540626987
20.0,24.856,-0.99609188381669,0.057712689526949634,-0.009610384034188466,0.09838704425940402,0.004467414873835711,0.05165775836505946,0.9901144294526164,0.08221591746820822
20.0,24.882,-0.9959827516800275,0.05868349682947568,-0.009036904705315353,0.09545348055015147,0.004589552661613804,0.05262326237276764,0.9906951106737769,0.07922305133056019
20.0,24.908,-0.9958709244284427,0.05966101857404168,-0.008492553474945262,0.09257391117119658,0.00471448944693847,0.053595259613168675,0.9912468267481879,0.07628284140702174
20.0,24.934,-0.995756350838717,0.060645245640236205,-0.007975938044120112,0.0897465818721317,0.004842290074143127,0.05457392373905339,0.9917709645974733,0.07339350184887543
20.0,24.96,-0.9956389785494913,0.06163616861566158,-0.007485746081623872,0.08696980248856225,0.0049730193894499085,0.05555943408936605,0.9922688297297558,0.07055330849161476
20.0,24.986,-0.9955187098778722,0.06263447276236588,-0.007020743899082897,0.08424195697170787,0.0051067476183755175,0.05655198070130963,0.9927416504873622,0.06776060614339637
20.0,25.012,-0.995395509270568,0.06363980027626107,-0.006579770225569779,0.08156149410415783,0.005243544896759103,0.05755174422971897,0.9931905841465725,0.06501379495748479
20.0,25.038,-0.9952692734941258,0.06465283542541707,-0.006161725071170679,0.07892690316178075,0.005383488447254269,0.058558940575416676,0.9936167213912306,0.062311333933849494
20.0,25.064,-0.995139951945873,0.0656733933120567,-0.005765575139448451,0.07633674755580108,0.00552665369221117,0.05957375429788066,0.9940210900517829,0.05965173901881507
20.0,25.09,-0.9950074464299907,0.06670198337820012,-0.005390345155958932,0.07378963500895046,0.005673123716131575,0.06059641802688986,0.9944046596275116,0.05703357764932533
20.0,25.116,-0.9948716782628332,0.06773876708249395,-0.005035113001939292,0.0712842280810015,0.005822980831987974,0.061627130307671175,0.9947683452188171,0.054455464881071176
20.0,25.142,-0.9947325661619756,0.06878390534721988,-0.004699006618986815,0.06881922299248214,0.005976314410642211,0.06266613796081655,0.99511300997085,0.0519160680379196
20.0,25.168,-0.9945900134735752,0.06983773208743382,-0.004381205373846138,0.06639339656862954,0.00613321666241375,0.06371366542711146,0.995439469253438,0.049414097437677294
20.0,25.194,-0.9944439325555987,0.0709004069749845,-0.0040809296428764,0.06400553617128567,0.0062937812466171035,0.06476995692983673,0.9957484930441693,0.04694830912098203
20.0,25.22,-0.9942942325521295,0.07197208903810037,-0.0037974448263319027,0.061654493618387644,0.006458109416567164,0.06583526875767441,0.9960408089595919,0.04451750057389025
20.0,25.246,-0.9941407811315219,0.07305345716813064,-0.0035300544071728223,0.05933915031031578,0.006626306217130978,0.06690986175302371,0.9963171046147442,0.04212051157151429
20.0,25.272,-0.9939835048009409,0.07414432179463012,-0.003278099599923124,0.057058433570318486,0.006798478204154232,0.0679940008064629,0.9965780303701128,0.03975621452325259
20.0,25.298,-0.9938222627769722,0.07524536012264803,-0.0030409573302123496,0.05481131601339711,0.006974740576529143,0.06908797749782784,0.9968242008410924,0.037423523868461935
20.0,25.324,-0.9936569479734758,0.07635672793128663,-0.0028180339578091455,0.052596778880124886,0.007155211196387552,0.07019207102907828,0.9970561978066533,0.03512138805803964
20.0,25.35,-0.9934874358968181,0.07747875355878119,-0.002608771778797068,0.050413878284334794,0.007340015147762979,0.0713066037600302,0.9972745714237663,0.03284878664373291
20.0,25.376,-0.9933136108572552,0.07861159096934611,-0.00241263977560599,0.04826166585000085,0.007529281262345843,0.0724318681950935,0.9974798423682396,0.03060473607273479
20.0,25.402,-0.9931353113706629,0.07975591321581235,-0.0022291326518941294,0.04613925035440896,0.007723145736762993,0.07356820878663038,0.9976725037176001,0.028388278004654342
20.0,25.428,-0.9929524110512491,0.08091187204424244,-0.0020577747339765805,0.04404575475304213,0.007921750628210709,0.0747159557037529,0.9978530219190876,0.026198486730555547
20.0,25.454,-0.9927647647507325,0.08207979143911105,-0.0018981110236040968,0.041980347804577225,0.008125244643369159,0.0758754667590982,0.9980218385432277,0.024034466129854114
20.0,25.48,-0.9925721922990361,0.08326034059564394,-0.0017497126733061201,0.03994221539217694,0.008333783314475715,0.07704710168895648,0.9981793720124573,0.021895339618169255
20.0,25.506,-0.9923745499741586,0.08445366750239572,-0.001612171386393969,0.03793057465146713,0.008547529444282286,0.0782312486103554,0.9983260180879856,0.01978026617984289
20.0,25.532,-0.9921716587146413,0.08566026522238893,-0.0014850978735903512,0.035944660744371665,0.008766656017552396,0.07942829719160678,0.998462151848301,0.01768842155216147
20.0,25.558,-0.9919633318488991,0.08688062518039301,-0.0013681242701374238,0.033983742114838573,0.008991342721104934,0.08063866637800914,0.9985881283876009,0.015619008112966216
20.0,25.584,-0.9917493901870924,0.08811506397744,-0.0012609002091218443,0.032047112592495194,0.009221778064079327,0.08186279591705836,0.998704283590577,0.01357125011105286
20.0,25.61,-0.991529615917442,0.08936424263900346,-0.0011630929941808946,0.030134080626060305,0.009458158349083354,0.08310110832343813,0.9988109357727288,0.011544393071907159
20.0,25.636,-0.9913037974749993,0.09062864707316888,-0.0010743863246765678,0.028243984514317342,0.00970069341317574,0.08435409445051244,0.9989083861066329,0.009537702815802183
20.0,25.662,-0.9910717143000031,0.09190876112931921,-0.0009944796039579493,0.026376181914917765,0.00994960299606414,0.08562223831775953,0.9989969195822835,0.007550464991119229
20.0,25.688,-0.9908331360892855,0.09320506644220353,-0.0009230855265703067,0.024530043594870304,0.010205116338409554,0.08690603586523471,0.9990768058285973,0.005581983543041648
20.0,25.714,-0.9905878058928631,0.09451821518994256,-0.0008599330359610628,0.022704972748856602,0.0104674734074527,0.08820601531635322,0.9991482998552145,0.003631580212637306
20.0,25.74,-0.9903354555020568,0.09584885691103952,-0.0008047623427863802,0.02090038055174861,0.010736932945776965,0.08952274814078366,0.9992116427322328,0.0016985935860387256
20.0,25.766,-0.9900758040978044,0.09719763825820255,-0.0007573275404061911,0.019115699041706336,0.011013762595731705,0.09085679946427692,0.9992670622372611,-0.00021762134588256443
20.0,25.792,-0.9898085756962324,0.09856503014130105,-0.0007173938155716018,0.017350381550300734,0.011298245520422042,0.09220877955053536,0.9993147734980362,-0.002117694250016465
20.0,25.818,-0.9895334466686659,0.09995184581911577,-0.0006847381571727161,0.01560389420137805,0.011590682249400186,0.0935793131569193,0.9993549795341126,-0.004002240350146606
20.0,25.844,-0.9892500779154405,0.10135889488064753,-0.0006591480601039677,0.013875720309307822,0.011891384325180762,0.09496906254889202,0.9993878717961571,-0.0058718605510017854
20.0,25.87,-0.988958114612322,0.10278698305240515,-0.0006404211547540758,0.012165358312500398,0.012200689949460592,0.09637872726429707,0.9994136306649287,-0.007727142617913006
20.0,25.896,-0.9886572213136118,0.10423656678199762,-0.0006283651501978009,0.010472322540247651,0.012518950817450815,0.09780902463019907,0.9994324259372828,-0.009568661580151887
20.0,25.922,-0.9883469539755357,0.10570896093230327,-0.0006227964142173213,0.008796140035307634,0.01284653582085223,0.09926070106562244,0.999444417241356,-0.011396980316078383
20.0,25.948,-0.9880269404703697,0.10720461276093758,-0.000623540641578957,0.007136353421026722,0.013183841711793038,0.10073456710863643,0.9994497544434691,-0.013212650668753415
20.0,25.974,-0.9876966953625524,0.10872482672868314,-0.0006304317343769566,0.005492517899826045,0.013531288745068185,0.10223145379910005,0.9994485780578286,-0.015016213172789814
20.0,26.0,-0.987355766384169,0.1102703841023614,-0.0006433114188457136,0.0038642013011973304,0.013889317804454817,0.10375223765936586,0.9994410195696067,-0.016808198356507004
40.0,0.0,-7.528282425753864e-07,-1.5851605526532065e-06,-0.9983076473924999,0.002137375340096376,0.9999972520512488,-4.110473490786804e-06,0.0016869643406180832,0.0021195755814068114
40.0,0.026,-3.24267491400708e-05,-0.005487425883352425,-0.9963168759420614,0.040963569782230626,0.9999651738797548,-0.005505877639299688,0.0036777184412220675,0.040944819702702764
40.0,0.052,-0.00012433384002434085,-0.010972278409017712,-0.9913401195455032,0.07936952605719567,0.9998727541557112,-0.011006654482141113,0.008656298589253725,0.0793493403321231
40.0,0.078,-0.0002764440458256392,-0.016455200277016493,-0.9834691359630621,0.1170196961845555,0.9997200227827248,-0.01650549530705981,0.016530760361097657,0.11699698997871455
40.0,0.1,-0.00045213890071907196,-0.021092387539426945,-0.9746511749854067,0.14805365016601765,0.9995437174199056,-0.02115614827660615,0.025352859708410096,0.14802820786074627
40.0,0.104,-0.0004887078137508134,-0.021935247519523034,-0.9728441788633545,0.15360007347068105,0.9995070293895678,-0.02200145480555117,0.02716070532187005,0.15357400374477215
40.0,0.13,-0.0007610554441158941,-0.027411479545756404,-0.9596478708979467,0.18882773727382918,0.9992338432494091,-0.027493590859002676,0.040363282041089056,0.18879709194572605
40.0,0.156,-0.0010933980011985402,-0.032882959334517806,-0.9440977904035656,0.22245648165082646,0.9989005532773509,-0.032980961468171345,0.05592067693594292,0.22241989057533523
40.0,0.182,-0.0014856276287487505,-0.03834874480668957,-0.92643813204101,0.25428111396629416,0.9985072679275159,-0.03846262900946006,0.07358854099701574,0.2542374005190505
40.0,0.208,-0.0019376155577982086,-0.04380790805707244,-0.9069308270096043,0.2841403199176725,0.9980541151225293,-0.04393765663585239,0.09310473179426071,0.2840882384235408
40.0,0.234,-0.0024492154549874117,-0.04925951064746148,-0.8858469099990396,0.31191701461338767,0.9975412421407946,-0.04940511217890873,0.11419793814343084,0.3118550474249517
40.0,0.26,-0.00302026045489296,-0.05470264234402193,-0.8634588570312007,0.33753599730778794,0.9969688154055617,-0.05486407029706544,0.136595656877103,0.3374630864084002
40.0,0.286,-0.003650565046167984,-0.06013636425236569,-0.8400331898196058,0.3609623181813218,0.996337020769607,-0.060313604175972486,0.1600311774865527,0.36087734607071903
40.0,0.312,-0.004339925230036847,-0.06555976705258847,-0.8158246905295763,0.38219702117749255,0.9956460624001354,-0.06575279809044475,0.18424948412194084,0.38209865227486417
40.0,0.338,-0.005088118156699426,-0.07097194848182106,-0.7910722237030617,0.4012716966244538,0.9948961639500115,-0.07118073915051006,0.20901176415382117,0.4011590683502309
40.0,0.364,-0.0058949024903511464,-0.07637199254482031,-0.7659949088947435,0.41824466979169234,0.9940875672064953,-0.07659651936478278,0.2340987607448921,0.41811688435481376
40.0,0.39,-0.006760016922825722,-0.08175899721686848,-0.7407902643874801,0.43319547824606336,0.9932205323365472,-0.08199924128288276,0.2593128452359547,0.43305158869233135
40.0,0.416,-0.007683185605488984,-0.08713208556645094,-0.7156332610114428,0.4462197258175932,0.9922953382937585,-0.08738800795373622,0.28447905283802516,0.44605901720109564
40.0,0.442,-0.008664109762223928,-0.09249036874753923,-0.6906760068649515,0.457425029987986,0.9913122813369356,-0.09276193541110883,0.3094452566239406,0.45724684220994205
40.0,0.468,-0.009702478005881763,-0.09783295925796337,-0.6660482365416281,0.46692693518584205,0.9902716758293871,-0.09812014613926721,0.3340815851859972,0.46673055064359487
40.0,0.494,-0.010797956906882043,-0.10315900186645705,-0.6418588098467429,0.4748449644535462,0.9891738536183678,-0.10346176939940468,0.35827933621680497,0.4746299558465245
40.0,0.52,-0.011950198972606362,-0.10846763423851337,-0.6181966114510837,0.4813004131456563,0.9880191637875266,-0.10878594332364892,0.3819494724143716,0.48106622959418094
40.0,0.546,-0.013158840433175223,-0.11375800981726283,-0.5951328564514236,0.48641318700770036,0.986807972031687,-0.11409181870435171,0.4050209383381699,0.48615953053127503
40.0,0.572,-0.014423497856234159,-0.11902928428885094,-0.5727223539130778,0.4903006435207591,0.9855406611630633,-0.11937855242967943,0.4274388089231079,0.4900270894259726
40.0,0.598,-0.015743772843424337,-0.12428062174769382,-0.5510057578864928,0.4930756331837393,0.9842176301861533,-0.12464531122855466,0.44916239073110076,0.4927817795535238
40.0,0.624,-0.01711925015041305,-0.12951121047876785,-0.530011494092969,0.49484538399906264,0.9828392941626675,-0.12989127374613355,0.4701634491033503,0.49453106500962946
40.0,0.65,-0.01854950212001622,-0.13472022478546425,-0.5097569611513406,0.4957114447000762,0.9814060842672498,-0.13511562740717556,0.49042442071566206,0.49537631667677723
40.0,0.676,-0.02003408243481633,-0.13990689638894854,-0.4902508619436243,0.4957683875593981,0.9799184464965258,-0.1403175738172851,0.5099368172205612,0.4954123542607125
40.0,0.702,-0.021572527815624618,-0.14507040688739886,-0.47149386474445365,0.4951045291672471,0.9783768420728519,-0.14549632390364134,0.5286997566643673,0.4947272799592786
40.0,0.728,-0.02316436827972264,-0.1502100066759636,-0.4534807431380661,0.4938010713980417,0.9767817472906226,-0.15065109996676634,0.5467185908543212,0.4934024644963909
40.0,0.754,-0.024809107863238946,-0.15532491777122856,-0.43620100178638194,0.4919327534874603,0.9751336528497507,-0.1557811376476731,0.5640038178485858,0.49151262226712206
40.0,0.78,-0.026506246504375375,-0.16041437292391694,-0.4196400837485438,0.4895679001661974,0.9734330630199982,-0.16088568435669665,0.580569955076208,0.4891260847155884
40.0,0.806,-0.028255271165370344,-0.1654776730529235,-0.4037803723408569,0.4867686388899217,0.9716804955131741,-0.16596400128872996,0.5964347400502477,0.4863050446095652
40.0,0.832,-0.03005564460734415,-0.17051406941442937,-0.3886016218635982,0.483591471725574,0.969876481741425,-0.17101536026871045,0.6116183003549633,0.4831059315134081
40.0,0.858,-0.03190683295633972,-0.17552285369899975,-0.3740821012514935,0.4800872784108147,0.9680215670620205,-0.17603904758727376,0.6261425317467483,0.47957976959664544
40.0,0.884,-0.03380825846756088,-0.18050333390380516,-0.3601985861893475,0.4763021145740901,0.9661163085099935,-0.18103436214031585,0.6400305627331856,0.47577253868219466
40.0,0.91,-0.03575939246130759,-0.18545479974746923,-0.3469271464267406,0.47227734174485464,0.9641612720921181,-0.186000622138365,0.6533063065093528,0.47172557047759606
40.0,0.936,-0.0377596073458417,-0.19037661671180023,-0.3342435840555774,0.4680499549420259,0.9621570399714451,-0.19093716147385723,0.6659940348231557,0.46747593096708534
40.0,0.962,-0.03980835131918757,-0.19526809937807152,-0.3221234751082724,0.46365311913605983,0.9601042042176998,-0.19584330788040566,0.6781181622250192,0.46305678482599055
40.0,0.988,-0.04190500495539455,-0.20012863540790637,-0.3105425190970148,0.45911646832268643,0.9580033653313806,-0.2007184351949737,0.6897029132175391,0.45849771296235814
40.0,1.014,-0.0440489614112887,-0.20495757229281403,-0.2994769688771844,0.4544662543277163,0.9558551399272259,-0.20556189536438602,0.7007722053772089,0.4538250665500731
40.0,1.04,-0.04623960864456734,-0.20975429452896596,-0.2889033014229699,0.4497259617653278,0.9536601488310417,-0.21037308602295673,0.711349424700057,0.4490622729332196
40.0,1.066,-0.04847629650103816,-0.2145182480964192,-0.27879884330683957,0.4449162917351323,0.9514190261245044,-0.21515140023463392,0.7214573720989859,0.44423009394794133
40.0,1.092,-0.05075838123990686,-0.21924879847810963,-0.2691413835654096,0.44005570432822877,0.9491324088681364,-0.21989627678850052,0.7311181414204255,0.43934690538680177
40.0,1.118,-0.05308526852072502,-0.22394540155515397,-0.25990963304459674,0.4351603855155862,0.946800954497931,-0.22460711708389258,0.7403530467173315,0.4344289235892881
40.0,1.144,-0.05545622643259875,-0.2286074997641437,-0.25108321130293737,0.4302445463082435,0.9444253137681444,-0.2292834012603593,0.7491826289626226,0.42949046552969733
40.0,1.17,-0.057870597408911845,-0.23323456571706716,-0.24264222676781402,0.4253208667682674,0.9420061625883979,-0.23392455623461123,0.757626563449527,0.42454408708798963
40.0,1.196,-0.060327757594417976,-0.23782607530678243,-0.23456790401013186,0.42040030173909315,0.9395441648005466,-0.23853010399884114,0.7657037516411784,0.4196007853076611
40.0,1.222,-0.0628269927031451,-0.24238153275998972,-0.2268422954876341,0.4154924278200748,0.9370400101624915,-0.24309949655044083,0.7734321762503129,0.4146701998486535
40.0,1.248,-0.06536766182553727,-0.2469004266661538,-0.21944807666458832,0.4106057054729413,0.9344943771753265,-0.24763228127392212,0.7808290547664334,0.4097606829698665
40.0,1.274,-0.06794899387048461,-0.2513823140708898,-0.21236897165188467,0.4057473460219527,0.9319079693275588,-0.25212795330335924,0.7879107436759045,0.4048795430963162
40.0,1.3,-0.0705703827402747,-0.25582671743887925,-0.20558939412030344,0.40092364662645513,0.9292814807435275,-0.25658606888648905,0.794692841872916,0.4000330493173931
40.0,1.326,-0.0732310329942925,-0.26023319402393424,-0.19909450373401094,0.39614003321838553,0.9266156137798947,-0.2610061976864714,0.801190141432982,0.39522660109690394
40.0,1.352,-0.07593028666622251,-0.26460132000599673,-0.19287026453125347,0.3914011220184471,0.9239110847951784,-0.2653878897301373,0.8074166990065564,0.39046484319434527
40.0,1.378,-0.07866744362569628,-0.2689307221099397,-0.18690335386068854,0.38671083164312453,0.9211686011118658,-0.26973075630655297,0.8133858524562465,0.3857517051740671
40.0,1.404,-0.0814417257047576,-0.27322096921208294,-0.1811810854453707,0.3820725044949379,0.9183888856478557,-0.2740343897658688,0.8191102549990309,0.38109049119444843
40.0,1.43,-0.08425251554899173,-0.2774716838635207,-0.17569150982327764,0.37748887543431797,0.9155726547876812,-0.2782984270326717,0.8246018957191895,0.3764839711365687
40.0,1.456,-0.08709899323179181,-0.28168253498154555,-0.17042334105079343,0.37296220246197564,0.9127206392238708,-0.28252248603568747,0.8298721295284512,0.37193443310448787
40.0,1.482,-0.08998047556617193,-0.28585315434801556,-0.16536566316208656,0.36849440690367286,0.9098335614977612,-0.2867062462974955,0.8349317138102302,0.367443731160163
40.0,1.508,-0.09289623087472722,-0.2899832133741458,-0.16050843638320703,0.3640868923138246,0.9069121516315272,-0.2908493664293342,0.8397908443527647,0.3630133255258136
40.0,1.534,-0.0958455234879738,-0.2940723973201821,-0.15584189621644629,0.3597408577870543,0.903957142652876,-0.29495153524084333,0.8444591588706678,0.3586443721517596
40.0,1.56,-0.09882767358157198,-0.2981204108071695,-0.15135703742030804,0.35545708906102175,0.9009692730804296,-0.29901243773088165,0.8489457991218667,0.35433769319291775
40.0,1.586,-0.10184183346545862,-0.30212699532310117,-0.1470450910884592,0.3512362166674929,0.8979492690110857,-0.3030318190210116,0.8532593982428509,0.350093901695039
40.0,1.612,-0.10488736578574813,-0.3060918534089791,-0.14289801135320523,0.3470785474399866,0.8948978729016813,-0.3070093891414651,0.8574081511211565,0.3459133308694991
40.0,1.638,-0.10796347396161562,-0.31001475453295524,-0.13890789114002386,0.34298429618639864,0.8918158138830198,-0.3109449178826758,0.861399800703026,0.34179615035657
40.0,1.664,-0.1110694694044788,-0.31389545555786785,-0.1350675009151566,0.3389533977978605,0.8887038329292104,-0.31483815605885773,0.8652416928114319,0.3377423158296976
40.0,1.69,-0.11420465995359276,-0.3177337129979798,-0.13136990553406205,0.3349856813416583,0.8855626666219283,-0.3186888823757618,0.868940761723811,0.3337516963889917
40.0,1.716,-0.11736819046989032,-0.3215293693305304,-0.1278084491016708,0.3310808730363364,0.882393044552361,-0.3224969023687812,0.8725035993167689,0.32982395362428985
40.0,1.742,-0.12055936766253543,-0.32528221742295244,-0.1243769720814321,0.3272385196221022,0.8791957099370816,-0.3262620034962875,0.8759364339534472,0.32595867858795735
40.0,1.768,-0.12377756115408883,-0.32899205111717683,-0.12106956691534403,0.32345810872464215,0.8759713824354523,-0.3299840462767694,0.879245163950852,0.3221553739086217
40.0,1.794,-0.12702190885448805,-0.33265875218065766,-0.11788061890713754,0.31973904420926985,0.8727208042501061,-0.33366284160626364,0.8824353971293957,0.3184134006606278
40.0,1.82,-0.13029178166414057,-0.33628214029920467,-0.11480474064890629,0.3160806832069503,0.8694447038782847,-0.3372982420955117,0.8855124296626091,0.3147321099417738
40.0,1.846,-0.13358637796088882,-0.33986211595329474,-0.11183708697048801,0.31248221766122497,0.8661438032454227,-0.3408901270565576,0.8884812988968768,0.3111107388163764
40.0,1.872,-0.1369050105331331,-0.34339854040852946,-0.10897273682410608,0.3089429114284937,0.8628188312022623,-0.3444383728121794,0.8913467584767545,0.30754853784771674
40.0,1.898,-0.1402470008640124,-0.34689130148727093,-0.10620723574016537,0.3054619137454865,0.8594705004336365,-0.34794289594410427,0.894113347066462,0.3040446343773337
40.0,1.924,-0.14361154924615518,-0.3503403436216571,-0.10353624988278962,0.30203836588852717,0.8560995393516135,-0.3514035786616977,0.8967853492434528,0.3005981875360781
40.0,1.95,-0.14699797560702335,-0.35374557049924193,-0.10095577386850622,0.2986713425476899,0.852706656655494,-0.35482035928109956,0.8993668400881537,0.2972082927984948
40.0,1.976,-0.15040560597641825,-0.3571069036679748,-0.09846186492580211,0.295359971142559,0.8492925662343287,-0.3581931723675159,0.9018616949711757,0.2938740125173052
40.0,2.002,-0.15383364905344435,-0.36042434087766934,-0.09605087697361889,0.2921032876630022,0.8458579760858663,-0.3615219616372496,0.9042735746145599,0.2905944499049767
40.0,2.028,-0.15728155961583748,-0.3636977690181975,-0.09371936990696002,0.28890035296058625,0.8424035876703919,-0.3648066970062148,0.9066059822473921,0.28736861937557906
40.0,2.054,-0.1607484862106164,-0.36692723403431227,-0.09146396260479651,0.285750171094701,0.8389300960426836,-0.36804735704022135,0.908862227480626,0.28419558172954545
40.0,2.08,-0.16423376751967417,-0.37011271115816646,-0.08928154257648191,0.28265184157313844,0.8354381890605725,-0.3712439459205104,0.9110454642167728,0.28107437633116095
40.0,2.106,-0.16773674979693234,-0.37325419320963504,-0.08716907261884421,0.2796043308274545,0.8319285757510598,-0.37439641874322893,0.913158694551637,0.2780040286338961
40.0,2.132,-0.17125677812117832,-0.37635167049777757,-0.0851237757155329,0.27660673773760724,0.8284019148112084,-0.37750484164311326,0.9152047664277632,0.2749835902200533
40.0,2.158,-0.17479314250830635,-0.37940518845788057,-0.08314285188335363,0.2736580959505189,0.8248588998988633,-0.38056920277454115,0.9171864006053664,0.27201208278117717
40.0,2.184,-0.17834513545559144,-0.38241480424008006,-0.08122374692892004,0.270757399457278,0.8213001960578269,-0.38358955826059515,0.9191061747660723,0.269088567947536
40.0,2.21,-0.1819121181831805,-0.3853805523065593,-0.07936403708695981,0.2679037736037563,0.8177264742705989,-0.3865659429963215,0.920966554614201,0.26621209148279634
40.0,2.236,-0.18549352422657922,-0.3883024431563305,-0.07756134968428317,0.2650962252611826,0.8141383884820381,-0.3894984297166247,0.9227698804523667,0.2633817183275856
40.0,2.262,-0.18908852607721832,-0.3911806362671982,-0.07581341619711568,0.262333831322081,0.810536594567995,-0.3923870853594469,0.9245183815529386,0.2605965407298007
40.0,2.288,-0.19269663699968087,-0.39401513445245706,-0.0741181660082665,0.25961574021929196,0.8069217426563674,-0.39523198486994643,0.9262141993639511,0.25785560123369217
40.0,2.314,-0.1963171057613525,-0.3968060878219533,-0.07247355927472311,0.2569409594825827,0.8032944700966318,-0.3980332250663502,0.9278593501852851,0.2551580422188697
40.0,2.34,-0.1999493875422074,-0.3995535464602267,-0.07087762600085104,0.25430866903363597,0.7996554108963295,-0.4007909115957354,0.9294557763294188,0.2525029491351686
40.0,2.366,-0.20359281057974474,-0.4022576494301679,-0.0693285728210098,0.2517179324025662,0.7960051900906591,-0.4035051560373646,0.9310053302183168,0.24988943582777928
40.0,2.392,-0.2072467053609047,-0.4049185432907177,-0.06782460574709956,0.24916793691085187,0.7923444344780244,-0.4061760637406519,0.9325097664896591,0.2473166625080623
40.0,2.418,-0.2109105484318832,-0.40753631122920525,-0.0663640281910299,0.24665783856184337,0.7886737604413889,-0.40880378000648965,0.9339707729009179,0.24478377681446575
40.0,2.444,-0.21458375638702618,-0.4101110866908511,-0.06494523730990825,0.24418676506469442,0.7849937577342121,-0.41138844642349776,0.9353899555468159,0.24228994686035268
40.0,2.47,-0.21826560361816433,-0.41264307896225655,-0.06356674974723411,0.24175392997454312,0.7813050367016731,-0.41393020771606837,0.9367688501885032,0.23983436630378288
40.0,2.496,-0.22195559193353293,-0.41513240794489664,-0.06222703398715952,0.2393585245813154,0.7776081856981758,-0.4164292245142271,0.9381089309940449,0.23741620619606987
40.0,2.522,-0.2256531499365568,-0.4175792220632592,-0.060924707670536406,0.2369997850583247,0.7739037872360403,-0.41888566405935207,0.9394115945535491,0.23503471719957367
40.0,2.548,-0.22935764796107916,-0.4199837333745054,-0.05965842073971934,0.23467690486709947,0.7701924090587439,-0.4212996952123904,0.9406781893275457,0.2326890993394325
40.0,2.574,-0.23306853278241574,-0.422346119044516,-0.0584269293791951,0.232389161017455,0.7664746307714373,-0.4236715028092288,0.9419099947071544,0.23037862018203611
40.0,2.6,-0.2367852547901965,-0.4246665579495968,-0.05722893026703806,0.23013578216529992,0.7627510170148057,-0.42600127307925567,0.9431082391191046,0.22810255110249422
40.0,2.626,-0.24050727268550723,-0.42694523904349896,-0.056063355327852726,0.227916101616746,0.7590220939396792,-0.42828921493219324,0.9442741031710652,0.22586015187557262
40.0,2.652,-0.24423405866111533,-0.4291823700636286,-0.0549289808062755,0.22572937178570215,0.7552884314275672,-0.43053553591882127,0.9454087113039364,0.22365072213877552
40.0,2.678,-0.24796508408478835,-0.431378151792431,-0.053824759541123084,0.2235749066376311,0.7515505496069127,-0.4327404246543476,0.9465131434920994,0.22147357051176197
40.0,2.704,-0.2516997571786389,-0.43353284542040066,-0.05274964530820748,0.2214520666231596,0.747808982191071,-0.43490412121351724,0.9475884355737059,0.2193280156992946
40.0,2.73,-0.2554376374188193,-0.4356466211242815,-0.05170268391544813,0.21936012836595167,0.7440642552581838,-0.43702685272484615,0.9486355719993612,0.21721342066112476
40.0,2.756,-0.25917814757631735,-0.43771975633449256,-0.05068290519211522,0.21729852549753606,0.7403168629153954,-0.4391088362440487,0.9496555070120889,0.21512912874140205
40.0,2.782,-0.26292078831444826,-0.43975248361936947,-0.049689415657689626,0.21526655831762592,0.7365673195801504,-0.4411503266717119,0.9506491501968202,0.21307451343542883
40.0,2.808,-0.2666651483941655,-0.4417450014923699,-0.04872129840236623,0.21326365626236082,0.7328161153288771,-0.4431515554697407,0.9516173776491907,0.21104894689146753
40.0,2.834,-0.2704106676422188,-0.44369760169331685,-0.047777764728136725,0.21128918382639453,0.729063742506925,-0.44511276373184416,0.9525610281408367,0.20905183462991406
40.0,2.86,-0.27415687253522736,-0.4456105414060672,-0.046857988043438756,0.20934258248447654,0.7253106715383145,-0.44703422233951284,0.9534809053944837,0.20708258191260737
40.0,2.886,-0.2779033680749102,-0.44748402374170493,-0.04596119278527059,0.2074232471126254,0.7215573740853908,-0.44891619339647443,0.9543777820683066,0.20514063012367198
40.0,2.912,-0.28164953777940666,-0.4493184106898584,-0.045086607138249996,0.2055306629060293,0.7178043149445549,-0.4507589252378223,0.9552523974969928,0.20322542203928323
40.0,2.938,-0.2853950867167189,-0.4511138784005089,-0.04423357909236241,0.20366425311356945,0.7140519451594652,-0.45256270033425167,0.9561054701680635,0.20133638763089604
40.0,2.964,-0.289139494201583,-0.4528707566085077,-0.043401405690123664,0.20182346762887823,0.7103007089198417,-0.4543277869640836,0.9569376862098666,0.1994729943938292
40.0,2.99,-0.29288239207662575,-0.4545892611735319,-0.04258941516899,0.20000781253779906,0.7065510441080577,-0.45605445689798363,0.9577496965996769,0.1976347473260858
40.0,3.016,-0.296623275316828,-0.45626973553875355,-0.041796950901747495,0.19821677944467006,0.7028033663212367,-0.45774300981152377,0.9585421379441498,0.19582112402463053
40.0,3.042,-0.3003617186396288,-0.4579124680388792,-0.04102344449755026,0.19644985469187284,0.6990581167233025,-0.4593937167973752,0.959315624479305,0.19403160824904336
40.0,3.068,-0.30409738419626803,-0.45951769832860206,-0.040268314807594775,0.19470656405437597,0.6953156899772848,-0.46100687821197905,0.960070734879135,0.19226573996232746
40.0,3.094,-0.3078297846996382,-0.4610857799317186,-0.0395309593637634,0.1929864264820306,0.6915764985172259,-0.4625827780196498,0.9608080350455921,0.19052303322343964
40.0,3.12,-0.3115586770639684,-0.4626169036372666,-0.038810864833310664,0.1912889780450001,0.6878409404016765,-0.4641217150953905,0.961528069213672,0.18880302699777687
40.0,3.146,-0.31528350602145916,-0.46411148287519316,-0.03810750383298497,0.1896137920260592,0.6841093834398989,-0.4656239920640408,0.9622313580192957,0.18710526770264335
40.0,3.172,-0.3190039638495265,-0.465569771065411,-0.03742035108881681,0.18796038412325164,0.6803822209811069,-0.4670899178324605,0.9629184064258097,0.18542931108874414
40.0,3.198,-0.3227196715048063,-0.4669920819221064,-0.03674897455836887,0.1863283310500316,0.6766598324691288,-0.46851978108981895,0.963589699478018,0.18377472169959114
40.0,3.224,-0.32643025513343527,-0.4683787297999104,-0.036092861478501576,0.1847172576881876,0.6729425589546023,-0.46991390274864514,0.9642456972270214,0.18214110707144968
40.0,3.25,-0.3301353456406233,-0.4697300290897171,-0.03545156120174614,0.18312669798749368,0.6692307595042042,-0.47127258724042087,0.9648868585336533,0.18052801794373685
40.0,3.276,-0.33383475420715125,-0.47104619336848647,-0.03482468384984964,0.18155627292260235,0.6655247947562004,-0.4725961463735984,0.9655136101483919,0.17893508207773148
40.0,3.302,-0.33752787822816704,-0.4723277137792232,-0.03421175177070501,0.180005607529209,0.6618249873313609,-0.4738849060416082,0.9661263726779179,0.17736190482492353
40.0,3.328,-0.3412146197797388,-0.4735747411491997,-0.03361242163418335,0.1784742890279521,0.6581316786833121,-0.4751391588380745,0.9667255507420554,0.17580808490768374
40.0,3.354,-0.34489456344664426,-0.47478766823390156,-0.03302627428702626,0.17696197113677278,0.6544451946409123,-0.47635924443210864,0.967311530553799,0.17427326649650343
40.0,3.38,-0.34856737128448284,-0.4759668160682654,-0.0324529252768656,0.17546826720180306,0.6507658247462641,-0.47754548158597376,0.9678846901932404,0.17275707155684034
40.0,3.406,-0.3522327280886927,-0.477112530018709,-0.031892008190979565,0.17399283800474447,0.6470939161609826,-0.4786981667071346,0.9684453905392131,0.17125915067931552
40.0,3.432,-0.35589038855012206,-0.47822506792813196,-0.03134322310085537,0.17253531941600497,0.6434297376542271,-0.47981764893638845,0.9689939797099375,0.1697791596669341
40.0,3.458,-0.3595400509440453,-0.47930477685539746,-0.03080619185665522,0.17109539034706567,0.6397736004478214,-0.4809042439683786,0.9695307973982232,0.16831675522734513
40.0,3.484,-0.36318140730501036,-0.480351988518637,-0.030280572761032423,0.16967271019475583,0.6361257711286631,-0.4819582742396865,0.97005616844033,0.1668716061979593
40.0,3.51,-0.3668142476291459,-0.4813669823792669,-0.02976609213545894,0.1682669342060147,0.632486549541172,-0.48298005723483695,0.9705704074725633,0.1654433875433747
40.0,3.536,-0.3704381954935439,-0.48235015948593346,-0.02926244396576031,0.16687779078251494,0.628856182701369,-0.48396992766340924,0.9710738187505171,0.16403178220258038
40.0,3.562,-0.37405305184233095,-0.48330179832981757,-0.028769302359222374,0.16550493882772885,0.6252349591778024,-0.4849282042829292,0.9715666962647599,0.16263648124031732
40.0,3.588,-0.37765853865421073,-0.4842222403645401,-0.028286402740125154,0.16414807362793146,0.6216231149409362,-0.48585522246939455,0.9720493252546577,0.16125718248216736
40.0,3.614,-0.3812543824588577,-0.4851118262350401,-0.027813464567240584,0.16280690001304277,0.6180209132208758,-0.4867512907322332,0.9725219789510978,0.15989359009112541
40.0,3.64,-0.3848404076906319,-0.4859708394264802,-0.027350229368845645,0.16148116385711198,0.6144285779300367,-0.4876167610904867,0.9729849239923152,0.15854541732607877
40.0,3.666,-0.38841635415323456,-0.4867996216451657,-0.02689643550125249,0.16017054089301158,0.6108463616084358,-0.48845194245795537,0.9734384160325636,0.15721237894907342
40.0,3.692,-0.3919819698567607,-0.48759851835587015,-0.02645183466132491,0.15887476863489158,0.6072744945276044,-0.48925716541793357,0.9738827040409146,0.1558942007481477
40.0,3.718,-0.3955370063305803,-0.4883678728579239,-0.026016190308071004,0.1575935882051296,0.6037131877968901,-0.4900327491731203,0.9743180289893651,0.15459061418399345
40.0,3.744,-0.3990813936062719,-0.48910789227190565,-0.025589266140891416,0.15632672767558076,0.6001626528932591,-0.4907790344691863,0.9747446242007919,0.15330135479270224
40.0,3.77,-0.40261473301456546,-0.48981906834174505,-0.025170837308039273,0.15507391921069122,0.5966231132342675,-0.4914963407537609,0.9751627126405644,0.15202616533653454
40.0,3.796,-0.40613696092502716,-0.49050159986315817,-0.024760690355452804,0.15383493533490344,0.5930947649250354,-0.49218498645173675,0.9755725142656105,0.1507647935553656
40.0,3.822,-0.4096477691756995,-0.49115590309438767,-0.0243586087262782,0.15260951757637692,0.5895777975132483,-0.4928453055401719,0.9759742399585939,0.1495169947741364
40.0,3.848,-0.4131471183775101,-0.49178218808239205,-0.02396439203356314,0.1513974283871159,0.586072406122929,-0.49347760517468536,0.9763680935111472,0.1482825270630784
40.0,3.874,-0.41663470476680575,-0.49238086290836525,-0.023577839459410686,0.15019841752879362,0.582578768819388,-0.4940822341143763,0.9767542734108783,0.14706115506700287
40.0,3.9,-0.42011041221674256,-0.4929522042312406,-0.023198757959677505,0.1490122741154112,0.5790970798657064,-0.49465948829250855,0.9771329706673879,0.145852649740785
40.0,3.926,-0.42357395919350777,-0.49349663538707306,-0.022826969399487758,0.14783877169174048,0.5756275011114755,-0.49520970938790476,0.9775043730158379,0.14465678381349006
40.0,3.952,-0.4270253139984497,-0.4940143424762008,-0.02246228197853828,0.14667767331902593,0.5721701872133346,-0.4957332008473204,0.9778686600809192,0.14347334158303934
40.0,3.978,-0.4304642935341444,-0.49450567482422114,-0.022104531580779796,0.1455287772239367,0.5687253062268292,-0.49623029812330416,0.9782260068365644,0.1423021038015696
40.0,4.004,-0.43389062423567337,-0.49497104664002756,-0.021753542792122646,0.14439187031015993,0.565293019270398,-0.49670129881364167,0.9785765814377737,0.14114285961615375
40.0,4.03,-0.4373043935845726,-0.49541058091035145,-0.021409151962895376,0.1432667421026593,0.5618734659485131,-0.49714651952822453,0.9789205492607025,0.13999540546472303
40.0,4.056,-0.44070515599516563,-0.4958248322622234,-0.02107120426992186,0.14215320187296204,0.5584667922939387,-0.4975663026882729,0.9792580695296547,0.13885953940276796
40.0,4.082,-0.4440930200809948,-0.49621393148502024,-0.020739541167550498,0.14105104657460849,0.5550731338388812,-0.497960931644114,0.9795892968015067,0.13773506311022135
40.0,4.108,-0.44746780468744807,-0.49657819627649563,-0.020414012797745067,0.13996007604911068,0.551692624070369,-0.49833072545187507,0.9799143811109454,0.1366217836997239
40.0,4.134,-0.45082927726310495,-0.4969180567669246,-0.020094475169949562,0.13888010970913522,0.5483253922968739,-0.4986760019459773,0.9802334681486847,0.13551951204032417
40.0,4.16,-0.45417745463738735,-0.4972336897662363,-0.01978078520727061,0.13781097033827283,0.5449715661361871,-0.4989970624441981,0.9805466990793632,0.13442806277295066
40.0,4.186,-0.45751209258874603,-0.4975255003235701,-0.01947281044944264,0.13675246657028117,0.5416312456435294,-0.49929422034445015,0.9808542107960981,0.1333472578726064
40.0,4.212,-0.4608331456175959,-0.49779375677185894,-0.01917041203924,0.13570441184972315,0.5383045594928448,-0.49956776501953604,0.9811561370281907,0.13227691637445993
40.0,4.238,-0.46414046981342344,-0.49803878769796284,-0.018873463454932175,0.13466665329677482,0.5349915976816373,-0.499818022278607,0.9814526067419814,0.13121686639573996
40.0,4.264,-0.46743401192967804,-0.49826083866486126,-0.018581836883526763,0.1336389939123904,0.5316924751927202,-0.5000452731839075,0.9817437457972478,0.1301669366766235
40.0,4.29,-0.4707136516314269,-0.4984602507075035,-0.018295415991489018,0.13262130152442725,0.5284072894470534,-0.500249836995157,0.9820296759547261,0.12912696345299104
40.0,4.316,-0.4739793375350672,-0.4986372574389376,-0.018014076309304898,0.1316133854908301,0.5251361273164648,-0.5004319899068389,0.9823105156017672,0.12809678361042004
40.0,4.342,-0.4772309507488521,-0.4987921887943436,-0.017737707035143525,0.13061510328472364,0.5218790818051346,-0.5005920332195135,0.9825863804513985,0.12707623480345856
40.0,4.368,-0.48046829402537894,-0.4989254622653499,-0.01746619548622473,0.1296262999869832,0.5186362276350539,-0.5007302699985848,0.98285738201057,0.1260651640017831
40.0,4.394,-0.4836915048727125,-0.4990371404844418,-0.017199427548486655,0.12864679368106507,0.5154076536299859,-0.5008469835385005,0.9831236293982476,0.1250634155482436
40.0,4.42,-0.4869003918770922,-0.4991276341528045,-0.016937308253261067,0.12767647853465475,0.5121934365548537,-0.500942464721134,0.9833852278315738,0.12407084319505612
40.0,4.446,-0.49009484777199885,-0.49919726246314616,-0.016679721898978872,0.12671516389066922,0.5089936381779848,-0.5010169912914371,0.9836422809613161,0.12308729473242104
40.0,4.472,-0.4932748604959229,-0.499246261652122,-0.016426580143298928,0.1257627480269623,0.5058083406256647,-0.50107086244217,0.983894888059075,0.12211263083604929
40.0,4.498,-0.49644032177834013,-0.49927493815274354,-0.016177780481694343,0.12481905942483414,0.502637584868892,-0.5011043556553972,0.9841431467908689,0.12114670974615452
40.0,4.524,-0.49959124108283853,-0.4992835370854035,-0.015933228324790223,0.1238839726501366,0.49948144967419145,-0.5011177521695216,0.9843871515692812,0.12018939231293962
40.0,4.55,-0.5027275141496432,-0.4992723574009786,-0.015692831781045528,0.12295733536539288,0.4963399846861916,-0.5011113231196084,0.9846269948256147,0.11924054217428559
40.0,4.576,-0.5058490556132775,-0.4992417122063719,-0.015456502101277634,0.12203904072891311,0.4932132337281732,-0.5010853523213291,0.9848627656027148,0.11830002909097115
40.0,4.602,-0.508955967738342,-0.49919174523804793,-0.015224153078917542,0.12112895494274838,0.4901012465170733,-0.5010401131071239,0.9850945515273062,0.11736772048648736
40.0,4.628,-0.5120480695206083,-0.49912283771176374,-0.014995698647364933,0.12022693267696276,0.48700407870568957,-0.5009758685840483,0.9853224369106214,0.11644349169808042
40.0,4.654,-0.5151252858492739,-0.4990352969295475,-0.014771055985205356,0.11933285901957749,0.48392176012153965,-0.5008928914597734,0.9855465046869982,0.11552721576379966
40.0,4.68,-0.5181877288976497,-0.49892925727790693,-0.014550146077249934,0.11844662060887594,0.4808543267591776,-0.5007914440849077,0.9857668352733611,0.11461877027714305
40.0,4.706,-0.521235232766455,-0.49880510094245784,-0.014332888247770213,0.11756807880405228,0.477801823078209,-0.5006717985786906,0.9859835067990519,0.11371803568737354
40.0,4.732,-0.5242678184150539,-0.49866303701733455,-0.014119208909781194,0.1166971241549354,0.4747642656294677,-0.5005342162759808,0.986196595439207,0.11282489360996095
40.0,4.758,-0.5272855074166252,-0.4985032686815696,-0.013909035980565565,0.1158336489529787,0.4717416969905716,-0.5003789515802936,0.9864061754931512,0.11193923033717061
40.0,4.784,-0.5302882408629271,-0.4983260914240541,-0.013702291680710818,0.11497752120803564,0.4687341376549284,-0.5002062539718769,0.9866123192814956,0.11106092986492508
40.0,4.81,-0.5332758794815016,-0.4981318955789684,-0.01349890862306862,0.11412865031900499,0.4657415937912334,-0.5000163931539332,0.9868150972055245,0.11018988263198731
40.0,4.836,-0.5362486259664501,-0.49792068939296613,-0.013298819646725038,0.11328692063273837,0.4627640988309965,-0.4998095985459161,0.9870145780932758,0.1093259785963496
40.0,4.862,-0.5392062482801568,-0.49769294131862,-0.013101956581879253,0.11245223193060627,0.4598016650259753,-0.4995861475354647,0.9872108284104917,0.10846911239123824
40.0,4.888,-0.5421488805554904,-0.49744875843217823,-0.012908251637411862,0.11162445965506015,0.45685429326842575,-0.49934627056466907,0.9874039139495734,0.10761917654858505
40.0,4.914,-0.5450764705265643,-0.4971884182268239,-0.012717645309582932,0.11080350665246348,0.45392201226160733,-0.4990902113469486,0.987593897573494,0.10677607172485006
40.0,4.94,-0.5479890711516562,-0.4969121153845359,-0.012530076867923234,0.10998929044071089,0.4510048205854595,-0.49881821621601247,0.9877808414617805,0.10593969475178014
40.0,4.966,-0.5508865425849695,-0.4966202132689614,-0.012345480585545745,0.10918169219223167,0.44810272353922037,-0.4985305216590237,0.9879648063678864,0.1051099455391726
40.0,4.992,-0.5537689367389089,-0.4963128966480476,-0.012163800668250466,0.10838061962583459,0.4452157106368247,-0.4982273643728812,0.9881458506610372,0.10428672872723092
40.0,5.018,-0.5566363046967375,-0.495990343720577,-0.011984980536568657,0.10758598216584361,0.442343802277054,-0.49790898079764195,0.9883240318045045,0.10346994862328791
40.0,5.044,-0.5594886164285253,-0.49565282943769323,-0.011808964735730527,0.10679769069763152,0.43948697907263523,-0.4975755981416817,0.9884994060679301,0.10265951092272581
40.0,5.07,-0.5623258410186545,-0.4953006240814729,-0.011635696233100457,0.10601563313451966,0.436645238798548,-0.49722744544243314,0.9886720277926022,0.10185532438520047
40.0,5.096,-0.5651480328584337,-0.4949338945732711,-0.011465123191622989,0.10523973587022462,0.4338185687359592,-0.49686475747814185,0.9888419503318755,0.1010572974539523
40.0,5.122,-0.5679552513485066,-0.4945528067935273,-0.011297195272280965,0.10446991410678418,0.43100697173561064,-0.4964877519538391,0.9890092259336691,0.10026534173848752
40.0,5.148,-0.5707473949257709,-0.4941577304552561,-0.011131858742373154,0.10370606074382141,0.4282104352805991,-0.4960966467007635,0.9891739048480298,0.09947937193207568
40.0,5.174,-0.5735245997486361,-0.49374871496737305,-0.010969066616836267,0.10294810609486486,0.42542892795959064,-0.49569167258586516,0.9893360368865549,0.09869930074632151
40.0,5.2,-0.57628677441758,-0.4933261311277035,-0.010808769744451715,0.10219596988328176,0.4226624427922644,-0.49527303614619683,0.9894956701669093,0.09792504576671004
40.0,5.226,-0.5790339784758048,-0.4928901275051464,-0.01065092048886886,0.10144956127301517,0.41991096744017253,-0.4948409553286642,0.9896528520432188,0.09715652257748883
40.0,5.252,-0.5817662825835619,-0.4924408571024376,-0.010495475150469166,0.10070880247834331,0.4171744697079433,-0.4943956421492374,0.9898076284304309,0.09639365167679731
40.0,5.278,-0.5844835901650391,-0.49197867565409803,-0.010342386177130979,0.09997360585001788,0.41445293425681445,-0.493937310788618,0.9899600442149523,0.09563635329246231
40.0,5.304,-0.5871860603457126,-0.49150362823272253,-0.010191611636841477,0.09924389638992842,0.41174632996799715,-0.4934661565610948,0.9901101432690399,0.09488455087732738
40.0,5.33,-0.5898735991159841,-0.49101606552199545,-0.010043108106940212,0.09851961203682334,0.4090546300913809,-0.4929823971929365,0.990257968554853,0.09413816414934192
40.0,5.356,-0.5925462818040849,-0.49051612806633815,-0.009896835815934625,0.09780066856556285,0.40637782284164325,-0.492486215788886,0.9904035617718427,0.09339712127131317
40.0,5.382,-0.5952041878324201,-0.49000395498548016,-0.009752748991896328,0.09708698398174273,0.40371585685538275,-0.49197783495389974,0.9905469639546828,0.09266134670594385
40.0,5.408,-0.5978473152399728,-0.4894797882896749,-0.009610812338556107,0.0963784880341422,0.4010687178292037,-0.4914574342921623,0.9906882148681645,0.09193076639578857
40.0,5.434,-0.6004757448631051,-0.48894375991062183,-0.00947098617879558,0.09567511215588398,0.398436360533667,-0.4909252254882098,0.9908273536108799,0.09120531131326454
40.0,5.46,-0.6030893839565842,-0.48839620517606547,-0.009333232672303484,0.09497679985638197,0.39581875911674375,-0.49038137351265465,0.9909644181285503,0.09048491044450716
40.0,5.486,-0.605688335441309,-0.48783726696844365,-0.009197512073500102,0.09428345187126708,0.3932158752151302,-0.4898260976541432,0.991099445809835,0.08976949433710332
40.0,5.512,-0.608272664235163,-0.48726705288011884,-0.009063791768553894,0.09359503566210381,0.39062765919061104,-0.48925956758889305,0.9912324729251942,0.08905899505326116
40.0,5.538,-0.6108423957639375,-0.4866858092383013,-0.008932033459961757,0.09291145466037681,0.38805409156735526,-0.4886819726972877,0.9913635350923496,0.08835334621685274
40.0,5.564,-0.6133975174162392,-0.48609374889818047,-0.008802203742461129,0.09223265679941192,0.38549512120205215,-0.48809349735726953,0.9914926670570597,0.0876524829978217
40.0,5.59,-0.615938218015788,-0.4854908922924078,-0.008674270393697019,0.09155858007341916,0.38295070050635016,-0.48749432968756656,0.9916199028912644,0.08695633864604338
40.0,5.616,-0.6184643297061684,-0.48487767141698745,-0.008548197619086682,0.09088915337149277,0.3804208020594732,-0.4868846303932344,0.9917452756156887,0.08626485143823685
40.0,5.642,-0.6209761117413684,-0.484253980009733,-0.008423954466465896,0.09022431701002893,0.377905367909692,-0.4862645908356645,0.9918688176334699,0.08557796123238877
40.0,5.668,-0.6234734108337395,-0.4836202562960351,-0.008301509935960471,0.08956402278892399,0.37540436467823396,-0.4856343806709501,0.9919905611029151,0.0848956025269252
40.0,5.694,-0.6259564082734393,-0.48297649944932086,-0.008180829799345082,0.08890818226624238,0.37291774097286146,-0.4849941633801053,0.9921105367789114,0.0842177165725435
40.0,5.72,-0.6284251196609747,-0.4823229245582412,-0.008061889226842707,0.08825676957692644,0.3704454405452928,-0.4843441128614727,0.9922287748190145,0.08354424621405933
40.0,5.746,-0.6308795568735206,-0.48165974115710153,-0.007944653630859543,0.08760969884527166,0.3679874191105221,-0.4836844003425989,0.9923453053397846,0.08287513070786631
40.0,5.772,-0.6333198118474755,-0.4809870426906875,-0.007829097350577699,0.0869669256798399,0.3655436399617437,-0.48301518900504115,0.9924601572330006,0.08221031434526824
40.0,5.798,-0.6357459101196341,-0.4803050429057481,-0.007715190342320898,0.08632838674477443,0.36311403613666227,-0.48233663655719095,0.9925733586120976,0.08154974126222532
40.0,5.824,-0.6381579570451172,-0.4796138385412849,-0.007602906400701915,0.08569403952705473,0.36069855695743186,-0.4816489037764416,0.992684937755273,0.08089335377571305
40.0,5.85,-0.640555871514464,-0.4789137316064123,-0.007492218029231902,0.08506382256022653,0.35829715519238714,-0.480952155368172,0.9927949217676008,0.0802410975081525
40.0,5.876,-0.6429398558664912,-0.47820471112092594,-0.007383098258561219,0.08443767557942969,0.3559097787430996,-0.48024654887588564,0.9929033369371643,0.07959292142082176
40.0,5.902,-0.6453099258585614,-0.4774869713478112,-0.007275522310910437,0.08381555880313313,0.35353636266145766,-0.47953222368861054,0.9930102095280339,0.07894877090417032
40.0,5.928,-0.6476661002610505,-0.47676070643336144,-0.007169464165743227,0.08319741389046408,0.3511768702775519,-0.47880933914552504,0.9931155652466158,0.07830859296885558
40.0,5.954,-0.6500084083190351,-0.47602611585638877,-0.0070648983000292445,0.0825831836560149,0.34883122697,-0.47807805486255534,0.9932194285206261,0.07767233968020518
40.0,5.98,-0.6523370332384266,-0.47528316023054956,-0.006961800479625708,0.08197282149065761,0.3464993870788188,-0.47733849891264146,0.9933218242389075,0.07703995783353713
40.0,6.006,-0.6546519266251313,-0.47453215046416697,-0.006860148321180336,0.08136628150867264,0.3441812874583932,-0.4765908272034231,0.9934227761360676,0.07641139929372431
40.0,6.032,-0.6569530960634761,-0.47377326234969763,-0.00675991841233369,0.0807635187807578,0.34187687276951845,-0.4758351879692159,0.993522307682724,0.07578661409115238
40.0,6.058,-0.6592407547733015,-0.4730064686422342,-0.00666108762129751,0.0801644706225711,0.33958607932100326,-0.4750717169705356,0.9936204415569407,0.07516555735971012
40.0,6.084,-0.6615148326347399,-0.4722320577547408,-0.006563634150260341,0.07956910331011223,0.33730885527757826,-0.47430054808680683,0.9937172004584234,0.07454817719225022
40.0,6.11,-0.6637755247275601,-0.4714499828092374,-0.006467535066469633,0.07897736545377587,0.3350451318247472,-0.47352182557148964,0.9938126062557624,0.0739344320189129
40.0,6.136,-0.666022691493927,-0.47066065305864235,-0.006372769974783442,0.07838921563217817,0.33279484807240445,-0.4727356862421239,0.9939066804989937,0.07332427320696824
40.0,6.162,-0.6682565404781986,-0.46986402491727897,-0.006279319458300875,0.0778046041337603,0.3305579554332206,-0.4719422484853711,0.9939994443246422,0.07271765552019127
40.0,6.188,-0.6704771758537874,-0.4690601521463066,-0.006187161107739667,0.07722349150186811,0.3283343714051928,-0.4711416690877164,0.9940909181245484,0.07211453709674756
40.0,6.214,-0.67268454021017,-0.4682493215188432,-0.006096275533984248,0.07664582105267242,0.32612405495925184,-0.47033405791349986,0.9941811224003295,0.07151487253694198
40.0,6.24,-0.6748786684657295,-0.4674317086654205,-0.006006641805146158,0.07607156396911782,0.3239269318973358,-0.46951954651250355,0.9942700769251395,0.07091861807605103
40.0,6.266,-0.6770598501435058,-0.46660713973923434,-0.005918244570212053,0.07550067398561838,0.32174293975393464,-0.468698264680489,0.9943578008563337,0.07032573333921266
40.0,6.292,-0.6792278487407651,-0.4657761204235107,-0.005831060862731799,0.07493310644722516,0.31957200840894057,-0.4678703300322415,0.9944443135773858,0.06973617442619995
40.0,6.318,-0.6813829654947589,-0.4649384792971752,-0.005745075330143743,0.07436882570930525,0.3174140867728923,-0.4670358694527329,0.9945296335130381,0.06914990254966087
40.0,6.344,-0.6835251391617683,-0.46409449044263057,-0.005660268322694617,0.07380778863417162,0.31526910430233396,-0.4661949979521943,0.9946137789731242,0.06856687537580279
40.0,6.37,-0.6856544886808046,-0.46324420048509346,-0.00557662375405329,0.07324994429633158,0.3131369858760459,-0.465347840063678,0.9946967676647718,0.06798705571270763
40.0,6.396,-0.6877710460567038,-0.46238776890429567,-0.0054941232776741745,0.07269527682848856,0.311017684185409,-0.4644945079075378,0.9947786174146679,0.06741040109642962
40.0,6.422,-0.6898749339493926,-0.46152523973756604,-0.005412749490800737,0.07214372869230497,0.30891112017937805,-0.46363511804230567,0.9948593452240161,0.06683687593686011
40.0,6.448,-0.691966180319327,-0.46065676531719485,-0.005332487181012629,0.07159526849732178,0.3068172309915954,-0.46276977490271554,0.9949389680992232,0.06626643936657554
40.0,6.474,-0.6940448311306779,-0.45978250822791183,-0.005253320762053927,0.0710498573196247,0.30473594807744825,-0.46189860840469527,0.995017502350002,0.06569905566002057
40.0,6.5,-0.6961109105013906,-0.4589026147714586,-0.00517523244914563,0.07050745730319628,0.3026672128577764,-0.461021709875493,0.9950949644036713,0.06513468731243333
40.0,6.526,-0.6981646203967935,-0.4580169977612083,-0.005098207232401648,0.06996803127823596,0.3006109495555146,-0.46013919607206066,0.9951713700011858,0.06457329673190036
40.0,6.552,-0.7002059242537151,-0.457125933359915,-0.005022230931454688,0.06943155093157127,0.2985671029789383,-0.4592511614235715,0.995246734664879,0.06401485150441255
40.0,6.578,-0.7022349312562056,-0.4562294430969119,-0.0049472878688342796,0.06889796475886784,0.29653558924485657,-0.4583577254102873,0.9953210738019102,0.06345931219192481
40.0,6.604,-0.704251688543811,-0.45532768012772556,-0.004873365482279965,0.06836726194123685,0.2945163530746378,-0.4574589801583286,0.9953944023803516,0.06290664626628147
40.0,6.63,-0.7062563083079186,-0.45442066342827564,-0.004800445660159056,0.06783938506201227,0.29250931519476925,-0.4565550322002115,0.9954667348060343,0.062356819381983
40.0,6.656,-0.7082487455999015,-0.4535086574256151,-0.004728517573188834,0.0673143089093096,0.29051442364108,-0.45564597678270374,0.9955380858421077,0.061809797179366834
40.0,6.682,-0.7102292112219791,-0.4525915660902785,-0.004657566478352286,0.06679200139802696,0.28853159582930726,-0.45473191285558334,0.9956084694638889,0.06126554521345317
40.0,6.708,-0.7121976555488255,-0.45166964745291266,-0.004587580204202666,0.06627243107188949,0.2865607685302511,-0.45381293333473394,0.9956778994499867,0.06072403248096127
40.0,6.734,-0.7141542754858491,-0.45074279181003213,-0.0045185439448389205,0.06575555984975567,0.2846018850707893,-0.45288914055303187,0.9957463894689029,0.06018522444939421
40.0,6.76,-0.7160989543443465,-0.4498113862464851,-0.004450445964360321,0.06524135801041182,0.2826548565607874,-0.4519606196050552,0.9958139528938026,0.05964909176776472
40.0,6.786,-0.7180319701692345,-0.4488751935285393,-0.004383273569177363,0.06472979667346279,0.2807196231971139,-0.4510274654214897,0.9958806026453572,0.059115601537086525
40.0,6.812,-0.7199532098421223,-0.44793460022204906,-0.004317013275509101,0.0642208329201232,0.2787961219012168,-0.4500897667259092,0.995946351678916,0.05858472257326516
40.0,6.838,-0.7218628669850483,-0.4469894860273097,-0.004251654929475613,0.06371445430399393,0.27688427859777914,-0.44914761092968053,0.9960112126326645,0.05805642364249441
40.0,6.864,-0.7237609797777921,-0.4460399802109376,-0.004187184963532012,0.06321061233006288,0.27498403038985075,-0.4482010847506846,0.9960751977279111,0.05753067520086539
40.0,6.89,-0.7256475963122769,-0.44508621675244125,-0.004123593083479248,0.06270928872074986,0.27309529566646473,-0.44725027833538633,0.9961383192178932,0.05700744767713094
40.0,6.916,-0.7275227495590258,-0.4441283189377435,-0.004060868182726327,0.06221045135154772,0.27121801645249427,-0.44629526646457707,0.9962005888311727,0.0564867131855735
40.0,6.942,-0.7293865680740864,-0.44316629256464013,-0.003998999332004625,0.06171406902552877,0.26935212240167394,-0.44533613768728164,0.9962620185115858,0.05596843859202448
40.0,6.968,-0.7312390789062644,-0.4422002539997974,-0.0039379747066596955,0.061220111529357774,0.2674975402138589,-0.4443729743789844,0.9963226194985034,0.055452597672335034
40.0,6.994,-0.7330804212013237,-0.4412302116270046,-0.0038777837452555375,0.060728549480124655,0.2656542092252562,-0.4434058435344964,0.996382403073147,0.05493916417845275
40.0,7.02,-0.7349106159351995,-0.44025627493044434,-0.0038184175420589014,0.06023936125358319,0.26382204716711494,-0.4424348451565284,0.9964413803853315,0.05442810659612328
40.0,7.046,-0.7367296425579435,-0.4392787018880255,-0.0037598643396766465,0.0597525122558371,0.26200099842329055,-0.4414600347263049,0.9964995622407979,0.05391940034402789
40.0,7.072,-0.738537771726812,-0.43829722554198175,-0.003702115093954065,0.05926797567349565,0.2601909904991308,-0.4404814909890228,0.9965569591985366,0.053413015569948215
40.0,7.098,-0.740334883247414,-0.43731221575960694,-0.003645159854267616,0.058785725614416924,0.25839194643816776,-0.439499301295765,0.9966135818071166,0.05290892762997894
40.0,7.124,-0.7421211898047915,-0.43632354150416847,-0.003588988406577691,0.0583057303154914,0.2566038142144328,-0.4385135238623965,0.9966694402959789,0.052407110095262714
40.0,7.15,-0.7438966334351047,-0.435331433165042,-0.0035335925314885146,0.05782797231734507,0.25482651137566786,-0.43752423417042796,0.9967245447104226,0.05190753650430498
40.0,7.176,-0.7456613524742405,-0.4343358867845736,-0.0034789632923691704,0.05735242155641739,0.2530599740179794,-0.4365315028806439,0.996778905026901,0.051410180369547566
40.0,7.202,-0.7474154602140185,-0.4333368816682139,-0.003425090496831617,0.05687904250908716,0.2513041308166121,-0.43553540423850584,0.9968325308610952,0.05091501865146954
40.0,7.228,-0.7491589195424057,-0.4323346570048821,-0.003371966286468385,0.0564078203033516,0.24955890966535113,-0.43453599221036604,0.9968854317142862,0.05042202479477157
40.0,7.254,-0.7508918544513988,-0.43132919564629923,-0.003319583089597909,0.05593872769621538,0.24782426071800753,-0.4335333407477748,0.9969376171352433,0.0499311722255677
40.0,7.28,-0.7526143721659053,-0.4303204688656229,-0.0032679305178529234,0.05547173860799954,0.24610010010796227,-0.4325275160216157,0.9969890962323567,0.04944243956028056
40.0,7.306,-0.7543264564945936,-0.4293087245066756,-0.00321700087463455,0.055006821425517945,0.24438635952351698,-0.4315185747565361,0.9970398779993213,0.04895580190113638
40.0,7.332,-0.7560282079569288,-0.4282939274659864,-0.003166786344537983,0.05454395832836645,0.2426829765935763,-0.4305065829244118,0.9970899712828433,0.04847123606805308
40.0,7.358,-0.7577196789531919,-0.4272761881243513,-0.0031172794250322986,0.054083119723245636,0.24098987609939104,-0.42949160006316256,0.9971393849548585,0.04798871711870624
40.0,7.384,-0.7594009887515502,-0.4262554789383559,-0.003068472128103121,0.05362428339387522,0.2393069962371975,-0.42847369063329194,0.9971881275133507,0.04750822181829958
40.0,7.41,-0.7610721828150137,-0.42523190359348084,-0.003020356221245401,0.053167421923334575,0.2376342773941937,-0.42745290437142947,0.9972362073165776,0.04702972865166381
40.0,7.436,-0.7627332901568092,-0.42420555557461165,-0.002972925198462276,0.052712521097318596,0.23597163791656436,-0.42642930285359665,0.9972836327501793,0.046553214342773035
40.0,7.462,-0.764384432199168,-0.4231764043554604,-0.002926170337556979,0.05225954337412666,0.23431901419929135,-0.4254029435183182,0.9973304118329559,0.046078657325330376
40.0,7.488,-0.7660256658781469,-0.4221445563748219,-0.0028800858775212056,0.05180847051045581,0.23267634024237094,-0.42437387825592143,0.997376552415801,0.04560603600848658
40.0,7.514,-0.7676570139328474,-0.42111009818894113,-0.0028346633955207974,0.05135928528286865,0.23104355306630842,-0.42334216322331986,0.9974220627201832,0.0451353270573191
40.0,7.54,-0.7692786086902582,-0.42007300112934187,-0.002789895401183599,0.050911953635414404,0.229420577324466,-0.42230784821042594,0.9974669501450747,0.044666508827412306
40.0,7.566,-0.7708904742502755,-0.4190333501486488,-0.0027457760317952766,0.05046645454298845,0.22780735077675004,-0.42127098807443697,0.9975112223425823,0.04419956315898961
40.0,7.592,-0.7724926711128265,-0.41799124914227537,-0.002702297717582303,0.0500227681087586,0.2262038135968018,-0.42023162341734394,0.9975548868806082,0.04373446489522218
40.0,7.618,-0.7740853069246877,-0.4169466519974697,-0.0026594532398845953,0.04958086398633866,0.22460988954461236,-0.41918981583735604,0.9975979508524494,0.043271195820802494
40.0,7.644,-0.7756683532373986,-0.4158997866784267,-0.002617236387105119,0.0491407302091644,0.22302551227552636,-0.41814560868099593,0.997640421496628,0.04280973596774522
40.0,7.67,-0.7772420004941022,-0.41485047487604065,-0.002575638952924619,0.048702333210469524,0.22145062316030084,-0.4170990409179819,0.9976823060044424,0.04235006535136934
40.0,7.696,-0.7788062851975385,-0.41379880276363573,-0.002534654302462563,0.048265652065088455,0.21988515193976757,-0.4160501635885,0.9977236112488238,0.04189216221468653
40.0,7.722,-0.7803611726647849,-0.4127449923521437,-0.0024942758736943406,0.047830667002215346,0.21832902878990018,-0.4149990270779478,0.9977643440954732,0.04143600653098053
40.0,7.748,-0.7819068633582014,-0.41168886643958597,-0.002454496891668295,0.04739735393241578,0.21678220350059457,-0.4139456650092575,0.997804511105939,0.04098158173616906
40.0,7.774,-0.7834433151778248,-0.4106306412280965,-0.0024153082069143343,0.04696569021359394,0.2152445876378891,-0.4128901247686518,0.9978441190143904,0.040528866026790115
40.0,7.8,-0.7849706485603222,-0.4095702690931172,-0.0023767046283168568,0.046535648933481256,0.21371613681192583,-0.41183244856868073,0.9978831742514499,0.04007784106271614
40.0,7.826,-0.7864889750359796,-0.4085076962180867,-0.0023386767094480763,0.046107215529158994,0.2121967683260502,-0.41077267416769325,0.9979216831364254,0.039628490231148936
40.0,7.852,-0.7879982639771436,-0.4074431424209826,-0.0023012183706905684,0.045680360518657,0.2106864360812102,-0.4097108381919055,0.9979596520401504,0.0391807916755475
40.0,7.878,-0.7894985572269058,-0.4063766904037042,-0.0022643199178476485,0.04525506147189546,0.20918506325161237,-0.40864698687513973,0.9979970870828173,0.038734728750533826
40.0,7.904,-0.790990038902164,-0.4053081463769149,-0.0022279742049930175,0.04483129725704386,0.2076925830325077,-0.40758114916071947,0.9980339942983733,0.03829028305105126
40.0,7.93,-0.7924727513066299,-0.4042375907185629,-0.002192173418768112,0.04440904818389916,0.20620894102542847,-0.40651335941284517,0.9980703796797431,0.03784743615878295
40.0,7.956,-0.7939466580132689,-0.40316523736150073,-0.0021569073273993945,0.043988290992470154,0.20473407138575658,-0.4054436634812462,0.9981062491138274,0.037406171384343115
40.0,7.982,-0.7954119519793006,-0.40209089325248615,-0.002122167208541774,0.043568998880869736,0.2032679040554511,-0.40437207981252477,0.9981416081053924,0.03696647201289743
40.0,8.008,-0.796868527173351,-0.40101490995514605,-0.002087943259029445,0.04315115181292102,0.20181037656892525,-0.4032986580132215,0.9981764625942844,0.03652831784601367
40.0,8.034,-0.7983166370300311,-0.3999369482148471,-0.0020542261346714703,0.04273473617846416,0.2003614316341566,-0.4022234215606483,0.9982108180070435,0.03609169563333383
40.0,8.06,-0.7997562503994919,-0.39885722141347374,-0.002021004285551422,0.04231972024325412,0.19892099614262576,-0.4011463960520741,0.9982446798736458,0.03565658513996917
40.0,8.086,-0.8011874097689993,-0.3977758051327181,-0.0019882676669907597,0.04190608392026168,0.19748902073489946,-0.40006761826445325,0.9982780536045908,0.03522296960533363
40.0,8.112,-0.802610223870549,-0.3966926326786302,-0.0019560052618239443,0.0414938135978904,0.19606542640392727,-0.3989871165241623,0.9983109443493279,0.0347908357385699
40.0,8.138,-0.8040247332300114,-0.39560777680369624,-0.001924203746905261,0.04108288771977379,0.19465016940386634,-0.39790491887640905,0.9983433574787528,0.0343601632688075
40.0,8.164,-0.8054310479007633,-0.39452116933629156,-0.00189285210858457,0.040673281712060416,0.19324316964500357,-0.3968210484004696,0.9983752980046939,0.0339309388809676
40.0,8.19,-0.8068291377199849,-0.3934330210532517,-0.001861935650893619,0.04026497776690509,0.19184437520197292,-0.39573553142867735,0.9984067709689493,0.03350314576266639
40.0,8.216,-0.8082191127372995,-0.39234326215083226,-0.0018314422348684523,0.0398579596904407,0.19045371857425503,-0.3946483961781491,0.9984377813203039,0.033076768833625356
40.0,8.242,-0.8096010800895848,-0.39125182015493287,-0.0018013573454012586,0.03945221310728556,0.18907113756005983,-0.3935596626768905,0.9984683339519776,0.03265179125812501
40.0,8.268,-0.8109750115118811,-0.3901589048314297,-0.001771666544449827,0.03904771631160619,0.1876965817202887,-0.392469356509323,0.9984984336430995,0.032228197932306205
40.0,8.294,-0.8123410828992604,-0.38906430077785803,-0.0017423554252925446,0.038644454085388184,0.18632997407259191,-0.3913774992947072,0.9985280851506468,0.031805971998350835
40.0,8.32,-0.8136991974337088,-0.3879683579785605,-0.0017134089559999715,0.03824241746761516,0.18497126312809078,-0.39028411162093146,0.9985572930098471,0.03138510181640814
40.0,8.346,-0.8150495295700038,-0.3868708585253034,-0.0016848107499470198,0.037841586066346314,0.18362038893232055,-0.3891892126579459,0.998586061812167,0.030965570506567126
40.0,8.372,-0.816392186421779,-0.3857717252320448,-0.0016565454379496463,0.03744195021516679,0.18227728323492948,-0.38809282010794915,0.9986143960732152,0.030547362922838127
40.0,8.398,-0.8177270716189976,-0.38467130692986434,-0.0016285988992378873,0.03704350192789976,0.1809418805791311,-0.386994955910642,0.9986423001972085,0.030130463907755638
40.0,8.424,-0.8190544246763494,-0.38356923879114346,-0.0016009540130820842,0.03664622660444711,0.17961413635833398,-0.3858956323397369,0.9986697785057724,0.029714860038057355
40.0,8.45,-0.8203741514755024,-0.38246586969242136,-0.001573596009401672,0.03625011994991946,0.17829398417606063,-0.3847948665962387,0.9986968352238984,0.029300537879948435
40.0,8.476,-0.8216863558927846,-0.38136111803941863,-0.0015465111999800653,0.035855175138407434,0.17698136037099077,-0.38369268009920515,0.9987234745880089,0.02888748224790408
40.0,8.502,-0.8229911444042949,-0.38025490232968584,-0.0015196840323163322,0.035461387230143415,0.17567620920212002,-0.38258907467794795,0.998749700735334,0.028475677946068607
40.0,8.528,-0.8242885532843167,-0.37914728195408054,-0.0014931013316068298,0.035068748913454593,0.1743784682895246,-0.3814840715218531,0.9987755177470937,0.02806511151427644
40.0,8.554,-0.8255786862485455,-0.3780381723534619,-0.0014667513323124207,0.0346772587437766,0.17308807189204076,-0.380377682830293,0.9988009295372646,0.02765577122514295
40.0,8.58,-0.8268615161288326,-0.3769277768342368,-0.0014406210615244242,0.03428691704330243,0.17180497022449176,-0.37926991904896507,0.9988259400794526,0.027247641856918303
40.0,8.606,-0.8281371453691888,-0.3758160089192608,-0.0014147023496124587,0.03389772561701729,0.17052910349525385,-0.37816078490302074,0.9988505533062326,0.026840708179810588
40.0,8.632,-0.8294056116842736,-0.374702926139772,-0.0013889840870736688,0.03350967645483154,0.16926040799058456,-0.3770502924409156,0.9988747729134128,0.026434960184679272
40.0,8.658,-0.8306669523231542,-0.37358858530114003,-0.0013634604667273264,0.033122778765430634,0.16799882265433608,-0.3759384579335287,0.9988986027008812,0.026030382624949996
40.0,8.684,-0.8319213340750831,-0.3724727520919111,-0.0013381246146490528,0.03273703566405455,0.1667442944158051,-0.3748252787346116,0.9989220463270183,0.02562696373304066
40.0,8.71,-0.8331687291576784,-0.3713556268431036,-0.0013129730461596848,0.03235244067164263,0.1654967662605175,-0.3737107595724863,0.9989451074134598,0.02522468998956605
40.0,8.736,-0.8344092393148256,-0.3702371187796788,-0.0012880031913387157,0.03196900425458115,0.16425617074625948,-0.37259491524838784,0.9989677895443981,0.024823547868003108
40.0,8.762,-0.8356428351985763,-0.3691174268236922,-0.0012632138218374499,0.031586723746762156,0.163022455031304,-0.37147773902826586,0.998990096201099,0.024423525577800118
40.0,8.788,-0.8368696823329829,-0.367996312722878,-0.0012386058576292205,0.031205605755260258,0.16179556610943369,-0.3703592400432748,0.9990120308723903,0.024024609578061164
40.0,8.814,-0.8380898170582093,-0.36687382878528196,-0.0012141815344688717,0.030825647944153798,0.16057543315284892,-0.36923942029028195,0.9990335969113329,0.02362678806337901
40.0,8.84,-0.8393032103860542,-0.3657501726904743,-0.001189944221154267,0.03044685019321561,0.15936200921051114,-0.3681182819019421,0.9990547977004213,0.023230047478748583
40.0,8.866,-0.840510026423196,-0.3646251030264559,-0.0011659001913970723,0.030069221421392095,0.158155229638104,-0.36699582001638353,0.999075636471182,0.022834377749266273
40.0,8.892,-0.8417103012462447,-0.36349867024001775,-0.0011420547843136893,0.029692751871235823,0.1569550406877435,-0.36587203560838266,0.9990961164516984,0.022439767049916053
40.0,8.918,-0.8429040051958788,-0.3623710703752205,-0.001118415688397363,0.02931744466228628,0.15576138115298233,-0.3647469283093001,0.9991162409017506,0.02204620006171471
40.0,8.944,-0.8440912999194679,-0.36124205850391417,-0.0010949913781150879,0.028943291795360565,0.1545741952220396,-0.36362049097725047,0.9991360128563218,0.02165366843390888
40.0,8.97,-0.8452722221338682,-0.36011168366859436,-0.00107178993564215,0.02857029806887877,0.1533934296460736,-0.3624927208947695,0.9991554354707978,0.021262156834714684
40.0,8.996,-0.8464468050664793,-0.35897999299456645,-0.0010488217697313287,0.028198447768836996,0.15221901754513753,-0.36136361670129113,0.9991745117159931,0.02087165690183562
40.0,9.022,-0.8476151457600095,-0.35784688583754565,-0.0010260954347061767,0.02782774156333505,0.15105091184134772,-0.36023316922451,0.9991932445833784,0.02048215677921667
40.0,9.048,-0.8487772163344385,-0.35671255676947783,-0.0010036209772901956,0.027458166972596596,0.149889050166883,-0.35910136660299447,0.9992116370202982,0.020093642860332796
40.0,9.074,-0.8499331762628048,-0.35557675589865545,-0.0009814085102231487,0.02708971504361994,0.14873338077991471,-0.3579682029157395,0.9992296919155484,0.019706105021975093
40.0,9.1,-0.851082996265246,-0.35443967628314504,-0.0009594672436328498,0.026722380319494837,0.1475838368446469,-0.3568336694523545,0.9992474120701549,0.01931953313452736
40.0,9.126,-0.8522267735063885,-0.35330121487685423,-0.0009378058935579475,0.02635614556549814,0.14644036495842913,-0.3556977526153957,0.9992648003210755,0.018933913575152332
40.0,9.152,-0.8533645403146806,-0.352161415312051,-0.0009164343536658926,0.025991003667343922,0.14530290805346088,-0.3545604458156579,0.9992818593727053,0.018549237947949458
40.0,9.178,-0.8544964538657087,-0.3510200235231004,-0.0008953597180025,0.025626936597352105,0.14417141728850424,-0.353421725487927,0.9992985919627619,0.018165492619222068
40.0,9.204,-0.8556224248518397,-0.3498773805639516,-0.0008745897133836453,0.02526393373608018,0.14304582173365377,-0.35228158269252996,0.999315000735143,0.017782669183213532
40.0,9.23,-0.8567426083849515,-0.3487332303054573,-0.000854132126474594,0.02490197724907642,0.14192607772303642,-0.3511400028458142,0.9993310882989963,0.017400755042070438
40.0,9.256,-0.8578570360002986,-0.3475876138760692,-0.0008339922635388497,0.024541057065773638,0.14081211913892522,-0.3499969671361969,0.9993468572456137,0.01701974073387597
40.0,9.282,-0.858965742530428,-0.34644057338198364,-0.0008141762318529922,0.024181150956597054,0.13970389477129022,-0.3488524563086841,0.9993623100833567,0.016639615220966547
40.0,9.308,-0.8600688194549444,-0.34529199899287166,-0.0007946887879476943,0.02382225046793506,0.1386013482434493,-0.3477064540520207,0.9993774493129157,0.016260368159422913
40.0,9.334,-0.8611663006806838,-0.3441419313864483,-0.0007755337258123252,0.023464333142276226,0.13750441177085193,-0.3465589309477626,0.9993922773850566,0.01588198902608112
40.0,9.36,-0.8622582164743753,-0.3429904094332481,-0.0007567151328375218,0.023107387785461543,0.13641304475275118,-0.345409870911629,0.9994067967179752,0.015504467467849692
40.0,9.386,-0.8633447197162788,-0.34183717161254146,-0.0007382346624133357,0.022751393056482667,0.1353271830747478,-0.34425924965408977,0.9994210096746999,0.015127793301443983
40.0,9.412,-0.8644257816234023,-0.3406824064970018,-0.0007200950286591298,0.022396336536254675,0.13424676225260235,-0.3431070394872597,0.9994349185750084,0.014751956513680477
40.0,9.438,-0.8655014357759492,-0.3395261529292149,-0.0007022979493094617,0.022042201766742337,0.13317173998839105,-0.34195321423571073,0.9994485257443725,0.014376947087803424
40.0,9.464,-0.8665718301897477,-0.3383681454809419,-0.0006848439072873983,0.021688971446745593,0.13210204801460748,-0.3407977498351873,0.9994618334153644,0.014002754653157782
40.0,9.49,-0.8676369958427228,-0.3372084206737792,-0.0006677337971931148,0.021336630314021124,0.13103763410562244,-0.33964060808848284,0.9994748438139925,0.01362936970786279
40.0,9.516,-0.8686969660084609,-0.33604701560029493,-0.000650966598783789,0.02098516306441233,0.129978444241628,-0.33848176174549544,0.9994875591315752,0.01325678239715425
40.0,9.542,-0.8697517692566009,-0.3348839652104712,-0.0006345427571158536,0.020634554704332134,0.12892441075220895,-0.3373211809986347,0.9994999815104089,0.01288498268774476
40.0,9.568,-0.8708014956854996,-0.33371915343403485,-0.0006184607871641979,0.020284788767930467,0.12787548490962514,-0.33615883002018804,0.9995121130808097,0.012513961066286801
40.0,9.594,-0.8718462348674945,-0.33255246326472687,-0.0006027192976358392,0.019935852488156314,0.12683160884579045,-0.33499466452744275,0.9995239558973534,0.012143708189685918
40.0,9.62,-0.8728860149912278,-0.3313839279705529,-0.000587317377472589,0.01958772798323235,0.12579272013332515,-0.33382866099721137,0.999535512028038,0.011774214188398803
40.0,9.646,-0.8739209261688999,-0.33021342962967665,-0.000572252521799948,0.01924040442214781,0.12475876059937956,-0.33266076921405185,0.9995467834723982,0.011405469712335286
40.0,9.672,-0.8749509400981025,-0.3290411536748046,-0.0005575226696662916,0.018893864902405907,0.12372968350213129,-0.3314909493684511,0.9995577722143484,0.011037465408153051
40.0,9.698,-0.8759762012313493,-0.32786682740891654,-0.0005431258844259791,0.018548100472377534,0.12270541593621777,-0.3303191598410067,0.9995684801992338,0.010670191919049873
40.0,9.724,-0.8769966815884804,-0.32669063571284945,-0.0005290595107245389,0.0182030933527351,0.12168591096775787,-0.32914535522158944,0.9995789093533146,0.010303640233999498
40.0,9.75,-0.8780125825315919,-0.3255121514000343,-0.0005153209575852454,0.017858832870338084,0.12067110291656515,-0.32796949002012254,0.9995890615586174,0.00993780081515714
40.0,9.776,-0.8790238191688506,-0.3243317116910405,-0.0005019073777596227,0.017515305520021056,0.11966093904129703,-0.32679151562557635,0.9995989386633617,0.009572664819393308
40.0,9.802,-0.8800305330972003,-0.3231490402869278,-0.0004888160301530547,0.01717249804909824,0.11865535817372082,-0.3256113754564788,0.9996085424929383,0.009208223051597261
40.0,9.828,-0.8810326989702486,-0.3219643217278754,-0.0004760440079465327,0.01683040030091888,0.11765429639979165,-0.3244290200250481,0.9996178748562116,0.0088444664882164
40.0,9.854,-0.8820305124086841,-0.3207771238105254,-0.0004635883546965991,0.01648900018887944,0.11665770133039893,-0.3232443932391981,0.9996269375098905,0.008481386451473855
40.0,9.88,-0.8830238899201716,-0.3195877833971062,-0.0004514460952627261,0.016148286799194674,0.11566550945442161,-0.3220574407278181,0.9996357321879047,0.008118973911789947
40.0,9.906,-0.88401302776724,-0.31839586711207635,-0.00043961433006298325,0.01580824594273996,0.11467765626911991,-0.32086810204719357,0.9996442606197842,0.007757220011411764
40.0,9.932,-0.8849978431417392,-0.3172017116413279,-0.0004280898515395269,0.015468868871086878,0.11369409573581796,-0.31967631223529364,0.999652524472197,0.007396116238479148
40.0,9.958,-0.8859785309046907,-0.3160048817077071,-0.00041686973462670387,0.015130146047633339,0.11271475159128518,-0.31848200681592737,0.9996605254133171,0.007035653555190654
40.0,9.984,-0.8869550618227443,-0.3148055582951508,-0.0004059508649451994,0.014792063554939868,0.11173956746996354,-0.3172851205972554,0.9996682650577434,0.006675823618811183
40.0,10.01,-0.8879275192314374,-0.3136036136859119,-0.0003953306437479049,0.014454613452437568,0.11076848486819894,-0.316085579112616,0.9996757450434768,0.006316617735370463
40.0,10.036,-0.8888959868758,-0.31239891967164296,-0.00038500586419794037,0.014117785080741015,0.10980144412094166,-0.3148833188803167,0.9996829669361526,0.005958027382502235
40.0,10.062,-0.8898605448116936,-0.3111913461189957,-0.0003749734806779397,0.013781568778430876,0.10883837435522027,-0.313678258300605,0.9996899322994358,0.005600044035491934
40.0,10.088,-0.8908212204088657,-0.30998091825799057,-0.00036523090250525605,0.01344595467667138,0.10787921896696055,-0.3124703175334,0.9996966426596285,0.005242659341584474
40.0,10.114,-0.891778040224398,-0.30876766079736007,-0.00035577508534551984,0.013110931929903718,0.10692391780936278,-0.3112594206236468,0.999703099541411,0.004885864945747866
40.0,10.14,-0.8927311404348289,-0.30755128737043846,-0.0003466034199290903,0.012776492708490102,0.10597239577014102,-0.31004547943186384,0.99970930444487,0.004529652490576855
40.0,10.166,-0.893680546741996,-0.30633182135880377,-0.0003377131538986771,0.012442627322771207,0.10502459865470161,-0.30882840955488655,0.9997152588347654,0.004174013441810333
40.0,10.192,-0.8946263393284712,-0.3051091301969451,-0.0003291016641006555,0.012109325973633846,0.10408045453680817,-0.3076081236399752,0.9997209641599514,0.003818939960904228
40.0,10.218,-0.8955685977232041,-0.30388308049788876,-0.0003207660469927947,0.01177658065461609,0.10313990512066001,-0.30638451703460706,0.9997264218710082,0.0034644235092370006
40.0,10.244,-0.896507346939303,-0.3026536941795154,-0.0003127044027938243,0.011444381854792296,0.10220288072229987,-0.30515750011246845,0.9997316333807199,0.003110456069392264
40.0,10.27,-0.8974427194605529,-0.30142068043361586,-0.00030491348337887954,0.011112720226112177,0.10126931054816593,-0.30392697510526445,0.9997366000895066,0.0027570296218426575
40.0,10.296,-0.8983746880299138,-0.30018421702660647,-0.00029739140272378215,0.010781588429285888,0.1003391363770152,-0.3026928241092226,0.9997413233863061,0.0024041357960002054
40.0,10.322,-0.8993033829659401,-0.2989440113438894,-0.000290135658947847,0.0104509773836038,0.09941227954961787,-0.30145495134780825,0.9997458046465674,0.0020517665681884277
40.0,10.348,-0.9002289340725267,-0.29769976966122996,-0.000283143863304761,0.01012087852155251,0.09848867828164756,-0.30021323599546956,0.9997500452331152,0.0016999141395335365
40.0,10.374,-0.9011512615923476,-0.29645182558683,-0.0002764138739026362,0.009791284272848724,0.09756825437387645,-0.29896755519572576,0.9997540464975058,0.001348570255483225
40.0,10.4,-0.9020705473713759,-0.29519972733706945,-0.00026994336576448616,0.00946218509449277,0.09665095931860529,-0.2977178184954231,0.9997578097899964,0.0009977269910420449
40.0,10.426,-0.9029868671629462,-0.2939433359031283,-0.0002637303288410059,0.009133573494512555,0.09573669455551947,-0.2964638647062336,0.999761336437405,0.0006473763494376022
40.0,10.452,-0.9039002438823748,-0.29268266890587796,-0.00025777271403097955,0.008805442561632262,0.09482539675013286,-0.295205563923302,0.9997646277775245,0.00029751036686932676
40.0,10.478,-0.9048107535461607,-0.2914175865690235,-0.0002520683265601506,0.008477782450953273,0.09391700034328386,-0.29394279150252584,0.9997676851477094,-5.187895381343107e-05
40.0,10.504,-0.9057184724905003,-0.29014794865430527,-0.0002466154646985185,0.008150586119343089,0.09301141671488261,-0.2926753975586457,0.9997705098848836,-0.0004007995733106735
40.0,10.53,-0.9066235236104394,-0.28887345489123406,-0.0002414120487983583,0.007823845305956381,0.09210858122149719,-0.2914032297836529,0.9997731033025845,-0.0007492594681980399
40.0,10.556,-0.9075259831880789,-0.2875939636496435,-0.00023645633117033138,0.007497553537429285,0.09120841221981434,-0.29012614652989266,0.9997754667599779,-0.0010972666833070843
40.0,10.582,-0.9084258726085679,-0.28630948972865305,-0.00023174639807810513,0.007171701816715675,0.09031084173729192,-0.288844007071735,0.9997776015928166,-0.0014448292619050312
40.0,10.608,-0.9093232662740462,-0.28501989005503536,-0.0002272805239972773,0.0068462833148037906,0.0894157848571228,-0.2875566449324574,0.9997795091709015,-0.0017919553190418468
40.0,10.634,-0.9102182852487378,-0.2837248612446854,-0.0002230572565188624,0.006521289765973467,0.08852315022881063,-0.2862638293689958,0.9997811908521014,-0.002138652971710814
40.0,10.66,-0.9111110531051366,-0.2824240998104567,-0.00021907466252516525,0.006196714191351236,0.0876328713948426,-0.2849654372205541,0.9997826480395043,-0.0024849305134629755
40.0,10.686,-0.9120015893958799,-0.2811176178974395,-0.00021533125563318265,0.005872548897371537,0.08674487037314023,-0.2836612827249694,0.9997838821237949,-0.0028307963445233543
40.0,10.712,-0.9128899678675,-0.279805269780161,-0.0002118255312528865,0.005548786607397818,0.0858590339032245,-0.28235112663243384,0.9997848945404354,-0.0031762590417487033
40.0,10.738,-0.9137763058665965,-0.2784867481634963,-0.0002085558464729604,0.005225419604601782,0.08497530795822594,-0.2810348258902475,0.9997856866888242,-0.003521327358419969
40.0,10.764,-0.9146607221495583,-0.27716174531463533,-0.00020552099915489424,0.004902441336036575,0.08409359847468324,-0.2797121503323528,0.9997862600119244,-0.00386601039898615
40.0,10.79,-0.9155432395380677,-0.2758302723119754,-0.00020271940713302445,0.004579843850714324,0.08321380679590369,-0.2783828794847038,0.9997866159403488,-0.004210317095410426
40.0,10.816,-0.9164239735974653,-0.27449201920607175,-0.0002001497209057724,0.004257619553438637,0.082335839740628,-0.2770467648344177,0.9997867558164738,-0.004554257777291896
40.0,10.842,-0.9173030402075558,-0.2731466752775504,-0.000197810673016029,0.003935762352279382,0.08145961417006847,-0.27570359857254556,0.9997866809244974,-0.004897842252382269
40.0,10.868,-0.9181805555478074,-0.2717939290249304,-0.00019570092926475714,0.0036142640842675394,0.0805850287413345,-0.27435311805910884,0.9997863924016513,-0.0052410815510148916
40.0,10.894,-0.919056538507983,-0.27043378802895424,-0.00019381927811760628,0.0032931184295749536,0.07971200206748746,-0.2729950988868668,0.9997858910299257,-0.005583987750206617
40.0,10.92,-0.9199311499661118,-0.26906577831727513,-0.00019216450141188539,0.002972317913668554,0.07884042154040907,-0.27162923329774324,0.9997851771788285,-0.005926573623723027
40.0,10.946,-0.9208045012483064,-0.26768958460208314,-0.00019073545995479713,0.002651855401247956,0.07797018567102539,-0.2702552555801952,0.9997842503969896,-0.006268853336832297
40.0,10.972,-0.9216766584775111,-0.26630505196464865,-0.00018953099585581015,0.0023317238802678516,0.07710120888387811,-0.2688729063155245,0.9997831089586028,-0.006610842790932565
40.0,10.998,-0.9225477309356751,-0.26491186303755015,-0.00018855004865573664,0.0020119165537603925,0.0762333669096226,-0.2674818482298251,0.9997817491789549,-0.0069525599656539185
40.0,11.024,-0.9234178291393792,-0.263509699943753,-0.00018779155734496475,0.001692426566904216,0.07536656192638067,-0.26608174979042704,0.9997801641780291,-0.007294025081038997
40.0,11.05,-0.9242870605669087,-0.26209824306542795,-0.00018725450738342898,0.0013732466302741068,0.07450068442692095,-0.26467232911902666,0.9997783422294025,-0.007635260754034153
40.0,11.076,-0.9251555793779112,-0.2606770107819417,-0.00018693792802923888,0.0010543701225377523,0.07363562546944308,-0.26325321877574664,0.9997762641360111,-0.007976291445829176
40.0,11.102,-0.9260234430082058,-0.2592458417608588,-0.00018684087356954517,0.0007357899694515917,0.07277126242068312,-0.26182403783645647,0.9997738996719069,-0.008317141849024372
40.0,11.128,-0.9268908491986593,-0.2578040903024023,-0.00018696240851829278,0.0004174994256883497,0.07190748999256408,-0.2603844488517011,0.9997712031667145,-0.008657832293474905
40.0,11.154,-0.9277578104672914,-0.2563517551259113,-0.00018730161454377705,9.949164125580857e-05,0.07104416978686232,-0.2589340106183107,0.999768109436457,-0.008998369958000105
40.0,11.18,-0.9286245616477737,-0.254888024317161,-0.00018785772613110082,-0.00021824020858307252,0.07018118639502466,-0.2574723261036128,0.9997645336847741,-0.009338733479481684
40.0,11.206,-0.9294911586039226,-0.25341273245987767,-0.00018862985296301402,-0.0005357028863766379,0.06931842185495142,-0.2559989853721159,0.9997603830739957,-0.009678851566841331
40.0,11.232,-0.9303577889769942,-0.25192522640535353,-0.00018961720172812232,-0.0008529032703643608,0.06845574393125063,-0.2545135384741516,0.9997555899888514,-0.010018584299101017
40.0,11.258,-0.9312245497059997,-0.25042517563698546,-0.00019081907753442908,-0.001169847855116701,0.06759300398274508,-0.2530154669435701,0.9997501681448272,-0.01035773195141882
40.0,11.284,-0.9320915777693423,-0.24891208515388477,-0.0001922347065661458,-0.0014865436797394794,0.0667300824663179,-0.25150429892521775,0.9997442627230265,-0.010696097969229854
40.0,11.31,-0.9329590120702076,-0.24738545925787891,-0.00019386338972591098,-0.0018029973021738495,0.06586682728563821,-0.24997950169042926,0.999738135843257,-0.01103359164150911
40.0,11.336,-0.9338270276981061,-0.24584463625451172,-0.00019570441341713982,-0.0021192154119338814,0.06500310125384147,-0.24844053348633321,0.9997320644973567,-0.01137029292636522
40.0,11.362,-0.9346958004556167,-0.2442889530986682,-0.00019775721954435412,-0.0024352047635659508,0.06413875338288935,-0.2468868221121316,0.9997262221668438,-0.011706412173492184
40.0,11.388,-0.935565415593609,-0.2427180702366812,-0.0002000210948597923,-0.002750971845404408,0.0632736331216727,-0.24531776356658033,0.9997206381009325,-0.012042184579634357
40.0,11.414,-0.9364360420442752,-0.24113132020016237,-0.0002024954738410123,-0.00306652340687701,0.06240757990881618,-0.24373269732250216,0.999715240067195,-0.012377787060653416
40.0,11.44,-0.9373079284993641,-0.2395277057812954,-0.00020517984013587913,-0.0033818665469013166,0.06154044183406477,-0.24213099418478162,0.9997099197526946,-0.012713317448206187
40.0,11.466,-0.9381811524162781,-0.237906881220433,-0.0002080736274581257,-0.0036970072013118816,0.060672038206917446,-0.24051188946975324,0.999704576313179,-0.01304881244811758
40.0,11.492,-0.9390559120601246,-0.23626800740298348,-0.00021117626637193909,-0.004011952172063536,0.05980221778573413,-0.23887470913222558,0.9996991328160375,-0.013384273874531874
40.0,11.518,-0.9399324035895597,-0.23461024278149284,-0.00021448727584803316,-0.004326708355419905,0.05893078858836106,-0.23721862471330565,0.9996935366518812,-0.01371968824053209
40.0,11.544,-0.9408108154979844,-0.23293274197539704,-0.0002180062590770805,-0.0046412818075843,0.05805757172115781,-0.23554279203658351,0.9996877543019111,-0.014055038068472567
40.0,11.57,-0.9416913316901162,-0.2312346565563138,-0.0002217327156380008,-0.0049556795614243985,0.057182392523066734,-0.2338463849557085,0.9996817655284981,-0.014390306899212172
40.0,11.596,-0.9425741323987554,-0.229515135268196,-0.0002256662912199268,-0.005269908596705634,0.0563050491307729,-0.23212846335461196,0.9996755587708037,-0.014725481515279398
40.0,11.622,-0.9434594283367203,-0.22777315799528694,-0.00022980653068855478,-0.005583974516649373,0.05542535524950905,-0.2303880545645636,0.9996691278601629,-0.01506055260406353
40.0,11.648,-0.9443474665626248,-0.22600753680092553,-0.00023415296328532407,-0.005897884393372939,0.05454310092620268,-0.2286241116516632,0.9996624699748643,-0.015395513339309044
40.0,11.674,-0.945238366725473,-0.22421757367518716,-0.00023870549462396136,-0.006211644762847049,0.053658084107282,-0.2268355678270881,0.9996555842153808,-0.01573036041144895
40.0,11.7,-0.9461324360495308,-0.22240174178345357,-0.0002434636414827909,-0.006525262214127416,0.05277008416587981,-0.22502123811746322,0.9996484708121703,-0.016065092098474988
40.0,11.726,-0.9470298553414057,-0.22055900433509526,-0.00024842708363893666,-0.006838743097214817,0.05187888379777935,-0.22317990513769487,0.9996411305993826,-0.01639970860825875
40.0,11.752,-0.9479308754080932,-0.21868798988937432,-0.00025359560861317154,-0.007152094861467331,0.050984259751917074,-0.22131027394186115,0.9996335647154908,-0.01673421120199496
40.0,11.778,-0.9488357334200008,-0.21678732090983882,-0.0002589689374453895,-0.0074653229360459724,0.05008598635439224,-0.2194109802375595,0.9996257744054728,-0.01706860288942439
40.0,11.804,-0.9497446921804739,-0.21485544845131854,-0.00026454689578773414,-0.007778433994882929,0.04918381828017141,-0.21748052467507212,0.9996177609216679,-0.01740288668212446
40.0,11.83,-0.9506579625775242,-0.2128909828901145,-0.00027032913162472103,-0.008091434251055761,0.04827751075186271,-0.21551733383409294,0.9996095254698018,-0.017737067337759576
40.0,11.856,-0.9515758174303803,-0.21089219689819313,-0.0002763155265057496,-0.008404332039426223,0.04736682369670828,-0.21351977074726916,0.999601069165579,-0.01807114786884143
40.0,11.882,-0.9524985112792023,-0.2088573555108465,-0.0002825058726386835,-0.008717131608643998,0.04645150620223331,-0.2114860736390112,0.9995923930410657,-0.018405133731166607
40.0,11.908,-0.9534263541303186,-0.20678438372534552,-0.0002889001128327055,-0.009029841750099644,0.04553128677994542,-0.20941429853397422,0.9995834980123859,-0.018739030030768437
40.0,11.934,-0.9543595955551546,-0.2046713635370381,-0.0002954980655717109,-0.009342466909114196,0.044605905172831584,-0.20730243321757,0.999574384851873,-0.019072843617450905
40.0,11.96,-0.9552985008091535,-0.20251620216358998,-0.00030229968516521353,-0.009655014485116048,0.0436750990900063,-0.20514834247856975,0.9995650542874311,-0.01940657959605213
40.0,11.986,-0.9562433437086992,-0.2003166301926107,-0.0003093046961597262,-0.009967490945863987,0.04273859038451784,-0.20294967028222044,0.9995555069824378,-0.019740241325942178
40.0,12.012,-0.9571944728686588,-0.1980698665629514,-0.0003165132245632595,-0.010279903626894769,0.04179611411495097,-0.2007039594442348,0.9995457433980071,-0.02007383914431819
40.0,12.038,-0.958152098500538,-0.19577361913385338,-0.0003239250846169099,-0.010592257139514361,0.04084739458318181,-0.19840853867236,0.9995357640673876,-0.020407374664376213
40.0,12.064,-0.9591165694348796,-0.19342474838495313,-0.00033154046418299945,-0.01090456042268266,0.039892147399415996,-0.1960605099783784,0.9995255693307555,-0.020740856477045596
40.0,12.09,-0.9600881547735272,-0.19102026718216408,-0.0003393593506200271,-0.011216819424716466,0.03893010765449719,-0.1936568289838377,0.9995151594844713,-0.021074291427644425
40.0,12.116,-0.9610671089666023,-0.18855700589018426,-0.00034738147060121453,-0.011529038684299917,0.037961016995483814,-0.1911941859597033,0.9995045348443742,-0.021407682871866555
40.0,12.142,-0.9620537685493418,-0.18603110841464512,-0.0003556070723140375,-0.011841226764678445,0.03698459707051418,-0.1886689498171211,0.9994936955354407,-0.02174104114280278
40.0,12.168,-0.9630483721649509,-0.18343886740923923,-0.0003640361349609175,-0.012153390731326364,0.036000606638918575,-0.18607728580079205,0.9994826417808665,-0.022074367849636657
40.0,12.194,-0.9640511875860921,-0.18077605235804323,-0.0003726686244838712,-0.012465534581377885,0.035008813320008936,-0.18341500298478705,0.999471373566969,-0.022407675068258144
40.0,12.22,-0.9650624641679358,-0.17803807419619844,-0.00038150502243091154,-0.012777666834835118,0.03400899666635673,-0.18067757007784097,0.9994598910444882,-0.022740964406710584
40.0,12.246,-0.9660823635344766,-0.17522032090785578,-0.0003905450813554306,-0.013089794737046856,0.03300097419298246,-0.177860095464555,0.9994481941778403,-0.023074244450139707
40.0,12.272,-0.9671111274053412,-0.17231714335515994,-0.000399789081236039,-0.013401922513486911,0.031984581544398205,-0.17495718629786988,0.9994362829555956,-0.023407520293724584
40.0,12.298,-0.9681489057157783,-0.16932269430594468,-0.00040923738168894815,-0.013714059307350666,0.030959709602353374,-0.17196307523885274,0.9994241572650755,-0.023740800520910724
40.0,12.324,-0.969195741989103,-0.1662309268070591,-0.0004188898462470541,-0.01402621079446666,0.029926299201699022,-0.16887140229900754,0.9994118169895748,-0.024074091969702033
40.0,12.35,-0.9702517254376857,-0.16303457616742173,-0.00042874656884478576,-0.014338383062281565,0.028884355242170107,-0.16567524096282626,0.9993992620538714,-0.024407397988413432
40.0,12.376,-0.9713167602804186,-0.1597263396047264,-0.000438808027547003,-0.014650582258422995,0.02783396833460799,-0.16236701979954443,0.9993864922054774,-0.024740728902226644
40.0,12.402,-0.9723907088427535,-0.15629785715221745,-0.0004490745116509547,-0.014962816159815352,0.026775339066933433,-0.1589384578770324,0.999373507263318,-0.025074089801924188
40.0,12.428,-0.9734732905670659,-0.15274004426855242,-0.0004595461571766672,-0.015275092598159587,0.025708776321642472,-0.15538038240504057,0.9993603070394482,-0.02540748577794408
40.0,12.454,-0.9745641260871679,-0.14904257844774568,-0.0004702234707380691,-0.01558741604132158,0.024634771338404193,-0.15168278932347085,0.9993468912146825,-0.025740925407858384
40.0,12.48,-0.9756625670245883,-0.14519457160698027,-0.000481106243891127,-0.015899793138188685,0.02355399619409198,-0.14783459346161856,0.9993332594923107,-0.026074415524170134
40.0,12.506,-0.9767677492046296,-0.14118388642734228,-0.0004921949916966903,-0.01621223341989727,0.022467358941150747,-0.1438235042601268,0.9993194115434099,-0.0264079629582336
40.0,12.532,-0.9778785588091914,-0.1369967878650591,-0.0005034902527460911,-0.016524740735947306,0.021376080622351044,-0.13963598653562367,0.9993053470650198,-0.026741572796391857
40.0,12.558,-0.9789934851291939,-0.13261827672625592,-0.0005149923245701505,-0.016837321253130266,0.020281734556015594,-0.13525695252235265,0.9992910656412868,-0.027075253612342875
40.0,12.584,-0.9801106115437781,-0.1280314017703371,-0.0005267016268263213,-0.017149984590765197,0.01918634835620101,-0.13066956564175,0.9992765669059773,-0.027409010489958353
40.0,12.61,-0.9812274448029281,-0.12321742283300963,-0.0005386182468776158,-0.017462737129522638,0.01809251229127457,-0.12585507340635996,0.9992618503891333,-0.027742852000585877
40.0,12.636,-0.9823407969670511,-0.11815546458225976,-0.0005507429847684457,-0.017775584850736218,0.017003510227375923,-0.12079247213525547,0.9992469156957485,-0.028076783226394085
40.0,12.662,-0.9834466801578503,-0.1128216556916719,-0.0005630761720470779,-0.01808853249240849,0.015923490964428015,-0.11545816196430687,0.9992317623017437,-0.02841081273622542
40.0,12.688,-0.9845399842856571,-0.10718964190723163,-0.0005756179079963904,-0.018401591130355822,0.014857675109198037,-0.10982553640398451,0.9992163897488088,-0.028744945609431468
40.0,12.714,-0.9856143148047465,-0.10122921724210049,-0.0005883692854781622,-0.01871476501428204,0.013812644050382124,-0.10386458621772267,0.9992007974702275,-0.029079190412494443
40.0,12.74,-0.986661599374489,-0.09490616175831736,-0.0006013305033749792,-0.01902806131095817,0.01279666440202387,-0.09754125403349115,0.9991849849903819,-0.029413552223112396
40.0,12.766,-0.9876715998733149,-0.08818209292575427,-0.0006145017439067859,-0.019341487459948035,0.01182014829544442,-0.09081681900680928,0.9991689516134625,-0.029748041348141224
40.0,12.792,-0.9886314624582861,-0.08101243914640265,-0.0006278842109143144,-0.019655050561877094,0.010896227239297477,-0.08364711990632379,0.9991526968742624,-0.030082661118878744
40.0,12.818,-0.989524863097328,-0.07334667748821466,-0.0006414777067386836,-0.019968754566201653,0.010041485297072833,-0.07598155306263694,0.999136220097707,-0.03041742009597449
40.0,12.844,-0.9903311107595232,-0.06512637115334229,-0.0006552837312978477,-0.02028261108273628,0.009276948499283762,-0.06776198838053613,0.9991195206622911,-0.030752325095507533
40.0,12.87,-0.991023809326318,-0.056284648005157215,-0.0006693019323764499,-0.020596625372513395,0.008629359074212414,-0.05892138721460787,0.9991025979027233,-0.031087382931464996
40.0,12.896,-0.9915692337912118,-0.04674352652192083,-0.0006835335577110267,-0.020910804902997848,0.008132882987621073,-0.04938215920890879,0.9990854511010846,-0.031422602160848315
40.0,12.922,-0.9919240091848308,-0.036412767654615465,-0.0006979792023674849,-0.021225154271851593,0.007831386399407354,-0.03905419458848297,0.9990680795926657,-0.031757987850588476
40.0,12.948,-0.9920320810655817,-0.025187047221446972,-0.000712639379870845,-0.021539682011284766,0.007781503506012242,-0.027832492770705836,0.999050482672784,-0.03209354681098881
40.0,12.974,-0.9918205453867339,-0.01294330172373747,-0.0007275148208771732,-0.021854397972559673,0.008056815513862448,-0.015594365931306729,0.9990326594912362,-0.032429289337743236
40.0,13.0,-0.9911939412176837,0.0004625912787592855,-0.0007426058494764788,-0.02216930540773128,0.008753578347366722,-0.0021961185190722443,0.9990146093665403,-0.032765218749155146
40.0,13.026,-0.9900263387014235,0.015199995426203093,-0.0007579139621292451,-0.022484413051036645,0.009998655842110047,0.01253076227409067,0.9989963314274833,-0.03310134533834259
40.0,13.05,-0.9883244319468064,0.030156504216026392,-0.0007722373383461248,-0.022775464823485157,0.01177952016448501,0.027474379819475418,0.998979256601612,-0.033411796180091144
40.0,13.052,-0.9881502707243706,0.03146733978327508,-0.0007734392639312643,-0.022799727400969992,0.011960609549559556,0.028783834519229397,0.99897782485952,-0.03343767590830985
40.0,13.078,-0.9853411475911228,0.04949644021484813,-0.0007891829699440842,-0.02311525749549719,0.014865327300318094,0.046794052687718274,0.9989590888746867,-0.03377421551646254
40.0,13.104,-0.9812950078394291,0.0695575589971115,-0.0008051456656284642,-0.023431009459310547,0.019018250082506676,0.06682954169721164,0.9989401225704252,-0.034110972706333786
40.0,13.13,-0.9755968086707087,0.09195941283445644,-0.0008213282775853683,-0.02374699146753783,0.024836170066053972,0.08919725539528299,0.9989209250209369,-0.034447956019570625
40.0,13.156,-0.9676746293310261,0.11704751767648741,-0.000837731162913539,-0.02406321088620844,0.03289293637156566,0.11423939572404808,0.9989014953033755,-0.0347851722512799
40.0,13.182,-0.95673408104385,0.14518829878654416,-0.0008543560992084142,-0.02437967109006777,0.04398503287168895,0.14231824881843577,0.9988818325314782,-0.03512262819671355
40.0,13.208,-0.9416648681161686,0.1767311872359264,-0.0008712029954375536,-0.024696385322047366,0.05922475970598403,0.17377712349438737,0.9988619357290476,-0.035460330646837956
40.0,13.234,-0.920911617111604,0.21192213782470887,-0.000888273532127288,-0.025013359687707713,0.08016901659652702,0.20885363875044696,0.9988418038314799,-0.03579828987932966
40.0,13.26,-0.8923061554748719,0.25072588071084795,-0.000905568380986226,-0.02533059841480182,0.1089860582255626,0.24750082336395424,0.9988214358916985,-0.036136510938174146
40.0,13.286,-0.8528819476448823,0.2924769821675174,-0.0009230883500025351,-0.025648112368049543,0.14863909339096976,0.28903685100734566,0.9988008309263433,-0.03647500061038654
40.0,13.312,-0.7987621951787698,0.3352330678388365,-0.0009408344196777894,-0.025965907306422887,0.2029948983314561,0.33149832396974654,0.9987799877450592,-0.036813769165259747
40.0,13.338,-0.7253871014352699,0.3746861176909045,-0.0009588076186536092,-0.026283992474263086,0.27659040697112625,0.3705518925306689,0.9987589053189276,-0.03715282338548605
40.0,13.364,-0.62869124990376,0.40264313836805926,-0.000977009268925993,-0.026602374503242307,0.37344705505787706,0.3979815021678727,0.9987375825405022,-0.03749217004951598
40.0,13.39,-0.5082167596004541,0.40583323140038646,-0.0009954401733177985,-0.026921060220924015,0.49395086727648,0.4005122786089528,0.9987160182727487,-0.03783181767886649
40.0,13.416,-0.37257181923039306,0.3675186045726325,-0.0010141011747189894,-0.027240059627955962,0.6294018864702213,0.3614510382716197,0.9986942113528233,-0.03817177304705535
40.0,13.442,-0.24399261794773636,0.2755680700317201,-0.00103299388566165,-0.027559379555350504,0.7574955404875643,0.26878563004360256,0.9986721605313488,-0.03851204641398948
40.0,13.468,-0.15333497639738855,0.13540738754133447,-0.0010521193890067268,-0.027879026595809188,0.8474014036590585,0.1281095689271048,0.9986498646790257,-0.038852642805869995
40.0,13.494,-0.12214658304424779,-0.025889625932142727,-0.001071478450801423,-0.0281990134501796,0.8777157798387619,-0.03338297300282426,0.9986273224655795,-0.039193572476396425
40.0,13.52,-0.14827046900935636,-0.1747764611681925,-0.0010910727459194896,-0.02851933937139847,0.850777730681894,-0.18215279805402868,0.9986045326728235,-0.03953484219079566
40.0,13.546,-0.21161520881035692,-0.29054175298985935,-0.001110902645716822,-0.02884002260923956,0.7867936965236951,-0.29759471281811384,0.9985814939802983,-0.0398764604542774
40.0,13.572,-0.2900858553247044,-0.3696369751244549,-0.0011309701860296023,-0.029161060907001962,0.7078808736331973,-0.37627957522700534,0.9985582051141552,-0.040218434026609046
40.0,13.598,-0.3687665430022795,-0.41834535299794645,-0.0011512766049948818,-0.029482471121972924,0.6289230351127236,-0.42457239094522664,0.9985346646377402,-0.040560773150592214
40.0,13.624,-0.44039450927990265,-0.44527630923436184,-0.0011718225332451196,-0.0298042558103615,0.5571371494569308,-0.45112322323945875,0.9985108712311508,-0.040903484580686426
40.0,13.65,-0.5026220298972186,-0.45779315631827266,-0.0011926099519459711,-0.030126426567088145,0.494831332769623,-0.46330915461656136,0.9984868234812224,-0.041246576811444495
40.0,13.676,-0.5555340241510605,-0.46120864681647045,-0.0012136395924766605,-0.030448990482665663,0.44189168422617997,-0.46644311860937077,0.9984625200006959,-0.041590056591010546
40.0,13.702,-0.6001708867178248,-0.45906732277881857,-0.00123491368768439,-0.03077195323694059,0.3972584964921129,-0.4640645424905532,0.9984379591844156,-0.04193393589359249
40.0,13.728,-0.6378078718495839,-0.45364570877145916,-0.001256432683050837,-0.031095329826157096,0.35964399488810284,-0.45844339627438735,0.998413139597049,-0.042278221461505845
40.0,13.754,-0.6696538121145332,-0.44637868816977594,-0.0012781986566631157,-0.031419123085493855,0.3278312410516636,-0.45100795019975604,0.9983880598048719,-0.04262292003524626
40.0,13.78,-0.696750896214927,-0.4381605502522009,-0.0013002128102971458,-0.031743341368705554,0.3007731663495474,-0.4426471086770375,0.9983627181567902,-0.04296804183546268
40.0,13.806,-0.7199597030980562,-0.429544107800448,-0.001322476396208225,-0.03206799502288161,0.27760609338183223,-0.43390910865525206,0.998337113085536,-0.04331359533859885
40.0,13.832,-0.7399769333657324,-0.4208672752159225,-0.0013449918515682762,-0.03239309636368986,0.25763128598435464,-0.42512799247512917,0.9983112429884669,-0.04365958901749843
40.0,13.858,-0.7573623849114209,-0.4123323727143246,-0.0013677595314014008,-0.03271864851187861,0.24028785591641552,-0.41650313816126705,0.9982851062160414,-0.04400603134083136
40.0,13.884,-0.7725650010567621,-0.404056523863137,-0.0013907816883673965,-0.0330446599295142,0.22512617970713944,-0.40814927992694683,0.9982587010403485,-0.04435293251733896
40.0,13.91,-0.7859454704988096,-0.3961033722732902,-0.0014140596623723606,-0.03337114474458401,0.21178505978876733,-0.40012793363374705,0.9982320258286255,-0.04470029926628951
40.0,13.936,-0.7977951140644822,-0.38850241138559083,-0.0014375955310970442,-0.033698107343772564,0.19997313925916438,-0.39246726720769876,0.9982050787922555,-0.04504814178921473
40.0,13.962,-0.8083500505686553,-0.38126264074725724,-0.0014613904273160728,-0.03402555759386116,0.1894540858887163,-0.3851747859457328,0.998177858172385,-0.04539646854089335
40.0,13.988,-0.817803169986531,-0.3743798150587915,-0.001485445955242307,-0.0343535030643022,0.18003510790219376,-0.3782453483806464,0.9981503621975593,-0.04574528797317818
40.0,14.014,-0.8263127495557374,-0.36784232385698024,-0.0015097647298471886,-0.03468196083264702,0.1715579068046664,-0.3716663898914196,0.9981225889687595,-0.04609461027542727
40.0,14.04,-0.8340096431245962,-0.361634104238832,-0.0015343473672010145,-0.035010929742980694,0.16389173012289163,-0.36542117283351805,0.9980945365718481,-0.04644444563376973
40.0,14.066,-0.8410025725568011,-0.3557371301875706,-0.0015591964420415677,-0.03534042598935446,0.15692787708065747,-0.35949093754807027,0.9980662031949012,-0.046794800745007546
40.0,14.092,-0.8473826259849941,-0.35013219906455323,-0.0015843140833886593,-0.03567045519430456,0.15057545226641855,-0.3538562196641184,0.9980375867918072,-0.04714568752977664
40.0,14.118,-0.8532263187860921,-0.3448004714897601,-0.0016097006052480042,-0.03600102437335712,0.14475799765994432,-0.3484976677276892,0.9980086855014793,-0.04749711267740127
40.0,14.144,-0.8585983668890435,-0.33972370669360696,-0.0016353598721059422,-0.036332150093885664,0.13941083075634927,-0.34339657385419314,0.9979794971789188,-0.047849088098454756
40.0,14.17,-0.8635539751041863,-0.33488410438836996,-0.0016612929517675254,-0.036663842236907954,0.13447896296037581,-0.3385351200379134,0.9979500198410631,-0.0482016222168285
40.0,14.196,-0.8681400905829529,-0.3302655562089203,-0.0016875010070604992,-0.03699609923259169,0.12991537145041146,-0.3338965632296123,0.9979202514574386,-0.0485547234513926
40.0,14.222,-0.8723972865249726,-0.325852354588026,-0.0017139877092605985,-0.03732894614630468,0.12567967607216662,-0.32946526519707686,0.9978901896940366,-0.04890840544084308
40.0,14.248,-0.8763604014326344,-0.32163039714464037,-0.0017407534985306233,-0.03766237962089044,0.12173704097100888,-0.3252267183201437,0.9978598325403212,-0.049262674853357
40.0,14.274,-0.8800597682262375,-0.3175862586353941,-0.0017678009460713607,-0.03799641451873957,0.11805725361766811,-0.3211674960128242,0.9978291777789682,-0.04961754183571374
40.0,14.3,-0.8835216965434534,-0.3137078105881433,-0.0017951333812223503,-0.038331067077734524,0.11461402726110591,-0.31727521798527286,0.9977982231540674,-0.04997301652971234
40.0,14.326,-0.8867692524837489,-0.3099836761349214,-0.001822751384900259,-0.03866633724308126,0.11138439266857707,-0.31353846973862387,0.9977669662947141,-0.05032911081410231
40.0,14.352,-0.8898226708406449,-0.30640337156888847,-0.0018506582163276002,-0.03900223915280814,0.10834820150535225,-0.3099467484133983,0.9977354050427177,-0.05068583133757342
40.0,14.378,-0.8926996110759389,-0.30295770797944216,-0.001878854966586114,-0.03933878380261034,0.10548770357021918,-0.3064903890938661,0.9977035367721679,-0.051043193451226904
40.0,14.404,-0.8954159438639279,-0.29963743448762964,-0.0019073448313075652,-0.039675983239732315,0.10278723515814303,-0.3031604912434927,0.9976713593491222,-0.05140120205261362
40.0,14.43,-0.8979855328712837,-0.2964346412827936,-0.0019361301850073906,-0.04001384609555091,0.10023290347000131,-0.2999488715644781,0.9976388701680605,-0.05175987074122308
40.0,14.456,-0.9004207357471711,-0.2933419607223784,-0.0019652134680020364,-0.040352382016151725,0.09781235565127817,-0.2968480033286077,0.9976060666589998,-0.05211921136889915
40.0,14.482,-0.9027326501020511,-0.2903523594362022,-0.0019945957682502386,-0.04069160174261983,0.09551456751641693,-0.293850893068006,0.9975729464737411,-0.0524792305578265
40.0,14.508,-0.9049311404657923,-0.287459543767797,-0.0020242810611193797,-0.04103151691481933,0.09332971706306374,-0.29095121116007927,0.9975395068956183,-0.05283994189097215
40.0,14.534,-0.9070250996654392,-0.28465756387342,-0.002054271997877193,-0.041372140286661745,0.0912489405272231,-0.28814297751411855,0.9975057452336863,-0.05320135720295246
40.0,14.56,-0.9090224848054378,-0.28194103304254947,-0.0020845696087253484,-0.04171348093929206,0.08926431097691762,-0.2854207534407074,0.9974716589537357,-0.05356348484112474
40.0,14.586,-0.9109304555861208,-0.2793050265566918,-0.0021151771414304075,-0.04205554875715599,0.08736867751108493,-0.2827795115663093,0.9974372452736195,-0.05392633662767885
40.0,14.612,-0.9127555346951884,-0.276744807468264,-0.0021460981799925555,-0.04239835942317959,0.08555555332412614,-0.28021453607671776,0.9974025014037813,-0.05428992438044033
40.0,14.638,-0.9145035687407618,-0.27425618276603686,-0.0021773334242001785,-0.04274191505655808,0.08381910094108316,-0.27772154528676307,0.9973674244897577,-0.05465425990969254
40.0,14.664,-0.9161799267976579,-0.2718350593056996,-0.0022088875917643178,-0.04308623809016024,0.0821539893050128,-0.2752964657738073,0.9973320116966468,-0.05501935327673312
40.0,14.69,-0.9177894469606676,-0.26947779013808515,-0.0022407630014079274,-0.043431332294640856,0.08055538514208797,-0.2729355916339642,0.9972962602026036,-0.055385216285449526
40.0,14.716,-0.9193365227302472,-0.2671810394098607,-0.0022729620374298412,-0.043777217239261014,0.07901888464572807,-0.2706354476435154,0.9972601667018459,-0.05575186245458663
40.0,14.742,-0.9208252763421769,-0.2649413215249138,-0.002305486859332175,-0.04412389326078728,0.07754046392532356,-0.2683928231818706,0.997223728475971,-0.05611930183918037
40.0,14.768,-0.9222593541866031,-0.262755820841393,-0.002338341512706767,-0.04447138163045161,0.07611645186613902,-0.26620473185531496,0.9971869424615268,-0.05648754621673823
40.0,14.794,-0.9236421442644724,-0.2606217671883856,-0.0023715288345242677,-0.04481969448198164,0.07474346077268618,-0.26406832013633813,0.9971498053459905,-0.05685660734608585
40.0,14.82,-0.9249767419771847,-0.25853660677342233,-0.0024050522405352193,-0.04516883953904574,0.07341839081905746,-0.26198098846079654,0.9971123139419461,-0.05722650048040371
40.0,14.846,-0.9262660279327126,-0.2564978561184594,-0.0024389139165461515,-0.04551883052796312,0.07213841395596779,-0.2599403504226632,0.9970744650948578,-0.057597233886019755
40.0,14.872,-0.9275126303776441,-0.25450327078336965,-0.002473116610944106,-0.04586967670154798,0.07090088727016919,-0.25794405420253963,0.9970362554605263,-0.057968822797652156
40.0,14.898,-0.9287190326116253,-0.2525505315470986,-0.002507665320254657,-0.04622139856254752,0.06970338766191092,-0.25598996055778006,0.996997681745617,-0.05834127720995022
40.0,14.924,-0.9298874149769744,-0.25063790157163135,-0.002542561864598012,-0.04657400168254483,0.06854369960604348,-0.25407613596021966,0.996958740332051,-0.0587146123316574
40.0,14.95,-0.9310198806324063,-0.24876342145174454,-0.0025778103162292895,-0.046927502898641636,0.06741972853007157,-0.25220061731410054,0.9969194280123225,-0.059088839898367086
40.0,14.976,-0.9321183394773487,-0.24692540284904257,-0.002613412900048328,-0.04728191457346857,0.06632957218942136,-0.25036170216144654,0.9968797409958979,-0.05946397335214362
40.0,15.002,-0.9331846471559039,-0.24512194604146176,-0.0026493743754052584,-0.04763724965846381,0.06527144975031039,-0.2485577111613904,0.9968396758137229,-0.05984002614865532
40.0,15.028,-0.9342203539964034,-0.24335192075242723,-0.002685697942816063,-0.04799352192612822,0.06424370886977859,-0.24678710621811314,0.9967992287345694,-0.060217009976411336
40.0,15.054,-0.9352271029460019,-0.24161350618492256,-0.002722386558141052,-0.048350740322030614,0.06324480274693593,-0.2450483699128889,0.9967583960247899,-0.060594940010288686
40.0,15.08,-0.9362062885007646,-0.23990549626112903,-0.002759444716359289,-0.04870892554128659,0.06227330749040139,-0.2433401790137091,0.996717173916558,-0.060973829671320624
40.0,15.106,-0.9371592397651146,-0.2382266530105879,-0.002796875204695295,-0.049068082296820234,0.06132788287210033,-0.24166119917221987,0.9966755587258138,-0.061353690633822386
40.0,15.132,-0.9380872649443927,-0.2365755448853803,-0.002834682155633856,-0.04942823849415515,0.06040728724172785,-0.24001022830490004,0.996633546080249,-0.0617345397621727
40.0,15.158,-0.9389914869762683,-0.23495120291939794,-0.0028728690282001125,-0.04978939442806232,0.05951034932177431,-0.23838608170926687,0.9965911323629137,-0.062116388722754476
40.0,15.184,-0.9398730215046742,-0.2333524706811774,-0.0029114406728760743,-0.0501515737626024,0.05863598155712819,-0.23678767474073253,0.9965483131496348,-0.062499254364126094
40.0,15.21,-0.9407328913347132,-0.2317783319547993,-0.0029504010444764933,-0.05051478366124449,0.05778316539922427,-0.23521399380617425,0.9965050846605504,-0.06288314833023449
40.0,15.236,-0.9415720744934198,-0.23022774960601256,-0.002989752193939943,-0.050879043611365006,0.05695092853038246,-0.23366401366324988,0.996461442529498,-0.06326808571418568
40.0,15.262,-0.9423914686703759,-0.22869983186427056,-0.0030295012229564124,-0.05124436768529291,0.05613838781100862,-0.23213682882749273,0.9964173823672018,-0.06365408334697131
40.0,15.288,-0.9431918904011455,-0.22719383318027747,-0.003069649998570908,-0.05161077090096575,0.05534468980263815,-0.230631579159553,0.9963728998636133,-0.06404115456546662
40.0,15.314,-0.9439741627567396,-0.2257088278554692,-0.0031102031279931527,-0.05197826876078193,0.05456904708703554,-0.22914741164335006,0.9963279904571876,-0.06442931442965019
40.0,15.34,-0.9447390347018565,-0.22424403941283183,-0.0031511658664500493,-0.052346871330844744,0.05381070244327932,-0.22768351625480848,0.9962826497901783,-0.06481857975174461
40.0,15.366,-0.9454872256310489,-0.22279867779381887,-0.0031925415499872494,-0.05271660146152567,0.05306895946709309,-0.22623917218122946,0.9962368731288607,-0.06520896382004836
40.0,15.392,-0.9462194243005274,-0.2213719395563056,-0.003234335618091258,-0.05308747044411842,0.05234315391817723,-0.22481366948288367,0.9961906558298631,-0.06560048341365397
40.0,15.418,-0.9469362175171373,-0.21996334012639482,-0.0032765521311008128,-0.05345949632967643,0.05163265261264733,-0.2234063089710397,0.9961439929900253,-0.0659931552870278
40.0,15.444,-0.9476382037796673,-0.2185722184710264,-0.003319196167983909,-0.053832697784956474,0.050936867968752596,-0.22201645231800363,0.9960968800220407,-0.06638699271534206
40.0,15.47,-0.9483259596023154,-0.21719790360509564,-0.0033622721406706244,-0.05420708167242043,0.05025524260373389,-0.2206434967662309,0.9960493115030992,-0.0667820158952682
40.0,15.496,-0.9490000040532578,-0.21583988103584417,-0.003405784193486235,-0.05458268044778786,0.0495872405449261,-0.21928682284613574,0.9960012827844108,-0.06717823982820648
40.0,15.522,-0.9496608704597203,-0.2144974611457159,-0.003449738420660993,-0.054959495731053354,0.04893236728639708,-0.2179459222509944,0.9959527886154697,-0.0675756794671118
40.0,15.548,-0.9503090373958938,-0.2131701121051481,-0.0034941393308255157,-0.05533754860733018,0.04829014010803079,-0.21662021748511914,0.9959038237093502,-0.06797435324637993
40.0,15.574,-0.9509448907048872,-0.2118576261623581,-0.0035389924938040327,-0.05571686080507694,0.04766011917101389,-0.21530923935441892,0.9958543826302102,-0.06837427958152602
40.0,15.6,-0.9515689495581039,-0.21055912521523856,-0.0035843027715513963,-0.05609744184480936,0.04704187293186988,-0.21401247602632406,0.9958044601478175,-0.06877547340072689
40.0,15.626,-0.9521815675494621,-0.20927438785312943,-0.0036300743859861034,-0.05647932124529894,0.04643499221233826,-0.21272947404051443,0.9957540506406585,-0.06917795483515987
40.0,15.652,-0.9527831583071044,-0.20800285467595162,-0.0036763153408846377,-0.05686250946910716,0.045839089661946955,-0.21145978556858336,0.9957031484699403,-0.06958173876653918
40.0,15.678,-0.9533740872213018,-0.20674412707108525,-0.0037230278067919348,-0.05724701773421979,0.04525380797991984,-0.21020299182700727,0.9956517479449036,-0.06998684530240126
40.0,15.704,-0.9539546692703137,-0.20549796717463,-0.0037702192821356052,-0.05763287729035494,0.04467879331336925,-0.20895870786908757,0.99559984311561,-0.07039329277609657
40.0,15.73,-0.9545252781500759,-0.20426379897865543,-0.0038178965631434,-0.058020106942966394,0.04411371237341378,-0.20772650291362368,0.9955474281112264,-0.07080109951655532
40.0,15.756,-0.9550862067746144,-0.2030413751965751,-0.003866063652947809,-0.05840871274970358,0.04355825343265189,-0.20650605065704972,0.9954944967862512,-0.07121028556944328
40.0,15.782,-0.9556378070326631,-0.2018301105022404,-0.003914726396487826,-0.05879872806578854,0.04301211322514061,-0.2052969806792083,0.9954410430917267,-0.07162086748419301
40.0,15.808,-0.9561802808865368,-0.20063008270448734,-0.003963892042759137,-0.059190159724422944,0.04247500458818207,-0.20409895185175042,0.9953870608085043,-0.07203286528024573
40.0,15.834,-0.9567139945384144,-0.19944053124415367,-0.004013565191481481,-0.059583035637177775,0.041946651009798656,-0.20291162822542325,0.9953325430932597,-0.07244630066730444
40.0,15.86,-0.9572391673227467,-0.1982613597537022,-0.00406375377879744,-0.05997737040193929,0.04142679939053532,-0.20173472470389434,0.9952774838874932,-0.07286119190796721
40.0,15.886,-0.957756044535811,-0.1970923015003782,-0.004114463678195163,-0.060373193143115456,0.0409151850104454,-0.2005678923781831,0.995221876280284,-0.07327755893788054
40.0,15.912,-0.9582648622086488,-0.19593308626960362,-0.0041657005023039515,-0.06077051271370152,0.04041158000440802,-0.19941090195461486,0.9951657136643564,-0.07369542170311516
40.0,15.938,-0.9587658855180302,-0.1947832740164081,-0.004217472464311488,-0.06116935926445546,0.03991575365609154,-0.1982634343049105,0.9951089889041584,-0.07411480359162997
40.0,15.964,-0.9592593019939648,-0.19364275587201343,-0.00426978482272179,-0.06156974971484062,0.03942748313145218,-0.19712522277563851,0.9950516950777691,-0.07453572450199947
40.0,15.99,-0.959745362328486,-0.19251108594917646,-0.0043226455731025125,-0.06197170841017114,0.03894656323362934,-0.1959960496715039,0.9949938251077199,-0.07495820430877229
40.0,16.016,-0.9602242058665945,-0.19138831740363654,-0.00437606018859638,-0.06237525329254141,0.038472793684932526,-0.19487563074558895,0.994935371251486,-0.0753822680628297
40.0,16.042,-0.9606960716390942,-0.1902739994841495,-0.004430038019620844,-0.06278040975273799,0.038005977640702265,-0.19376373341841335,0.9948763265889771,-0.07580793387808848
40.0,16.068,-0.9611611556472414,-0.18916784581878432,-0.004484584197325829,-0.06318720412833463,0.037545933815314576,-0.1926601498506143,0.9948166833038472,-0.07623522502663095
40.0,16.094,-0.9616196162644854,-0.1880697357714778,-0.004539708438493551,-0.0635956483730692,0.0370924873811157,-0.1915646522280269,0.9947564335123614,-0.0766641665077307
40.0,16.12,-0.9620716078332967,-0.18697954697470787,-0.00459541610760382,-0.06400576984534523,0.03664546840640933,-0.19047703919790906,0.9946955694338668,-0.07709477982137572
40.0,16.146,-0.9625173108917463,-0.18589698694951337,-0.004651716027514894,-0.06441759632759471,0.03620470570699621,-0.18939706847423055,0.9946340829920409,-0.07752708817674456
40.0,16.172,-0.9629568711479543,-0.18482192975898631,-0.004708616653261643,-0.0648311488013286,0.035770055162389056,-0.18832458753216624,0.9945719660613646,-0.07796111476431047
40.0,16.198,-0.9633904601339641,-0.18375407928912127,-0.0047661243132799385,-0.06524644889338811,0.035341356891677715,-0.18725938272380865,0.9945092101009197,-0.0783968844732959
40.0,16.224,-0.9638182127209302,-0.1826933057808251,-0.004824248869334685,-0.06566351847034892,0.03491847245474014,-0.18620128514284942,0.9944458066313195,-0.07883442218196494
40.0,16.25,-0.9642402925640279,-0.1816393098694166,-0.00488299803232127,-0.0660823953560622,0.03450125917072016,-0.18515010793458778,0.9943817467763213,-0.07927375272110655
40.0,16.276,-0.9646567955214905,-0.18059212713483627,-0.0049423802818309975,-0.06650309512327415,0.03408958465742373,-0.18410568802837574,0.9943170220884908,-0.0797148991926627
40.0,16.302,-0.9650678466054434,-0.17955162376082895,-0.005002405383193939,-0.06692564906350393,0.033683322558890505,-0.18306786445868542,0.9942516231026117,-0.08015788809362204
40.0,16.328,-0.965473628003662,-0.17851732728061268,-0.005063080952185428,-0.0673500737516474,0.033282342208739685,-0.18203645857138578,0.9941855406130209,-0.0806027476706855
40.0,16.354,-0.9658741958641448,-0.17748943819470958,-0.005124415893530553,-0.06777640169110345,0.03288652656690363,-0.18101133591768814,0.9941187652922935,-0.08104950264989907
40.0,16.38,-0.9662697258352309,-0.17646748140374313,-0.0051864204701906275,-0.06820466601527485,0.03249576353582766,-0.17999234234275738,0.9940512876430817,-0.08149817772540623
40.0,16.406,-0.9666602678575791,-0.1754516551830642,-0.005249103333338782,-0.06863487687627186,0.03210994397961325,-0.17897934750506894,0.9939830974255915,-0.08194880449820346
40.0,16.432,-0.9670459594951314,-0.17444165049309926,-0.005312475104175597,-0.06906708441262349,0.03172895423618729,-0.17797220325201582,0.9939141850501538,-0.08240140587029053
40.0,16.458,-0.9674269066561819,-0.17343732619122676,-0.0053765441389282635,-0.0695012918004541,0.031352692341179184,-0.17697076232578846,0.9938445401503496,-0.08285601339320818
40.0,16.484,-0.9678032435593829,-0.1724383713550316,-0.0054413214245125205,-0.06993755056658117,0.030981062070355336,-0.17597490031420454,0.9937741521228575,-0.08331265508505645
40.0,16.51,-0.9681749789128783,-0.17144514927539276,-0.005506818112076532,-0.07037588079576101,0.030613963050321512,-0.17498449597333574,0.993703010414611,-0.08377135894720884
40.0,16.536,-0.9685423002190326,-0.17045700894421728,-0.005573042474923304,-0.07081631137018855,0.030251303039023094,-0.17399942902925852,0.9936311042607987,-0.08423215468873284
40.0,16.562,-0.9689052443532856,-0.16947414350737947,-0.005640007890577319,-0.0712588713526924,0.029893001156654803,-0.17301960013930262,0.993558422451491,-0.08469507370588997
40.0,16.588,-0.9692639032571287,-0.1684964069078826,-0.005707721735433162,-0.07170359086652563,0.029538955855311605,-0.17204485423458962,0.9934849536585814,-0.08516014386889655
40.0,16.614,-0.969618367092595,-0.16752365232451,-0.005776199045820617,-0.07215050002274218,0.029189093242733697,-0.1710751158502557,0.9934106863824079,-0.08562739825029805
40.0,16.64,-0.9699687275965354,-0.16655573276276225,-0.005845448223241042,-0.07259963847377787,0.028843324844449878,-0.17011025292159582,0.9933356087751968,-0.0860968663756336
40.0,16.666,-0.9703150680365668,-0.1655924993377673,-0.005915483505758144,-0.07305103776019008,0.028501579506700177,-0.16915017325534654,0.9932597086938304,-0.08656858296056004
40.0,16.692,-0.9706574467615946,-0.16463397281922001,-0.005986314176140551,-0.07350471340201188,0.02816377862159593,-0.16819478771401558,0.9931829737602443,-0.08704257918167889
40.0,16.718,-0.9709959462399277,-0.16368000346480807,-0.00605795441008955,-0.07396072358184054,0.027829847741639258,-0.16724398842924507,0.9931053917496736,-0.08751888620336967
40.0,16.744,-0.971330617653659,-0.1627306101854717,-0.006130415169539823,-0.07441908488872226,0.027499713675248182,-0.16629764987054005,0.9930269492895801,-0.08799754204972973
40.0,16.77,-0.9716615709107124,-0.1617854728380882,-0.006203708998030196,-0.07487983135369214,0.027173311547678748,-0.1653557260054819,0.9929476338037531,-0.08847857605398311
40.0,16.796,-0.9719888539997669,-0.16084460911062828,-0.006277850108091011,-0.0753430149851138,0.02685057115975674,-0.16441811414844107,0.9928674312529993,-0.08896202787219158
40.0,16.822,-0.9723125149265344,-0.1599080364586933,-0.006352851406344433,-0.07580865383485848,0.026531429458807633,-0.16348471259954578,0.9927863285122893,-0.08944792847907794
40.0,16.848,-0.9726326305782577,-0.15897560253388385,-0.0064287261440286484,-0.0762767838419276,0.026215819182125216,-0.1625554416840241,0.9927043112499081,-0.08993631744576974
40.0,16.874,-0.9729492704882416,-0.1580471534419026,-0.006505487966945207,-0.07674745938314653,0.025903688641572782,-0.1616302399540288,0.9926213652823317,-0.09042722908562614
40.0,16.9,-0.9732624817329362,-0.15712270563849612,-0.006583150463674163,-0.07722070014608963,0.02559496978074548,-0.16070899287161167,0.9925374759071224,-0.09092070112725029
40.0,16.926,-0.9735723614490912,-0.1562019348009307,-0.006661729730352126,-0.07769655288272971,0.02528960755228539,-0.1597916429177052,0.9924526280530381,-0.09141677297999315
40.0,16.952,-0.973878894853165,-0.15528519551687067,-0.006741237901439882,-0.07817504747222889,0.024987550553988953,-0.15887811441747413,0.9923668067098927,-0.09191548227886663
40.0,16.978,-0.974182177345671,-0.1543721626846647,-0.006821693770210324,-0.07865624107543313,0.02468873448395601,-0.1579683166933315,0.9922799960381382,-0.09241686829516225
40.0,17.004,-0.9744822774028401,-0.15346268084686668,-0.006903109208401755,-0.07914015589859628,0.024393121255298956,-0.15706221254226438,0.9921921800970883,-0.09292097025537781
40.0,17.03,-0.9747792306467219,-0.15255676340278235,-0.006985502825269477,-0.07962684154946528,0.024100645866202478,-0.15615969601300259,0.9921033426320003,-0.09342783081437969
40.0,17.056,-0.9750730484872326,-0.1516545941198145,-0.007068888596826123,-0.08011633970904512,0.0238112665259999,-0.15526071487255602,0.9920134668706952,-0.09393749079436796
40.0,17.082,-0.9753638470991183,-0.15075567569171666,-0.0071532835535465,-0.08060869253871793,0.02352493135683873,-0.1543652013629322,0.9919225355400542,-0.09444999267853453
40.0,17.108,-0.9756516350432027,-0.14986019100178452,-0.007238705040422368,-0.08110394292775455,0.023241600201546912,-0.1534731055361398,0.9918305314830256,-0.09496537892157354
40.0,17.134,-0.9759364723944413,-0.14896798214065263,-0.0073251707227692565,-0.08160213450288699,0.022961220303486643,-0.15258434450853886,0.9917374368581056,-0.09548369187253293
40.0,17.16,-0.9762183938958584,-0.14807906140296048,-0.007412697159195031,-0.08210331176744526,0.02268374791924088,-0.1516988538143408,0.9916432328106832,-0.09600498072864745
40.0,17.186,-0.9764974309309318,-0.14719344042297666,-0.007501302647224812,-0.08260751985719779,0.02240914530244912,-0.15081660507678726,0.9915479011982465,-0.09652928597760366
40.0,17.212,-0.976773641552117,-0.14631096038543406,-0.007591007273253651,-0.0831148045428655,0.022137365084220702,-0.14993750141137352,0.9914514225203261,-0.09705665841296855
40.0,17.238,-0.9770470820818639,-0.14543146197475565,-0.007681828009707182,-0.08362522239655276,0.02186836590672074,-0.14906149994980183,0.9913537773646094,-0.09758714180275942
40.0,17.264,-0.9773177577814887,-0.14455512670049012,-0.007773784766603788,-0.08413881124724716,0.021602114903435565,-0.14818855760035204,0.991254945567877,-0.09812078503502376
40.0,17.29,-0.9775857475149288,-0.14368162393524048,-0.007866898711099345,-0.08465561922725023,0.021338564548457083,-0.14731859979554296,0.9911549066591891,-0.09865763866554281
40.0,17.316,-0.977851056412451,-0.14281113488711197,-0.007961187868019607,-0.08517570549548685,0.021077683275757292,-0.14645160312012911,0.9910536394012495,-0.09919775137654656
40.0,17.342,-0.9781137116193129,-0.14194366961808186,-0.008056675660355627,-0.0856991198575456,0.02081943278512568,-0.14558749439523316,0.9909511224126176,-0.09974117527778978
40.0,17.368,-0.9783738141558332,-0.14107872579854078,-0.008153382015292534,-0.08622590329824682,0.02056377794713369,-0.1447262188102844,0.9908473334798528,-0.10028796234196836
40.0,17.394,-0.9786313182107261,-0.14021682552258335,-0.00825132853786006,-0.0867561275134801,0.020310679281899977,-0.14386772356043578,0.9907422502405848,-0.10083816447133041
40.0,17.42,-0.9788863225673127,-0.13935746576851002,-0.008350538967375557,-0.08728983496783475,0.020060107699558696,-0.14301198932155226,0.9906358494346106,-0.10139183516710615
40.0,17.446,-0.9791388039168046,-0.13850099741585511,-0.008451033849162912,-0.08782707929187668,0.019812030167183144,-0.14215894781441837,0.9905281072898903,-0.1019490313132366
40.0,17.472,-0.9793888356862402,-0.13764708776859944,-0.00855283971306417,-0.08836792473241456,0.019566413917317716,-0.1413085656588641,0.9904189995916067,-0.1025098079401621
40.0,17.498,-0.9796364421425768,-0.13679574560549682,-0.008655979530600306,-0.08891242673441556,0.019323222306584918,-0.1404607779825897,0.9903085012597224,-0.10307422342024693
40.0,17.524,-0.9798816706126188,-0.135946808490573,-0.008760476701592046,-0.08946064165418277,0.01908243337909037,-0.1396155687576857,0.990196587222031,-0.1036423343146171
40.0,17.55,-0.9801244966507573,-0.13510062685173915,-0.008866356633664123,-0.09001262661791128,0.018844009501235437,-0.13877285953102017,0.9900832307776438,-0.10421420218879357
40.0,17.576,-0.9803649903897528,-0.13425686689060976,-0.008973647832567083,-0.09056844995298209,0.01860792488891941,-0.13793263703388195,0.9899684055657219,-0.1047898868270019
40.0,17.602,-0.9806031973932168,-0.13341536551333436,-0.009082373569943493,-0.09112817116531531,0.018374149894685745,-0.13709485687736078,0.9898520837628164,-0.10536945128200084
40.0,17.628,-0.9808390923271931,-0.13257647281604942,-0.009192563945114331,-0.09169185009525838,0.01814265782490201,-0.1362594755684489,0.9897342373524516,-0.105952958511511
40.0,17.654,-0.9810727660000653,-0.1317396829901743,-0.009304245891487662,-0.09225955865186376,0.01791342043093291,-0.13542643524172215,0.9896148374810828,-0.1065404730546446
40.0,17.68,-0.9813041927885087,-0.13090534594383985,-0.009417447416168656,-0.09283135915301675,0.017686411476894957,-0.1345957267288286,0.9894938541499185,-0.1071320627424029
40.0,17.706,-0.9815334160087511,-0.13007329785179297,-0.009532201420942757,-0.09340732534522185,0.017461603760787914,-0.13376729445415783,0.9893712574100874,-0.10772779183449413
40.0,17.732,-0.9817604555063709,-0.12924354595326168,-0.009648532706534194,-0.09398751128075443,0.017238974632861573,-0.13294111502576011,0.9892470159696113,-0.10832772960213817
40.0,17.758,-0.9819853757330869,-0.12841575460226876,-0.009766474823463088,-0.09457200395264923,0.017018497892950776,-0.1321171354325339,0.9891210972892696,-0.1089319503336469
40.0,17.784,-0.9822081502407368,-0.12759027338734757,-0.009886061428155265,-0.09516086985787203,0.0168001471891361,-0.13129533503372504,0.9889934692440292,-0.10954052128260508
40.0,17.81,-0.9824288202284843,-0.12676693775132683,-0.010007322982926909,-0.09575418810074762,0.016583903836194847,-0.13047567776442182,0.9888640976142231,-0.11015351811407205
40.0,17.836,-0.9826474038927658,-0.12594575435641372,-0.010130294441262682,-0.09635202753865561,0.016369738542929068,-0.1296581149605842,0.9887329480132213,-0.11077101462914449
40.0,17.862,-0.9828639410486798,-0.12512655822356936,-0.010255009759271348,-0.09695445830342127,0.01615763313297846,-0.1288426282712348,0.9885999845429533,-0.11139308960096884
40.0,17.888,-0.983078448684593,-0.1243093556627612,-0.01038150424746754,-0.09756157429356585,0.01594756339792771,-0.12802918593822543,0.9884651712075344,-0.11201981819223024
40.0,17.914,-0.9832909439090999,-0.12349415293323744,-0.010509813265917208,-0.09817344833002244,0.015739508234739834,-0.12721774212119744,0.9883284701723599,-0.11265128223911779
40.0,17.94,-0.9835014433846592,-0.12268095617270765,-0.010639977544966898,-0.09879016539927163,0.015533448361100224,-0.12640828186411623,0.9881898428713,-0.11328756338158837
40.0,17.966,-0.9837099635532874,-0.12186977142755094,-0.010772030493666207,-0.09941180124416052,0.015329359081706585,-0.12560076229499603,0.9880492497193605,-0.11392874652112633
40.0,17.992,-0.9839165417650436,-0.12106043292818332,-0.010906017403683629,-0.10003845491274697,0.015127220603266427,-0.12479514147221225,0.9879066504428063,-0.11457491286458134
40.0,18.018,-0.984121193370075,-0.12025294640708334,-0.011041973239880508,-0.10067020501306949,0.014927016547503624,-0.1239914220154807,0.9877620028194042,-0.11522615375257293
40.0,18.044,-0.9843239339515791,-0.11944731756674175,-0.011179943769560635,-0.10130714210954933,0.014728727795258828,-0.12318956408207284,0.9876152638288846,-0.1158825585545314
40.0,18.07,-0.9845247990128121,-0.11864338012403908,-0.011319970399727342,-0.10194935889572965,0.014532329690786903,-0.1223895157032012,0.9874663897684487,-0.11654421467773438
40.0,18.096,-0.9847237620276104,-0.117841483229054,-0.01146209851174136,-0.10259696126891694,0.014337807375454571,-0.1215912681922898,0.9873153348225865,-0.11721121962557128
40.0,18.122,-0.9849208992784503,-0.11704111669381957,-0.011606370474089136,-0.10325002137514223,0.014145144573714536,-0.12079479965635191,0.9871620524425817,-0.11788366717352412
40.0,18.148,-0.9851161838240038,-0.11624262952808002,-0.011752834884855805,-0.10390866024634321,0.013954319509645935,-0.12000007593358572,0.9870064945465702,-0.11856165600583263
40.0,18.174,-0.9853096500639008,-0.1154458550285999,-0.011901540989608175,-0.10457296465410744,0.013765317135176574,-0.1192070635308214,0.9868486117807292,-0.1192452844971569
40.0,18.2,-0.9855013316197277,-0.11465062627944593,-0.012052536319016094,-0.10524304760288107,0.01357811807656563,-0.11841574471719002,0.9866883530182542,-0.11993465763504768
40.0,18.226,-0.9856912215938408,-0.11385712022737206,-0.012205871738276695,-0.1059190115222867,0.013392707960298431,-0.11762608852287346,0.9865256664799046,-0.12062987666319885
40.0,18.252,-0.9858793332682055,-0.11306534182214119,-0.012361602925078246,-0.10660096015796502,0.013209070151158697,-0.11683807928806614,0.986360497706242,-0.12133105280758587
40.0,18.278,-0.9860656994115989,-0.11227512385143933,-0.01251977740731569,-0.10728900010435138,0.013027187353943032,-0.11605167540238762,0.9861927914468657,-0.12203829351761004
40.0,18.304,-0.9862503324478948,-0.11148647102103319,-0.012680457939578503,-0.10798326333502055,0.012847045117857905,-0.11526687701677633,0.9860224907222973,-0.12275171282909943
40.0,18.33,-0.9864332639000674,-0.11069921580151944,-0.0128436967192001,-0.10868384763555639,0.012668627371500507,-0.1144836317363558,0.9858495366335218,-0.12347142434097956
40.0,18.356,-0.9866144673107519,-0.10991370709604202,-0.013009555743581199,-0.10939087686795305,0.012491916834139978,-0.11370192916722206,0.9856738686140889,-0.12419754647970412
40.0,18.382,-0.9867939930564312,-0.10912960505381498,-0.013178092650933509,-0.11010447780248249,0.012316903030259172,-0.11292174600137223,0.9854954239507842,-0.12493020242921912
40.0,18.408,-0.9869718335798852,-0.10834708629640097,-0.013349372569403195,-0.11082476581383864,0.012143567851348805,-0.11214306112336112,0.9853141387487282,-0.12566951325202713
40.0,18.434,-0.9871480195363073,-0.10756598296098803,-0.013523461292102237,-0.11155188439056313,0.011971899426189534,-0.11136585407618124,0.9851299464875951,-0.12641560643418034
40.0,18.46,-0.9873225619484013,-0.10678629929197533,-0.01370042142042286,-0.11228594093089121,0.0118018809003706,-0.11059009339310266,0.9849427789997112,-0.1271686125025299
40.0,18.486,-0.9874954716167259,-0.10600803947059326,-0.013880323279660503,-0.11302709660507639,0.011633501006693615,-0.1098157614765319,0.9847525654322953,-0.12792866662739563
40.0,18.512,-0.9876667596878711,-0.10523120767648957,-0.014063239994773375,-0.11377547567972529,0.011466744892262945,-0.10904284241625715,0.9845592333474577,-0.12869590350856566
40.0,18.538,-0.9878364365172947,-0.10445580796625442,-0.014249241981316302,-0.11453121846386718,0.01130160050400985,-0.10827130869500813,0.9843627075835902,-0.12947046420584957
40.0,18.564,-0.988004531015582,-0.10368167196864539,-0.014438403281784943,-0.11529446755449,0.011138054194850866,-0.1075011346091247,0.9841629112420399,-0.13025249101104505
40.0,18.59,-0.9881710350674318,-0.10290897603613045,-0.014630805384432838,-0.11606538097665395,0.01097609390889419,-0.10673230833774418,0.9839597639634802,-0.13104213419770927
40.0,18.616,-0.9883359946942472,-0.10213737912255182,-0.014826527983964496,-0.11684410651999269,0.010815706590206222,-0.10596480708880351,0.9837531834883393,-0.13183954347222757
40.0,18.642,-0.988499383850595,-0.10136722999710815,-0.015025652633216433,-0.11763079464341211,0.010656881330641525,-0.10519860945409268,0.9835430847211857,-0.13264487482560705
40.0,18.668,-0.9886612301302334,-0.10059835994972977,-0.015228264544643858,-0.11842561216188083,0.010499603826686897,-0.10443369595969916,0.9833293798188665,-0.13345828703243826
40.0,18.694,-0.9888215429429358,-0.09983077268271598,-0.015434453062732082,-0.11922872876648356,0.01034386255146641,-0.10367003636784593,0.9831119780369926,-0.13427994510810226
40.0,18.72,-0.9889803318167381,-0.09906447187754071,-0.015644309989187578,-0.12004030325087403,0.010189649802546658,-0.1029076378761425,0.982890785605496,-0.1351100150295175
40.0,18.746,-0.989137623212733,-0.09829928852347264,-0.01585793084862506,-0.12086052538379226,0.010036949774373527,-0.10214646181812001,0.9826657054404081,-0.13594867066706456
40.0,18.772,-0.9892934256979317,-0.09753522609991012,-0.016075410118388464,-0.12168954632820089,0.009885751803736267,-0.1013864830484442,0.982436637698393,-0.1367960885967917
40.0,18.798,-0.9894477312960994,-0.09677246078189487,-0.016296851981578854,-0.12252757628448557,0.0097360495044149,-0.1006277012713127,0.9822034784773188,-0.13765245139459004
40.0,18.824,-0.9896005653983007,-0.09601082331910879,-0.0165223594899959,-0.12337480126656045,0.009587826286829016,-0.09987008351271397,0.9819661209202968,-0.1385179460181137
40.0,18.85,-0.9897519201890892,-0.09525048986965876,-0.016752040642666277,-0.12423139592738414,0.009441076230687481,-0.09911363250959922,0.9817244541617571,-0.13939276363556757
40.0,18.876,-0.9899018370655337,-0.09449111827930098,-0.016986007789680384,-0.12509756719063694,0.009295784697489188,-0.09835829582219241,0.9814783636112624,-0.14027710138719054
40.0,18.902,-0.9900503076325413,-0.0937328845795297,-0.017224380315781936,-0.1259735402392712,0.009151945571733069,-0.0976040910950474,0.9812277307948012,-0.14117116233602722
40.0,18.928,-0.9901973563696491,-0.09297561922328737,-0.017467272467526506,-0.12685950128208745,0.009009547589312555,-0.09685098095193462,0.980972432495339,-0.14207515706359597
40.0,18.954,-0.9903429586045008,-0.09221967104486135,-0.017714809826490763,-0.12775566874470007,0.008868581886945844,-0.09609895259468097,0.9807123420345586,-0.14298929683181041
40.0,18.98,-0.9904871705417357,-0.0914645246918571,-0.01796712120686884,-0.12866226534117775,0.008729035486670462,-0.09534798429254789,0.9804473273768253,-0.14391380551337993
40.0,19.006,-0.9906299518175173,-0.0907107018702708,-0.018224343109752263,-0.12957953276914058,0.008590901731346802,-0.09459806680568814,0.9801772522522751,-0.1448489074838329
40.0,19.032,-0.9907713576260496,-0.08995768700485739,-0.018486609112262808,-0.13050768788811465,0.008454172165862835,-0.09384917100079081,0.979901975535218,-0.14579483623612946
40.0,19.058,-0.990911379425703,-0.08920565599707586,-0.018754067264991296,-0.13144699645849336,0.008318836599028276,-0.09310130272395944,0.979621350046942,-0.14675183416422447
40.0,19.084,-0.9910500087481778,-0.0884547847815419,-0.0190268607521073,-0.13239768436488955,0.008184884520048506,-0.09235442631300228,0.9793352244193032,-0.14772014580719034
40.0,19.11,-0.9911872839172455,-0.08770473041163539,-0.019305147770017256,-0.13336002722012727,0.00805231082938757,-0.09160852960319742,0.9790434408224652,-0.14870002795672912
40.0,19.136,-0.9913231811650256,-0.08695584176975919,-0.01958908867480571,-0.1343342751054638,0.007921104206157908,-0.09086360297887792,0.978745835729944,-0.1496917409843488
40.0,19.162,-0.9914577378431825,-0.08620777572679916,-0.019878843289400344,-0.13532069967235957,0.0077912574722079665,-0.09011962798125235,0.9784422394937069,-0.15069555572195664
40.0,19.188,-0.9915909604315614,-0.08546053507435507,-0.02017459467740459,-0.13631960743150526,0.0076627605448533155,-0.08937658870940504,0.9781324761116653,-0.1517117498791816
40.0,19.214,-0.9917228406291702,-0.08471429567135295,-0.020476509644343478,-0.1373312499576392,0.007535607423377582,-0.08863446091504178,0.9778163625534582,-0.15274060963310693
40.0,19.24,-0.9918533849726564,-0.08396906030685813,-0.020784783454085357,-0.1383559452640427,0.00740979009298947,-0.0878932333260105,0.9774937087493328,-0.15378243131625383
40.0,19.266,-0.9919826292812426,-0.08322448550059819,-0.021099604754619746,-0.13939400357730933,0.007285300092104543,-0.08715290704828314,0.9771643177460125,-0.15483751613601282
40.0,19.292,-0.9921105505282644,-0.08248092017663904,-0.021421174817601536,-0.14044572402012992,0.007162130405900567,-0.08641344486411327,0.9768279838482781,-0.15590618205449497
40.0,19.318,-0.9922371694128875,-0.08173819387384593,-0.02174970308944542,-0.14151146148999916,0.00704027143641993,-0.08567483286294039,0.9764844943887293,-0.1569887482642084
40.0,19.344,-0.9923624919828755,-0.08099630922275787,-0.022085407383932,-0.14259151111371443,0.006919718455117107,-0.08493707893051976,0.9761336268050439,-0.1580855521314941
40.0,19.37,-0.9924865241756026,-0.08025526882530311,-0.022428514519928677,-0.14368627511765292,0.006800462906039962,-0.08420014427754705,0.9757751511039818,-0.15919693377770427
40.0,19.396,-0.9926092858101708,-0.07951490202141578,-0.02277925756913184,-0.144796062529376,0.006682497435620134,-0.08346402252532457,0.9754088270528452,-0.16032325127883526
40.0,19.422,-0.9927307683524015,-0.0787753845484645,-0.02313788171090225,-0.14592125658050004,0.006565815604342911,-0.0827287000704994,0.9750344036361733,-0.16146487174030275
40.0,19.448,-0.9928509777510095,-0.07803671895293472,-0.023504647236897446,-0.14706226510282552,0.0064504097589342365,-0.08199416615749476,0.9746516206909492,-0.1626221697209837
40.0,19.474,-0.9929699331064751,-0.07729873442977281,-0.023879811300052674,-0.1482194368604008,0.006336273880377538,-0.08126039379863981,0.9742602081484205,-0.16379553925140472
40.0,19.5,-0.9930876262829255,-0.07656160672689824,-0.024263660457165492,-0.14939323023799386,0.006223402940208808,-0.08052738729132206,0.9738598823109007,-0.1649853826110996
40.0,19.525,-0.9931996245952037,-0.07585341962204786,-0.02464119714841314,-0.15053790330758796,0.006116057064191215,-0.07982326506610812,0.9734662743707093,-0.16614538478332722
40.0,19.526,-0.9932040761306423,-0.07582516496340085,-0.02465647599874766,-0.150584027615623,0.006111787831882773,-0.0797951166060245,0.9734503482305792,-0.1661921158507212
40.0,19.552,-0.9933192875408474,-0.07508941150114928,-0.025058561496458492,-0.15179227111602525,0.006001422584320037,-0.07906357343858617,0.9730312992619337,-0.16741617034538164
40.0,19.578,-0.9934332657516458,-0.07435434871225947,-0.025470235477895252,-0.15301843006216279,0.0058923028001465535,-0.07833275230949771,0.9726024149454982,-0.16865799055377717
40.0,19.604,-0.9935460157762325,-0.07361997893547007,-0.02589182317198528,-0.1542629486426439,0.005784419518423602,-0.07760262404187429,0.9721633588383825,-0.16991803874019315
40.0,19.63,-0.9936575296816288,-0.07288647790296482,-0.026323668610441858,-0.15552631633669317,0.005677770144523506,-0.07687318957686698,0.9717137828693535,-0.17119678858260434
40.0,19.656,-0.9937678378295504,-0.07215350107328003,-0.026766126364767554,-0.15680901545030607,0.0055723462377828496,-0.07614442669253102,0.971253322313725,-0.17249473288265843
40.0,19.682,-0.9938769448601821,-0.07142105068129438,-0.0272195798568924,-0.15811159249897522,0.005468143656631254,-0.07541631667500458,0.9707815951586175,-0.17381237277866943
40.0,19.708,-0.9939848302849142,-0.07068947588109535,-0.027684412665342505,-0.1594345524635744,0.005365154462533406,-0.07468886216197484,0.9702982002005858,-0.17515025917641397
40.0,19.734,-0.9940915359189236,-0.06995825847030646,-0.028161035500385467,-0.16077844746524864,0.005263375023175845,-0.07396203431416074,0.9698027251036705,-0.17650890132196637
40.0,19.76,-0.9941970292115725,-0.06922792110617926,-0.028649895601336645,-0.16214385785076083,0.0051628005331589245,-0.07323582571464556,0.9692947270173525,-0.17788890472419838
40.0,19.786,-0.9943013512196281,-0.06849794544673787,-0.029151403678127324,-0.1635313869395495,0.005063423259679746,-0.07251022443008061,0.9687737554716418,-0.1792908176924861
40.0,19.812,-0.9944044818778025,-0.06776868066826779,-0.029666061285240606,-0.16494161940895966,0.004965239546746027,-0.07178522220097418,0.9682393285487179,-0.18071526663336968
40.0,19.838,-0.9945064257728827,-0.06704012894553843,-0.030194344312298102,-0.16637520079546586,0.004868242966830339,-0.07106079022076993,0.9676909458456566,-0.18216287070778125
40.0,19.864,-0.994607210412964,-0.06631194524044237,-0.030736777654913113,-0.1678328065282907,0.004772430835108012,-0.07033693685129985,0.9671280809988418,-0.18363429261687733
40.0,19.89,-0.994706827953324,-0.06558430518955786,-0.03129389711763086,-0.16931508974635304,0.0046777966318247415,-0.06961363395019755,0.9665501853285358,-0.18513018650703655
40.0,19.916,-0.9948052709463598,-0.06485738447967754,-0.031866297652358606,-0.17082277282029062,0.0045843358919621996,-0.06889086632449544,0.965956679167833,-0.18665126593385445
40.0,19.942,-0.9949025661484338,-0.0641308379312116,-0.03245453125868937,-0.17235658754995434,0.004492043016457203,-0.0681686393553135,0.9653469566300866,-0.18819825192705417
40.0,19.968,-0.9949987058773075,-0.06340484118238456,-0.03305926417011512,-0.17391728703697712,0.004400914284114184,-0.06744691551712989,0.9647203820553757,-0.18977188940295542
40.0,19.994,-0.9950937049548327,-0.06267922258136695,-0.03368112901297564,-0.17550567492713348,0.004310945201997591,-0.06672570187750396,0.9640762829438442,-0.19137298031581515
40.0,20.02,-0.9951875558447291,-0.061954157770646,-0.034320843062794405,-0.17712256362814327,0.004222131800342086,-0.06600497918076292,0.9634139572004751,-0.19300231464531548
40.0,20.046,-0.9952802622068371,-0.06122964873824297,-0.03497908728752996,-0.1787687982172652,0.004134468514303573,-0.06528474133459775,0.962732666082417,-0.19466073846327336
40.0,20.072,-0.9953718383789408,-0.060505523742786955,-0.03565667433153686,-0.1804452894225751,0.00404795041560452,-0.06456495747015693,0.9620316280421758,-0.19634913463759124
40.0,20.098,-0.9954622769851478,-0.059781958429483,-0.03635440716985925,-0.1821529359490304,0.0039625757989401895,-0.06384563242396651,0.9613100249350511,-0.1980684059848979
40.0,20.124,-0.9955515920025386,-0.059058780997097673,-0.03707312729523029,-0.18389270202185484,0.0038783390231624734,-0.0631267470840288,0.9605669947641268,-0.19981949064552887
40.0,20.15,-0.9956397966774114,-0.05833581955822415,-0.03781374059485475,-0.18566557076465237,0.0037952373506084497,-0.06240829562209085,0.9598016242411158,-0.20160337730492023
40.0,20.176,-0.9957268636479504,-0.05761359731047242,-0.038577196534357344,-0.1874725942206597,0.003713265382917918,-0.06169024970548365,0.959012952669447,-0.20342108770948464
40.0,20.202,-0.9958128263010185,-0.05689159479060296,-0.03936447251527109,-0.18931480906291248,0.0036324196973574413,-0.060972616162554893,0.9581999701973957,-0.20527367547449418
40.0,20.228,-0.9958976775298987,-0.0561699876273658,-0.040176607035611996,-0.19119338939387084,0.0035526970583371078,-0.060255372693851984,0.9573616022110996,-0.2071622568128122
40.0,20.254,-0.9959814204127093,-0.055448777668279985,-0.041014767185075435,-0.19310945374586483,0.0034740933795091022,-0.05953850432404296,0.9564967248056535,-0.20908796035097496
40.0,20.28,-0.9960640672386242,-0.054727792886686756,-0.04188011296457011,-0.1950642318007396,0.0033966058122643916,-0.05882200319063874,0.9556041359331846,-0.21105200723998294
40.0,20.306,-0.9961456017481247,-0.05400738278375486,-0.04277388596511601,-0.19705897975624928,0.0033202302458204265,-0.05810586188768856,0.9546825796412486,-0.2130556102582595
40.0,20.332,-0.9962260456628496,-0.05328720145590664,-0.043697388744596194,-0.19909503407338652,0.003244963644449714,-0.057390060393744426,0.9537307079779002,-0.21510010401186783
40.0,20.358,-0.9963054013526194,-0.05256725065552194,-0.04465204835323908,-0.2011737530255537,0.003170802151230945,-0.056674586963901916,0.9527471106242121,-0.21718681009027122
40.0,20.384,-0.9963836622562227,-0.05184770603555699,-0.045639351769915376,-0.20329653210364765,0.003097743693575268,-0.055959431415730246,0.9517302871543728,-0.2193171342377026
40.0,20.41,-0.9964608399357373,-0.051128395453146944,-0.046660834533361034,-0.20546490789594665,0.0030257846291979608,-0.055244579244285094,0.9506786378765815,-0.22149256240693935
40.0,20.436,-0.9965369277433379,-0.05040949455555591,-0.047718201934409045,-0.20768041239140703,0.002954921491917612,-0.05453002483026688,0.9495904751261334,-0.22371460890522407
40.0,20.462,-0.9966119372257383,-0.04969083116990071,-0.04881323906300582,-0.2099446441697764,0.0028851518415038604,-0.05381575263363772,0.948464003897619,-0.22598486225550843
40.0,20.488,-0.9966858703101026,-0.04897240698938344,-0.04994778401836523,-0.21225930413211389,0.002816472094303967,-0.053101750689366366,0.9472973130173028,-0.22830499818242392
40.0,20.514,-0.9967587292709761,-0.048254223718046864,-0.05112388704374711,-0.21462618959822008,0.002748880930929545,-0.052388004657995146,0.9460883675541424,-0.23067675762404996
40.0,20.54,-0.9968305162713319,-0.047536283047643645,-0.0523436735362602,-0.217047074325405,0.0026823740486036176,-0.05167450475711655,0.944835015354043,-0.23310191044224154
40.0,20.566,-0.9969012332477339,-0.046818586652658756,-0.05360939631381045,-0.21952390797009216,0.002616949972638304,-0.05096123395540557,0.9435349442399547,-0.2355823816959178
40.0,20.592,-0.9969708822545771,-0.04610113620705476,-0.054923535591665344,-0.22205869374421813,0.0025526055014169317,-0.05024818669643216,0.9421857047255936,-0.238120113604003
40.0,20.618,-0.9970394733850823,-0.04538375936764642,-0.056288655543348914,-0.2246535273721503,0.0024893389676926407,-0.049535345696693864,0.9407846760260846,-0.240717158099115
40.0,20.644,-0.9971070001841134,-0.04466663177304586,-0.05770752838233784,-0.22731057120913473,0.002427147013828566,-0.04882270612841274,0.9393290549540044,-0.2433756869529559
40.0,20.67,-0.9971734648300788,-0.04394975508484588,-0.059183073403955976,-0.2300321021228173,0.002366028349949064,-0.04811024748613579,0.9378158573038587,-0.2460978996940574
40.0,20.696,-0.9972388764759534,-0.04323295688224169,-0.06071853594196819,-0.23282050075419827,0.0023059791736411545,-0.04739796303407532,0.9362418804729161,-0.24888614835295048
40.0,20.722,-0.9973032292807613,-0.04251641283383909,-0.06231728837422923,-0.23567825278066157,0.002246999609061452,-0.046685837735817685,0.9346037002977207,-0.2517428603462289
40.0,20.748,-0.9973665323829324,-0.04179995049629656,-0.06398292872765689,-0.23860795877023225,0.0021890861549804185,-0.04597386597175185,0.93289764221599,-0.2546705938097042
40.0,20.774,-0.997428787138465,-0.041083571456739444,-0.06571937219206128,-0.24161228711625596,0.0021322362204469784,-0.04526202538622214,0.9311197752208761,-0.25767197565467936
40.0,20.8,-0.9974899877461044,-0.04036745138840914,-0.06753080923031654,-0.24469408092150144,0.0020764495178561175,-0.04455030989438114,0.929265872622985,-0.26074976957970075
40.0,20.826,-0.9975501498985753,-0.039651243695885435,-0.06942179555920654,-0.2478562837237676,0.0020217235991522183,-0.04383870434593131,0.9273313901004931,-0.26390685998050145
40.0,20.852,-0.9976092608801178,-0.038935298149383846,-0.0713970930872178,-0.25110196053248746,0.0019680562063063432,-0.04312720112275467,0.9253114403268935,-0.26714625109646245
40.0,20.878,-0.9976673355449156,-0.03821926808993863,-0.07346198374723809,-0.25443434294944167,0.0019154458129777112,-0.042415781072483824,0.9232007616796343,-0.2704710804409675
40.0,20.904,-0.9977243615680984,-0.03750350331743469,-0.07562206596539517,-0.25785667583548855,0.0018638911780170916,-0.041704439741889046,0.920993685454716,-0.2738845950188723
40.0,20.93,-0.9977803535395905,-0.036787657133957416,-0.07788341817534221,-0.26137252944045813,0.0018133909237213345,-0.04099316383106538,0.9186840980745148,-0.2773901590294422
40.0,20.956,-0.9978353057061004,-0.036071905208404496,-0.08025261906959913,-0.2649854199321107,0.0017639435235948097,-0.04028193330567808,0.9162653844621992,-0.2809913234394562
40.0,20.982,-0.9978892255031733,-0.03535607492877397,-0.08273673382192502,-0.268699147318971,0.0017155475790412524,-0.03957074629263855,0.9137304003685011,-0.28469172648434965
40.0,21.008,-0.9979421074331328,-0.03464034197790518,-0.08534344644708224,-0.27251760573818795,0.0016682013451782434,-0.03885957876559999,0.9110714236091462,-0.2884951248664764
40.0,21.034,-0.9979939524217845,-0.03392470789031535,-0.08808110464856833,-0.27644477722244065,0.0016219039476324396,-0.0381484321649605,0.9082800589609271,-0.29240547648934756
40.0,21.06,-0.9980447674236195,-0.03320900001369396,-0.09095881027441946,-0.28048485293551906,0.0015766543137924027,-0.03743728116255078,0.9053472280270439,-0.29642678313910803
40.0,21.086,-0.9980945528804661,-0.03249321984664711,-0.09398622607790168,-0.28464213458632776,0.0015324516432895314,-0.03672612042359533,0.9022630564475075,-0.3005632107137756
40.0,21.112,-0.9981433039205451,-0.03177754310256569,-0.09717417688563873,-0.2889210281292401,0.001489294054652751,-0.036014935867369854,0.8990168008794813,-0.30481905832007383
40.0,21.138,-0.9981910319787946,-0.031061622860187998,-0.10053417210673134,-0.29332602964293736,0.0014471820175663546,-0.03530371577818911,0.8955967884577767,-0.3091986551399472
40.0,21.164,-0.9982377267677205,-0.030345809046596686,-0.10407900856032226,-0.29786179410509983,0.0014061142186320673,-0.034592449230608134,0.891990272694063,-0.3137064834596275
40.0,21.19,-0.9982833940566292,-0.02962992893803109,-0.10782246874065368,-0.3025329703863773,0.001366088903005474,-0.03388111691174243,0.8881833657102166,-0.31834702058109254
40.0,21.216,-0.9983280344161334,-0.028913984028823055,-0.11177963671468945,-0.30734433676886114,0.0013271068674185664,-0.03316971390053559,0.8841608885504141,-0.3231247864095162
40.0,21.242,-0.9983716529962465,-0.02819780155308199,-0.1159670696484201,-0.31230061135914133,0.001289166417940409,-0.03245822158752375,0.8799062258331047,-0.32804432607646045
40.0,21.268,-0.9984142448567761,-0.027481557226727776,-0.120402941013102,-0.31740646721983073,0.0012522680543016276,-0.03174663066194958,0.8754011998054549,-0.333110061688287
40.0,21.294,-0.9984558102316418,-0.026765252531577147,-0.12510711053096188,-0.3226664810075216,0.0012164105934399936,-0.031034926114208872,0.8706258749949602,-0.33832630995342383
40.0,21.32,-0.9984963541337438,-0.02604871468417283,-0.13010144730353504,-0.3280850327400764,0.001181594025951185,-0.03032309882068838,0.865558371687846,-0.343697157896086
40.0,21.346,-0.9985358716495562,-0.025332119411916963,-0.1354098176814325,-0.33366627606404653,0.001147817915248267,-0.02961113232182911,0.8601746375333081,-0.34922640063282845
40.0,21.372,-0.9985743630785122,-0.024615468196484906,-0.1410587909311471,-0.3394138406254202,0.0011150818850967066,-0.02889901519615074,0.8544482175794136,-0.3549173764264225
40.0,21.398,-0.9986118368464814,-0.023898413932068964,-0.14707738193187742,-0.3453308755479317,0.0010833862108242012,-0.028186732821678356,0.8483499685775239,-0.36077282829366747
40.0,21.424,-0.9986482841511278,-0.02318130664858552,-0.15349775543156233,-0.35141971720773474,0.001052730830758791,-0.02747427370135825,0.8418477799017662,-0.36679466944851574
40.0,21.45,-0.9986837050239117,-0.022464147820705625,-0.16035523467552795,-0.35768177218896785,0.0010231159355163577,-0.02676162631259667,0.8349062028090847,-0.3729837938218495
40.0,21.476,-0.9987181070325072,-0.021746590303274343,-0.16768906918633536,-0.36411704798529765,0.0009945412461517282,-0.026048771300356245,0.8274860813651896,-0.3793397654728337
40.0,21.502,-0.9987514857230007,-0.021028809849320877,-0.1755425674241114,-0.37072391860596093,0.0009670076318370749,-0.025335702132919365,0.8195441724800936,-0.3858603514108258
40.0,21.528,-0.9987838406094042,-0.02031080791430328,-0.18396348259642267,-0.3774987035131802,0.0009405146774717016,-0.02462240396111584,0.811032618211884,-0.3925412176882251
40.0,21.554,-0.9988151711967249,-0.019592585954755506,-0.19300501676696008,-0.3844348450472745,0.0009150627878776456,-0.023908861780044716,0.8018985224183991,-0.39937518238565195
40.0,21.58,-0.9988454802176127,-0.018873971095814047,-0.20272568959206685,-0.3915225525995163,0.0008906528476997744,-0.02319506084652462,0.7920833550372954,-0.4063516205771482
40.0,21.606,-0.9988747603648455,-0.01815531345267133,-0.21319045940438802,-0.3987476687308248,0.0008672854247252082,-0.022480991324074866,0.7815223757325774,-0.41345556733787003
40.0,21.632,-0.9989030174871639,-0.017436265816400745,-0.2244711347718522,-0.4060906930811502,0.0008449606104315603,-0.02176663389283483,0.7701440760444308,-0.4206665501144309
40.0,21.658,-0.9989302505274399,-0.016716829631943538,-0.2366470369633627,-0.4135254319195616,0.0008236799154136114,-0.021051981785919504,0.7578694804244838,-0.42795741345129623
40.0,21.684,-0.9989564556156999,-0.01599718069761499,-0.24980549393389645,-0.4210174585710231,0.000803443579378411,-0.020337016892540728,0.7446116332360041,-0.43529249280465143
40.0,21.71,-0.9989816346505536,-0.015277146120894156,-0.26404283722735344,-0.42852186648899065,0.0007842526880420418,-0.019621727347495305,0.7302749476132402,-0.4426257542523566
40.0,21.736,-0.9990057864666021,-0.014556727353599442,-0.2794642308401121,-0.4359811612637935,0.0007661078968832135,-0.018906097106906036,0.7147548448593135,-0.4498982374249356
40.0,21.762,-0.9990289098546283,-0.013835925850186441,-0.29618462428019465,-0.4433218633311035,0.0007490106792395801,-0.018190112385298413,0.6979374563158405,-0.4570350796822787
40.0,21.788,-0.9990510012726305,-0.013114917435205122,-0.3143281124754996,-0.45045127112440764,0.0007329620543038866,-0.017473759914082544,0.6796997358078902,-0.4639418557655359
40.0,21.814,-0.99907206411614,-0.012393354837822338,-0.33402796250571204,-0.4572526310458215,0.0007179632074682179,-0.016757025871647846,0.6599100571799197,-0.4705001957564671
40.0,21.84,-0.9990920946411714,-0.01167141388498611,-0.3554248943703308,-0.46358025387110013,0.0007040157087536793,-0.016039895161603368,0.6384294825511883,-0.4765625469123854
40.0,21.866,-0.999111091451776,-0.010949096043214158,-0.37866496958013474,-0.46925313433249416,0.0006911204402193645,-0.015322353014202995,0.6151142642037906,-0.4819460220915678
40.0,21.892,-0.9991290531082119,-0.010226402782517203,-0.4038955775530269,-0.4740479188873409,0.000679279345452385,-0.014604383816483957,0.5898197624787868,-0.48642527166881444
40.0,21.918,-0.9991459798200909,-0.009503161193019487,-0.4312596620539628,-0.47769064074494355,0.0006684939496071348,-0.013885976233945621,0.5624065978644682,-0.48972452224217883
40.0,21.944,-0.9991618681374189,-0.008779547130361358,-0.4608865972781385,-0.4798482563106383,0.0006587658692940413,-0.013167112137487861,0.5327495849691589,-0.4915089779591725
40.0,21.97,-0.9991767179178827,-0.008055387687464393,-0.492879449921237,-0.4801197722391345,0.0006500967931840725,-0.012447779221240143,0.500750619239053,-0.49137611261718284
40.0,21.996,-0.9991905271670976,-0.007330684343178113,-0.5272977510351319,-0.4780279868444199,0.0006424888931043484,-0.011727960285727857,0.4663562725549406,-0.488847839013972
40.0,22.022,-0.9992032926935733,-0.006605612975636597,-0.5641336617293752,-0.4730141208492846,0.0006359440424961943,-0.011007642882410887,0.4295814209165762,-0.4833651168326713
40.0,22.048,-0.9992150148469289,-0.005879826288983745,-0.6032821000540981,-0.46443663526960716,0.000630464069790021,-0.010286808608737194,0.390539375524631,-0.4742874606977674
40.0,22.074,-0.9992256893212184,-0.005153674568244118,-0.6445032365719526,-0.4515789514307881,0.000626051264009791,-0.009565443553650318,0.3494790903027771,-0.4609007145828518
40.0,22.1,-0.9992353158710509,-0.004426810521052312,-0.6873799393782682,-0.43366905232575653,0.0006227080837056385,-0.008843533338254723,0.3068278733238592,-0.4424376100571784
40.0,22.126,-0.9992438905976412,-0.003699584451858714,-0.7312719855252031,-0.409917861725363,0.0006204366517028075,-0.008121059735935817,0.26323641859506314,-0.418116409099961
40.0,22.152,-0.9992514126253879,-0.0029716490738581087,-0.7752750591198321,-0.3795800356766221,0.0006192396150921117,-0.007398009931223457,0.21961940865084328,-0.38720244114056446
40.0,22.178,-0.9992578788895197,-0.002243180306952382,-0.8181942832227977,-0.34204115111724487,0.0006191193546613731,-0.006674366276832681,0.17718084505240966,-0.3490957469529667
40.0,22.204,-0.9992632872490268,-0.001514005273706493,-0.8585473835067994,-0.29692904483577814,0.0006200786925755968,-0.00595011312116466,0.13740960093342502,-0.303442608372493
40.0,22.23,-0.9992676349184932,-0.0007841255057368051,-0.894613542934611,-0.24423969790457833,0.0006221203423899368,-0.005225234072758122,0.10202887238977255,-0.2502609014608193
40.0,22.256,-0.999270919023912,-5.3716948433844325e-05,-0.9245413833594955,-0.18445567412848413,0.0006252471399753132,-0.004499713550539284,0.07288665203541561,-0.1900580049865617
40.0,22.282,-0.9992731369090347,0.000677393255008109,-0.9465177567285133,-0.11862870957227105,0.0006294620957028927,-0.0037735348322440296,0.05178525977386349,-0.12391063536893687
40.0,22.308,-0.9992742858776613,0.0014090291422298215,-0.958982367927237,-0.048388656958463484,0.0006347683870284039,-0.00304668131134268,0.0402663090736245,-0.05347203626507784
40.0,22.334,-0.9992743625214595,0.0021415379608306574,-0.9608502343627888,0.02414314657298969,0.0006411690701409134,-0.0023191360708653603,0.03938859748649135,0.019118294867947767
40.0,22.36,-0.9992733639042329,0.0028747437308871524,-0.9516909220262583,0.09654102955132189,0.0006486675590781988,-0.0015908825178917309,0.049550800593424926,0.09142434177257498
40.0,22.386,-0.999271286903973,0.0036086448693342914,-0.9318147658676307,0.16633236716938138,0.0006572672797943347,-0.0008619035908042466,0.0704084443753951,0.1609732458118349
40.0,22.412,-0.999268127561543,0.0043434141887753585,-0.9022385697374196,0.23127282927025902,0.0006669717040313335,-0.0001321819421032303,0.1009118761807724,0.22553001911069148
40.0,22.438,-0.9992638831441903,0.005078875680359597,-0.8645389699000823,0.28957374149653786,0.0006777845256857303,0.0005982996971219869,0.13945664926673748,0.28332493878867565
40.0,22.464,-0.9992585503614361,0.005815027731472402,-0.8206323050433789,0.3400410422469449,0.0006897094765804903,0.0013295587936970384,0.1841059461251103,0.333188362044233
40.0,22.49,-0.9992521247117904,0.006552043121729463,-0.772537484977104,0.3821037668230541,0.0007027504269853165,0.002061612963370191,0.23282912133665495,0.3745772171913619
40.0,22.516,-0.9992446023950947,0.007289920214061497,-0.7221701568635822,0.41575244923154475,0.0007169115027809555,0.002794480346582055,0.2837070711761653,0.40750954513468074
40.0,22.542,-0.9992359795429698,0.008028657359582147,-0.6711985865073452,0.4414181182895925,0.0007321968011494254,0.0035281788637147107,0.3350749084310701,0.43244109232173156
40.0,22.568,-0.9992262522418615,0.008768252897513446,-0.6209686218192044,0.4598296495669196,0.0007486104031893897,0.004262726143790247,0.3855953816350595,0.450121654908049
40.0,22.594,-0.9992154165100722,0.009508705154780212,-0.5724869163666465,0.47188017892604955,0.0007661568784835997,0.004998141478848074,0.4342733911418002,0.46146036138035723
40.0,22.62,-0.9992034682862972,0.010250012445613335,-0.5264456886563108,0.478517702183388,0.0007848407277941944,0.005734443247767845,0.4804298021200726,0.4674167888192865
40.0,22.646,-0.9991904034756811,0.010992173071738633,-0.48326983445477734,0.48066717473079695,0.0008046664638001396,0.006471649648080113,0.5236529297325836,0.4689234210358988
40.0,22.672,-0.9991762158441507,0.011735359710700097,-0.4431718612188837,0.4791816403330117,0.000825638943144487,0.007209780360628234,0.5637425462284277,0.4668372989334883
40.0,22.698,-0.9991609007597768,0.012479570629613381,-0.40620594374910096,0.47481612965160563,0.0008477629393269152,0.007948853776191237,0.6006557493587676,0.4619151939968
40.0,22.724,-0.9991444558298702,0.013224629697154933,-0.3723142171134209,0.468219264595258,0.0008710437493796322,0.00868888974941176,0.6344601158759166,0.4548054832116726
40.0,22.75,-0.9991268742370472,0.0139707095402256,-0.341364849631165,0.45993520795927084,0.0008954863314728596,0.009429908431511803,0.6652957152544253,0.44605085388352333
40.0,22.776,-0.9991081511548405,0.01471780838134228,-0.31318115950688136,0.4504120105834403,0.0009210959551482754,0.01017192845669869,0.6933461010962929,0.43609711906740667
40.0,22.802,-0.9990882816765242,0.015465924427179922,-0.28756284910128427,0.44001309495837143,0.0009478782037289105,0.01091497059422636,0.7188170504518429,0.42530492546021836
40.0,22.828,-0.9990672579620875,0.016215230238000977,-0.26430124014223244,0.4290292532672625,0.0009758386227738877,0.01165905532148414,0.7419217087856954,0.4139621523624288
40.0,22.854,-0.9990450805196912,0.016965375244398,-0.24318946219152482,0.41769040099911975,0.0010049830583797029,0.01240420161048101,0.7628706361580516,0.4022958488609069
40.0,22.88,-0.9990217353185441,0.01771688070174757,-0.2240284824103588,0.4061765089780244,0.0010353173420438336,0.013150432240389165,0.7818655014878193,0.3904830236591074
40.0,22.906,-0.998997226048523,0.01846922165132359,-0.20663158634344014,0.39462652242465257,0.0010668472155854866,0.013897765238066812,0.799095371844379,0.3786600057178756
40.0,22.932,-0.9989715377539048,0.019222919288652808,-0.19082562094865105,0.3831466834262065,0.0010995793799362464,0.014646225208117777,0.8147348746643382,0.36693044626143856
40.0,22.958,-0.9989446712533401,0.01997762299275605,-0.17645235693141373,0.37181679538745943,0.0011335198966602863,0.01539583144978866,0.8289435615705322,0.3553718430874878
40.0,22.984,-0.9989166138754884,0.02073367953681182,-0.1633681285932942,0.3606957762250688,0.0011686754078257255,0.016146605903405838,0.8418660659244944,0.3440410209677563
40.0,23.01,-0.9988873667925497,0.021490738279286516,-0.15144321447820092,0.3498260773610562,0.0012050522631578086,0.016898569854575878,0.8536327561409056,0.33297850756823555
40.0,23.036,-0.9988569166666663,0.022249145934502973,-0.14056104536444186,0.33923719906226846,0.0012426576180964463,0.01765174664424616,0.8643606583376454,0.3222120868440561
40.0,23.062,-0.9988252610097541,0.023008726168513283,-0.13061716901040737,0.3289485189997737,0.0012814987870118006,0.01840615990347872,0.8741545403178375,0.3117595995051971
40.0,23.088,-0.9987923895087739,0.02376965129306209,-0.12151822361013125,0.31897158184543434,0.0013215822109758696,0.019161827395020255,0.8831080079088094,0.30163122689402655
40.0,23.114,-0.9987582997782304,0.024531744941974448,-0.11318070550210635,0.3093119268763424,0.0013629156977074213,0.019918777621069243,0.8913046035035462,0.29183125168776924
40.0,23.14,-0.9987229810770752,0.025295179371552647,-0.10553008293108267,0.2999705064166453,0.0014055068310080692,0.020677031084998392,0.8988188397205433,0.2823595036107279
40.0,23.166,-0.9986864219924696,0.026060126789220258,-0.09850001434476355,0.29094472404051974,0.0014493633002689937,0.02143661020136801,0.9057171723030583,0.273212448895629
40.0,23.192,-0.9986486245756923,0.026826236462048726,-0.09203106439878189,0.2822294654543306,0.0014944928042194218,0.022197543391706806,0.9120588691521903,0.2643841100877065
40.0,23.218,-0.9986095725681116,0.027593854846412587,-0.08607023036131858,0.273817692912749,0.0015409031813710002,0.022959849279598526,0.9178968473741982,0.2558666471607486
40.0,23.244,-0.9985692633736339,0.02836280546865154,-0.08057017525456374,0.26570109515470447,0.0015886033379440743,0.023723555344175452,0.9232783424268598,0.24765104876895797
40.0,23.27,-0.9985276847162332,0.029133260410805686,-0.07548846676558522,0.2578703865485755,0.0016376016248993285,0.02448868520431027,0.9282456022211328,0.23972738439501765
40.0,23.296,-0.9984848340581416,0.029905043160432795,-0.07078727525924294,0.2503156694873073,0.0016879062312811519,0.02525526120362913,0.9328364198390087,0.23208522876997542
40.0,23.322,-0.9984406932901142,0.030678499992119038,-0.06643248801989604,0.24302674922409406,0.001739526201053339,0.02602331657046397,0.9370846483568623,0.22471392374923663
40.0,23.348,-0.9983952650295846,0.0314532800773579,-0.06239367822089725,0.235993317972907,0.0017924708946088048,0.026792869072163217,0.9410206664877708,0.21760264958736966
40.0,23.374,-0.9983485304049053,0.03222972960259751,-0.0586433114244218,0.22920508134071307,0.0018467495761727958,0.027563949413506237,0.9446717389742122,0.21074072174359718
40.0,23.4,-0.9983004808303595,0.03300784618525673,-0.055156829284598426,0.222651758346752,0.0019023714973557236,0.028336580955752703,0.9480623961311255,0.20411756643517665
40.0,23.426,-0.9982511194533922,0.03378727895773629,-0.05191190317865851,0.21632344281325347,0.001959346573971226,0.029110791085799583,0.9512147280744851,0.19772284299035417
40.0,23.452,-0.9982004202731859,0.03456854818704939,-0.0488885508256989,0.210210343002184,0.0020176843845802588,0.029886608849553548,0.9541486390251314,0.1915465765762088
40.0,23.478,-0.9981483861202466,0.035351302943512734,-0.04606858757201139,0.20430306593470005,0.0020773958741546745,0.030664059649447222,0.9568821154005566,0.18557905804619698
40.0,23.504,-0.9980949960328444,0.03613588915522312,-0.043435661533678616,0.1985925324738737,0.002138490488747639,0.03144317144549788,0.959431415572919,0.1798109467122435
40.0,23.53,-0.9980402467081079,0.036922130052739234,-0.04097493587213224,0.19306998205933573,0.002200979607628831,0.03222397501490654,0.9618112553519839,0.17423331898578084
40.0,23.556,-0.9979841289219762,0.03771002305926661,-0.03867289611164454,0.18772704103389343,0.0022648733315237955,0.03300649409460117,0.9640349808472344,0.1688375874325389
40.0,23.582,-0.9979266264984842,0.03849973972991759,-0.036517364541267895,0.1825557152180251,0.0023301839002021936,0.03379076170929688,0.9661147082585544,0.1636155578657673
40.0,23.608,-0.997867729679149,0.03929127739131665,-0.03449716925759102,0.1775483223819691,0.0023969216925874602,0.03457680411829281,0.9680614519000212,0.15855941424231976
40.0,23.634,-0.997807435237828,0.040084459169040194,-0.03260223085750243,0.17269756265527894,0.0024650981202511625,0.03536465114700293,0.9698852351419641,0.1536617067331827
40.0,23.66,-0.9977457192098187,0.04087963062096082,-0.030823245168683667,0.16799648989450364,0.002534726799807509,0.036154336143929884,0.9715951987812481,0.14891534167699663
40.0,23.686,-0.9976825707189473,0.041676788913267544,-0.0291518181432312,0.16343844490518264,0.0026058174947552947,0.03694588405530106,0.9731996786390688,0.14431357366870498
40.0,23.712,-0.9976179938250639,0.042475582946231064,-0.02758021630881965,0.1590171783573824,0.0026783848370930444,0.03773933219076662,0.9747062955808455,0.1398499886836975
40.0,23.738,-0.9975519555902447,0.04327653218944939,-0.02610139838473302,0.15472664807512368,0.0027524402835506436,0.03853471079045035,0.9761220209814928,0.13551848887696297
40.0,23.764,-0.9974844520522201,0.044079459556125036,-0.02470888822194937,0.15056117720597642,0.0028279972511065245,0.03933204767644413,0.97745323980818,0.13131328682828353
40.0,23.79,-0.9974154718547731,0.04488436204473064,-0.02339675000742196,0.14651532686759475,0.002905068853861648,0.040131379096077134,0.9787058085675879,0.12722888156922
40.0,23.816,-0.9973450036367062,0.04569123661518189,-0.02215953745921806,0.142583994091429,0.002983669368462001,0.04093273821118342,0.9798851024849904,0.12326004917685865
40.0,23.842,-0.9972730274569196,0.04650025422423211,-0.02099222835901868,0.13876224963664952,0.003063811439676992,0.04173615237658814,0.9809960635682736,0.11940183260246393
40.0,23.868,-0.9971995394331384,0.047311237654090496,-0.019890218202213452,0.13504547837201775,0.003145509944382424,0.042541664492562414,0.9820432402406798,0.11564951942631563
40.0,23.894,-0.9971245108167183,0.048124531779650814,-0.01884924446568086,0.1314292433107692,0.003228778894591324,0.043349297396307225,0.9830308202298847,0.1119986342352176
40.0,23.92,-0.9970479369969442,0.04893995925779986,-0.017865385493306168,0.1279093553208941,0.0033136347195202647,0.044159095592266516,0.9839626664466639,0.10844492967954684
40.0,23.946,-0.9969698052412337,0.04975751675834768,-0.016935022353845506,0.12448184819074243,0.003400091053082841,0.044971094541685526,0.984842345035937,0.10498436643065756
40.0,23.972,-0.9968900938689508,0.05057737489116692,-0.016054799631362766,0.12114289996554398,0.003488163621110668,0.045785322876354666,0.9856731507757418,0.10161310897135295
40.0,23.998,-0.9968087893612834,0.05139953017674375,-0.015221617402355656,0.11788891406649657,0.0035778691914120113,0.04660181636529355,0.9864581318948342,0.09832750631092875
40.0,24.024,-0.9967258687326239,0.05222415303152656,-0.014432607882460867,0.11471648124312422,0.0036692227734776536,0.04742062270755018,0.9872001098434827,0.0951240938065689
40.0,24.05,-0.996641336304862,0.05305089193000942,-0.013685101791806414,0.11162232180423366,0.0037622420398300068,0.04824177278919036,0.9879017001849888,0.09199956818149661
40.0,24.076,-0.9965551594736026,0.05388009111851612,-0.012976634259807768,0.10860333335818462,0.00385694325801054,0.049065300843527025,0.9885653285501287,0.08895079435356784
40.0,24.102,-0.9964673234522382,0.0547117468329575,-0.01230490728473138,0.10565657372674715,0.003953343341730267,0.04989124906595427,0.9891932473035457,0.08597478387317
40.0,24.128,-0.9963778037504515,0.0555460291571145,-0.011667787158739684,0.10277920597595697,0.004051462089375985,0.0507196610062984,0.9897875493464882,0.08306869165501853
40.0,24.154,-0.9962866043480054,0.0563825863775447,-0.01106328905849245,0.0999685582127889,0.004151315137121558,0.05155056912497662,0.9903501814390457,0.0802298069555457
40.0,24.18,-0.9961936903222057,0.05722176232159702,-0.010489563061231203,0.097222071206693,0.004252922809192512,0.05238401631921417,0.9908829553009997,0.07745555242241593
40.0,24.206,-0.996099035474171,0.058063726765193384,-0.009944885738736678,0.09453731944608754,0.004356302997523398,0.053220044019944325,0.9913875592184278,0.07474346366106135
40.0,24.232,-0.9960026437344859,0.05890812784589358,-0.009427651762462227,0.0919119642364916,0.004461475203762186,0.05405869700642335,0.9918655669814231,0.07209119608113837
40.0,24.258,-0.9959044780278525,0.05975530902221124,-0.008936357723168727,0.08934379814667125,0.004568461072944533,0.05490001633472784,0.992318447290145,0.06949651060249043
40.0,24.284,-0.9958045320474661,0.060605092165771986,-0.008469602114096225,0.08683069961809183,0.004677277693084607,0.055744038725425785,0.9927475712586902,0.06695727287144232
40.0,24.31,-0.9957027778140675,0.0614576466729979,-0.008026074150378511,0.08437063508622565,0.004787948277066506,0.056590820734403774,0.9931542208843513,0.06447144012402722
40.0,24.336,-0.9955991868569247,0.06231314181142045,-0.007604547755306289,0.08196168887433093,0.004900493704445765,0.057440393600467494,0.9935395943947849,0.062037068508641095
40.0,24.362,-0.99549375180168,0.06317139919464104,-0.00720387581752524,0.07960201393596558,0.005014935225371305,0.05829280763503417,0.9939048135948166,0.0596522942493573
40.0,24.388,-0.9953864321044675,0.06403276161040634,-0.006822981229410037,0.07728983594936585,0.0051312948093179735,0.05914811235991602,0.9942509287378947,0.05731533884707205
40.0,24.414,-0.9952772311961195,0.0648968767835517,-0.006460853517016398,0.0750234652180547,0.005249595594397138,0.060006348751493896,0.9945789244018299,0.05502450375197926
40.0,24.44,-0.995166118580366,0.0657639135432237,-0.006116548506158429,0.07280129799351194,0.005369860563329095,0.06086756926828505,0.9948897237293419,0.05277815783747983
40.0,24.466,-0.9950530517431686,0.06663421425253596,-0.005789177433818011,0.0706217857349076,0.005492113865193689,0.06173181646984265,0.9951841931586243,0.05057474393618935
40.0,24.492,-0.994938033609655,0.06750742641151339,-0.005477905111332546,0.06848344108065164,0.005616380124058622,0.06259915083365324,0.9954631458064461,0.04841277300953534
40.0,24.518,-0.9948210199967179,0.06838389208046501,-0.005181947374897224,0.06638485107327805,0.005742682743308854,0.06346960742367994,0.9957273461557153,0.04629081654548888
40.0,24.544,-0.994701989888539,0.06926360587481231,-0.004900565604706942,0.06432465144090313,0.005871048406448717,0.06434324542074096,0.9959775126281314,0.04420750398497129
40.0,24.57,-0.9945809214502922,0.07014656227139192,-0.00463306476122407,0.06230154192208017,0.006001503454568337,0.06522011937102498,0.9962143211048037,0.042161525345378835
40.0,24.596,-0.9944577929449571,0.07103275566978276,-0.004378791353940631,0.060314271638540834,0.006134074241007677,0.06610027064120588,0.9964384077667898,0.040151621548758155
40.0,24.622,-0.9943325693795132,0.07192235387808223,-0.0041371294492567184,0.0583616416501998,0.006268787133765658,0.06698376494441255,0.9966503717106299,0.03817658512736434
40.0,24.648,-0.9942052278306909,0.07281535100536161,-0.003907497584780565,0.05644250150541276,0.0064056719896199345,0.06787065380759225,0.99685077735982,0.0362352591232881
40.0,24.674,-0.9940757448988276,0.07371174103536202,-0.0036893484106473567,0.05455574114738341,0.006544754634130512,0.0687609818712729,0.9970401568845725,0.03432653071015379
40.0,24.7,-0.9939440835720045,0.07461169129120099,-0.003482163428619502,0.05270029835747981,0.0066860676609901,0.06965482544914282,0.9972190122818522,0.03244933172251194
40.0,24.726,-0.9938102194847739,0.0755151954622933,-0.0032854551188197635,0.05087516005447593,0.006829638960255266,0.07055222156059412,0.9973878174174131,0.03060263565739879
40.0,24.752,-0.9936741142267181,0.07642242051523289,-0.00309876189138203,0.04907933148289011,0.006975499669382261,0.07145323890441828,0.9975470192614616,0.02878545635480029
40.0,24.778,-0.9935357417717436,0.07733335977763207,-0.0029216488342944484,0.04731187931622274,0.007123680814729945,0.07235792944586564,0.9976970407338082,0.02699684495006502
40.0,24.804,-0.993395076071268,0.07824800647026023,-0.002753702429778196,0.045571895017028644,0.007274214813716442,0.0732663694082525,0.9978382807580207,0.025235890195904567
40.0,24.83,-0.9932520765515022,0.07916652700679318,-0.002594533468950979,0.043858498653731495,0.007427134811214543,0.0741786001674824,0.9979711172134285,0.023501711868943585
40.0,24.856,-0.9931067295870796,0.08008874090123232,-0.0024437726303592764,0.04217085090045149,0.00758247451815746,0.0750947043182317,0.9980959069627173,0.021793468011188873
40.0,24.882,-0.9929589652729713,0.08101516084343485,-0.002301070182646011,0.040508142819377514,0.007740268316594195,0.07601472837483571,0.9982129881909446,0.020110341294878025
40.0,24.908,-0.9928087826759602,0.08194543265741538,-0.002166095168917393,0.038869588106214124,0.0079005516558725,0.07693875175700753,0.9983226807881523,0.018451547973454496
40.0,24.934,-0.992656124047144,0.08287989524026868,-0.00203853399330493,0.037254440090979175,0.008063360151842329,0.07786682521503248,0.9984252877126817,0.01681633376648765
40.0,24.96,-0.9925009735074227,0.08381836741996367,-0.0019180896165031161,0.035661970031722556,0.008228732353174683,0.07879902349921189,0.9985210961832034,0.01520396954556779
40.0,24.986,-0.992343271197648,0.08476118757370134,-0.0018044788757669104,0.03409147428072408,0.008396705684712945,0.07973541915013296,0.9986103782768315,0.01361375257095991
40.0,25.012,-0.9921830001041523,0.08570817415964663,-0.0016974355849274146,0.03254228140224443,0.008567319132287985,0.08067608178805748,0.9986933920177368,0.012045004933342407
40.0,25.038,-0.992020098242896,0.08665966501095827,-0.001596705363148265,0.031013736643058308,0.00874061184741957,0.08162107781730672,0.9987703820847478,0.01049707267257535
40.0,25.064,-0.99185454734551,0.08761547818672881,-0.001502047282587797,0.029505210463176675,0.008916625559195576,0.08257047933621803,0.9988415808175721,0.00896932384116156
40.0,25.09,-0.9916862985191107,0.08857577784849857,-0.0014132318864966784,0.028016095488056912,0.009095400738443967,0.08352435492401032,0.9989072084633445,0.00746114881423983
40.0,25.116,-0.991515301598609,0.08954072783899787,-0.0013300424899928887,0.026545802638418395,0.00927698260839245,0.08448279806137837,0.9989674743159158,0.005971957983126949
40.0,25.142,-0.991341521051283,0.09051031866205601,-0.0012522717536863931,0.025093760173608624,0.00946141494821632,0.0854458692959134,0.999022577088608,0.004501181871872599
40.0,25.168,-0.9911649045436924,0.0914847135785627,-0.0011797234507781992,0.02365942188888092,0.009648741938256107,0.08641365430248514,0.9990727055471763,0.0030482698528530904
40.0,25.194,-0.9909854309592254,0.09246372960842118,-0.0011122109893129386,0.022242252340296698,0.009839010952147686,0.08738623425303181,0.9991180390641701,0.001612689393745409
40.0,25.22,-0.9908030137938099,0.09344787536425209,-0.0010495566213183352,0.020841742155243953,0.01003226957841104,0.08836368566886656,0.9991587481239729,0.00019392529658332873
40.0,25.246,-0.9906176465113539,0.09443679438903516,-0.0009915912203818907,0.019457387050578652,0.010228563612590736,0.08934609059118409,0.999194994813601,-0.0012085210703478573
40.0,25.272,-0.9904292563837122,0.0954308216669643,-0.0009381543472426178,0.018088709470731767,0.01042794638870484,0.0903335356114655,0.999226933253981,-0.0025951324774811987
40.0,25.298,-0.9902377854018088,0.09643011883633604,-0.0008890929746550093,0.016735237109075807,0.010630468381757805,0.0913261024891225,0.9992547100308302,-0.003966376370542347
40.0,25.324,-0.9900431915919432,0.0974346743884073,-0.0008442612117998134,0.015396519461437127,0.010836181070114345,0.09232388877032065,0.9992784645903511,-0.005322705691737082
40.0,25.35,-0.9898454315678865,0.09844447647889988,-0.0008035204443679033,0.014072116050789122,0.011045140984757916,0.09332698620719489,0.9992983295913601,-0.006664559182696656
40.0,25.376,-0.9896444445417812,0.09945968578219141,-0.000766738614981576,0.012761602153595165,0.011257400371179773,0.09433547033497897,0.9993144313216791,-0.00799236273913158
40.0,25.402,-0.9894401674910898,0.10048046247098183,-0.0007337902421223148,0.011464563948137335,0.01147301708903928,0.09534944273628194,0.9993268899227301,-0.009306528658296164
40.0,25.428,-0.9892325542348979,0.10150679368758762,-0.0007045550517613275,0.010180598789885515,0.011692050955509875,0.09636899898516489,0.999335819784983,-0.010607457333460305
40.0,25.454,-0.9890215395087265,0.10253883884701606,-0.0006789191584842432,0.008909319567303666,0.011914560029462971,0.09739423996155719,0.9993413298083769,-0.011895537207145687
40.0,25.48,-0.9888070565945618,0.10357675691011434,-0.0006567738095579756,0.007650346155099425,0.012140607672086239,0.09842525958081244,0.999343523635996,-0.013171145599492241
40.0,25.506,-0.9885890551175444,0.1046205337822231,-0.0006380154153185183,0.006403312345927103,0.012370253743152055,0.0994621569666504,0.99934249999618,-0.014434648494566228
40.0,25.532,-0.9883674658653013,0.10567032758255078,-0.000622545315143759,0.005167860780292888,0.012603568106861703,0.10050504661944286,0.9993383528738956,-0.0156864015488127
40.0,25.558,-0.9881422175858309,0.10672629588179193,-0.000610269351873924,0.003943644440101551,0.012840612566930917,0.10155402573359452,0.9993311717460261,-0.01692675075411244
40.0,25.584,-0.9879132560202066,0.10778842328800306,-0.0006010977652490041,0.0027303251024141154,0.013081459123261195,0.10260920676480886,0.9993210418295962,-0.018156032580434075
40.0,25.61,-0.9876805072838295,0.10885686645072898,-0.0005949452722590935,0.0015275751487181088,0.013326175069857261,0.10367068361878959,0.9993080443009394,-0.01937457185239083
40.0,25.636,-0.987443895435781,0.10993178143136696,-0.0005917305992181926,0.0003350742925028861,0.013574834048460315,0.10473859036358972,0.9992922563924154,-0.020582687302484103
40.0,25.662,-0.9872033426985303,0.1110133237123473,-0.0005913759400153218,-0.0008474883465806902,0.013827508826078323,0.10581302981830042,0.9992737516136416,-0.021780690498960954
40.0,25.688,-0.9869587890153276,0.11210147592486988,-0.0005938074676138943,-0.002020416043945092,0.014084279359167756,0.1068941207359139,0.9992526000565822,-0.02296887936828909
40.0,25.714,-0.9867101534846027,0.11319639247689725,-0.0005989547762014668,-0.0031840039303755417,0.014345220224555345,0.1079819875235764,0.9992288683355364,-0.024147548636847708
40.0,25.74,-0.9864573332886399,0.1142983993105146,-0.0006067507438158633,-0.0043385398944700065,0.014610413844216295,0.10907674581399183,0.9992026198600469,-0.025316984577657735
40.0,25.766,-0.9862002831737602,0.11540730514964785,-0.0006171316704679388,-0.005484304110419221,0.014879939022907317,0.11017851632096391,0.9991739150275856,-0.026477463246632638
40.0,25.792,-0.9859388964422983,0.11652343464503706,-0.000630036728963478,-0.006621571677169374,0.015153889743333279,0.11128744849153989,0.9991428112680149,-0.027629255696871864
40.0,25.818,-0.9856730839345533,0.11764693951917624,-0.0006454078139528345,-0.0077506076415859385,0.015432343788963066,0.11240364706172744,0.9991093630699875,-0.028772629703707253
40.0,25.844,-0.985402775335242,0.1187777988161004,-0.0006631899974362409,-0.008871674222874076,0.015715398020301325,0.11352725790772113,0.9990736224108614,-0.029907841031080483
40.0,25.87,-0.9851278568033206,0.1199163348661365,-0.0006833310677747148,-0.009985025546451885,0.016003142129704752,0.11465841990121901,0.9990356386420344,-0.03103514039063839
40.0,25.896,-0.9848482538348104,0.12106252527255967,-0.0007057808538114619,-0.01109090996805828,0.016295674171761455,0.11579727578084724,0.9989954585742112,-0.032154775171961254
40.0,25.922,-0.9845638689226172,0.12221651885395837,-0.0007304923392598889,-0.012189570429769763,0.016593088942681654,0.11694394638570486,0.9989531267245817,-0.03326698419764803
40.0,25.948,-0.9842745807750596,0.12337863540626488,-0.0007574202085440506,-0.01328124563408349,0.01689548938867889,0.11809859711997583,0.9989086852723313,-0.03437200294227822
40.0,25.974,-0.9839803085001596,0.12454885021364566,-0.0007865218483445061,-0.014366165114506762,0.017202979274039663,0.11926138510236897,0.9988621742762126,-0.03547006003389555
40.0,26.0,-0.9836809251861396,0.12572748119221697,-0.0008177570066172117,-0.01544455977134784,0.01751566535281667,0.12043242993726899,0.9988136316881637,-0.03656137898585648
60.0,0.0,-0.00016186365094341282,-0.0003981780467160381,-0.9969535006255433,0.004926710385784745,0.9998468099694812,-0.0003920490609378994,0.0030183482368416037,0.004900494822089901
60.0,0.026,-0.00019744180296695358,-0.008676244390879271,-0.9925545546342431,0.06351626285409875,0.9998083349349169,-0.008682764835641767,0.00742255133785014,0.06349470764357648
60.0,0.052,-0.00037147652608788705,-0.01695536887780586,-0.981413459528863,0.12072532985577368,0.9996313030357363,-0.016974380503802577,0.018572832904256462,0.12070662412685425
60.0,0.078,-0.0006839998723601747,-0.025232134208341733,-0.9639814349580701,0.17544548672838184,0.999315687594509,-0.025263477753324482,0.03601736944061795,0.17542705008714599
60.0,0.1,-0.0010565556001586015,-0.03223117116757433,-0.9448114386959806,0.21909527328579625,0.9989404460121548,-0.03227282756645596,0.05520000879592893,0.2190747063671841
60.0,0.104,-0.0011349324610404913,-0.03350312029888106,-0.9409316466280563,0.2267291447729463,0.9988615744559319,-0.03354663602192935,0.05908226393870329,0.22670793782770954
60.0,0.13,-0.0017240820926695934,-0.041764912543142046,-0.9130975028066836,0.27383641956289095,0.9982691616832227,-0.04182044324447806,0.08693332818725766,0.27380910994521757
60.0,0.156,-0.002451144305802444,-0.05001411198138584,-0.8814035128904577,0.3162568445768657,0.997538759523892,-0.050081493637261304,0.11864538795303099,0.3162202918322052
60.0,0.182,-0.0033157020327868516,-0.058247319319343925,-0.8467980084966319,0.35370850292921374,0.9966707897130546,-0.05832639522295626,0.15326940883786314,0.3536595150306067
60.0,0.208,-0.004317230139175299,-0.06646116449372487,-0.8101958808681592,0.38611699207387934,0.9956657845006225,-0.06655177696356977,0.18988991075752357,0.38605258331157777
60.0,0.234,-0.0054550905762811895,-0.07465229811690134,-0.772435406832335,0.41358209874850094,0.9945243865782736,-0.07475428719663854,0.22766825759971057,0.41349972017323694
60.0,0.26,-0.006728538681338819,-0.08281739360365442,-0.7342502679893141,0.4363388216559302,0.99324734637307,-0.08293060582538794,0.2658704436264046,0.4362362380956875
60.0,0.286,-0.00813672103571917,-0.0909531607939647,-0.6962560424723857,0.4547173109453063,0.9918355221093247,-0.09107743918777028,0.3038807319989133,0.4545927260929473
60.0,0.312,-0.009678681462634774,-0.0990563508328462,-0.6589480512711389,0.4691067852405744,0.9902898773966854,-0.09919153564502124,0.3412036771990961,0.468958687129866
60.0,0.338,-0.011353353267303728,-0.10712373038008356,-0.6227077638722269,0.4799248362426029,0.9886114792013134,-0.10726968016263147,0.3774577803086276,0.4797520394245759
60.0,0.364,-0.013159577990463956,-0.1151521464069835,-0.5878142516138194,0.48759371369746624,0.9868014969907462,-0.1153087011666337,0.4123638740891948,0.4873951586270816
60.0,0.39,-0.01509608612207177,-0.12313846687131064,-0.5544588544337046,0.4925224158871149,0.9848611987528054,-0.1233054787341424,0.44573087906643266,0.49229751660004195
60.0,0.416,-0.017161520836835902,-0.1310796210722135,-0.5227594100187659,0.4950958112784871,0.9827919501895002,-0.13125694255745834,0.47744081092553536,0.49484392796343585
60.0,0.442,-0.01935442636325127,-0.13897258344254812,-0.4927753063159791,0.4956668502282522,0.9805952115867644,-0.13916007829188992,0.5074344295891673,0.49538758288623463
60.0,0.468,-0.02167325221584858,-0.14681441710453946,-0.4645202174653484,0.4945534209082759,0.9782725348209161,-0.14701193030215684,0.5356982575876426,0.49424659559102285
60.0,0.494,-0.024116364228512786,-0.1546022137619634,-0.43797296311158807,0.4920379196037695,0.9758255601399846,-0.1548096094886304,0.5622533482668667,0.4917032334449289
60.0,0.52,-0.026682033499335737,-0.16233313004423253,-0.4130876637655888,0.4883674864311143,0.9732560153273905,-0.16255028741116553,0.5871458724078826,0.4880049099729487
60.0,0.546,-0.029368464098957037,-0.17000443319705932,-0.3898005937621518,0.48375685843559035,0.9705657088928613,-0.17023120855920004,0.6104394910523533,0.4833663174563747
60.0,0.572,-0.03217376622194604,-0.17761343057640136,-0.3680366853909833,0.47839070934559047,0.9677565294610192,-0.17784968948215385,0.6322093265882885,0.47797214298141283
60.0,0.598,-0.03509596933141613,-0.18515751157545748,-0.34771419872877407,0.4724266865936577,0.964830441011167,-0.18540311886958236,0.6525372456166971,0.4719801248912794
60.0,0.624,-0.03813307711012661,-0.1926341077829081,-0.32874816575375915,0.4659986336167475,0.9617894834823545,-0.19288896024674484,0.6715083119113554,0.4655241462955626
60.0,0.65,-0.04128291235354943,-0.20004081178059385,-0.31105288305709206,0.4592196122903362,0.9586357644238483,-0.20030475286334207,0.6892081434488705,0.45871718769516856
60.0,0.676,-0.04454337496919157,-0.20737521454471664,-0.2945442251378272,0.4521843596409347,0.9553714478621693,-0.20764815175389473,0.7057210259598179,0.45165411117593324
60.0,0.702,-0.04791222904793102,-0.21463502554820527,-0.27914047979646234,0.444972181427665,0.9519987768897484,-0.2149168299503635,0.7211285874984109,0.4444141100009826
60.0,0.728,-0.05138712588477315,-0.22181804184028944,-0.26476376919579897,0.43764879907860443,0.948520030522479,-0.22210862840710346,0.7355089149973462,0.43706304572848004
60.0,0.754,-0.05496577309310401,-0.22892216765303797,-0.25133992245985554,0.4302687659344177,0.9449375640656744,-0.22922139226177812,0.7489360111623534,0.42965534160592195
60.0,0.78,-0.05864580777184437,-0.2359453292506519,-0.23879950041813533,0.4228767479747189,0.9412537695535318,-0.2362531034286302,0.7614795114285837,0.4222357773510071
60.0,0.806,-0.06242470238751097,-0.24288563653289175,-0.22707725561753672,0.4155093958035601,0.9374710803972762,-0.24320184807694734,0.7732045695788202,0.4148409174782535
60.0,0.832,-0.06630007081448647,-0.24974118731135758,-0.21611252913430729,0.40819637751488563,0.933591991671405,-0.2500657361759042,0.7841718669398164,0.40750045279061925
60.0,0.858,-0.07026931129805364,-0.2565102168533406,-0.20584909741777135,0.4009615192207418,0.9296190136637709,-0.2568430481467245,0.7944377332646679,0.4002382435294312
60.0,0.884,-0.07432993598441391,-0.26319112246003434,-0.19623481826419598,0.3938238406543999,0.9255547058859727,-0.26353210523667037,0.8040543278971283,0.3930732956357454
60.0,0.91,-0.07847928546116559,-0.2697822641736053,-0.1872213776362752,0.3867983399050656,0.921401658428515,-0.2701313183068103,0.8130698331139223,0.38602055496984894
60.0,0.936,-0.08271484482631195,-0.2762822009323759,-0.1787644939452601,0.3798964687194071,0.9171624803533692,-0.2766392203723017,0.8215287061474271,0.3790915339614567
60.0,0.962,-0.08703388668859885,-0.28268948797706595,-0.17082307750899664,0.3731269948500095,0.9128398082827204,-0.28305441753259797,0.8294719019399337,0.3722949406984201
60.0,0.988,-0.09143384705421541,-0.28900288627529336,-0.16335959288227245,0.3664961806142172,0.9084362960385965,-0.2893756216534132,0.8369371416946796,0.36563710458327464
60.0,1.014,-0.0959119353337857,-0.29522112241882353,-0.1563391737403033,0.3600085020440526,0.9039546121571328,-0.29560163274037815,0.8439591188308081,0.35912244272727467
60.0,1.04,-0.10046560497007084,-0.3013431471315394,-0.1497300318501056,0.353666683079361,0.8993974466013718,-0.30173130684046795,0.8505697754904353,0.352753709978224
60.0,1.066,-0.1050920873929402,-0.3073678877242397,-0.14350272501218128,0.3474722225926865,0.8947674766490845,-0.30776366745235634,0.8567984821245238,0.3465323702540735
60.0,1.092,-0.10978867878344822,-0.3132944346285806,-0.13763019157219109,0.3414255112636632,0.8900674134931584,-0.31369772932486567,0.8626722557066333,0.34045881080361706
60.0,1.118,-0.1145527126869937,-0.31912192803973705,-0.13208772306350208,0.33552598852318694,0.8852999420005404,-0.31953268777118105,0.8682159666197643,0.3345325062804982
60.0,1.144,-0.11938146240099291,-0.3248496194032147,-0.12685234157684683,0.3297724720936367,0.8804677600168456,-0.32526777497179427,0.8734524932151567,0.32875226331501867
60.0,1.17,-0.12427225701742754,-0.33047683959003105,-0.12190297796420577,0.3241631713291431,0.8755735563784799,-0.3309023221791358,0.8784029142700694,0.323116273801981
60.0,1.196,-0.12922248023689695,-0.33600297032801135,-0.11722023141954259,0.3186958390430421,0.8706200080036924,-0.33643575834508127,0.8830866455036323,0.3176222929858812
60.0,1.222,-0.1342293475557099,-0.3414275555604673,-0.11278620287923756,0.31336787966304575,0.8656097929782371,-0.34186756255043216,0.8875215801344554,0.31226772655012963
60.0,1.248,-0.13929031461829466,-0.34675013375526087,-0.10858444593005832,0.30817639635475996,0.8605455650385966,-0.34719732380402085,0.8917242311860545,0.3070496806594959
60.0,1.274,-0.14440260570091382,-0.351970418626881,-0.10459960674166931,0.30311835688862293,0.8554299556488268,-0.35242472360915295,0.8957098257628966,0.30196509976635705
60.0,1.3,-0.14956376432128324,-0.3570880948419393,-0.1008177629349706,0.2981904737944267,0.8502655974505821,-0.3575494752543577,0.8994924420261182,0.29701073062804245
60.0,1.326,-0.1547710327025067,-0.36210303303725244,-0.09722582662255431,0.2933894774793493,0.8450550690766122,-0.36257144015810133,0.9030850774289191,0.29218325902740044
60.0,1.352,-0.16002199127503844,-0.3670150771513276,-0.09381177299845843,0.2887119761067986,0.8398009591635289,-0.36749047921414113,0.9064997536817672,0.28747930913481834
60.0,1.378,-0.16531391529608422,-0.37182426631839466,-0.09056451546921167,0.2841544954292036,0.8345058098601547,-0.3723065680297106,0.909747612283024,0.28289542986105115
60.0,1.404,-0.1706444877016604,-0.37653055068574515,-0.08747371963464529,0.2797136257823469,0.8291721299480105,-0.3770197662967504,0.9128389583295277,0.278428213512628
60.0,1.43,-0.17601109365030912,-0.3811340994249317,-0.08452984844060725,0.27538600241904987,0.8238024108909484,-0.38163017174704017,0.9157833509624075,0.27407424833983746
60.0,1.456,-0.18141126978135894,-0.3856350935571751,-0.08172403201104025,0.27116823900780623,0.8183991001271268,-0.38613797702127206,0.9185896607660564,0.2698301415317643
60.0,1.482,-0.18684264911078616,-0.3900337550562198,-0.07904798773129659,0.2670569875535219,0.8129646204776498,-0.39054340762495526,0.9212661116286434,0.26569260226513586
60.0,1.508,-0.19230282460666026,-0.3943303990930176,-0.07649413800658653,0.2630489675700976,0.807501349596173,-0.39484678106684523,0.9238203582088532,0.26165833911860664
60.0,1.534,-0.197789558291218,-0.39852533980355637,-0.0740553812762717,0.259141026873301,0.8020116332043196,-0.39904845951796336,0.9262595107042542,0.25772416440529006
60.0,1.56,-0.20330036518433817,-0.40261908604576035,-0.07172501947340844,0.25532999377453935,0.7964977773260522,-0.40314886238865427,0.9285901927682408,0.2538869305870339
60.0,1.586,-0.20883307488202524,-0.40661208114553427,-0.06949693120199472,0.2516128818440219,0.7909620375978217,-0.40714849447285667,0.9308185681423329,0.25014359411780585
60.0,1.612,-0.21438547979442207,-0.4105048516517906,-0.0673654180208683,0.24798664182845104,0.7854066352564012,-0.4110478652716748,0.9329503752443917,0.24649120940333366
60.0,1.638,-0.21995533572958137,-0.41429801697826163,-0.06532502746397993,0.2444484569191064,0.7798337520864036,-0.4148475725871381,0.9349909816702554,0.24292687334420485
60.0,1.664,-0.2255406529660196,-0.4179921381855587,-0.06337083661580926,0.24099550269481637,0.7742455124617812,-0.41854827410721773,0.9369453813793193,0.2394478093763692
60.0,1.69,-0.2311391886037178,-0.4215879784431948,-0.06149814268680787,0.2376250877388566,0.7686440193670268,-0.42215061786777475,0.9388182583281969,0.23605127563067765
60.0,1.716,-0.23674888510649422,-0.4250862825552969,-0.0597025998203356,0.23433455247673424,0.7630312971262891,-0.4256553670121533,0.9406139702957774,0.23273467731115607
60.0,1.742,-0.24236794169980488,-0.42848770442670275,-0.05798006304635912,0.23112142053632057,0.7574093565725811,-0.42906327663065247,0.9423366115636629,0.22949545397576754
60.0,1.768,-0.24799423499504045,-0.4317931626613768,-0.056326815021300734,0.22798316315498393,0.7517801330234688,-0.4323751627586084,0.9439900061761322,0.22633115704419568
60.0,1.794,-0.2536258969707027,-0.4350034818005774,-0.05473914056508431,0.22491744527793114,0.7461455419537657,-0.43559186225164337,0.9455777374888207,0.223239413466285
60.0,1.82,-0.25926110414628667,-0.4381195288979586,-0.05321378605413065,0.22192197545848855,0.740507423380676,-0.4387142867726035,0.9471031691534987,0.2202179210310995
60.0,1.846,-0.26489800299301786,-0.4411422613990625,-0.05174753618838887,0.21899455076403676,0.7348675871821152,-0.4417433424897505,0.9485694490551511,0.21726449111203883
60.0,1.872,-0.27053485282584294,-0.4440726194474741,-0.050337483291617045,0.21613301525487058,0.7292277911762508,-0.4446799857401451,0.9499795438255153,0.2143769584100772
60.0,1.898,-0.276170036910881,-0.44691153346740786,-0.04898078544021578,0.21333531343399717,0.723589739996711,-0.4475252031077768,0.9513362235699485,0.21155330505707112
60.0,1.924,-0.2818017412534582,-0.4496600984276133,-0.04767488953627383,0.21059945940976152,0.7179551012562073,-0.4502800022853522,0.9526421128336434,0.2087915029881209
60.0,1.95,-0.28742851255943097,-0.4523192561430202,-0.04641728535554581,0.2079235378567934,0.7123254730385952,-0.45294540774826064,0.9538996698643273,0.20608963575629202
60.0,1.976,-0.2930486263251808,-0.4548901732303658,-0.045205699044430274,0.20530573206660804,0.7067024255408496,-0.45552250252193105,0.9551112017627554,0.2034458887322616
60.0,2.002,-0.2986607132770969,-0.4573738373946039,-0.04403794209727571,0.20274420444748217,0.7010874752899227,-0.45801235823582087,0.9562788946598547,0.20085845480042544
60.0,2.028,-0.3042632064442699,-0.45977140873075467,-0.0429119429070269,0.20023726104524117,0.6954820863908168,-0.4604160690181418,0.9574047974211264,0.1983256387916159
60.0,2.054,-0.3098546684353726,-0.4620840335543405,-0.041825798826171774,0.19778328439228418,0.6898876706465327,-0.46273476723181406,0.958490857984463,0.19584574622743436
60.0,2.08,-0.3154338579334336,-0.4643127579716695,-0.04077763589147569,0.19538061785334215,0.6843055956904845,-0.46496959228021156,0.9595388939986446,0.19341721943577617
60.0,2.106,-0.3209994153311378,-0.46645875290976946,-0.03976575156653911,0.19302774823685068,0.6787372093092156,-0.4671216884369066,0.9605506387005919,0.19103849270772658
60.0,2.132,-0.3265499416516232,-0.4685232673406013,-0.03878851505044341,0.19072320335923978,0.6731837602848523,-0.46919221910968206,0.9615277196692879,0.18870809480529793
60.0,2.158,-0.3320843265849981,-0.47050740204765773,-0.03784439678526874,0.18846554435801138,0.6676465017874602,-0.47118236611172637,0.9624716782588945,0.18642460272296374
60.0,2.184,-0.33760133124625413,-0.4724123745010366,-0.03693193505887002,0.1862533933134418,0.6621265971885406,-0.4730933153890283,0.963383972998224,0.1841866268227927
60.0,2.21,-0.3430997629683694,-0.474239426130606,-0.03604972837790047,0.18408540970968776,0.6566252145348932,-0.4749262695001096,0.9642659841336491,0.18199283089443105
60.0,2.236,-0.3485786274936961,-0.4759896803175052,-0.03519647254709978,0.18196032516640484,0.6511434258526033,-0.47668242692277446,0.9651190193220655,0.17984193484682692
60.0,2.262,-0.35403689512915376,-0.4776643361714617,-0.0343709473449713,0.1798768993409525,0.6456822936035588,-0.47836298996391446,0.9659443126328221,0.17773271600728444
60.0,2.288,-0.3594734848744212,-0.4792646532542636,-0.033572016230425744,0.17783394016730275,0.6402428233268143,-0.47996918163715824,0.9667430393719846,0.17566396094640763
60.0,2.314,-0.3648873566565048,-0.4807919055666832,-0.03279849165512439,0.17583028483347302,0.6348259881741077,-0.48150222728509035,0.9675163142947257,0.17363451862872709
60.0,2.34,-0.3702777576101424,-0.48224717881867574,-0.03204936213954117,0.17386481891782757,0.6294327160076203,-0.482963326221499,0.968265187188034,0.17164330077823456
60.0,2.366,-0.37564364113855114,-0.48363182318043985,-0.03132359893773464,0.17193648888592739,0.6240638857908873,-0.4843537171625109,0.968990663983686,0.16968920827887832
60.0,2.392,-0.3809842482507295,-0.4849469980143297,-0.030620298573804623,0.17004423301914945,0.6187203327538863,-0.48567461071237006,0.9696936954968904,0.1677712189828763
60.0,2.418,-0.3862987604592,-0.48619391343946167,-0.029938514315805412,0.16818709233562193,0.6134028851825768,-0.48692721703564384,0.9703751853814288,0.1658883290042727
60.0,2.444,-0.39158641230589813,-0.48737380297729277,-0.02927739536254983,0.16636408199415784,0.6081123022686484,-0.48811276586461294,0.9710359925470708,0.16403957660252516
60.0,2.47,-0.39684645851629424,-0.48848788182184105,-0.02863613449175911,0.16457424141139737,0.6028493004753986,-0.4892324728597039,0.9716769367052052,0.16222402817495404
60.0,2.496,-0.40207827954832565,-0.48953730211524765,-0.028013950570661143,0.16281671358874725,0.5976145923653945,-0.49028753504228273,0.9722987950510456,0.16044078186209668
60.0,2.522,-0.4072811193612799,-0.4905233537022656,-0.02741010441139531,0.16109062257572618,0.5924088082124677,-0.4912791706875718,0.9729023073455142,0.15868896904577298
60.0,2.548,-0.41245433435907697,-0.4914472493089626,-0.026823883641372524,0.15939509637338856,0.5872325995513155,-0.4922085632132321,0.9734881784535212,0.15696775012074934
60.0,2.574,-0.41759748755150305,-0.492310056211601,-0.026254625142065866,0.15772935672226027,0.5820865456262482,-0.4930769053823027,0.9740570827847993,0.15527631225908653
60.0,2.6,-0.42270983189138256,-0.49311312792467143,-0.02570168051567092,0.15609259086551613,0.5769711764204544,-0.4938853986838941,0.9746096589130647,0.1536138707849972
60.0,2.626,-0.4277910716609783,-0.49385743673161103,-0.02516444424424273,0.15448405876360807,0.5718870534756245,-0.49463519922863275,0.9751465187105479,0.15197966587590314
60.0,2.652,-0.43284052014469654,-0.49454432779598945,-0.024642334771043273,0.15290303842428626,0.5668346358517777,-0.49532749428653183,0.9756682455450858,0.1503729626907982
60.0,2.678,-0.4378577767177379,-0.4951749167270727,-0.024134787971671696,0.1513487905970974,0.5618143938328416,-0.4959634239172118,0.976175394443649,0.14879305354361583
60.0,2.704,-0.4428424569964115,-0.49575029513860064,-0.023641280862204076,0.14982064468011522,0.5568267576230704,-0.49654414071732456,0.9766684971736382,0.14723925033974175
60.0,2.73,-0.4477941295359278,-0.4962716357098764,-0.023161303129231,0.1483179299208384,0.5518721200285421,-0.4970707932889287,0.9771480618306663,0.1457108900739299
60.0,2.756,-0.45271239064821184,-0.49674010459556733,-0.022694369755954225,0.14684000840406242,0.546950863219426,-0.4975444968583561,0.9776145719733853,0.14420732804903597
60.0,2.782,-0.45759694436046455,-0.49715677434691924,-0.022240019808472174,0.14538625670999672,0.542063331033031,-0.49796637742125355,0.9780684923142489,0.1427279407635913
60.0,2.808,-0.46244742722952736,-0.4975227796582045,-0.02179780789667597,0.14395608370391952,0.5372098281971407,-0.4983375346793042,0.9785102655104624,0.14127212919244952
60.0,2.834,-0.4672636883230983,-0.4978390985247816,-0.021367310983123486,0.14254889458544118,0.5323906522714247,-0.4986590704628881,0.9789403158023613,0.13983930563108454
60.0,2.86,-0.47204524015534827,-0.4981070083101484,-0.020948120145461692,0.1411641091712607,0.5276060805880733,-0.498932041427621,0.9793590487731847,0.13842890784273804
60.0,2.886,-0.47679205485757625,-0.49832736944042133,-0.02053985202402676,0.13980120906630755,0.5228563346573437,-0.4991575465143382,0.9797668528790728,0.1370403890387075
60.0,2.912,-0.4815036992861417,-0.4985014496884961,-0.020142131065980125,0.13845963973792186,0.5181416522413723,-0.4993366022507973,0.9801641006005174,0.135673216501185
60.0,2.938,-0.48618019225234754,-0.49863008363982,-0.01975460328418258,0.1371389072573334,0.5134622195512571,-0.4994702870766821,0.9805511480718924,0.1343268769539714
60.0,2.964,-0.49082122572597114,-0.49871442797733895,-0.019376926253892823,0.13583849718462482,0.508818216976969,-0.4995596097081695,0.9809283372684489,0.13300087181525122
60.0,2.99,-0.49542667972930104,-0.4987554521891223,-0.019008772971029195,0.13455793844619238,0.5042097857098798,-0.49960558067074173,0.9812959953070993,0.13169471901186838
60.0,3.016,-0.49999638269964664,-0.4987542143436713,-0.01864982692619093,0.1332967551874465,0.49963707757142756,-0.49960920823133476,0.9816544365829595,0.1304079499395851
60.0,3.042,-0.5045302501459615,-0.4987116536379412,-0.018299790659851673,0.13205449700923527,0.49510019159084806,-0.499571469967864,0.9820039625031247,0.12914010957124197
60.0,3.068,-0.5090282364628983,-0.49862871464729885,-0.017958371407022063,0.13083072456530503,0.4905992239662157,-0.49949334398954437,0.98234486189545,0.12789075839346117
60.0,3.094,-0.5134902931894687,-0.49850630637981447,-0.01762529456131957,0.12962500739128952,0.4861342598601344,-0.4993757831279156,0.9826774126546073,0.12665946926403546
60.0,3.12,-0.5179162286700703,-0.4983455168004916,-0.017300293729359276,0.12843694005807188,0.4817053423434246,-0.49921973474297915,0.9830018813292819,0.1254458257327682
60.0,3.146,-0.522306043529948,-0.49814724369329755,-0.016983111158019086,0.1272660963698819,0.4773125191348205,-0.49902611808884395,0.9833185238608433,0.12424942748132595
60.0,3.172,-0.5266598241740005,-0.49791226101896957,-0.0166734984099632,0.12611210428020395,0.4729558168141369,-0.49879584980895747,0.9836275864902553,0.12306988182589017
60.0,3.198,-0.5309774238258979,-0.49764161392957523,-0.016371227561374126,0.12497459816310896,0.4686352445029199,-0.49852982960562,0.9839293056888273,0.12190680903733854
60.0,3.224,-0.5352588966606823,-0.49733616234853806,-0.016076063201355528,0.12385317880133513,0.46435079980965255,-0.4982289459717617,0.9842239086416735,0.12075984249575664
60.0,3.25,-0.53950428596042,-0.4969967268583384,-0.015787786856604633,0.12274749813571817,0.4601024445911753,-0.4978940670134249,0.9845116142404625,0.11962862366922478
60.0,3.276,-0.543713665852428,-0.4966241283069215,-0.015506194622802122,0.1216572289080794,0.45589017227486556,-0.4975260426814141,0.9847926327563735,0.1185128038983783
60.0,3.302,-0.5478869425001003,-0.49621935568028824,-0.015231077226497818,0.12058199584776176,0.4517139188943562,-0.49712571305355346,0.9850671665419528,0.11741204630335221
60.0,3.328,-0.5520242989007093,-0.4957831025987793,-0.014962246214018829,0.11952151446172059,0.44757361624159325,-0.49669391250095535,0.9853354106708477,0.11632602244498826
60.0,3.354,-0.5561258471357743,-0.4953161442775298,-0.014699509898183194,0.11847543771609585,0.44346921281637075,-0.4962314407604357,0.9855975523808612,0.11525441407048019
60.0,3.38,-0.5601915222053402,-0.49481942141793,-0.014442687628727257,0.11744345328039762,0.43940060691441674,-0.495739092924555,0.9858537728250703,0.11419690989684438
60.0,3.406,-0.5642214654769738,-0.4942936871996539,-0.01419160556268875,0.11642526902186362,0.4353677260486209,-0.4952176604116734,0.9861042456259185,0.11315320898875467
60.0,3.432,-0.5682158120970466,-0.49373966398509384,-0.013946098782748297,0.1154205984890503,0.43137044201831437,-0.4946679047534526,0.9863491386457922,0.11212301927850207
60.0,3.458,-0.5721747158365765,-0.4931580658015866,-0.013706003403136496,0.11442914835400882,0.4274086428196969,-0.49409058594995464,0.9865886138623865,0.11110605237171717
60.0,3.484,-0.5760982559175517,-0.492549692886681,-0.013471162159499441,0.11345063140500722,0.42348222128980795,-0.49348643265637887,0.9868228267291195,0.11010203398863398
60.0,3.51,-0.5799865951253522,-0.49191522102239466,-0.013241428753034076,0.11248480526620125,0.41959102387459796,-0.49285618689121535,0.9870519278454338,0.10911069199436504
60.0,3.536,-0.5838398267288369,-0.4912554186956047,-0.013016653306048445,0.11153136812583601,0.41573491526512574,-0.4922005390610236,0.9872760619465918,0.10813176504886467
60.0,3.562,-0.587658145764874,-0.49057094502801896,-0.012796701017160784,0.11059010117320071,0.4119137377746885,-0.49152020241035715,0.9874953693083882,0.10716499582993101
60.0,3.588,-0.591441663297636,-0.48986254133088525,-0.012581432886528765,0.10966073942628836,0.40812734004818874,-0.49081585944291356,0.9877099844899241,0.1062101379104954
60.0,3.614,-0.5951906690366163,-0.4891307282108739,-0.012370722319389921,0.10874304799595635,0.40437555562911576,-0.49008817116793035,0.9879200378347858,0.10526694898580713
60.0,3.64,-0.5989051962236537,-0.48837631587072955,-0.012164439520664705,0.10783677236335938,0.40065821744934343,-0.48933779415737017,0.9881256557027446,0.10433518918786877
60.0,3.666,-0.6025853908311276,-0.4876000154606866,-0.0119624661375409,0.10694169999387244,0.3969751231060419,-0.48856539011438005,0.9883269590190779,0.10341463317223677
60.0,3.692,-0.6062316458704411,-0.4868021958630526,-0.011764685535142856,0.10605761028633073,0.39332611210857776,-0.4877715632565136,0.9885240655485237,0.10250505469713353
60.0,3.718,-0.60984401843882,-0.48598363039585996,-0.011570979653162623,0.10518426307942977,0.3897109728578138,-0.4869569551873379,0.9887170886254766,0.10160623698198297
60.0,3.744,-0.6134226622932744,-0.4851449795872573,-0.011381242535001597,0.10432147099675704,0.38612951456698974,-0.486122158857581,0.9889061377492147,0.10071796756770796
60.0,3.77,-0.6169678337755026,-0.4842867933975035,-0.011195368826178154,0.10346901420646457,0.38258154250570753,-0.4852677578861283,0.9890913190823559,0.09984003839460363
60.0,3.796,-0.6204798550695778,-0.48340948008774065,-0.011013251850066848,0.10262668985159612,0.37906683717779505,-0.4843943520682865,0.9892727348060159,0.09897224925016553
60.0,3.822,-0.6239587269706329,-0.48251387555156267,-0.010834797855159436,0.10179430990752264,0.3755851921867768,-0.483502500466885,0.9894504844302711,0.0981144009502936
60.0,3.848,-0.6274048042087536,-0.48160037922454374,-0.010659908923209416,0.10097167893559404,0.37213638516927255,-0.48259275405687935,0.9896246635149052,0.09726630395328391
60.0,3.874,-0.6308182668731392,-0.4806695858402064,-0.010488491416218503,0.1001586052275396,0.3687201951295227,-0.48166566022465407,0.9897953647454445,0.0964277715144203
60.0,3.9,-0.6341993796599106,-0.47972196486889185,-0.010320455289110743,0.09935491235408692,0.3653364023781147,-0.48072174536536494,0.9899626782446019,0.09559861799207482
60.0,3.926,-0.6375483232920915,-0.4787580800692858,-0.010155715029465119,0.09856041557552121,0.3619847803845314,-0.47976153900891333,0.9901266903231982,0.0947786709537358
60.0,3.952,-0.6408653150153335,-0.4777785080302673,-0.009994186733624781,0.09777494528816918,0.3586650960116885,-0.47878553899783627,0.990287485470064,0.09396775220460356
60.0,3.978,-0.6441506105812078,-0.47678366503046316,-0.009835789716069026,0.09699834631160514,0.3553771055846125,-0.47779425815362375,0.9904451449954906,0.09316569336934045
60.0,4.004,-0.647404508038114,-0.4757739832270345,-0.00968044247075734,0.09623042181535338,0.3521205885346724,-0.4767881648583066,0.9905997475234839,0.09237233246945306
60.0,4.03,-0.6506271300896991,-0.4747500991851975,-0.009528070541627489,0.09547104527228029,0.3488953014780363,-0.4757677434601896,0.9907513699914705,0.09158750356873292
60.0,4.056,-0.6538188460307425,-0.47371229442986873,-0.009378598012882985,0.09472002640606139,0.34570099133772425,-0.47473345896650104,0.990900085836071,0.09081105405886894
60.0,4.082,-0.6569798710993268,-0.47266107131318574,-0.009231957318489109,0.09397724390485838,0.3425374281428164,-0.473685767121985,0.9910459670870575,0.09004282742931578
60.0,4.108,-0.6601103275965338,-0.47159702696360756,-0.0090880755519859,0.09324252486767348,0.33940436031363985,-0.4726251055019938,0.9911890832023053,0.0892826736366192
60.0,4.134,-0.6632105964814893,-0.4705204093031906,-0.008946884755348801,0.09251573190491234,0.33630153089308984,-0.47155191523278994,0.9913295016023331,0.08853044742299446
60.0,4.16,-0.6662809046954711,-0.4694316902897038,-0.008808322378181726,0.09179671908472098,0.3332287065760382,-0.4704666120801517,0.9914672875114743,0.08778600657064158
60.0,4.186,-0.6693213854723289,-0.46833143823112044,-0.008672323587133136,0.09108535421108517,0.3301856365676482,-0.4693696161630869,0.9916025046271966,0.08704920848512432
60.0,4.212,-0.6723325095468918,-0.46721974992394116,-0.008538826272546466,0.09038148636467461,0.32717206985819236,-0.46826132360211975,0.9917352139977534,0.08631992057154421
60.0,4.238,-0.6753143256083721,-0.466097284787366,-0.008407771183049664,0.0896849987486192,0.32418774603670514,-0.4671421454927898,0.9918654754931984,0.0855980064231914
60.0,4.264,-0.6782671605654895,-0.46496436308981415,-0.008279102216988585,0.08899574537040558,0.3212324174099992,-0.46601245249521,0.9919933469931899,0.08488333796814873
60.0,4.29,-0.6811913113310392,-0.46382127186982663,-0.008152761271682475,0.08831361421798754,0.3183058233944424,-0.4648726250839551,0.9921188844435929,0.08417578850883639
60.0,4.316,-0.6840870102980436,-0.4626684165973924,-0.008028694314363774,0.08763847456036676,0.3154077310934349,-0.46372302554074646,0.9922421427332354,0.0834752293179711
60.0,4.342,-0.6869544026161309,-0.4615063076521131,-0.007906848582500398,0.08697019815483101,0.31253785952843166,-0.46256402639860444,0.9923631742814799,0.08278154522408605
60.0,4.368,-0.6897938839822597,-0.4603350919042008,-0.007787172838021094,0.08630867920647466,0.30969597983036057,-0.46139596589607484,0.9924820309569856,0.0820946121094564
60.0,4.394,-0.6926056887496023,-0.4591551443725779,-0.00766961671550307,0.08565379384275101,0.30688182361416644,-0.4602191871554789,0.9925987623777953,0.08141431595998201
60.0,4.42,-0.6953899635815015,-0.45796694655304787,-0.007554133380695777,0.08500543019794048,0.3040951343418806,-0.4590340267400227,0.9927134171158735,0.08074054425350909
60.0,4.446,-0.6981471110274728,-0.45677061728860374,-0.00744067324886486,0.08436346897131507,0.30133567164584346,-0.45784080439225366,0.9928260421638478,0.08007318417892825
60.0,4.472,-0.700877285123341,-0.4555666236817083,-0.007329191893571274,0.08372782190958906,0.2986031678961149,-0.4566398444019883,0.9929366834401281,0.07941212791665342
60.0,4.498,-0.7035807905797888,-0.4543551743712039,-0.0072196454053348865,0.08309836359015721,0.29589736847592396,-0.4554314492257521,0.9930453852874771,0.07875726911672064
60.0,4.524,-0.706257867353846,-0.45313660036108133,-0.0071119896649034665,0.08247499032132032,0.29321803735765156,-0.4542159261536863,0.9931521910563368,0.07810850295218336
60.0,4.55,-0.7089086754046422,-0.4519113468686342,-0.0070061823532567725,0.08185760969425382,0.29056490945331925,-0.4529935661219405,0.9932571426174047,0.07746572957474282
60.0,4.576,-0.7115336101182099,-0.4506794789086503,-0.006902184909341035,0.08124613060174063,0.28793773172022025,-0.4517646545437583,0.9933602808060822,0.07682884717964146
60.0,4.602,-0.7141328983653304,-0.44944129250932735,-0.00679995442488446,0.08064043585144477,0.2853362662338274,-0.45052947674098487,0.9934616453106164,0.07619776246704602
60.0,4.628,-0.7167067032097049,-0.4481972098015213,-0.006699454119822884,0.08004043797965088,0.2827602435159936,-0.44928829670545933,0.9935612749770795,0.07557237497381357
60.0,4.654,-0.7192553507680992,-0.4469473994006844,-0.006600645842551644,0.07944604195603644,0.2802094303009909,-0.44804139426732476,0.9936592072850358,0.07495259447956774
60.0,4.68,-0.7217789752086657,-0.44569225017763114,-0.006503494409901037,0.07885716341896452,0.2776835713229132,-0.446789008013481,0.9937554784771128,0.07433833055775518
60.0,4.706,-0.7242779913289344,-0.44443179512219766,-0.006407963273643494,0.07827371051728065,0.27518242378191327,-0.4455314073528496,0.9938501246074711,0.0737294909147472
60.0,4.732,-0.7267525357402073,-0.4431664093734286,-0.006314015964536613,0.07769558410010963,0.27270574073750165,-0.4442688312738693,0.9939431799877361,0.07312598999833948
60.0,4.758,-0.7292029387928022,-0.4418962316683688,-0.006221623746283352,0.07712272208639907,0.27025327631984447,-0.4430015140453362,0.994034678290826,0.07252774210861736
60.0,4.784,-0.7316293478220736,-0.44062162995205467,-0.006130748196055015,0.07655501967890034,0.2678247873004614,-0.44172970522199406,0.994124652429641,0.07193466313667574
60.0,4.81,-0.7340320094553853,-0.43934285190675737,-0.006041360524760864,0.07599239987001817,0.26542003143306475,-0.44045361482314377,0.9942131343475062,0.07134666880908216
60.0,4.836,-0.7364112178074961,-0.43805999241963345,-0.005953429887013868,0.07543478715122964,0.2630387691835807,-0.43917346841404586,0.9943001549859257,0.0707636816664525
60.0,4.862,-0.738767211283481,-0.4367732798664507,-0.005866924096429896,0.07488209875212669,0.26068076209422664,-0.43788948707306813,0.9943857448148076,0.07018562064012304
60.0,4.888,-0.7411002328189875,-0.4354829386624071,-0.005781815563561579,0.07433425308136013,0.2583457638884056,-0.43660187238241865,0.9944699329825241,0.06961241146025453
60.0,4.914,-0.7434105041100837,-0.4341891742630201,-0.005698074722269888,0.07379118731009779,0.25603354153054536,-0.43531084180260543,0.9945527484119017,0.06904397452768632
60.0,4.94,-0.7456981753270827,-0.4328923184872441,-0.0056156738690075645,0.07325282248006974,0.25374386941731136,-0.43401658460936127,0.9946342191811705,0.06848023708231012
60.0,4.966,-0.7479636446958376,-0.43159231925619274,-0.005534583980401092,0.07271907277970333,0.2514765051507562,-0.43271929010102533,0.994714372330133,0.06792112796080627
60.0,4.992,-0.7502069777469692,-0.4302896213612372,-0.005454782343860776,0.07218987868053789,0.24923122110897075,-0.431419149192486,0.9947932345612969,0.06736657415967588
60.0,5.018,-0.7524284873433922,-0.4289842849669963,-0.00537623978716336,0.07166517376979928,0.247007783389831,-0.43011635324481207,0.9948708317737722,0.06681650603843257
60.0,5.044,-0.7546284630717625,-0.42767635013427835,-0.00529893211717171,0.07114488416964193,0.24480596875907795,-0.4288110712432503,0.9949471890769904,0.06627085557950864
60.0,5.07,-0.7568069998153351,-0.42636626280527057,-0.00522283500937393,0.0706289455615198,0.24262554322579336,-0.42750348209707156,0.9950223311421003,0.06572955467032762
60.0,5.096,-0.7589644596225955,-0.42505391876414206,-0.00514792344388883,0.07011727855431923,0.24046628637518194,-0.4261937476432189,0.9950962817488724,0.06519254030833126
60.0,5.122,-0.761100918716917,-0.4237397435059342,-0.005074176500033237,0.06960983724707366,0.23832797726141228,-0.4248820403121514,0.9951690645940706,0.0646597441914233
60.0,5.148,-0.7632167619526911,-0.4224236339768846,-0.005001569483270647,0.06910655261809397,0.23621038808379485,-0.42356851434210213,0.9952407023820444,0.06413110486993233
60.0,5.174,-0.765312046243409,-0.4211059954591708,-0.004930079424321841,0.06860735680493568,0.23411330271436584,-0.4222533214235653,0.9953112174007761,0.06360655906572481
60.0,5.2,-0.7673871614244788,-0.41978671638906256,-0.0048596861433269686,0.0681121987728377,0.23203650177658144,-0.4209366189620231,0.9953806309646627,0.06308604861565645
60.0,5.226,-0.7694421620455328,-0.418466191805277,-0.0047903681787958945,0.06762100489225382,0.2299797693542393,-0.4196185473548339,0.995448964773244,0.06256951009478673
60.0,5.252,-0.7714772703315588,-0.41714455664406885,-0.0047221038167738014,0.06713372630796437,0.22794288901657486,-0.4182992575967204,0.9955162392250562,0.062056886920628135
60.0,5.278,-0.7734928651484971,-0.4158216772265497,-0.004654874721156173,0.06665030696800339,0.22592565253345084,-0.4169788751708348,0.9955824743257669,0.06154812243635374
60.0,5.304,-0.7754890010452923,-0.41449793594260875,-0.004588660063580663,0.06617068430689177,0.2239278464484608,-0.4156575450255462,0.9956476900260397,0.061043158188849436
60.0,5.33,-0.7774659708495459,-0.41317331722572864,-0.004523439971589646,0.06569480446178413,0.22194926556348107,-0.41433538693153477,0.9957119052234331,0.06054194084580047
60.0,5.356,-0.7794238531408122,-0.41184820895081403,-0.004459197758923619,0.06522262182610232,0.2199896968836478,-0.4130125352380396,0.9957751388745949,0.06004441354467893
60.0,5.382,-0.7813630708704915,-0.410522307118448,-0.004395913254156293,0.06475406926310298,0.2180489361603672,-0.41168911753083703,0.9958374092395977,0.05955052456928512
60.0,5.408,-0.7832836177362889,-0.4091961207974498,-0.004333570465710015,0.06428910299454044,0.21612678031534485,-0.4103652406777449,0.9958987340797418,0.05906022038666686
60.0,5.434,-0.7851857859826568,-0.4078696164863632,-0.004272150470134003,0.06382766534867615,0.214223037782741,-0.4090410279744465,0.9959591309216171,0.05857345089721698
60.0,5.46,-0.787069841763919,-0.40654274213856734,-0.004211635708003301,0.06336971430304908,0.2123374942829341,-0.40771658874292593,0.9960186166968513,0.05809016592617093
60.0,5.486,-0.7889358670982615,-0.40521586851807834,-0.004152011289045,0.06291519375311443,0.2104699588220397,-0.40639203641102567,0.9960772079730428,0.05761031523886984
60.0,5.512,-0.7907840523470463,-0.40388907121934886,-0.004093259808048327,0.062464056040979786,0.208620234587076,-0.4050674679560909,0.9961349212994403,0.05713384856190267
60.0,5.538,-0.7926146870452067,-0.4025622985144347,-0.004035366369865929,0.06201625417344346,0.20678812650219294,-0.40374299567388067,0.9961917722238289,0.05666072076057848
60.0,5.564,-0.794427903198814,-0.4012357624250878,-0.003978314206457628,0.061571742097292735,0.20497344793804145,-0.40241870830183524,0.9962477763701608,0.05619088318101363
60.0,5.59,-0.7962239657041427,-0.3999093907944125,-0.00392208901605794,0.061130474403228066,0.20317600682562592,-0.4010947134956953,0.996302948910693,0.05572428885371434
60.0,5.616,-0.7980029459468534,-0.3985835325677,-0.0038666757023219965,0.060692406526068686,0.20139560329909817,-0.3997710980789329,0.9963573046080436,0.055260895986013664
60.0,5.642,-0.799765108256778,-0.39725810835569053,-0.0038120600714892155,0.06025748765754451,0.19963207400782063,-0.39844794656357724,0.9964108579246541,0.05480065575919844
60.0,5.668,-0.8015105837480769,-0.39593331682469096,-0.0037582280297096963,0.0598256817821978,0.19788521519944202,-0.39712536239394536,0.9964636229574041,0.054343528024864106
60.0,5.694,-0.8032395690890581,-0.39460921215251815,-0.00370516488381563,0.05939693974612437,0.196154843458066,-0.3958034146068268,0.9965156135437233,0.05388946910159999
60.0,5.72,-0.8049523308104028,-0.39328570528801704,-0.003652859137654811,0.05897122676920107,0.19444079512751883,-0.39448218983551236,0.9965668432977723,0.05343843526647619
60.0,5.746,-0.8066489249016711,-0.39196312293061775,-0.003601295584978431,0.05854849530469681,0.19274287363566794,-0.3931617727197718,0.996617325312004,0.0529903862286794
60.0,5.772,-0.8083296148428616,-0.39064136824211765,-0.0035504617735103803,0.05812870526879709,0.1910609137552983,-0.3918422369450293,0.9966670725560292,0.05254527991901958
60.0,5.798,-0.8099945227688468,-0.38932062061751666,-0.0035003450763939487,0.0577118106291538,0.1893947336041934,-0.39052365213404566,0.9967160976010867,0.05210307770911973
60.0,5.824,-0.8116438395139988,-0.3880009159152507,-0.003450933305348142,0.05729778607962112,0.1877441640854104,-0.3892060918332037,0.9967644126944686,0.051663740927768854
60.0,5.85,-0.8132777559305457,-0.38668228697648155,-0.003402215285662518,0.056886586838392726,0.18610903075040797,-0.3878896311026066,0.9968120302836566,0.051227227400118217
60.0,5.876,-0.8148963908992554,-0.3853649036616397,-0.0033541770945432724,0.056478169157800184,0.18448915640789337,-0.3865743342846169,0.9968589617006895,0.05079350359097058
60.0,5.902,-0.8164999991207308,-0.38404864945084216,-0.00330680977481696,0.05607250280589069,0.18288438989761285,-0.38526026335442265,0.9969052188912687,0.05036252899560699
60.0,5.928,-0.8180886978242273,-0.38273368803715413,-0.003260100235779926,0.055669551833853956,0.18129454821054644,-0.38394747826498526,0.996950812872506,0.049934268271965856
60.0,5.954,-0.8196626059142591,-0.38142018179114473,-0.0032140372049397088,0.055269274447177004,0.17971948051439604,-0.38263604993328987,0.9969957550089226,0.049508684328797174
60.0,5.98,-0.8212219700062797,-0.38010800203246503,-0.0031686109518532803,0.05487163592332479,0.17815901151105726,-0.38132602756089257,0.9970400557196566,0.049085743494613296
60.0,6.006,-0.8227668400105477,-0.37879744830674805,-0.0031238109621111866,0.05447660221327542,0.1766129870272067,-0.3800174658885413,0.9970837260592338,0.04866540687518568
60.0,6.032,-0.8242975280501805,-0.3774882427469353,-0.0030796259683325638,0.054084139928593934,0.17508124964846106,-0.37871042571485164,0.9971267760007441,0.04824764422438382
60.0,6.058,-0.8258140804864768,-0.3761806787015095,-0.0030360458548479158,0.05369421622285012,0.17356363733285723,-0.37740495330433116,0.9971692159263124,0.04783242006310295
60.0,6.084,-0.8273166740580667,-0.3748747592690848,-0.002993061275318332,0.05330679264965655,0.17206000211432718,-0.3761011036169073,0.9972110555971957,0.04741970060714973
60.0,6.11,-0.828805484104144,-0.3735704844328247,-0.0029506628118886767,0.05292184376102367,0.17057017635025315,-0.3747989189650845,0.9972523047649751,0.04700945554195059
60.0,6.136,-0.8302806214646571,-0.3722679968650477,-0.002908839617224339,0.05253933245681575,0.16909402339737917,-0.3734984530240076,0.9972929731269486,0.04660164929867684
60.0,6.162,-0.8317423220870611,-0.37096714516196116,-0.002867583214004743,0.05215922827838217,0.16763137856220722,-0.37219974557130825,0.9973330698324331,0.04619625149805705
60.0,6.188,-0.8331906297631243,-0.36966821185908494,-0.002826885268296067,0.05178150132463682,0.16618209561371766,-0.37090283789109213,0.9973726040783691,0.04579323174582807
60.0,6.214,-0.8346257142634159,-0.3683711859003242,-0.0027867348951851082,0.05140612238998723,0.1647460399284407,-0.36960777577740955,0.9974115847299532,0.04539255787111408
60.0,6.24,-0.8360478097559625,-0.3670759081992359,-0.0027471255630420626,0.051033056687149164,0.16332304478131315,-0.368314598341848,0.997450020541551,0.04499420117045843
60.0,6.266,-0.8374569544384302,-0.36578265340092364,-0.002708046731718853,0.05066227620826305,0.16191298735761006,-0.3670233349323336,0.9974879201682032,0.04459813117547249
60.0,6.292,-0.8388533158140682,-0.36449140325143536,-0.002669491274228539,0.05029374748567543,0.16051570945683474,-0.3657340351514506,0.9975252918936663,0.04420431912996456
60.0,6.318,-0.8402371221249226,-0.36320198955341376,-0.002631450479145521,0.04992745512285209,0.1591310743587643,-0.36444672351451485,0.99756214394063,0.04381273626002545
60.0,6.344,-0.8416084114308888,-0.36191468181576525,-0.0025939168796442003,0.049563355224676586,0.1577589439926557,-0.36316143485010727,0.9975984844713489,0.04342335377430882
60.0,6.37,-0.8429673448183845,-0.36062945314957107,-0.0025568809016062307,0.049201427739968384,0.15639918159589875,-0.36187820298890017,0.9976343212834414,0.04303614459559764
60.0,6.396,-0.8443140227504311,-0.3593464229096997,-0.002520337122602101,0.048841647094294005,0.15505164991992682,-0.36059705663189473,0.9976696621924266,0.04265107988912382
60.0,6.422,-0.8456486658793062,-0.35806541178642876,-0.002484276517917706,0.04848398279761173,0.15371621483755368,-0.35931802771707455,0.9977045145779115,0.04226813427675339
60.0,6.448,-0.8469713724426591,-0.3567865345347653,-0.0024486922074939094,0.04812841045509406,0.15239274624197272,-0.35804113633868706,0.9977388861427031,0.04188727889204082
60.0,6.474,-0.8482822988363304,-0.35550975484700653,-0.0024135760354620766,0.04777489518634058,0.15108110012812442,-0.356766418004372,0.9977727838552939,0.04150849005797038
60.0,6.5,-0.8495814768827573,-0.35423533072606933,-0.002378921937282992,0.047423424696318335,0.1497811632279874,-0.35549388997249715,0.9978062151233147,0.041131740614594764
60.0,6.526,-0.8508691856535562,-0.35296292573169524,-0.00234472202426764,0.0470739651877673,0.14849279069712817,-0.35422357782649144,0.9978391867699604,0.04075700510985181
60.0,6.552,-0.8521453945709132,-0.3516929430592198,-0.0023109699180573835,0.046726494353433685,0.1472158672592616,-0.35295550406823334,0.9978717057270122,0.04038425982883439
60.0,6.578,-0.8534103183921382,-0.3504251901879939,-0.002277659344824336,0.0463809903305935,0.14595026473665965,-0.35168969157199725,0.9979037786038444,0.04001347928747927
60.0,6.604,-0.8546640451474053,-0.34915976867813847,-0.002244783616462943,0.04603742109439573,0.1446958529012007,-0.3504261543662458,0.9979354120749822,0.039644637993115066
60.0,6.63,-0.8559067880842448,-0.34789648167528237,-0.0022123350897933305,0.045695765966047505,0.14345251561090241,-0.34916491941122196,0.9979666126971614,0.039277712181711326
60.0,6.656,-0.8571385125833806,-0.34663572613947335,-0.0021803086421915223,0.04535600457185335,0.142220129595349,-0.34790599286589863,0.9979973865682988,0.03891267980490805
60.0,6.682,-0.8583594889568853,-0.34537715125901564,-0.002148698190443548,0.04501811181290146,0.1409985673096838,-0.3466494013046659,0.9980277399728448,0.03854951881140196
60.0,6.708,-0.8595697414601976,-0.3441210013529977,-0.0021174962005370427,0.04468206323112023,0.13978771895612302,-0.3453951591489746,0.9980576790076493,0.038188201898903595
60.0,6.734,-0.8607694774771573,-0.3428670708838273,-0.002086698387902466,0.044347834777599016,0.1385874649995027,-0.34414327082229484,0.9980872097341663,0.037828710476217976
60.0,6.76,-0.8619586599315245,-0.34161575163915564,-0.0020562979263766675,0.044015413237714525,0.13739769353043899,-0.3428937561095526,0.9981163377984994,0.037471020693240195
60.0,6.786,-0.86313755321116,-0.34036668384908736,-0.002026288702555274,0.043684765443747525,0.1362182786455682,-0.34164663103710796,0.9981450691326802,0.03711511219029979
60.0,6.812,-0.8643062382501258,-0.33911995549349405,-0.001996666407124057,0.043355879001192976,0.13504911360669833,-0.34040190387798774,0.9981734093101161,0.03676096109600412
60.0,6.838,-0.8654647376862414,-0.3378758048691145,-0.0019674245975587457,0.043028726952617176,0.13389009120461814,-0.3391595785770241,0.9982013638371742,0.036408547016578
60.0,6.864,-0.8666132509502351,-0.3366340161941924,-0.0019385579326661813,0.04270328789540177,0.13274108917849675,-0.3379196695638255,0.9982289381361903,0.03605784954644947
60.0,6.89,-0.867751916849192,-0.3353945224228404,-0.001910061385620306,0.042379545822179884,0.13160201008181116,-0.33668218143885037,0.9982561374883434,0.035708848266420054
60.0,6.916,-0.8688807553148996,-0.3341575575356484,-0.0018819290585235754,0.042057480277178684,0.13047273550522936,-0.3354471314621721,0.9982829671374206,0.035361522747651176
60.0,6.942,-0.8699999019630855,-0.33292305114998494,-0.0018541569252662302,0.041737061598630325,0.12935315981917844,-0.3342145140574168,0.9983094322593223,0.035015850806199136
60.0,6.968,-0.8711094352511011,-0.3316910838386766,-0.0018267391895315911,0.041418284888552655,0.12824318595083825,-0.3329843426179664,0.9983355377747944,0.03467181547477494
60.0,6.994,-0.8722095475680336,-0.33046143027085506,-0.0017996710579075528,0.0411011168086153,0.12714269883643084,-0.3317566154053789,0.9983612887182444,0.034329394548801996
60.0,7.02,-0.8733002557590466,-0.3292343194212602,-0.001772947434578067,0.040785548482522575,0.12605160207849136,-0.33053134116980115,0.9983866897793512,0.033988572782348486
60.0,7.046,-0.8743817498220802,-0.32800952255349064,-0.0017465639133225515,0.04047155251849511,0.12496979159495566,-0.32930852286425477,0.9984117458897911,0.03364932620778797
60.0,7.072,-0.8754540464754317,-0.326787266794244,-0.0017205155628430078,0.04015912083845986,0.12389716872001301,-0.3280881571531095,0.9984364615583686,0.033311639558569424
60.0,7.098,-0.8765172744372633,-0.32556747230098637,-0.001694798641030136,0.03984822251052464,0.12283362727623112,-0.3268702523062647,0.998460841403867,0.03297549407586653
60.0,7.124,-0.8775715064813183,-0.32435021141683845,-0.001669407485162851,0.039538845816012545,0.12177907218322573,-0.32565480813362313,0.9984848899090526,0.03264087098945759
60.0,7.15,-0.8786168722826483,-0.32313540252485196,-0.0016443384059313666,0.03923097473619246,0.12073340091878532,-0.32444181883520673,0.9985086115244073,0.03230775152135835
60.0,7.176,-0.8796534971138137,-0.32192296119007735,-0.001619586223006304,0.03892458927216655,0.11969652328542252,-0.3232312912077723,0.9985320104763167,0.03197612036888857
60.0,7.202,-0.8806814498976131,-0.32071295538821243,-0.0015951478849609178,0.038619669917050584,0.11866834450604608,-0.32202321687679053,0.9985550911297368,0.03164595699382895
60.0,7.228,-0.8817008010363913,-0.31950545289280485,-0.0015710187370487068,0.03831620664181292,0.11764876797879643,-0.3208175967968557,0.9985778575943733,0.03131724607719926
60.0,7.254,-0.8827116173285954,-0.3183005194366236,-0.0015471948201894782,0.03801417213934279,0.11663770238240694,-0.31961442592129563,0.9986003139498891,0.030989970548503987
60.0,7.28,-0.883714078730276,-0.3170979124560999,-0.001523670808193768,0.03771355304308125,0.11563504760992929,-0.3184137067539402,0.998622464289259,0.030664111587135483
60.0,7.306,-0.8847082506334258,-0.3158976951675414,-0.0015004449223926328,0.03741434056903257,0.1146407241696723,-0.31721542615208004,0.9986443124583761,0.030339655592750935
60.0,7.332,-0.8856941439249318,-0.3147000848422957,-0.001477511458111162,0.03711650924061188,0.11365463398071637,-0.31601958624065324,0.9986658623726988,0.030016585472405554
60.0,7.358,-0.8866719338692771,-0.3135048342858913,-0.0014548679220989335,0.03682004700207412,0.1126766897437137,-0.31482618126372985,0.9986871178621745,0.02969488412498801
60.0,7.384,-0.8876416854471875,-0.3123120042658286,-0.0014325096012004059,0.03652493385604257,0.11170680254514878,-0.3136351981203412,0.998708082643192,0.029374536185152133
60.0,7.41,-0.888603514245577,-0.3111214985144341,-0.001410433475220424,0.03623115875228868,0.11074488960839596,-0.3124466380906632,0.9987287603952998,0.029055526281197563
60.0,7.436,-0.8895574313043906,-0.3099335315502282,-0.0013886351500999386,0.03593870693049207,0.10979086395056013,-0.3112604879003579,0.9987491547039141,0.028737839033513797
60.0,7.462,-0.8905035515251799,-0.3087480054283108,-0.0013671120310186837,0.03564755995929266,0.10884463669958491,-0.3100767433187799,0.9987692691676117,0.02842145731322297
60.0,7.488,-0.8914420440459464,-0.3075646658343794,-0.0013458598643076318,0.03535770418421193,0.10790612289140523,-0.308895390954643,0.9987891071878585,0.02810636921464144
60.0,7.514,-0.8923728628163652,-0.30638387966921765,-0.0013248755549275068,0.03506912235706142,0.10697524762260363,-0.30771642619370376,0.9988086722824954,0.027792555852198565
60.0,7.54,-0.8932961215355063,-0.30520554622880164,-0.0013041556057567074,0.03478180187533205,0.10605192362221916,-0.30653984098828096,0.9988279677008127,0.027480007051052698
60.0,7.566,-0.8942119844218213,-0.3040294069336061,-0.00128369643581544,0.0344957266422039,0.10513606754333911,-0.3053656183322067,0.9988469968425566,0.027168703912957747
60.0,7.592,-0.8951204588963791,-0.30285567121841545,-0.0012634960211433347,0.03421088899578991,0.1042276006459294,-0.30419375181140573,0.9988657628916214,0.02685863450761107
60.0,7.618,-0.896021601030542,-0.3016843905778787,-0.0012435494088683784,0.03392726607218522,0.10332644268197834,-0.3030242279629645,0.9988842690242525,0.026549785155551526
60.0,7.644,-0.8969155752010294,-0.3005153040346241,-0.001223855131806084,0.033644847365942636,0.10243251552767853,-0.30185703684049964,0.9989025183607,0.0262421421715268
60.0,7.67,-0.8978023846310553,-0.2993486179846027,-0.001204408671939389,0.03336361908804466,0.10154574720118452,-0.30069216671752236,0.9989205140674116,0.02593568837801742
60.0,7.696,-0.8986821367103852,-0.29818422498438135,-0.0011852077898252752,0.0330835641259945,0.10066605490964242,-0.29952960599134437,0.9989382590719625,0.02563041356558577
60.0,7.722,-0.899554940379693,-0.2970220172527325,-0.00116624953805802,0.03280467743254899,0.0997933597668912,-0.2983693344406949,0.9989557563947874,0.025326302289353238
60.0,7.748,-0.9004207966443777,-0.29586219893250265,-0.0011475310544123982,0.03252693926000736,0.09892759589346126,-0.29721135081426014,0.9989730089229943,0.02502334258631817
60.0,7.774,-0.9012798125426125,-0.29470466045296084,-0.001129048670695554,0.032250338130566464,0.09806867822143996,-0.2960556111724996,0.9989900195021008,0.02472152248861708
60.0,7.8,-0.9021320925077122,-0.2935492905694411,-0.001110800344768177,0.03197485936507011,0.09721653411650935,-0.2949021060729508,0.9990067910410302,0.024420824792262572
60.0,7.826,-0.9029776373317104,-0.2923962919244032,-0.0010927830827764749,0.03170049263282436,0.09637110287490155,-0.2937508599091916,0.9990233262136088,0.02412124100693948
60.0,7.852,-0.9038166024092634,-0.2912453944723837,-0.001074994373407667,0.03142722448965132,0.09553230223639705,-0.29260182919248623,0.9990396278114799,0.023822755663078676
60.0,7.878,-0.904649038445392,-0.29009664173655053,-0.0010574312071817027,0.031155042152395885,0.09470006713676508,-0.2914550028908994,0.9990556984989573,0.023525356773747216
60.0,7.904,-0.905474945966584,-0.2889502349169813,-0.0010400906378033607,0.03088393347053252,0.0938743281753072,-0.2903103716975146,0.9990715408589036,0.023229034091307308
60.0,7.93,-0.9062944761982623,-0.28780590056213434,-0.0010229708492990853,0.030613886881815294,0.09305501108729618,-0.289167891421791,0.999087157504011,0.022933773876162664
60.0,7.956,-0.9071076779008267,-0.28666368003683235,-0.0010060688733101132,0.03034488798327871,0.09224204326282064,-0.2880275548713284,0.9991025510272513,0.022639562384891888
60.0,7.982,-0.9079145512821376,-0.28552377315625693,-0.0009893819220992638,0.030076926564865436,0.09143536296803194,-0.28688935164329976,0.9991177238275004,0.02234639110038056
60.0,8.008,-0.9087152940261574,-0.2843857448927816,-0.0009729076736862443,0.029809989565061652,0.09063490916404177,-0.2857532714326663,0.9991326784787897,0.022054244527669326
60.0,8.034,-0.9095098555248939,-0.2832499522384224,-0.0009566444769135759,0.029544068019662088,0.08984060122124148,-0.28461927440269846,0.9991474173013309,0.021763114141650254
60.0,8.06,-0.910298330505596,-0.282116275031054,-0.0009405885460189562,0.029279150241300702,0.08905237985958839,-0.2834873507597694,0.9991619426886842,0.02147298792652108
60.0,8.086,-0.9110808673973055,-0.2809844348500668,-0.0009247391250385497,0.029015221795911216,0.0882701763052536,-0.28235745830757486,0.9991762570313136,0.021183852118714177
60.0,8.112,-0.9118574116002709,-0.27985478651874257,-0.0009090925447406964,0.02875227246361893,0.08749393804144076,-0.2812296217590051,0.999190362556806,0.020895698182273346
60.0,8.138,-0.9126280593848477,-0.27872720875710505,-0.0008936472194821699,0.02849029263298083,0.08672359295710669,-0.28010380086651,0.9992042615518749,0.02060851409032243
60.0,8.164,-0.9133929527884604,-0.27760141937643124,-0.0008784009897098877,0.028229270123472247,0.08595907488869728,-0.27897995445872037,0.9992179562165271,0.020322289556051108
60.0,8.19,-0.9141520384065023,-0.27647777270693835,-0.0008633508628736646,0.027969196779489704,0.08520032361850727,-0.27785807547115604,0.9992314487830822,0.02003701080118948
60.0,8.216,-0.9149054589368648,-0.27535598575664216,-0.0008484960433288106,0.02771005544331657,0.08444727957105032,-0.27673812209268384,0.9992447413389675,0.01975267102059356
60.0,8.242,-0.9156532568194473,-0.2742360928601417,-0.0008338332450859283,0.027451842681590743,0.08369988408744367,-0.27562012250339774,0.9992578360395552,0.01946925642911215
60.0,8.268,-0.9163954757345054,-0.27311812838885374,-0.0008193607835474516,0.027194542982317618,0.08295807431299362,-0.27450400228126187,0.9992707349329772,0.019186758470966535
60.0,8.294,-0.9171321574363546,-0.2720021258055686,-0.0008050762526742291,0.02693814803430758,0.08222178836840066,-0.273389756945742,0.9992834400535859,0.018905166842922837
60.0,8.32,-0.9178634394699617,-0.2708877982186127,-0.000790978607055335,0.026682647132924033,0.08149096524535988,-0.27227734784266316,0.9992959534310849,0.018624469494476076
60.0,8.346,-0.918589268607596,-0.2697754984323448,-0.000777064962480769,0.02642803045724834,0.08076554942235924,-0.27116676958115066,0.9993082770266387,0.018344657860807516
60.0,8.372,-0.9193098278011451,-0.26866477774866254,-0.0007633334243111882,0.026174288973595014,0.0800454907460643,-0.2700580154464992,0.999320412774914,0.018065721629546762
60.0,8.398,-0.9200250622432983,-0.2675559879586656,-0.0007497825028604441,0.025921411455004584,0.07933072136794235,-0.2689510169214939,0.9993323625851946,0.017787650485538833
60.0,8.424,-0.9207351080337168,-0.2664488397279122,-0.0007364102864429454,0.02566938759675251,0.07862118371019484,-0.2678457374711474,0.9993441283644795,0.01751043411129468
60.0,8.45,-0.9214399556592006,-0.2653435234065325,-0.0007232144618594332,0.025418208002418084,0.0779168297021343,-0.2667422053346922,0.9993557119274831,0.017234063406759065
60.0,8.476,-0.9221396919523241,-0.2642399086263813,-0.0007101932132200483,0.02516786414518099,0.07721760314125226,-0.26564038441188337,0.9993671150825664,0.016958528920664184
60.0,8.502,-0.9228344010102185,-0.2631378636762631,-0.0006973455531344677,0.024918345475154344,0.0765234356831604,-0.2645401769915656,0.9993783396428405,0.016683820850729735
60.0,8.528,-0.9235241216426914,-0.2620374176142311,-0.0006846687805508132,0.024669642463787833,0.07583429025150079,-0.2634416426791852,0.9993893873452728,0.016409929740227633
60.0,8.554,-0.9242088906859149,-0.26093859866172425,-0.0006721614722230218,0.024421743691801213,0.07515010435986852,-0.2623447166653303,0.9994002599345994,0.016136846304980076
60.0,8.58,-0.9248887461867775,-0.25984143511401575,-0.0006598219634243639,0.024174644376484287,0.07447082523997164,-0.2612493653599222,0.999410959083096,0.01586456143208585
60.0,8.606,-0.9255637693675167,-0.25874579289920857,-0.0006476488908092607,0.023928335030115305,0.07379640094099175,-0.26015555580872307,0.9994214864856567,0.01559306600703829
60.0,8.632,-0.9262339979891525,-0.2576516995095242,-0.0006356399434414205,0.023682801763796446,0.07312677127609848,-0.25906325824542537,0.9994318437704902,0.01532235073785889
60.0,8.658,-0.9268995126007615,-0.25655901984766283,-0.0006237939129680811,0.02343804000055169,0.07246190335981872,-0.2579724680870684,0.999442032557482,0.015052406853973384
60.0,8.684,-0.9275603474703474,-0.2554677797367931,-0.0006121090619061985,0.023194040719586747,0.07180171742007305,-0.25688309851805663,0.9994520544436976,0.014783225582595086
60.0,8.71,-0.928216493669946,-0.2543781670936117,-0.000600584027125997,0.02295079334225173,0.07114619038253045,-0.25579517581158134,0.999461910994475,0.014514797974158033
60.0,8.736,-0.9288681189254622,-0.2532897213174018,-0.0005892170786446488,0.02270828849132318,0.07049526517052973,-0.25470867223729254,0.9994716037357954,0.014247115425684893
60.0,8.762,-0.9295152138131902,-0.2522026294587336,-0.0005780065976186075,0.022466520549224003,0.06984888281532424,-0.2536234985523638,0.9994811341827075,0.013980169332294779
60.0,8.788,-0.9301577665877584,-0.25111707795108446,-0.0005669512602166792,0.02222547981559346,0.06920700070176389,-0.2525396568312677,0.999490503836997,0.013713951261669546
60.0,8.814,-0.9307959441523439,-0.25003260453101006,-0.0005560493881742687,0.021985157849902966,0.06856956094264274,-0.25145709133675354,0.9994997141461458,0.013448452604573283
60.0,8.84,-0.931429689729576,-0.2489495570798298,-0.000545299664165722,0.021745544929383194,0.06793652675894812,-0.25037580388297637,0.9995087665514918,0.013183665273474579
60.0,8.866,-0.9320591244335156,-0.24786763434056427,-0.0005347008013540801,0.021506632654149444,0.06730784630001119,-0.24929573901540986,0.9995176624887471,0.012919580830183313
60.0,8.892,-0.9326842796986929,-0.24678685898632371,-0.0005242508594331618,0.021268416394388652,0.0666834720578133,-0.24821687214860538,0.9995264033212224,0.012656191182928185
60.0,8.918,-0.9333051860021495,-0.24570725322947642,-0.0005139491847885772,0.021030882971718533,0.06606335071299227,-0.24713912007176916,0.9995349904503986,0.012393488064396677
60.0,8.944,-0.9339218771592073,-0.24462883995458842,-0.0005037939099350469,0.02079403041111975,0.0654474473836222,-0.2460625179811529,0.9995434251922082,0.01213146372810301
60.0,8.97,-0.9345344242329426,-0.24355147734977114,-0.0004937840108452305,0.020557846009185598,0.06483570614348154,-0.24498698554013953,0.9995517088917011,0.01187011007747635
60.0,8.996,-0.9351429008689339,-0.24247502385343522,-0.0004839178327164864,0.020322321075087413,0.06422807969288401,-0.24391247211189723,0.9995598428475163,0.011609419188386197
60.0,9.022,-0.9357472947324927,-0.24139966366872903,-0.00047419422951207465,0.020087453057418863,0.06362453631856824,-0.24283898409621252,0.9995678283466848,0.011349383309605077
60.0,9.048,-0.9363476782373691,-0.24032525440746907,-0.0004646118093177401,0.019853229260094488,0.06302500721532397,-0.241766418886497,0.9995756666418905,0.011089994862578108
60.0,9.074,-0.9369440803185084,-0.23925181634970197,-0.00045516972142729904,0.0196196455546074,0.062429473732618285,-0.2406948111848093,0.9995833589804329,0.01083124591834597
60.0,9.1,-0.9375365705051385,-0.2381792057119795,-0.00044586629437059626,0.01938669258352416,0.06183787326503838,-0.23962405959138228,0.9995909065830891,0.01057312906973466
60.0,9.126,-0.9381251784548946,-0.2371074424264077,-0.0004367005784955343,0.01915436272054992,0.06125017708785313,-0.23855417355600247,0.9995983106405308,0.010315636733437055
60.0,9.152,-0.9387099317685825,-0.2360365457226883,-0.0004276712630109223,0.01892264788865812,0.06066632473266749,-0.23748505435012268,0.9996055723441585,0.01005876149932811
60.0,9.178,-0.9392909412451164,-0.23496620707770968,-0.00041877707350158644,0.018691541809194495,0.060086282089496776,-0.23641668590822426,0.9996126928420489,0.009802495955555855
60.0,9.204,-0.9398681519168065,-0.23389677289110533,-0.0004100167223070168,0.01846103784751281,0.05951000467724089,-0.23534902672667415,0.9996196732833669,0.009546832863507698
60.0,9.23,-0.9404416707845872,-0.2328279331341057,-0.00040138981950227695,0.01823112699587535,0.05893745571902624,-0.2342820633438954,0.9996265147857282,0.00929176498302859
60.0,9.256,-0.9410115268813958,-0.23175970638578322,-0.0003928944423754656,0.018001804381397788,0.058368580344364394,-0.23321567343832575,0.9996332184598354,0.00903728489820476
60.0,9.282,-0.9415777439201314,-0.2306921097465372,-0.00038452984275184833,0.01777306085273276,0.057803346332328046,-0.23214987397029668,0.99963978538015,0.008783385715050879
60.0,9.308,-0.9421404301926205,-0.22962483237911013,-0.0003762946715813898,0.017544889443498628,0.05724171019486971,-0.23108460013269316,0.9996462166260781,0.008530060363980957
60.0,9.334,-0.9426995297769938,-0.22855821985889457,-0.0003681881826161696,0.01731728331596912,0.056683636026537344,-0.23001981519469492,0.9996525132357547,0.008277301599421163
60.0,9.36,-0.9432551482330227,-0.22749196015911013,-0.0003602093412500381,0.017090237843427312,0.05612907178813183,-0.2289554317881753,0.9996586762448935,0.008025102872598458
60.0,9.386,-0.9438072700775009,-0.22642623426192068,-0.0003523566793893663,0.01686374280573641,0.055577982016721705,-0.22789144426784672,0.9996647066755427,0.007773456935587014
60.0,9.412,-0.9443560379881012,-0.22536056412410613,-0.00034462969023889495,0.01663779242377169,0.05503033111186682,-0.22682779241041234,0.9996706055132316,0.007522357237031978
60.0,9.438,-0.9449013587021072,-0.2242954601897368,-0.00033702725182678794,0.016412381439939738,0.05448607024871121,-0.22576439352819272,0.9996763737397854,0.00727179670104458
60.0,9.464,-0.9454434129130518,-0.22323027858256114,-0.0003295481570102387,0.01618750146500088,0.05394517446896317,-0.22470124363842978,0.9996820123241273,0.007021768948541945
60.0,9.49,-0.9459821048190196,-0.22216552901846928,-0.00032219147602068423,0.015963144991334013,0.05340758298779064,-0.22363823917047126,0.9996875222084425,0.006772267075774813
60.0,9.516,-0.9465175757310557,-0.2211007318040503,-0.000314956574074734,0.015739307287243112,0.052873270499910474,-0.222575352186696,0.9996929043363936,0.006523284526976174
60.0,9.542,-0.9470498079291014,-0.22003606640817158,-0.0003078422053599313,0.015515982791866556,0.05234219856930851,-0.22151253220323433,0.9996981596086478,0.006274814919599459
60.0,9.568,-0.9475788631296351,-0.21897138230207755,-0.00030084755533487875,0.015293161777528418,0.051814319956701944,-0.2204497058031576,0.9997032889208102,0.006026851521142605
60.0,9.594,-0.9481047621708719,-0.21790669344663288,-0.00029397162834474453,0.015070841235583459,0.05128960612725976,-0.21938682413644928,0.9997082931820073,0.00577938794721197
60.0,9.62,-0.9486276038417838,-0.2168416830645573,-0.0002872137685289309,0.014849010871751748,0.05076801794791749,-0.21832384262521443,0.9997131732367167,0.005532417812102657
60.0,9.646,-0.9491473316039684,-0.21577669542360103,-0.000280572878019728,0.014627667306112731,0.05024950955028848,-0.21726066729165386,0.9997179299559512,0.005285934903851405
60.0,9.672,-0.949664043653504,-0.21471141317114265,-0.00027404826062916315,0.014406803783543976,0.04973405172222103,-0.2161972555893737,0.9997225641595758,0.005039932660349477
60.0,9.698,-0.9501777589175665,-0.21364584905996126,-0.0002676389133794898,0.014186413898787333,0.04922159918602274,-0.21513354435491844,0.9997270766931297,0.004794404867729716
60.0,9.724,-0.950688534588861,-0.21257985006799107,-0.0002613440065664733,0.013966490163459461,0.048712122919837404,-0.2140694689797864,0.9997314683485095,0.004549345485490156
60.0,9.75,-0.9511963533540371,-0.21151359475060652,-0.0002551629300360224,0.013747027478899419,0.04820558002972397,-0.2130049703185044,0.9997357399347739,0.004304748297888403
60.0,9.776,-0.9517013456335142,-0.21044659750755285,-0.00024909474384681655,0.013528020080203792,0.04770193820659218,-0.21193996345038585,0.9997398922312094,0.004060607088220506
60.0,9.802,-0.9522034569636908,-0.2093792025427692,-0.00024313866819591546,0.013309461824916128,0.04720115705257312,-0.21087439361444163,0.9997439259975354,0.0038169159878796983
60.0,9.828,-0.9527027776742475,-0.20831108907600315,-0.00023729384169103097,0.013091346489943145,0.0467031993655356,-0.20980818222025482,0.9997478419883615,0.0035736687784727918
60.0,9.854,-0.9531993276168101,-0.20724226899289627,-0.00023155952487520653,0.012873666571932403,0.04620803290022587,-0.20874125238791802,0.9997516409625563,0.0033308594153301607
60.0,9.88,-0.9536931223191977,-0.20617275313456196,-0.00022593516768072027,0.012656418064788868,0.04571562102234622,-0.20767355609238422,0.9997553236259336,0.0030884820273270495
60.0,9.906,-0.954184217558983,-0.20510238667449943,-0.00022041985317877792,0.01243959476340257,0.04522592870402276,-0.20660499732543616,0.9997588906890408,0.0028465309171158614
60.0,9.932,-0.9546726651355671,-0.20403101364502904,-0.00021501301696204132,0.012223191583739051,0.04473891671937513,-0.205535509129584,0.9997623428807235,0.0026049998631885807
60.0,9.958,-0.9551584807356277,-0.202958644367801,-0.0002097137124611355,0.012007200687856401,0.044254552847249266,-0.20446500114230215,0.9997656808640579,0.0023638833411028463
60.0,9.984,-0.9556417164390546,-0.20188512253035354,-0.00020452133078884593,0.011791616170537518,0.04377279559178135,-0.20339338834116646,0.9997689053200116,0.0021231754767875397
60.0,10.01,-0.9561223885866174,-0.20081045827870578,-0.00019943538743391717,0.011576435640010332,0.04329362061477369,-0.20232060967945312,0.999772016911858,0.0018828703954392944
60.0,10.036,-0.9566005473355088,-0.19973449449225614,-0.0001944549058334602,0.01136164856415336,0.04281698429822919,-0.20124656257155504,0.999775016284541,0.001642962622880514
60.0,10.062,-0.9570762074735085,-0.19865724068594784,-0.0001895795237751319,0.011147254154630037,0.042342853154521104,-0.20017117018798186,0.9997779040893009,0.0014034463003962014
60.0,10.088,-0.9575494183254633,-0.19757853917946558,-0.00018480836457589588,0.010933243356148903,0.04187119861892578,-0.19909435796000607,0.9997806809479539,0.0011643158303129388
60.0,10.114,-0.9580201953223849,-0.19649839932448415,-0.0001801408306381477,0.01071961125585153,0.041401980491748744,-0.19801600947392048,0.9997833474649473,0.0009255656492053685
60.0,10.14,-0.9584886188510248,-0.19541649514772044,-0.00017557630360319924,0.010506352438873337,0.04093516168984921,-0.19693603569549062,0.9997859042504783,0.0006871901755855606
60.0,10.166,-0.9589546682870471,-0.19433300252040156,-0.00017111433712850953,0.01029346283891964,0.040470713645513696,-0.1958543496459805,0.9997883518974426,0.00044918387968504505
60.0,10.192,-0.9594184260992729,-0.19324759544460485,-0.0001667540048640472,0.010080934474722435,0.04000860129258053,-0.19477084615929036,0.9997906909700094,0.0002115412660249165
60.0,10.218,-0.9598799040019768,-0.1921602818240735,-0.00016249510424476313,0.009868764510345218,0.039548792511402794,-0.19368544706904378,0.9997929220497255,-2.574311782508159e-05
60.0,10.244,-0.960339112645658,-0.1910710692841781,-0.00015833672302467168,0.009656945520450143,0.039091246658074265,-0.19259801049085806,0.9997950456780212,-0.0002626747248750005
60.0,10.27,-0.9607961323541516,-0.1899796306716336,-0.00015427854324072138,0.009445472235946445,0.03863593523958843,-0.1915084663871349,0.9997970624138273,-0.0004992589214463061
60.0,10.296,-0.9612509727162357,-0.18888597301647353,-0.0001503197588401078,0.009234340130563803,0.038182821469883034,-0.19041668178665466,0.9997989727875632,-0.0007355011093055328
60.0,10.322,-0.9617036772378736,-0.18778993566617178,-0.0001464600041647545,0.009023543202702553,0.03773187170108609,-0.1893225512221437,0.9998007773127359,-0.0009714066122175652
60.0,10.348,-0.9621542572183968,-0.18669152574094902,-0.00014269870126744057,0.00881307726673868,0.03728305751147153,-0.1882259731012476,0.9998024765089759,-0.0012069807544763523
60.0,10.374,-0.9626027865595819,-0.18559041386348266,-0.00013903526249269227,0.008602934982778646,0.03683634481238284,-0.18712682949844675,0.9998040708791349,-0.0014422287910787685
60.0,10.4,-0.9630492432739692,-0.18448677466057528,-0.00013546930418650063,0.00839311332150664,0.03639168998600625,-0.1860249653440913,0.9998055608977565,-0.0016771559774838986
60.0,10.426,-0.9634937297627391,-0.18338010952434253,-0.00013200016661906252,0.008183605995562337,0.035949074068787744,-0.1849202936104896,0.9998069470686465,-0.00191176756968928
60.0,10.452,-0.9639361926154199,-0.18227076112535595,-0.00012862749695568683,0.007974407235895653,0.03550845556478265,-0.18381269268241765,0.9998082298332541,-0.002146068614667688
60.0,10.478,-0.964376765267349,-0.18115806196526515,-0.00012535074706304658,0.007765512564523792,0.03506980244911268,-0.18270197968714183,0.9998094096731572,-0.002380064526387318
60.0,10.504,-0.9648153917431758,-0.18004235404690533,-0.0001221694880679618,0.007556917033813015,0.034633082191477746,-0.18158806626149515,0.9998104870195716,-0.002613760317821213
60.0,10.53,-0.9652521737840436,-0.17892313759806167,-0.0001190830539624,0.007348615684625495,0.034198261303716525,-0.18047078359113133,0.9998114623327713,-0.0028471611769643294
60.0,10.556,-0.9656870833372271,-0.17780058545045138,-0.00011609132765935102,0.007140602559557105,0.0337653073337752,-0.17935001317277574,0.9998123360114252,-0.003080271943084179
60.0,10.582,-0.9661202209312564,-0.1766741970456947,-0.00011319360674121497,0.006932872638039413,0.03333419194129951,-0.17822559986952274,0.9998131084937256,-0.003313097979490905
60.0,10.608,-0.966551558852307,-0.17554414504601637,-0.000110389497994289,0.006725422242762589,0.03290487631021656,-0.17709737717902335,0.9998137801908217,-0.0035456443008397127
60.0,10.634,-0.9669811614970093,-0.17441009607416405,-0.00010767864749158728,0.0065182445376620836,0.0324773276798247,-0.17596518579437462,0.9998143514865802,-0.0037779157475972148
60.0,10.66,-0.9674090647745136,-0.17327188556718381,-0.00010506064740777856,0.0063113357839023965,0.03205151984919453,-0.174828894363976,0.9998148227709348,-0.004009917335148036
60.0,10.686,-0.9678352681822654,-0.1721295165488134,-0.00010253497454498565,0.006104690483272622,0.03162741469096598,-0.17368829888714848,0.9998151944396968,-0.004241654253802767
60.0,10.712,-0.968259836460783,-0.1709826550241987,-0.00010010130962196157,0.005898303503497475,0.031204981634188545,-0.17254324511397695,0.9998154668391538,-0.004473131345046019
60.0,10.738,-0.968682797520606,-0.16983113445416867,-9.775931542188307e-05,0.005692169973825981,0.03078418904446227,-0.17139354723128064,0.999815640345421,-0.004704353450857454
60.0,10.764,-0.969104211227335,-0.1686746194336585,-9.550850613695561e-05,0.005486286100037026,0.03036500561774884,-0.17023902952755804,0.9998157153060371,-0.004935325587962808
60.0,10.79,-0.9695240480920294,-0.16751328158462575,-9.334864006425931e-05,0.005280645377305765,0.02994739354377142,-0.1690794874754125,0.9998156920636996,-0.005166052773419921
60.0,10.816,-0.9699423933049921,-0.16634661526493374,-9.127918116060921e-05,0.005075243357066056,0.029531328036891444,-0.1679147455366267,0.99981557094759,-0.005396539501048736
60.0,10.842,-0.9703592442019966,-0.16517462221166376,-8.929995251677989e-05,0.0048700761472120525,0.029116778061506723,-0.16674460055706256,0.9998153522671158,-0.005626790962917871
60.0,10.868,-0.9707746266950684,-0.16399713471188973,-8.741048063832149e-05,0.004665137285971967,0.02870370356062709,-0.1655688040785129,0.9998150363643162,-0.005856811828090443
60.0,10.894,-0.9711886215382391,-0.16281364554921948,-8.561047895600978e-05,0.00446042376445905,0.028292081503590145,-0.16438717697912686,0.9998146235170772,-0.006086607114601413
60.0,10.92,-0.9716012505229598,-0.1616239857843487,-8.389963317551735e-05,0.004255929521938277,0.02788187400643161,-0.16319947748402944,0.9998141140363404,-0.0063161813174647365
60.0,10.946,-0.9720125076523181,-0.16042815601626648,-8.227766980931967e-05,0.004051649988680128,0.02747305655738296,-0.16200549525071528,0.9998135082023053,-0.0065455394553346315
60.0,10.972,-0.972422441312949,-0.15922581720930234,-8.074419384326337e-05,0.003847580273321219,0.027065590402788612,-0.1608049411823718,0.999812806291591,-0.00677468637262741
60.0,10.998,-0.9728310958845509,-0.1580166293867667,-7.92990129595843e-05,0.0036437164659076657,0.026659454174920744,-0.15959761585882393,0.9998120085786687,-0.007003626565016701
60.0,11.024,-0.9732384910678351,-0.1568004225945426,-7.79416716856204e-05,0.003440052790067839,0.02625460714150175,-0.15838322543781702,0.9998111153197108,-0.00723236487734641
60.0,11.05,-0.9736446682760797,-0.15557685593268708,-7.667203347029448e-05,0.0032365850676323734,0.025851025536395067,-0.15716152884360177,0.9998101267676184,-0.007460905980197582
60.0,11.076,-0.9740496412692246,-0.15434575812814577,-7.548979529884812e-05,0.0030333082705115383,0.025448678585639654,-0.15593221134224225,0.9998090431580356,-0.007689254718794928
60.0,11.102,-0.9744534484116654,-0.15310678738326136,-7.439466365594444e-05,0.002830218170719764,0.025047533473767425,-0.1546950155536339,0.9998078647349444,-0.007917415764171288
60.0,11.128,-0.9748561284308463,-0.15185960170261392,-7.338634564801839e-05,0.0026273095652758903,0.024647565106185876,-0.1534496297096603,0.9998065917264292,-0.008145393787488475
60.0,11.154,-0.975257714779658,-0.1506038580157465,-7.246466072697497e-05,0.0024245780359527006,0.024248740880262475,-0.15219574723898313,0.9998052243231261,-0.008373193285327577
60.0,11.18,-0.9756582412164392,-0.14933921306253636,-7.162937745710432e-05,0.0022220189793894034,0.023851034219846527,-0.15093302987131987,0.9998037627660116,-0.008600819103934324
60.0,11.206,-0.9760576844757377,-0.14806566323873582,-7.088020014763252e-05,0.0020196278598317327,0.02345441988701326,-0.14966116386814637,0.9998022072355294,-0.008828275914765664
60.0,11.232,-0.9764561502944561,-0.14678235302717288,-7.021691146731592e-05,0.0018173994758065427,0.023058863429842723,-0.14837977435798777,0.999800557932371,-0.009055568215150639
60.0,11.258,-0.9768536138467189,-0.14548927818797894,-6.96393609944917e-05,0.0016153297198400233,0.022664343045106405,-0.14708849539103513,0.9997988150267795,-0.009282700851379307
60.0,11.284,-0.9772501221675856,-0.1441859223278128,-6.914725417846058e-05,0.0014134138924140668,0.022270831553803338,-0.14578697378365915,0.9997969787009908,-0.00950967814650988
60.0,11.31,-0.9776456943404226,-0.1428719389065461,-6.8740466602543e-05,0.001211647116750988,0.02187830455144619,-0.14447480080970423,0.9997950491298275,-0.009736504772755693
60.0,11.336,-0.9780403473025584,-0.14154698088745907,-6.841874913822294e-05,0.0010100250945255058,0.021486733536567996,-0.1431515512347974,0.9997930264492563,-0.00996318540213965
60.0,11.362,-0.9784341202787646,-0.1402105299727396,-6.818193869176148e-05,0.0008085430983597728,0.021096098978025828,-0.14181681744638405,0.9997909108254583,-0.010189724707154364
60.0,11.388,-0.9788270480899329,-0.13886206692684777,-6.802987723648119e-05,0.0006071965700254247,0.020706375854947976,-0.14047014667414265,0.9997887023991004,-0.010416127185701025
60.0,11.414,-0.9792191598487101,-0.13750107141712273,-6.796236821708695e-05,0.0004059809288602381,0.02031754438038799,-0.13911106020246375,0.9997864013067034,-0.010642397335801487
60.0,11.44,-0.9796104346433412,-0.13612736444056722,-6.797926597638016e-05,0.00020489154491075282,0.01992958307726828,-0.13773909049661717,0.9997840076557292,-0.010868539829838856
60.0,11.466,-0.9800009191067124,-0.13474025346866336,-6.808039713099375e-05,3.923941171093917e-06,0.01954247483282148,-0.13635370231083777,0.9997815215858157,-0.01109455916617398
60.0,11.492,-0.9803906544719145,-0.1333390448506042,-6.826562276409778e-05,-0.00019692646634373513,0.01915619983395838,-0.1349543952059879,0.9997789431864299,-0.011320459842764268
60.0,11.518,-0.9807796070602638,-0.13192355731866467,-6.853484543617588e-05,-0.00039766426254051834,0.018770744392799927,-0.13354059390753772,0.9997762725639212,-0.011546246532398795
60.0,11.544,-0.9811678314632041,-0.13049292431576245,-6.88878869389782e-05,-0.0005982938925173915,0.018386096534661247,-0.13211171842823308,0.9997735098109073,-0.011771923733324216
60.0,11.57,-0.9815553298782788,-0.12904662048048068,-6.932464344586216e-05,-0.0007988200349988104,0.018002240356913578,-0.13066715831502326,0.9997706550158929,-0.011997495943860821
60.0,11.596,-0.9819421215515554,-0.12758394823163452,-6.984500583007737e-05,-0.0009992471577946803,0.017619168641793127,-0.12920627686731254,0.9997677082381202,-0.012222967836609212
60.0,11.622,-0.9823281969286256,-0.1261043802909292,-7.044885950806653e-05,-0.0011995798274029087,0.01723687684585487,-0.12772841810657998,0.9997646695736194,-0.012448343561166579
60.0,11.648,-0.9827135840843515,-0.12460704549759032,-7.113609348974227e-05,-0.0013998224299084968,0.016855360510801432,-0.12623286899589523,0.9997615390690454,-0.012673628139224421
60.0,11.674,-0.9830982598232983,-0.1230914144664887,-7.190664490223911e-05,-0.0015999797926195235,0.01647461840620944,-0.12471889735308707,0.9997583167662324,-0.012898825719901204
60.0,11.7,-0.9834822579334828,-0.12155644199736132,-7.276042686262789e-05,-0.0018000561333260086,0.016094656158716497,-0.12318574446207144,0.9997550027193871,-0.013123940976113763
60.0,11.726,-0.9838655392350271,-0.12000159639195601,-7.369732696766434e-05,-0.0020000560599888655,0.015715481917671987,-0.12163259156149811,0.9997515969577807,-0.013348978406017398
60.0,11.752,-0.9842480982716365,-0.11842600150797654,-7.471730138824162e-05,-0.0021999842583216287,0.015337103530238256,-0.12005858590411951,0.9997480995181118,-0.013573942507936428
60.0,11.778,-0.984629960864644,-0.11682843618820801,-7.582033183480566e-05,-0.0023998450851363613,0.014959543127556586,-0.11846283603479693,0.9997445104190801,-0.013798837954543536
60.0,11.804,-0.9850110590876687,-0.11520836498013483,-7.700628493460946e-05,-0.002599642908214675,0.014582818469047291,-0.1168443991228878,0.9997408296594738,-0.014023668894727205
60.0,11.83,-0.9853913956271858,-0.11356456369597566,-7.82751568398338e-05,-0.00279938279959479,0.01420695989141787,-0.11520227987618598,0.9997370572589046,-0.014248440175800828
60.0,11.856,-0.9857709397313246,-0.11189597833766043,-7.962690909267425e-05,-0.002999068462991013,0.013832003876525304,-0.1135354473044775,0.9997331932031212,-0.014473156295606212
60.0,11.882,-0.9861496274739233,-0.11020172539245308,-8.106153932090987e-05,-0.003198705368994848,0.0134579950786621,-0.1118427855230799,0.9997292374878789,-0.014697821577639748
60.0,11.908,-0.9865274386007549,-0.1084804035010924,-8.257900907738569e-05,-0.003398297244655861,0.01308498206442788,-0.11012314191096077,0.9997251900767957,-0.014922440694004177
60.0,11.934,-0.9869043166311113,-0.10673078147987525,-8.417925721621147e-05,-0.0035978488219674983,0.012713025754910798,-0.10837528334058849,0.9997210509549325,-0.015147018142616332
60.0,11.96,-0.9872801689876726,-0.10495179863613023,-8.586227920165574e-05,-0.0037973651476689973,0.01234219852088878,-0.10659791021579453,0.9997168200944607,-0.015371558246701441
60.0,11.986,-0.9876549399877819,-0.10314187566829083,-8.762816270607223e-05,-0.003996849982482939,0.011972585797858216,-0.10478966006241679,0.9997124974209547,-0.015596065852351699
60.0,12.012,-0.9880285337224901,-0.10129960345076279,-8.947679895216843e-05,-0.004196308361836468,0.011604280656978218,-0.10294906736017181,0.9997080829099383,-0.015820545282855064
60.0,12.038,-0.9884008320762783,-0.09942357094781834,-9.14083590325187e-05,-0.004395744802292524,0.011237397517664668,-0.10107461257394361,0.9997035764813968,-0.016045001209682403
60.0,12.064,-0.9887717439393998,-0.09751184751443809,-9.342274106040083e-05,-0.004595163449013503,0.01087206015712524,-0.09916464688950219,0.9996989780654527,-0.0162694381299192
60.0,12.09,-0.9891410818284063,-0.09556319047356701,-9.551996541441485e-05,-0.004794569626156062,0.010508415550600182,-0.09721745355312628,0.9996942876025615,-0.016493860366278215
60.0,12.116,-0.9895087463849752,-0.09357514676087857,-9.770016698190705e-05,-0.0049939668576210695,0.010146631477306602,-0.09523118936215595,0.9996895049975097,-0.01671827276444992
60.0,12.142,-0.9898745045385134,-0.09154629675648926,-9.996326339672909e-05,-0.005193361004944234,0.009786893236281345,-0.09320388553146701,0.9996846301451222,-0.016942679820865565
60.0,12.168,-0.9902381695222809,-0.08947435520632539,-0.00010230945587728556,-0.005392755217503621,0.009429418756147253,-0.09113348934552253,0.99967966295919,-0.01716708603223538
60.0,12.194,-0.9905995124040311,-0.08735703419354005,-0.00010473876732651778,-0.005592154848332283,0.00907445085686093,-0.08901777020498208,0.9996746033264332,-0.017391495894769318
60.0,12.22,-0.990958274779847,-0.08519187045371225,-0.00010725112414444853,-0.00579156447284497,0.00872226261775262,-0.08685436379875551,0.999669451120296,-0.01761591442797839
60.0,12.246,-0.9913141188839865,-0.08297674423914667,-0.00010984682813498206,-0.005990988841200465,0.008373169879917217,-0.08464075962026497,0.9996642062262151,-0.0178403450807595
60.0,12.272,-0.9916667269760139,-0.08070866871560463,-0.00011252577236793218,-0.006190431363948908,0.008027524349530215,-0.08237426704256946,0.9996588684812707,-0.018064794442617185
60.0,12.298,-0.9920157049317709,-0.07838482757165931,-0.00011528819150108796,-0.00638989872646069,0.007685724981473191,-0.08005200398873492,0.9996534377944789,-0.018289264217434667
60.0,12.324,-0.9923606184642484,-0.07600205606925618,-0.00011813422716137316,-0.006589393872752596,0.007348227091293462,-0.07767089591709606,0.9996479139648624,-0.01851376134293529
60.0,12.35,-0.9927009578851287,-0.07355718745013665,-0.00012106372043338991,-0.0067889218328208425,0.0070155377203691095,-0.07522763270423918,0.999642296829408,-0.018738291012132598
60.0,12.376,-0.9930361566161131,-0.0710467068724523,-0.00012407697850051017,-0.006988487798982319,0.006688237471716213,-0.07271866954963277,0.9996365862635941,-0.01896285492803668
60.0,12.402,-0.9933655907597525,-0.0684665780763389,-0.00012717427212670615,-0.007188095515760835,0.006366980147955535,-0.07014021055945928,0.9996307820523939,-0.01918746002781159
60.0,12.428,-0.9936885183189106,-0.065812937108796,-0.00013035541761516694,-0.007387750229698983,0.006052507054794283,-0.06748815902110869,0.9996248839968976,-0.0194121115034871
60.0,12.454,-0.9940041267277502,-0.06308122615676329,-0.00013362076791092445,-0.007587457383132224,0.005745657479006224,-0.0647580981538223,0.9996188919735609,-0.019636811057779514
60.0,12.48,-0.9943114698905702,-0.06026688779597549,-0.00013697041968320205,-0.0077872197421082,0.005447382007945454,-0.061945272289980875,0.9996128056725924,-0.019861567370983397
60.0,12.506,-0.9946095050553514,-0.05736449847461813,-0.0001404045498195294,-0.007987043632674787,0.005158760741841,-0.05904455766743671,0.999606624986182,-0.020086380400537028
60.0,12.532,-0.9948970184542999,-0.054368637256851066,-0.00014392313496353816,-0.008186933307766353,0.004881020092440943,-0.0560503977361142,0.9996003495938334,-0.020311260571574237
60.0,12.558,-0.9951726339356299,-0.05127336688441629,-0.00014752677926514583,-0.008386892415482702,0.004615554450812924,-0.05295677241351385,0.999593979382014,-0.020536206095813567
60.0,12.584,-0.9954347936809493,-0.048072061994539145,-0.00015121529251313487,-0.00858692798973496,0.004363951789293802,-0.04975716860250184,0.9995875139966337,-0.020761227397391106
60.0,12.61,-0.9956817081253148,-0.04475775903387231,-0.00015498890548257054,-0.00878704303845752,0.004128022471195736,-0.04644449794267411,0.9995809532458169,-0.020986326176816453
60.0,12.636,-0.9959113511132912,-0.04132246453042958,-0.00015884803109024128,-0.00898724278060098,0.003909834211412936,-0.04301105627360852,0.9995742968480754,-0.02121150936866286
60.0,12.662,-0.9961213709975703,-0.037758202023299756,-0.00016279265386720445,-0.009187532440191565,0.0037117528980037968,-0.039448447927072444,0.9995675445818477,-0.021436778672486972
60.0,12.688,-0.996309112042964,-0.03405527924526144,-0.00016682296213273303,-0.0093879159317055,0.0035364890371985926,-0.03574750994262706,0.9995606961335941,-0.021662141021820975
60.0,12.714,-0.9964714802640954,-0.030204207190884947,-0.00017093947248738418,-0.009588398944616673,0.003387155015766282,-0.031898216290971095,0.9995537512483763,-0.02188759986050693
60.0,12.74,-0.9966049490049722,-0.026193622380290122,-0.00017514218967240515,-0.00978898581122612,0.0032673330974768776,-0.027889597027089808,0.9995467095909162,-0.02211316212120691
60.0,12.766,-0.9967054318198031,-0.022011515049757933,-0.00017943148105545556,-0.009989680647222257,0.0031811522560884885,-0.023709606107535985,0.9995395708860997,-0.022338831246915082
60.0,12.792,-0.9967682030147252,-0.017644721698145537,-0.00018380750284812227,-0.010190491123015726,0.00313338678347884,-0.019345006109303214,0.9995323348047639,-0.022564612424603163
60.0,12.818,-0.9967877852070487,-0.013078769265152815,-0.0001882704035463441,-0.010391419594759707,0.003129567240719994,-0.014781205658678803,0.9995250010360214,-0.022790510841426796
60.0,12.844,-0.9967578179185831,-0.008297202517495229,-0.00019282069529743455,-0.010592471542843762,0.0031761222062683405,-0.010002112933912607,0.9995175692297161,-0.023016531683421333
60.0,12.87,-0.9966708768140021,-0.0032824839114434456,-0.00019745847862206832,-0.01079365145403071,0.0032805394232890816,-0.004989920440214842,0.9995100390715076,-0.023242678391786148
60.0,12.896,-0.9965182867487138,0.0019853593738103316,-0.00020218424770306056,-0.010994965842536912,0.0034515717836150605,0.0002751016667884959,0.9995024102259307,-0.023468956152407804
60.0,12.922,-0.9962898696188119,0.00752816325681596,-0.00020699805909035645,-0.011196417680006534,0.0036994797759845326,0.005814867926011949,0.9994946822653723,-0.023695371894178224
60.0,12.948,-0.9959736492497087,0.013370257157075748,-0.00021190046198248406,-0.011398014664936028,0.00403633566287746,0.011653769176035394,0.9994868548623863,-0.023921929057220324
60.0,12.974,-0.9955554770411321,0.019539073803203376,-0.0002168915668768174,-0.01159975978843784,0.004476391013230546,0.017819010114180574,0.9994789276326772,-0.024148632825470615
60.0,13.0,-0.9950185798299565,0.02606503653588131,-0.00022197157331204376,-0.011801658557582192,0.005036536200933559,0.024341001800396188,0.999470900187166,-0.02437548838246719
60.0,13.026,-0.994342997097312,0.032982106022487606,-0.0002271413605288999,-0.012003715985863443,0.0057368689403016855,0.03125380818577073,0.9994627721089688,-0.024602500910777647
60.0,13.05,-0.993575716413665,0.03974754383428827,-0.0002319928485331269,-0.012190376515541949,0.0065284495103195,0.038014732615282334,0.9994551796020936,-0.024812194975391437
60.0,13.052,-0.9935048566704983,0.040328798019144504,-0.00023240065810808003,-0.01220593755978467,0.006601405186844425,0.03859567335372414,0.9994545429994175,-0.024829675593110865
60.0,13.078,-0.9924754955897942,0.04814826536434899,-0.00023775011659101715,-0.012408328835482955,0.007658971759752083,0.04640959981615105,0.9994462123767841,-0.02505701935525779
60.0,13.104,-0.9912203393178157,0.05648898269211873,-0.00024319026008731253,-0.012610893635004311,0.008944336538838858,0.05474405653157231,0.9994377799083408,-0.02528453389003646
60.0,13.13,-0.989697457520182,0.06540582238008094,-0.00024872111418125053,-0.012813637987046695,0.010499640974910766,0.06365372026995739,0.9994292451361395,-0.025512224377731003
60.0,13.156,-0.9878557506933152,0.07496060499413974,-0.000254343246261791,-0.013016566959324889,0.012376235349111649,0.07320038014763147,0.9994206075305659,-0.025740099487381107
60.0,13.182,-0.9856325406159645,0.08522377878590144,-0.00026005691735547055,-0.013219685809356506,0.014637046891776036,0.08345388549627582,0.9994118666669383,-0.025968162653940148
60.0,13.208,-0.9829506293521821,0.09627401656279508,-0.00026586279241841773,-0.013423001240450275,0.017359629744123688,0.09449319635356743,0.999403022060089,-0.026196419055921946
60.0,13.234,-0.9797141338677774,0.10820142819297829,-0.00027176116614952635,-0.013626516545150777,0.020640160492373896,0.10640743731142611,0.9993940731968834,-0.026424875616218063
60.0,13.26,-0.9758034754407049,0.12110624078610889,-0.0002777523016933643,-0.013830237450896005,0.024598673334861283,0.11929694839988099,0.9993850196742664,-0.026653534023788103
60.0,13.286,-0.9710682715415396,0.13510169724167648,-0.0002838368883414389,-0.014034170440120307,0.029385953826330895,0.13327403454301337,0.9993758608768105,-0.026882402943544704
60.0,13.312,-0.9653183542013023,0.15031275277814277,-0.00029001504665222307,-0.014238320955308055,0.03519271538041886,0.14846327970967957,0.9993665963459702,-0.027111485807683692
60.0,13.338,-0.9583114103730622,0.16687658617538767,-0.00029628754630392186,-0.01444269307841844,0.04226178227238686,0.16500069413501758,0.9993572255129546,-0.027340789536038575
60.0,13.364,-0.9497367796876417,0.18493905888245454,-0.00030265464383361253,-0.014647292629030226,0.050904403308011555,0.18303102304399832,0.9993477478390733,-0.02757031930332503
60.0,13.39,-0.9391936132018915,0.20464888647592205,-0.0003091170480474006,-0.014852125367140383,0.061522035564403416,0.20270146421580215,0.9993381627692064,-0.027800080283377358
60.0,13.416,-0.9261619541044119,0.2261449129493509,-0.00031567519971380763,-0.015057198554823343,0.07463523541069421,0.22414903862339072,0.9993284696943767,-0.028030079393608784
60.0,13.442,-0.9099646433170822,0.24953316199444156,-0.0003223294083251477,-0.01526251560793845,0.0909216326248913,0.24747721338501236,0.9993186680976994,-0.028260320062499233
60.0,13.468,-0.8897186487036123,0.27484516982251317,-0.0003290802614600744,-0.015468082784832297,0.11126434859683762,0.2727138881491408,0.999308757397706,-0.02849080746180039
60.0,13.494,-0.8642764065784582,0.3019640486624274,-0.0003359282948600854,-0.01567390562428708,0.13681061775370038,0.29973802512079933,0.9992987369076993,-0.02872155025086626
60.0,13.52,-0.8321624448627267,0.3305000158925945,-0.00034287430421389616,-0.015879990570769355,0.1690344385738795,0.32815418201299135,0.9992886060613586,-0.028952551855365022
60.0,13.546,-0.7915253723884959,0.35958233823715013,-0.00034991847954245024,-0.01608634305962804,0.2097838660390638,0.35708451107862027,0.9992783641986099,-0.029183819188866738
60.0,13.572,-0.7401548870918372,0.3875287315937804,-0.00035706121701177914,-0.016292967298460206,0.2612627004385577,0.3848383873861138,0.9992680106412457,-0.029415359163890455
60.0,13.598,-0.6756734208046816,0.4113594335506804,-0.00036430383317585926,-0.01649987174934431,0.32583707433200365,0.40842723940055786,0.9992575448481401,-0.029647173459781857
60.0,13.624,-0.5961090308437316,0.42618811583655203,-0.00037164612217564563,-0.016707061637370683,0.4054603215311003,0.4229579032309735,0.9992469660156164,-0.02987927247543165
60.0,13.65,-0.5011514221786966,0.4247335548071621,-0.0003790892947408156,-0.01691454245658303,0.5004152454312976,0.4211488092666669,0.9992362735287935,-0.030111659632492627
60.0,13.676,-0.3942927111499418,0.3976434344956498,-0.00038663337734890115,-0.01712231993840685,0.60717564631694,0.3936624000647287,0.9992254666634167,-0.030344341839944465
60.0,13.702,-0.28530115170016995,0.3358351706598278,-0.0003942795575768595,-0.017330399908769535,0.7159421034036181,0.3314538261704331,0.9992145447303812,-0.03057732426167078
60.0,13.728,-0.1908124562263617,0.235592644315096,-0.0004020281582306565,-0.017538790261969455,0.8100693344254464,0.23086769766116313,0.9992035069701978,-0.030810613804410993
60.0,13.754,-0.12985926124917235,0.1042213617938447,-0.0004098796826267624,-0.017747494831348312,0.8705549943494157,0.09927485183826175,0.9991923526823132,-0.031044215630517777
60.0,13.78,-0.11468427257714768,-0.039540621208064765,-0.00041783501387883756,-0.017956521323256848,0.8852236634634506,-0.04454855998972403,0.9991810810173425,-0.031278138388318895
60.0,13.806,-0.14394340500590905,-0.17342599334200084,-0.0004258950247933919,-0.01816587728601451,0.855494405435241,-0.17834375914252742,0.9991696912939779,-0.031512385493921234
60.0,13.832,-0.20487960191791588,-0.2817852665262343,-0.0004340601048659526,-0.018375563674389916,0.7941746870987033,-0.2865055535220316,0.9991581827050515,-0.03174696385008283
60.0,13.858,-0.28146892432802106,-0.35959075624345843,-0.0004423312322491311,-0.018585593632342683,0.7173041644513486,-0.3640592339692194,0.9991465544365645,-0.03198188035867957
60.0,13.884,-0.3609369500489665,-0.4097118574175893,-0.00045070879108132726,-0.018795969331173553,0.6376479833729509,-0.41391603103814795,0.9991348056446603,-0.032217141919953465
60.0,13.91,-0.4356868612404946,-0.438302623966567,-0.0004591935597795089,-0.01900669656674337,0.5627833474667115,-0.44225536449479513,0.9991229355467505,-0.0324527536897979
60.0,13.936,-0.5023365974809696,-0.45163957593591403,-0.0004677864006928201,-0.019217784908275245,0.496072073070211,-0.4553656862390503,0.9991109432063817,-0.032688724309693
60.0,13.962,-0.5600805927012413,-0.45481287854907715,-0.00047648838670738585,-0.019429238884088068,0.43830303699338485,-0.4583406511532944,0.9990988278739337,-0.03292505718955855
60.0,13.988,-0.6094012911541561,-0.45152078930453693,-0.0004852996588847564,-0.019641066713791542,0.38898132011653475,-0.4548776463977199,0.9990865885880016,-0.03316176096859034
60.0,14.014,-0.6512917479313846,-0.4442947664284037,-0.0004942212861841029,-0.019853273542118362,0.3471052225884009,-0.44750543505124407,0.9990742244483574,-0.033398842541573645
60.0,14.04,-0.6868547280689997,-0.43480892503490987,-0.0005032544356630375,-0.020065868166975316,0.3115659905920417,-0.437894696446043,0.9990617345949846,-0.033636307058218476
60.0,14.066,-0.7171235325108627,-0.4241458829211029,-0.0005123994356585187,-0.020278853858222506,0.2813263813147843,-0.42712482306325156,0.9990491180803841,-0.03387416141019447
60.0,14.092,-0.7429974041978781,-0.41299368063088804,-0.0005216574553895479,-0.020492239767844568,0.2554846588961675,-0.41588111996511845,0.9990363738424449,-0.034112415975809204
60.0,14.118,-0.7652304155664297,-0.40178220980538676,-0.0005310289255126015,-0.020706034075484537,0.2332849033291842,-0.40459072449917644,0.9990235010854236,-0.034351072413225034
60.0,14.144,-0.7844437515602375,-0.39077303548231607,-0.0005405152605318522,-0.020920241427291958,0.2141049812382638,-0.3935133330383402,0.999010498709628,-0.034590141097802195
60.0,14.17,-0.8011443862617775,-0.3801195513849682,-0.0005501172511786472,-0.021134870049573935,0.19743725891961797,-0.3828006632735474,0.9989973657034815,-0.0348296289156638
60.0,14.196,-0.8157447921286669,-0.36990589884008673,-0.0005598352777810969,-0.02134992696278791,0.18286873455720218,-0.37253524093036333,0.9989841010712596,-0.03506954275261107
60.0,14.222,-0.8285809935792244,-0.36017152179996226,-0.0005696707929523552,-0.021565417833175025,0.1700632409226754,-0.3627555149664225,0.9989707038256795,-0.035309887748167255
60.0,14.248,-0.8399271951131961,-0.3509280891012624,-0.0005796246064947938,-0.02178135192569725,0.15874646023768144,-0.353472200036325,0.9989571727877898,-0.03555067427130237
60.0,14.274,-0.8500079894809568,-0.3421701893349285,-0.0005896974870589027,-0.02199773715776955,0.1486936707375369,-0.34467892102424375,0.998943506966945,-0.03579190745956575
60.0,14.3,-0.8590083928578452,-0.33388165002971254,-0.0005998909332633804,-0.022214579967053876,0.13971994690666895,-0.33635906737660193,0.9989297052181323,-0.03603359593550596
60.0,14.326,-0.86708134077415,-0.3260407102267833,-0.0006102057113372677,-0.022431887822619675,0.13167236267341062,-0.32849025386659253,0.9989157664276643,-0.03627574657607894
60.0,14.352,-0.8743540240277049,-0.3186225526475382,-0.0006206421424583576,-0.022649666620458524,0.12442377445450448,-0.32104723368573174,0.9989016894745222,-0.036518366256981086
60.0,14.378,-0.8809327065383912,-0.3116013452985655,-0.0006312022925928464,-0.022867928414057204,0.1178679526818646,-0.3140036858726081,0.998887473113503,-0.03676146533983478
60.0,14.404,-0.8869066862245615,-0.304951236452493,-0.0006418867983329708,-0.023086675804636508,0.11191564330380897,-0.30733340013404664,0.9988731163009515,-0.03700504720963378
60.0,14.43,-0.8923514826531123,-0.2986467693953611,-0.0006526969394826063,-0.023305920188289038,0.10649150763084106,-0.3010109532048307,0.9988586176641255,-0.037249123966925
60.0,14.456,-0.8973309536682295,-0.29266437220375996,-0.0006636330642933203,-0.023525668636828725,0.10153162531825187,-0.2950121546289344,0.9988439760909573,-0.037493700737788356
60.0,14.482,-0.9018997509391362,-0.28698120388205933,-0.0006746971041688002,-0.02374592632098361,0.09698147682164042,-0.2893141904486389,0.9988291903088504,-0.0377387861327572
60.0,14.508,-0.9061046192427754,-0.2815761347602508,-0.0006858899541909924,-0.02396670475144226,0.09279440296038527,-0.2838958056525725,0.9988142590014613,-0.037984388759561456
60.0,14.534,-0.9099857282082132,-0.27642969818543,-0.0006972128773785329,-0.024188013643350735,0.08893023027057603,-0.2787372181988109,0.9987991808546539,-0.038230517224829196
60.0,14.56,-0.91357784603836,-0.27152367886330375,-0.0007086665035873185,-0.0244098552026488,0.08535427598866245,-0.27382017420084004,0.9987839546121118,-0.03847717839043401
60.0,14.586,-0.9169111125849946,-0.2668413410628708,-0.000720253091548085,-0.024632243554184825,0.08203645738178306,-0.269127823427563,0.9987685788962816,-0.03872438085818889
60.0,14.612,-0.920011791270799,-0.2623672270971361,-0.0007319729884942796,-0.024855185318767705,0.07895053865686458,-0.26464457601406616,0.9987530522751696,-0.03897213497233112
60.0,14.638,-0.9229028181295426,-0.2580871828849511,-0.0007438274165546634,-0.02507868782599983,0.07607363656539713,-0.2603561989430786,0.9987373734764455,-0.0392204458446364
60.0,14.664,-0.925604322712264,-0.2539881557983977,-0.0007558180711508876,-0.025302759134192245,0.073385655864092,-0.25624954357916835,0.9987215410035785,-0.03946932381426629
60.0,14.69,-0.9281340823613823,-0.25005793615042776,-0.0007679463390629309,-0.025527411003785794,0.07086889496024522,-0.2523124791730345,0.9987055533602426,-0.0397187792190269
60.0,14.716,-0.9305076958435651,-0.24628566270247712,-0.0007802134670732858,-0.025752650128470285,0.06850773576470004,-0.2485338751523169,0.9986894092020449,-0.039968817163935855
60.0,14.742,-0.9327390285301171,-0.24266116462866905,-0.0007926203693620669,-0.025978486871006973,0.06628835334351049,-0.24490352232344115,0.9986731068274518,-0.04021945146752919
60.0,14.768,-0.9348404418364744,-0.23917492028017573,-0.0008051688026868444,-0.026204929326554945,0.06419844817815326,-0.24141199908093908,0.9986566449437801,-0.04047068548829832
60.0,14.794,-0.9368229069958108,-0.2358183205787956,-0.0008178600158340651,-0.026431983241223724,0.062227061054517877,-0.23805058977701937,0.9986400218044156,-0.040722533040062625
60.0,14.82,-0.9386962681299037,-0.23258326476167412,-0.0008306955713849574,-0.026659664152740393,0.06036440919398821,-0.23481129358236946,0.998623235910725,-0.04097500096178689
60.0,14.846,-0.9404692335114582,-0.22946272140831442,-0.0008436772555460271,-0.02688797920361172,0.058601727615373654,-0.23168671918423867,0.9986062856005665,-0.04122809957597054
60.0,14.872,-0.9421497599367831,-0.22644964099110396,-0.0008568054797138031,-0.027116936179611705,0.056931138509453916,-0.22867001128655504,0.9985891692725145,-0.041481837460193634
60.0,14.898,-0.9437449337525581,-0.2235378239829868,-0.0008700831399072273,-0.02734654654727801,0.05534555344527084,-0.22575485922474353,0.998571885219335,-0.041736224931956514
60.0,14.924,-0.9452612021725454,-0.22072130548642413,-0.0008835107092223873,-0.027576819392198432,0.05383857517573509,-0.22293539721101244,0.9985544317722853,-0.04199127056286457
60.0,14.95,-0.9467043587431451,-0.2179947197650095,-0.0008970900134647853,-0.027807761174558476,0.05240441668431205,-0.22020618999126362,0.998536807093572,-0.042246986407541154
60.0,14.976,-0.9480796352417051,-0.2153531656124613,-0.000910822746597216,-0.028039388575608247,0.051037842700559166,-0.2175622150440742,0.9985190094800465,-0.04250338103279189
60.0,15.002,-0.9493918297552761,-0.21279190239291323,-0.0009247107170685018,-0.02827170608981674,0.04973408264084432,-0.214998801258088,0.9985010371953587,-0.04276046300233161
60.0,15.028,-0.9506453016807416,-0.2103065350102203,-0.0009387555987714405,-0.028504728500730648,0.04848880354966185,-0.2125115591926365,0.9984828882967478,-0.04301824436110446
60.0,15.054,-0.9518439779990553,-0.20789320051364138,-0.0009529587793140453,-0.028738461422928185,0.04729806240608274,-0.2100964996268909,0.9984645609375404,-0.043276735410420944
60.0,15.08,-0.9529915280434192,-0.2055479197699861,-0.0009673220047010824,-0.02897292091894363,0.04615824383162585,-0.20774979544388755,0.998446053201381,-0.04353594644674173
60.0,15.106,-0.9540912111757601,-0.20326744225390586,-0.0009818471236704603,-0.029208110354893985,0.045066047907210825,-0.20546797183054702,0.9984273631481433,-0.04379588776359286
60.0,15.132,-0.9551461135097522,-0.2010482599194565,-0.0009965359658417217,-0.029444047017811135,0.04401845325373615,-0.20324772089146717,0.9984084888368472,-0.04405656965253753
60.0,15.158,-0.9561589615829293,-0.19888761767760235,-0.0010113905769584678,-0.029680738711472122,0.04301267200580094,-0.2010859734841685,0.9983894281907624,-0.04431800414313026
60.0,15.184,-0.9571324172046212,-0.19678218799408834,-0.0010264126433834999,-0.02991819716690026,0.042046161800127345,-0.1989798823578131,0.9983701791851446,-0.04458020151923061
60.0,15.21,-0.9580687471386883,-0.1947297474626886,-0.0010416032411709535,-0.03015643124264381,0.04111655183442909,-0.19692670630004425,0.9983507397711767,-0.044843172061576037
60.0,15.236,-0.9589701881168822,-0.19272751543894132,-0.0010569658249655444,-0.030395457201042697,0.04022168324301918,-0.19492398272255057,0.9983311077626835,-0.04510692778859574
60.0,15.262,-0.9598387456889822,-0.1907731604931344,-0.0010725014354450602,-0.03063528149926882,0.03935955077937117,-0.19296931574217696,0.998311280993392,-0.045371480717421295
60.0,15.288,-0.9606762494854785,-0.188864641072328,-0.001088211910746204,-0.03087591806534874,0.03852830090458453,-0.19106051013354397,0.998291257190408,-0.04563684285811874
60.0,15.314,-0.9614844582565761,-0.18699970650241224,-0.001104100215249132,-0.03111738139527582,0.03772620695423793,-0.1891954522191688,0.9982710342036559,-0.045903024478090124
60.0,15.34,-0.9622649706079264,-0.1851764039570086,-0.0011201673594423316,-0.0313596758234268,0.03695168238109387,-0.1873721925387472,0.9982506096975357,-0.04617003757993482
60.0,15.366,-0.9630192364102054,-0.18339308319445508,-0.0011364161141860097,-0.03160282412174017,0.03620325102729554,-0.18558889875351273,0.9982299812634375,-0.04643789590646034
60.0,15.392,-0.9637486576014596,-0.18164789529970185,-0.0011528485293205327,-0.031846827911786724,0.035479529383201446,-0.18384380918102955,0.9982091465343629,-0.04670661145393644
60.0,15.418,-0.9644545678114919,-0.17993896414556487,-0.0011694662388560002,-0.03209170751030684,0.03477924000250738,-0.1821352918914522,0.9981881031641799,-0.046976194471125214
60.0,15.444,-0.9651380738795642,-0.17826522933943845,-0.0011862727607252694,-0.03233747273424936,0.03410119126114926,-0.18046179909433205,0.9981668486169781,-0.04724665868738753
60.0,15.47,-0.9658003816861747,-0.1766247665773942,-0.0012032695593471574,-0.032584137650504996,0.03344427034858175,-0.17882188569263827,0.9981453803281166,-0.04751801782807297
60.0,15.496,-0.9664424838180027,-0.1750164725445963,-0.0012204589869869008,-0.03283170926186257,0.032807437502794856,-0.17721416325032452,0.9981236957645301,-0.04779028387130591
60.0,15.522,-0.9670653574057623,-0.17343905758519879,-0.0012378434310057304,-0.033080210139842005,0.032189716217316394,-0.17563729916663304,0.9981017922592231,-0.04806347053211813
60.0,15.548,-0.9676699573814345,-0.17189104495688845,-0.001255425922210038,-0.033329648241094946,0.03159020158525204,-0.17409009542780104,0.9980796671276104,-0.04833759152185905
60.0,15.574,-0.9682570800662258,-0.17037161844393797,-0.0012732079416704978,-0.03358003577750572,0.031008040725142738,-0.1725713628864076,0.9980573177062749,-0.04861265880397267
60.0,15.6,-0.9688275683122581,-0.16887944022834486,-0.0012911929090803,-0.033831389234416046,0.030442432659147138,-0.1710800022692536,0.9980347411222538,-0.04888868782090774
60.0,15.626,-0.9693821705857353,-0.16741349752115633,-0.0013093831349120428,-0.03408372570663734,0.029892624030577183,-0.16961494053658874,0.9980119346428262,-0.04916569052677257
60.0,15.652,-0.9699215994347798,-0.16597276513701303,-0.001327780517705675,-0.03433705100209301,0.029357914200495657,-0.16817518878512377,0.997988895214272,-0.04944368409505692
60.0,15.678,-0.9704465096251085,-0.16455637652345276,-0.0013463894093898089,-0.03459138701600148,0.02883764042724954,-0.16675982139565027,0.9979656200096207,-0.04972268046895889
60.0,15.704,-0.970957550890027,-0.1631632847845899,-0.0013652107602025862,-0.03484674442449232,0.02833117442351542,-0.16536789555284775,0.9979421059649904,-0.050002695068886285
60.0,15.73,-0.9714552639593642,-0.16179294256725113,-0.0013842481274277904,-0.03510313820604966,0.027837932176655644,-0.1639985864416767,0.9979183500608327,-0.050283741567999626
60.0,15.756,-0.9719402478060378,-0.16044428515107134,-0.0014035053081135934,-0.0353605878854208,0.027357355303147913,-0.1626510698396732,0.997894349159222,-0.050565835376222765
60.0,15.782,-0.9724130484933527,-0.15911640895447202,-0.0014229838313721292,-0.03561910135929581,0.026888927866235045,-0.16132457668708103,0.9978700999552921,-0.0508489936376196
60.0,15.808,-0.9728741076363135,-0.1578089122450975,-0.0014426871517634165,-0.035878703248954945,0.026432151524394643,-0.16001835711346452,0.9978455992767997,-0.051133230007098275
60.0,15.834,-0.9733239013746974,-0.156521047048621,-0.0014626181324396076,-0.036139402265825155,0.025986558893947655,-0.15873169632778278,0.9978208437414444,-0.05141856161744111
60.0,15.86,-0.9737629155722357,-0.15525188928534042,-0.0014827806601400975,-0.03640121573620304,0.02555170981998205,-0.1574639510894611,0.9977958300552564,-0.05170500210988895
60.0,15.886,-0.9741915350718187,-0.15400101838852837,-0.001503176613595313,-0.036664157347123714,0.02512718925230772,-0.15621447338484795,0.9977705546326392,-0.05199257034519804
60.0,15.912,-0.9746101803655421,-0.15276766814729983,-0.0015238103529252828,-0.03692825385220136,0.024712595718770786,-0.1549826308884057,0.9977450140902038,-0.0522812799521425
60.0,15.938,-0.97501920531453,-0.1515514077499398,-0.0015446848065351058,-0.03719351138042332,0.024307559937818676,-0.15376785793564607,0.9977192046921396,-0.05257114977553439
60.0,15.964,-0.9754189758242063,-0.15035163159096723,-0.0015658028314177804,-0.03745994918184439,0.023911724223337656,-0.15256958416167307,0.9976931227804148,-0.052862196913834605
60.0,15.99,-0.9758098416928044,-0.14916772922765953,-0.0015871688372482442,-0.03772759132360197,0.023524752944131932,-0.15138728673735052,0.9976667645809616,-0.053154438455070785
60.0,16.016,-0.9761921153410801,-0.14799925661366878,-0.001608785931433294,-0.03799644505901957,0.02314632351821111,-0.15022045454597532,0.9976401263068595,-0.053447891482165784
60.0,16.042,-0.9765660985205549,-0.14684576612339562,-0.0016306573490858776,-0.03826653546021945,0.022776131144417316,-0.14906858710625515,0.9976132040662475,-0.05374257306792812
60.0,16.068,-0.9769321032901005,-0.1457066354955982,-0.0016527873570908605,-0.038537879339537603,0.0224138881498979,-0.14793122920834917,0.9975859938482116,-0.05403850202032592
60.0,16.094,-0.9772903568841759,-0.14458175093982084,-0.0016751789537962386,-0.03881049399329828,0.022059315536146394,-0.14680791865004078,0.9975584915344214,-0.05433569713672
60.0,16.12,-0.9776411799764091,-0.14347031375323083,-0.0016978360646593082,-0.03908440162187406,0.021712157915367018,-0.14569823583722913,0.9975306929678166,-0.05463417720743125
60.0,16.146,-0.9779848044024355,-0.14237203336961768,-0.0017207636731904844,-0.03935961586716847,0.021372159861112596,-0.14460177169438534,0.9975025939179187,-0.054933961013737306
60.0,16.172,-0.9783214556944413,-0.14128661694825795,-0.0017439644966185618,-0.03963615993292365,0.021039085980839766,-0.1435181244133522,0.9974741900691142,-0.05523506732707685
60.0,16.198,-0.9786513982189717,-0.14021342728143502,-0.0017674431834312277,-0.03991405291500858,0.020712707670114065,-0.14244691795001954,0.9974454769349715,-0.05553751665038046
60.0,16.224,-0.9789747919064622,-0.13915250810751068,-0.0017912030727724728,-0.040193314425487195,0.02039280797101173,-0.141387767194894,0.9974164500617567,-0.05584132773665529
60.0,16.25,-0.9792918866669031,-0.13810321765126737,-0.001815250385581505,-0.040473964412422535,0.020079183028975673,-0.14034036065647312,0.9973871046158851,-0.05614652455086901
60.0,16.276,-0.9796028763415042,-0.1370652535842146,-0.001839587422817884,-0.04075602817055809,0.019771635063599365,-0.13930434420317642,0.9973574361868497,-0.05645312234454892
60.0,16.302,-0.9799079479308704,-0.13603831157378757,-0.0018642194539921955,-0.041039517265898204,0.019469971764716636,-0.13827938781181104,0.9973274396876347,-0.05676114680292463
60.0,16.328,-0.9802072589543127,-0.1350222565482261,-0.0018891512733322827,-0.04132446257501181,0.01917401561685773,-0.13726518344371239,0.9972971102232921,-0.05707061837699565
60.0,16.354,-0.9805010314605282,-0.13401643842786864,-0.0019143863927443025,-0.04161088138380288,0.01888359616978829,-0.13626144537561005,0.9972664429558344,-0.05738155576851721
60.0,16.38,-0.9807893877005828,-0.133020889784355,-0.001939931016715072,-0.0418988008856701,0.01859854094308524,-0.13526786309075486,0.9972354324106506,-0.057693986367849365
60.0,16.406,-0.9810725149381668,-0.13203512829163674,-0.001965789335689275,-0.042188234398724364,0.01831870030638467,-0.13428417764347542,0.9972040736680711,-0.05800792711271432
60.0,16.432,-0.9813505486251891,-0.1310590124338252,-0.0019919665208276358,-0.042479215040691604,0.01804391510933349,-0.13331010604924332,0.9971723610775942,-0.05832340536972262
60.0,16.458,-0.981623642583391,-0.13009222810541485,-0.002018466926962428,-0.04277175701132,0.017774045927053794,-0.13234541589419527,0.9971402892195719,-0.05864044327277047
60.0,16.484,-0.9818919234376713,-0.12913463120191682,-0.002045296668792776,-0.04306589455494926,0.017508952891327468,-0.13138984924220853,0.9971078525585089,-0.05895906294181197
60.0,16.51,-0.9821555357596459,-0.1281859049947721,-0.0020724602878968317,-0.043361642777111166,0.017248499863417657,-0.13044315366867948,0.997075045132348,-0.05927929170326765
60.0,16.536,-0.9824146202891562,-0.1272457315639355,-0.0020999638827465974,-0.0436590320845866,0.01699256050146315,-0.1295051116746407,0.9970418613285564,-0.059601151657495945
60.0,16.562,-0.9826692907798029,-0.12631396319538296,-0.0021278124247388237,-0.04395808347273507,0.01674101200594855,-0.128575495124796,0.9970082950018905,-0.05992466835810167
60.0,16.588,-0.9829196798399258,-0.12539027969372943,-0.0021560112192670947,-0.04425882343968786,0.016493734436876597,-0.12765409568517475,0.9969743399867794,-0.06024986909565483
60.0,16.614,-0.9831658724005827,-0.12447470290491153,-0.002184567479249687,-0.044561284089662444,0.016250615672872334,-0.1267406938675834,0.9969399900553999,-0.060576777655847916
60.0,16.64,-0.9834079940395339,-0.12356691068123875,-0.0022134865002155332,-0.04486548796912672,0.01601154578015135,-0.12583510439443138,0.9969052387273408,-0.06090542129328731
60.0,16.666,-0.9836461452892913,-0.1226667515326774,-0.002242773669531624,-0.04517145805209288,0.015776420093509706,-0.12493713078402859,0.9968700793703107,-0.06123582899084803
60.0,16.692,-0.9838804449441222,-0.12177390142190075,-0.002272434991392326,-0.045479228217927783,0.015545140539109253,-0.12404659467232254,0.9968345053970648,-0.06156802448578678
60.0,16.718,-0.9841109658844355,-0.12088837885067329,-0.0023024784603524976,-0.04578882240662814,0.015317603618335656,-0.12316329351406956,0.9967985097536485,-0.06190204020941989
60.0,16.744,-0.9843378213190003,-0.12000985819742953,-0.0023329095526719848,-0.04610027577756522,0.015093720514306115,-0.12228705622385996,0.9967620855376637,-0.062237901606950675
60.0,16.77,-0.9845610790653189,-0.11913835656862702,-0.002363735465102699,-0.046413608080377075,0.014873399918848796,-0.1214177300144223,0.9967252253597569,-0.06257563932265048
60.0,16.796,-0.9847808674247196,-0.11827337496280471,-0.002394962182684553,-0.046728861022974646,0.014656557328789847,-0.12055515048907148,0.9966879220030133,-0.06291528225478446
60.0,16.822,-0.9849972286883732,-0.11741510102071988,-0.0024265968830315,-0.047046050012796006,0.01444310444678962,-0.11969914340133911,0.9966501678603031,-0.06325686101303137
60.0,16.848,-0.9852102652300062,-0.11656320621892537,-0.0024586477377202196,-0.04736522339923489,0.014232964687065636,-0.1188495648572439,0.9966119551565251,-0.06360040618544321
60.0,16.874,-0.9854200566048682,-0.11571753329105275,-0.002491120556620394,-0.04768639770661615,0.014026057518716042,-0.11800626080302794,0.9965732759511666,-0.06394595008472312
60.0,16.9,-0.9856266596200406,-0.11487809634925822,-0.0025240240701710328,-0.048009611677837155,0.01382230959520392,-0.11716910716931242,0.996534122017427,-0.06429352499355846
60.0,16.926,-0.9858301699171399,-0.11404456503098963,-0.0025573652175740987,-0.04833489937463522,0.013621648592762872,-0.11633794167268692,0.9964944854133461,-0.06464316145452344
60.0,16.952,-0.9860306602234447,-0.1132167803230961,-0.0025911524714720183,-0.048662289825997664,0.013424002562490872,-0.11551264620294628,0.9964543572273803,-0.06499489517475515
60.0,16.978,-0.9862281822214477,-0.11239475488501123,-0.002625393365093639,-0.048991823946807234,0.0132293061608365,-0.11469307766066265,0.9964137288278638,-0.0653487601200022
60.0,17.004,-0.9864227858344965,-0.11157850096362544,-0.0026600975567183096,-0.04932353198673461,0.013037493127523923,-0.11387910962444425,0.9963725914064782,-0.06570478848483756
60.0,17.03,-0.9866145780166267,-0.11076751390193355,-0.0026952714339290346,-0.04965744491273021,0.012848500226815013,-0.11307063135573346,0.9963309356336107,-0.06606301940215949
60.0,17.056,-0.986803585843327,-0.1099619772077886,-0.0027309250510565474,-0.049993611362692855,0.012662266650299103,-0.11226750807892255,0.9962887522271946,-0.06642348675417045
60.0,17.082,-0.9869898739851521,-0.10916172969070413,-0.002767066538552283,-0.05033205785898815,0.012478735404431226,-0.11146964671980017,0.9962460316098364,-0.06678622613554284
60.0,17.108,-0.9871735243951818,-0.10836643743720406,-0.0028037060223835442,-0.0506728287826898,0.012297846985091822,-0.11067690485183415,0.9962027636679928,-0.06715128007635107
60.0,17.134,-0.9873545602966248,-0.10757628294236092,-0.0028408531949687304,-0.051015957651064425,0.012119547020480733,-0.10988919413475305,0.9961589385727055,-0.06751868063063332
60.0,17.16,-0.9875330421287118,-0.10679110388158163,-0.0028785159129590893,-0.05136149053732066,0.011943781457073343,-0.10910640266373059,0.9961145457126401,-0.06788847375644615
60.0,17.186,-0.9877090467625492,-0.10601056509321242,-0.0029167056948598362,-0.05170945631634166,0.011770500732621349,-0.10832843327149269,0.9960695747663059,-0.06826069318862357
60.0,17.212,-0.9878825943861672,-0.10523484822021496,-0.0029554320150788765,-0.05205990847703608,0.011599649944243525,-0.10755516652239577,0.9960240143908881,-0.06863538480144238
60.0,17.238,-0.988053759477461,-0.10446361743451957,-0.0029947053505410396,-0.052412883401472835,0.011431188231815834,-0.10678653410740706,0.9959778537527022,-0.06901258749970766
60.0,17.264,-0.9882225598549664,-0.10369705382447635,-0.0030345358135198215,-0.05276842422192767,0.011265062919628529,-0.10602242102738887,0.995931081118203,-0.06939234534780224
60.0,17.29,-0.9883890675043205,-0.10293482091325633,-0.003074935575471694,-0.053126574762777344,0.011101228834835575,-0.10526273881750854,0.9958836849035092,-0.06977470065473822
60.0,17.316,-0.9885533166227275,-0.1021769268203175,-0.003115915200337962,-0.05348737976385216,0.010939643618089223,-0.10450740079683116,0.9958356528428609,-0.07015970090234362
60.0,17.342,-0.9887153581667014,-0.10142320687882561,-0.0031574854663619545,-0.05385088479054226,0.010780264584840453,-0.10375631029881036,0.9957869727246889,-0.0705473865691254
60.0,17.368,-0.9888752069393182,-0.10067384132107327,-0.003199660209593652,-0.0542171360798432,0.010623048294532724,-0.10300940906909023,0.9957376315007243,-0.07093781028026458
60.0,17.394,-0.9890329473143774,-0.09992831982455433,-0.0032424497563688305,-0.05458618093919019,0.010467955093241178,-0.10226658025941503,0.9956876164207933,-0.07133101418001843
60.0,17.42,-0.9891885746099776,-0.09918699475969824,-0.003285867892626584,-0.05495807370134404,0.010314948687203104,-0.1015277687548601,0.9956369139043982,-0.0717270490644895
60.0,17.446,-0.9893421536533387,-0.09844952788832578,-0.0033299260131682477,-0.05533285712255994,0.010163987621363236,-0.10079289776421188,0.9955855100369774,-0.07212596568220334
60.0,17.472,-0.989493713080405,-0.09771592594601601,-0.0033746394270047536,-0.055710587334749935,0.010015036043799093,-0.10006186857216126,0.995533390683151,-0.07252781474139723
60.0,17.498,-0.9896432982010522,-0.09698602281710882,-0.003420019479822675,-0.05609131532835972,0.009868058283009259,-0.09933463122890673,0.9954805413706885,-0.07293264690077188
60.0,17.524,-0.9897909363078604,-0.09625982486552717,-0.003466082671539836,-0.05647509272376631,0.00972302005462555,-0.09861109097188521,0.9954269471610898,-0.07334051450573482
60.0,17.55,-0.9899366538724896,-0.09553733828117361,-0.0035128409059922323,-0.0568619723801273,0.00957988716215225,-0.09789120107183986,0.995372592630437,-0.0737514733325418
60.0,17.576,-0.9900804937774602,-0.09481839634753148,-0.0035603097325829663,-0.05725201452627224,0.009438625126959579,-0.09717487079074703,0.995317461890329,-0.07416557909501602
60.0,17.602,-0.9902224976972406,-0.09410283209125422,-0.003608505048711788,-0.05764528054365856,0.00929920625427266,-0.09646205604183668,0.9952615386852574,-0.07458288919732484
60.0,17.628,-0.9903626736178749,-0.09339082400116676,-0.00365744083169946,-0.05804181300397335,0.009161595783880172,-0.09575267002727957,0.9952048064198872,-0.07500345924129019
60.0,17.654,-0.9905010621254072,-0.09268220480753579,-0.0037071355008910676,-0.058441688636827,0.009025764567159037,-0.09504666095289788,0.99514724784651,-0.07542735173571184
60.0,17.68,-0.9906377024922187,-0.09197680698688045,-0.003757604137055091,-0.058844958781181234,0.00889168301430147,-0.09434396750681741,0.9950888452520341,-0.07585462737479735
60.0,17.706,-0.9907726175499013,-0.09127463576455126,-0.0038088644766354515,-0.05925169603951924,0.00875932380186157,-0.093644529874306,0.9950295806889266,-0.07628534505436493
60.0,17.732,-0.9909058293143256,-0.0905756962159228,-0.003860932294524606,-0.05966195391843023,0.008628655938638343,-0.09294827948031614,0.9949694350397278,-0.0767195740268048
60.0,17.758,-0.9910373595552227,-0.08987999332155519,-0.003913827733994909,-0.060075800455146836,0.008499657545205723,-0.09225517032014906,0.9949083893589605,-0.07715737478670509
60.0,17.784,-0.9911672608138249,-0.08918718597568008,-0.003967568236553039,-0.060493305186246446,0.008372297212830821,-0.09156513733513313,0.9948464237438965,-0.0775988181982303
60.0,17.81,-0.9912955378558346,-0.08849745182246034,-0.004022172695504887,-0.06091453890530531,0.008246551562598152,-0.09087812722563937,0.9947835175971066,-0.07804397153813351
60.0,17.836,-0.9914222107826407,-0.08781079545209676,-0.004077661033146913,-0.06133956662132474,0.008122394540095891,-0.09019408854610873,0.994719650366211,-0.07849290379264857
60.0,17.862,-0.9915473300919572,-0.08712687527343445,-0.004134054566031221,-0.06176846873889346,0.007999803772857455,-0.0895129711066762,0.9946548000021159,-0.07894568902858361
60.0,17.888,-0.9916708991373968,-0.08644586861531338,-0.00419137354813283,-0.06220132016782447,0.00787875423877256,-0.08883472652667454,0.9945889441620653,-0.07940240124465517
60.0,17.914,-0.9917929369320142,-0.08576777975168742,-0.0042496377160904,-0.06263818282259297,0.007759222096544813,-0.08815929763984638,0.994522060321344,-0.07986311437912709
60.0,17.94,-0.9919134916059114,-0.08509226660331592,-0.004308871410847757,-0.06307914856560425,0.007641184916595331,-0.0874866391526031,0.9944541245740705,-0.08032790570580035
60.0,17.966,-0.9920325511702256,-0.08441967941556977,-0.0043690974593828934,-0.06352429658833463,0.007524622900003644,-0.08681669698510719,0.9943851123972376,-0.0807968576392393
60.0,17.992,-0.9921501625730217,-0.08374967585303071,-0.004430338707553922,-0.06397370022577122,0.007409512356045799,-0.08614943918943282,0.9943149988591482,-0.08127005076177453
60.0,18.018,-0.992266342699145,-0.08308225971843926,-0.004492619549275748,-0.06442744897754869,0.0072958320370598686,-0.08548480502408926,0.9942437577344008,-0.08174756898994506
60.0,18.044,-0.9923811080799598,-0.08241743473341644,-0.004555966095376796,-0.06488563404102869,0.007183562844187742,-0.08482275531776078,0.9941713628095386,-0.08222949618459434
60.0,18.07,-0.9924944892761487,-0.0817550313264164,-0.004620401743834598,-0.06534833353716063,0.007072683776002845,-0.08416324274205884,0.9940977859285005,-0.0827159229755622
60.0,18.096,-0.9926064877259212,-0.08109522625431209,-0.004685956629060665,-0.06581564941713387,0.006963177360261069,-0.08350624076281159,0.9940229990716556,-0.08320693819498182
60.0,18.122,-0.9927171192419998,-0.08043802303240308,-0.004752655376251412,-0.06628766315596157,0.006855021834576506,-0.08285168588451937,0.993946972741747,-0.08370263572892887
60.0,18.148,-0.9928264271317475,-0.07978307853811338,-0.004820528880125158,-0.06676448821405787,0.006748201961971978,-0.08219955448466394,0.9938696766167913,-0.08420310932695194
60.0,18.174,-0.992934425814435,-0.07913039602298437,-0.0048896036691326635,-0.06724620190667474,0.006642696191652214,-0.08154979617041642,0.9937910792978074,-0.08470845956576437
60.0,18.2,-0.9930411160043298,-0.078480152013615,-0.004959913261754124,-0.06773292161560951,0.006538488485775052,-0.08090237142841133,0.9937111485727116,-0.08521878513269532
60.0,18.226,-0.9931465121014873,-0.07783234970349703,-0.00503148792757072,-0.06822474381325733,0.0064355610761823116,-0.08025725182146792,0.9936298510464779,-0.08573418977888418
60.0,18.252,-0.9932506553242779,-0.07718664552414359,-0.005104359248930008,-0.06872177474159849,0.006333897880103397,-0.07961439164247401,0.9935471523095336,-0.08625477883546259
60.0,18.278,-0.9933535454465829,-0.07654321580423733,-0.0051785625992289645,-0.06922413055965103,0.00623348251424722,-0.07897375625728935,0.9934630166623466,-0.08678066093268721
60.0,18.304,-0.9934552091783453,-0.07590189012358178,-0.005254130613472302,-0.06973191395115368,0.006134297577660573,-0.07833531268932632,0.9933774074061138,-0.08731194976792071
60.0,18.33,-0.9935556594098582,-0.07526267134308841,-0.005331100394758309,-0.07024524557746588,0.006036328072315316,-0.07769902033184635,0.9932902861005463,-0.08784876054164317
60.0,18.356,-0.9936548958855602,-0.07462573570306018,-0.005409508765514513,-0.07076424869312894,0.005939558672172319,-0.07706484936838846,0.993201613811409,-0.08839121006219118
60.0,18.382,-0.9937529570699586,-0.07399073911335445,-0.005489394105411738,-0.07128904081023812,0.005843973702761043,-0.076432762679192,0.9931113494903854,-0.08893942183932356
60.0,18.408,-0.9938498423531413,-0.07335785770716706,-0.005570796407196028,-0.07181975007858833,0.005749559834664876,-0.07580273354037816,0.9930194511461461,-0.08949351919347616
60.0,18.434,-0.9939455763747342,-0.07272692065544982,-0.005653756700861944,-0.07235650731722774,0.005656301388399683,-0.0751747194839449,0.9929258752088699,-0.09005363218252906
60.0,18.46,-0.994040158160638,-0.07209810401428716,-0.005738318356063375,-0.07289944597581703,0.005564184351550091,-0.07454869722684825,0.9928305763626697,-0.09061989408580585
60.0,18.486,-0.9941336118879083,-0.07147123683753862,-0.005824523926737675,-0.07344869393766736,0.005473196324106855,-0.07392462769618414,0.9927335083038383,-0.09119243797217967
60.0,18.512,-0.9942259614037688,-0.07084614808943021,-0.005912420391330108,-0.07400440714635328,0.005383321309161999,-0.07330249106476724,0.9926346220404059,-0.09177140876872883
60.0,18.538,-0.9943172050295539,-0.0702230136799934,-0.006002055241893779,-0.07456671911966035,0.005294548187512073,-0.07268224331320576,0.9925338678707646,-0.0923569477093712
60.0,18.564,-0.9944073537782369,-0.06960183600389291,-0.006093475989147601,-0.0751357836137694,0.005206864126598496,-0.07206386782627457,0.9924311935159604,-0.09294920613365402
60.0,18.59,-0.9944964423922934,-0.06898227025646943,-0.006186736709303397,-0.07571175728427688,0.005120254129495442,-0.07144733297428876,0.9923265455163638,-0.09354833512443995
60.0,18.616,-0.9945844571321675,-0.06836466583925487,-0.006281887633940629,-0.0762948006115269,0.005034709757437021,-0.0708326085787837,0.9922198675505762,-0.0941544958260053
60.0,18.642,-0.9946714201304531,-0.06774885140763495,-0.006378983040907463,-0.07688507734911958,0.004950215372098909,-0.07021966687858093,0.9921111021227068,-0.09476784736227094
60.0,18.668,-0.9947573415959758,-0.06713482916183262,-0.006478082753033131,-0.07748275448012225,0.00486676059724733,-0.06960848161461247,0.9920001888302329,-0.09538856238966492
60.0,18.694,-0.9948422427702112,-0.06652242760318222,-0.006579244165436033,-0.07808800296812618,0.004784334075689387,-0.06899902845522243,0.9918870656426355,-0.09601680973497934
60.0,18.72,-0.994926121569996,-0.06591182245046769,-0.006682528400704895,-0.07870100646875379,0.0047029224317945515,-0.06839126921966175,0.9917716677250241,-0.09665276999838722
60.0,18.746,-0.9950089991287129,-0.06530284213127485,-0.006787998307588497,-0.07932195275821986,0.004622517802421624,-0.06778519124482939,0.9916539277236,-0.09729662857933907
60.0,18.772,-0.9950908844005788,-0.06469548863603554,-0.0068957219088488075,-0.07995102427358648,0.0045431078809782185,-0.06718076814035286,0.9915337761348906,-0.09794857395342173
60.0,18.798,-0.9951717864504627,-0.0640897639385395,-0.007005768756009144,-0.08058843555020462,0.00446468183584775,-0.0665779754603288,0.9914111401354625,-0.09860880453440772
60.0,18.824,-0.9952517141101005,-0.0634856699737712,-0.007118207171304349,-0.08123436874312741,0.004387228087517264,-0.06597677557141308,0.9912859446824364,-0.09927752177917568
60.0,18.85,-0.9953306870676889,-0.06288303492799197,-0.007233112976281983,-0.08188905697993944,0.004310738507193977,-0.06537716340507663,0.9911581116807838,-0.09995493358631133
60.0,18.876,-0.9954087027324764,-0.06228203436589663,-0.0073505660595866735,-0.0825527100697792,0.004235203149037922,-0.06477910546979071,0.9910275590127178,-0.10064126117202574
60.0,18.902,-0.9954857695805412,-0.0616826701321068,-0.007470642837250567,-0.08322554312260676,0.004160610571109603,-0.0641825782956491,0.99089420252062,-0.10133672352605601
60.0,18.928,-0.99556191729149,-0.06108459652520567,-0.007593428966468442,-0.08390780477153806,0.004086951855892778,-0.06358756044503037,0.990757954099596,-0.10204155467722723
60.0,18.954,-0.995637132249623,-0.06048816278871702,-0.007719012421376095,-0.08459973003722866,0.0040142176615871996,-0.06299403996202296,0.9906187219003668,-0.1027559932092074
60.0,18.98,-0.9957114331431102,-0.05989319690414185,-0.007847483231460142,-0.08530156941409961,0.003942399222148678,-0.062401977871041125,0.9904764105466703,-0.10348028750557016
60.0,19.006,-0.9957848380118132,-0.059299526766615325,-0.007978935669888559,-0.08601357926201356,0.0038714872050280057,-0.0618113596086988,0.9903309206870654,-0.10421469393506443
60.0,19.032,-0.9958573336251599,-0.05870750162370298,-0.008113468412868752,-0.08673602196365403,0.0038014731372829134,-0.06122216556923653,0.9901821486874065,-0.10495948029179857
60.0,19.058,-0.9959289478046759,-0.05811677549473529,-0.00825118602894972,-0.087469196441724,0.00373234769927622,-0.06063437853305618,0.990029987184625,-0.105714918839633
60.0,19.084,-0.9959996878072304,-0.057527349970088903,-0.008392191027779853,-0.08821336867884189,0.0036641041157234235,-0.060047969549418365,0.9898743235540484,-0.10648130010526567
60.0,19.11,-0.9960695504911883,-0.05693940044242861,-0.00853660174812356,-0.08896886150796555,0.0035967320489519025,-0.05946291957569269,0.9897150411914464,-0.10725891900641807
60.0,19.136,-0.9961385627431752,-0.05635258076488553,-0.008684529569245328,-0.08973597580230729,0.003530224948067051,-0.05887921865381634,0.989552018295862,-0.10804808867441644
60.0,19.162,-0.9962067112371996,-0.05576724013487737,-0.008836095164013007,-0.09051502989822595,0.00346457458268179,-0.05829684566791387,0.9893851285218279,-0.10884912826085535
60.0,19.188,-0.9962740126997085,-0.05518320619957739,-0.008991426215267901,-0.09130638172770787,0.003399772167911519,-0.057715768917785334,0.9892142400282787,-0.1096623802791828
60.0,19.214,-0.996340473572882,-0.05460048041718179,-0.009150653623499328,-0.09211038803157287,0.003335812343024563,-0.05713597952630804,0.9890392163496915,-0.11048819843346562
60.0,19.24,-0.9964061000669662,-0.0540190642172754,-0.00931391317486466,-0.09292743644464849,0.0032726861305930736,-0.05655745814277091,0.9888599165386827,-0.11132695983626953
60.0,19.266,-0.9964709079458846,-0.053438785109190604,-0.009481345284445115,-0.09375792500571759,0.0032103877529296725,-0.05598018811142067,0.9886761953912859,-0.1121790667496921
60.0,19.292,-0.9965348936562883,-0.0528598183735053,-0.009653090831133606,-0.09460231796299724,0.0031489083065996248,-0.05540414940223243,0.98848790579575,-0.11304495381288603
60.0,19.318,-0.9965980725260805,-0.052281991454525195,-0.009829294143558435,-0.09546112619342949,0.003088242035696071,-0.054829324877583616,0.9882949010934069,-0.11392511276148201
60.0,19.344,-0.9966604499946307,-0.05170530566387997,-0.0100100938322606,-0.09633493261878805,0.0030283829814251794,-0.054255694181137015,0.9880970440099045,-0.11482011093357558
60.0,19.37,-0.9967220228053477,-0.051129936272357755,-0.0101956041012668,-0.09722454453163268,0.002969322879043495,-0.05368324654390367,0.9878942239874388,-0.11573068072667732
60.0,19.396,-0.996782814227537,-0.050555536647559844,-0.010385882858889044,-0.09813117886308706,0.002911056411502194,-0.05311195558355234,0.9876864114816917,-0.11665789568126786
60.0,19.422,-0.9968428119477414,-0.04998245599274863,-0.010580770508857236,-0.09905727176963654,0.0028535775685935463,-0.05254181686157836,0.9874738425406901,-0.1176037819233494
60.0,19.448,-0.9969020299775503,-0.04941052158766748,-0.010779112273719766,-0.10001016272636702,0.002796880103811992,-0.051972804813014764,0.987257974068889,-0.11857397757800335
60.0,19.474,-0.9969604819269784,-0.04883956065800653,-0.010967546665096311,-0.10104181505872795,0.002740958284916081,-0.05140490365502322,0.9870533232030138,-0.11960126543524395
60.0,19.5,-0.9970181642718042,-0.04826974840734674,-0.011212203660157983,-0.10167557192270027,0.002685805075166054,-0.05083810710543357,0.9868288769012148,-0.1202498139311223
60.0,19.525,-0.9970729054765146,-0.04772295889437245,-0.01142436601397132,-0.10276675058406116,0.00263349456473659,-0.05029412395361768,0.9865550285334749,-0.12140050307863742
60.0,19.526,-0.9970750816355399,-0.047701086017306736,-0.011432808107434874,-0.10280662796409618,0.0026314168166209676,-0.050272388738433225,0.9865457564983379,-0.12144130541991098
60.0,19.552,-0.9971312473251694,-0.04713340064772052,-0.011656563627201333,-0.1038346501168185,0.0025777870692953206,-0.049707738001863865,0.986301676219541,-0.1224909042247089
60.0,19.578,-0.9971866574212325,-0.04656686746448057,-0.011887940636003904,-0.1048673751596329,0.0025249098600211937,-0.04914413664315559,0.9860502454177918,-0.12354401972218666
60.0,19.604,-0.9972413246851689,-0.04600131356921177,-0.012126638181505904,-0.10591512759871302,0.0024727810990555605,-0.04858157045186493,0.9857911785598301,-0.12461194761354329
60.0,19.63,-0.9972952532075475,-0.045436740059660134,-0.01237273924597213,-0.10698103528726091,0.0024213951167694455,-0.048020029381111815,0.9855243225925641,-0.12569791660832524
60.0,19.656,-0.9973484473074606,-0.04487314803409765,-0.012626465315856194,-0.10806669505984577,0.002370747516654816,-0.04745949638716255,0.9852494386799057,-0.1268035230390628
60.0,19.682,-0.9974009108435765,-0.04431053856009602,-0.01288809670961487,-0.1091732351083661,0.002320833752902047,-0.04689995350365592,0.9849662321912022,-0.1279298773651789
60.0,19.708,-0.9974526401525311,-0.04374908678936502,-0.013157950095953304,-0.11030157573973542,0.002271648859614491,-0.046341392810013336,0.984674372177999,-0.12907790699354033
60.0,19.734,-0.9975036544596635,-0.04318844560310606,-0.01343637836780708,-0.11145262620479894,0.002223188032028572,-0.04578379487845513,0.9843734975282038,-0.13024848267058886
60.0,19.76,-0.9975539497713914,-0.04262879011548973,-0.01372374866029991,-0.11262722067682487,0.0021754466094934585,-0.04522714533192274,0.9840632209107609,-0.13144245371708674
60.0,19.786,-0.9976035297116181,-0.042070121347664344,-0.014020466101334528,-0.11382625723153715,0.0021284213748687074,-0.04467142955516655,0.9837431282682625,-0.13266068443090867
60.0,19.812,-0.997652405148148,-0.04151226618898112,-0.014326950814349227,-0.11505059631730542,0.0020821086393038404,-0.04411664321590051,0.9834127802276688,-0.13390405227745486
60.0,19.838,-0.9977005721476299,-0.04095539974507458,-0.01464365541148981,-0.11630117851181215,0.0020365028428862325,-0.04356276177297845,0.9830717090654814,-0.1351734716905405
60.0,19.864,-0.9977480411515796,-0.04039934886273924,-0.01497105640114175,-0.11757896101171085,0.0019916005755185946,-0.04300977654361361,0.9827194190788444,-0.13646988684194397
60.0,19.89,-0.9977948083042467,-0.03984428864419795,-0.015309667158049154,-0.11888494435381206,0.0019473987743814747,-0.042457674471582434,0.98235538319982,-0.13779428485089562
60.0,19.916,-0.9978408835064331,-0.0392900458908287,-0.015660021705313068,-0.1202201484783813,0.0019038939794026133,-0.04190643871275596,0.9819790425690139,-0.13914769363480456
60.0,19.942,-0.9978862699697972,-0.03873662154696919,-0.016022693665534188,-0.1215856678948361,0.0018610815656111342,-0.04135606352659716,0.9815898031565484,-0.140531189805319
60.0,19.968,-0.997930970216081,-0.03818401652309899,-0.01639830114903082,-0.12298266058520414,0.0018189588142905572,-0.04080652547796222,0.981187033254923,-0.14194590139668348
60.0,19.994,-0.9979749869961073,-0.03763223173242323,-0.016787484345105227,-0.12441229601426562,0.0017775229484238975,-0.040257822166985195,0.9807700612515431,-0.14339301059026038
60.0,20.02,-0.9980183167029968,-0.037081442273042754,-0.017190940303272968,-0.1258758391191142,0.0017367703843827527,-0.039709939140170306,0.9803381722089987,-0.14487375621765736
60.0,20.046,-0.9980609748962391,-0.03653130067004362,-0.01760940501232088,-0.1273746132815284,0.0016966976866672027,-0.03916285552214272,0.9798906045168907,-0.14638944145987684
60.0,20.072,-0.9981029575266354,-0.03598198198878054,-0.01804366039867349,-0.1289099872667632,0.001657301849341673,-0.03861656710614012,0.9794265465874665,-0.14794143274783833
60.0,20.098,-0.9981442669973771,-0.03543348710515262,-0.01849455231597153,-0.13048343619826452,0.00161858044176361,-0.038071059249133635,0.9789451321692023,-0.14953116887448303
60.0,20.124,-0.9981849119144801,-0.034885642677329756,-0.01896297023493173,-0.1320964574878924,0.0015805306367857985,-0.03752631670419917,0.9784454361929921,-0.15116016485715272
60.0,20.15,-0.9982248885148269,-0.03433862377593592,-0.019449876755890366,-0.13375069304206516,0.00154315005642142,-0.03698232834445403,0.9779264703307252,-0.15283001391855927
60.0,20.176,-0.9982641988548251,-0.03379243124836258,-0.01995629446996503,-0.13544782842585745,0.0015064352788662482,-0.03643908319621677,0.9773871770907129,-0.15454239438396186
60.0,20.202,-0.9983028569861114,-0.033246717476757025,-0.020483323671667247,-0.13718965687275125,0.001470383785720579,-0.0358965708366899,0.9768264244379201,-0.15629907654061212
60.0,20.228,-0.9983408474195508,-0.03270200599338643,-0.02103214280801295,-0.1389780692540926,0.0014349937209717585,-0.035354777799063916,0.9762429989538257,-0.15810192738677198
60.0,20.254,-0.9983781894703618,-0.03215777490540455,-0.021604013714303184,-0.1408150590268172,0.0014002626189374098,-0.0348136883989026,0.9756355983466779,-0.1599529203669499
60.0,20.28,-0.998414873690761,-0.03161437351759941,-0.022200294735599105,-0.1427027263159761,0.0013661883524226173,-0.03427329336243385,0.975002824310646,-0.1618541379974167
60.0,20.306,-0.9984509076489316,-0.031071628393404174,-0.022822450168689078,-0.14464333406853655,0.0013327675957694996,-0.03373358223628333,0.9743431751605932,-0.1638077795159693
60.0,20.332,-0.9984862931478531,-0.030529540333549474,-0.023472049499676052,-0.14663919751341792,0.0012999992307308344,-0.033194540165465546,0.9736550315238303,-0.16581617589064285
60.0,20.358,-0.9985210320018194,-0.029988110134950143,-0.024150793840324987,-0.14869284048910655,0.0012678810323219632,-0.03265615659562433,0.9729366521382475,-0.16788178877381849
60.0,20.384,-0.9985551259559552,-0.029447338588309516,-0.024860503636802127,-0.15080688677512455,0.0012364101436930185,-0.032118421952954876,0.9721861549606744,-0.1700072329163752
60.0,20.41,-0.998588576766673,-0.028907226480642596,-0.025603171503955247,-0.1529841840043825,0.0012055848910393551,-0.03158131735056709,0.9714015123857218,-0.17219526918021769
60.0,20.436,-0.9986213911412634,-0.028367600302610322,-0.02638092150571948,-0.1552276607081994,0.0011754039949059287,-0.03104484128954356,0.9705805274490519,-0.17444884458521728
60.0,20.462,-0.9986535608049749,-0.027828809411201146,-0.02719607635669276,-0.15754048730536754,0.0011458646249233977,-0.0305089739876462,0.9697208246282283,-0.17677106624703962
60.0,20.488,-0.9986851020274788,-0.027290331686364005,-0.028051153148539485,-0.15992605625437656,0.0011169655151066994,-0.029973703956409373,0.9688198261871946,-0.17916524743758228
60.0,20.514,-0.9987160019820186,-0.026752690792947377,-0.028948879295821208,-0.16238789868672326,0.0010887040835530046,-0.02943902503684068,0.9678747354831381,-0.18163492280625407
60.0,20.54,-0.9987462717991913,-0.02621553888478333,-0.0298922208183974,-0.16492982567263947,0.0010610795387883596,-0.028904923564653007,0.9668825169279232,-0.18418380463500741
60.0,20.566,-0.998775912895902,-0.025678876708336976,-0.030884380121357274,-0.16755588989386244,0.0010340888361540764,-0.02837138361104132,0.9658398614134142,-0.18681589293028195
60.0,20.592,-0.9988049223471339,-0.025142879332355855,-0.03192894757673549,-0.17027041581326408,0.0010077305784133455,-0.02783839795160595,0.9647431604137572,-0.18953544624276067
60.0,20.618,-0.9988333061456447,-0.02460737318235692,-0.03302972582072522,-0.17307797142264197,0.0009820037516640693,-0.027305952910813332,0.9635884822703641,-0.1923469693787805
60.0,20.644,-0.9988610657665422,-0.024072358996141966,-0.03419092816911469,-0.17598349532484192,0.0009569056163821788,-0.02677403973979726,0.9623715176592625,-0.19525531617901254
60.0,20.67,-0.9988882026507437,-0.023537837507366505,-0.03541716390821832,-0.17899222286501282,0.0009324351314888193,-0.026242646506186004,0.9610875594114943,-0.19826562266687495
60.0,20.696,-0.9989147142705291,-0.023003983791000156,-0.036713553213658254,-0.18210977394029726,0.0009085903567756309,-0.025711757196868773,0.9597314285299612,-0.20138343743882542
60.0,20.722,-0.998940610236406,-0.022470449892662562,-0.03808559462728122,-0.18534212362439134,0.0008853692922910055,-0.025181365537178382,0.9582974548925108,-0.20461459876160815
60.0,20.748,-0.998965887951034,-0.021937410876509116,-0.039539423857237375,-0.18869571383633182,0.0008627707932395301,-0.02465145603993391,0.9567793778028157,-0.2079654597802188
60.0,20.774,-0.9989905452011303,-0.021405041821416428,-0.04108185575505465,-0.19217739319821375,0.0008407927422357979,-0.024122021036962975,0.9551703040282852,-0.21144275538208282
60.0,20.8,-0.9990145911201616,-0.02087299473778148,-0.04272033628903415,-0.19579458131476055,0.0008194335930789096,-0.023593048511558266,0.9534626156466381,-0.21505371718830704
60.0,20.826,-0.9990380269756851,-0.020341270328727196,-0.04446315418345596,-0.19955515452320466,0.0007986917533403059,-0.02306452507246252,0.9516478827123267,-0.2188060802002681
60.0,20.852,-0.99906084717845,-0.01981021803373571,-0.04631951961713692,-0.2034676177505894,0.0007785655007974443,-0.02253644144100037,0.9497167427366883,-0.2227081990954755
60.0,20.878,-0.9990830637284492,-0.01927931545636977,-0.04829964244724933,-0.20754107227587332,0.0007590532141468699,-0.02200878480601116,0.9476588067476068,-0.2267689544492579
60.0,20.904,-0.9991046678693053,-0.018749086410440968,-0.05041492634297118,-0.2117853057002642,0.0007401528454737485,-0.021481544965552195,0.9454624897673423,-0.2309979310922962
60.0,20.93,-0.9991256679238444,-0.018219182851058682,-0.052678095559096715,-0.21621083143782832,0.0007218632931891538,-0.02095471028701544,0.9431148623497797,-0.23540539938946634
60.0,20.956,-0.999146065300555,-0.01768960546826932,-0.055103427306150636,-0.22082896117980724,0.0007041825688211198,-0.02042827183477369,0.9406014536372965,-0.24000239583758995
60.0,20.982,-0.9991658584480396,-0.017160529336961643,-0.05770687110742154,-0.2256518059424273,0.0006871092599173388,-0.01990221580108231,0.9379060407816403,-0.24480073367612123
60.0,21.008,-0.9991850549160683,-0.01663160637057865,-0.060506471693110075,-0.2306923960351906,0.0006706411385859528,-0.019376531127744283,0.9350103757322902,-0.24981310258069522
60.0,21.034,-0.9992036502861764,-0.016103186028694837,-0.06352256312543235,-0.23596470645609707,0.0006547769854877303,-0.01885120998994923,0.9318938846876426,-0.255053121797334
60.0,21.06,-0.9992216463610243,-0.015575268999976672,-0.06677801085045444,-0.24148376289200524,0.0006395151242998606,-0.01832623839516883,0.9285333257504962,-0.26053532040305555
60.0,21.086,-0.999239050207615,-0.015047507169091642,-0.07029899089106713,-0.24726555146340398,0.0006248539036663025,-0.017801605485203813,0.9249023434746395,-0.26627528283678775
60.0,21.112,-0.9992558605771674,-0.014520075602751273,-0.0741149954024206,-0.25332729799083553,0.0006107912816099572,-0.01727730034361624,0.9209710049738885,-0.27228955406814415
60.0,21.138,-0.9992720790665931,-0.013992974970826978,-0.07825988630324758,-0.2596871565523846,0.000597325953165917,-0.01675331417966125,0.9167051782653314,-0.2785957604287676
60.0,21.164,-0.9992877072734258,-0.013466205939734278,-0.08277231229067333,-0.26636454439905966,0.0005844561603979036,-0.01622963591501787,0.9120658546404649,-0.28521252194385727
60.0,21.19,-0.9993027491117372,-0.012939594761946211,-0.08769661443359972,-0.27337983243579855,0.0005721802311663355,-0.01570625172809105,0.9070083048651049,-0.29215941860193123
60.0,21.216,-0.9993172016061733,-0.012413490917251597,-0.09308375351731991,-0.28075443813178463,0.0005604963265725903,-0.015183155168525475,0.901481094232395,-0.2994568332852446
60.0,21.242,-0.9993310708501815,-0.011887546237606962,-0.09899278459197104,-0.2885103864406949,0.0005494030975416675,-0.014660331803900984,0.8954248739718453,-0.30712578441154753
60.0,21.268,-0.9993443582835487,-0.01136176136972733,-0.10549185301159932,-0.2966703420724941,0.000538898485011293,-0.01413777201436689,0.8887709718614929,-0.31518753310650693
60.0,21.294,-0.9993570615298032,-0.010836485798303536,-0.11266030582397925,-0.305256719680957,0.0005289808894085203,-0.01361546810621601,0.8814396675421341,-0.32366307300596436
60.0,21.32,-0.9993691879908819,-0.010311196908291282,-0.12059061521773433,-0.3142912711496534,0.0005196490163764163,-0.0130934060127689,0.8733381224986696,-0.3325723869454165
60.0,21.346,-0.9993807354409829,-0.009786244180483855,-0.1293907248055499,-0.32379388175528073,0.0005109009627041368,-0.012571575687792868,0.8643578966171804,-0.34193331097680524
60.0,21.372,-0.9993917056324342,-0.00926162825507,-0.13918742127404624,-0.3337809215118908,0.0005027351645569038,-0.012049969715928515,0.8543720082086812,-0.35175983026271396
60.0,21.398,-0.9994021033679643,-0.00873700091134861,-0.15012964635095824,-0.34426306141506785,0.0004951499444923037,-0.011528572912508474,0.8432313385951566,-0.36205982203835674
60.0,21.424,-0.9994119269967502,-0.008212711632406838,-0.16239275232651318,-0.35524203797698656,0.0004881438071659226,-0.011007378898421905,0.8307604345048374,-0.37283167826639363
60.0,21.45,-0.9994211796265344,-0.007688586615979447,-0.17618372837104332,-0.36670592959784926,0.00048171521264904444,-0.010486376637848264,0.8167525391824978,-0.3840595922206908
60.0,21.476,-0.9994298627724175,-0.007164626483565376,-0.1917470608389715,-0.3786225774293858,0.0004758621705924607,-0.00996555384020875,0.8009638992289871,-0.3957068107957826
60.0,21.502,-0.9994379779502811,-0.006640831853454773,-0.20937097049122172,-0.3909303849116138,0.00047058375835677457,-0.00944490214577407,0.7831073100695242,-0.4077062460699717
60.0,21.528,-0.999445526653767,-0.006117203340589739,-0.22939498598352884,-0.40352495117040915,0.00046587788980584734,-0.008924410803604937,0.7628453391723282,-0.41994711146498936
60.0,21.554,-0.999452510411802,-0.0055937415569491,-0.25221660551561065,-0.4162406999252715,0.0004617433041787286,-0.008404069436925008,0.7397836098990882,-0.4322563775120386
60.0,21.58,-0.9994589307310565,-0.005070447111165535,-0.27829695602959353,-0.4288251096938373,0.000458178586814407,-0.007883868623570482,0.7134657553238356,-0.44437277034426637
60.0,21.606,-0.999464789901085,-0.004547146169127564,-0.3081628264733495,-0.44090303014299115,0.0004551820645508636,-0.0073637974018798905,0.6833721205762834,-0.4559112569661818
60.0,21.632,-0.9994700884653347,-0.00402401377083941,-0.342400389490989,-0.4519286378990698,0.0004527524070150327,-0.0068438454127995145,0.6489267997813417,-0.4663148801733991
60.0,21.658,-0.9994748279097733,-0.0035010505156130405,-0.3816342012085781,-0.4611216349625772,0.00045088835447234366,-0.006324004223147896,0.6095201334774163,-0.47479172745453396
60.0,21.684,-0.999479009721093,-0.0029782569996307474,-0.4264782465048066,-0.46738802154954345,0.00044958824145062057,-0.005804262639512004,0.564558689722537,-0.48023611435315255
60.0,21.71,-0.9994826358267835,-0.0024554593733503048,-0.47744293519266434,-0.4692277319985237,0.00044885099095999726,-0.0052846108882064115,0.5135605504852793,-0.4811385584304223
60.0,21.736,-0.999485707406796,-0.0019326582250080487,-0.5347713458077208,-0.4646466646691807,0.00044867512005317004,-0.004765039363430619,0.45632017701766264,-0.4755003343795117
60.0,21.762,-0.9994882253957887,-0.00141002858397118,-0.5981796778612334,-0.4511081578170074,0.0004490593804479407,-0.004245537223407661,0.3931692894491876,-0.46079025346159774
60.0,21.788,-0.999490191403829,-0.0008873965906133241,-0.6664855178162769,-0.4255968325403372,0.00045000251290012696,-0.0037260958343100234,0.32534727540267255,-0.4340155548991486
60.0,21.814,-0.9994916065150171,-0.00036493726964130426,-0.7371557160743192,-0.3849071256631656,0.0004515034458119607,-0.0032067046402481187,0.2554476407610927,-0.39201860449959747
60.0,21.84,-0.9994924721239824,0.0001575232447257874,-0.8059079220150112,-0.3262825656942284,0.0004535608613659895,-0.002687354117767862,0.1878045660311814,-0.3321239565467811
60.0,21.866,-0.9994927892153121,0.0006801588214386603,-0.8666475327339593,-0.24845267141544658,0.00045617370299677173,-0.0021680340631246584,0.12853635430441918,-0.25317644825841795
60.0,21.892,-0.9994925590392476,0.0012026199985141885,-0.9121184144284196,-0.15286016112045966,0.0004593409258166249,-0.0016487350150360697,0.08487138555441853,-0.1567555332508983
60.0,21.918,-0.9994917826500548,0.0017250806494255235,-0.9354759061530329,-0.044489181072104415,0.0004630614092226873,-0.0011294469471929444,0.06355981538795895,-0.04797461583425777
60.0,21.944,-0.9994904615109994,0.0022473657615429254,-0.9324140760943919,0.06846779199639738,0.0004673342125016686,-0.000610160232351162,0.06875251338891634,0.06489315632495193
60.0,21.97,-0.9994885959429728,0.002769823656624528,-0.9028150674726586,0.1764106185824476,0.00047215831381453304,-9.086500711809103e-05,0.1003859808753159,0.1722458798074715
60.0,21.996,-0.999486186698871,0.00329245376929505,-0.8508765368168363,0.27089806917465714,0.0004775329293770408,0.0004284483866255993,0.15410351823348062,0.2657225438267741
60.0,22.022,-0.9994832358179149,0.0038149066501151304,-0.7836046027035161,0.34665034777579873,0.00048345711352677095,0.0009477897344257049,0.22279975177925873,0.3401757740020099
60.0,22.048,-0.9994797430069926,0.004337530624347097,-0.7086168873465853,0.40209543898585715,0.0004899301269414619,0.001467168857414718,0.29882796350957563,0.39417755247073466
60.0,22.074,-0.9994757106485532,0.004859976248546958,-0.6323906406180188,0.4386100162361984,0.0004969510940484757,0.0019865951766514563,0.37573727928432227,0.42922661498500586
60.0,22.1,-0.999471137089127,0.0053827662898261,-0.5594717941064483,0.4592242616297792,0.0005045194632808875,0.0025060789378668065,0.44903937508057684,0.44843885047581794
60.0,22.126,-0.9994660257423861,0.005905376868506891,-0.4924944696018704,0.4674722076667763,0.0005126345296919412,0.0030256295475980083,0.5161670375899073,0.4553977699126462
60.0,22.152,-0.9994603743628797,0.006428330749739355,-0.4326074028228351,0.46666595287534773,0.0005212955798319232,0.0035452566184794774,0.5760339250015649,0.4534367233243601
60.0,22.178,-0.9994541868670322,0.006951104061906487,-0.37997928112077717,0.4595666763008615,0.0005305022286285136,0.004064970436016898,0.628523694618568,0.4453201464501735
60.0,22.204,-0.9994474603942134,0.007474219566660636,-0.33421701612903776,0.44831630391151883,0.0005402539096645619,0.004584780122237961,0.6740696606074739,0.43318221295481724
60.0,22.23,-0.9994401993292382,0.007997153401026174,-0.2946582301021791,0.4344972855667252,0.0005505501894800733,0.005104695868921536,0.713364084102174,0.41859284327183016
60.0,22.256,-0.9994324002076236,0.008520428321757449,-0.2605510861465011,0.41923874516776155,0.0005613906368055297,0.005624726723538637,0.7471799708893511,0.4026668554402641
60.0,22.282,-0.9994240647373954,0.009043869340181943,-0.23115507819765593,0.4033240225516325,0.0005727749774229605,0.006144883915007614,0.7762727030922948,0.3861736627207365
60.0,22.308,-0.999415194969514,0.009567301473888623,-0.20578979980595533,0.3872831253107005,0.0005847030101668624,0.0066651756629336235,0.8013325222184874,0.36963031771044
60.0,22.334,-0.9994057897641753,0.010090898605921472,-0.18385468761874124,0.3714647035657584,0.0005971743646551821,0.007185612954321746,0.8229665330443787,0.35337413102885856
60.0,22.36,-0.9993958494117566,0.01061466018558765,-0.16483187270429056,0.3560901351893911,0.0006101890117643639,0.007706204847303327,0.8416968311217934,0.33761674006071424
60.0,22.386,-0.9993853741802251,0.011138585662551383,-0.14828083132260822,0.34129277313422357,0.0006237468706979511,0.00822696218685183,0.8579663538153091,0.3224831386666077
60.0,22.412,-0.9993743622680945,0.011662848910372664,-0.1338301156588321,0.3271457189957286,0.0006378479724685889,0.008747893569448993,0.8721479583923183,0.30803944703393055
60.0,22.438,-0.9993628178550704,0.012187100529482478,-0.1211677013941877,0.31368150899729147,0.000652492143124674,0.009269009839262508,0.8845542541985671,0.2943122911946001
60.0,22.464,-0.9993507369217002,0.012711688814741504,-0.1100319748887807,0.30090577017606057,0.0006676797195888499,0.009790321384541334,0.8954468978367163,0.2813023710604893
60.0,22.49,-0.9993381216127252,0.013236438791590926,-0.10020368733837898,0.28880665568349506,0.0006834105035641371,0.0103118364018304,0.9050449507362018,0.26899369300481296
60.0,22.516,-0.9993249720149432,0.013761349909121522,-0.09149871235201097,0.2773613793581795,0.0006996850348966447,0.010833566829325549,0.9135320288145999,0.257360039997808
60.0,22.542,-0.9993112881697342,0.014286421615954758,-0.08376234092052053,0.2665407466964992,0.0007165035324146154,0.01135552042287239,0.921062379614264,0.24636922567760686
60.0,22.568,-0.9992970674649168,0.01481182777002376,-0.07686398616179345,0.25631201269166753,0.0007338663281834531,0.011877710581536497,0.9277658988385287,0.23598611826977134
60.0,22.594,-0.9992823095988674,0.01533756781124469,-0.07069329621783778,0.24664112229149474,0.0007517738439136457,0.012400144046485113,0.9337523141046156,0.22617452633641708
60.0,22.62,-0.9992670169699981,0.015863466772831847,-0.06515665114873902,0.2374938426606547,0.0007702265624677698,0.012922834243027571,0.9391146106529981,0.2168984979054971
60.0,22.646,-0.9992511865888569,0.01638969850219572,-0.060174335455749836,0.22883680166019568,0.0007892250349375557,0.013445787543783488,0.9439318465360794,0.20812313431896148
60.0,22.672,-0.9992348209579295,0.016916088035524118,-0.055678274526548145,0.2206379221610107,0.0008087696859964541,0.013969017656456506,0.9482714666371589,0.19981508016207575
60.0,22.698,-0.9992179168130786,0.017442809211932035,-0.05161017182508358,0.21286672496394507,0.0008288614657858804,0.0144925340419123,0.9521912141282354,0.19194276585601552
60.0,22.724,-0.9992004736247351,0.017969861463896834,-0.04791989939043647,0.2054945345110797,0.0008495011323337066,0.015016345753517395,0.9557406855138327,0.1844765727121905
60.0,22.75,-0.9991824908176851,0.01849724422195298,-0.044564202598934725,0.19849456784238084,0.0008706893633240351,0.015540463982111561,0.9589626221273516,0.1773888686997812
60.0,22.776,-0.9991639677595744,0.019024956914348013,-0.04150562712198971,0.19184176650178061,0.0008924269089248016,0.016064899970571228,0.9618939809508976,0.17065395488744414
60.0,22.802,-0.9991449071965479,0.01955282458366049,-0.03871167895500361,0.18551294326505918,0.0009147149742480686,0.01658966204907808,0.9645668281530453,0.16424797261859536
60.0,22.828,-0.9991253016719612,0.020081195424399283,-0.036154065829652,0.17948655147606485,0.0009375545380111187,0.017114762977693872,0.9670090552688206,0.15814887748960724
60.0,22.854,-0.999105153748558,0.020609894471055473,-0.033808032912185766,0.1737426819116506,0.0009609466780002487,0.017640212783481195,0.9692450132812643,0.1523362701555937
60.0,22.88,-0.9990844626115046,0.021138921142332637,-0.03165197590732039,0.16826287923245264,0.0009848925503908234,0.018166020691341638,0.9712960165361136,0.14679130581319888
60.0,22.906,-0.9990632236300262,0.02166844922391141,-0.029666805157105992,0.16303010876871876,0.0010093935979342062,0.01869220139744604,0.9731807746302557,0.14149658512441926
60.0,22.932,-0.9990414394950153,0.022198303751956677,-0.027835768639663878,0.1580286222645509,0.0010344507628037485,0.01921876181830408,0.97491575823168,0.13643604168046275
60.0,22.958,-0.9990191092316887,0.022728484135910543,-0.02614406299999281,0.15324384107489844,0.0010600659404436294,0.01974571408608432,0.9765155064079093,0.13159483088339896
60.0,22.984,-0.9989962318541962,0.023258989782896783,-0.02457856403156046,0.14866232233564114,0.0010862401769492088,0.020273068731963023,0.9779928819280593,0.12695924081909982
60.0,23.01,-0.9989727979923454,0.023790168803338084,-0.023127620340741638,0.1442715783399599,0.0011129752565863032,0.02080083709499385,0.9793592969911133,0.12251659444756481
60.0,23.036,-0.9989488187244221,0.024321497523789763,-0.02178086878035384,0.1400601007883077,0.0011402725999932843,0.021329030237227417,0.9806249000209873,0.11825516428419539
60.0,23.062,-0.9989242801468249,0.02485349838805839,-0.020529063337807428,0.1360171970430467,0.0011681343418691525,0.021857660843369594,0.9817987337257686,0.11416409510077973
60.0,23.088,-0.9988991893607817,0.025385822080644573,-0.01936393655724524,0.1321329695333174,0.001196561758807831,0.022386738470599965,0.9828888787327398,0.11023332982861504
60.0,23.114,-0.9988735405710875,0.025918642325320988,-0.01827808397547177,0.1283982456982187,0.0012255571785215952,0.02291627507500726,0.9839025672205111,0.10645354545165618
60.0,23.14,-0.9988473321815237,0.026451958491903776,-0.017264854328561178,0.12480447090477997,0.0012551222778402495,0.023446281262627763,0.9848462873816937,0.10281608889695751
60.0,23.166,-0.9988205672483439,0.026985595618196166,-0.016318264760627307,0.12134374039203098,0.0012852589049355447,0.02397676784695069,0.9857258712085302,0.09931292526940498
60.0,23.192,-0.9987932347454828,0.02751990172321638,-0.015432924764140642,0.11800868307235746,0.0013159697167312706,0.024507750895200874,0.9865465714588022,0.09593658089171535
60.0,23.218,-0.9987653375097385,0.028054701829440018,-0.014603966545485422,0.11479242759663111,0.0013472567607137659,0.02503923478406281,0.9873131276350349,0.0926801044499309
60.0,23.244,-0.9987368737268147,0.02858999528630898,-0.01382698250239025,0.1116885964354253,0.001379122213503628,0.025571237516801692,0.9880298236251523,0.08953702453147888
60.0,23.27,-0.9987078415020655,0.02912578143704359,-0.013097981071937641,0.10869121985919922,0.0014115684447601811,0.026103771476099685,0.9887005397495565,0.08650130080509412
60.0,23.296,-0.9986782337179866,0.029662233921680048,-0.012413339526105429,0.10579474810679058,0.0014445982898811834,0.026636843426009606,0.9893287943956023,0.08356730705939094
60.0,23.322,-0.998648053377898,0.030199177759705827,-0.01176975755751361,0.10299396324745559,0.00147821364891132,0.027170467470844745,0.9899177858309461,0.08072977784536095
60.0,23.348,-0.9986172983919512,0.030736612275625227,-0.011164237481223558,0.1002840052421506,0.0015124180177473944,0.027704657210939353,0.9904704229846283,0.07798380146336782
60.0,23.374,-0.998585961189061,0.03127471107485968,-0.01059404300266438,0.09766034896242613,0.0015472132539232275,0.02823942395185914,0.990989358525087,0.0753247737223409
60.0,23.4,-0.9985540448468199,0.03181329917231668,-0.010056669068459156,0.09511871534220387,0.0015826026571505365,0.02877477785417738,0.9914770125302597,0.07274838994002308
60.0,23.426,-0.9985215414682792,0.03235255014815941,-0.009549828089401604,0.09265511170837708,0.0016185896632484131,0.029310736427056394,0.9919355981579033,0.07025061017348531
60.0,23.452,-0.9984884484287511,0.03289246328244718,-0.009071424659453767,0.09026578176581086,0.0016551764238944841,0.0298473065391683,0.9923671405862367,0.06782764582853722
60.0,23.478,-0.9984547630687469,0.0334330378483933,-0.008619534773297641,0.08794722280065,0.0016923666596478687,0.030384506410779392,0.9927734965327708,0.06547594222526752
60.0,23.504,-0.9984204826365228,0.033974273110305854,-0.008192394135972511,0.08569611850352243,0.001730163569739747,0.030922344034487993,0.9931563698893182,0.06319215687738047
60.0,23.53,-0.9983856103467855,0.03451599407335659,-0.00778837534128925,0.08350934979848675,0.0017685704630004636,0.031460836784690444,0.9935173266052744,0.06097314596986209
60.0,23.556,-0.9983501313671459,0.035058548493840325,-0.007405983548808249,0.08138399201555724,0.0018075908741898084,0.03199999261938088,0.9938578074586937,0.0588159503067739
60.0,23.582,-0.9983140486563492,0.03560176135272071,-0.007043838442701934,0.07931728511532563,0.0018472279433424793,0.032539827015336156,0.9941791399245206,0.056717784345514756
60.0,23.608,-0.9982773591973596,0.03614563188003799,-0.00670066593737918,0.07730661562670244,0.001887486279407456,0.0330803548698524,0.9944825480033832,0.05467602133463318
60.0,23.634,-0.9982400598695357,0.03669015929540892,-0.00637529165123157,0.07534954410858585,0.0019283685693959928,0.03362158970056631,0.9947691622309719,0.05268817994766519
60.0,23.66,-0.9982021474946359,0.037235342809443496,-0.006066625392260792,0.07344373482013704,0.0019698795962722494,0.03416354240709072,0.9950400273042878,0.050751921006900874
60.0,23.686,-0.9981636056141892,0.03778153004709869,-0.005773659260377339,0.07158700197956389,0.002012022402512293,0.034706224473632384,0.995296110199596,0.04886503185666483
60.0,23.712,-0.9981244503734675,0.03832819754044531,-0.005495458089148467,0.06977727643014095,0.002054802317090979,0.03524965515456245,0.9955383063764895,0.047025424395995066
60.0,23.738,-0.998084658260355,0.03887586708438874,-0.005231152927939028,0.06801258425557541,0.002098223060460438,0.035793845049165766,0.9957674461821435,0.045231117305154486
60.0,23.764,-0.9980442389732402,0.03942418942248556,-0.004979941017204786,0.06629107370830103,0.0021422888559048865,0.03633881139086627,0.9959843005579738,0.04348023726075127
60.0,23.79,-0.9980031889534028,0.03997316371260088,-0.004741071098898651,0.0646109863728143,0.002187004367666092,0.036884565133523874,0.9961895851753106,0.041771011261763726
60.0,23.816,-0.9979614903246409,0.04052313745194992,-0.00451384502223653,0.06297064553154556,0.0022323745807418657,0.03743111851670199,0.996383966202318,0.04010175370227447
60.0,23.842,-0.9979191458332958,0.04107393555633207,-0.004297615516277531,0.06136847459421291,0.0022784040208575934,0.037978493419271224,0.9965680629503636,0.03847086889643197
60.0,23.868,-0.9978761514591536,0.04162555712863641,-0.004091775264696775,0.059802964561883956,0.0023250964710500675,0.03852669482436317,0.9967424531068279,0.03687683795886137
60.0,23.894,-0.9978325101981637,0.04217782709350735,-0.0038957589972161443,0.05827267884421588,0.0023724591134520532,0.03907574493464662,0.9969076744496652,0.03531822463646097
60.0,23.92,-0.997788195714864,0.042731266989166274,-0.003709038461672958,0.056776264162538594,0.0024204955943299,0.03962565689295882,0.9970642293845279,0.03379365505993848
60.0,23.946,-0.9977432254972501,0.04328535340151213,-0.0035311215558221387,0.05531242726222015,0.0024692115063930185,0.04017644724134479,0.9972125866717967,0.03230183043442577
60.0,23.972,-0.9976975801652702,0.04384043366570821,-0.0033615465025330802,0.05387994007748417,0.0025186125255279895,0.0407281264280028,0.9973531848713635,0.030841508386475112
60.0,23.998,-0.997651254715778,0.044396506781695,-0.00319988012051844,0.052477625484538444,0.002568704266150022,0.04128070752075481,0.9974864338207118,0.02941150859179042
60.0,24.024,-0.9976042518753122,0.04495339761801077,-0.003045717334345661,0.05110436270548589,0.002619492876149161,0.04183421563610611,0.9976127169851763,0.028010707943607875
60.0,24.05,-0.997556566815384,0.04551110517121148,-0.002898680868494712,0.04975909750879691,0.0026709835497735956,0.042388663967931554,0.9977323940485908,0.026638032205298194
60.0,24.076,-0.9975081785109725,0.046069976617538165,-0.002758411939496971,0.04844080077618824,0.0027231818061393604,0.04294406245757616,0.9978458017551831,0.02529245803726642
60.0,24.102,-0.997459089340893,0.046629836774255966,-0.0026245774634829707,0.04714850874737892,0.0027760956539572192,0.04350042716899543,0.9979532562808106,0.02397300807095397
60.0,24.128,-0.9974093021881649,0.04719051048545558,-0.002496862663715044,0.04588129417711474,0.002829729604255911,0.044057780765483855,0.998055053882649,0.022678752883844085
60.0,24.154,-0.9973587949793582,0.047752344817416886,-0.002374973525186869,0.044638272289908854,0.002884092015742933,0.044616136662478906,0.9981514733286955,0.021408799054951636
60.0,24.18,-0.9973075700382281,0.0483151645578249,-0.002258630335117383,0.04341859124032698,0.002939188103741775,0.045175509038638074,0.9982427764003988,0.020162292837813903
60.0,24.206,-0.9972556216639893,0.048878968575899476,-0.00214757301233934,0.042221447914572656,0.002995025662967738,0.0457359175167409,0.9983292092053386,0.018938423838181916
60.0,24.232,-0.9972029438105212,0.049443755710450094,-0.0020415548904155027,0.041046063870638035,0.003051611647903962,0.04629738211332751,0.9984110036057919,0.01773640950361182
60.0,24.258,-0.9971495128594239,0.050009872851213145,-0.0019403425762900752,0.03989169717146453,0.0031089530284158914,0.04685991210073058,0.9984883774447133,0.016555502582781018
60.0,24.284,-0.9970953484216661,0.05057679666215581,-0.0018437188906932774,0.038757634416125786,0.0031670573866029385,0.04742352699967068,0.9985615364450867,0.015394989365848337
60.0,24.31,-0.9970404177363078,0.051145048004209374,-0.0017514760083091783,0.037643197711532315,0.003225933060612532,0.047988245869129365,0.9986306741783954,0.014254184217507421
60.0,24.336,-0.9969847315208172,0.051714277550502064,-0.0016634196853461927,0.03654773329231803,0.0032855866338295306,0.04855408721794013,0.998695973286923,0.013132429699748637
60.0,24.362,-0.996928274139683,0.05228465803790632,-0.0015793650752273709,0.0354706108282379,0.0033460258613220617,0.049121062867713616,0.9987576062486754,0.012029095456295977
60.0,24.388,-0.9968710293284342,0.052856362135690164,-0.0014991377233883154,0.034411230921337015,0.0034072612827925042,0.049689200236031135,0.998815735507353,0.01094357655801729
60.0,24.414,-0.9968130079375903,0.053429040501058726,-0.0014225736273733348,0.033369016273484896,0.0034692991473273364,0.05025851447427543,0.9988705149450913,0.009875292205723748
60.0,24.44,-0.996754184030024,0.05400303972642405,-0.0013495172955161213,0.032343412309994685,0.0035321490328276317,0.05082901877728087,0.9989220897396798,0.008823684231546567
60.0,24.466,-0.9966945593278188,0.05457818442963659,-0.0012798203190437787,0.031333880938600046,0.003595819950799958,0.05140073032121528,0.9989705971964216,0.007788216477619559
60.0,24.492,-0.9966341164709087,0.05515464712998271,-0.0012133436621449883,0.030339916882816762,0.0036603202457380474,0.05197368235516063,0.9990161671581055,0.006768373466586831
60.0,24.518,-0.9965728470777708,0.055732426331196565,-0.0011499545885424937,0.029361017784803885,0.0037256596552551467,0.05254787613892038,0.9990589225117039,0.005763659416384824
60.0,24.544,-0.9965107527075608,0.05631134659906215,-0.0010895284570278292,0.028396719400588133,0.0037918485369900024,0.053123346662189576,0.9990989796019981,0.004773597074893209
60.0,24.57,-0.9964478151192337,0.05689158032922895,-0.0010319459037558825,0.027446555517904925,0.003858896340890059,0.05370010233576068,0.9991364485827511,0.003797727247346609
60.0,24.596,-0.9963840255812885,0.057473125944049415,-0.0009770942978893492,0.026510087536419712,0.0039268118025813994,0.05427816732344049,0.9991714338302573,0.0028356074481258597
60.0,24.622,-0.9963193751308513,0.058055981830926834,-0.0009248665593382216,0.02558689420429255,0.003995605879938659,0.054857556654233364,0.9992040342725731,0.0018868114201861291
60.0,24.648,-0.996253854573821,0.05864014634155003,-0.0008751615599431792,0.02467656734889948,0.004065290807445244,0.055438301325982556,0.9992343437105025,0.0009509287731891801
60.0,24.674,-0.9961874442628734,0.05922579166544381,-0.0008278818810250182,0.023778710093756875,0.004135875377125681,0.0560204104655752,0.999262451085517,2.7563127325389253e-05
60.0,24.7,-0.9961201343492375,0.05981291605238863,-0.0007829365425150884,0.022892942405717882,0.004207370556703199,0.056603908923968486,0.9992884408037787,-0.0008836674785629265
60.0,24.726,-0.9960519254086001,0.0604013438765344,-0.0007402380791155773,0.022018897551693662,0.004279790152205484,0.057188818080780385,0.9993123929749238,-0.001783131690160881
60.0,24.752,-0.9959828074366912,0.060991073345802914,-0.0006997037533799261,0.021156219111980575,0.0043531433662310605,0.057775162788800544,0.999334383653538,-0.002671185507264118
60.0,24.778,-0.9959127487024986,0.06158245026788186,-0.0006612548448916256,0.020304568587206452,0.00442744270237664,0.05836295731164392,0.9993544850513317,-0.003548172685188327
60.0,24.804,-0.9958417490866295,0.06217529889680876,-0.0006248166348967104,0.019463614296124438,0.004502701535572581,0.0589522253344945,0.9993727657888811,-0.004414425347662645
60.0,24.83,-0.9957698086514214,0.06276944349417471,-0.0005903175352191423,0.018633035376185013,0.004578929994802101,0.05954298686892235,0.9993892910280114,-0.005270264208773244
60.0,24.856,-0.9956968832917471,0.06336540345023482,-0.0005576895695125488,0.01781252336393959,0.004656144244413189,0.06013527116533053,0.999404122742593,-0.00611599994842678
60.0,24.882,-0.9956229945179885,0.06396265535130276,-0.0005268684660419488,0.01700177910683783,0.004734354564409298,0.06072909690698429,0.9994173198215943,-0.00695193249557606
60.0,24.908,-0.9955480971372229,0.06456171842240857,-0.000497792421639185,0.01620051341452534,0.004813575754010741,0.061324484959236085,0.9994289382706028,-0.007778352580967224
60.0,24.934,-0.9954722127073253,0.06516206922934333,-0.0004704026028644384,0.01540844492102124,0.004893821946323845,0.061921458801379205,0.9994390313422028,-0.00859554102320381
60.0,24.96,-0.9953952949451383,0.06576422682625396,-0.00044464365525764154,0.01462530503795763,0.00497510765860011,0.06252004447874587,0.9994476496907018,-0.009403770458389946
60.0,24.986,-0.9953173422933931,0.06636801518790819,-0.0004204618970126937,0.013850829652057972,0.005057446119629954,0.06312026345579273,0.9994548415103595,-0.010203304279747246
60.0,25.012,-0.9952383418094793,0.0669734320035063,-0.0003978066624112657,0.013084763692235584,0.005140851996981371,0.06372213946537898,0.9994606526576121,-0.010994398369339726
60.0,25.038,-0.9951582684095721,0.0675806485925526,-0.00037662955864856633,0.012326860555671827,0.005225342582704688,0.06432569843994794,0.9994651267825791,-0.01177730021414287
60.0,25.064,-0.9950771198123817,0.0681894887959415,-0.0003568843637346981,0.011576880159670212,0.005310931632123884,0.06493096151401719,0.9994683053863743,-0.012552250464572055
60.0,25.09,-0.9949948822658865,0.06879995014126879,-0.00033852731839547603,0.01083459202823295,0.005397637272752996,0.06553795925180414,0.9994702280195277,-0.013319481878612597
60.0,25.116,-0.9949115173286704,0.06941237737702434,-0.00032151618002380645,0.010099768130854062,0.005485472771053086,0.06614670211479133,0.9994709322834163,-0.014079221055847071
60.0,25.142,-0.994827034129991,0.07002642054309033,-0.0003058109919349058,0.009372192024031696,0.005574457714551205,0.06675723267562042,0.9994704540134075,-0.014831687383016524
60.0,25.168,-0.9947413933365697,0.07064242421758847,-0.0002913735605768527,0.008651650041357957,0.005664609118999524,0.06736957312951564,0.9994688272778637,-0.015577094420410007
60.0,25.194,-0.9946545912618158,0.0712602119604252,-0.0002781674729219886,0.007937936260704279,0.005755942556683968,0.06798373992617547,0.9994660845304737,-0.016315649197322587
60.0,25.22,-0.9945666122165665,0.0718797809414903,-0.0002661576832464863,0.007230848154000782,0.005848478868742631,0.06859976673304814,0.9994622566628367,-0.017047553426000568
60.0,25.246,-0.9944774272831355,0.07250130181492147,-0.00025531115911019473,0.006530191643459437,0.005942236350825258,0.06921768175637695,0.9994573730431545,-0.017773003843448338
60.0,25.272,-0.9943870322887239,0.07312459799518616,-0.0002455963534599737,0.0058357771303274835,0.006037231126836135,0.06983749928150887,0.9994514617137401,-0.01849218819414182
60.0,25.298,-0.9942953844203525,0.07375001349144988,-0.0002369827393994563,0.0051474190004323584,0.006133487380436368,0.07045926712623399,0.9994445492168302,-0.019205294817164573
60.0,25.324,-0.9942024788175232,0.07437737156411053,-0.00022944177093873073,0.004464937061252512,0.006231021423914963,0.07108299527954431,0.9994366609045069,-0.019912503920644007
60.0,25.35,-0.9941082972763594,0.07500666894161226,-0.00022294570222240146,0.0037881569405806823,0.006329854550183701,0.07170871954684892,0.999427820907382,-0.020613988796483095
60.0,25.376,-0.9940128081604377,0.0756380757717106,-0.00021746835910303722,0.0031169070887177145,0.006430009098626188,0.07233646943445515,0.9994180520523017,-0.02130992453810858
60.0,25.402,-0.9939160054407526,0.07627141509640785,-0.00021298472590973122,0.0024510218791989344,0.006531505917102068,0.07296626803050296,0.9994073761961657,-0.022000474081351758
60.0,25.428,-0.9938178431454701,0.07690703032387071,-0.0002094708557265334,0.0017903384878826354,0.00663436835587387,0.07359814838702282,0.9993958139950134,-0.02268580215516898
60.0,25.454,-0.9937183276323786,0.0775445708510893,-0.0002069039421423077,0.00113469878321619,0.006738616954474573,0.07423213715570455,0.9993833851042763,-0.023366068300719366
60.0,25.48,-0.9936174115645696,0.07818437983164225,-0.0002052624153340195,0.00048394857708611836,0.006844275296817419,0.07486826240374143,0.9993701082122775,-0.024041425122267646
60.0,25.506,-0.9935150871812909,0.07882627995184374,-0.0002045253860781954,-0.0001620629806308427,0.006951369615175332,0.07550656242944268,0.9993560009939273,-0.024712027007775417
60.0,25.532,-0.9934113191981895,0.07947044065511565,-0.00020467323664313515,-0.0008034830172100743,0.00705992116522,0.0761470603335789,0.9993410803630053,-0.02537801616899363
60.0,25.558,-0.9933060852894592,0.08011685783817814,-0.00020568711747546008,-0.001440455277501371,0.0071699578026544865,0.07678978897636117,0.9993253621463667,-0.0260395418274139
60.0,25.584,-0.9931993766505894,0.0807653539393231,-0.00020754921971876818,-0.0020731204756408265,0.007281504496223655,0.0774347742598652,0.9993088614643152,-0.02669674276725161
60.0,25.61,-0.9930911275178553,0.08141644466605123,-0.00021024240553501648,-0.0027016155613304093,0.007394586227936522,0.07808205264433113,0.9992915926361686,-0.027349756056083755
60.0,25.636,-0.9929813562455774,0.08206960554226736,-0.00021375059300675036,-0.0033260753053722253,0.007509232644914566,0.07873166196066918,0.9992735691457605,-0.027998717040651874
60.0,25.662,-0.9928700099061899,0.08272517865472431,-0.00021805829078731418,-0.003946630902208679,0.0076254695589760115,0.07938362378687334,0.9992548037486872,-0.028643757601187134
60.0,25.688,-0.9927570486366675,0.0833833325441169,-0.00022315098284287968,-0.0045634108882262004,0.007743326467296809,0.0800379791880933,0.999235308511865,-0.029285006149526626
60.0,25.714,-0.9926424752011347,0.08404371577043872,-0.00022901467280491528,-0.0051765415356175735,0.007862831224386841,0.08069476188039658,0.9992150947137576,-0.02992259111430483
60.0,25.74,-0.9925262487040412,0.08470649664035482,-0.00023563626850480612,-0.005786146400496966,0.00798401560848846,0.08135399732440415,0.9991941731388013,-0.03055663221935502
60.0,25.766,-0.9924083120865985,0.08537201643799816,-0.0002430031614785437,-0.006392345985908874,0.00810691014563226,0.08201572192200732,0.9991725537315844,-0.03118725443496942
60.0,25.792,-0.9922886667386734,0.08603992338903715,-0.0002511037133258486,-0.006995259448392187,0.00823154362483996,0.08267996425288457,0.9991502459712709,-0.03181457402244848
60.0,25.818,-0.992167269237196,0.08671038526637011,-0.0002599266540370639,-0.007595003308896691,0.008357951685785714,0.08334677292255008,0.9991272585642195,-0.032438710741177705
60.0,25.844,-0.9920440897993912,0.08738339642414113,-0.0002694614838670558,-0.008191691029767214,0.00848616737920178,0.08401617921588721,0.999103599898503,-0.03305977389594527
60.0,25.87,-0.9919190829301008,0.08805912421521887,-0.0002796980865902216,-0.008785434965010391,0.00861622295935712,0.08468821585498945,0.9990792774564412,-0.03367788151780196
60.0,25.896,-0.9917922173490574,0.08873756263697423,-0.00029062732859747395,-0.009376346068891279,0.008748153300201181,0.0853629067392661,0.9990542984862766,-0.03429313943608164
60.0,25.922,-0.9916634764674677,0.08941853242662058,-0.00030224034258873744,-0.009964531051708641,0.008881996556828338,0.08604031654079952,0.9990286694913006,-0.034905658716267385
60.0,25.948,-0.9915327964250367,0.09010237342293351,-0.00031452872534253425,-0.010550097752833856,0.009017787075288095,0.08672045213795623,0.9990023965542564,-0.035515545194788764
60.0,25.974,-0.9914001590299099,0.09078890599650179,-0.0003274848352377778,-0.011133150823500663,0.009155565066070301,0.08740337111817266,0.9989754852130892,-0.036122904710144614
60.0,26.0,-0.9912654979873675,0.09147846946320799,-0.00034110137135788006,-0.011713791709851247,0.009295366915247174,0.08808910278557873,0.9989479406329829,-0.03672783786991107
80.0,0.0,-2.8971844836087343e-05,-0.00013353491275224514,-0.9923257013690358,0.009248108257431978,0.9991567310544577,1.6906643414894244e-06,0.009462567848318136,0.01273403878637572
80.0,0.026,-0.0006242458252215955,-0.024235773494909064,-0.9601724248296634,0.172265974936046,0.9987977715007997,-0.024113825773385923,0.041798999842541665,0.17412962428672737
80.0,0.052,-0.0023782739937861174,-0.04825482233293002,-0.8822884135784735,0.3079437510997047,0.9972634178926888,-0.048165698926556144,0.11915108407284601,0.30859423831844707
80.0,0.078,-0.00527916790612689,-0.07210792502981363,-0.7792454492256383,0.4037918665575549,0.9945639488574837,-0.07206870944780659,0.22141696208463602,0.40384065754000814
80.0,0.1,-0.008615188093520658,-0.09210170848195345,-0.6871970902704303,0.4542113651064421,0.9913831787468578,-0.0921161268944957,0.3128899973564943,0.45413033929130353
80.0,0.104,-0.009307258338971397,-0.09571421278316633,-0.6707505625892537,0.46073059072303557,0.990717788791431,-0.09573937064431044,0.32924962941037667,0.46065091697020616
80.0,0.13,-0.014435431816906244,-0.11899559578669126,-0.5695064501279393,0.48701658905849665,0.9857511857403236,-0.11909689763276644,0.4300755899975092,0.48704696711962353
80.0,0.156,-0.020629572570853762,-0.1418775924637375,-0.48118898599231497,0.4922550920544696,0.9796977596879558,-0.14206408334021206,0.518198261602179,0.49245876969752195
80.0,0.182,-0.027849142510823006,-0.16429009706694125,-0.40691947160072794,0.4844075011851541,0.9725979345228651,-0.16456811068889926,0.5924269502815045,0.48475830931905683
80.0,0.208,-0.03604780943035183,-0.18616798863342834,-0.3455893127124026,0.4691212456575846,0.9644982708644206,-0.18654125733860755,0.6538052479936748,0.469562488005432
80.0,0.234,-0.045174171550507895,-0.20745168186711704,-0.2953036749640759,0.4500695684607039,0.9554507220418001,-0.20792148125685045,0.704182096399155,0.45054329261460896
80.0,0.26,-0.05517249527578386,-0.22808763651452377,-0.25409682650975346,0.4295127648695956,0.9455118255553975,-0.22865290125877757,0.7454952659208031,0.42997076468884976
80.0,0.286,-0.06598364582975579,-0.24802849792756415,-0.22022001004949168,0.40878217418929913,0.9347418819587412,-0.248686078557162,0.7794781558304374,0.4091882211176796
80.0,0.312,-0.07754569082626454,-0.26723344392742904,-0.19221944801023835,0.38862608188254383,0.9232040830168444,-0.26797833111972896,0.8075768884295021,0.38895456929595906
80.0,0.338,-0.08979485993088082,-0.2856681838285779,-0.1689256851565128,0.3694369649490852,0.9109636763935499,-0.28649374857090426,0.8309577576367053,0.3696706892198471
80.0,0.364,-0.10266628953902156,-0.3033048993419079,-0.1494124827708609,0.35139473822173817,0.8980871485021733,-0.30420319883569835,0.8505463072818839,0.351522745099152
80.0,0.39,-0.11609467679216105,-0.3201221987115333,-0.1329506164570757,0.3345550857086088,0.8846414538462294,-0.32108414687092174,0.8670722775880301,0.33457094788800923
80.0,0.416,-0.13001505810474098,-0.3361048323114878,-0.11896620905858721,0.3189032157578463,0.8706932582764493,-0.33712055912421535,0.8811105457838634,0.3188036066081453
80.0,0.442,-0.14436333281261607,-0.35124344650152145,-0.10700658232543954,0.3043861983570169,0.8563083284705749,-0.35230244232843644,0.8931150418508613,0.30416998850637955
80.0,0.468,-0.1590770755426326,-0.3655341332604102,-0.09671291689617142,0.29093233242047456,0.8415508964250702,-0.36662561170762864,0.9034457709195343,0.29059982098493986
80.0,0.494,-0.1740956081794225,-0.3789781854405489,-0.0877993837629287,0.27846254399749515,0.8264831764936665,-0.3800912050558424,0.9123897888500269,0.2780149884363354
80.0,0.52,-0.18936073678217522,-0.3915815507507344,-0.08003667119012263,0.26689695290622895,0.8111649481608113,-0.39270520426512706,0.9201773723149024,0.26633620793861734
80.0,0.546,-0.20481691144383904,-0.40335442643214287,-0.07323971149748981,0.2561584885707146,0.7956531523235345,-0.4044780519105153,0.9269944232825563,0.25548678639381583
80.0,0.572,-0.22041167209866408,-0.41431074843317545,-0.06725821491478544,0.24617482989525977,0.7800016627543024,-0.41542408247697904,0.9329919882702795,0.24539455151980463
80.0,0.598,-0.23609549700244883,-0.4244678456588932,-0.0619693969866563,0.23687917166124886,0.7642610456733886,-0.42556105903059566,0.9382935585135218,0.23599282636702343
80.0,0.624,-0.2518224955079957,-0.4338457379020393,-0.05727209680420366,0.22821053768573002,0.7484784487139635,-0.4349096666058634,0.9430007367468237,0.2272205953350418
80.0,0.65,-0.2675498518412221,-0.44246701203791283,-0.05308273502345581,0.2201135039151353,0.7326975154808872,-0.4434931121662382,0.9471976246390528,0.21902241281282228
80.0,0.676,-0.283238326275731,-0.45035613475094605,-0.04933166417896736,0.212538096737648,0.7169583390452515,-0.45133661537018605,0.9509542172434524,0.21134821009649576
80.0,0.702,-0.29885197835001953,-0.4575392195816622,-0.04596058830200269,0.20543916748055735,0.7012974951488108,-0.4584670144536021,0.9543291279751936,0.20415274130508043
80.0,0.728,-0.31435828460896503,-0.46404351276240285,-0.04292048745396159,0.19877611474371717,0.6857481303892855,-0.4649123955961935,0.9573716701643833,0.19739528978989598
80.0,0.754,-0.3297277944232776,-0.46989728623069377,-0.04016982408338558,0.19251238434828383,0.6703400292719941,-0.47070171827373875,0.9601235638574415,0.19103917571603637
80.0,0.78,-0.34493443109559835,-0.47512919743428655,-0.037673376644674,0.18661504195343,0.6550997461141237,-0.4758644947787381,0.9626202592056367,0.1850513861305378
80.0,0.806,-0.3599549027480175,-0.47976832412435244,-0.03540101721295158,0.18105444913983312,0.6400507515137525,-0.4804305490017725,0.964892036842123,0.17940214461845203
80.0,0.832,-0.3747687614292653,-0.4838438204095263,-0.033326892929530186,0.17580385036156307,0.6252135801560309,-0.48442970653054024,0.9669648626116126,0.17406458726747137
80.0,0.858,-0.3893583409575704,-0.48738458536368573,-0.03142879107716038,0.1708391137491664,0.6106060304449167,-0.487891613547304,0.9688611020599156,0.1690144672557855
80.0,0.884,-0.40370847269911175,-0.49041920507468617,-0.02968746418255288,0.16613839808734396,0.5962433269920308,-0.49084551506266216,0.9706000924333912,0.16422985040919225
80.0,0.91,-0.41780613889068413,-0.492975884333338,-0.028086170211254292,0.16168192822573443,0.5821382804217646,-0.49332013751367815,0.9721986205977803,0.1596908755390122
80.0,0.936,-0.4316407772436027,-0.4950819684555009,-0.02661039044844883,0.15745177162531776,0.568301497451345,-0.4953435293273707,0.9736713095089284,0.15537952493699633
80.0,0.962,-0.4452036202845111,-0.4967642379741022,-0.025247391612702817,0.15343165313065874,0.5547415805153956,-0.49694293585614346,0.9750309441032664,0.1512794278893542
80.0,0.988,-0.45848761493725915,-0.49804872803082656,-0.023986010705551754,0.14960675864868556,0.5414652415922784,-0.4981447598179101,0.9762887366436424,0.14737569559056993
80.0,1.014,-0.47148773571848235,-0.49896026436696833,-0.022816421457524154,0.14596356780011122,0.528477517290384,-0.4989744552792173,0.9774545555113935,0.14365475009195697
80.0,1.04,-0.484199980032245,-0.4995231923353197,-0.021729960493609986,0.14248978297755985,0.5157819192366888,-0.49945649106218515,0.978537105711368,0.14010420265883813
80.0,1.066,-0.49662224979705216,-0.4997603138851444,-0.020718941692554647,0.1391741037398293,0.5033805805271814,-0.4996143109175517,0.9795440975501037,0.13671272323409978
80.0,1.092,-0.508753151382836,-0.4996939915962721,-0.01977655753830647,0.1360062419664267,0.49127441280902734,-0.4994703222699092,0.980482370681635,0.1334699398592361
80.0,1.118,-0.5205925992498238,-0.4993453073245825,-0.018896739183725416,0.13297671985205806,0.4794632344780184,-0.49904589184976605,0.981358014302649,0.1303663336648545
80.0,1.144,-0.5321415762713637,-0.4987342487004359,-0.018074075038211717,0.13007685320848938,0.46794590339756803,-0.49836132680745315,0.9821764600642267,0.12739316902647438
80.0,1.17,-0.5434017637068347,-0.4978799720576139,-0.017303723931242812,0.12729864646306102,0.4567204045949701,-0.49743591036828577,0.9829425669484672,0.1245424032502674
80.0,1.196,-0.5543756855710883,-0.4968005136773446,-0.016581340679112527,0.12463474199651228,0.44578400169988347,-0.4962878965176888,0.9836606907020911,0.1218066312672605
80.0,1.222,-0.5650662847128994,-0.4955131937486578,-0.0159030278896514,0.1220783426366062,0.43513332596241455,-0.4949345404108786,0.984334745539284,0.11917901639983429
80.0,1.248,-0.5754774633319912,-0.49403396647361864,-0.015265266098381766,0.11962315944213264,0.4247644227434852,-0.49339214231113976,0.984968255679183,0.11665324918467217
80.0,1.274,-0.5856131930054513,-0.4923782885358927,-0.014664887739247703,0.11726340053222101,0.4146728934942107,-0.49167603527168485,0.9855644014254704,0.11422348815631668
80.0,1.3,-0.5954781084105036,-0.4905605038810206,-0.014099021588645457,0.11499368337150732,0.40485394865043345,-0.4898006580100423,0.9861260590417074,0.11188432114069687
80.0,1.326,-0.6050771146274415,-0.48859410512214974,-0.013565069562001179,0.11280901857403258,0.3953024349486065,-0.4877795847463756,0.9866558331052524,0.10963073322874647
80.0,1.352,-0.614415301625914,-0.48649192033292255,-0.01306067257538284,0.11070478326382853,0.38601297610272944,-0.48562552606695913,0.9871560885532825,0.10745806328699803
80.0,1.378,-0.6234982209211346,-0.4842657080073877,-0.012583683200958807,0.10867665802580298,0.3769799564173242,-0.48335042595634736,0.9876289751001978,0.10536197970895399
80.0,1.404,-0.6323313970140954,-0.48192670673970944,-0.012132149960181735,0.10672064366885405,0.3681976061509051,-0.4809654444919076,0.988076451371277,0.1033384467416265
80.0,1.43,-0.6409204811801475,-0.47948548043218836,-0.011704285435769225,0.10483300418780127,0.3596600115276463,-0.4784810256006696,0.9885003039021805,0.1013837071117274
80.0,1.456,-0.6492712678038588,-0.47695181661093516,-0.011298459904546539,0.1030102486176984,0.3513612082901068,-0.4759069219233522,0.9889021656369772,0.09949425191152127
80.0,1.482,-0.6573896985935449,-0.47433478335134355,-0.010913181365867324,0.10124911589191084,0.34329516222727574,-0.4732522330966952,0.989283530813704,0.09766680712815556
80.0,1.508,-0.665281627781801,-0.47164296036711084,-0.010547080435522358,0.09954657201127858,0.33545582617698005,-0.470525443403474,0.9896457693660541,0.09589830756974063
80.0,1.534,-0.6729529350406539,-0.4688844017305027,-0.010198903264681836,0.09789977219369642,0.3278371479096282,-0.4677344664704998,0.9899901388019322,0.09418588941472192
80.0,1.56,-0.6804095857281917,-0.46606637475098867,-0.009867490190955694,0.09630602800110812,0.320433120931554,-0.46488664857269096,0.9903177953831223,0.09252686151485541
80.0,1.586,-0.6876574313955037,-0.46319578807932815,-0.0095517808286784,0.09476285194141863,0.3132377631799682,-0.4619888287893719,0.9906298030095781,0.09091870938459197
80.0,1.612,-0.6947021897754082,-0.46027922523895903,-0.00925079441214299,0.0932678915750552,0.30624516961574133,-0.45904736745515057,0.9909271428389017,0.0893590659437264
80.0,1.638,-0.7015496200038154,-0.457322579313137,-0.008963623441914509,0.09181893242822972,0.2994495203540667,-0.4560681489197098,0.9912107200981437,0.08784570972999031
80.0,1.664,-0.7082054073409886,-0.4543313591045437,-0.008689430920540905,0.09041390012087326,0.2928450680108187,-0.45305665712116705,0.9914813716925529,0.08637654909646039
80.0,1.69,-0.7146750415259159,-0.4513108213064127,-0.008427444212688453,0.08905084177852743,0.2864261752329874,-0.4500179543807343,0.9917398715408755,0.08494962003070415
80.0,1.716,-0.7209640378436841,-0.4482656222408231,-0.00817694644869049,0.08772790922317199,0.280187326645703,-0.44695672875145703,0.9919869368770939,0.08356306651788761
80.0,1.742,-0.7270777271616259,-0.4452002370202566,-0.007937268460346342,0.08644337360260848,0.2741230852891022,-0.4438773223198531,0.9922232326346323,0.08221514331035452
80.0,1.768,-0.7330213617670757,-0.4421187065844848,-0.00770779700611278,0.08519559759176712,0.268228171150228,-0.44078374568129935,0.9924493762770309,0.0809041994762601
80.0,1.794,-0.7387999852621739,-0.4390249343444122,-0.007487953976878701,0.08398302223898171,0.26249741230921897,-0.4376796992840182,0.9926659414488347,0.07962868095842326
80.0,1.82,-0.744418667610627,-0.43592232921350554,-0.007277206159574022,0.08280420019468969,0.2569257543013893,-0.43456859938516074,0.9928734621562767,0.07838711393469798
80.0,1.846,-0.7498822193096423,-0.4328141808896995,-0.007075055152345766,0.08165774252895207,0.2515083039862291,-0.43145359526435273,0.9930724356317571,0.07717810545305258
80.0,1.872,-0.7551954781279352,-0.4297033269754736,-0.0068810367956356295,0.08054233446734259,0.24624024921607854,-0.4283375844374124,0.993263325176515,0.07600034053241254
80.0,1.898,-0.7603629643754176,-0.4265926715129924,-0.006694718338287516,0.07945674074579011,0.2411169686263713,-0.4252232226524179,0.9934465633321985,0.07485257227149572
80.0,1.924,-0.7653892760777385,-0.4234845577293526,-0.006515693504136005,0.07839978337886039,0.2361339166319725,-0.42211296322848335,0.9936225542308658,0.0737336135990563
80.0,1.95,-0.7702787011091056,-0.4203814384851395,-0.0063435863821541035,0.07737035629305461,0.2312867192169378,-0.41900904641188885,0.9937916752626549,0.07264234637908847
80.0,1.976,-0.7750355287235223,-0.41728536951267214,-0.006178038621944334,0.07636738700794983,0.22657111262817983,-0.41591352559758565,0.9939542799493691,0.07157770442100331
80.0,2.002,-0.7796637990122978,-0.4141984104351459,-0.006018723179657787,0.0753898864797761,0.22198296526274156,-0.4128282837522626,0.9941106993158946,0.07053867553254825
80.0,2.028,-0.7841676367033148,-0.411122120635791,-0.005865324520188164,0.0744368856177185,0.21751826125287857,-0.40975503275406006,0.9942612433701277,0.06952430007281923
80.0,2.054,-0.7885507807574748,-0.4080583689341908,-0.00571755359925766,0.07350748455116543,0.21317313314218117,-0.40669533498242094,0.9944062031309253,0.06853366429222096
80.0,2.08,-0.7928171157599895,-0.40500840518287834,-0.005575134728911473,0.07260081625355289,0.20894381393623895,-0.4036506120753354,0.9945458516656799,0.06756589707124268
80.0,2.106,-0.7969701482041409,-0.401973820395777,-0.005437811120897854,0.0717160612309478,0.2048266666150038,-0.40062216015276325,0.9946804457661776,0.06662017191925151
80.0,2.132,-0.8010134527095737,-0.3989557414664394,-0.005305341301435729,0.07085242897905619,0.20081816288004342,-0.397611137931127,0.9948102266980061,0.06569570017615978
80.0,2.158,-0.8049504554116442,-0.39595525243501706,-0.005177495182754596,0.0700091812971077,0.19691489988224178,-0.3946186106745532,0.9949354213535397,0.06479172946109549
80.0,2.184,-0.8087845007981642,-0.39297326318552017,-0.005054059484204031,0.06918559717408408,0.19311357454286673,-0.39164552785687334,0.9950562438396382,0.06390754388069077
80.0,2.21,-0.8125186539202446,-0.3900109460733362,-0.004934831972321675,0.06838100424451339,0.18941099538152564,-0.3886927396646405,0.995172895542225,0.06304245715176487
80.0,2.236,-0.8161561787741677,-0.38706875475392666,-0.0048196209268690825,0.06759474508240611,0.1858040910676174,-0.3857610085100721,0.9952855662189041,0.06219581973419413
80.0,2.262,-0.8196999237720851,-0.38414770566078865,-0.0047082468041251884,0.06682620749772848,0.1822898675797522,-0.38285101724259685,0.9953944355898711,0.061367003314289785
80.0,2.288,-0.8231528055543598,-0.3812483968216782,-0.004600539921676797,0.06607479951880837,0.17886545291931943,-0.3799633677552581,0.9954996726979431,0.06055541478664552
80.0,2.314,-0.8265176671861492,-0.37837129407510195,-0.004496337680824893,0.06533994874906583,0.17552805274878322,-0.3770985842045953,0.9956014374634455,0.059760484209352344
80.0,2.34,-0.8297971551507729,-0.3755170302039792,-0.004395489747049576,0.06462111615730057,0.17227498708581535,-0.37425713102865227,0.9956998812201571,0.05898166489531536
80.0,2.366,-0.8329939768021385,-0.37268583086073886,-0.0042978524103753106,0.0639177874963643,0.16910364016977336,-0.37143941767369903,0.9957951470263776,0.05821843522915787
80.0,2.392,-0.8361105188160316,-0.3698783944263694,-0.004203287273443527,0.06322945766710074,0.16601151908389533,-0.36864577965732925,0.9958873701761551,0.05747029700396735
80.0,2.418,-0.8391493614607399,-0.3670947321616701,-0.004111666820489348,0.06255565179131353,0.16299617995587437,-0.36587651483302663,0.9959766790072779,0.05673677028242976
80.0,2.444,-0.8421127686611827,-0.3643353415362154,-0.0040228695033888056,0.06189592414176693,0.1600552841396397,-0.3631318600979571,0.9960631952881644,0.05601739520435233
80.0,2.47,-0.8450030725739431,-0.36160033413663184,-0.003936777145391213,0.061249821574754525,0.1571865647115202,-0.36041202847951215,0.9961470341474071,0.055311733765374196
80.0,2.496,-0.8478224224550434,-0.35889002811066917,-0.0038532815949625047,0.060616939741014876,0.15438784128894084,-0.3577171644210133,0.9962283049396922,0.05461936292583536
80.0,2.522,-0.8505730366816552,-0.35620436224478924,-0.003772277937557915,0.05999687263460368,0.15165698510876616,-0.35504739086305287,0.9963071115122869,0.053939878145715374
80.0,2.548,-0.8532568315255025,-0.35354378963203253,-0.0036936667182422022,0.059389233300366905,0.1489919686272712,-0.35240279376829,0.9963835526234793,0.0532728899493959
80.0,2.574,-0.8558759815975795,-0.350907945694528,-0.003617352226434747,0.05879364634220819,0.14639080667133503,-0.34978342932855877,0.9964577217454555,0.05261802743089014
80.0,2.6,-0.8584322397986506,-0.34829728786242203,-0.0035432457882349283,0.05820975402127575,0.14385160138868186,-0.34718931590050617,0.9965297082904325,0.05197492788100057
80.0,2.626,-0.8609275585964601,-0.34571161086094815,-0.0034712617953759775,0.05763722242256485,0.14137250791030487,-0.3446204450458953,0.9965995967349712,0.05134325071626976
80.0,2.652,-0.8633637170996142,-0.34315094280222486,-0.003401319347534536,0.05707572053835069,0.1389517453985992,-0.3420767964605416,0.9966674681016715,0.0507226618823721
80.0,2.678,-0.8657424529186669,-0.34061525314968083,-0.0033333400916614178,0.056524920380900096,0.1365875974026206,-0.33955831089693284,0.9967333989192829,0.050112844284269493
80.0,2.704,-0.8680654578800086,-0.33810445325571176,-0.0032672513710352282,0.05598453557706456,0.13427840030709695,-0.3370649189342463,0.9967974625458099,0.04951348915271908
80.0,2.73,-0.8703343212086193,-0.3356185511382972,-0.0032029821870429346,0.055454255672918146,0.1320225488407915,-0.3345965257248003,0.9968597285412242,0.04892430300564942
80.0,2.756,-0.8725505937160382,-0.33315750468167793,-0.003140464568213524,0.05493380440614142,0.12981849745886165,-0.33215302030509763,0.9969202637700909,0.048345000742823815
80.0,2.782,-0.8747159022057589,-0.3307209177463339,-0.0030796357504369754,0.05442291293990797,0.12766474554416318,-0.32973427754911805,0.9969791314535872,0.04777530735786841
80.0,2.808,-0.8768315421755457,-0.32830910876527875,-0.003020435127610329,0.05392131978516571,0.12555983762558626,-0.32734016292257373,0.9970363920940394,0.04721496148580051
80.0,2.834,-0.8788990643315222,-0.3259215903665136,-0.002962801959754611,0.05342876451007159,0.12350237481280849,-0.324970515588541,0.997092103716559,0.04666370670653287
80.0,2.86,-0.8809198095760783,-0.32355829081759097,-0.002906682880150016,0.05294500570644363,0.12149100475245331,-0.3226251787366567,0.997146321550471,0.046121296773604145
80.0,2.886,-0.8828950286306546,-0.3212192531689083,-0.0028520226433704408,0.05246980859863407,0.11952442021809248,-0.32030396618370804,0.9971990982297234,0.04558749737921849
80.0,2.912,-0.8848261069955164,-0.31890402070611507,-0.0027987718026322083,0.05200295041381364,0.11760135225297262,-0.3180066994606497,0.9972504842753754,0.04506207921057876
80.0,2.938,-0.8867142297557171,-0.3166125626790099,-0.0027468816339128715,0.05154421424262672,0.11572058425305616,-0.31573318157869246,0.9973005279731099,0.0445448214416948
80.0,2.964,-0.8885606074916652,-0.31434466033838143,-0.002696304384773703,0.05109337703961637,0.11388091894697604,-0.31348321386183214,0.9973492755667819,0.04403551349518376
80.0,2.99,-0.8903664202945198,-0.3121000620348892,-0.002646995983427484,0.050650244898518854,0.11208121731075821,-0.31125658599139194,0.9973967711078675,0.04353394632356661
80.0,3.016,-0.8921327621623073,-0.3098786395236151,-0.002598913157845267,0.050214617224110115,0.11032037927362096,-0.309053079323501,0.9974430570983399,0.04303992465408356
80.0,3.042,-0.8938607570527335,-0.30768008088057963,-0.002552014895162079,0.049786298497311,0.10859732367923687,-0.30687248224080593,0.9974881738376397,0.0425532565028091
80.0,3.068,-0.895551391457576,-0.3055043569481098,-0.0025062632188331577,0.049365115170663595,0.10691101474635145,-0.304714564750905,0.9975321603639112,0.04207375322219627
80.0,3.094,-0.8972057336795809,-0.30335110013017286,-0.0024616196178973283,0.04895088107554316,0.10526045510956719,-0.302579097284598,0.997575053810618,0.0416012399443292
80.0,3.12,-0.8988247214861781,-0.30122023044278257,-0.002418047355489855,0.048543425899120654,0.10364466648163836,-0.3004658495618175,0.9976168899834351,0.04113553991437815
80.0,3.146,-0.9004093732874698,-0.299111330097646,-0.002375512508787427,0.04814258341162038,0.10206270886037752,-0.2983745801881133,0.9976577029859443,0.04067648668932058
80.0,3.172,-0.9019605778206571,-0.297024271466431,-0.002333981359636381,0.0477481914725896,0.10051368007226398,-0.2963050562752556,0.9976975256953188,0.04022391893060956
80.0,3.198,-0.9034792529919293,-0.2949587477409542,-0.0022934223089985805,0.04736009728045388,0.09899669906395706,-0.2942570586681577,0.997736389854173,0.03977767866825941
80.0,3.224,-0.9049662436393077,-0.2929145887918861,-0.0022538041861778512,0.04697814085456582,0.09751090088372008,-0.2922303007590374,0.9977743254915924,0.03933761477052195
80.0,3.25,-0.9064223748935629,-0.2908916051806511,-0.002215098604129715,0.04660218751644187,0.09605547501845962,-0.2902245965977762,0.9978113618408616,0.03890357775258347
80.0,3.276,-0.9078485002779797,-0.2888894295727322,-0.0021772764380657977,0.04623208974355901,0.09462961208686767,-0.2882396535666664,0.9978475268539289,0.03847542673764622
80.0,3.302,-0.9092453547572996,-0.286907993789043,-0.0021403107269829472,0.045867714039711335,0.09323253896779954,-0.28627524766759,0.9978828473129386,0.038053024232879665
80.0,3.328,-0.9106137506599148,-0.2849468940174117,-0.002104174807353655,0.04550891950305455,0.09186350563763673,-0.2843311526185775,0.9979173491409928,0.03763623440072755
80.0,3.354,-0.9119543869682718,-0.2830060288720519,-0.0020688443067085173,0.045155584105104826,0.09052178891325587,-0.28240710289076176,0.9979510571036223,0.037224928283278357
80.0,3.38,-0.9132680404091106,-0.2810849619664784,-0.0020342942915291384,0.044807578275542985,0.08920668327160575,-0.28050286935216817,0.9979839951886662,0.036818980331489295
80.0,3.406,-0.9145553225079929,-0.2791837194870133,-0.00200050155673581,0.04446478050778024,0.08791749433711354,-0.27861818930941074,0.9980161864539172,0.0364182666580899
80.0,3.432,-0.9158169306299799,-0.2773019960429862,-0.001967444009360139,0.04412708219883618,0.08665357348040861,-0.2767528270125049,0.9980476527856054,0.036022672008482616
80.0,3.458,-0.9170535891068927,-0.275439310629489,-0.0019351000373694742,0.04379435690546087,0.08541426781859986,-0.27490655340019987,0.9980784157544944,0.03563207932946925
80.0,3.484,-0.9182658638915265,-0.2735956492845585,-0.001903448011985025,0.04346650117418527,0.08419896814296297,-0.27307913107785914,0.9981084956827629,0.03524637671453825
80.0,3.51,-0.9194543559677619,-0.2717708263839682,-0.001872467970470843,0.04314340377714239,0.08300706016397603,-0.27127029540831493,0.9981379125789308,0.034865457439804515
80.0,3.536,-0.9206196975159504,-0.26996448327730593,-0.001842141465661818,0.042824960850023096,0.08183796282339362,-0.2694798456343812,0.9981666852994274,0.03448921470382554
80.0,3.562,-0.9217624587524383,-0.26817640999376646,-0.0018124492777606828,0.04251107574249152,0.08069110346262143,-0.26770751538892346,0.9981948322346663,0.03411754863078602
80.0,3.588,-0.9228831969744044,-0.2664063857936033,-0.0017833737661672616,0.04220164407525386,0.07956594570818393,-0.265953100358512,0.9982223712176228,0.03375035929214965
80.0,3.614,-0.9239825037366863,-0.2646540184913066,-0.001754896514203979,0.0418965686370451,0.07846194677446093,-0.2642163692700907,0.9982493193550821,0.03338754844689116
80.0,3.64,-0.9250608175900396,-0.26291938899082223,-0.0017270021790013353,0.0415957637839668,0.07737858559554663,-0.2624970566601026,0.9982756929770993,0.03302902477444083
80.0,3.666,-0.9261186586092681,-0.2612022467821529,-0.0016996739800554611,0.04129913618057853,0.0763153570365883,-0.26079496367892635,0.9983015081685617,0.03267469517296169
80.0,3.692,-0.9271566253110872,-0.2595020083140615,-0.0016728955861071229,0.041006594472553885,0.07527178100846921,-0.25910985589149044,0.9983267801200886,0.03232447346044826
80.0,3.718,-0.9281750788189702,-0.2578188900394948,-0.0016466529017582156,0.040718058553836485,0.07424737467028188,-0.2574415047537605,0.9983515237677808,0.03197827167616999
80.0,3.744,-0.9291745929506986,-0.2561522901721469,-0.0016209311112421838,0.04043344065851202,0.07324169228225198,-0.25578970787400407,0.998375753333716,0.031636008788216624
80.0,3.77,-0.9301555069725059,-0.2545024091643372,-0.0015957159734810945,0.040152659482863895,0.07225427167865633,-0.2541542400143191,0.998399482749413,0.03129760024303425
80.0,3.796,-0.9311183751702073,-0.2528686293682282,-0.0015709939768481812,0.039875644569871624,0.07128468744858012,-0.2525348703511204,0.998422725263327,0.030962970163886865
80.0,3.822,-0.932063605657666,-0.2512508115554398,-0.0015467526142676422,0.039602308542967445,0.0703325141470179,-0.25093140416395304,0.9984454938671934,0.03063203915578458
80.0,3.848,-0.9329915528143743,-0.24964897224143112,-0.0015229776652233833,0.03933258408561163,0.0693973449186003,-0.24934361449684989,0.9984678010585574,0.03030473127607406
80.0,3.874,-0.9339026538821804,-0.24806279709558843,-0.001499658325548165,0.03906639605114137,0.06847878540977174,-0.24777130644419182,0.9984896587906181,0.02998097752266696
80.0,3.9,-0.9347973304494025,-0.24649196323109282,-0.0014767813538273458,0.03880367091237331,0.0675764376089966,-0.24621425948405137,0.9985110788369755,0.029660703636291058
80.0,3.926,-0.9356759136883028,-0.24493646887248927,-0.001454336870819222,0.03854434538871852,0.06668994127473486,-0.24467227766258112,0.9985320724669443,0.029343840557126178
80.0,3.952,-0.9365388529948553,-0.2433958160364226,-0.0014323123941145102,0.038288353099005544,0.06581892254274037,-0.2431451725930703,0.9985526505414417,0.029030322684476282
80.0,3.978,-0.9373864185899244,-0.24187015423920838,-0.0014106975794190963,0.03803562449951087,0.06496302910505486,-0.2416327239311038,0.9985728236439486,0.0287200843929383
80.0,4.004,-0.9382190026353899,-0.24035913790047342,-0.0013894825000846892,0.03778609577621059,0.06412191528421343,-0.24013474374831328,0.9985926020862584,0.02841305828898044
80.0,4.03,-0.939036985860176,-0.23886241485003284,-0.0013686563173984088,0.03753970871745211,0.06329524684231397,-0.23865104473070992,0.9986119956334907,0.028109187413870432
80.0,4.056,-0.9398406601049896,-0.23737995593909175,-0.0013482095979548893,0.03729640185960153,0.0624826976323438,-0.23718141185952077,0.9986310139868587,0.027808406071099946
80.0,4.082,-0.9406303500969218,-0.23591156295070284,-0.00132813313559056,0.037056114917064426,0.06168395037794334,-0.23572569019153544,0.9986496663957556,0.027510657258880286
80.0,4.108,-0.9414063744660228,-0.23445703315265257,-0.0013084166599133412,0.036818788800627215,0.06089869655844351,-0.2342836676431481,0.9986679618181293,0.02721588395400467
80.0,4.134,-0.9421690039862639,-0.2330163235789138,-0.0012890529990784853,0.03658437387635367,0.06012663710668097,-0.23285516259603584,0.9986859090026546,0.026924029114698666
80.0,4.16,-0.9429186255779545,-0.2315888937850012,-0.001270031675032921,0.036352813138270185,0.05936748193927187,-0.23144002299418623,0.9987035163979158,0.026635037423005777
80.0,4.186,-0.9436554171951926,-0.23017502159338557,-0.0012513461003051869,0.036124046363412474,0.058620945322101485,-0.23003804192185956,0.9987207921450396,0.026348857029542164
80.0,4.212,-0.9443797500073495,-0.22877415735705917,-0.0012329866545549345,0.03589803114987902,0.0578867502581744,-0.22864904242013454,0.9987377442776616,0.026065432582114464
80.0,4.238,-0.9450918712998305,-0.22738624208020203,-0.0012149460029485777,0.03567471340344477,0.0571646254346371,-0.22727284944256526,0.9987543803574406,0.025784717426814263
80.0,4.264,-0.9457920221161139,-0.22601121311137556,-0.0011972171204224496,0.03545404412162633,0.056454309038091004,-0.2259092888607415,0.9987707079573329,0.025506657922386766
80.0,4.29,-0.946480514560901,-0.2246486735841076,-0.0011797917754457104,0.035235971173056574,0.0557555549313853,-0.22455821336882473,0.9987867342779255,0.025231207385195905
80.0,4.316,-0.9471575421856296,-0.22329871967513684,-0.0011626634198512297,0.035020451413678454,0.05506811155015317,-0.22321945228481022,0.9988024663646596,0.024958317373744005
80.0,4.342,-0.9478234050603307,-0.2219609473066639,-0.0011458244332238194,0.03480744248808316,0.05439173244139819,-0.22189283685174024,0.9988179110003971,0.024687942919341045
80.0,4.368,-0.948478286117146,-0.22063544630595747,-0.0011292681814083843,0.034596890782935624,0.05372619154908441,-0.22057819647388938,0.9988330747965533,0.024420039040184468
80.0,4.394,-0.9491224755663754,-0.21932180622183017,-0.0011129887005945133,0.03438875952711244,0.05307124820480559,-0.21927536726844948,0.9988479641942055,0.024154560741739706
80.0,4.42,-0.9497561837444011,-0.21801994506219025,-0.0010969791755322436,0.034183000765826956,0.05242668406335708,-0.2179842095396082,0.998862585446484,0.023891464761005538
80.0,4.446,-0.950379579042083,-0.21672994409054946,-0.0010812331970324082,0.03397957524027486,0.05179228658713359,-0.2167045582018876,0.9988769445759177,0.023630709565882996
80.0,4.472,-0.9509929759331641,-0.2154512182727379,-0.0010657450841579383,0.0337784443404323,0.05116783618726825,-0.21543625288300708,0.9988910474874915,0.023372253613897886
80.0,4.498,-0.9515964951752145,-0.2141840092275337,-0.0010505091564292433,0.03357956624515719,0.05055314052895038,-0.2141791817644131,0.9989048998832554,0.02311605709483064
80.0,4.524,-0.9521904038082364,-0.21292789222681907,-0.0010355186934487466,0.033382899901588145,0.04994797661097276,-0.21293313843056028,0.998918507276977,0.022862081931426585
80.0,4.55,-0.9527748532405652,-0.21168293845369715,-0.0010207695587099706,0.03318840872112833,0.04935216740786617,-0.21169801265108046,0.9989318751106473,0.022610288293665154
80.0,4.576,-0.9533501028968336,-0.21044871824076794,-0.0010062553973349954,0.03299605680043566,0.04876551312440889,-0.2104736500461878,0.9989450086175761,0.022360638084581153
80.0,4.602,-0.9539162580822734,-0.20922546432248573,-0.0009919711359482827,0.032805808800149806,0.04818783078193556,-0.2092599205122525,0.9989579129059087,0.022113094942476152
80.0,4.628,-0.9544735690778156,-0.20801274213779894,-0.000977912152027127,0.03261762244196323,0.04761893899888835,-0.20805667053458005,0.9989705928659014,0.021867625983509106
80.0,4.654,-0.9550222092378501,-0.206810447778807,-0.0009640732388954069,0.032431471165720656,0.04705865814315412,-0.20686377400987124,0.9989830533898669,0.021624191340606436
80.0,4.68,-0.9555623477804517,-0.20561847521432655,-0.000950449416940562,0.03224731393623025,0.04650681379472544,-0.2056810808398232,0.998995299094727,0.02138276160127512
80.0,4.706,-0.9560941152036804,-0.2044368834426536,-0.0009370355822138165,0.03206512153148982,0.04596324379915893,-0.2045084655850559,0.9990073346032559,0.02114329862590004
80.0,4.732,-0.9566177451126262,-0.2032652289090939,-0.0009238282970761307,0.03188486146678957,0.04542777667738948,-0.20334578237656822,0.9990191642959343,0.020905772986340297
80.0,4.758,-0.9571333617198672,-0.20210356696089496,-0.0009108225331821895,0.031706501838081574,0.04490026169379299,-0.20219293217528383,0.9990307924939918,0.020670151759460003
80.0,4.784,-0.9576411209850862,-0.20095178421342155,-0.0008980139173347871,0.03153001124541271,0.04438053702181711,-0.20104977126273976,0.9990422233948874,0.020436403759069164
80.0,4.81,-0.9581412118057693,-0.19980959860421302,-0.0008853986118222586,0.031355355173927874,0.043868452513598354,-0.19991618001749856,0.999053461122473,0.020204496048376687
80.0,4.836,-0.9586337487989324,-0.1986770604752816,-0.0008729719731869753,0.031182506900238077,0.04336385232049379,-0.19879201803015875,0.9990645095742545,0.019974402659030437
80.0,4.862,-0.9591188788201193,-0.19755405150921254,-0.0008607299916041386,0.03101144009578382,0.042866598892340346,-0.19767716721354797,0.9990753727171232,0.01974608889776903
80.0,4.888,-0.9595968153672768,-0.19644011707934123,-0.0008486696168989238,0.030842121703961792,0.04237654687837768,-0.19657151307938658,0.999086054237691,0.01951953052788142
80.0,4.914,-0.9600675980106472,-0.19533563840002394,-0.0008367864497375909,0.030674526326980353,0.04189356042335409,-0.19547494094122225,0.9990965578232448,0.019294698075467603
80.0,4.94,-0.9605314340111009,-0.19424015771154365,-0.0008250766150101575,0.03050862542573622,0.04141749797824251,-0.19438731577548132,0.9991068870461817,0.019071563804855245
80.0,4.966,-0.9609884575505229,-0.19315355035823623,-0.0008135368458591411,0.03034439090193924,0.04094823688040795,-0.19330854741048253,0.9991170454552469,0.01885009823169195
80.0,4.992,-0.9614387695955369,-0.19207585871859442,-0.0008021635065005784,0.030181798593184154,0.040485643867492115,-0.1922385029437515,0.999127036342483,0.018630278840713957
80.0,5.018,-0.9618825010856373,-0.19100695596561804,-0.0007909534641495837,0.030020821230586057,0.040029592820073887,-0.191177073251441,0.9991368630567947,0.018412077881003797
80.0,5.044,-0.9623198142093563,-0.1899465461486006,-0.0007799032171647041,0.029861435428059063,0.039579961131563535,-0.1901241730500456,0.9991465288256035,0.018195469340345674
80.0,5.07,-0.9627507685107071,-0.18889483575099117,-0.0007690092425085194,0.029703614729376528,0.03913662797692596,-0.18907964975374877,0.999156036780172,0.01798042894586621
80.0,5.096,-0.9631755542519201,-0.18785135831872146,-0.0007582691191729237,0.029547333067204598,0.0386994828823509,-0.18804344168736287,0.999165389965877,0.017766932419947812
80.0,5.122,-0.9635942279327105,-0.18681631843215268,-0.0007476785937541208,0.02939257160329207,0.03826839949507255,-0.18701540132006295,0.9991745913885967,0.017554955481169834
80.0,5.148,-0.9640069406748902,-0.1857894150063395,-0.0007372358742926543,0.02923930495964694,0.037843277881883235,-0.18599546760710103,0.9991836439569587,0.017344474541153246
80.0,5.174,-0.9644137787269872,-0.18477068270025085,-0.000726937680200206,0.02908750819287959,0.037424003486893946,-0.1849835165821658,0.9991925504714678,0.01713546740228772
80.0,5.2,-0.96481488798842,-0.18375981801167302,-0.0007167803735234593,0.028937160090581653,0.03701046390358744,-0.18397942595729064,0.9992013137163204,0.01692791134056285
80.0,5.226,-0.9652103513240007,-0.1827568537225125,-0.0007067623956032318,0.028788239701465757,0.03660256466632066,-0.18298313766169125,0.9992099364014982,0.016721783802416203
80.0,5.252,-0.9656002471046798,-0.18176182127930082,-0.0006968797152080249,0.028640726442868417,0.03620020024339966,-0.1819945310619441,0.9992184211430919,0.016517063625623576
80.0,5.278,-0.9659847156325214,-0.1807744142536149,-0.000687130785936401,0.028494596690609615,0.03580326486995686,-0.18101350926921758,0.9992267705050144,0.016313729295670213
80.0,5.304,-0.9663638341290758,-0.17979466275454573,-0.0006775126845304953,0.02834983048373699,0.0354116672290828,-0.18003997405168584,0.9992349869994528,0.016111760341391924
80.0,5.33,-0.9667377399593237,-0.17882225857132217,-0.000668022542327137,0.028206408150388912,0.03502531535867593,-0.179073850241939,0.999243073064413,0.01591113593914306
80.0,5.356,-0.9671064726159976,-0.17785739830074446,-0.0006586585237429659,0.02806431027981189,0.03464410771250071,-0.17811502297967002,0.9992510310992295,0.015711836309012777
80.0,5.382,-0.967470165946477,-0.1768997720206877,-0.0006494173637983886,0.027923517775753928,0.034267955615485984,-0.17716341915988296,0.9992588634103917,0.015513841841826019
80.0,5.408,-0.9678288887629117,-0.17594940632355088,-0.0006402972398177357,0.02778400858343586,0.03389677408388237,-0.17621894490171058,0.9992665722783244,0.015317133274728351
80.0,5.434,-0.9681827109385951,-0.17500632761131152,-0.0006312959544513836,0.027645764176554635,0.03353047347111023,-0.17528150866783954,0.9992741599234688,0.015121691690722135
80.0,5.46,-0.9685317889741673,-0.174070053970293,-0.0006224110134350742,0.02750877263862849,0.03316897255046344,-0.17435103952283815,0.9992816285068656,0.014927498518757002
80.0,5.486,-0.9688761273807976,-0.17314094809836933,-0.0006136400874981748,0.027373006419957525,0.03281217778633284,-0.17342742843805506,0.9992889801396607,0.014734535708396742
80.0,5.512,-0.9692158499124437,-0.1722186957747371,-0.0006049812459140364,0.027238454094028267,0.03246001315414416,-0.1725105854637984,0.9992962169054924,0.014542785032427986
80.0,5.538,-0.9695510490816834,-0.17130315117567058,-0.0005964324500771591,0.02710509812105044,0.03211240232019211,-0.17160046298668238,0.9993033408174963,0.014352229481864176
80.0,5.564,-0.9698817869735742,-0.1703943371826133,-0.0005879911596533655,0.026972918114251357,0.03176926140990532,-0.17069693389915175,0.9993103538213868,0.014162851521607688
80.0,5.59,-0.9702081507377347,-0.1694921062312138,-0.0005796563554676546,0.026841897050492974,0.031430516708877226,-0.169799952312602,0.9993172578816383,0.013974634312866174
80.0,5.616,-0.9705302007668729,-0.16859648019214118,-0.0005714248358150921,0.026712024347385666,0.031096094325816597,-0.16890943257044294,0.9993240548375872,0.013787561362274808
80.0,5.642,-0.9708480222039135,-0.1677073104022918,-0.0005632959774891497,0.026583277236257304,0.030765918688761697,-0.1680252906265721,0.9993307465673955,0.013601616349814756
80.0,5.668,-0.9711616715195805,-0.1668246173744993,-0.0005552665930392979,0.02645564249596159,0.0304399184331057,-0.16714744294098158,0.9993373348364889,0.013416783301206991
80.0,5.694,-0.9714712619411887,-0.16594808202963865,-0.0005473358487953507,0.026329107024913638,0.03011802686721569,-0.16627582616424696,0.9993438214131111,0.013233046589563702
80.0,5.72,-0.9717768167533741,-0.16507789301664025,-0.000539501821301371,0.02620364885752852,0.029800165700792337,-0.16541034053582956,0.9993502080158471,0.013050390585818134
80.0,5.746,-0.972078448017067,-0.16421373032697564,-0.0005317624771799978,0.026079261385772053,0.02948627974453818,-0.164550942448243,0.9993564963140669,0.012868800531036556
80.0,5.772,-0.9723761776507298,-0.1633557818308347,-0.0005241159636697378,0.02595592309626675,0.02917629925440742,-0.16369755239591885,0.9993626879581015,0.012688261141267058
80.0,5.798,-0.972670084845586,-0.16250389582410132,-0.000516560644112995,0.02583362172567039,0.02887015518898175,-0.16285007260389997,0.9993687845477741,0.01250875817722162
80.0,5.824,-0.9729602763620976,-0.16165775033152843,-0.0005090953571901526,0.0257123451557378,0.02856778678937668,-0.16200846313181616,0.9993747876392034,0.01233027704882249
80.0,5.85,-0.9732467409834469,-0.16081770144328147,-0.000501718008185722,0.025592078491572308,0.028269132836467054,-0.1611726270778442,0.9993806987800568,0.012152803687931455
80.0,5.876,-0.9735296138285136,-0.15998325677772662,-0.0004944273720446301,0.025472804092249317,0.027974134463707393,-0.1603425257814675,0.9993865194662266,0.011976324373402175
80.0,5.902,-0.9738089115116653,-0.1591546020517387,-0.00048722147434513883,0.02535451042801127,0.027682729646346715,-0.15951806469674412,0.9993922511579016,0.011800825382426501
80.0,5.928,-0.9740846799347959,-0.15833175313258815,-0.00048009930971892667,0.02523718900050531,0.027394861004286272,-0.15869918764749252,0.999397895298655,0.01162629333970073
80.0,5.954,-0.974357019933851,-0.1575143855529093,-0.00047305922924564976,0.02512081983902194,0.027110472037287305,-0.15788583901972836,0.9994034532928677,0.011452715217193779
80.0,5.98,-0.9746259730952267,-0.15670251391961462,-0.0004660993956742721,0.025005394795506914,0.0268295036746361,-0.15707792711976057,0.999408926500558,0.011280077810778924
80.0,6.006,-0.9748916115375759,-0.15589598303016763,-0.0004592187100734255,0.0248908971913436,0.02655190401090629,-0.1562753975481686,0.9994143162832516,0.011108368787503048
80.0,6.032,-0.9751539470268631,-0.15509497679265416,-0.0004524162509025275,0.024777319145156403,0.026277621919190943,-0.1554781964639172,0.9994196239491757,0.010937575463833255
80.0,6.058,-0.9754130513166311,-0.15429933951832217,-0.00044568971397964167,0.024664647199418625,0.026006598350714855,-0.15468623541498258,0.9994248507800766,0.01076768550380817
80.0,6.084,-0.975668988824551,-0.15350891407697517,-0.00043903849949815816,0.02455286521965178,0.02573878716545159,-0.15389949807613093,0.9994299980412858,0.010598687093630904
80.0,6.11,-0.9759218012119134,-0.15272371402045348,-0.00043246131592081233,0.024441965758936077,0.025474136124503638,-0.153117878443599,0.9994350669586738,0.010430567894734176
80.0,6.136,-0.9761715256062972,-0.15194375201614094,-0.0004259564162245206,0.0243319386502051,0.025212594946617043,-0.15234134407646546,0.9994400587579354,0.010263316788756277
80.0,6.162,-0.9764182541073363,-0.1511687000766283,-0.00041952240807950137,0.024222768264356768,0.02495411601449876,-0.15156980857114674,0.9994449745930466,0.010096921957842554
80.0,6.188,-0.976661996699269,-0.15039874073283171,-0.0004131588623560509,0.02411444473168144,0.024698650544113406,-0.15080324059588804,0.999449815648713,0.009931372106903558
80.0,6.214,-0.9769027899806756,-0.14963388602294797,-0.0004068640979195713,0.024006958323261135,0.024446152657095006,-0.15004157311234165,0.999454583040752,0.009766656113717982
80.0,6.24,-0.9771407484582447,-0.14887363619481844,-0.0004006372029436156,0.023900293909434444,0.024196580001577893,-0.14928475714199985,0.999459277882016,0.00960276337853993
80.0,6.266,-0.9773758287793967,-0.1481185141798634,-0.00039447663437514844,0.02379444754526105,0.02394988273277247,-0.14853271043896887,0.9994639012582786,0.009439682777154205
80.0,6.292,-0.9776081430066671,-0.14736801943405395,-0.0003883815180115387,0.02368940437824168,0.02370601476646006,-0.14778538638144512,0.9994684542395722,0.009277403882191925
80.0,6.318,-0.9778376996831661,-0.14662233350836876,-0.00038235067307996145,0.023585155201749898,0.02346493841218937,-0.1470427375841429,0.9994729378641939,0.009115916265186711
80.0,6.344,-0.9780645571832199,-0.145881296325522,-0.0003763828939033616,0.023481688215149683,0.02322660884837903,-0.14630471838884804,0.9994773531471667,0.008955209845593143
80.0,6.37,-0.9782887481080105,-0.14514491827274043,-0.000370477080946693,0.023378997156207344,0.022990986903481867,-0.14557126563009368,0.9994817011082213,0.00879527436769171
80.0,6.396,-0.9785103294399776,-0.14441303870306232,-0.0003646328363359247,0.023277067769279302,0.022758028969151217,-0.14484231777330508,0.9994859827096765,0.008636099923420945
80.0,6.422,-0.9787293075741723,-0.14368583834224785,-0.00035884827686981954,0.023175894027367284,0.022527692146511395,-0.14411781407769272,0.9994901989043021,0.00847767677838024
80.0,6.448,-0.9789457632186646,-0.14296298521589268,-0.0003531230776883065,0.023075464620887085,0.022299946941653877,-0.14339774333620411,0.9994943506585455,0.008319995372036783
80.0,6.474,-0.9791597263869188,-0.14224448871529138,-0.00034745575650592316,0.022975771051884135,0.022074743956957712,-0.14268201318090637,0.9994984388836978,0.008163046317158633
80.0,6.5,-0.9793712264983456,-0.14153035802985603,-0.0003418455745073223,0.022876799642143654,0.021852052226223745,-0.14197059689353655,0.9995024644734168,0.00800682005124988
80.0,6.526,-0.9795802926025161,-0.14082060218268025,-0.0003362916035277973,0.02277855002087357,0.02163183369967039,-0.1412634357451859,0.9995064283313287,0.007851307709071949
80.0,6.552,-0.9797869533780876,-0.14011523003283394,-0.00033079305317414,0.022681003493975886,0.021414048494753913,-0.14056048870814813,0.9995103313106543,0.00769650007543352
80.0,6.578,-0.9799912856836209,-0.13941390818009652,-0.0003253486261308949,0.022584159854275414,0.02119866220828344,-0.1398616814803542,0.999514174266271,0.007542388283456157
80.0,6.604,-0.9801932925122924,-0.13871681602701008,-0.00031995760391622334,0.0224880033089313,0.020985643404203263,-0.13916700605299076,0.9995179580320332,0.007388963814411816
80.0,6.63,-0.9803930249296232,-0.13802379070958426,-0.00031461907443532133,0.022392531186098536,0.02077495385610895,-0.13847637375349986,0.9995216834376566,0.007236217800033263
80.0,6.656,-0.9805905092930495,-0.13733484023503334,-0.00030933238254337984,0.022297730543128346,0.020566560678380096,-0.13778977769472578,0.9995253512805514,0.0070841417201540635
80.0,6.682,-0.9807857717058069,-0.13664997247838107,-0.0003040966037804367,0.02220359628869814,0.02036042920739275,-0.13710713039987388,0.9995289623261455,0.006932727402741529
80.0,6.708,-0.9809788615213313,-0.13596902393972515,-0.000298910757158398,0.022110118285371853,0.02015652988658046,-0.13642842536454594,0.9995325173796163,0.006781966675494835
80.0,6.734,-0.9811698035256772,-0.1352920020729373,-0.0002937742966351152,0.02201728905542223,0.019954829019807097,-0.1357535926390369,0.999536017172027,0.006631851190603244
80.0,6.76,-0.981358645973573,-0.13461874295977663,-0.000288685918620075,0.02192510121719986,0.01975529332736889,-0.13508259510440304,0.9995394624592902,0.006482373123285021
80.0,6.786,-0.9815453891900099,-0.1339494249911714,-0.0002836454505173875,0.021833544944675813,0.01955789705097295,-0.13441539499973085,0.9995428539568828,0.006333524647981647
80.0,6.812,-0.9817300573158014,-0.1332840552710106,-0.00027865164882314277,0.02174261555879506,0.019362600973743174,-0.13375192553785317,0.9995461923859249,0.0061852979386760355
80.0,6.838,-0.9819127201917994,-0.13262229798585964,-0.00027370394898024533,0.02165230093242376,0.01916938701582673,-0.13309218051863606,0.9995494784502139,0.006037685168752462
80.0,6.864,-0.982093400307226,-0.13196415975325196,-0.00026880154553158604,0.021562599037226838,0.018978214716799176,-0.13243607897711537,0.9995527128321594,0.005890679208831859
80.0,6.89,-0.9822720970979656,-0.13130981853377016,-0.00026394392535428147,0.02147350042081148,0.018789062234413102,-0.13178360058053074,0.99955589620036,0.005744272405610691
80.0,6.916,-0.9824488783917861,-0.13065893786253094,-0.0002591298677617951,0.021384998222048212,0.01860189909092094,-0.13113469554750637,0.9995590292273946,0.005598457454276546
80.0,6.942,-0.9826237204331479,-0.13001186696643557,-0.0002543592569031351,0.02129708319187915,0.018416699532819984,-0.13048934480829588,0.9995621125565489,0.005453227223867117
80.0,6.968,-0.9827967125610856,-0.12936809749716902,-0.0002496312678983887,0.021209748649336058,0.018233429716726937,-0.12984746956280532,0.9995651468259275,0.005308574582961289
80.0,6.994,-0.982967830182693,-0.1287279784426833,-0.0002449447197056895,0.021122987992960415,0.018052071338742003,-0.12920906600267787,0.9995681326560847,0.005164492574083506
80.0,7.02,-0.9831371166444511,-0.1280913441879977,-0.00024029957876045026,0.021036797104601542,0.01787259144229133,-0.12857405672108385,0.9995710706625757,0.005020974239320524
80.0,7.046,-0.9833046144854605,-0.12745802888403676,-0.00023569502387883322,0.020951167084672512,0.017694970110870255,-0.1279424388761881,0.9995739614559954,0.004878012620327367
80.0,7.072,-0.9834703433070714,-0.12682803810041873,-0.00023113024800006907,0.020866089145511024,0.017519175076734263,-0.1273141513823311,0.9995768056041873,0.004735601456005864
80.0,7.098,-0.9836343004381658,-0.12620154898780667,-0.00022660453622367252,0.020781561787512323,0.017345187478693295,-0.12668916202025265,0.9995796037082388,0.004593733787185621
80.0,7.124,-0.9837965491486624,-0.1255782236011909,-0.00022211744007154718,0.020697573968402584,0.017172979880490328,-0.1260674401406959,0.999582356339043,0.00445240317755911
80.0,7.15,-0.983957086277465,-0.12495823888971991,-0.00021766821115311376,0.020614119543453976,0.017002527662920878,-0.12544894037753837,0.9995850640399612,0.00431160319032907
80.0,7.176,-0.9841159522532165,-0.12434142830189117,-0.00021325649527709437,0.020531194796329512,0.01683380658865904,-0.12483361798829114,0.9995877273606535,0.004171327562834881
80.0,7.202,-0.9842731651202148,-0.12372779685945721,-0.00020888156067795148,0.02044879368995037,0.01666679471486776,-0.12422144314865685,0.9995903468586431,0.004031569857628942
80.0,7.228,-0.9844287426774915,-0.12311734949656772,-0.0002045430185638015,0.020366907905853545,0.016501468234679878,-0.12361238665168303,0.9995929230389672,0.003892324160094754
80.0,7.254,-0.9845827239737275,-0.12250991923294914,-0.00020023980228599968,0.02028553157196889,0.016337806085649373,-0.12300640487321277,0.9995954564384077,0.0037535842064813705
80.0,7.28,-0.9847351048365333,-0.12190568263380497,-0.000195971566872168,0.02020465887407546,0.016175783250180164,-0.1224034553658796,0.9995979475530745,0.0036153442559436542
80.0,7.306,-0.9848859448981745,-0.1213043006157961,-0.00019173797228223789,0.020124284062429335,0.016015383046125934,-0.12180352375245852,0.9996003968999814,0.0034775980439982765
80.0,7.332,-0.9850352182131723,-0.12070612146016081,-0.00018753835508978462,0.0200444037619303,0.015856577128508628,-0.12120655467175734,0.9996028049550917,0.0033403400035587802
80.0,7.358,-0.9851829836195359,-0.12011080582984411,-0.00018337199695347002,0.019965007727837533,0.01569934788053867,-0.12061250638951856,0.9996051722147236,0.0032035642183723114
80.0,7.384,-0.98532925693397,-0.11951835801932266,-0.00017923862316923092,0.019886095005000066,0.015543674930245404,-0.12002138030960341,0.9996074991361906,0.0030672649462205634
80.0,7.41,-0.9854740333146335,-0.1189289542850768,-0.0001751375535973028,0.019807657788770344,0.015389537586971331,-0.11943310774682064,0.9996097862064875,0.002931436793616749
80.0,7.436,-0.9856173491694029,-0.11834242683453405,-0.00017106811993731214,0.0197296883710362,0.015236912514702782,-0.11884766325968965,0.9996120338634585,0.002796074192169087
80.0,7.462,-0.9857592404799941,-0.11775860772676872,-0.00016703040922934784,0.019652185920736472,0.015085784969213792,-0.11826502062478222,0.9996142425757993,0.0026611715732938806
80.0,7.488,-0.9858997014499319,-0.11717767296533589,-0.0001630234036767364,0.019575140588781414,0.014936132493731323,-0.11768514116254769,0.9996164127731504,0.002526723716953405
80.0,7.514,-0.9860387677144559,-0.11659945445418349,-0.0001590468396912446,0.01949854938378931,0.014787936733672468,-0.11710799996025927,0.9996185448940599,0.002392725053931355
80.0,7.54,-0.9861764535595198,-0.11602395599482798,-0.0001550997779939681,0.019422409342111136,0.014641176205819973,-0.11653354555489327,0.9996206393607859,0.002259170538106515
80.0,7.566,-0.9863127935206438,-0.11545100921498579,-0.00015118259057186136,0.019346710829017,0.014495836830809896,-0.1159617670887658,0.9996226965930336,0.0021260547741585064
80.0,7.592,-0.9864477613425328,-0.11488096208155067,-0.00014729401554222377,0.019271451005233645,0.014351897324924843,-0.11539262765669103,0.9996247170056582,0.0019933730643721262
80.0,7.618,-0.986581411242854,-0.11431347393036573,-0.00014343411600004012,0.019196622621353677,0.014209340750250037,-0.11482609038130515,0.9996267010005653,0.001861119838416274
80.0,7.644,-0.9867137567002136,-0.11374854827144697,-0.00013960233610148563,0.01912222512693227,0.014068148428404889,-0.1142621191690889,0.9996286489743739,0.0017292905550684691
80.0,7.67,-0.9868448110673856,-0.11318618856242252,-0.0001357980785006764,0.019048251378119645,0.01392830555789342,-0.113700691296643,0.9996305613217111,0.0015978800796714592
80.0,7.696,-0.9869745875710683,-0.11262639820914705,-0.00013202077161013768,0.018974696503186637,0.013789790007127767,-0.11314177200660966,0.9996324384220275,0.0014668835739044116
80.0,7.722,-0.9871031187577445,-0.11206900827140537,-0.00012827049754303758,0.01890155350258704,0.013652591400150797,-0.11258533880697108,0.9996342806631563,0.0013362962515702792
80.0,7.748,-0.9872303978478139,-0.11151419429107018,-0.00012454639567522784,0.01882882197271639,0.013516688126012845,-0.112031357769702,0.9996360883953321,0.0012061133785361195
80.0,7.774,-0.9873564568287778,-0.11096178717136108,-0.00012084821461001061,0.018756492852457788,0.013382065166648402,-0.11147978168454774,0.9996378620002788,0.0010763302902801705
80.0,7.8,-0.9874813081339994,-0.110411790052885,-0.00011717543755580062,0.018684565805028322,0.013248706525450054,-0.11093060312122346,0.999639601833778,0.0009469423394772847
80.0,7.826,-0.9876049637311171,-0.10986420599076024,-0.0001135275134338359,0.018613034049124715,0.013116595709749225,-0.11038377604737842,0.9996413082371374,0.0008179449832612679
80.0,7.852,-0.9877274548836735,-0.10931886564067719,-0.00010990456092816436,0.018541893017122533,0.012985717584231768,-0.10983928070103648,0.9996429815718505,0.0006893337134713566
80.0,7.878,-0.9878487740399804,-0.10877594431390773,-0.00010630572977780335,0.018471138196658844,0.012856057638873292,-0.10929708474877443,0.9996446221735911,0.0005611040740615135
80.0,7.904,-0.9879689520253085,-0.10823527253286758,-0.0001027311461503746,0.018400765118364654,0.012727601147570093,-0.10875716909222394,0.9996462303637733,0.0004332516611231206
80.0,7.93,-0.9880879811153273,-0.10769702554971838,-9.917965461913511e-05,0.018330769368359312,0.01260033067515167,-0.10821948994501741,0.9996478064956367,0.0003057721229092426
80.0,7.956,-0.9882059102871666,-0.10716086126994348,-9.565140324199639e-05,0.018261148675499633,0.012474232408036124,-0.10768401642229716,0.9996493508737282,0.0001786611946953676
80.0,7.982,-0.9883227504268777,-0.1066267823816305,-9.214588026109574e-05,0.018191896598598694,0.012349293712232258,-0.1071507430048754,0.9996508638115231,5.191459587618737e-05
80.0,8.008,-0.9884384750374298,-0.10609513653738956,-8.866290973124777e-05,0.018123008859831362,0.0122254983105735,-0.10661961483538543,0.9996523456429486,-7.447183918626769e-05
80.0,8.034,-0.9885531504766946,-0.10556540884653527,-8.520201320239584e-05,0.018054483307620585,0.012102830716885483,-0.1060906150802641,0.9996537966533987,-0.00020050226584373648
80.0,8.06,-0.98866675032244,-0.10503794692487517,-8.176270874774759e-05,0.017986315733648443,0.011981281649334534,-0.10556371412070628,0.9996552171603399,-0.0003261807593676659
80.0,8.086,-0.9887793032613188,-0.10451258075908647,-7.834482559673995e-05,0.017918499910426235,0.01186083414562812,-0.10503889594441541,0.999656607455804,-0.0004515113760078087
80.0,8.112,-0.9888908376041368,-0.10398914023014953,-7.494758268789041e-05,0.017851031744200697,0.011741474730307865,-0.10451610781207608,0.9996579678294516,-0.0005764981198389491
80.0,8.138,-0.9890013451722444,-0.10346780034192253,-7.157146071079746e-05,0.017783909227334832,0.011623191911259515,-0.10399534622411975,0.9996592985801276,-0.0007011449427666225
80.0,8.164,-0.9891108358833233,-0.1029485634932582,-6.821537800535119e-05,0.01771712833175237,0.011505970334615437,-0.10347657190284797,0.9996605999698571,-0.0008254557619413206
80.0,8.19,-0.989219355287708,-0.10243108674277987,-6.487950161719322e-05,0.017650685067551086,0.01138979933808045,-0.10295976975515267,0.9996618722929835,-0.0009494344074583061
80.0,8.216,-0.9893268770566888,-0.10191571765410137,-6.156307565407787e-05,0.01758457549121545,0.011274664490869588,-0.10244488950840877,0.9996631158185976,-0.0010730847095518988
80.0,8.242,-0.9894334284399685,-0.10140228582700714,-5.826596733917882e-05,0.01751879569919619,0.011160555004485874,-0.1019319289367441,0.9996643308136092,-0.001196410463712075
80.0,8.268,-0.9895390188262545,-0.10089079348178948,-5.4988046207856026e-05,0.017453341829946567,0.011047456877018339,-0.10142083886837441,0.9996655175428509,-0.0013194153783401095
80.0,8.294,-0.9896436747752008,-0.10038107005506416,-5.17288746432907e-05,0.017388208062478823,0.010935361416743648,-0.10091161750241474,0.9996666762690173,-0.001442103161983688
80.0,8.32,-0.9897474050534821,-0.09987311763179724,-4.8488040050943106e-05,0.017323394629815497,0.01082425150711106,-0.10040421713462405,0.999667807252814,-0.0015644774360977262
80.0,8.346,-0.9898502010795319,-0.09936711103677225,-4.5265424358439184e-05,0.017258897770994392,0.010714116323556122,-0.0998986135623134,0.9996689107297972,-0.0016865418571359576
80.0,8.372,-0.9899520890139848,-0.09886287957454935,-4.2060301752339065e-05,0.01719470980773895,0.010604948158793063,-0.0993947942577048,0.9996699869565594,-0.0018083000293810717
80.0,8.398,-0.990053077150109,-0.09836042521998561,-3.8872875271269826e-05,0.01713083104718061,0.010496733510789197,-0.09889272447800275,0.9996710361881903,-0.0019297552780942542
80.0,8.424,-0.9901531910830578,-0.09785957713582236,-3.5702734519623325e-05,0.017067255883715254,0.010389459119361089,-0.09839237011398341,0.999672058642786,-0.0020509112077635254
80.0,8.45,-0.9902524219545139,-0.09736051004696374,-3.254948451330257e-05,0.01700398269514551,0.01028311603874976,-0.09789372004603855,0.9996730545708358,-0.0021717714754141463
80.0,8.476,-0.9903507779270293,-0.09686322585647412,-2.9413027491362737e-05,0.016941007917695972,0.0101776913823953,-0.09739674107837737,0.9996740241874682,-0.0022923392146989713
80.0,8.502,-0.9904483006816518,-0.09636738070492401,-2.6292970022576103e-05,0.01687832608322582,0.010073178729395022,-0.09690141126399385,0.9996749677397256,-0.002412617908421287
80.0,8.528,-0.9905449644992601,-0.09587332213145863,-2.3188638224126328e-05,0.016815935662492097,0.00996956217539299,-0.0964076988358157,0.9996758854497023,-0.002532611039457319
80.0,8.554,-0.9906407937166976,-0.09538087903786147,-2.0100534640894542e-05,0.016753833204337657,0.009866832807133871,-0.09591557193435282,0.9996767775274514,-0.0026523215673419673
80.0,8.58,-0.9907357962165636,-0.09489005320084407,-1.7027698318615794e-05,0.01669201529671294,0.009764980782798366,-0.09542502163364365,0.99967764420245,-0.0027717531496906337
80.0,8.606,-0.9908299958966297,-0.09440067340279765,-1.3970342434227314e-05,0.016630476648106834,0.009663994706030288,-0.09493600619993449,0.9996784856696813,-0.0028909087462337646
80.0,8.632,-0.9909234000325133,-0.09391274130309793,-1.0928104405868882e-05,0.01656921775505673,0.009563866712996234,-0.09444851735069047,0.999679302155438,-0.0030097918403385973
80.0,8.658,-0.991015999248359,-0.09342643147709702,-7.900333986420511e-06,0.016508233391993903,0.009464585759021212,-0.0939625145017247,0.9996800938632951,-0.0031284052175108283
80.0,8.684,-0.9911078174025607,-0.09294157262924066,-4.8875413002622995e-06,0.016447520290032953,0.009366141547642077,-0.0934779795763251,0.9996808610045281,-0.003246752361306882
80.0,8.71,-0.9911988611895235,-0.09245816631584501,-1.888513587763295e-06,0.01638707521625625,0.009268523434312115,-0.09299487328493307,0.9996816037557811,-0.003364836231845733
80.0,8.736,-0.9912891376424449,-0.09197621410969742,1.0962338381070151e-06,0.01632689685172711,0.009171724158641736,-0.09251318910028716,0.999682322337518,-0.003482659963975954
80.0,8.762,-0.9913786536768732,-0.09149571755717117,4.067044681637994e-06,0.016266980139162748,0.009075732844179231,-0.09203289960185697,0.9996830169231111,-0.0036002265180155126
80.0,8.788,-0.991467431747703,-0.09101650511392168,7.0245392344445534e-06,0.016207321948851706,0.008980540976548795,-0.09155396708796426,0.9996836877182177,-0.003717539028977981
80.0,8.814,-0.991555478512981,-0.09053857824966266,9.968483625540267e-06,0.016147921044266655,0.008886137492713105,-0.0910763760950463,0.9996843349044781,-0.0038346004574158544
80.0,8.84,-0.9916427844530321,-0.09006211145230947,1.2899488939642344e-05,0.016088774342529373,0.00879251423303472,-0.09060009017519823,0.9996849586741535,-0.00395141358954186
80.0,8.866,-0.9917293875133961,-0.08958676000887685,1.581787497759646e-05,0.01602987694861544,0.008699663636048238,-0.09012509457635935,0.9996855591935767,-0.004067981560527707
80.0,8.892,-0.9918152779720977,-0.08911269835413715,1.8723401519737445e-05,0.015971227705642906,0.008607574706594378,-0.0896513543971225,0.999686136662694,-0.0041843073312970965
80.0,8.918,-0.9919004467785337,-0.08864010100034955,2.1616663110965512e-05,0.015912823629557035,0.008516240195333752,-0.08917885589119479,0.9996866912361091,-0.004300393339241167
80.0,8.944,-0.9919849463051592,-0.0881684499280957,2.4497691372518436e-05,0.01585466176929588,0.008425651021348847,-0.08870756522310691,0.9996872230977935,-0.004416242894371933
80.0,8.97,-0.9920687515185415,-0.08769809268213252,2.736651346815265e-05,0.01579673738736412,0.008335799253066578,-0.08823745948298391,0.9996877324101593,-0.004531858608776935
80.0,8.996,-0.9921518683745654,-0.08722903057519248,3.022398848552929e-05,0.015739051239254218,0.008246674622974657,-0.08776850634581544,0.9996882193449422,-0.004647243269156187
80.0,9.022,-0.9922343332258894,-0.0867609185620177,3.306985481566273e-05,0.015681596839080103,0.008158269542840622,-0.08730068414613934,0.9996886840715978,-0.004762399836773495
80.0,9.048,-0.9923161362443437,-0.08629393101583972,3.590440882398749e-05,0.015624373180570675,0.008070578079993848,-0.08683397161495444,0.9996891267491036,-0.004877330749485067
80.0,9.074,-0.9923972830205543,-0.08582806915949984,3.872767129367666e-05,0.01556737926257497,0.007983589884757298,-0.08636834844095027,0.9996895475449278,-0.004992038794239472
80.0,9.1,-0.9924777790292098,-0.0853633341942337,4.154046569753737e-05,0.015510610514936457,0.007897296578198354,-0.0859037647470027,0.9996899465905805,-0.005106526757891323
80.0,9.126,-0.9925576446753073,-0.0848995540855569,4.4342252582951255e-05,0.015454062427456781,0.007811692106654399,-0.085440211311749,0.9996903240621853,-0.005220797427601358
80.0,9.152,-0.9926368703365068,-0.08443690320819604,4.7133589237650105e-05,0.015397735861371843,0.007726768134314679,-0.08497766957285813,0.9996906801142221,-0.005334853067056538
80.0,9.178,-0.9927154905670454,-0.0839750361869424,4.991474730937966e-05,0.015341628123962295,0.007642515321064595,-0.0845160921556996,0.999691014873175,-0.005448696637808105
80.0,9.204,-0.9927934810862533,-0.0835143006369777,5.26857145553586e-05,0.015285733033378577,0.007558928645895021,-0.08405546173619988,0.9996913285139623,-0.0055623304038106575
80.0,9.23,-0.9928708761243342,-0.08305435110753541,5.5446766499772654e-05,0.015230051501333603,0.007475998801030932,-0.08359576189651831,0.9996916211603395,-0.005675757326756467
80.0,9.256,-0.9929476659076312,-0.08259536192647443,5.819815621128354e-05,0.015174579176136743,0.007393718462573579,-0.08313694761128294,0.9996918929731574,-0.0057889796706828926
80.0,9.282,-0.9930238697679453,-0.08213716084426655,6.094013765504924e-05,0.015119313501059857,0.007312080987039958,-0.08267901332618807,0.9996921440755252,-0.00590200004845766
80.0,9.308,-0.993099477976584,-0.0816799221867899,6.367270440021247e-05,0.015064253683263891,0.007231078548221312,-0.08222190618483911,0.9996923746133152,-0.006014820898667562
80.0,9.334,-0.9931745094757375,-0.08122347363995329,6.63960970127977e-05,0.015009395475831641,0.007150704811791327,-0.08176562198924492,0.9996925847185983,-0.006127444834377411
80.0,9.36,-0.9932489687918562,-0.08076781618271688,6.911056597543042e-05,0.014954738128560973,0.0070709531305063805,-0.08131011912363868,0.9996927745243286,-0.0062398741197569035
80.0,9.386,-0.9933228744684603,-0.08031277741751607,7.181633351428384e-05,0.01490027574750636,0.006991814419611607,-0.08085537607625128,0.9996929441589999,-0.006352111542476236
80.0,9.412,-0.9933962025748007,-0.07985870500009358,7.45133984905842e-05,0.014846011063663182,0.006913283213349698,-0.08040136239659361,0.9996930937668926,-0.006464159017945368
80.0,9.438,-0.9934689995653373,-0.07940507975142677,7.720196748400051e-05,0.014791936541361864,0.006835352793953127,-0.07994804865461115,0.9996932234625611,-0.006576019333885811
80.0,9.464,-0.9935412414744269,-0.07895224931436395,7.988228474807404e-05,0.014738053230556533,0.006758016615610453,-0.07949540631117287,0.9996933333627068,-0.00668769475463641
80.0,9.49,-0.9936129328281131,-0.07850021462478518,8.255482022438164e-05,0.014684357085163337,0.00668126769104381,-0.07904341693027064,0.9996934236047477,-0.006799187719226597
80.0,9.516,-0.9936841048243136,-0.07804862970362358,8.521902275469845e-05,0.01463084580063603,0.006605098285654696,-0.07859203548446816,0.9996934943158147,-0.006910500317711669
80.0,9.542,-0.9937547476297244,-0.0775976688120563,8.78756301357318e-05,0.01457751876996171,0.006529504516740499,-0.07814124511435735,0.9996935455953134,-0.007021635163481946
80.0,9.568,-0.9938248788847115,-0.07714715936060516,9.052484164383154e-05,0.014524372046211704,0.006454477041047703,-0.0776910120799263,0.9996935775681448,-0.007132594346701292
80.0,9.594,-0.9938944884569657,-0.07669727558484482,9.316635650832984e-05,0.014471403402226858,0.006380012896484044,-0.07724131215374241,0.9996935903441497,-0.0072433803064662124
80.0,9.62,-0.9939635804085692,-0.07624801832691848,9.580063191838738e-05,0.014418610631909783,0.00630610373913447,-0.0767921046308733,0.9996935840562986,-0.007353995307614556
80.0,9.646,-0.9940321849174854,-0.075799041412357,9.842787761872547e-05,0.014365993210146874,0.006232742192614681,-0.07634335886360889,0.9996935587917357,-0.0074644414402219895
80.0,9.672,-0.9941002919678443,-0.07535051906552112,0.00010104826534448887,0.014313545669250216,0.006159925160487894,-0.07589506252100472,0.999693514669801,-0.007574720969145321
80.0,9.698,-0.9941679051596021,-0.07490245205435032,0.00010366175897001876,0.014261269184267216,0.006087644805009957,-0.07544716059686618,0.9996934517958992,-0.007684836333687043
80.0,9.724,-0.9942350277500586,-0.07445484111431078,0.0001062685232244973,0.01420915836180828,0.0060158957167610865,-0.07499964303434661,0.9996933702898694,-0.007794789449850179
80.0,9.75,-0.9943016761428541,-0.07400751345340684,0.00010886900089874899,0.014157212768982325,0.0059446705019204045,-0.07455245738774158,0.9996932702319599,-0.007904582756856572
80.0,9.776,-0.9943678532481205,-0.07356046975144803,0.00011146287677859711,0.014105430355168164,0.00587396603111509,-0.07410558689679217,0.9996931517399943,-0.008014218170804504
80.0,9.802,-0.9944335623204132,-0.07311371070810091,0.00011405081985030042,0.01405380908647986,0.005803775368014032,-0.0736589988811867,0.999693014905025,-0.008123697956616473
80.0,9.828,-0.994498818954646,-0.07266706341914125,0.00011663249678870229,0.014002345348883985,0.0057340924185518725,-0.07321265336688532,0.9996928598400568,-0.008233024379446325
80.0,9.854,-0.9945636006203591,-0.07222087568201851,0.00011920833408440204,0.013951038782407645,0.005664911962507959,-0.07276652019850191,0.999692686625416,-0.00834219935525251
80.0,9.88,-0.994627948046372,-0.0717746274024957,0.00012177823851937622,0.013899885830708237,0.005596228321216377,-0.07232056212548692,0.9996924953720997,-0.008451225149279795
80.0,9.906,-0.9946918387821929,-0.07132866637906447,0.0001243428546562505,0.013848884572624173,0.005528036029707725,-0.07187474332925892,0.9996922861585088,-0.008560103677569073
80.0,9.932,-0.9947552881152747,-0.07088281964173415,0.0001269016118295871,0.01379803312104663,0.0054603304612834535,-0.07142903764229647,0.9996920590936456,-0.00866883720545397
80.0,9.958,-0.9948183107937664,-0.07043691415495314,0.0001294554005526432,0.013747331181732745,0.005393105922086787,-0.0709834037704247,0.9996918142524658,-0.008777427823534972
80.0,9.984,-0.9948808969386466,-0.06999112412200556,0.00013200361802926918,0.013696773742748372,0.005326356950966808,-0.07053780204348671,0.9996915517350752,-0.008885877273692805
80.0,10.01,-0.9949430491211497,-0.06954545013502096,0.00013454690311148242,0.013646360563604895,0.005260077697254978,-0.0700922025725084,0.9996912716245443,-0.008994187821185483
80.0,10.036,-0.9950047936902292,-0.06909954543539368,0.00013708515721055946,0.01359608984475294,0.0051942643680126886,-0.06964656867454856,0.9996909740044911,-0.009102361556829704
80.0,10.062,-0.99506612088454,-0.06865358422185827,0.00013961873814213814,0.01354595824492487,0.005128911560687692,-0.06920085740511883,0.9996906589706883,-0.00921040039710664
80.0,10.088,-0.9951270325867355,-0.06820756700997382,0.00014214754048258818,0.013495964026798332,0.005064014118057104,-0.06875502763232749,0.9996903265933796,-0.0093183064328039
80.0,10.114,-0.9951875309095384,-0.0677614943274877,0.00014467169316044885,0.013446105472810303,0.004999567082402983,-0.06830905584900956,0.9996899769566514,-0.009426081405891466
80.0,10.14,-0.995247641578654,-0.06731501929911032,0.00014719132130895372,0.013396380887354477,0.004935565231713043,-0.06786288070024944,0.9996896101519678,-0.009533727407443073
80.0,10.166,-0.9953073425559312,-0.06686848978697181,0.00014970677923751026,0.013346788594019693,0.004872004699342009,-0.06741647438474019,0.9996892262353134,-0.009641246528239994
80.0,10.192,-0.9953666591424247,-0.06642155885956381,0.0001522179323699428,0.013297325412282901,0.004808880708417226,-0.06696979527283371,0.9996888253094628,-0.009748640685059023
80.0,10.218,-0.995425581242595,-0.0659744006877039,0.00015472489374947823,0.013247989728563427,0.004746187025289342,-0.06652279615872961,0.9996884074435106,-0.009855911619902829
80.0,10.244,-0.9954841218323339,-0.06552684198342108,0.0001572280030911089,0.01319877994782303,0.004683921181539959,-0.0660754317894726,0.9996879727005417,-0.00996306159823937
80.0,10.27,-0.9955422824463974,-0.06507888318522938,0.00015972736351173867,0.013149694498784427,0.00462207801094045,-0.06562766691807642,0.999687521161163,-0.010070092187767533
80.0,10.296,-0.9956000754416069,-0.06463035093406437,0.00016222282717208192,0.01310073032573542,0.004560651563420001,-0.06517945327554368,0.9996870528884294,-0.010177005479538304
80.0,10.322,-0.9956574909166512,-0.06418141940836,0.0001647147384140142,0.013051887416065248,0.004499640725585503,-0.06473074467490025,0.9996865679692719,-0.01028380339038927
80.0,10.348,-0.9957145410720197,-0.06373191522463577,0.00016720317028422822,0.013003162764040352,0.00443903783890849,-0.06428149780498676,0.9996860664685566,-0.010390487662478435
80.0,10.374,-0.9957712267495955,-0.06328183875269165,0.00016968796502712854,0.012954553409884955,0.0043788412897578085,-0.06383165658167221,0.9996855484582112,-0.010497060387068661
80.0,10.4,-0.9958275489056918,-0.06283119036792409,0.00017216965917820257,0.012906057913580888,0.004319044660354568,-0.06338117541608147,0.9996850139802576,-0.01060352313165444
80.0,10.426,-0.9958835193837692,-0.06237979662941296,0.00017464812587818715,0.012857676344399816,0.004259645788641544,-0.06293000376875978,0.9996844631279515,-0.010709877987798093
80.0,10.452,-0.9959391385591091,-0.061927657858336545,0.00017712340169348265,0.012809404342327645,0.0042006405795216055,-0.06247809406197926,0.9996838959628702,-0.010816126697773567
80.0,10.478,-0.9959944069206909,-0.0614747743820797,0.00017959580220327126,0.012761242016179244,0.004142023682707945,-0.062025394455408334,0.999683312530494,-0.010922271352710804
80.0,10.504,-0.9960493357214033,-0.06102097269056339,0.00018206513067205884,0.012713185087600012,0.0040837917831708795,-0.061571848887458626,0.9996827129060993,-0.011028313346103841
80.0,10.53,-0.9961039248663026,-0.06056625305933744,0.00018453193616105185,0.012665235165178769,0.004025942945125537,-0.06111740445374236,0.9996820971450564,-0.011134254769259737
80.0,10.556,-0.9961581746026058,-0.06011061578460147,0.00018699577142178208,0.012617386582445768,0.003968470814124714,-0.060662004775339604,0.9996814653172504,-0.011240097364684787
80.0,10.582,-0.9962120952432069,-0.059653887269391526,0.00018945717570257616,0.012569640981159043,0.00391137320784611,-0.06020558969618931,0.9996808174667998,-0.011345843049131138
80.0,10.608,-0.9962656865625898,-0.059196067767189275,0.00019191615503205085,0.012521994218114067,0.003854646767667987,-0.059748095904601076,0.9996801536524897,-0.011451493390547914
80.0,10.634,-0.996318948102897,-0.05873715751795919,0.00019437253689915955,0.012474445088824513,0.0037982868623980524,-0.05928947091333908,0.9996794739398891,-0.011557050305996032
80.0,10.66,-0.9963718795180004,-0.05827715676880155,0.00019682679949225733,0.01242699239760976,0.003742292495621883,-0.058829652078245614,0.9996787783822212,-0.011662515712430517
80.0,10.686,-0.9964245005256503,-0.0578157179426085,0.0001992787399693661,0.012379633552456392,0.0036866584755585892,-0.0583685743856722,0.9996780670244727,-0.011767891177740571
80.0,10.712,-0.9964767899252756,-0.05735318904850939,0.0002017286081267483,0.012332367414791635,0.003631381662590423,-0.05790617032385804,0.9996773399203812,-0.011873178444447649
80.0,10.738,-0.996528776918372,-0.05688904854086878,0.00020417640931618994,0.012285191453610652,0.0035764613225730125,-0.05744237677902793,0.9996765971323447,-0.011978379429710586
80.0,10.764,-0.9965804501082655,-0.05642347049789025,0.00020662238194868636,0.012238104583408745,0.0035218912636247207,-0.05697712236310071,0.9996758387010216,-0.012083495875960588
80.0,10.79,-0.9966318082980843,-0.055956455097070534,0.00020906630835770598,0.012191104340551985,0.0034676709408833655,-0.05651032726848186,0.9996750646799517,-0.01218852935131047
80.0,10.816,-0.9966828693099447,-0.05548765459031534,0.0002115086300982206,0.012144189688456432,0.0034137974472335966,-0.05604193670178356,0.9996742751292121,-0.01229348177298926
80.0,10.842,-0.9967336217260823,-0.055017243062019536,0.00021394912100203216,0.012097358226680956,0.0033602675232477504,-0.0555718557350072,0.999673470066346,-0.012398354708729119
80.0,10.868,-0.9967840635101728,-0.05454522063743499,0.00021638799950031993,0.012050608974253139,0.0033070789820595667,-0.05510002117580046,0.9996726495613995,-0.012503150075940972
80.0,10.894,-0.9968342116077579,-0.05407123949021866,0.00021882545248546375,0.012003939585819863,0.003254230478351916,-0.05462635000908135,0.99967181365347,-0.012607869442679125
80.0,10.92,-0.9968840635845,-0.05359529970537067,0.0002212614507206223,0.011957347758876455,0.0032017175461369397,-0.05415075326024319,0.9996709623902705,-0.012712514551636247
80.0,10.946,-0.9969336166506414,-0.053117401352955035,0.00022369601232445093,0.011910833972464436,0.00314954135174832,-0.053673154648146794,0.9996700958187663,-0.012817087145525438
80.0,10.972,-0.996982877192237,-0.05263737050078816,0.00022612925646136746,0.011864393233948868,0.0030976973735987756,-0.053193460274038824,0.9996692139644147,-0.012921588792307202
80.0,10.998,-0.9970318511328492,-0.05215503318062048,0.00022856142427659493,0.011818027434959319,0.0030461844783322978,-0.052711583576368536,0.9996683168819811,-0.013026021409352858
80.0,11.024,-0.9970805258932826,-0.05167056343571801,0.00023099241453374364,0.011771731669128344,0.0029950022661591525,-0.052227433450370064,0.9996674046069808,-0.013130386564805325
80.0,11.05,-0.9971289069702347,-0.05118378727883764,0.00023342222719623088,0.011725506510891812,0.002944148925389487,-0.05174090898431882,0.9996664771719492,-0.013234686001297308
80.0,11.076,-0.9971770080091104,-0.05069435663665103,0.00023585118665547678,0.011679348488207172,0.0028936220107919496,-0.051251912130174826,0.9996655346316994,-0.013338921461782787
80.0,11.102,-0.9972248157817533,-0.0502024455268032,0.00023827905148316234,0.011633256879154015,0.0028434225989616415,-0.050760341926147375,0.9996645770219789,-0.013443094339980864
80.0,11.128,-0.9972723345060753,-0.049707879881650804,0.00024070615959462003,0.011587229632050314,0.0027935486915980374,-0.050266089674348,0.9996636043708483,-0.013547206553048183
80.0,11.154,-0.9973195676902161,-0.04921048559049595,0.0002431324356534283,0.011541264741148036,0.002744000384502798,-0.04976905104690082,0.9996626167218325,-0.013651259669363064
80.0,11.18,-0.9973665187018163,-0.04871008852907178,0.00024555805756287433,0.011495362880950523,0.002694775966319475,-0.049269103881636085,0.9996616140899722,-0.013755255605953294
80.0,11.206,-0.9974131730170295,-0.048206862678030815,0.00024798305559522375,0.011449518130177356,0.002645877007498875,-0.048766137560287304,0.999660596533703,-0.013859195582437808
80.0,11.232,-0.9974595498545412,-0.04770028570747414,0.0002504074235320647,0.011403732549838612,0.002597303637592031,-0.0482600310394124,0.9996595640781765,-0.01396308151603218
80.0,11.258,-0.9975056342818893,-0.04719053158514703,0.0002528312364455977,0.011358002939949935,0.0025490555072798723,-0.04775065403184841,0.9996585167617025,-0.01406691514965204
80.0,11.284,-0.997551427295621,-0.0466774260779486,0.00025525459065084454,0.011312327460895198,0.0025011346317699392,-0.047237873562529724,0.9996574546013134,-0.014170698051430244
80.0,11.31,-0.9975969379025981,-0.046160620835262005,0.00025767757546523893,0.01126670430983364,0.0024535406974354394,-0.04672156058669723,0.9996563776273816,-0.014274431615198577
80.0,11.336,-0.9976421496484394,-0.045640289782345723,0.00026010010733832213,0.011221133016982516,0.0024062760321818645,-0.04620157440922006,0.9996552858826737,-0.014378117933023779
80.0,11.362,-0.997687070255963,-0.04511608451252649,0.00026252242973042334,0.011175610545823837,0.002359342335763332,-0.045677764459621066,0.9996541793961732,-0.014481758398767936
80.0,11.388,-0.9977316983171897,-0.044587830681650405,0.00026494444739011945,0.011130136489072179,0.0023127426180637512,-0.045149977028733045,0.9996530581937327,-0.014585354580777823
80.0,11.414,-0.9977760238587968,-0.04405552805462175,0.0002673663878416591,0.011084707893248537,0.0022664783180644764,-0.04461806191117052,0.9996519222864759,-0.014688908221714588
80.0,11.44,-0.9978200445684736,-0.043519002265978386,0.00026978811318911935,0.011039323142113247,0.0022205537952886666,-0.044081852875342366,0.9996507717193249,-0.01479242106475577
80.0,11.466,-0.9978637645188878,-0.0429779047470804,0.0002722096737660507,0.01099398065082932,0.0021749711635320104,-0.043541175267785996,0.9996496065186563,-0.01489589450381189
80.0,11.492,-0.9979071792168379,-0.04243206104091759,0.0002746313358230736,0.010948680126140498,0.0021297362332381763,-0.042995857678435584,0.9996484266909016,-0.014999330456046825
80.0,11.518,-0.9979502761823096,-0.04188147084692577,0.00027705310271053726,0.010903418783747038,0.00208485267569913,-0.04244570917891574,0.9996472322841282,-0.01510273031573589
80.0,11.544,-0.9979930493907399,-0.041325959675576514,0.0002794748126011277,0.01085819515079359,0.0020403261054171176,-0.04189054151588202,0.999646023305988,-0.015206095825591863
80.0,11.57,-0.9980355062433853,-0.04076500463771818,0.00028189686629330224,0.010813007775332851,0.00199616258490365,-0.04133015670006864,0.9996447997775886,-0.01530942855403704
80.0,11.596,-0.9980776244511842,-0.040198779556602414,0.0002843188671396845,0.010767854020615397,0.0019523689187726744,-0.040764340411250224,0.9996435617282043,-0.015412730244151416
80.0,11.622,-0.9981194020480135,-0.03962693566958134,0.00028674123165806076,0.010722733755257174,0.0019089519331184537,-0.04019287948353873,0.9996423091802924,-0.015516002289908527
80.0,11.648,-0.9981608356836696,-0.039049124166981274,0.00028916373891567436,0.01067764441842352,0.001865920204210247,-0.03961554157115241,0.999641042147553,-0.015619246608702664
80.0,11.674,-0.9982019137522522,-0.038465170409214114,0.0002915865681571193,0.01063258471918157,0.0018232834842537256,-0.03903209751875905,0.9996397606626323,-0.01572246459470601
80.0,11.7,-0.9982426234273727,-0.037874899737346146,0.00029400985509228785,0.010587552182398971,0.0017810509975162833,-0.03844228900847301,0.9996384647290559,-0.015825657990680187
80.0,11.726,-0.9982829571689261,-0.037277963243843984,0.0002964333907899171,0.01054254561239977,0.001739234079747778,-0.037845860483764114,0.9996371543639168,-0.015928828365103273
80.0,11.752,-0.9983228992798455,-0.03667418621801261,0.0002988575126379079,0.010497563832699196,0.0016978450512088177,-0.037242541606159224,0.9996358295923686,-0.01603197746111538
80.0,11.778,-0.998362438946321,-0.036063219689007234,0.0003012819633210304,0.010452604513411309,0.0016568974247688124,-0.03663204449996895,0.9996344904301512,-0.016135106847213358
80.0,11.804,-0.9984015634192948,-0.03544471464725393,0.0003037070260843326,0.01040766536406797,0.0016164053840669024,-0.0360140744622256,0.9996331369066981,-0.01623821791761971
80.0,11.83,-0.9984402518886965,-0.03481849630999983,0.00030613253355299755,0.010362747744078745,0.001576385635292479,-0.03538832393479114,0.9996317690049313,-0.01634131276388021
80.0,11.856,-0.9984784937593498,-0.034184041353433,0.00030855864448230775,0.010317845862413286,0.0015368548808700336,-0.03475445607654927,0.9996303867672945,-0.016444392605950608
80.0,11.882,-0.9985162582107692,-0.033541349221336794,0.00031098553611258624,0.010272961146257961,0.0014978334456323102,-0.03411213022375725,0.9996289901925364,-0.01654745918663794
80.0,11.908,-0.9985535416320421,-0.03288954798198166,0.0003134128771629958,0.010228090316021276,0.0014593422340874083,-0.033460991326701384,0.999627579304609,-0.016650514074665654
80.0,11.934,-0.9985903028189178,-0.032228811328174234,0.0003158409733020351,0.010183233668128469,0.001421404232639299,-0.03280065405199298,0.9996261541094603,-0.016753559187510817
80.0,11.96,-0.9986265323150711,-0.0315582672538723,0.00031826979534628334,0.010138386848452492,0.0013840444277511746,-0.03213072376418566,0.9996247146095636,-0.016856595919058328
80.0,11.986,-0.9986621948722403,-0.03087774086525321,0.00032069923607422595,0.010093549090114605,0.0013472908028183774,-0.03145078054237725,0.9996232608383834,-0.016959625838248244
80.0,12.012,-0.998697258002514,-0.030186882985276293,0.00032312953291735745,0.010048719648521625,0.0013111734163350696,-0.030760377985448166,0.9996217927912323,-0.01706265068791341
80.0,12.038,-0.9987316962762414,-0.029484995815887267,0.0003255606988920668,0.010003896666144617,0.0012757250814159973,-0.030059058585282197,0.9996203104742128,-0.01716567221108402
80.0,12.064,-0.9987654698276625,-0.028771730157917667,0.00032799256291463644,0.009959078345007994,0.0012409814320342605,-0.029346326009310555,0.9996188139072306,-0.017268691976526886
80.0,12.09,-0.9987985400081355,-0.02804656250917731,0.00033042542785752634,0.009914261782302819,0.001206982429514963,-0.028621664304886985,0.9996173031010677,-0.01737171137835244
80.0,12.116,-0.9988308684952119,-0.027308795045981972,0.00033285900496426426,0.009869447581154473,0.0011737709928087506,-0.02788452663901622,0.9996157780574721,-0.017474731636009936
80.0,12.142,-0.9988624024149657,-0.026558078610380002,0.00033529353530162975,0.009824631809439306,0.001141394061710134,-0.027134336919647513,0.9996142387546878,-0.017577756586339307
80.0,12.168,-0.9988930933517629,-0.025793715420384455,0.00033772901659130536,0.009779814018988621,0.001109903264666177,-0.026370482140021054,0.9996126852619518,-0.017680784832215725
80.0,12.194,-0.9989228869131106,-0.025015007721353448,0.00034016535928202575,0.009734991552725841,0.001079354350949459,-0.02559231353504835,0.9996111174966053,-0.017783821605599454
80.0,12.22,-0.998951722275452,-0.024221257803985874,0.0003426025415644377,0.009690164058653025,0.0010498098086229523,-0.02479914807062815,0.9996095355874659,-0.017886863416212914
80.0,12.246,-0.9989795317481311,-0.02341176802627468,0.00034504095835491557,0.009645328978232828,0.0010213366993406876,-0.023990256193026714,0.9996079394188577,-0.01798991724066284
80.0,12.272,-0.9990062402635426,-0.022585840837439895,0.0003474801863311651,0.009600484961673466,0.0009940095230065006,-0.023164868400621336,0.9996063290531353,-0.018092981332721057
80.0,12.298,-0.999031772371575,-0.02174243007639437,0.0003499204656601422,0.00955563068798272,0.0009679092083700982,-0.02232215964794016,0.9996047044811143,-0.018196059180520915
80.0,12.324,-0.9990560318911715,-0.02088101280097665,0.00035236181385328455,0.00951076379979524,0.000943125718470331,-0.021461264070926734,0.9996030656895838,-0.01829915252692725
80.0,12.35,-0.9990789279340074,-0.020000368783076962,0.0003548042343839575,0.00946588201292447,0.0009197569924152652,-0.020581248422113074,0.9996014127082395,-0.01840226137037996
80.0,12.376,-0.9991003509528344,-0.019099626725014623,0.0003572475934397328,0.009420984207141419,0.0008979108802870802,-0.019681123559077314,0.9995997455459863,-0.018505387454175567
80.0,12.402,-0.999120182983112,-0.01817774121102642,0.00035969191117577934,0.009376069308432149,0.0008777067800207336,-0.018759833928454664,0.9995980641555139,-0.01860853426581583
80.0,12.428,-0.9991382927476858,-0.017233667127579726,0.0003621374790172129,0.009331135208071878,0.0008592756813871848,-0.017816251130537492,0.9995963685764035,-0.018711701803968143
80.0,12.454,-0.9991545430855321,-0.01626583657442146,0.0003645840820625762,0.009286179888895301,0.0008427621969132615,-0.016849172206472144,0.9995946587825592,-0.018814893556560748
80.0,12.48,-0.9991687683880839,-0.015273379617362191,0.0003670318173544197,0.00924120139382272,0.0008283264715426486,-0.015857305489491113,0.9995929347894619,-0.018918109521841888
80.0,12.506,-0.9991807964798872,-0.014254729308729877,0.00036948064711289343,0.00919619890344644,0.0008161451969609726,-0.01483926855213215,0.9995911965577029,-0.019021353187517773
80.0,12.532,-0.9991904319495993,-0.01320849370931163,0.0003719306379268723,0.009151170590122328,0.0008064141614865249,-0.013793576012066888,0.9995894441580743,-0.01912462280766446
80.0,12.558,-0.9991974614224605,-0.012132932843887409,0.00037438159450861754,0.009106112608265063,0.0007993509394007975,-0.012718638234737036,0.9995876775163423,-0.019227923614604105
80.0,12.584,-0.9992016457110553,-0.01102630762612287,0.0003768336808459161,0.009061026435554068,0.0007951963341533144,-0.011612738006312798,0.9995858966235862,-0.019331257351420654
80.0,12.61,-0.9992027155211676,-0.009887054429220596,0.0003792869430524376,0.009015907324901238,0.0007942190721285583,-0.010474030202201239,0.9995841015495086,-0.019434622272214184
80.0,12.636,-0.9992003773099253,-0.008712913323836852,0.00038174131075562685,0.008970755840733861,0.0007967178461018616,-0.009300523208768218,0.9995822922051134,-0.019538023609064648
80.0,12.662,-0.9991942993183793,-0.007501800293240515,0.00038419688137053066,0.008925569481817885,0.0008030263123088846,-0.008090065417847294,0.9995804686250933,-0.019641461360681896
80.0,12.688,-0.9991841110604422,-0.006251458743686254,0.00038665337710657344,0.008880344830521681,0.0008135171715543517,-0.006840330538799203,0.9995786307521994,-0.01974493901452479
80.0,12.714,-0.9991693996489843,-0.004959111084014675,0.00038911114651243265,0.008835082631173765,0.0008286080075923764,-0.005548796081468078,0.9995767786315408,-0.019848456569537164
80.0,12.74,-0.9991496975352218,-0.0036225054943275167,0.0003915700306534165,0.008789779623584364,0.0008487670349544951,-0.004212725474392237,0.9995749122388752,-0.01995201576858157
80.0,12.766,-0.9991244842044347,-0.0022381725695070445,0.00039403009547023775,0.008744434667499475,0.0008745207974609351,-0.0028291444832000607,0.9995730315722485,-0.02005561835497544
80.0,12.792,-0.9990931694938321,-0.0008031698266631386,0.00039649114448413365,0.00869904469790518,0.0009064622269286169,-0.001394812426993312,0.999571136570777,-0.020159267816155138
80.0,12.818,-0.9990550885825882,0.0006861382156033156,0.00039895340276078237,0.008653609737971298,0.0009452609963181246,9.380510316413887e-05,0.9995692272658709,-0.02026296415084807
80.0,12.844,-0.9990094888010245,0.0022335559413704867,0.00040141658884661706,0.008608125910763272,0.0009916745342979376,0.0016405719500554926,0.9995673036418793,-0.020366709102136386
80.0,12.87,-0.9989555160008539,0.003843404215421972,0.0004038810363322895,0.008562593395534331,0.0010465623286941737,0.0032497198976113033,0.999565365646692,-0.02047050615766981
80.0,12.896,-0.9988921994745199,0.005520170237563865,0.00040634661696156417,0.008517009493730025,0.0011109016433503566,0.004925893911954009,0.9995634132985599,-0.020574355315946584
80.0,12.922,-0.998818430290216,0.007269203173025101,0.0004088131813162702,0.008471371619677603,0.0011858065651179442,0.006674201980746058,0.9995614465911434,-0.020678258320276848
80.0,12.948,-0.9987329419413032,0.009096014573565733,0.0004112807533149546,0.008425678263435338,0.0012725516522466228,0.00850027715953376,0.9995594654580815,-0.02078221865805358
80.0,12.974,-0.9986342812481842,0.011006798694716055,0.0004137495277387629,0.008379928964224981,0.0013725976828548852,0.01041034060809905,0.9995574698795134,-0.02088623807233054
80.0,13.0,-0.9985207766163267,0.013008429075116783,0.000416219337238167,0.008334119500783761,0.0014876261844977885,0.01241128732663604,0.9995554598829846,-0.02099031656184535
80.0,13.026,-0.9983904966527765,0.01510862852068358,0.00041869022922398066,0.008288250577707513,0.0016195774300293711,0.014510773117757949,0.9995534353993807,-0.02109445761396387
80.0,13.05,-0.9982534211867257,0.017142069887166655,0.00042097180777874425,0.008245853637833221,0.0017583369754612648,0.016543577866964525,0.9995515537732195,-0.0211906447681715
80.0,13.052,-0.9982412038874986,0.017315963669728075,0.0004211619397127723,0.0082423172551076,0.0017706990519755167,0.016717322816916468,0.9995513964066289,-0.02119866297172594
80.0,13.078,-0.9980702996413968,0.019639838178664548,0.0004236348993286665,0.008196320408676632,0.0019436040951008391,0.019040459233173036,0.9995493428934243,-0.021302934378411513
80.0,13.104,-0.9978747466521711,0.022091006639236604,0.00042610869452352476,0.00815025630052254,0.002141343097443374,0.021490851650980896,0.9995472748620684,-0.02140727183226795
80.0,13.13,-0.9976509877165862,0.02468138905855617,0.00042858360293416826,0.008104124116861115,0.0023674893130851706,0.02408048276558041,0.9995451922022143,-0.021511680565153103
80.0,13.156,-0.9973948315059824,0.027424578806995507,0.0004310593490680484,0.008057921301615027,0.0026262506075308196,0.02682286872490063,0.9995430949867471,-0.02161615883150443
80.0,13.182,-0.997101323380337,0.030335823589807104,0.0004335361922966644,0.008011645401971842,0.0029226028376646927,0.029733299786110338,0.9995409831031035,-0.021720711863154493
80.0,13.208,-0.9967645713580723,0.03343252283773678,0.00043601389904741937,0.007965295962482074,0.0032624605392489923,0.032829137339433455,0.9995388565392845,-0.02182533965807069
80.0,13.234,-0.996377539083652,0.03673436884063285,0.0004384924770144729,0.007918869860433277,0.0036528892834867227,0.03613017827417949,0.9995367152910297,-0.02193004395974958
80.0,13.26,-0.9959317603058864,0.04026417265583194,0.0004409719497397133,0.007872365033769266,0.004102382055866631,0.0396590860065018,0.9995345592688417,-0.022034828255192703
80.0,13.286,-0.995417004197942,0.04404797878040357,0.0004434521705240166,0.00782577956110557,0.00462120399259412,0.043441915265202996,0.9995323884935465,-0.022139692543108193
80.0,13.312,-0.9948208207620318,0.04811585426611998,0.0004459333697170437,0.007779111630780811,0.005221848293977068,0.04750875771742411,0.9995302028737798,-0.022244640310467103
80.0,13.338,-0.9941279454123312,0.05250282086826416,0.00044841533290331155,0.007732359587118983,0.005919621188620403,0.05189455034884365,0.9995280023397064,-0.022349675044722555
80.0,13.364,-0.9933195381464756,0.057249570342418184,0.00045089816620058723,0.007685520998972477,0.006733421726305109,0.056640034661722474,0.9995257869260684,-0.02245479499954093
80.0,13.39,-0.9923721482787081,0.06240381164138661,0.00045338180164494204,0.007638593597086632,0.00768677383260563,0.061793016145774565,0.999523556561703,-0.022560003662359416
80.0,13.416,-0.9912563134601645,0.06802204550586093,0.00045586600143467413,0.00759157527432626,0.008809213361371344,0.06740988766683989,0.9995213111624481,-0.022665304520330293
80.0,13.442,-0.9899346748287849,0.07417137400623888,0.00045835102058799254,0.007544464045888787,0.010138181603452728,0.07355757976928717,0.9995190507106236,-0.022770697571334705
80.0,13.468,-0.9883593979636848,0.08093162209338763,0.00046083667469876187,0.0074972581047167055,0.011721634313845758,0.08031600760275874,0.9995167751316862,-0.022876186302749343
80.0,13.494,-0.9864684900257544,0.08839903849814539,0.0004633230792787224,0.007449954915880575,0.013621691118632845,0.08778124435096386,0.999514484378196,-0.022981772457179278
80.0,13.52,-0.9841806642699745,0.0966898334010404,0.00046581004375655316,0.007402552136053387,0.015919805384142758,0.09606948990922665,0.9995121784019478,-0.023087457777215117
80.0,13.546,-0.9813878526410711,0.1059456589675652,0.00046829751896140505,0.00735504843623752,0.018724250742433772,0.10532228894101935,0.9995098571309551,-0.023193244004898694
80.0,13.572,-0.9779442678026365,0.11633998080229345,0.00047078574129469353,0.0073074417751200675,0.022181070142705442,0.1157130079534727,0.9995075204978271,-0.023299134627789816
80.0,13.598,-0.9736499902937343,0.12808664181240836,0.00047327440429930024,0.007259728639507659,0.026490486854544453,0.12745518318703275,0.9995051684578254,-0.023405129643147844
80.0,13.624,-0.9682259780412642,0.14144978804081926,0.00047576351694602237,0.007211907379682094,0.031931950564397175,0.14081271604610146,0.999502800930139,-0.023511232538224052
80.0,13.65,-0.9612750219403818,0.1567559487039496,0.0004782531632283054,0.007163976512749372,0.038903143313947036,0.15611156308781426,0.9995004178094258,-0.02361744679969835
80.0,13.676,-0.9522195953140619,0.1744054630107717,0.00048074308376669714,0.00711593228135342,0.04798222904246728,0.17375143226130887,0.9994980190716367,-0.023723772425306565
80.0,13.702,-0.9402005002012254,0.19487867212116286,0.0004832335588073732,0.00706777439914875,0.060029225080357296,0.1942117736768346,0.9994956045979952,-0.023830212901403316
80.0,13.728,-0.9239083738714884,0.2187211016507203,0.00048572428573499484,0.007019498708269333,0.07635440290970395,0.21803625430141163,0.9994931743329912,-0.023936769970406176
80.0,13.754,-0.9013004635608606,0.2464644317542002,0.00048821531692224985,0.006971103705259022,0.09900161065233,0.24575406090649493,0.9994907282088243,-0.024043445374438713
80.0,13.78,-0.8691268017709082,0.2783739158372675,0.0004907065882403155,0.006922587286326371,0.13122180616381057,0.2776263069565556,0.9994882661223857,-0.024150240854767982
80.0,13.806,-0.8221818574506723,0.3137295651811968,0.0004931982146345232,0.0068739475493809045,0.1782204195912008,0.312925654442309,0.9994857879426411,-0.024257161642883517
80.0,13.832,-0.7523687777433673,0.34890730920290314,0.0004956899533507881,0.006825180462177706,0.24809085993311414,0.3480165224573187,0.9994832936718434,-0.024364205991675655
80.0,13.858,-0.648725502377051,0.3726966030489134,0.0004981818422157216,0.006776285390538685,0.35178165150977164,0.37167152234682355,0.9994807831190912,-0.02447137913116999
80.0,13.884,-0.5037144804802628,0.3574655142707374,0.0005006737403029415,0.0067272587895299855,0.4967933452410038,0.3562442557341028,0.9994782561801157,-0.02457868454803168
80.0,13.91,-0.3385137842320524,0.25585105610536774,0.0005031657823885012,0.006678098920389285,0.661879067139647,0.2543953024911525,0.9994757128323271,-0.02468612049450942
80.0,13.936,-0.236011769843867,0.046119923814735425,0.0005056579093277912,0.006628802758536665,0.7641129808598623,0.04450535037045582,0.9994731529152623,-0.024793692201343365
80.0,13.962,-0.2758486142906398,-0.18762724696897568,0.0005081498113846007,0.006579368340518805,0.723966993751471,-0.189211002140239,0.9994705763735214,-0.024901399665423936
80.0,13.988,-0.4133459323654424,-0.33543178304398596,0.0005106418468263139,0.006529793152273959,0.5862685968776166,-0.336852743772943,0.9994679829655453,-0.025009249860939328
80.0,14.014,-0.5572982002582791,-0.38860874945018076,0.0005131334812402433,0.00648007352650675,0.4422358366991753,-0.38985411817720095,0.9994653727327452,-0.02511723929618407
80.0,14.04,-0.6693853207322165,-0.38926380541957006,0.0005156251262724827,0.006430209026235293,0.33013599493436674,-0.39037014544136595,0.9994627454308076,-0.025225374945244995
80.0,14.066,-0.7490402364821381,-0.3690859550321337,0.0005181165166588148,0.006380195064288131,0.25049688434836753,-0.37009203726683826,0.9994601009679988,-0.025333658549534913
80.0,14.092,-0.8048107593017846,-0.3431241664688725,0.0005206075311226957,0.006330030346049396,0.194751455017558,-0.3440587824802022,0.9994574392057372,-0.025442091849262993
80.0,14.118,-0.8443818980636816,-0.3173365420302477,0.0005230983250724277,0.006279711647565668,0.15520694732807452,-0.3182198215692091,0.9994547600621505,-0.02555067658605687
80.0,14.144,-0.8730964226275812,-0.29375256304878433,0.0005255886771300979,0.006229236843361516,0.1265175880750442,-0.29459817029736735,0.9994520633407179,-0.025659416244116884
80.0,14.17,-0.8944422250038986,-0.27284538904347105,0.0005280784689512321,0.006178602688758185,0.1051945512519242,-0.27366277471819467,0.9994493489008619,-0.02576831430904966
80.0,14.196,-0.910680271204363,-0.25451341034448793,0.0005305679599092803,0.006127806984762442,0.08897668966770098,-0.25530902474134304,0.999446616611056,-0.025877372521151902
80.0,14.222,-0.9232954048314927,-0.23847099034928437,0.0005330567387727868,0.00607684652354569,0.07637944601672086,-0.2392498160982114,0.9994438663274301,-0.025986592620371878
80.0,14.248,-0.9332821978611855,-0.2244013348904253,0.0005355449142759416,0.0060257184420047976,0.06640842346040943,-0.22516673706301488,0.9994410978942473,-0.02609597809185825
80.0,14.274,-0.9413218760771355,-0.21200985370277922,0.0005380325253468005,0.005974420964729865,0.058382725925852946,-0.21276451071206298,0.999438311119644,-0.026205532419795095
80.0,14.3,-0.9478910891893649,-0.20104131372100809,0.0005405192320809422,0.005922949964829935,0.05182594083050796,-0.20178723043741637,0.9994355058560713,-0.026315257343947136
80.0,14.326,-0.9533303609842274,-0.1912804083715546,0.0005430052607730442,0.005871303766824642,0.04639778471998772,-0.19201922270365743,0.9994326819205149,-0.026425156348666053
80.0,14.352,-0.9578875785752424,-0.18254802318518573,0.0005454904390142112,0.0058194784140369925,0.04185053216914049,-0.183280949464995,0.9994298391283367,-0.026535232918231892
80.0,14.378,-0.9617464506122594,-0.17469537437800697,0.0005479745693199875,0.005767471771926982,0.038000675789493975,-0.1754235760778206,0.9994269773632667,-0.026645487047580536
80.0,14.404,-0.9650451830275976,-0.16759957320250196,0.0005504577779307937,0.0057152807786103816,0.03471006227696884,-0.16832359205910574,0.9994240963918597,-0.026755923965193152
80.0,14.43,-0.9678895003364508,-0.16115758186483534,0.0005529399562213834,0.005662902213374702,0.031873159001314155,-0.1618782776406947,0.9994211960260173,-0.02686654540958176
80.0,14.456,-0.970361135950303,-0.15528406338005066,0.0005554210200388608,0.005610333353359483,0.029408268091775318,-0.1560018181132821,0.9994182760401303,-0.026977356609364636
80.0,14.482,-0.9725242395413723,-0.14990682546922768,0.0005579008373832014,0.005557571333208101,0.027251361976493735,-0.15062219486288633,0.9994153363134798,-0.027088357559207386
80.0,14.508,-0.9744296244180145,-0.14496519703570096,0.000560379442641488,0.005504612511757364,0.025351691691294583,-0.14567864454918064,0.999412376607282,-0.02719955174171148
80.0,14.534,-0.9761179577326807,-0.1404079015942257,0.0005628566657050913,0.0054514538362457135,0.023668620389159723,-0.1411196424534495,0.9994093966679438,-0.02731094438462299
80.0,14.56,-0.9776221655956128,-0.1361909330241768,0.0005653326043311315,0.005398092792934757,0.02216928922326463,-0.13690126084040152,0.999406396312134,-0.027422537226366485
80.0,14.586,-0.9789690813123899,-0.1322767348137392,0.0005678069397300286,0.00534452560935604,0.020826901563751065,-0.1329858763199918,0.9994033753190734,-0.027534333749898526
80.0,14.612,-0.9801807848723233,-0.12863288681514323,0.0005702797771396823,0.005290749104307042,0.019619427806294106,-0.1293411006214732,0.999400333503046,-0.027646335693485163
80.0,14.638,-0.9812755669924296,-0.1252313650559981,0.0005727509088236924,0.005236760153289195,0.018528607335506906,-0.1259389180096931,0.9993972705690275,-0.027758548283553123
80.0,14.664,-0.9822686582234892,-0.12204806941623521,0.0005752204232714178,0.005182556255714096,0.01753921589587289,-0.12275500476653088,0.999394186339813,-0.027870973258503958
80.0,14.69,-0.9831728959203727,-0.11906161123483407,0.000577688167084792,0.005128132601282941,0.01663846037640597,-0.11976811528175003,0.9993910805539221,-0.027983614099968444
80.0,14.716,-0.9839991051847294,-0.11625343158578864,0.0005801539894742442,0.005073486928781503,0.01581553378470517,-0.1169596667875384,0.9993879529826815,-0.028096474290439055
80.0,14.742,-0.9847564665540126,-0.11360737823471194,0.0005826179079665747,0.005018614727492164,0.015061255376988726,-0.11431329652304513,0.9993848033496769,-0.02820955731101498
80.0,14.768,-0.9854528757106048,-0.11110874470174921,0.0005850797330185131,0.004963514066404621,0.014367774198804938,-0.11181455406151196,0.9993816313618544,-0.028322868387907672
80.0,14.794,-0.9860950743933313,-0.10874483974948228,0.0005875394986635878,0.004908180289901718,0.013728355471335935,-0.10945067827686768,0.9993784368725273,-0.028436407514471584
80.0,14.82,-0.9866888841875188,-0.10650434258738514,0.0005899971167147429,0.004852610209236966,0.013137189220738235,-0.10721029000107216,0.9993752195393419,-0.02855017991540507
80.0,14.846,-0.987239350285265,-0.10437716421243438,0.0005924524177395569,0.004796800381822181,0.01258923471718886,-0.1050832678724608,0.9993719790634263,-0.02866419081657963
80.0,14.872,-0.9877508617887978,-0.10235430183749854,0.0005949052238953398,0.00474074660693805,0.012080110906244812,-0.10306053906795203,0.9993687152710259,-0.02877844021039439
80.0,14.898,-0.9882272884582433,-0.10042734295501876,0.0005973557523184572,0.004684446156672566,0.011605985566829855,-0.10113399034924687,0.9993654278369337,-0.02889293332184304
80.0,14.924,-0.9886719608691614,-0.09858934463069903,0.0005998035960225414,0.004627894616917155,0.011163500793325688,-0.0992963051268233,0.999362116433371,-0.029007675375779047
80.0,14.95,-0.9890878523062813,-0.09683364058059783,0.0006022488656942512,0.004571088037951437,0.010749700283213797,-0.09754091010924475,0.9993587807692969,-0.029122669852368645
80.0,14.976,-0.9894776055591463,-0.09515402426742003,0.0006046913400773446,0.0045140230688710484,0.010361972488568903,-0.09586183734295958,0.9993554206259188,-0.029237918488121798
80.0,15.002,-0.989843506786082,-0.09354544904052867,0.0006071310142999863,0.0044566958667307454,0.009998004145407038,-0.09425368792471933,0.9993520356861938,-0.029353424762302814
80.0,15.028,-0.9901876362303006,-0.09200282717357902,0.0006095675863844938,0.004399101737983813,0.009655738471821693,-0.0927115778003147,0.9993486255744268,-0.029469195643779776
80.0,15.054,-0.9905118293980971,-0.09052172680869748,0.0006120013043610904,0.004341237692293338,0.00933334398646111,-0.09123103521417149,0.9993451899917455,-0.029585234612200747
80.0,15.08,-0.9908177179319002,-0.08909820465409145,0.0006144318053973833,0.004283099542036951,0.00902918171410782,-0.08980799211381957,0.9993417286892845,-0.029701543402902927
80.0,15.106,-0.9911067971214214,-0.08772829164127798,0.0006168590454667792,0.004224682423289997,0.008741784965561746,-0.08843874453352964,0.9993382413015607,-0.02981812723912131
80.0,15.132,-0.9913803804457628,-0.08640868820387687,0.000619282917384465,0.0041659829295292985,0.00846983296451808,-0.08711987698489941,0.9993347275356841,-0.029934989600449262
80.0,15.158,-0.9916396465616878,-0.0851364217460353,0.0006217033559489766,0.004106996666841885,0.008212137204145304,-0.08584826244093798,0.9993311870099375,-0.030052135709475056
80.0,15.184,-0.9918856821233897,-0.08390850312631842,0.0006241201166158734,0.0040477189157565865,0.00796762812441319,-0.08462105260814369,0.9993276194270854,-0.030169569045501717
80.0,15.21,-0.992119461680368,-0.08272227481964585,0.0006265332759623033,0.003988146084583414,0.007735333587004063,-0.08343558275878231,0.9993240243477701,-0.030287296574953014
80.0,15.236,-0.9923418588511282,-0.08157541303369202,0.0006289425786901398,0.00392827350764772,0.007514373811325099,-0.08228943604665485,0.9993204015758785,-0.030405318288529996
80.0,15.262,-0.992553682930813,-0.08046558296400577,0.0006313479795566075,0.0038680964580699076,0.0073039490242949034,-0.08118034306439519,0.999316750655924,-0.03052364115199058
80.0,15.288,-0.9927556574759122,-0.07939078652920561,0.0006337492747268411,0.003807610770901458,0.007103333014554992,-0.08010624713615025,0.9993130712588213,-0.030642268643328044
80.0,15.314,-0.9929484688351561,-0.07834884385877242,0.000636146455072082,0.003746811533654162,0.0069118600976044225,-0.07906520911067288,0.9993093629691889,-0.030761207729342342
80.0,15.34,-0.993132702061074,-0.07733826065081753,0.0006385393391634541,0.0036856946358743855,0.006728925222446021,-0.07805543622449805,0.9993056254837084,-0.030880460142867227
80.0,15.366,-0.9933089159619163,-0.07635736281054512,0.0006409276786131389,0.003624254677052686,0.006553971439552008,-0.07707527409629367,0.9993018584127369,-0.03100003110553408
80.0,15.392,-0.9934776450892896,-0.07540429688699436,0.0006433116400726006,0.003562487663702004,0.00638649018540009,-0.07612318063798164,0.9992980613095145,-0.031119927582897604
80.0,15.418,-0.9936393247023176,-0.07447807109155112,0.0006456908235260855,0.0035003883012538427,0.006226014561574793,-0.07519771123501767,0.9992942338756897,-0.03124015130765084
80.0,15.444,-0.9937944128048604,-0.07357699542209138,0.0006480651291326427,0.0034379513417071967,0.006072114697611296,-0.07429753930008581,0.9992903756475503,-0.03136070924462193
80.0,15.47,-0.993943301246649,-0.07269989592995602,0.000650434512241907,0.0033751721930153637,0.00592439290647457,-0.07342139030226928,0.9992864862126352,-0.03148160661433539
80.0,15.496,-0.9940863446883804,-0.07184576845145718,0.0006527988009213113,0.0033120458917181217,0.005782485159164032,-0.07256811450580768,0.9992825652222733,-0.03160284689340743
80.0,15.522,-0.9942239012837697,-0.07101325854769461,0.0006551578051606333,0.0032485669189218427,0.005646052837498037,-0.07173660581752918,0.9992786122035096,-0.031724437046065174
80.0,15.548,-0.9943562586438022,-0.07020170279037641,0.0006575114606659103,0.0031847305717823994,0.0055147819213257,-0.07092584066723784,0.9992746267792934,-0.0318463805478155
80.0,15.574,-0.9944837358463048,-0.06940974097322784,0.0006598594941766082,0.0031205309226978303,0.005388385015471725,-0.07013485717231327,0.9992706084704154,-0.031968684362466124
80.0,15.6,-0.9946065859434049,-0.06863670461028858,0.0006622018736614315,0.0030559629132442556,0.005266594274766568,-0.0693627604914945,0.999266556905889,-0.032091351965494085
80.0,15.626,-0.9947250710761795,-0.06788157590469614,0.0006645383775320551,0.002991021159875187,0.005149157182719135,-0.06860869583719702,0.9992624715886688,-0.03221439031991117
80.0,15.652,-0.9948394036235106,-0.06714385587957576,0.000666868875237921,0.0029256998318138378,0.0050358439281626465,-0.06787186167373414,0.9992583520178695,-0.032337806388485754
80.0,15.678,-0.9949498188479562,-0.06642252293865614,0.0006691931701473927,0.0028599933470110773,0.00492643726474047,-0.06715151557563764,0.9992541978817169,-0.03246160190240426
80.0,15.704,-0.9950565053394078,-0.06571707475744973,0.000671511028843436,0.0027938959520317198,0.00482073699843638,-0.06644694788783025,0.9992500085936356,-0.032585785567282984
80.0,15.73,-0.9951596749603221,-0.06502648650935512,0.0006738224217630146,0.002727401983280347,0.004718555553856252,-0.06575749573201974,0.9992457837109667,-0.032710362601549324
80.0,15.756,-0.995259473131306,-0.06435060043668314,0.0006761271012526719,0.002660505288879322,0.0046197156320389844,-0.06508251833428322,0.9992415227764808,-0.03283533822303249
80.0,15.782,-0.9953560815619608,-0.0636885628248998,0.0006784249183791041,0.0025932001744431265,0.004524055658989999,-0.06442143294835348,0.9992372252608306,-0.03296071939295167
80.0,15.808,-0.9954496616810309,-0.06303969245953371,0.0006807155759376829,0.002525479879494388,0.004431419113715751,-0.06377366855188746,0.9992328906999332,-0.03308651132864918
80.0,15.834,-0.9955403454423707,-0.0624036545868971,0.0006829990359258489,0.00245733906881888,0.004341664516561955,-0.06313870124833162,0.9992285185686058,-0.03321272099121556
80.0,15.86,-0.9956282578337639,-0.06178011356415614,0.0006852749992590821,0.0023887705759852293,0.004254656079389089,-0.0625160237902005,0.9992241083146188,-0.033339355340705534
80.0,15.886,-0.9957135499751253,-0.06116821160770894,0.0006875433232260865,0.0023197684627611925,0.004170267633170323,-0.061905158961493185,0.9992196594515881,-0.03346641959330837
80.0,15.912,-0.9957963339295165,-0.06056761139245696,0.0006898038757153525,0.002250326252161983,0.004088379507935114,-0.061305651373457115,0.9992151714312896,-0.03359392070892286
80.0,15.938,-0.9958767163194544,-0.05997797490305414,0.0006920562294830196,0.0021804368313988413,0.004008880186413788,-0.06071708047885877,0.9992106437602315,-0.033721863903211614
80.0,15.964,-0.995954799049908,-0.05939896350469913,0.0006943004221873424,0.002110093910602082,0.0039316640447909215,-0.06013903136767541,0.9992060757644248,-0.033850259623411566
80.0,15.99,-0.9960306994195317,-0.05882989026218704,0.0006965360620455655,0.002039290269207767,0.003856631841816617,-0.05957112214376427,0.9992014669781124,-0.03397911133987889
80.0,16.016,-0.9961044889597356,-0.05827076300278895,0.0006987629424871343,0.0019680190612288593,0.003783690087428514,-0.05901298206511983,0.9991968167660333,-0.034108427754901166
80.0,16.042,-0.9961762762422718,-0.057720893685763476,0.0007009809507647184,0.0018962732279606,0.003712751640447015,-0.05846426461865286,0.9991921245590382,-0.03423821582690251
80.0,16.068,-0.9962461250371881,-0.05718028918835015,0.0007031897457128762,0.001824045375496967,0.00364373210483459,-0.05792462665033007,0.9991873898206726,-0.03436848076930038
80.0,16.094,-0.9963141258985315,-0.0566484343691246,0.0007053890682810887,0.0017513281187570098,0.0035765537962067816,-0.057393761240618325,0.9991826118189399,-0.034499233026535986
80.0,16.12,-0.9963803654060548,-0.05612481361031884,0.0007075787900031245,0.0016781142561574423,0.00351114037160021,-0.05687136362135996,0.9991777899595589,-0.03463047955566188
80.0,16.146,-0.9964448878440585,-0.05560960651395645,0.0007097585869518516,0.0016043958401308497,0.0034474230975735636,-0.05635713730869215,0.9991729237045326,-0.03476222556952146
80.0,16.172,-0.9965077835678033,-0.055102122829179166,0.0007119282370371777,0.0015301654087448901,0.003385334280329299,-0.055850820041942875,0.9991680122836456,-0.03489448151068909
80.0,16.198,-0.9965691008098189,-0.05460236758586482,0.000714087399822382,0.0014554146888801284,0.0033248125913426904,-0.05535214364951955,0.9991630551382897,-0.03502725259091795
80.0,16.224,-0.9966289050321474,-0.0541099977062664,0.0007162358573430339,0.0013801359242973626,0.003265794965815995,-0.054860847562547735,0.9991580514608229,-0.035160550997091734
80.0,16.25,-0.9966872495419616,-0.053624843749631945,0.0007183732537131038,0.0013043206435474344,0.0032082267082392184,-0.0543767031009486,0.9991530006982612,-0.035294380194760444
80.0,16.276,-0.9967441944846108,-0.05314656204530156,0.0007204994310776216,0.0012279608341909383,0.00315205455351673,-0.05389948142696149,0.9991479020432569,-0.035428752370416365
80.0,16.302,-0.9967997980532318,-0.052674808670872056,0.0007226140319028507,0.0011510478107337547,0.003097224766408552,-0.0534289537432418,0.999142754860292,-0.03556367273230336
80.0,16.328,-0.9968540884858397,-0.05220976137758916,0.0007247167831418632,0.00107357299063891,0.0030436901359514198,-0.0529649154421501,0.9991375583184202,-0.0356991534656571
80.0,16.354,-0.9969071292023975,-0.05175090182415542,0.0007268072567817227,0.0009955274319971069,0.0029914049603642153,-0.05250716722673194,0.9991323117603107,-0.035835199777499674
80.0,16.38,-0.996958954081686,-0.05129823338996938,0.0007288853283837998,0.0009169024106150201,0.0029403231753833505,-0.052055515060930035,0.9991270143312181,-0.035971823851769905
80.0,16.406,-0.9970096226022951,-0.050851237288732955,0.0007309504778842754,0.0008376884936215045,0.00289040378446482,-0.051609769711852764,0.9991216653232974,-0.03610903263927191
80.0,16.432,-0.997059147957215,-0.05041026458243713,0.0007330024943096008,0.0007578765518440246,0.0028416077353365468,-0.05116975860737409,0.9991162639375911,-0.03624683483334922
80.0,16.458,-0.9971075949278335,-0.04997462209384154,0.0007350409991090916,0.0006774570337642929,0.0027938950834791366,-0.050735307774883213,0.9991108092652894,-0.036385242615268695
80.0,16.484,-0.9971549828380311,-0.049544486576170624,0.0007370656053437214,0.0005964202624797136,0.0027472303915808756,-0.05030625909816607,0.9991053005057295,-0.03652426467780111
80.0,16.51,-0.99720135614384,-0.049119512576005706,0.0007390760395220157,0.000514756435242671,0.0027015781080398805,-0.04988245268267417,0.999099736840779,-0.03666390971281761
80.0,16.536,-0.9972467403672245,-0.048699702555267704,0.0007410717948625892,0.0004324553828330735,0.002656906658556404,-0.04946373819390133,0.9990941173820478,-0.03680418815544661
80.0,16.562,-0.9972911689230157,-0.04828488483452399,0.0007430525586356446,0.00034950694222887264,0.002613181983067543,-0.049049969198403806,0.9990884411466006,-0.03694511218316627
80.0,16.588,-0.9973346819571737,-0.04787471351853629,0.0007450179835618129,0.0002659006640940046,0.002570376432862956,-0.04864100820488642,0.9990827073605778,-0.03708668874252482
80.0,16.614,-0.9973772937798093,-0.0474693648087624,0.0007469675391216584,0.00018162584725395643,0.002528459240964776,-0.04823672684768397,0.9990769149389885,-0.0372289317527543
80.0,16.64,-0.997419042531574,-0.04706849259010376,0.0007489009287253448,9.667167384231141e-05,0.0024874030157611086,-0.047836983134830514,0.9990710630292793,-0.037371849903013364
80.0,16.666,-0.9974599488680124,-0.046672098794821065,0.0007508176381538837,1.1027044020347183e-05,0.0024471809305682507,-0.0474416660218641,0.9990651505725923,-0.03751545536673292
80.0,16.692,-0.9975000407763749,-0.0462800111822721,0.0007527172903875855,-7.531934514392653e-05,0.0024077682631075724,-0.04705064522984148,0.9990591765476685,-0.03765976031841553
80.0,16.718,-0.9975393453420974,-0.04589205741550568,0.000754599337125931,-0.0001623790208512449,0.0023691404707583377,-0.04666381527220162,0.9990531400222115,-0.03780477344325811
80.0,16.744,-0.9975778886410528,-0.04550806505924423,0.0007564633471640511,-0.0002501637219063051,0.002331274767992254,-0.04628106235733439,0.9990470398356669,-0.03795050865598971
80.0,16.77,-0.9976156802233962,-0.04512820982717054,0.0007583089205253605,-0.0003386855156581748,0.0022941474067793934,-0.04590227550519794,0.9990408749852953,-0.038096976384601224
80.0,16.796,-0.9976527528301601,-0.04475214503314559,0.000760135453407969,-0.0004279566081646535,0.0022577374208474408,-0.04552735680354093,0.9990346442696295,-0.03824419054152228
80.0,16.822,-0.9976891224534242,-0.04437987213400916,0.0007619424758073855,-0.0005179894841627383,0.002222024688362852,-0.045156200170005094,0.9990283465788524,-0.03839216329609437
80.0,16.848,-0.9977248122665228,-0.04401121839878858,0.0007637295247549782,-0.0006087970096151268,0.0021869896193109886,-0.044788717586990864,0.9990219807597118,-0.03854090681559901
80.0,16.874,-0.9977598372997145,-0.04364618517343597,0.0007654959274350543,-0.0007003921158451851,0.0021526126474094645,-0.0444248128028692,0.9990155456384321,-0.038690433266110776
80.0,16.9,-0.9977942118568857,-0.04328477374500606,0.0007672411252716262,-0.0007927880590121618,0.002118875755389637,-0.04406439688660523,0.9990090398850395,-0.03884075829967568
80.0,16.926,-0.9978279648442587,-0.042926637050526795,0.0007689646402334751,-0.0008859985049496679,0.0020857614064260913,-0.043707382980376984,0.9990024623058475,-0.03899189408071984
80.0,16.952,-0.997861109430433,-0.042571776258690394,0.0007706658950054425,-0.0009800374517633906,0.002053251773938096,-0.04335368629162562,0.9989958116748396,-0.03914385277195995
80.0,16.978,-0.9978936585238884,-0.04222019250404523,0.0007723441822926224,-0.0010749188668599712,0.002021332744577474,-0.043003228822440016,0.9989890865278143,-0.039296651765066956
80.0,17.004,-0.9979256316213162,-0.041871712697606735,0.0007739988837248787,-0.001170657291112812,0.0019899866072308884,-0.042655929630380264,0.9989822856517399,-0.039450301476039805
80.0,17.03,-0.9979570405851453,-0.04152633787763629,0.0007756293102634167,-0.001267267420536022,0.001959199308503299,-0.04231171441166016,0.9989754074908928,-0.039604821038199366
80.0,17.056,-0.9979878969057607,-0.041184069046841666,0.0007772349232875458,-0.00136476459323246,0.0019289564187145425,-0.04197051061331279,0.9989684507070336,-0.03976022260783209
80.0,17.082,-0.9980182259818672,-0.040844558800144204,0.0007788149339286578,-0.0014631641176042647,0.0018992438783751546,-0.041632247363414324,0.99896141376603,-0.03991652357175269
80.0,17.108,-0.998048024124635,-0.040508156427427486,0.000780368706074292,-0.0015624818664898656,0.001870047988344555,-0.04129685543818417,0.9989542952028363,-0.04007373782637007
80.0,17.134,-0.998077322872666,-0.040174340243588014,0.0007818953370191823,-0.0016627338019979492,0.0018413563272796389,-0.04096427191413941,0.9989470935054491,-0.04023188101192775
80.0,17.16,-0.9981061180327357,-0.03984345948703333,0.0007833943103753171,-0.0017639367384776874,0.0018131556527823506,-0.040634425978418015,0.9989398069623907,-0.040390972252673636
80.0,17.186,-0.998134433139151,-0.0395151665782659,0.0007848645934668383,-0.0018661071844030105,0.001785434388780267,-0.040307262416442585,0.9989324339658703,-0.040551027183744655
80.0,17.212,-0.9981622773604683,-0.03918946229844819,0.0007863055168211583,-0.0019692625140787013,0.00175818083108507,-0.039982718036454444,0.9989249728953029,-0.04071206143909846
80.0,17.238,-0.9981896595934073,-0.03886634740367456,0.0007877162166408156,-0.0020734205213167097,0.0017313842623257565,-0.039660731119834536,0.9989174219744786,-0.04087409413837202
80.0,17.264,-0.9982165952477372,-0.038545648406135405,0.0007890957589934231,-0.0021785989119230817,0.001705033249153311,-0.03934125054377798,0.9989097794975548,-0.04103714091065869
80.0,17.29,-0.9982430858837452,-0.03822754022772645,0.0007904433941538854,-0.002284816722546319,0.0016791171241616496,-0.039024221818558316,0.9989020434692726,-0.04120122435789463
80.0,17.316,-0.9982691529552116,-0.037911675096653344,0.0007917581097514608,-0.0023920922939244566,0.0016536266421488418,-0.0387095872216628,0.9988942121306154,-0.04136636010547282
80.0,17.342,-0.9982947910037325,-0.037598402125429184,0.0007930388996044268,-0.0025004452067819987,0.0016285509578116005,-0.038397294942766336,0.9988862834914588,-0.041532569007593535
80.0,17.368,-0.9983200273463955,-0.03728719924432044,0.0007942848937355703,-0.002609895112777473,0.0016038814906517563,-0.03808729432115669,0.998878255571146,-0.041699870171623916
80.0,17.394,-0.9983448626117009,-0.03697824128761368,0.0007954949455966862,-0.0027204623420512904,0.0015796089048156618,-0.037779544667767014,0.9988701263726582,-0.04186828270338547
80.0,17.42,-0.9983693039042189,-0.03667152884285925,0.0007966681732193142,-0.002832167962277451,0.0015557246713832193,-0.037473988893647704,0.9988618937860348,-0.04203782744949953
80.0,17.446,-0.9983933581187312,-0.036367062479522816,0.0007978033159624289,-0.0029450325284353126,0.0015322190558248962,-0.03717058428714803,0.998853555501504,-0.04220852874010726
80.0,17.472,-0.9984170382576563,-0.03606466849360505,0.0007988993981256585,-0.0030590784899868963,0.0015090851345215697,-0.03686928904427736,0.9988451094615508,-0.042380403929266064
80.0,17.498,-0.998440350753844,-0.03576434741158827,0.0007999552352406224,-0.003174327917505436,0.0014863138749323154,-0.036570054021035324,0.9988365532725179,-0.042553477341579736
80.0,17.524,-0.9984633080224699,-0.0354659254786714,0.0008009694540872074,-0.0032908031052052106,0.0014638988766887753,-0.03627284378026725,0.9988278845941856,-0.04272777155641088
80.0,17.55,-0.9984859098795795,-0.03516957744868537,0.0008019410759927014,-0.0034085283868471776,0.0014418308592880665,-0.03597761139083703,0.9988191009856341,-0.042903309147728066
80.0,17.576,-0.9985081683493271,-0.03487512953159585,0.0008028685650232356,-0.0035275267072184314,0.0014201043851809394,-0.035684323339956636,0.9988101999562717,-0.043080114432704
80.0,17.602,-0.9985300891000954,-0.03458258218610793,0.0008037506970880345,-0.003647823396973201,0.0013987110034819543,-0.03539293071626466,0.9988011788900054,-0.043258211721925614
80.0,17.628,-0.9985516776405231,-0.034291935857613934,0.0008045861304750986,-0.0037694433340727217,0.0013776445004908121,-0.03510340608498204,0.9987920351599255,-0.0434376253242587
80.0,17.654,-0.9985729393654554,-0.034003190980071464,0.0008053734830625725,-0.003892412570330372,0.0013568981632766177,-0.034815706615405353,0.9987827659412346,-0.04361838303171556
80.0,17.68,-0.9985938913020884,-0.03371599940043649,0.0008061110765857579,-0.004016756998021499,0.0013364651446394293,-0.03452979860500499,0.9987733684140867,-0.04380051088864964
80.0,17.706,-0.9986145266263903,-0.033430710090370144,0.0008067975564031943,-0.004142504572017833,0.0013163405484597451,-0.03424564915544952,0.9987638397533174,-0.04398403319123747
80.0,17.732,-0.9986348561674386,-0.03314714915625025,0.0008074313045224676,-0.004269682629935346,0.0012965169043722181,-0.033963218502527176,0.9987541768903316,-0.044168979463128026
80.0,17.758,-0.9986548846846558,-0.032865316977373785,0.0008080105701122846,-0.004398319823909253,0.0012769885480813962,-0.033682479574798155,0.9987443766596382,-0.04435537922215699
80.0,17.784,-0.9986746168484335,-0.03258521392385314,0.0008085337574097488,-0.004528445183184696,0.0012577508111708906,-0.03340339826991156,0.9987344359999069,-0.04454325849603209
80.0,17.81,-0.9986940684942693,-0.03230649174605883,0.0008089990970362439,-0.004660089377365609,0.00123879738640065,-0.033125941502366946,0.9987243514654051,-0.044732650280011416
80.0,17.836,-0.9987132325980277,-0.0320294993914336,0.0008094047571372004,-0.004793283286287196,0.0012201228311908231,-0.032850080881249646,0.9987141196893864,-0.04492358407793278
80.0,17.862,-0.9987321190723406,-0.03175406289122904,0.0008097487948600497,-0.0049280581367354,0.0012017228216136347,-0.03257578501837604,0.9987037371852158,-0.04511609113303733
80.0,17.888,-0.9987507320667676,-0.03148018257051344,0.0008100293010374311,-0.00506444685991315,0.0011835908660746226,-0.032303023519724104,0.9986932002637304,-0.04531020442414535
80.0,17.914,-0.9987690755859626,-0.031207858744561792,0.0008102440973825906,-0.005202482702613171,0.0011657235633892372,-0.03203177047055943,0.9986825052024453,-0.04550595692656019
80.0,17.94,-0.9987871590156666,-0.030936917401769626,0.0008103912106151421,-0.005342200019389931,0.0011481147959130917,-0.03176200081861573,0.9986716481645354,-0.04570338160830475
80.0,17.966,-0.9988049807151231,-0.030667533157706407,0.0008104684960802438,-0.005483634720226189,0.0011307610812677806,-0.031493682906335294,0.9986606249924406,-0.04590251666051923
80.0,17.992,-0.9988225497791867,-0.030399531978853207,0.0008104734632225012,-0.00562682211059675,0.001113656952256257,-0.031226789735157003,0.9986494316963446,-0.046103395039734346
80.0,18.018,-0.9988398698044864,-0.03013291414374407,0.0008104039290276027,-0.005771800397955818,0.0010967988203347359,-0.030961298658814765,0.9986380639394136,-0.04630605492415022
80.0,18.044,-0.998856944267197,-0.02986767992291434,0.0008102573221391776,-0.005918607330241277,0.001080182090946544,-0.030697187783828465,0.9986265172983905,-0.046510534485446356
80.0,18.07,-0.9988737817703498,-0.029603655245118363,0.0008100310833947795,-0.006067282560212143,0.0010638029649815302,-0.030434425370408334,0.998614787146883,-0.04671687362992732
80.0,18.096,-0.9988903753077008,-0.029341189039294318,0.0008097225827572815,-0.006217866825242327,0.0010476565095140142,-0.03017299121088793,0.9986028688396426,-0.046925110513525214
80.0,18.122,-0.9989067384432727,-0.029079932882113732,0.0008093290180881956,-0.006370401013103807,0.0010317398754277993,-0.029912862260401917,0.9985907573368082,-0.04713529025770484
80.0,18.148,-0.9989228742767126,-0.02881988701226169,0.0008088477395712972,-0.0065249296301277395,0.0010160480733852717,-0.029654012923581802,0.9985784477419023,-0.047347451000656085
80.0,18.174,-0.9989387808611462,-0.028561226010713647,0.0008082754184551522,-0.0066814955630749495,0.001000578521209195,-0.029396425199759896,0.9985659346047804,-0.04756164133173458
80.0,18.2,-0.9989544662246413,-0.028303775762541068,0.0008076092235544537,-0.006840144213820704,0.0009853273154802776,-0.02914007170973038,0.9985532126514594,-0.04777790285821453
80.0,18.226,-0.9989699332926936,-0.028047536490717926,0.0008068458035690593,-0.007000923637639057,0.0009702905869325184,-0.028884939385921894,0.9985402762273553,-0.04799628240605043
80.0,18.252,-0.9989851897797978,-0.027792334057299365,0.00080598164641984,-0.007163880329108231,0.0009554649952544431,-0.0286309991566346,0.9985271194819458,-0.04821682853489283
80.0,18.278,-0.9990002287193654,-0.027538517383490467,0.000805013604886381,-0.007329065531090292,0.0009408477098271947,-0.028378236105777818,0.9985137362238046,-0.04843959327769288
80.0,18.304,-0.999015062543764,-0.02728573796402533,0.0008039378163394157,-0.0074965303917167644,0.0009264347525358364,-0.028126629482331068,0.9985001203977758,-0.04866462342940796
80.0,18.33,-0.9990296890815978,-0.02703417035794497,0.00080275043813237,-0.007666325581546771,0.0009122235942738102,-0.02787615610712782,0.9984862654234611,-0.04889197274254565
80.0,18.356,-0.9990441156595795,-0.026783640398604664,0.0008014477117572491,-0.007838508269524208,0.0008982109950005959,-0.02762680012911195,0.9984721645750543,-0.04912169495795658
80.0,18.382,-0.9990583401294033,-0.026534322642544197,0.0008000252869017827,-0.00801313240716154,0.0008843932018917488,-0.02737854325293737,0.9984578107963145,-0.049353847289241436
80.0,18.408,-0.9990723696080813,-0.026286042909080078,0.0007984790074268931,-0.008190256585537873,0.0008707683448617985,-0.027131364794282273,0.9984431969088519,-0.04958848519205342
80.0,18.434,-0.9990862065027234,-0.02603880137865604,0.0007968044826901721,-0.008369940452453093,0.0008573333679359897,-0.026885251205886154,0.9984283153224276,-0.04982566933704479
80.0,18.46,-0.9990998531368501,-0.02579259822689636,0.0007949968085658514,-0.008552245586008648,0.0008440849857949411,-0.02664018040028331,0.9984131583308331,-0.050065458636591204
80.0,18.486,-0.9991133117963945,-0.0255474336259047,0.0007930513627097529,-0.008737235370309234,0.0008310211046842661,-0.02639613732754746,0.998397717650444,-0.0503079189560166
80.0,18.512,-0.999126584752701,-0.02530330774490858,0.0007909628317227711,-0.00892497503375718,0.0008181382924805716,-0.026153107734183792,0.9983819848972586,-0.05055311440239439
80.0,18.538,-0.999139678578824,-0.025060046366078895,0.0007887261051819497,-0.009115532565858727,0.0008054348210342302,-0.025911072084558135,0.9983659513639832,-0.050801110806873315
80.0,18.564,-0.9991525910010592,-0.024817824029867645,0.0007863354651229256,-0.009308977758114437,0.0007929076411570053,-0.025670011839967682,0.9983496078608654,-0.05105197921011258
80.0,18.59,-0.9991653241439675,-0.024576640894703777,0.000783785353235329,-0.009505383174031727,0.0007805544890545516,-0.025429918171369015,0.9983329449183627,-0.05130579063114581
80.0,18.616,-0.9991778801290011,-0.02433649711665073,0.0007810695172026499,-0.009704823141299812,0.0007683732233625239,-0.025190771233562934,0.9983159526740668,-0.051562619555129016
80.0,18.642,-0.9991902694284988,-0.024097044064836794,0.0007781817035815606,-0.009907373621424458,0.0007563609598767148,-0.024952555108969172,0.9982986208415773,-0.05182254218418801
80.0,18.668,-0.9992024854878151,-0.023858630663167735,0.0007751153828741959,-0.0101131168409596,0.0007445158299960813,-0.024715257603479784,0.9982809387414691,-0.052085638185484916
80.0,18.694,-0.9992145344507806,-0.023621082662992867,0.0007718634860532596,-0.01032213334063971,0.0007328353962303717,-0.02447886168379277,0.9982628953276025,-0.052351987197907006
80.0,18.72,-0.999226414049701,-0.02338457459909227,0.0007684189845290353,-0.010534508809360873,0.0007213178633015269,-0.024243356875572403,0.9982444788288122,-0.0526216775480464
80.0,18.746,-0.9992381343230025,-0.02314875781315251,0.000764774092261171,-0.010750333179272441,0.0007099607962107851,-0.024008725185319588,0.9982256773001673,-0.05289479404880427
80.0,18.772,-0.9992496929228964,-0.022913806833196732,0.0007609212240627358,-0.010969695645040365,0.000698762056544797,-0.023774957902842307,0.9982064780910078,-0.05317142845328961
80.0,18.798,-0.9992610876407422,-0.022679896192968032,0.0007568515907466958,-0.011192690898410327,0.0006877200492114435,-0.023542036188238115,0.9981868680776386,-0.05345167422495642
80.0,18.824,-0.999272328181577,-0.022446677214435027,0.0007525568161152298,-0.01141941798503703,0.00067683254605236,-0.02330994774620567,0.9981668334815268,-0.053735630021361565
80.0,18.85,-0.9992834122110767,-0.022214324423871,0.0007480277199528204,-0.011649979214933581,0.0006660974412281526,-0.02307868386257593,0.9981463600124777,-0.0540233962066046
80.0,18.876,-0.9992943452632198,-0.021982663534819008,0.0007432548286892904,-0.011884478798525307,0.0006555132393813804,-0.022848228713694678,0.9981254327676126,-0.05431507659212377
80.0,18.902,-0.99930512504684,-0.021751869073316266,0.0007382281607890305,-0.01212302557146386,0.0006450777503605401,-0.022618570213951354,0.9981040361878907,-0.054610778433310164
80.0,18.928,-0.9993157531863097,-0.02152194115778064,0.000732936872549016,-0.01236573462338424,0.0006347895387671556,-0.02238969466751271,0.9980821538686117,-0.05491061591248589
80.0,18.954,-0.9993262350086262,-0.021292705489367115,0.0007273701068817059,-0.01261272028953008,0.0006246464851740798,-0.02216159203387202,0.9980597687027294,-0.05521470665104822
80.0,18.98,-0.999336571933722,-0.02106416217603343,0.0007215164030106825,-0.012864107697793125,0.0006146476620850846,-0.021934253201333603,0.9980368629331574,-0.05552316996383038
80.0,19.006,-0.9993467617780545,-0.020836485743931172,0.0007153635144642868,-0.013120022946522012,0.0006047903426240822,-0.021707660052635698,0.9980134179615958,-0.05583613034171837
80.0,19.032,-0.9993568096517359,-0.020609501882246924,0.0007088983422858067,-0.013380595965349485,0.0005950737168142326,-0.02148180814293514,0.9979894141044932,-0.05615372093112705
80.0,19.058,-0.9993667169357511,-0.020383210693862484,0.0007021077852488391,-0.013645963677799026,0.0005854958832882697,-0.021256681626260494,0.9979648310432245,-0.05647607482099763
80.0,19.084,-0.9993764814800353,-0.020157786704148632,0.0006949772383325112,-0.013916268842926717,0.0005760554804050295,-0.021032270806054666,0.9979396471770948,-0.05680333548868014
80.0,19.11,-0.9993861117039485,-0.019932881166031854,0.0006874921452372627,-0.01419165856450074,0.0005667507321952379,-0.020808564693473055,0.9979138402323652,-0.05713564634837294
80.0,19.136,-0.9993956019179656,-0.019708843026780276,0.0006796367075606847,-0.014472287774846855,0.0005575802546354918,-0.02058555346929675,0.9978873864266301,-0.05747316293319418
80.0,19.162,-0.9994049603472404,-0.019485323529286697,0.0006713940816422796,-0.014758314521300895,0.0005485426793796454,-0.02036322847721068,0.9978602611379641,-0.05781604244683345
80.0,19.188,-0.9994141847949188,-0.01926249719373837,0.0006627471833377103,-0.015049906799495411,0.0005396368176172302,-0.02014157524050184,0.997832438439842,-0.058164448976769194
80.0,19.214,-0.9994232731955356,-0.019040538545109214,0.0006536776635367508,-0.015347237891025503,0.0005308609783615348,-0.019920587615531726,0.9978038911262717,-0.05851855349311445
80.0,19.24,-0.9994322367749913,-0.018818924378069923,0.0006441655766266167,-0.01565048648533388,0.0005222139449216148,-0.019700251476907047,0.9977745903014179,-0.05887853906424258
80.0,19.266,-0.999441066784176,-0.01859817807902878,0.0006341906256152127,-0.01595984226037996,0.0005136940680407793,-0.01948056318525254,0.9977445060482983,-0.05924458866056862
80.0,19.292,-0.9994497709614093,-0.018377950867032193,0.0006237310939617562,-0.016275500957994293,0.00050530071853877,-0.01926150683191925,0.9977136065396085,-0.05961689907896362
80.0,19.318,-0.9994583472171896,-0.018158417262803764,0.0006127644994184738,-0.01659766832590323,0.0004970322089990168,-0.019043079164132535,0.9976818584777624,-0.059995672227566056
80.0,19.344,-0.9994667967221552,-0.01793957735166687,0.0006012659527424601,-0.016926556799158173,0.0004888875256244417,-0.0188252650320104,0.9976492267103265,-0.06038112034165619
80.0,19.37,-0.9994751237270103,-0.01772125677629617,0.0005892099409649021,-0.0172623895761796,0.0004808655524122468,-0.018608059578377883,0.9976156742335368,-0.06077346423203924
80.0,19.396,-0.9994833292741643,-0.017503455615276407,0.0005765697085356663,-0.017605401208047006,0.00047296468903294114,-0.01839145289365165,0.9975811619964562,-0.061172935016191345
80.0,19.422,-0.9994914113422234,-0.017286348389577124,0.0005633161864782483,-0.01795583615886124,0.00046518425796259817,-0.01817543451936265,0.9975456487109763,-0.06157977584924637
80.0,19.448,-0.9994993740302227,-0.017069760733892544,0.00054941866883761,-0.0183139449813639,0.0004575226754654158,-0.017959997733758667,0.9975090910426945,-0.06199423668729193
80.0,19.474,-0.9995072153904657,-0.016853867170017228,0.0005348451290061872,-0.018679997245286323,0.0004499795146869192,-0.017745133217374084,0.9974714429760808,-0.062416582980628195
80.0,19.5,-0.9995149422907078,-0.016638318878651654,0.0005195612078147101,-0.0190542740923213,0.00044255334708211537,-0.017530831350221574,0.9974326559120398,-0.06284709217776131
80.0,19.525,-0.9995222574787489,-0.016431835863508163,0.0005041613201937511,-0.019422180297596625,0.00043552213132918893,-0.017325298450561473,0.9973942388587449,-0.06326900866246674
80.0,19.526,-0.9995225498660953,-0.016423464827813507,0.0005035302901103528,-0.01943706426070082,0.0004352431104818047,-0.01731708626363893,0.9973926785927512,-0.06328605196584848
80.0,19.552,-0.9995300419804154,-0.016209130641558205,0.00048671397242184525,-0.01982867329399732,0.00042804793687176477,-0.0171038897833971,0.9973514564648861,-0.06373376896145092
80.0,19.578,-0.9995374167864418,-0.015995490842567107,0.00046907023860159083,-0.020229426917717588,0.00042096655104605204,-0.01689123166264435,0.9973089321343144,-0.06419055824399862
80.0,19.604,-0.9995446808140633,-0.015782196596806655,0.0004505557711115431,-0.020639660391115727,0.0004139983120302425,-0.016679105535600928,0.9972650445498978,-0.06465675378114454
80.0,19.63,-0.9995518321426841,-0.015569422423422357,0.0004311239088582267,-0.021059726007894096,0.0004071421676598609,-0.016467503099830177,0.9972197288028649,-0.06513270840519834
80.0,19.656,-0.9995588716569684,-0.015357168389474088,0.00041072477995759635,-0.021489994004699253,0.00040039729303429766,-0.01625641618547508,0.9971729162659585,-0.06561878856701586
80.0,19.682,-0.9995657975859124,-0.01514560901818332,0.000389304787407805,-0.021930858589158175,0.00039376283969894615,-0.01604583869862552,0.997124534017352,-0.06611537952952982
80.0,19.708,-0.9995726161362909,-0.014934395461910725,0.00036680770031518185,-0.022382729154328488,0.0003872378449974356,-0.01583576294103219,0.997074504256696,-0.06662289055893574
80.0,19.734,-0.9995793254640825,-0.014723702240569693,0.0003431722695189084,-0.022846038795691005,0.0003808212380762663,-0.015626179816649325,0.9970227443805444,-0.06714174967016012
80.0,19.76,-0.9995859289609293,-0.014513354957060576,0.00031833459572357434,-0.023321240328558143,0.00037451278221069955,-0.01541708434089789,0.996969166561929,-0.06767240532974042
80.0,19.786,-0.9995924223358574,-0.014303702593685427,0.00029222476075325656,-0.023808812783381754,0.00036831098728192326,-0.015208468524690474,0.9969136769735264,-0.06821533337652232
80.0,19.812,-0.9995988114640882,-0.014094396289915984,0.000264768056018464,-0.02430926577174158,0.00036221532793462676,-0.015000323368921613,0.9968561756561669,-0.06877103349533441
80.0,19.838,-0.9996050945885114,-0.013885610566629339,0.00023588579754318703,-0.024823130037541385,0.00035622530756946355,-0.014792645900933155,0.996796555809771,-0.06934003438924724
80.0,19.864,-0.9996112725303472,-0.013677345483978115,0.00020549165801824135,-0.025350967166221282,0.00035033987281170726,-0.014585425464248365,0.99673470344376,-0.0699228919811337
80.0,19.89,-0.9996173484263875,-0.013469426634780964,0.00017349467715761931,-0.025893377410551425,0.00034455852060268896,-0.014378657613083665,0.9966704963095884,-0.07052019805085813
80.0,19.916,-0.9996233229301625,-0.01326185407386418,0.00013979512438354582,-0.0264509841181867,0.0003388802777206019,-0.014172334054873345,0.9966038037627043,-0.07113257494818795
80.0,19.942,-0.9996291921378915,-0.013054976791899289,0.00010428771193446678,-0.02702445947662395,0.000333304653509872,-0.013966451096909747,0.9965344859493147,-0.07176067899547782
80.0,19.968,-0.9996349636577178,-0.012848271441121268,6.685722735451603e-05,-0.027614509095656284,0.00032783085472432635,-0.013760998397624714,0.9964623923140744,-0.0724052125778744
80.0,19.994,-0.9996406313799207,-0.012642261481747076,2.7380693785359778e-05,-0.02822187705651216,0.00032245809993499617,-0.013555972106201093,0.9963873617405369,-0.07306691186921452
80.0,20.02,-0.9996462026722396,-0.012436423558459475,-1.4275208749624862e-05,-0.02884735817228232,0.0003171863248143869,-0.01335136532325912,0.996309220571381,-0.07374656412011915
80.0,20.046,-0.9996516737629972,-0.01223110666395353,-5.825402005155466e-05,-0.029491801542473467,0.0003120141641867179,-0.013147173102886503,0.9962277820814215,-0.07444500231566732
80.0,20.072,-0.9996570453531782,-0.012026310851732648,-0.0001047118916757492,-0.03015609701832416,0.0003069416122330187,-0.012943386478824906,0.9961428449151718,-0.07516311373616555
80.0,20.098,-0.9996623222926083,-0.011821687226981518,-0.00015381816468332336,-0.030841202200826104,0.00030196763913015444,-0.012740000377902063,0.9960541920250777,-0.07590183980348317
80.0,20.124,-0.9996675009887087,-0.011617584786061444,-0.00020575482097073342,-0.03154812941546469,0.00029709190862657825,-0.0125370091750457,0.9959615889474401,-0.07666218286099065
80.0,20.15,-0.9996725841212503,-0.011413829104834725,-0.00026072097584247327,-0.03227796400405104,0.00029231385331752807,-0.012334406990876307,0.9958647818389681,-0.07744521467084965
80.0,20.176,-0.9996775702795697,-0.011210594708000053,-0.0003189337990452546,-0.0330318583328419,0.0002876328935754051,-0.012132187957115338,0.9957634959407662,-0.07825207618685151
80.0,20.202,-0.9996824639924484,-0.011007532691071317,-0.00038062733115253316,-0.033811051908344755,0.00028304863518304314,-0.011930346477220622,0.9956574334776024,-0.07908398601071462
80.0,20.228,-0.9996872618927166,-0.010804992054894002,-0.0004460586523622269,-0.034616862115658384,0.0002785601949408816,-0.011728876151062344,0.9955462705116878,-0.0799422487462702
80.0,20.254,-0.9996919664932444,-0.010602798369544827,-0.0005155083243653865,-0.03545070183857896,0.0002741674664980462,-0.011527771442579481,0.9954296555738066,-0.0808282582260505
80.0,20.28,-0.9996965782924186,-0.010400951680681935,-0.0005892832525294823,-0.036314086728413214,0.00026986965568389954,-0.011327027961890097,0.9953072051612784,-0.08174350920586146
80.0,20.306,-0.9997010995914342,-0.010199277553018514,-0.0006677184954979562,-0.037208638825906165,0.00026566655960318824,-0.011126637548777898,0.995178501306381,-0.08268960744526271
80.0,20.332,-0.9997055272926489,-0.00999812499209708,-0.0007511829451958241,-0.03813611212093914,0.00026155775308705256,-0.010926597797519826,0.9950430870170303,-0.08366827608217715
80.0,20.358,-0.9997098636972258,-0.009797319562216704,-0.000840080285834029,-0.03909838101627339,0.0002575425091024605,-0.010726900817461674,0.9949004624636968,-0.08468137077043124
80.0,20.384,-0.9997141092676781,-0.009596861307016641,-0.000934857882862029,-0.04009747699591685,0.0002536205579783273,-0.010527542610904807,0.9947500795523938,-0.08573088588885568
80.0,20.41,-0.9997182644661821,-0.009396750269743643,-0.0010360065594557585,-0.04113557844798309,0.00024979148975353186,-0.010328516041175762,0.9945913363241515,-0.08681897816544513
80.0,20.436,-0.9997223297545752,-0.00919698649325896,-0.0011440685479371063,-0.042215046507458664,0.00024605473117852674,-0.010129818605412955,0.9944235704334164,-0.08794797266293254
80.0,20.462,-0.9997263071186749,-0.008997395534464782,-0.0012596453084848254,-0.04333844085869986,0.00024241017745222425,-0.009931443339135447,0.9942460517581727,-0.08912038784540768
80.0,20.488,-0.9997301938096541,-0.008798326404808304,-0.00138340372352764,-0.04450852687897465,0.00023885739932415033,-0.00973338541655753,0.9940579739350737,-0.09033894820773108
80.0,20.514,-0.9997339933368444,-0.008599430174583405,-0.001516084563987932,-0.045728309120480974,0.0002353959170660179,-0.00953564033705113,0.9938584436832552,-0.09160661757705549
80.0,20.54,-0.9997377045214925,-0.008400881369815847,-0.00165851330955439,-0.047001052866396574,0.00023202543824765837,-0.009338202371465898,0.9936464711077689,-0.0929266078709432
80.0,20.566,-0.9997413291749728,-0.0082025055431717,-0.0018116113687385751,-0.04833032462344431,0.00022874547375229041,-0.009141065386397713,0.9934209547127754,-0.09430242393437825
80.0,20.592,-0.9997448647443902,-0.008004651709443724,-0.0019764100346571,-0.049719997789117315,0.00022555601006070454,-0.008944226715176536,0.9931806671506445,-0.09573788723808806
80.0,20.618,-0.9997483144145978,-0.007806970932138527,-0.0021540663547412815,-0.05117432815390647,0.0002224564631234612,-0.008747680567058632,0.9929242371281263,-0.097237171206801
80.0,20.644,-0.9997516770638223,-0.0076096377380848864,-0.002345883005170941,-0.05269796174120882,0.0002194466454732813,-0.008551422167075743,0.9926501286372238,-0.098804851722299
80.0,20.67,-0.9997549542837966,-0.007412477675828521,-0.002553325992826149,-0.05429600426526506,0.00021652614242164396,-0.008355445728820314,0.9923566165037785,-0.10044594113628758
80.0,20.696,-0.9997581450212774,-0.007215665272947578,-0.002778057361994617,-0.05597406780260899,0.00021369487703290266,-0.008159747477094971,0.9920417573556993,-0.10216595984422557
80.0,20.722,-0.9997612495162054,-0.007019200567277745,-0.003021958745198224,-0.05773835680737164,0.0002109523085861606,-0.007964321983073999,0.9917033558587603,-0.10397098579545579
80.0,20.748,-0.999764269199015,-0.0068229091046673705,-0.0032871748214732834,-0.059595697212024804,0.0002082985191507624,-0.007769165358424644,0.9913389242892396,-0.10586773407913765
80.0,20.774,-0.9997672030267335,-0.006626965413149084,-0.0035761531821047504,-0.061553687792987775,0.0002057328776725856,-0.007574272970652399,0.990945633601978,-0.10786364344411115
80.0,20.8,-0.9997700523263904,-0.006431195036990328,-0.0038916957927192185,-0.06362073691050012,0.00020325549972632424,-0.007379639282463,0.990520256990368,-0.10996696610142784
80.0,20.826,-0.9997728160655022,-0.006235772504612666,-0.004237028201234358,-0.06580622109882903,0.00020086590462224037,-0.007185260472105356,0.9900590989363036,-0.11218689297291903
80.0,20.852,-0.9997754954448531,-0.0060405233587049354,-0.004615871275913791,-0.06812063077772758,0.00019856403880829496,-0.006991131970274952,0.9895579122556918,-0.11453367920973877
80.0,20.878,-0.9997780904509938,-0.0058454476338704745,-0.005032536877932276,-0.07057568026898099,0.0001963495150320954,-0.006797249007432869,0.9890117943263413,-0.11701881217425693
80.0,20.904,-0.9997806001072007,-0.005650719859478587,-0.005492047475940925,-0.07318457424896488,0.0001942223014416922,-0.006603606560408293,0.9884150639905115,-0.11965518452534994
80.0,20.93,-0.9997830244441939,-0.005456340071080491,-0.006000270100331301,-0.0759621639408304,0.00019218209454345916,-0.006410201877246615,0.9877611059315704,-0.1224573241016803
80.0,20.956,-0.9997853653406883,-0.005261959313315775,-0.006564103916436402,-0.07892528533523994,0.00019022871310284456,-0.006217029005494807,0.987042180245634,-0.12544165965132173
80.0,20.982,-0.9997876207969874,-0.005067926610708423,-0.007191692725641322,-0.08209303606192177,0.00018836213181801882,-0.006024084417020253,0.9862491859832127,-0.1286268261546334
80.0,21.008,-0.9997897907625611,-0.00487424199840543,-0.007892708499579069,-0.08548719226414599,0.00018658205876750467,-0.0058313627230648524,0.9853713625178033,-0.13203404710141622
80.0,21.034,-0.9997918768204145,-0.004680556518372239,-0.008678702451532808,-0.08913266907302564,0.00018488832409974056,-0.00563886084410666,0.9843959122432635,-0.1356875931753915
80.0,21.06,-0.9997938770815223,-0.004487219197290214,-0.009563562331429963,-0.093058135992945,0.0001832808705319748,-0.0054465745027044545,0.9833075211208305,-0.1396153318663114
80.0,21.086,-0.9997957921520606,-0.004294055572813877,-0.010564081530867972,-0.09729665900448833,0.00018175942516977372,-0.005254498561873549,0.9820877414470411,-0.14384940312224326
80.0,21.112,-0.9997976217528983,-0.004101065678870269,-0.011700736562047601,-0.10188664151770985,0.0001803240292373856,-0.005062629348464518,0.9807141905102842,-0.14842704948674934
80.0,21.138,-0.9997993648996755,-0.003908424047410832,-0.012998664117034464,-0.10687284524233022,0.00017897452331243336,-0.004870962499619394,0.9791595030441882,-0.15339163583197526
80.0,21.164,-0.999801022676469,-0.0037157817171301426,-0.0144889972033328,-0.11230775699319828,0.0001777107017420227,-0.00467949355001983,0.9773899429177676,-0.15879391096501524
80.0,21.19,-0.9998025933695931,-0.0035234877183104607,-0.016210632243180822,-0.11825320693902629,0.00017653255887960012,-0.004488219354000011,0.9753635479366217,-0.16469357963688877
80.0,21.216,-0.9998040772895764,-0.0033313675875278775,-0.018212649573933547,-0.12478253910868468,0.00017543992784008528,-0.004297134996658941,0.9730276139251077,-0.17116127256968375
80.0,21.242,-0.999805474053229,-0.0031394213595020808,-0.02055763075584608,-0.13198320821846174,0.00017443283326783695,-0.0041062364178611485,0.9703152476121953,-0.1782810004013786
80.0,21.268,-0.9998067832312443,-0.0029476490690972055,-0.023326298273375172,-0.13996011258513968,0.000173511025421111,-0.00391551963268563,0.9671405615729793,-0.1861532867931008
80.0,21.294,-0.9998080044402855,-0.0027560507516194805,-0.026624104483277924,-0.14883980512756573,0.00017267456700975788,-0.0037249811649017086,0.9633919130151093,-0.19489896101632567
80.0,21.32,-0.9998091372624104,-0.0025646264425673916,-0.030590655132102015,-0.158775920707048,0.00017192336022502243,-0.0035346162624806604,0.9589221585977701,-0.2046641118415463
80.0,21.346,-0.9998101813026248,-0.0023733761777965713,-0.0354136911259554,-0.16995569189267037,0.00017125738532336183,-0.0033444210916061903,0.9535344787421353,-0.2156258821159096
80.0,21.372,-0.9998111361888845,-0.002182299993500084,-0.041349818937771524,-0.18260812554630237,0.0001706764622986876,-0.0031543919251781067,0.946961243462465,-0.2279995621413261
80.0,21.398,-0.9998120019656874,-0.001991223426164243,-0.048756052256478256,-0.19701332908890315,0.00017018068031897357,-0.002964524444117104,0.938831966550942,-0.24204627910171253
80.0,21.424,-0.9998127776130339,-0.0018004955127123448,-0.0581391775371872,-0.21351192871326286,0.00016976997883728313,-0.00277481492615586,0.9286236972906491,-0.25807985518018356
80.0,21.45,-0.9998134632891734,-0.0016099417903332914,-0.07023415438967714,-0.23251102111978442,0.00016944428901065418,-0.0025852596841072304,0.9155826021370478,-0.27646871489176916
80.0,21.476,-0.99981405913427,-0.0014193877960198558,-0.08613090144341803,-0.25447697308053246,0.00016920356077467375,-0.0023958541805387742,0.8985975913326106,-0.2976222295117484
80.0,21.502,-0.9998145647955676,-0.0012290080676818377,-0.10748396273385713,-0.27988964970291247,0.00016904789492333696,-0.0022065951466435385,0.8759937717872999,-0.32193433902470475
80.0,21.528,-0.999814980338098,-0.0010388026430996318,-0.1368592391794982,-0.3090932315751692,0.0001689771865402548,-0.0020174786305459727,0.84519413578198,-0.3496169816848391
80.0,21.554,-0.9998153059649535,-0.0008487715601025425,-0.17829485385078178,-0.3418777463638446,0.00016899145853440896,-0.0018285005331880857,0.8021815480299194,-0.3802538274327581
80.0,21.58,-0.9998155421668055,-0.0006587403557284917,-0.238115954069992,-0.3763718365815794,0.00016909068881907374,-0.0016396569885039685,0.7407427054354672,-0.4116541422350892
80.0,21.606,-0.9998156891482757,-0.00046905806892600895,-0.32566095157003894,-0.40625934639178524,0.0001692749064836466,-0.0014509442811190773,0.6518866517932655,-0.43703912535439704
80.0,21.632,-0.9998157478298338,-0.00027920123466412036,-0.45173444505408183,-0.41455971190327945,0.00016954415988238258,-0.0012623587711218063,0.52570684592567,-0.438916812398505
80.0,21.658,-0.9998157188019261,-8.969339194138329e-05,-0.6167901555194357,-0.3644615816882064,0.00016989841342799234,-0.001073896426705003,0.36364025354664575,-0.38054631150685214
80.0,21.684,-0.9998156031260763,9.981442468338583e-05,-0.7770960496176853,-0.20726676718702128,0.00017033770863877988,-0.0008855534820642452,0.21180749091281734,-0.2156008993319787
80.0,21.71,-0.9998154018728189,0.00028932217986481413,-0.8303296371033885,0.045815436071444,0.00017086210597107534,-0.0006973263516034537,0.17168622769191436,0.039481912006018735
80.0,21.736,-0.9998151163804362,0.00047865533850184285,-0.7307561842788413,0.2741231102845124,0.0001714715772367334,-0.0005092110044267222,0.2826880166249658,0.26201447113835613
80.0,21.762,-0.9998147481409355,0.0006678138673868321,-0.5635664962527677,0.3907982871949108,0.00017216622733681977,-0.0003212039027362993,0.45539575169767726,0.36975265889934433
80.0,21.788,-0.9998142986348241,0.0008569722350866757,-0.4135512278878765,0.41786756223217036,0.00017294605586650876,-0.0001333011871816579,0.606385077162636,0.38901180537315866
80.0,21.814,-0.9998137695082425,0.001046130410738562,-0.3034133582514466,0.4024561748173171,0.0001738111287939373,5.450084688186173e-05,0.7154316070214167,0.3679488619214333
80.0,21.84,-0.9998131627380364,0.0012351138645550139,-0.22703562835300747,0.372727550641535,0.0001747614939554467,0.00024220592126553532,0.7900777043787136,0.33433553089197304
80.0,21.866,-0.999812480230474,0.0014239225688171243,-0.17416143325734867,0.34076266807228794,0.00017579722475378527,0.0004298177736469532,0.8411698104520884,0.29969443614147917
80.0,21.892,-0.9998117233863458,0.001612905497474985,-0.13688541381665947,0.3109151316994923,0.00017691836002246746,0.0006173400734880215,0.8768143062282625,0.26796277986661443
80.0,21.918,-0.9998108949035001,0.0018015391251858493,-0.10996551368426241,0.28440308505465894,0.0001781249754625364,0.0008047765687056571,0.9023011873771664,0.24008723957277314
80.0,21.944,-0.9998099957678307,0.0019903469283493362,-0.0900427248497634,0.2612771296448761,0.00017941711934288293,0.0009921308284199651,0.9209829052837275,0.2159465370322471
80.0,21.97,-0.9998090284369845,0.002178979884819552,-0.0749569772138058,0.24120171420506478,0.00018079493441348405,0.001179406823727111,0.9349965264528889,0.19509552679116773
80.0,21.996,-0.999807994300275,0.0023676124732033388,-0.06329501015268184,0.22375315878492555,0.00018225841754404697,0.0013666079244923186,0.9457298504320444,0.1770394592696865
80.0,22.022,-0.9998068949348449,0.0025562446731483054,-0.05411174766310959,0.20852713938185735,0.00018380767736987885,0.0015537380505820204,0.954104735401232,0.1613267135980563
80.0,22.048,-0.9998057322817903,0.0027447019661582693,-0.046760715705444364,0.19517122397529438,0.00018544281602554942,0.0017408007924666741,0.9607478863834965,0.14757280163025138
80.0,22.074,-0.9998045072517835,0.0029331588329013676,-0.04078989875142287,0.18338960178941174,0.000187163880191504,0.0019277996182474123,0.9660949425668024,0.13545957144714577
80.0,22.1,-0.9998032209960821,0.0031216152550898185,-0.035876827172425,0.17293771061320057,0.00018897100822698855,0.0021147386722345793,0.9704550691911501,0.12472664372795839
80.0,22.126,-0.9998018744817758,0.0033100712146945043,-0.031786926387459793,0.1636144779799073,0.00019086422448619253,0.0023016212050664636,0.9740519027266928,0.11516146398542278
80.0,22.152,-0.9998004691599339,0.0034983521958716563,-0.028346665525182682,0.15525449617417078,0.0001928437004235331,0.00248845110582984,0.9770500611554365,0.10659019967500673
80.0,22.178,-0.9997990050959836,0.0036866326792751787,-0.025425615573651084,0.14772130464900704,0.0001949094511520687,0.0026752316807087803,0.9795726626286029,0.09887011570436043
80.0,22.204,-0.9997974827850906,0.0038749126469897334,-0.022924282723794234,0.14090190670759695,0.00019706164378439242,0.0028619670268269616,0.9817131316759984,0.09188338102286643
80.0,22.23,-0.9997959025267454,0.004063192080680772,-0.02076581659793031,0.13470211948997113,0.00019930032863680757,0.0030486608837570896,0.9835433118119685,0.08553217072067744
80.0,22.256,-0.999794264493828,0.00425147096169775,-0.018890108707729107,0.12904309919681153,0.0002016256537449505,0.0032353165158985294,0.9851191213842588,0.0797347684572818
80.0,22.282,-0.9997925694844555,0.0044395747741360885,-0.017249626034379052,0.12385844578738815,0.00020403770639743955,0.003421937671017296,0.9864845709755169,0.07442250792848269
80.0,22.308,-0.9997908158783949,0.0046278524919926,-0.015806393632639536,0.11909190443132965,0.00020653650656747856,0.003608528215053907,0.9876746584369577,0.06953734988135073
80.0,22.334,-0.9997890050627762,0.004815955101876767,-0.014529791929785202,0.11469558531678792,0.00020912227640824726,0.003795091554794634,0.9887174747097006,0.06502996023458614
80.0,22.36,-0.9997871359522016,0.005004057079542958,-0.013394909250830183,0.110628467133731,0.00021179500464767404,0.003981631375526786,0.9896357659536265,0.060858169786796826
80.0,22.386,-0.9997852081670875,0.005192158403432961,-0.012381326668143306,0.10685529755975573,0.0002145549306291913,0.00416815197006475,0.9904480988566752,0.05698575004289459
80.0,22.412,-0.999783221258799,0.005380259051330272,-0.011472165364447109,0.10334555556732725,0.00021740210590613936,0.004354655998091855,0.9911697430597879,0.053381422494981345
80.0,22.438,-0.9997811747326707,0.005568359000422912,-0.010653390203616584,0.10007276895096884,0.00022033651460249474,0.004541147880643354,0.9918133437487369,0.05001805554467075
80.0,22.464,-0.9997790690526838,0.005756283732898484,-0.009913248962573656,0.09701383060704112,0.00022335844574796485,0.0047276312141171575,0.992389441542924,0.04687200577800773
80.0,22.49,-0.9997769016671022,0.005944382213806126,-0.009241841809536716,0.09414852458460826,0.00022646794455055417,0.004914109742355292,0.9929068757898077,0.043922587503724894
80.0,22.516,-0.9997746729610633,0.006132479923847301,-0.008630781356056627,0.09145903295293796,0.00022966501447688163,0.0051005861956595604,0.9933731015516624,0.04115162855905628
80.0,22.542,-0.9997723823248501,0.006320576837872286,-0.008072926486580907,0.08892967792010337,0.00023294992840455452,0.005287065705964289,0.9937944400151769,0.03854310247379818
80.0,22.568,-0.9997700303077439,0.0065084984376324395,-0.007562160423581622,0.08654653618397784,0.00023632259429216953,0.0054735512639593285,0.9941762775422825,0.03608283069082109
80.0,22.594,-0.9997676140494511,0.006696593682992562,-0.007093228745450956,0.08429726161872417,0.0002397832997619664,0.005660046246976343,0.994523226136077,0.033758212685932765
80.0,22.62,-0.9997651340549435,0.006884688054311891,-0.006661587901789752,0.0821708261317093,0.00024333199445060016,0.005846554907248865,0.9948392516979099,0.03155803295094053
80.0,22.646,-0.9997625897606054,0.007072781524942012,-0.006263298535048429,0.08015737648678696,0.00024696882038033964,0.006033081231351269,0.9951277794602832,0.02947225964927616
80.0,22.672,-0.9997599805798167,0.007260874067644396,-0.0058949330964360325,0.07824809039945653,0.0002506939377669115,0.006219627838756097,0.9953917790985862,0.02749190725324613
80.0,22.698,-0.9997573059605037,0.007448965654994882,-0.005553489114475416,0.07643501527489341,0.00025450737920498816,0.006406199933959274,0.9956338351784784,0.025608896320265275
80.0,22.724,-0.9997545653851392,0.007637056259417955,-0.005236338550935891,0.07471097683843814,0.0002584091590368739,0.006592800023988706,0.9958562048744998,0.02381594578229561
80.0,22.75,-0.999751756970451,0.007825320342547494,-0.004941166109830167,0.07306951637454791,0.00026239950272961496,0.006779432425687684,0.996060866375489,0.02210647915488891
80.0,22.776,-0.9997488829321689,0.008013408896605574,-0.004665926368326065,0.07150475111225406,0.00026647848488428133,0.006966101087769293,0.996249558911465,0.020474538057702114
80.0,22.802,-0.9997459400229655,0.008201670871824164,-0.004408807924261091,0.07001135624607535,0.00027064599511762976,0.007152809095528584,0.9964238162939083,0.01891471552257983
80.0,22.828,-0.9997429291832206,0.008389931750245282,-0.004168203729187652,0.06858448461557652,0.0002749023934869919,0.00733956100356527,0.9965849950076813,0.017422090179036884
80.0,22.854,-0.99973984997606,0.00857819150309373,-0.0039426788884019326,0.06721970340755648,0.0002792474247260702,0.007526359872327329,0.996734298186314,0.01599217750127027
80.0,22.88,-0.9997367004806164,0.008766624588636411,-0.0037309543585076726,0.06591298253919045,0.00028368145381589056,0.007713210257490887,0.9968727956570359,0.01462087736586778
80.0,22.906,-0.9997334817588828,0.008955056489680169,-0.0035318837099568754,0.06466060965910148,0.00028820428272427083,0.007900115641162046,0.9970014413611775,0.013304439265701363
80.0,22.932,-0.9997301934776249,0.009143487177416481,-0.0033444392156299404,0.06345918711642314,0.0002928161633046482,0.008087079338678249,0.9971210876677108,0.012039422456160149
80.0,22.958,-0.9997268352690948,0.009331916622463127,-0.0031676930716781474,0.062305593211949194,0.0002975169509580159,0.00827410677750474,0.9972324982918246,0.010822666432684766
80.0,22.984,-0.9997234051614815,0.00952051928036054,-0.003000813266492309,0.06119696073648623,0.00030230687003211695,0.008461199422357958,0.9973363588114331,0.009651262377713922
80.0,23.01,-0.9997199044289351,0.009709120635778537,-0.002843043191150741,0.06013063752884636,0.00030718598461301576,0.008648364021785855,0.9974332858588203,0.008522528416662756
80.0,23.036,-0.9997163310568336,0.009897895142738719,-0.0026937023640472356,0.05910417716827319,0.000312154048789724,0.00883560184818292,0.9975238357553654,0.007433989069071286
80.0,23.062,-0.9997126881801346,0.010086493804161094,-0.0025521699220733295,0.05811531111764748,0.00031721142470593516,0.009022918423869741,0.9976085106230621,0.0063833547259999355
80.0,23.088,-0.9997089702649513,0.010275440038874796,-0.0024178817025282636,0.05716194263569434,0.00032235769883267733,0.009210316682647731,0.997687765086836,0.005368505207371616
80.0,23.114,-0.9997051805021818,0.010464384850187492,-0.002290326313428934,0.05624213471596363,0.0003275933236613821,0.009397801144164672,0.9977620114594334,0.004387474089460956
80.0,23.14,-0.9997013186508041,0.0106533282082847,-0.002169034800433891,0.055354073793185195,0.0003329180455883149,0.009585376202329594,0.9978316241221823,0.003438435392342755
80.0,23.166,-0.999697382588974,0.010842444563403298,-0.0020535807853051223,0.054496080310681226,0.00033833203267278706,0.009773044173606199,0.9978969436026663,0.0025196907263396523
80.0,23.192,-0.9996933739135775,0.01103155940398971,-0.0019435720434342377,0.05366659380148635,0.00034383497931227315,0.009960811308708187,0.997958280481493,0.001629659013347272
80.0,23.218,-0.9996892904482703,0.011220847178611744,-0.0018386498630873864,0.05286414676058367,0.0003494270529420508,0.010148679298835972,0.9980159180123815,0.0007668662985642082
80.0,23.244,-0.9996851338904851,0.01141013337709201,-0.0017384845687564612,0.05208738293362166,0.00035510821936535485,0.010336653788935236,0.9980701151920024,-7.00633686433383e-05
80.0,23.27,-0.9996809020093178,0.011599592446312744,-0.0016427742072545207,0.051335026501915126,0.00036087826844568514,0.010524739337699473,0.9981211091483448,-0.0008824156951346749
80.0,23.296,-0.9996765945106867,0.011789224353647662,-0.001551238435549148,0.05060588900613869,0.0003667373442913821,0.010712937535019555,0.998169117207772,-0.001671393470844763
80.0,23.322,-0.9996722132026663,0.011978854590668815,-0.0014636215704399392,0.049898846594645614,0.00037268530842696034,0.010901253815602249,0.9982143391115573,-0.002438123136542459
80.0,23.348,-0.9996677557665938,0.012168657601575802,-0.001379685470653529,0.04921285912134926,0.00037872199132144333,0.011089693510835216,0.9982569581276634,-0.003183660944087658
80.0,23.374,-0.9996632219197699,0.012358633353252938,-0.0012992102540787189,0.04854694825079308,0.00038484731843989604,0.011278258806824084,0.9982971430228277,-0.003908997846701135
80.0,23.4,-0.9996586135926004,0.012548607339312104,-0.0012219927218868718,0.047900182882325386,0.00039106116202880325,0.011466954695743221,0.9983350496343577,-0.004615064884577523
80.0,23.426,-0.999653928378485,0.012738754001191491,-0.001147845782512244,0.047271698342591706,0.0003973634189214031,0.01165578481741494,0.9983708213610852,-0.005302737691064022
80.0,23.452,-0.9996491660061064,0.012929073305321469,-0.0010765936385716906,0.04666067652695518,0.00040375412072110047,0.01184475372857009,0.9984045908796402,-0.0059728402486374675
80.0,23.478,-0.9996443285053656,0.013119390747222218,-0.0010080743576000428,0.046066348587310776,0.00041023278083813364,0.012033865292684744,0.9984364806742225,-0.006626148650149982
80.0,23.504,-0.9996394110354992,0.013310055235159065,-0.0009421365464891565,0.04548799229346697,0.0004167995281166785,0.012223125099681023,0.9984666044503069,-0.0072633950483405275
80.0,23.53,-0.9996344179723704,0.013500717794575647,-0.0008786407778754816,0.04492491911694072,0.0004234539383323384,0.012412536067647952,0.9984950672639025,-0.007885270037016029
80.0,23.556,-0.9996293467316671,0.013691552861644975,-0.0008174558443760632,0.04437647768538953,0.000430196029295863,0.012602102288740692,0.9985219668835509,-0.008492425918671973
80.0,23.582,-0.9996241970763304,0.013882560402261762,-0.0007584584849437957,0.04384206698898429,0.0004370253617014276,0.012791827430966289,0.9985473938669504,-0.009085479446324351
80.0,23.608,-0.999618971168003,0.014073565914900207,-0.0007015367608653695,0.04332109868070163,0.00044394207274080574,0.012981718924375156,0.9985714323120387,-0.009665013878216673
80.0,23.634,-0.9996136638787408,0.014264918298656509,-0.0006465824361054234,0.042813026306037776,0.00045094541536607564,0.013171777440838476,0.9985941609313683,-0.01023158138991324
80.0,23.66,-0.9996082773596948,0.014456443050992142,-0.000593496443040138,0.04231733327363363,0.00045803552030449174,0.013362008442501936,0.9986156523877824,-0.01078570512521087
80.0,23.686,-0.9996028138840559,0.014647965672717743,-0.0005421854000264238,0.0418335314253551,0.0004652118888350195,0.01355241770789545,0.9986359749117946,-0.01132788144729951
80.0,23.712,-0.9995972681232549,0.014839835056712216,-0.0004925625272592921,0.04136114533630467,0.00047247444411775225,0.013743007957174874,0.9986551918510088,-0.011858580778161066
80.0,23.738,-0.999591644940427,0.015031702240752752,-0.0004445454302594633,0.04089973537339057,0.00047982257155464804,0.013933784916205592,0.9986733625677922,-0.012378250198106356
80.0,23.764,-0.9995859388384489,0.015223916112908598,-0.000398057047838188,0.04044888191467973,0.0004872558493147402,0.014124750823043243,0.9986905423147188,-0.012887313944712443
80.0,23.79,-0.9995801521582137,0.015416302174617653,-0.0003530260075314005,0.04000817982029374,0.0004947744083649567,0.014315913917713481,0.9987067829921837,-0.01338617619083514
80.0,23.816,-0.9995742873172239,0.015608685930234024,-0.000309382983427205,0.03957725151467852,0.0005023774432601275,0.014507273703994376,0.9987221329037654,-0.013875220499957939
80.0,23.842,-0.9995683386283412,0.015801416261325228,-0.0002670645687875827,0.03915573661300832,0.0005100645656617375,0.014698838805629015,0.9987366373807445,-0.014354812606747551
80.0,23.868,-0.9995623085098468,0.015994318671309727,-0.00022601087201012688,0.03874328225671451,0.0005178355639752171,0.014890612004628413,0.9987503391431574,-0.014825300755855574
80.0,23.894,-0.9995561966778088,0.016187393122849388,-0.00018616547218722396,0.038339564922834,0.0005256899293205972,0.015082598432282122,0.9987632779183749,-0.015287016902924748
80.0,23.92,-0.9995499999547264,0.016380814032200958,-0.0001474744171010059,0.03794426719531697,0.0005336269843298434,0.01527480207612521,0.9987754911621907,-0.015740277584035157
80.0,23.946,-0.9995437237637412,0.016574232452071666,-0.00010988813197486023,0.03755709053312919,0.0005416462081022968,0.01546722736130447,0.9987870140040309,-0.016185384775278866
80.0,23.972,-0.9995373620459007,0.016767997251698044,-7.335790477260293e-05,0.037177745879319456,0.0005497475234128639,0.015659879059445832,0.9987978794600548,-0.01662262693166531
80.0,23.998,-0.999530917364379,0.01696193393819398,-3.783971889251005e-05,0.036805965990190835,0.0005579297315439818,0.015852764088551293,0.9988081185808696,-0.017052279502975023
80.0,24.024,-0.9995243864174904,0.01715621692254078,-3.290151873132856e-06,0.0364414876813457,0.0005661926412060732,0.016045882217802992,0.9988177605634044,-0.017474605973007512
80.0,24.05,-0.9995177748640096,0.01735049726477156,3.0329221220583834e-05,0.036084055871096046,0.0005745358080082587,0.016239244300523016,0.998826832898734,-0.017889858551522708
80.0,24.076,-0.9995110763623019,0.01754512382391073,6.305832888506373e-05,0.035733439731935226,0.0005829580077722032,0.016432850144457667,0.9988353615021724,-0.01829827712278787
80.0,24.102,-0.9995042905027952,0.01774009655673395,9.493172795852956e-05,0.035389403088019224,0.0005914589608194138,0.016626704943332196,0.9988433707738538,-0.018700091332367073
80.0,24.128,-0.9994974231131463,0.017935066528847913,0.00012598439005208047,0.035051728957121386,0.0006000380813868664,0.016820815689416655,0.9988508836763887,-0.01909552563969066
80.0,24.154,-0.9994904644946437,0.018130557035609098,0.0001562480401431566,0.03472020673300052,0.0006086943220487347,0.017015187278854278,0.9988579219183585,-0.019484790596207464
80.0,24.18,-0.9994834237186523,0.018326044700659957,0.0001857531457450827,0.03439463987436382,0.0006174270493003635,0.01720982227789412,0.9988645059944864,-0.01986808807248288
80.0,24.206,-0.9994762940796972,0.01852187836931624,0.0002145289054506365,0.03407482962560583,0.0006262356775042342,0.017404726750926247,0.9988706552599301,-0.02024561299883633
80.0,24.232,-0.9994690751440547,0.018718057996325747,0.00024260337823769053,0.03376059072935819,0.0006351189146628515,0.017599906362019906,0.9988763879909904,-0.020617551618054234
80.0,24.258,-0.9994617697673621,0.01891440909686919,0.00027000239635711893,0.03345175087976184,0.0006440762032912691,0.01779536417835822,0.9988817213712016,-0.020984086713209157
80.0,24.284,-0.9994543742712084,0.019111106066315258,0.00029675010194962575,0.033148131111077846,0.0006531067320086437,0.017991106720625667,0.9988866717888129,-0.021345387145264304
80.0,24.31,-0.9994468915794336,0.01930797442174772,0.00032287155841120765,0.03284957638797734,0.0006622095135527225,0.018187137800948796,0.9988912547015353,-0.021701618311397358
80.0,24.336,-0.9994393179446307,0.019505188555303685,0.00034838787938838153,0.03255592089803702,0.0006713836073227657,0.018383464663703105,0.9988954846398012,-0.02205294214197679
80.0,24.362,-0.999431652874236,0.019702748418851772,0.00037332118293700905,0.03226701825880949,0.000680627488035667,0.018580089570485497,0.9988993754187818,-0.022399511869480086
80.0,24.388,-0.9994238994061897,0.019900479532620138,0.000397691028282667,0.03198272233550665,0.0006899409699340378,0.0187770180641136,0.9989029402070705,-0.022741472027045337
80.0,24.414,-0.9994160536546386,0.02009855628303793,0.0004215172734818307,0.0317028872466779,0.0006993224715576735,0.018974254822518237,0.9989061913644014,-0.0230789654193372
80.0,24.44,-0.9994081151377108,0.020296978621059676,0.00044481865286497116,0.031427385507939054,0.0007087707787528571,0.019171807915896812,0.9989091405609322,-0.023412131378643657
80.0,24.466,-0.9994000869503713,0.02049557206901913,0.00046761250553758256,0.031156082175726282,0.0007182850755530577,0.0193696800015301,0.9989117990424015,-0.02374109704690221
80.0,24.492,-0.9993919651023934,0.020694511008115993,0.0004899144715661946,0.030888849443273532,0.0007278639323070678,0.019567877056424324,0.9989141772548413,-0.024065993064192978
80.0,24.518,-0.9993837454529186,0.020893969813265585,0.0005117419001738004,0.030625573380340096,0.0007375060576879754,0.019766401640616882,0.9989162852111446,-0.0243869413647417
80.0,24.544,-0.9993754347544231,0.021093599581165728,0.0005331092096816134,0.030366132474009985,0.0007472103873655813,0.019965264186538247,0.9989181324008684,-0.024704058661660096
80.0,24.57,-0.9993670326050818,0.02129340026462456,0.0005540314346207955,0.0301104152678365,0.0007569754044016587,0.020164464783032108,0.9989197278514869,-0.025017458191200697
80.0,24.596,-0.9993585311118542,0.021493720658303482,0.0005745214873212546,0.029858313148701097,0.0007668001735736845,0.020364011356716543,0.9989210800479711,-0.025327251453769448
80.0,24.622,-0.9993499334262347,0.021694386285386547,0.0005945928947101233,0.02960972362681648,0.0007766824937423519,0.020563908243966617,0.9989221970635598,-0.025633544726643295
80.0,24.648,-0.999341242850837,0.0218952226748302,0.0006142580338758666,0.02936454000180725,0.0007866215527676042,0.020764160659943222,0.9989230866291313,-0.025936439064278654
80.0,24.674,-0.9993324512357235,0.02209657861001973,0.000633529601923144,0.029122671665617935,0.0007966154367142738,0.020964774803423073,0.9989237559613144,-0.026236035526414986
80.0,24.7,-0.9993235618477734,0.02229827961749103,0.0006524180376154341,0.02888401691662164,0.0008066629250462229,0.021165757799821345,0.998924212020089,-0.02653242820505562
80.0,24.726,-0.9993145741441606,0.022500325642282624,0.0006709347501624155,0.028648493073148432,0.0008167624983628104,0.021367110358663035,0.9989244613235094,-0.02682571119704936
80.0,24.752,-0.9993054875702303,0.022702716628705013,0.0006890903596498814,0.0284160030384059,0.0008269116681987212,0.02156883889503142,0.9989245101271396,-0.02711597337378895
80.0,24.778,-0.9992963015594994,0.022905452520329724,0.0007068944881912665,0.02818646838496048,0.0008371098797519301,0.021770953150630802,0.998924364304286,-0.027403301866368832
80.0,24.804,-0.9992870155681721,0.02310853326076933,0.0007243561725029416,0.027959802861697986,0.0008473542836467206,0.021973453814667247,0.9989240294316167,-0.02768778206700278
80.0,24.83,-0.9992776290176163,0.023311958792363117,0.0007414852397938574,0.02773592867274451,0.000857644186142832,0.022176349793621424,0.9989235109060723,-0.027969492397036794
80.0,24.856,-0.9992681372360992,0.023515903462411433,0.0007582901169173239,0.027514766713961202,0.0008679766503048487,0.022379643258237627,0.9989228137104764,-0.02824851302352123
80.0,24.882,-0.9992585436658467,0.02372019280344487,0.0007747785247919736,0.02729624292595351,0.0008783504428744168,0.022583342167793983,0.9989219425933294,-0.028524922373941983
80.0,24.908,-0.9992488477155811,0.023924826755964867,0.0007909587523548381,0.02708028184558677,0.0008887633220721335,0.022787450108532194,0.9989209020818369,-0.02879879364614787
80.0,24.934,-0.9992390445707408,0.02412997965979793,0.0008068385838234278,0.026866819096888803,0.0008992136083420347,0.022991976609963254,0.9989196965437913,-0.029070196554194766
80.0,24.96,-0.9992291377791704,0.024335477050835035,0.0008224248803090187,0.0266557856384724,0.0009096983715859581,0.02319692141147877,0.9989183299944696,-0.029339202556865476
80.0,24.986,-0.9992191267139457,0.02454131886712099,0.00083772414638448,0.026447110999922023,0.0009202161553400407,0.02340229277971125,0.9989168062855127,-0.029605879627843813
80.0,25.012,-0.9992090064515646,0.024747679441590557,0.0008527437398365979,0.026240732394482984,0.000930765079318033,0.023608099778877678,0.9989151290245878,-0.029870293997686394
80.0,25.038,-0.9991987806001146,0.024954384312475063,0.000867489034525996,0.02603659153401156,0.0009413419726641912,0.02381434132928381,0.9989133017008237,-0.030132508411998785
80.0,25.064,-0.9991884441285279,0.025161607807108632,0.0008819662571475799,0.025834622478628888,0.0009519449771124064,0.0240210305645269,0.9989113275387317,-0.030392585616545537
80.0,25.09,-0.9991779962997593,0.02536934985580458,0.0008961816929170363,0.025634769702266712,0.0009625720826607961,0.02422816755483363,0.9989092095990572,-0.03065058661480911
80.0,25.116,-0.9991674407941047,0.025577435999408888,0.0009101396270036357,0.025436978992395977,0.0009732201936940311,0.024435758477907053,0.9989069508247734,-0.03090656892387516
80.0,25.142,-0.99915677695921,0.02578586617185339,0.0009238461714053915,0.025241191469371684,0.0009838865809149448,0.02464381012387771,0.9989045539808735,-0.031160588317172996
80.0,25.168,-0.9991459950570045,0.02599498907393388,0.0009373056668884292,0.02504735545813965,0.0009945697670409328,0.024852329866427856,0.9989020215277369,-0.03141270405546069
80.0,25.194,-0.9991351033392958,0.026204455862458925,0.0009505229371963754,0.02485541469520894,0.0010052662882735722,0.025061320018952754,0.9988993559379096,-0.03166296842565821
80.0,25.22,-0.9991240964962542,0.02641444084830906,0.0009635021893215239,0.024665325625131098,0.0010159737233451326,0.025270789135059684,0.9988965595503004,-0.03191143197120485
80.0,25.246,-0.999112978376207,0.026624769578062736,0.0009762483183971394,0.024477034311018133,0.0010266889354117186,0.025480740573405214,0.9988936344164046,-0.032158148722362986
80.0,25.272,-0.9991017388998058,0.026835790733235675,0.0009887645493685195,0.02429049374112921,0.0010374094159350778,0.025691184057986434,0.9988905825566943,-0.032403167478189984
80.0,25.298,-0.999090386574754,0.027047155482180705,0.0010010548152752591,0.024105657938112462,0.0010481322599354703,0.025902121033351454,0.9988874058314817,-0.032646537037620896
80.0,25.324,-0.9990789111729326,0.02725921249704452,0.001013123311669594,0.02392248195234449,0.0010588543012295152,0.026113559356685325,0.9988841059302334,-0.03288830619885417
80.0,25.35,-0.9990673213136505,0.027471612951628806,0.0010249731240705333,0.023740919159880136,0.0010695727789052927,0.026325507448563358,0.9988806845110029,-0.03312852027311872
80.0,25.376,-0.9990556114281732,0.027684531139774402,0.001036607026446657,0.02356092946700981,0.0010802840562524063,0.026537965169784926,0.998877143089628,-0.03336722282597284
80.0,25.402,-0.9990437757755171,0.02789814134575402,0.0010480287844571625,0.02338247093482571,0.0010909857379126067,0.026750941882215683,0.9988734829815424,-0.03360446091102284
80.0,25.428,-0.9990318231839938,0.028112094752837113,0.0010592407977780692,0.02320550264309254,0.0011016737381723614,0.02696444139389527,0.9988697055261827,-0.033840274605304255
80.0,25.454,-0.9990197479483737,0.028326565645722737,0.0010702461599510762,0.02302998458111177,0.0011123450966198645,0.027178474140399124,0.9988658117830479,-0.03407470921611827
80.0,25.48,-0.9990075441670948,0.02854172829858554,0.0010810470356454043,0.0228558777032111,0.001122996424896636,0.027393041705163303,0.9988618029108088,-0.03430780307619873
80.0,25.506,-0.9989952158485101,0.02875740826167074,0.0010916464037592512,0.02268314644846254,0.0011336239283404703,0.02760814918769695,0.9988576797798165,-0.0345395980024888
80.0,25.532,-0.9989827620707553,0.028973605447654035,0.0011020460843659454,0.022511750924963943,0.0011442243643540607,0.027823805292706633,0.9988534432803264,-0.034770132324940396
80.0,25.558,-0.9989701768280378,0.029190494121857806,0.001112248180066585,0.022341659914757808,0.0011547943117706252,0.028040016021935378,0.9988490941322768,-0.03499944611601181
80.0,25.584,-0.998957464158334,0.029407899835892707,0.0011222550952213104,0.022172835209382454,0.0011653293123416188,0.028256787848472926,0.9988446330607127,-0.03522757421480043
80.0,25.61,-0.9989446231487885,0.029625822500040252,0.0011320680932298162,0.022005242117758596,0.0011758260466427379,0.028474121064151602,0.9988400605459264,-0.03545455669085115
80.0,25.636,-0.9989316475964815,0.02984443636775953,0.0011416892549183757,0.02183884925717515,0.0011862805576316198,0.02869202615047659,0.9988353771618732,-0.03568042663758855
80.0,25.662,-0.9989185416504411,0.03006356699440622,0.0011511201903472738,0.021673626007232757,0.0011966891930407695,0.0289105107845547,0.9988305831918042,-0.035905222376964856
80.0,25.688,-0.9989052990638994,0.030283388627918052,0.0011603621640647666,0.021509537525194206,0.0012070474622611943,0.02912957640576662,0.9988256790011129,-0.0361289769995247
80.0,25.714,-0.9988919186904172,0.030503901164327395,0.001169416625670085,0.021346554751984093,0.0012173510777951327,0.029349231462908295,0.9988206648302365,-0.03635172359337955
80.0,25.74,-0.9988784047792227,0.030724930162419513,0.0011782848158896023,0.021184646894675915,0.001227596574855034,0.02956948141515282,0.9988155408294943,-0.03657349524532018
80.0,25.766,-0.9988647562742492,0.03094647552240275,0.0011869675336522302,0.0210237839489755,0.0012377787438206085,0.02979032871569474,0.9988103069836984,-0.036794326783535225
80.0,25.792,-0.9988509612847704,0.03116888580965629,0.00119546615611464,0.02086394145022402,0.0012478942836639212,0.030011786381043622,0.9988049632698628,-0.0370142495464336
80.0,25.818,-0.9988370294431936,0.03139181224679296,0.0012037814437606549,0.020705085996485923,0.0012579376970304908,0.030233854141137,0.9987995096118734,-0.03723329487204799
80.0,25.844,-0.9988229486778732,0.03161560338650273,0.0012119141417642515,0.020547192183233462,0.0012679052737267203,0.030456538840329807,0.9987939458771401,-0.03745149235215658
80.0,25.87,-0.9988087287512066,0.03183991045799623,0.001219864944785575,0.020390235255984976,0.0012777916530514201,0.03067984776380289,0.9987882716815323,-0.0376688750618345
80.0,25.896,-0.9987943629830731,0.03206490767775856,0.0012276342162886962,0.02023418644162592,0.0012875928527818037,0.03090378495121633,0.9987824867854537,-0.037885470845810364
80.0,25.922,-0.9987798501364274,0.032290594929986045,0.001235222758844923,0.02007902003123566,0.0012973033605913323,0.031128358372126044,0.998776590776266,-0.038101309289137256
80.0,25.948,-0.9987651889613823,0.03251697209724058,0.0012426307640291958,0.019924713344669272,0.0013069190626953935,0.0313535727049817,0.9987705831105067,-0.038316419972952834
80.0,25.974,-0.9987503724917802,0.03274421337562881,0.0012498582479876527,0.019771242037702072,0.0013164348439867613,0.031579436594744235,0.9987644632733506,-0.038530830734707866
80.0,26.0,-0.9987354108076659,0.032971970010990566,0.0012569055892335016,0.019618577878887235,0.0013258444980742564,0.03180594811771785,0.9987582305649507,-0.03874457115137426
