Unique_ID,Topology_Name,Angle_deg,f_TE_GHz,L_TE_nH,C_TE_fF,R_TE_ohm,f_TM_GHz,L_TM_nH,C_TM_fF,R_TM_ohm
ID1040_12_R5.0_W0.01_Ang0,ID1040_12_R5.0_W0.01.csv,0,17.225,10.6041,8.05,10.021,17.2612,10.5813,8.0345,10.0421
ID1040_12_R5.0_W0.01_Ang20,ID1040_12_R5.0_W0.01.csv,20,17.2009,11.258,7.6,10.533,17.1779,10.9239,7.8581,10.1457
ID1040_12_R5.0_W0.01_Ang40,ID1040_12_R5.0_W0.01.csv,40,17.1543,13.0788,6.58,12.045,16.9823,11.9151,7.3714,10.629
ID1040_12_R5.0_W0.01_Ang60,ID1040_12_R5.0_W0.01.csv,60,17.1256,15.4692,5.58,13.923,16.7169,13.2701,6.8306,10.9908
ID1040_12_R5.0_W0.01_Ang80,ID1040_12_R5.0_W0.01.csv,80,17.1063,17.3123,5.0,15.43,16.5877,14.2419,6.464,11.5038
ID1041_12_R5.0_W0.0367_Ang0,ID1041_12_R5.0_W0.0367.csv,0,18.1076,9.039,8.55,5.633,18.1114,9.0373,8.5447,5.6814
ID1041_12_R5.0_W0.0367_Ang20,ID1041_12_R5.0_W0.0367.csv,20,18.0985,9.4216,8.21,5.865,18.088,9.1175,8.4915,5.6879
ID1041_12_R5.0_W0.0367_Ang40,ID1041_12_R5.0_W0.0367.csv,40,18.0229,11.2537,6.93,6.947,17.7525,10.2742,7.8231,6.037
ID1041_12_R5.0_W0.0367_Ang60,ID1041_12_R5.0_W0.0367.csv,60,17.9694,13.3662,5.87,7.951,17.4764,11.5702,7.168,6.3561
ID1041_12_R5.0_W0.0367_Ang80,ID1041_12_R5.0_W0.0367.csv,80,17.927,15.055,5.24,8.679,17.279,12.6193,6.723,6.5321
ID1042_12_R5.0_W0.0633_Ang0,ID1042_12_R5.0_W0.0633.csv,0,18.8269,7.8098,9.15,4.193,18.8269,7.8038,9.1575,4.1551
ID1042_12_R5.0_W0.0633_Ang20,ID1042_12_R5.0_W0.0633.csv,20,18.765,8.41,8.55,4.413,18.7056,8.1483,8.8845,4.2296
ID1042_12_R5.0_W0.0633_Ang40,ID1042_12_R5.0_W0.0633.csv,40,18.6214,10.2191,7.15,5.132,18.2846,9.3792,8.078,4.4799
ID1042_12_R5.0_W0.0633_Ang60,ID1042_12_R5.0_W0.0633.csv,60,18.5737,12.2836,5.98,5.955,17.9116,10.7978,7.3121,4.6153
ID1042_12_R5.0_W0.0633_Ang80,ID1042_12_R5.0_W0.0633.csv,80,18.5439,13.8721,5.31,6.361,17.6428,12.0068,6.7776,4.8817
ID1043_12_R5.0_W0.09_Ang0,ID1043_12_R5.0_W0.09.csv,0,19.3785,7.0099,9.62,3.489,19.4148,6.9807,9.6266,3.4943
ID1043_12_R5.0_W0.09_Ang20,ID1043_12_R5.0_W0.09.csv,20,19.2752,7.6912,8.86,3.572,19.2142,7.4371,9.2255,3.5134
ID1043_12_R5.0_W0.09_Ang40,ID1043_12_R5.0_W0.09.csv,40,19.1625,9.298,7.42,4.169,18.781,8.5725,8.3771,3.6576
ID1043_12_R5.0_W0.09_Ang60,ID1043_12_R5.0_W0.09.csv,60,19.0656,11.2679,6.18,5.016,18.3046,10.3184,7.3267,3.9331
ID1043_12_R5.0_W0.09_Ang80,ID1043_12_R5.0_W0.09.csv,80,19.0247,12.8488,5.45,5.574,17.9873,11.3713,6.8849,4.0785
ID1044_12_R5.0_W0.1167_Ang0,ID1044_12_R5.0_W0.1167.csv,0,19.7883,6.4761,9.99,2.949,19.8484,6.4489,9.9703,3.0249
ID1044_12_R5.0_W0.1167_Ang20,ID1044_12_R5.0_W0.1167.csv,20,19.7238,7.0379,9.25,3.162,19.6473,6.8118,9.6331,3.1059
ID1044_12_R5.0_W0.1167_Ang40,ID1044_12_R5.0_W0.1167.csv,40,19.5569,8.6892,7.62,3.554,19.1473,8.0665,8.5653,3.1749
ID1044_12_R5.0_W0.1167_Ang60,ID1044_12_R5.0_W0.1167.csv,60,19.471,10.599,6.3,4.339,18.5797,9.953,7.3724,3.5292
ID1044_12_R5.0_W0.1167_Ang80,ID1044_12_R5.0_W0.1167.csv,80,19.4285,12.1503,5.52,4.791,18.2045,11.0439,6.9209,3.5732
ID1050_12_R6.0_W0.01_Ang0,ID1050_12_R6.0_W0.01.csv,0,14.5437,11.9956,9.98,11.039,14.5885,11.9776,9.9369,11.0305
ID1050_12_R6.0_W0.01_Ang20,ID1050_12_R6.0_W0.01.csv,20,14.449,12.8168,9.47,11.527,14.5665,12.3517,9.6651,11.1873
ID1050_12_R6.0_W0.01_Ang40,ID1050_12_R6.0_W0.01.csv,40,14.4541,14.8333,8.17,13.14,14.3706,13.5685,9.0398,11.6614
ID1050_12_R6.0_W0.01_Ang60,ID1050_12_R6.0_W0.01.csv,60,14.4393,17.4908,6.95,16.324,14.1523,15.3125,8.2592,12.3977
ID1050_12_R6.0_W0.01_Ang80,ID1050_12_R6.0_W0.01.csv,80,14.3089,21.2783,5.81,16.7,13.7464,17.9311,7.4757,12.5009
ID1051_12_R6.0_W0.0422_Ang0,ID1051_12_R6.0_W0.0422.csv,0,15.1714,10.8201,10.17,5.579,15.1904,10.7909,10.1728,5.5255
ID1051_12_R6.0_W0.0422_Ang20,ID1051_12_R6.0_W0.0422.csv,20,15.1381,11.5802,9.55,5.883,15.1261,11.2197,9.8675,5.6614
ID1051_12_R6.0_W0.0422_Ang40,ID1051_12_R6.0_W0.0422.csv,40,14.9994,13.4051,8.4,6.758,15.0498,12.2123,9.1576,6.1494
ID1051_12_R6.0_W0.0422_Ang60,ID1051_12_R6.0_W0.0422.csv,60,14.9988,15.9741,7.05,8.557,14.7274,14.1564,8.2496,6.4618
ID1051_12_R6.0_W0.0422_Ang80,ID1051_12_R6.0_W0.0422.csv,80,15.0637,18.8326,5.93,9.094,14.3811,16.2438,7.54,6.5947
ID1052_12_R6.0_W0.0744_Ang0,ID1052_12_R6.0_W0.0744.csv,0,15.7762,9.1959,11.07,4.236,15.9082,9.1134,10.9829,4.2516
ID1052_12_R6.0_W0.0744_Ang20,ID1052_12_R6.0_W0.0744.csv,20,15.7371,9.876,10.36,4.485,15.8208,9.5259,10.6238,4.3493
ID1052_12_R6.0_W0.0744_Ang40,ID1052_12_R6.0_W0.0744.csv,40,15.5943,11.8318,8.8,5.067,15.5481,10.8876,9.624,4.57
ID1052_12_R6.0_W0.0744_Ang60,ID1052_12_R6.0_W0.0744.csv,60,15.5513,14.6069,7.17,6.42,15.091,13.2026,8.4246,4.6977
ID1052_12_R6.0_W0.0744_Ang80,ID1052_12_R6.0_W0.0744.csv,80,15.5978,17.2656,6.03,6.614,14.7216,15.3103,7.6339,4.7438
ID1053_12_R6.0_W0.1067_Ang0,ID1053_12_R6.0_W0.1067.csv,0,16.2594,8.3719,11.44,3.479,16.2811,8.3614,11.4286,3.4412
ID1053_12_R6.0_W0.1067_Ang20,ID1053_12_R6.0_W0.1067.csv,20,16.2175,9.0426,10.65,3.716,16.1576,8.7701,11.0632,3.5364
ID1053_12_R6.0_W0.1067_Ang40,ID1053_12_R6.0_W0.1067.csv,40,16.0913,10.9343,8.95,4.275,15.8562,10.1598,9.9164,3.7777
ID1053_12_R6.0_W0.1067_Ang60,ID1053_12_R6.0_W0.1067.csv,60,16.0584,13.3511,7.36,5.051,15.4112,12.4386,8.5743,3.922
ID1053_12_R6.0_W0.1067_Ang80,ID1053_12_R6.0_W0.1067.csv,80,16.0847,15.1728,6.45,5.665,15.059,14.131,7.9045,4.0566
ID1054_12_R6.0_W0.1389_Ang0,ID1054_12_R6.0_W0.1389.csv,0,16.632,7.7405,11.83,2.923,16.6406,7.7257,11.8404,2.9724
ID1054_12_R6.0_W0.1389_Ang20,ID1054_12_R6.0_W0.1389.csv,20,16.5737,8.4044,10.97,3.112,16.5038,8.1442,11.4189,3.0492
ID1054_12_R6.0_W0.1389_Ang40,ID1054_12_R6.0_W0.1389.csv,40,16.4486,10.2233,9.16,3.636,16.1375,9.5849,10.1479,3.2059
ID1054_12_R6.0_W0.1389_Ang60,ID1054_12_R6.0_W0.1389.csv,60,16.4174,12.5995,7.46,4.572,15.6176,11.9812,8.6679,3.3634
ID1054_12_R6.0_W0.1389_Ang80,ID1054_12_R6.0_W0.1389.csv,80,16.3972,14.36,6.56,3.244,15.2603,13.9346,7.8059,3.4815
ID1055_12_R6.0_W0.1711_Ang0,ID1055_12_R6.0_W0.1711.csv,0,16.9303,7.3451,12.03,2.51,16.8926,7.348,12.0804,2.5086
ID1055_12_R6.0_W0.1711_Ang20,ID1055_12_R6.0_W0.1711.csv,20,16.8887,7.8572,11.3,2.742,16.7897,7.6062,11.8137,2.6455
ID1055_12_R6.0_W0.1711_Ang40,ID1055_12_R6.0_W0.1711.csv,40,16.7636,9.6657,9.33,3.261,16.3454,9.1174,10.3987,2.805
ID1055_12_R6.0_W0.1711_Ang60,ID1055_12_R6.0_W0.1711.csv,60,16.6891,11.993,7.58,4.256,15.7955,11.6759,8.6953,3.0212
ID1055_12_R6.0_W0.1711_Ang80,ID1055_12_R6.0_W0.1711.csv,80,16.6759,13.7432,6.63,4.089,15.3978,13.5765,7.8693,2.9762
ID1056_12_R6.0_W0.2033_Ang0,ID1056_12_R6.0_W0.2033.csv,0,17.1876,6.8824,12.46,2.247,17.2178,6.8785,12.422,2.2601
ID1056_12_R6.0_W0.2033_Ang20,ID1056_12_R6.0_W0.2033.csv,20,17.1117,7.5277,11.49,2.38,17.0629,7.306,11.9085,2.3439
ID1056_12_R6.0_W0.2033_Ang40,ID1056_12_R6.0_W0.2033.csv,40,16.947,9.3121,9.47,2.705,16.5883,8.8975,10.3459,2.4868
ID1056_12_R6.0_W0.2033_Ang60,ID1056_12_R6.0_W0.2033.csv,60,16.8796,11.6153,7.65,3.445,15.9664,11.5922,8.5716,2.6359
ID1056_12_R6.0_W0.2033_Ang80,ID1056_12_R6.0_W0.2033.csv,80,16.8401,13.56,6.59,8.605,15.5648,13.5999,7.6881,2.675
ID1057_12_R6.0_W0.2356_Ang0,ID1057_12_R6.0_W0.2356.csv,0,17.4795,6.4863,12.78,2.018,17.4993,6.4669,12.7909,2.0275
ID1057_12_R6.0_W0.2356_Ang20,ID1057_12_R6.0_W0.2356.csv,20,17.4085,6.9762,11.98,2.294,17.3469,6.7666,12.4402,2.156
ID1057_12_R6.0_W0.2356_Ang40,ID1057_12_R6.0_W0.2356.csv,40,17.2494,8.6708,9.82,2.786,16.8404,8.4362,10.5874,2.4864
ID1057_12_R6.0_W0.2356_Ang60,ID1057_12_R6.0_W0.2356.csv,60,17.1619,10.8874,7.9,3.324,16.1292,11.292,8.6227,2.5756
ID1057_12_R6.0_W0.2356_Ang80,ID1057_12_R6.0_W0.2356.csv,80,17.0668,12.6075,6.9,3.964,15.656,13.3357,7.7493,2.5196
ID1058_12_R6.0_W0.2678_Ang0,ID1058_12_R6.0_W0.2678.csv,0,17.8765,6.016,13.18,1.93,17.9147,6.0032,13.1475,1.9785
ID1058_12_R6.0_W0.2678_Ang20,ID1058_12_R6.0_W0.2678.csv,20,17.6508,6.6762,12.18,1.962,17.6295,6.4771,12.5829,1.953
ID1058_12_R6.0_W0.2678_Ang40,ID1058_12_R6.0_W0.2678.csv,40,17.4751,8.2729,10.03,2.358,17.0288,8.1549,10.7116,2.183
ID1058_12_R6.0_W0.2678_Ang60,ID1058_12_R6.0_W0.2678.csv,60,17.3337,10.4194,8.09,2.698,16.2815,11.2211,8.5156,2.347
ID1058_12_R6.0_W0.2678_Ang80,ID1058_12_R6.0_W0.2678.csv,80,17.2946,11.9844,7.07,3.776,15.7655,13.3708,7.622,2.3235
ID1059_12_R6.0_W0.3_Ang0,ID1059_12_R6.0_W0.3.csv,0,18.077,5.7918,13.38,1.615,18.1125,5.7719,13.3773,1.6683
ID1059_12_R6.0_W0.3_Ang20,ID1059_12_R6.0_W0.3.csv,20,17.9632,6.3127,12.44,1.856,17.8634,6.1317,12.9458,1.7855
ID1059_12_R6.0_W0.3_Ang40,ID1059_12_R6.0_W0.3.csv,40,17.7445,7.965,10.1,2.07,17.2241,7.9761,10.7047,1.8943
ID1059_12_R6.0_W0.3_Ang60,ID1059_12_R6.0_W0.3.csv,60,17.5986,10.1178,8.08,2.408,16.4117,11.1801,8.4118,2.1361
ID1059_12_R6.0_W0.3_Ang80,ID1059_12_R6.0_W0.3.csv,80,17.5363,11.7364,7.02,3.205,15.8646,13.4396,7.4886,2.054
ID1060_12_R7.0_W0.01_Ang0,ID1060_12_R7.0_W0.01.csv,0,12.3706,14.3039,11.57,11.695,12.3756,14.2907,11.5732,11.6088
ID1060_12_R7.0_W0.01_Ang20,ID1060_12_R7.0_W0.01.csv,20,12.2918,15.3712,10.91,12.226,12.4153,14.7808,11.118,11.8315
ID1060_12_R7.0_W0.01_Ang40,ID1060_12_R7.0_W0.01.csv,40,12.3758,17.6382,9.38,13.978,12.1419,16.2475,10.575,12.3211
ID1060_12_R7.0_W0.01_Ang60,ID1060_12_R7.0_W0.01.csv,60,12.3904,20.9166,7.89,16.652,11.9355,18.1979,9.771,12.9284
ID1060_12_R7.0_W0.01_Ang80,ID1060_12_R7.0_W0.01.csv,80,12.442,23.4848,6.97,18.247,11.7554,19.6234,9.341,13.2151
ID1061_12_R7.0_W0.0478_Ang0,ID1061_12_R7.0_W0.0478.csv,0,13.0238,12.174,12.27,5.856,13.1335,12.1169,12.1196,5.8718
ID1061_12_R7.0_W0.0478_Ang20,ID1061_12_R7.0_W0.0478.csv,20,12.9495,13.0722,11.56,6.149,13.119,12.5515,11.7258,5.9994
ID1061_12_R7.0_W0.0478_Ang40,ID1061_12_R7.0_W0.0478.csv,40,12.9899,15.3592,9.77,7.089,12.8257,14.0821,10.9347,6.2987
ID1061_12_R7.0_W0.0478_Ang60,ID1061_12_R7.0_W0.0478.csv,60,12.9749,18.5179,8.13,8.324,12.5487,16.2243,9.9147,6.5508
ID1061_12_R7.0_W0.0478_Ang80,ID1061_12_R7.0_W0.0478.csv,80,13.052,20.9362,7.1,9.329,12.3169,17.8062,9.377,6.7241
ID1062_12_R7.0_W0.0856_Ang0,ID1062_12_R7.0_W0.0856.csv,0,13.4746,10.8788,12.82,4.347,13.56,10.8505,12.6962,4.3896
ID1062_12_R7.0_W0.0856_Ang20,ID1062_12_R7.0_W0.0856.csv,20,13.4329,11.7279,11.97,4.446,13.5177,11.3094,12.2573,4.3269
ID1062_12_R7.0_W0.0856_Ang40,ID1062_12_R7.0_W0.0856.csv,40,13.4199,13.9981,10.05,5.155,13.1818,12.8936,11.3062,4.5559
ID1062_12_R7.0_W0.0856_Ang60,ID1062_12_R7.0_W0.0856.csv,60,13.4017,17.0624,8.27,6.261,12.8718,15.1792,10.0719,4.8059
ID1062_12_R7.0_W0.0856_Ang80,ID1062_12_R7.0_W0.0856.csv,80,13.4215,19.3554,7.26,6.779,12.6283,16.8999,9.3987,4.8957
ID1063_12_R7.0_W0.1233_Ang0,ID1063_12_R7.0_W0.1233.csv,0,13.8007,9.9153,13.41,3.385,13.9456,9.8265,13.2546,3.4149
ID1063_12_R7.0_W0.1233_Ang20,ID1063_12_R7.0_W0.1233.csv,20,13.7702,10.7121,12.47,3.555,13.8728,10.3209,12.7526,3.4662
ID1063_12_R7.0_W0.1233_Ang40,ID1063_12_R7.0_W0.1233.csv,40,13.7227,12.8716,10.45,4.205,13.5073,11.9291,11.6386,3.6384
ID1063_12_R7.0_W0.1233_Ang60,ID1063_12_R7.0_W0.1233.csv,60,13.7228,15.8994,8.46,4.988,13.1222,14.4166,10.2039,3.8297
ID1063_12_R7.0_W0.1233_Ang80,ID1063_12_R7.0_W0.1233.csv,80,13.7328,18.1306,7.41,5.459,12.8579,16.211,9.4514,3.8843
ID1064_12_R7.0_W0.1611_Ang0,ID1064_12_R7.0_W0.1611.csv,0,14.1678,9.1153,13.84,2.933,14.1969,9.0982,13.8132,2.9106
ID1064_12_R7.0_W0.1611_Ang20,ID1064_12_R7.0_W0.1611.csv,20,14.1242,9.9051,12.82,3.13,14.1135,9.6004,13.2459,2.9697
ID1064_12_R7.0_W0.1611_Ang40,ID1064_12_R7.0_W0.1611.csv,40,14.0383,12.0557,10.66,3.606,13.7275,11.2399,11.959,3.141
ID1064_12_R7.0_W0.1611_Ang60,ID1064_12_R7.0_W0.1611.csv,60,14.0134,14.9443,8.63,4.255,13.2865,13.7578,10.4296,3.2729
ID1064_12_R7.0_W0.1611_Ang80,ID1064_12_R7.0_W0.1611.csv,80,14.0082,17.1939,7.51,5.294,13.0225,15.8031,9.4518,3.3426
ID1065_12_R7.0_W0.1989_Ang0,ID1065_12_R7.0_W0.1989.csv,0,14.4265,8.4817,14.35,2.461,14.4499,8.435,14.3821,2.4747
ID1065_12_R7.0_W0.1989_Ang20,ID1065_12_R7.0_W0.1989.csv,20,14.3901,9.221,13.27,2.724,14.3462,8.8967,13.8337,2.6291
ID1065_12_R7.0_W0.1989_Ang40,ID1065_12_R7.0_W0.1989.csv,40,14.2581,11.3853,10.94,3.069,13.9416,10.6399,12.2483,2.6653
ID1065_12_R7.0_W0.1989_Ang60,ID1065_12_R7.0_W0.1989.csv,60,14.2172,14.1744,8.84,3.717,13.4639,13.3414,10.4736,2.8674
ID1065_12_R7.0_W0.1989_Ang80,ID1065_12_R7.0_W0.1989.csv,80,14.232,16.3567,7.65,4.36,13.1612,15.4271,9.4791,3.0267
ID1066_12_R7.0_W0.2367_Ang0,ID1066_12_R7.0_W0.2367.csv,0,14.7079,7.9167,14.79,2.24,14.6913,7.8684,14.9154,2.339
ID1066_12_R7.0_W0.2367_Ang20,ID1066_12_R7.0_W0.2367.csv,20,14.6416,8.689,13.6,2.419,14.601,8.4093,14.1291,2.4444
ID1066_12_R7.0_W0.2367_Ang40,ID1066_12_R7.0_W0.2367.csv,40,14.4718,10.7343,11.27,2.723,14.1512,10.1588,12.4513,2.6271
ID1066_12_R7.0_W0.2367_Ang60,ID1066_12_R7.0_W0.2367.csv,60,14.4209,13.4424,9.06,3.385,13.5998,12.9242,10.5966,2.6702
ID1066_12_R7.0_W0.2367_Ang80,ID1066_12_R7.0_W0.2367.csv,80,14.3904,15.5872,7.85,3.562,13.3025,15.2849,9.3651,2.5832
ID1067_12_R7.0_W0.2744_Ang0,ID1067_12_R7.0_W0.2744.csv,0,14.9953,7.4488,15.12,2.128,14.9199,7.4542,15.2654,1.9921
ID1067_12_R7.0_W0.2744_Ang20,ID1067_12_R7.0_W0.2744.csv,20,14.9002,8.1808,13.95,2.278,14.7995,7.9149,14.6117,2.1038
ID1067_12_R7.0_W0.2744_Ang40,ID1067_12_R7.0_W0.2744.csv,40,14.6949,10.1884,11.51,2.566,14.3147,9.7513,12.6769,2.2163
ID1067_12_R7.0_W0.2744_Ang60,ID1067_12_R7.0_W0.2744.csv,60,14.6387,12.8561,9.19,3.077,13.7431,12.7423,10.525,2.3355
ID1067_12_R7.0_W0.2744_Ang80,ID1067_12_R7.0_W0.2744.csv,80,14.5799,14.8061,8.05,3.333,13.4143,14.9768,9.3991,2.4136
ID1068_12_R7.0_W0.3122_Ang0,ID1068_12_R7.0_W0.3122.csv,0,15.1772,7.0191,15.67,1.938,15.1575,6.9818,15.7912,1.8515
ID1068_12_R7.0_W0.3122_Ang20,ID1068_12_R7.0_W0.3122.csv,20,15.0898,7.7357,14.38,2.109,15.0606,7.4969,14.896,1.9904
ID1068_12_R7.0_W0.3122_Ang40,ID1068_12_R7.0_W0.3122.csv,40,14.8595,10.0652,11.4,2.05,14.5132,9.6652,12.4423,1.8447
ID1068_12_R7.0_W0.3122_Ang60,ID1068_12_R7.0_W0.3122.csv,60,14.7702,12.265,9.47,2.692,13.8863,12.6041,10.4222,2.1368
ID1068_12_R7.0_W0.3122_Ang80,ID1068_12_R7.0_W0.3122.csv,80,14.7506,14.2703,8.16,2.929,13.5083,14.9462,9.2877,2.1718
ID1069_12_R7.0_W0.35_Ang0,ID1069_12_R7.0_W0.35.csv,0,15.4018,6.6398,16.08,1.697,15.4016,6.6368,16.0898,1.6673
ID1069_12_R7.0_W0.35_Ang20,ID1069_12_R7.0_W0.35.csv,20,15.3181,7.3598,14.67,1.808,15.2537,7.1664,15.191,1.7476
ID1069_12_R7.0_W0.35_Ang40,ID1069_12_R7.0_W0.35.csv,40,15.051,9.7896,11.42,1.766,14.6249,9.4771,12.4962,1.5492
ID1069_12_R7.0_W0.35_Ang60,ID1069_12_R7.0_W0.35.csv,60,14.9737,11.7954,9.58,2.461,13.9828,12.47,10.3892,1.9176
ID1069_12_R7.0_W0.35_Ang80,ID1069_12_R7.0_W0.35.csv,80,14.9045,13.7485,8.29,2.729,13.5994,14.8701,9.2105,1.9941
ID1070_12_R8.0_W0.01_Ang0,ID1070_12_R8.0_W0.01.csv,0,10.8369,16.4403,13.12,12.364,10.8846,16.3562,13.0717,12.2638
ID1070_12_R8.0_W0.01_Ang20,ID1070_12_R8.0_W0.01.csv,20,10.6059,19.9949,11.26,12.869,10.706,19.2256,11.495,12.6342
ID1070_12_R8.0_W0.01_Ang40,ID1070_12_R8.0_W0.01.csv,40,10.6401,23.129,9.67,14.76,10.518,21.1679,10.8168,12.9871
ID1070_12_R8.0_W0.01_Ang60,ID1070_12_R8.0_W0.01.csv,60,10.6573,27.1752,8.21,17.104,10.361,23.5084,10.0373,13.6168
ID1070_12_R8.0_W0.01_Ang80,ID1070_12_R8.0_W0.01.csv,80,10.6559,30.1253,7.41,19.047,10.2562,25.1462,9.5763,13.9892
ID1071_12_R8.0_W0.0533_Ang0,ID1071_12_R8.0_W0.0533.csv,0,11.4531,13.8514,13.94,5.87,11.5455,13.7788,13.7912,5.9252
ID1071_12_R8.0_W0.0533_Ang20,ID1071_12_R8.0_W0.0533.csv,20,11.3267,15.3309,12.88,6.247,11.4439,14.735,13.1262,6.1276
ID1071_12_R8.0_W0.0533_Ang40,ID1071_12_R8.0_W0.0533.csv,40,11.4318,17.4704,11.09,6.988,11.2818,16.1156,12.3492,6.2026
ID1071_12_R8.0_W0.0533_Ang60,ID1071_12_R8.0_W0.0533.csv,60,11.4408,21.113,9.17,8.163,11.03,18.7993,11.075,6.5145
ID1071_12_R8.0_W0.0533_Ang80,ID1071_12_R8.0_W0.0533.csv,80,11.4914,24.4669,7.84,8.966,10.7452,21.1591,10.3685,6.4059
ID1072_12_R8.0_W0.0967_Ang0,ID1072_12_R8.0_W0.0967.csv,0,11.8942,12.2874,14.57,4.12,11.9251,12.2253,14.5698,4.1568
ID1072_12_R8.0_W0.0967_Ang20,ID1072_12_R8.0_W0.0967.csv,20,11.8422,13.7921,13.1,4.426,11.7463,13.3976,13.7028,4.1707
ID1072_12_R8.0_W0.0967_Ang40,ID1072_12_R8.0_W0.0967.csv,40,11.8377,15.7884,11.45,5.128,11.632,14.6386,12.7889,4.5142
ID1072_12_R8.0_W0.0967_Ang60,ID1072_12_R8.0_W0.0967.csv,60,11.85,19.248,9.37,6.033,11.3235,17.4964,11.291,4.7261
ID1072_12_R8.0_W0.0967_Ang80,ID1072_12_R8.0_W0.0967.csv,80,11.8884,22.1946,8.07,6.87,11.0814,19.9093,10.3608,4.8674
ID1073_12_R8.0_W0.14_Ang0,ID1073_12_R8.0_W0.14.csv,0,12.1879,11.2275,15.19,3.473,12.2319,11.1735,15.1516,3.4854
ID1073_12_R8.0_W0.14_Ang20,ID1073_12_R8.0_W0.14.csv,20,12.163,12.8419,13.33,3.326,12.0359,12.5128,13.9744,3.1405
ID1073_12_R8.0_W0.14_Ang40,ID1073_12_R8.0_W0.14.csv,40,12.1375,14.7041,11.69,4.296,11.8894,13.7135,13.0669,3.728
ID1073_12_R8.0_W0.14_Ang60,ID1073_12_R8.0_W0.14.csv,60,12.112,18.0066,9.59,4.917,11.5477,16.7829,11.3184,3.819
ID1073_12_R8.0_W0.14_Ang80,ID1073_12_R8.0_W0.14.csv,80,12.1808,20.8165,8.2,5.518,11.279,19.0953,10.4273,4.0644
ID1074_12_R8.0_W0.1833_Ang0,ID1074_12_R8.0_W0.1833.csv,0,12.4526,10.385,15.73,2.772,12.5078,10.3405,15.6579,2.8098
ID1074_12_R8.0_W0.1833_Ang20,ID1074_12_R8.0_W0.1833.csv,20,12.5188,11.2053,14.42,3.075,12.3641,10.9211,15.1722,2.9363
ID1074_12_R8.0_W0.1833_Ang40,ID1074_12_R8.0_W0.1833.csv,40,12.3954,13.7303,12.01,3.458,12.1341,12.9236,13.312,3.1217
ID1074_12_R8.0_W0.1833_Ang60,ID1074_12_R8.0_W0.1833.csv,60,12.3608,16.9212,9.8,4.115,11.7216,16.1718,11.4,3.2869
ID1074_12_R8.0_W0.1833_Ang80,ID1074_12_R8.0_W0.1833.csv,80,12.4089,19.6765,8.36,4.606,11.4537,18.7492,10.2983,3.3635
ID1075_12_R8.0_W0.2267_Ang0,ID1075_12_R8.0_W0.2267.csv,0,12.7405,9.5876,16.28,2.541,12.716,9.5687,16.3716,2.4758
ID1075_12_R8.0_W0.2267_Ang20,ID1075_12_R8.0_W0.2267.csv,20,12.7722,10.4162,14.91,2.858,12.5987,10.1959,15.6517,2.586
ID1075_12_R8.0_W0.2267_Ang40,ID1075_12_R8.0_W0.2267.csv,40,12.6605,12.8793,12.27,3.201,12.2758,12.2197,13.7556,2.718
ID1075_12_R8.0_W0.2267_Ang60,ID1075_12_R8.0_W0.2267.csv,60,12.605,16.0392,9.94,3.82,11.8424,15.6625,11.5319,2.8863
ID1075_12_R8.0_W0.2267_Ang80,ID1075_12_R8.0_W0.2267.csv,80,12.6244,18.632,8.53,4.216,11.5448,18.2804,10.3964,2.9732
ID1076_12_R8.0_W0.27_Ang0,ID1076_12_R8.0_W0.27.csv,0,12.9568,8.9878,16.79,2.216,12.9063,8.9393,17.0113,2.1551
ID1076_12_R8.0_W0.27_Ang20,ID1076_12_R8.0_W0.27.csv,20,12.9554,9.7879,15.42,2.575,12.8339,9.5777,16.0569,2.3585
ID1076_12_R8.0_W0.27_Ang40,ID1076_12_R8.0_W0.27.csv,40,12.8321,12.1306,12.68,2.818,12.4609,11.7427,13.8921,2.4561
ID1076_12_R8.0_W0.27_Ang60,ID1076_12_R8.0_W0.27.csv,60,12.7754,15.2027,10.21,3.413,11.9806,15.3921,11.4653,2.638
ID1076_12_R8.0_W0.27_Ang80,ID1076_12_R8.0_W0.27.csv,80,12.7955,17.777,8.7,3.989,11.6531,18.0093,10.3576,2.6536
ID1077_12_R8.0_W0.3133_Ang0,ID1077_12_R8.0_W0.3133.csv,0,13.1633,8.4045,17.39,2.133,13.1368,8.3955,17.483,2.1275
ID1077_12_R8.0_W0.3133_Ang20,ID1077_12_R8.0_W0.3133.csv,20,13.2002,9.2207,15.77,2.339,13.0288,9.0329,16.5197,2.1093
ID1077_12_R8.0_W0.3133_Ang40,ID1077_12_R8.0_W0.3133.csv,40,13.0224,11.5484,12.93,2.642,12.6048,11.3019,14.1064,2.2405
ID1077_12_R8.0_W0.3133_Ang60,ID1077_12_R8.0_W0.3133.csv,60,12.9666,14.5942,10.32,3.161,12.0903,15.0955,11.4793,2.4088
ID1077_12_R8.0_W0.3133_Ang80,ID1077_12_R8.0_W0.3133.csv,80,12.9653,16.9666,8.88,3.409,11.7549,17.927,10.2256,2.3326
ID1078_12_R8.0_W0.3567_Ang0,ID1078_12_R8.0_W0.3567.csv,0,13.3743,7.9297,17.86,1.844,13.3489,7.8739,18.0533,1.8176
ID1078_12_R8.0_W0.3567_Ang20,ID1078_12_R8.0_W0.3567.csv,20,13.3875,8.7247,16.2,2.148,13.2082,8.5345,17.0127,1.9116
ID1078_12_R8.0_W0.3567_Ang40,ID1078_12_R8.0_W0.3567.csv,40,13.2022,11.0111,13.2,2.304,12.7883,10.9208,14.1826,2.0291
ID1078_12_R8.0_W0.3567_Ang60,ID1078_12_R8.0_W0.3567.csv,60,13.1448,13.9924,10.48,2.846,12.1961,14.8935,11.4342,2.1853
ID1078_12_R8.0_W0.3567_Ang80,ID1078_12_R8.0_W0.3567.csv,80,13.1162,16.6012,8.87,3.061,11.8492,18.1253,9.9535,2.1196
ID1079_12_R8.0_W0.4_Ang0,ID1079_12_R8.0_W0.4.csv,0,13.5694,7.4979,18.35,1.664,13.5447,7.4708,18.4814,1.6053
ID1079_12_R8.0_W0.4_Ang20,ID1079_12_R8.0_W0.4.csv,20,13.5409,8.3294,16.59,1.823,13.4069,8.148,17.2956,1.7078
ID1079_12_R8.0_W0.4_Ang40,ID1079_12_R8.0_W0.4.csv,40,13.3754,10.523,13.46,2.135,12.8925,10.5796,14.4044,1.8423
ID1079_12_R8.0_W0.4_Ang60,ID1079_12_R8.0_W0.4.csv,60,13.2773,13.5033,10.64,2.611,12.2853,14.8741,11.2834,2.0022
ID1079_12_R8.0_W0.4_Ang80,ID1079_12_R8.0_W0.4.csv,80,13.2576,15.7719,9.14,2.79,11.8922,17.8024,10.061,2.0165
ID1080_12_R9.0_W0.01_Ang0,ID1080_12_R9.0_W0.01.csv,0,9.5649,18.6919,14.81,13.099,9.6187,18.584,14.7323,13.0979
ID1080_12_R9.0_W0.01_Ang20,ID1080_12_R9.0_W0.01.csv,20,9.4777,19.9796,14.11,14.032,9.6577,19.1182,14.2051,13.772
ID1080_12_R9.0_W0.01_Ang40,ID1080_12_R9.0_W0.01.csv,40,9.5127,23.1738,12.08,15.556,9.4914,21.0578,13.3527,13.8711
ID1080_12_R9.0_W0.01_Ang60,ID1080_12_R9.0_W0.01.csv,60,9.5068,27.3578,10.24,17.943,9.3576,23.5861,12.2645,14.4118
ID1080_12_R9.0_W0.01_Ang80,ID1080_12_R9.0_W0.01.csv,80,9.3372,33.6797,8.63,19.695,9.2102,27.8217,10.733,15.0143
ID1081_12_R9.0_W0.0589_Ang0,ID1081_12_R9.0_W0.0589.csv,0,10.1467,15.7168,15.65,5.86,10.2185,15.6199,15.5305,5.8666
ID1081_12_R9.0_W0.0589_Ang20,ID1081_12_R9.0_W0.0589.csv,20,10.1266,16.8564,14.65,6.114,10.1824,16.2403,15.0432,5.9202
ID1081_12_R9.0_W0.0589_Ang40,ID1081_12_R9.0_W0.0589.csv,40,10.0491,20.7168,12.11,6.783,9.9878,18.8173,13.494,5.9798
ID1081_12_R9.0_W0.0589_Ang60,ID1081_12_R9.0_W0.0589.csv,60,10.0794,24.0246,10.38,8.221,9.7984,21.0701,12.5216,6.5334
ID1081_12_R9.0_W0.0589_Ang80,ID1081_12_R9.0_W0.0589.csv,80,10.0223,28.4819,8.85,8.797,9.6255,24.2109,11.2923,6.4934
ID1082_12_R9.0_W0.1078_Ang0,ID1082_12_R9.0_W0.1078.csv,0,10.5307,13.9941,16.32,4.078,10.5532,13.9944,16.2523,4.094
ID1082_12_R9.0_W0.1078_Ang20,ID1082_12_R9.0_W0.1078.csv,20,10.451,16.0722,14.43,4.139,10.446,15.5372,14.9406,3.9687
ID1082_12_R9.0_W0.1078_Ang40,ID1082_12_R9.0_W0.1078.csv,40,10.4409,18.3072,12.69,5.142,10.3441,16.82,14.0744,4.5909
ID1082_12_R9.0_W0.1078_Ang60,ID1082_12_R9.0_W0.1078.csv,60,10.4102,22.3228,10.47,6.08,10.0978,19.8845,12.4931,4.7659
ID1082_12_R9.0_W0.1078_Ang80,ID1082_12_R9.0_W0.1078.csv,80,10.391,25.9689,9.03,6.321,9.8728,22.5869,11.5055,4.5725
ID1083_12_R9.0_W0.1567_Ang0,ID1083_12_R9.0_W0.1567.csv,0,10.762,12.6499,17.29,3.334,10.8648,12.5929,17.04,3.4118
ID1083_12_R9.0_W0.1567_Ang20,ID1083_12_R9.0_W0.1567.csv,20,10.7807,13.9287,15.65,3.613,10.8178,13.428,16.1194,3.5416
ID1083_12_R9.0_W0.1567_Ang40,ID1083_12_R9.0_W0.1567.csv,40,10.6996,17.5346,12.62,3.836,10.5139,16.1209,14.2142,3.3525
ID1083_12_R9.0_W0.1567_Ang60,ID1083_12_R9.0_W0.1567.csv,60,10.6817,20.8461,10.65,4.718,10.2512,18.8858,12.763,3.7066
ID1083_12_R9.0_W0.1567_Ang80,ID1083_12_R9.0_W0.1567.csv,80,10.6926,23.6717,9.36,5.405,10.0732,21.3907,11.6703,3.9619
ID1084_12_R9.0_W0.2056_Ang0,ID1084_12_R9.0_W0.2056.csv,0,11.0089,11.697,17.87,2.941,11.0578,11.6741,17.7453,2.9563
ID1084_12_R9.0_W0.2056_Ang20,ID1084_12_R9.0_W0.2056.csv,20,11.0,13.3993,15.62,2.731,10.9602,12.9641,16.2653,2.6935
ID1084_12_R9.0_W0.2056_Ang40,ID1084_12_R9.0_W0.2056.csv,40,10.9536,15.8307,13.34,3.73,10.7643,14.6989,14.8725,3.4239
ID1084_12_R9.0_W0.2056_Ang60,ID1084_12_R9.0_W0.2056.csv,60,10.8789,20.0909,10.65,3.86,10.3873,18.4392,12.7319,2.9789
ID1084_12_R9.0_W0.2056_Ang80,ID1084_12_R9.0_W0.2056.csv,80,10.8421,22.3967,9.62,4.416,10.2077,20.8885,11.6379,3.2572
ID1085_12_R9.0_W0.2544_Ang0,ID1085_12_R9.0_W0.2544.csv,0,11.3053,10.8106,18.33,2.481,11.2492,10.812,18.5137,2.4646
ID1085_12_R9.0_W0.2544_Ang20,ID1085_12_R9.0_W0.2544.csv,20,11.2182,12.4245,16.2,2.362,11.1849,12.0055,16.8652,2.3006
ID1085_12_R9.0_W0.2544_Ang40,ID1085_12_R9.0_W0.2544.csv,40,11.1778,15.2204,13.32,2.949,10.8775,14.2372,15.0368,2.4469
ID1085_12_R9.0_W0.2544_Ang60,ID1085_12_R9.0_W0.2544.csv,60,11.0771,18.9789,10.88,3.324,10.5494,17.8667,12.7392,2.6345
ID1085_12_R9.0_W0.2544_Ang80,ID1085_12_R9.0_W0.2544.csv,80,11.0506,21.9873,9.43,3.615,10.2969,20.6572,11.5653,2.5774
ID1086_12_R9.0_W0.3033_Ang0,ID1086_12_R9.0_W0.3033.csv,0,11.476,10.1296,18.99,2.278,11.4309,10.0792,19.2333,2.2015
ID1086_12_R9.0_W0.3033_Ang20,ID1086_12_R9.0_W0.3033.csv,20,11.4568,11.4165,16.9,2.317,11.3881,11.0695,17.6446,2.1621
ID1086_12_R9.0_W0.3033_Ang40,ID1086_12_R9.0_W0.3033.csv,40,11.3611,14.1921,13.83,2.715,11.0558,13.425,15.4363,2.3829
ID1086_12_R9.0_W0.3033_Ang60,ID1086_12_R9.0_W0.3033.csv,60,11.2839,17.8793,11.13,3.351,10.6445,17.2731,12.9425,2.5165
ID1086_12_R9.0_W0.3033_Ang80,ID1086_12_R9.0_W0.3033.csv,80,11.2668,20.6019,9.69,4.029,10.3974,20.0929,11.6614,2.6165
ID1087_12_R9.0_W0.3522_Ang0,ID1087_12_R9.0_W0.3522.csv,0,11.6252,9.406,19.93,2.114,11.631,9.3775,19.967,2.1717
ID1087_12_R9.0_W0.3522_Ang20,ID1087_12_R9.0_W0.3522.csv,20,11.6324,10.6555,17.57,2.025,11.5674,10.3608,18.2717,1.9604
ID1087_12_R9.0_W0.3522_Ang40,ID1087_12_R9.0_W0.3522.csv,40,11.5241,13.3895,14.25,2.45,11.2249,12.8192,15.6825,2.1322
ID1087_12_R9.0_W0.3522_Ang60,ID1087_12_R9.0_W0.3522.csv,60,11.4214,17.4621,11.12,2.462,10.7424,17.164,12.7885,1.9074
ID1087_12_R9.0_W0.3522_Ang80,ID1087_12_R9.0_W0.3522.csv,80,11.4425,19.3207,10.01,3.494,10.4435,19.5865,11.8575,2.3502
ID1088_12_R9.0_W0.4011_Ang0,ID1088_12_R9.0_W0.4011.csv,0,11.8218,8.8964,20.37,1.853,11.7776,8.9559,20.3898,1.7545
ID1088_12_R9.0_W0.4011_Ang20,ID1088_12_R9.0_W0.4011.csv,20,11.8001,10.1096,17.99,1.868,11.7477,9.8573,18.62,1.7998
ID1088_12_R9.0_W0.4011_Ang40,ID1088_12_R9.0_W0.4011.csv,40,11.6893,12.7318,14.56,2.258,11.3364,12.3482,15.9619,1.9566
ID1088_12_R9.0_W0.4011_Ang60,ID1088_12_R9.0_W0.4011.csv,60,11.6129,16.4142,11.44,2.925,10.8537,16.6713,12.8977,2.0824
ID1088_12_R9.0_W0.4011_Ang80,ID1088_12_R9.0_W0.4011.csv,80,11.5623,18.855,10.05,2.966,10.5518,19.7737,11.5054,2.1829
ID1089_12_R9.0_W0.45_Ang0,ID1089_12_R9.0_W0.45.csv,0,11.9942,8.4033,20.95,1.723,11.9666,8.4011,21.0552,1.6929
ID1089_12_R9.0_W0.45_Ang20,ID1089_12_R9.0_W0.45.csv,20,11.9477,9.5955,18.49,1.683,11.9107,9.3421,19.1127,1.6585
ID1089_12_R9.0_W0.45_Ang40,ID1089_12_R9.0_W0.45.csv,40,11.8395,12.132,14.89,2.096,11.4569,11.9967,16.0859,1.7132
ID1089_12_R9.0_W0.45_Ang60,ID1089_12_R9.0_W0.45.csv,60,11.7626,15.6852,11.67,2.529,10.9318,16.4798,12.8619,1.8543
ID1089_12_R9.0_W0.45_Ang80,ID1089_12_R9.0_W0.45.csv,80,11.7108,18.1735,10.16,2.75,10.6092,19.7221,11.411,1.902
ID1090_12_R10.0_W0.01_Ang0,ID1090_12_R10.0_W0.01.csv,0,8.5735,20.8731,16.51,13.475,8.6908,20.6046,16.2765,13.5812
ID1090_12_R10.0_W0.01_Ang20,ID1090_12_R10.0_W0.01.csv,20,8.5233,22.2416,15.68,14.201,8.7372,21.0702,15.7479,13.9556
ID1090_12_R10.0_W0.01_Ang40,ID1090_12_R10.0_W0.01.csv,40,8.5193,25.7368,13.56,15.806,8.6408,23.2065,14.6191,14.3727
ID1090_12_R10.0_W0.01_Ang60,ID1090_12_R10.0_W0.01.csv,60,8.4494,31.4289,11.29,18.596,8.4682,27.1745,12.9987,15.3086
ID1090_12_R10.0_W0.01_Ang80,ID1090_12_R10.0_W0.01.csv,80,8.4016,36.4143,9.85,20.261,8.3774,30.2873,11.917,15.6649
ID1091_12_R10.0_W0.0644_Ang0,ID1091_12_R10.0_W0.0644.csv,0,9.1486,17.3121,17.48,5.681,9.2689,17.1466,17.1951,5.7992
ID1091_12_R10.0_W0.0644_Ang20,ID1091_12_R10.0_W0.0644.csv,20,9.1036,18.6596,16.38,6.167,9.2568,17.854,16.5569,6.0575
ID1091_12_R10.0_W0.0644_Ang40,ID1091_12_R10.0_W0.0644.csv,40,9.0881,21.906,14.0,6.982,9.1049,20.0069,15.2723,6.2572
ID1091_12_R10.0_W0.0644_Ang60,ID1091_12_R10.0_W0.0644.csv,60,8.983,27.5939,11.38,7.753,8.8952,24.3804,13.1308,6.2297
ID1091_12_R10.0_W0.0644_Ang80,ID1091_12_R10.0_W0.0644.csv,80,8.9952,31.0242,10.09,8.553,8.7647,27.1537,12.1435,6.392
ID1092_12_R10.0_W0.1189_Ang0,ID1092_12_R10.0_W0.1189.csv,0,9.522,15.234,18.34,4.026,9.5773,15.2051,18.1621,4.0809
ID1092_12_R10.0_W0.1189_Ang20,ID1092_12_R10.0_W0.1189.csv,20,9.4579,16.4924,17.17,4.331,9.573,15.8326,17.458,4.258
ID1092_12_R10.0_W0.1189_Ang40,ID1092_12_R10.0_W0.1189.csv,40,9.4441,19.7113,14.41,4.986,9.3572,18.1914,15.903,4.3224
ID1092_12_R10.0_W0.1189_Ang60,ID1092_12_R10.0_W0.1189.csv,60,9.3496,24.1941,11.98,5.881,9.1495,22.2011,13.6292,4.7099
ID1092_12_R10.0_W0.1189_Ang80,ID1092_12_R10.0_W0.1189.csv,80,9.3967,27.5825,10.4,6.693,8.978,25.1174,12.5114,4.8684
ID1093_12_R10.0_W0.1733_Ang0,ID1093_12_R10.0_W0.1733.csv,0,9.8319,13.9271,18.81,3.289,9.7997,13.9241,18.9431,3.2845
ID1093_12_R10.0_W0.1733_Ang20,ID1093_12_R10.0_W0.1733.csv,20,9.711,15.1532,17.73,3.49,9.8045,14.6337,18.0068,3.3772
ID1093_12_R10.0_W0.1733_Ang40,ID1093_12_R10.0_W0.1733.csv,40,9.718,18.273,14.68,4.114,9.5317,17.0405,16.3613,3.5461
ID1093_12_R10.0_W0.1733_Ang60,ID1093_12_R10.0_W0.1733.csv,60,9.6817,22.3536,12.09,4.786,9.2662,20.9875,14.0564,3.8347
ID1093_12_R10.0_W0.1733_Ang80,ID1093_12_R10.0_W0.1733.csv,80,9.6506,26.3949,10.3,5.274,9.09,24.5638,12.48,3.7953
ID1094_12_R10.0_W0.2278_Ang0,ID1094_12_R10.0_W0.2278.csv,0,10.0283,12.8047,19.67,2.942,10.022,12.7674,19.7527,2.9313
ID1094_12_R10.0_W0.2278_Ang20,ID1094_12_R10.0_W0.2278.csv,20,9.9707,14.0545,18.13,3.02,9.9725,13.5846,18.7492,2.9937
ID1094_12_R10.0_W0.2278_Ang40,ID1094_12_R10.0_W0.2278.csv,40,9.9266,17.1456,14.99,3.51,9.6989,16.0595,16.7675,3.0853
ID1094_12_R10.0_W0.2278_Ang60,ID1094_12_R10.0_W0.2278.csv,60,9.8391,21.4239,12.21,4.033,9.4376,20.5643,13.8294,3.2996
ID1094_12_R10.0_W0.2278_Ang80,ID1094_12_R10.0_W0.2278.csv,80,9.8449,24.4104,10.71,4.464,9.2195,23.6681,12.5909,3.4014
ID1095_12_R10.0_W0.2822_Ang0,ID1095_12_R10.0_W0.2822.csv,0,10.2077,11.939,20.36,2.467,10.2305,11.9067,20.326,2.4878
ID1095_12_R10.0_W0.2822_Ang20,ID1095_12_R10.0_W0.2822.csv,20,10.159,13.0311,18.83,2.737,10.1302,12.5747,19.6294,2.6599
ID1095_12_R10.0_W0.2822_Ang40,ID1095_12_R10.0_W0.2822.csv,40,10.0868,16.0359,15.53,3.107,9.8397,15.1536,17.2649,2.7661
ID1095_12_R10.0_W0.2822_Ang60,ID1095_12_R10.0_W0.2822.csv,60,10.0237,20.286,12.43,3.792,9.5317,19.9294,13.9895,3.0217
ID1095_12_R10.0_W0.2822_Ang80,ID1095_12_R10.0_W0.2822.csv,80,10.0117,23.3762,10.81,4.062,9.3195,23.3674,12.4809,3.0903
ID1096_12_R10.0_W0.3367_Ang0,ID1096_12_R10.0_W0.3367.csv,0,10.4034,11.15,20.99,2.447,10.4258,11.1092,20.9768,2.5082
ID1096_12_R10.0_W0.3367_Ang20,ID1096_12_R10.0_W0.3367.csv,20,10.3483,12.2427,19.32,2.555,10.3062,11.8718,20.0875,2.4297
ID1096_12_R10.0_W0.3367_Ang40,ID1096_12_R10.0_W0.3367.csv,40,10.2877,15.2231,15.72,2.992,9.9703,14.5236,17.5447,2.5049
ID1096_12_R10.0_W0.3367_Ang60,ID1096_12_R10.0_W0.3367.csv,60,10.2111,18.9825,12.8,3.316,9.5884,19.1811,14.364,2.596
ID1096_12_R10.0_W0.3367_Ang80,ID1096_12_R10.0_W0.3367.csv,80,10.1887,21.7789,11.2,3.724,9.3501,22.7034,12.7619,2.7996
ID1097_12_R10.0_W0.3911_Ang0,ID1097_12_R10.0_W0.3911.csv,0,10.6012,10.4517,21.56,2.284,10.609,10.4055,21.6285,2.3251
ID1097_12_R10.0_W0.3911_Ang20,ID1097_12_R10.0_W0.3911.csv,20,10.5231,11.5291,19.84,2.209,10.4813,11.1572,20.6661,2.2054
ID1097_12_R10.0_W0.3911_Ang40,ID1097_12_R10.0_W0.3911.csv,40,10.435,14.398,16.16,2.679,10.14,14.0778,17.4995,2.3477
ID1097_12_R10.0_W0.3911_Ang60,ID1097_12_R10.0_W0.3911.csv,60,10.3655,18.3696,12.83,3.02,9.704,19.186,14.0202,2.2409
ID1097_12_R10.0_W0.3911_Ang80,ID1097_12_R10.0_W0.3911.csv,80,10.3353,20.8088,11.4,3.274,9.4266,22.6576,12.581,2.5085
ID1098_12_R10.0_W0.4456_Ang0,ID1098_12_R10.0_W0.4456.csv,0,10.8331,9.7513,22.13,2.356,10.7436,9.7402,22.5306,2.2023
ID1098_12_R10.0_W0.4456_Ang20,ID1098_12_R10.0_W0.4456.csv,20,10.6777,10.8694,20.44,2.043,10.6007,10.5379,21.3904,2.0065
ID1098_12_R10.0_W0.4456_Ang40,ID1098_12_R10.0_W0.4456.csv,40,10.5863,13.6857,16.52,2.546,10.2134,13.5175,17.9639,2.1947
ID1098_12_R10.0_W0.4456_Ang60,ID1098_12_R10.0_W0.4456.csv,60,10.488,17.269,13.33,2.9,9.7513,18.5196,14.3842,2.3308
ID1098_12_R10.0_W0.4456_Ang80,ID1098_12_R10.0_W0.4456.csv,80,10.4541,19.9178,11.64,2.96,9.471,22.3033,12.6612,2.4114
ID1099_12_R10.0_W0.5_Ang0,ID1099_12_R10.0_W0.5.csv,0,10.9509,9.2969,22.72,1.959,10.9654,9.2211,22.8459,2.0467
ID1099_12_R10.0_W0.5_Ang20,ID1099_12_R10.0_W0.5.csv,20,10.8585,10.4068,20.64,1.898,10.7772,10.0521,21.6954,1.8702
ID1099_12_R10.0_W0.5_Ang40,ID1099_12_R10.0_W0.5.csv,40,10.7464,13.4113,16.35,2.082,10.3579,13.4065,17.611,1.7536
ID1099_12_R10.0_W0.5_Ang60,ID1099_12_R10.0_W0.5.csv,60,10.6219,17.1687,13.08,2.264,9.8774,18.9807,13.6786,1.8609
ID1099_12_R10.0_W0.5_Ang80,ID1099_12_R10.0_W0.5.csv,80,10.5613,19.3133,11.76,2.656,9.535,22.414,12.4304,2.1372
ID1130_13_R4.0_W0.01_Ang0,ID1130_13_R4.0_W0.01.csv,0,14.599,15.2524,7.79,22.786,14.6154,15.2441,7.7789,22.8157
ID1130_13_R4.0_W0.01_Ang20,ID1130_13_R4.0_W0.01.csv,20,14.6116,15.5829,7.61,23.291,14.5522,15.4757,7.7291,22.9317
ID1130_13_R4.0_W0.01_Ang40,ID1130_13_R4.0_W0.01.csv,40,14.3027,17.2338,7.18,24.062,14.3051,16.5678,7.4712,23.0815
ID1130_13_R4.0_W0.01_Ang60,ID1130_13_R4.0_W0.01.csv,60,14.2938,18.2852,6.78,25.401,14.2717,17.1311,7.2594,23.496
ID1130_13_R4.0_W0.01_Ang80,ID1130_13_R4.0_W0.01.csv,80,14.1783,19.5804,6.44,26.527,13.9779,18.2402,7.1076,23.8899
ID1131_13_R4.0_W0.0156_Ang0,ID1131_13_R4.0_W0.0156.csv,0,14.7092,15.1731,7.72,19.122,14.6914,15.1697,7.7363,19.0069
ID1131_13_R4.0_W0.0156_Ang20,ID1131_13_R4.0_W0.0156.csv,20,14.7266,15.4373,7.57,19.552,14.6878,15.2857,7.6814,19.268
ID1131_13_R4.0_W0.0156_Ang40,ID1131_13_R4.0_W0.0156.csv,40,14.7424,16.2587,7.17,20.726,14.6293,15.7129,7.5325,19.5955
ID1131_13_R4.0_W0.0156_Ang60,ID1131_13_R4.0_W0.0156.csv,60,14.7036,17.3123,6.77,22.05,14.6018,16.2569,7.3079,20.1937
ID1131_13_R4.0_W0.0156_Ang80,ID1131_13_R4.0_W0.0156.csv,80,14.6619,18.2225,6.47,22.744,14.4511,16.9307,7.1642,20.2252
ID1132_13_R4.0_W0.0211_Ang0,ID1132_13_R4.0_W0.0211.csv,0,15.1753,14.0957,7.8,16.898,15.134,14.1435,7.8194,16.7726
ID1132_13_R4.0_W0.0211_Ang20,ID1132_13_R4.0_W0.0211.csv,20,15.1674,14.4426,7.62,17.227,15.0993,14.3352,7.7503,16.8551
ID1132_13_R4.0_W0.0211_Ang40,ID1132_13_R4.0_W0.0211.csv,40,15.1754,15.256,7.21,18.129,15.02,14.8051,7.5838,17.0674
ID1132_13_R4.0_W0.0211_Ang60,ID1132_13_R4.0_W0.0211.csv,60,15.1697,16.2439,6.78,19.285,14.985,15.3073,7.3694,17.543
ID1132_13_R4.0_W0.0211_Ang80,ID1132_13_R4.0_W0.0211.csv,80,15.1138,17.1197,6.48,20.046,14.842,15.9571,7.2061,17.6212
ID1133_13_R4.0_W0.0267_Ang0,ID1133_13_R4.0_W0.0267.csv,0,15.5952,13.1815,7.9,15.108,15.5678,13.2136,7.9097,15.0817
ID1133_13_R4.0_W0.0267_Ang20,ID1133_13_R4.0_W0.0267.csv,20,15.6055,13.5005,7.7,15.456,15.5217,13.4196,7.8347,15.0999
ID1133_13_R4.0_W0.0267_Ang40,ID1133_13_R4.0_W0.0267.csv,40,15.5946,14.343,7.26,16.251,15.4396,13.8876,7.6514,15.3198
ID1133_13_R4.0_W0.0267_Ang60,ID1133_13_R4.0_W0.0267.csv,60,15.6019,15.3638,6.77,17.388,15.351,14.4802,7.4232,15.6309
ID1133_13_R4.0_W0.0267_Ang80,ID1133_13_R4.0_W0.0267.csv,80,15.5395,16.1884,6.48,18.393,15.2484,15.0401,7.2434,15.9603
ID1134_13_R4.0_W0.0322_Ang0,ID1134_13_R4.0_W0.0322.csv,0,15.9394,12.6013,7.91,14.023,15.9131,12.6163,7.9287,13.9506
ID1134_13_R4.0_W0.0322_Ang20,ID1134_13_R4.0_W0.0322.csv,20,15.9238,12.9322,7.72,14.295,15.8906,12.7879,7.8444,14.0821
ID1134_13_R4.0_W0.0322_Ang40,ID1134_13_R4.0_W0.0322.csv,40,15.9956,13.5639,7.3,15.012,15.855,13.0937,7.6957,14.1268
ID1134_13_R4.0_W0.0322_Ang60,ID1134_13_R4.0_W0.0322.csv,60,15.9576,14.6838,6.77,16.226,15.684,13.8635,7.4276,14.5739
ID1134_13_R4.0_W0.0322_Ang80,ID1134_13_R4.0_W0.0322.csv,80,15.9607,15.3349,6.48,16.998,15.6441,14.2248,7.276,14.7955
ID1135_13_R4.0_W0.0378_Ang0,ID1135_13_R4.0_W0.0378.csv,0,16.3206,11.9029,7.99,12.945,16.3137,11.9083,7.9925,12.9641
ID1135_13_R4.0_W0.0378_Ang20,ID1135_13_R4.0_W0.0378.csv,20,16.3254,12.2185,7.78,13.237,16.2673,12.0946,7.9144,12.9825
ID1135_13_R4.0_W0.0378_Ang40,ID1135_13_R4.0_W0.0378.csv,40,16.3291,13.0377,7.29,14.17,16.159,12.5951,7.7021,13.2835
ID1135_13_R4.0_W0.0378_Ang60,ID1135_13_R4.0_W0.0378.csv,60,16.3503,13.9941,6.77,15.137,16.0314,13.2086,7.4617,13.5061
ID1135_13_R4.0_W0.0378_Ang80,ID1135_13_R4.0_W0.0378.csv,80,16.3608,14.6064,6.48,15.833,15.9777,13.5587,7.3181,13.7669
ID1136_13_R4.0_W0.0433_Ang0,ID1136_13_R4.0_W0.0433.csv,0,16.7588,11.1823,8.07,12.115,16.7327,11.206,8.0734,12.0815
ID1136_13_R4.0_W0.0433_Ang20,ID1136_13_R4.0_W0.0433.csv,20,16.7467,11.515,7.84,12.417,16.6825,11.3981,7.9852,12.1881
ID1136_13_R4.0_W0.0433_Ang40,ID1136_13_R4.0_W0.0433.csv,40,16.7577,12.3143,7.32,13.253,16.5668,11.8938,7.7596,12.4235
ID1136_13_R4.0_W0.0433_Ang60,ID1136_13_R4.0_W0.0433.csv,60,16.7722,13.276,6.78,14.231,16.4302,12.5339,7.4863,12.6268
ID1136_13_R4.0_W0.0433_Ang80,ID1136_13_R4.0_W0.0433.csv,80,16.7833,13.9499,6.45,14.943,16.3376,12.9469,7.3299,12.7926
ID1137_13_R4.0_W0.0489_Ang0,ID1137_13_R4.0_W0.0489.csv,0,18.0513,9.3544,8.31,12.028,17.987,9.4005,8.3286,12.0207
ID1137_13_R4.0_W0.0489_Ang20,ID1137_13_R4.0_W0.0489.csv,20,17.1405,10.9119,7.9,11.768,17.0906,10.7814,8.0436,11.563
ID1137_13_R4.0_W0.0489_Ang40,ID1137_13_R4.0_W0.0489.csv,40,17.154,11.7193,7.35,12.602,16.9564,11.3006,7.7961,11.7436
ID1137_13_R4.0_W0.0489_Ang60,ID1137_13_R4.0_W0.0489.csv,60,17.161,12.6535,6.8,13.607,16.7998,11.9397,7.5169,12.0041
ID1137_13_R4.0_W0.0489_Ang80,ID1137_13_R4.0_W0.0489.csv,80,17.1803,13.3239,6.44,14.277,16.6819,12.4289,7.3234,12.2012
ID1139_13_R4.0_W0.06_Ang0,ID1139_13_R4.0_W0.06.csv,0,18.9701,7.2348,9.73,9.325,,,,
ID1139_13_R4.0_W0.06_Ang20,ID1139_13_R4.0_W0.06.csv,20,18.0218,6.1398,12.7,6.642,,,,
ID1148_13_R5.0_W0.0678_Ang0,ID1148_13_R5.0_W0.0678.csv,0,13.9354,12.4935,10.44,10.319,13.8965,12.5518,10.4502,10.4187
ID1148_13_R5.0_W0.0678_Ang20,ID1148_13_R5.0_W0.0678.csv,20,13.9391,12.9464,10.07,10.69,13.8828,12.8064,10.2626,10.5108
ID1148_13_R5.0_W0.0678_Ang40,ID1148_13_R5.0_W0.0678.csv,40,13.9424,13.9599,9.33,11.47,13.7928,13.4062,9.9319,10.7559
ID1148_13_R5.0_W0.0678_Ang60,ID1148_13_R5.0_W0.0678.csv,60,13.9358,15.2389,8.56,12.428,13.6487,14.3223,9.494,11.0437
ID1148_13_R5.0_W0.0678_Ang80,ID1148_13_R5.0_W0.0678.csv,80,13.8965,16.3348,8.03,13.157,13.4888,15.1479,9.1906,11.1716
ID1149_13_R5.0_W0.075_Ang0,ID1149_13_R5.0_W0.075.csv,0,14.2746,11.8964,10.45,10.184,14.2657,11.9482,10.4172,10.1446
ID1149_13_R5.0_W0.075_Ang20,ID1149_13_R5.0_W0.075.csv,20,14.2733,12.3093,10.1,10.34,14.1956,12.1685,10.3299,10.0592
ID1149_13_R5.0_W0.075_Ang40,ID1149_13_R5.0_W0.075.csv,40,14.2907,13.2919,9.33,11.016,14.0997,12.8493,9.9161,10.286
ID1149_13_R5.0_W0.075_Ang60,ID1149_13_R5.0_W0.075.csv,60,14.2633,14.5064,8.58,12.068,14.0209,13.577,9.4903,10.6131
ID1149_13_R5.0_W0.075_Ang80,ID1149_13_R5.0_W0.075.csv,80,14.2368,15.6137,8.0,12.75,13.7737,14.5032,9.2061,10.6778
ID1191_13_R10.0_W0.0256_Ang0,ID1191_13_R10.0_W0.0256.csv,0,6.4628,29.0878,20.85,23.732,,,,
ID1191_13_R10.0_W0.0256_Ang20,ID1191_13_R10.0_W0.0256.csv,20,6.511,26.4603,22.58,23.455,,,,
ID1191_13_R10.0_W0.0256_Ang40,ID1191_13_R10.0_W0.0256.csv,40,6.4325,23.9268,25.59,18.237,,,,
ID130_2_R4_W0.01_Ang0,ID130_2_R4_W0.01.csv,0,17.9194,4.5259,17.43,4.663,17.9294,4.5245,17.4154,4.6891
ID130_2_R4_W0.01_Ang20,ID130_2_R4_W0.01.csv,20,17.9422,4.5976,17.11,4.779,18.0334,4.4998,17.3098,4.7431
ID130_2_R4_W0.01_Ang40,ID130_2_R4_W0.01.csv,40,17.9886,4.8007,16.31,5.025,18.3013,4.4467,17.0073,4.8526
ID130_2_R4_W0.01_Ang60,ID130_2_R4_W0.01.csv,60,18.0397,5.0528,15.4,5.31,18.5975,4.414,16.592,5.0035
ID130_2_R4_W0.01_Ang80,ID130_2_R4_W0.01.csv,80,17.9747,5.3265,14.72,5.498,18.8084,4.4946,15.9311,5.1146
ID131_2_R4_W0.0311_Ang0,ID131_2_R4_W0.0311.csv,0,18.1457,3.8033,20.23,2.74,18.1491,3.802,20.2263,2.7389
ID131_2_R4_W0.0311_Ang20,ID131_2_R4_W0.0311.csv,20,18.1526,3.8676,19.88,2.783,18.2776,3.7719,20.1021,2.7485
ID131_2_R4_W0.0311_Ang40,ID131_2_R4_W0.0311.csv,40,18.227,4.021,18.96,2.937,18.5893,3.7108,19.7535,2.8221
ID131_2_R4_W0.0311_Ang60,ID131_2_R4_W0.0311.csv,60,18.2844,4.2284,17.92,3.151,18.9528,3.6624,19.2542,2.9481
ID131_2_R4_W0.0311_Ang80,ID131_2_R4_W0.0311.csv,80,18.1873,4.3742,17.51,3.251,19.1762,3.6671,18.7842,3.0516
ID132_2_R4_W0.0522_Ang0,ID132_2_R4_W0.0522.csv,0,18.2053,3.3208,23.01,2.054,18.2088,3.3212,23.0033,2.059
ID132_2_R4_W0.0522_Ang20,ID132_2_R4_W0.0522.csv,20,18.2297,3.3677,22.63,2.09,18.343,3.2909,22.8765,2.0649
ID132_2_R4_W0.0522_Ang40,ID132_2_R4_W0.0522.csv,40,18.279,3.5075,21.61,2.184,18.7062,3.2232,22.459,2.1249
ID132_2_R4_W0.0522_Ang60,ID132_2_R4_W0.0522.csv,60,18.3323,3.6848,20.45,2.312,19.0926,3.1723,21.9049,2.1748
ID132_2_R4_W0.0522_Ang80,ID132_2_R4_W0.0522.csv,80,18.3726,3.8014,19.74,2.415,19.3412,3.13,21.6338,2.2595
ID133_2_R4_W0.0733_Ang0,ID133_2_R4_W0.0733.csv,0,18.1132,2.9452,26.21,1.611,18.1295,2.9431,26.1856,1.6257
ID133_2_R4_W0.0733_Ang20,ID133_2_R4_W0.0733.csv,20,18.1461,2.9847,25.77,1.652,18.2716,2.9165,26.0153,1.6264
ID133_2_R4_W0.0733_Ang40,ID133_2_R4_W0.0733.csv,40,18.1925,3.1033,24.66,1.739,18.6445,2.8468,25.597,1.6588
ID133_2_R4_W0.0733_Ang60,ID133_2_R4_W0.0733.csv,60,18.2141,3.2599,23.42,1.8,19.1043,2.7786,24.9774,1.7302
ID133_2_R4_W0.0733_Ang80,ID133_2_R4_W0.0733.csv,80,18.2723,3.3539,22.62,1.935,19.3942,2.7416,24.5634,1.795
ID134_2_R4_W0.0944_Ang0,ID134_2_R4_W0.0944.csv,0,17.8283,2.6249,30.36,1.341,17.8129,2.6267,30.3924,1.3216
ID134_2_R4_W0.0944_Ang20,ID134_2_R4_W0.0944.csv,20,17.8456,2.6586,29.92,1.375,17.9892,2.5912,30.208,1.3649
ID134_2_R4_W0.0944_Ang40,ID134_2_R4_W0.0944.csv,40,17.8833,2.7577,28.72,1.435,18.3999,2.5121,29.7833,1.3926
ID134_2_R4_W0.0944_Ang60,ID134_2_R4_W0.0944.csv,60,17.9115,2.8892,27.33,1.481,18.8959,2.4391,29.0854,1.4207
ID134_2_R4_W0.0944_Ang80,ID134_2_R4_W0.0944.csv,80,17.904,3.0026,26.32,1.512,19.226,2.4203,28.3131,1.4573
ID135_2_R4_W0.1156_Ang0,ID135_2_R4_W0.1156.csv,0,17.2164,2.3276,36.72,1.123,17.2293,2.3285,36.6467,1.121
ID135_2_R4_W0.1156_Ang20,ID135_2_R4_W0.1156.csv,20,17.235,2.3563,36.19,1.147,17.3979,2.2949,36.4653,1.1322
ID135_2_R4_W0.1156_Ang40,ID135_2_R4_W0.1156.csv,40,17.2676,2.4358,34.88,1.184,17.8452,2.2102,35.9884,1.153
ID135_2_R4_W0.1156_Ang60,ID135_2_R4_W0.1156.csv,60,17.2812,2.5379,33.42,1.234,18.3751,2.123,35.3366,1.1937
ID135_2_R4_W0.1156_Ang80,ID135_2_R4_W0.1156.csv,80,17.0214,2.5881,33.78,1.222,18.7446,2.0888,34.5131,1.1902
ID136_2_R4_W0.1367_Ang0,ID136_2_R4_W0.1367.csv,0,15.9497,2.0179,49.34,0.918,15.9615,2.0153,49.3347,0.9226
ID136_2_R4_W0.1367_Ang20,ID136_2_R4_W0.1367.csv,20,15.9393,2.0457,48.74,0.934,16.1127,1.9863,49.1197,0.927
ID136_2_R4_W0.1367_Ang40,ID136_2_R4_W0.1367.csv,40,15.9522,2.1,47.4,0.96,16.5909,1.8921,48.6367,0.945
ID136_2_R4_W0.1367_Ang60,ID136_2_R4_W0.1367.csv,60,15.9563,2.1721,45.8,0.992,17.175,1.7915,47.9334,0.9641
ID136_2_R4_W0.1367_Ang80,ID136_2_R4_W0.1367.csv,80,15.7095,2.2104,46.44,0.977,17.5526,1.7462,47.082,0.958
ID140_2_R5_W0.01_Ang0,ID140_2_R5_W0.01.csv,0,14.3654,6.0121,20.42,5.245,14.3574,6.0176,20.4205,5.2303
ID140_2_R5_W0.01_Ang20,ID140_2_R5_W0.01.csv,20,14.3687,6.2039,19.78,5.329,14.4651,6.0797,19.9119,5.2923
ID140_2_R5_W0.01_Ang40,ID140_2_R5_W0.01.csv,40,14.4026,6.4896,18.82,5.616,14.6789,6.0236,19.5162,5.4055
ID140_2_R5_W0.01_Ang60,ID140_2_R5_W0.01.csv,60,14.4141,6.845,17.81,5.972,14.9423,6.0153,18.8603,5.6059
ID140_2_R5_W0.01_Ang80,ID140_2_R5_W0.01.csv,80,14.3961,7.0827,17.26,6.186,15.1199,5.9817,18.5232,5.72
ID141_2_R5_W0.0367_Ang0,ID141_2_R5_W0.0367.csv,0,14.6173,4.9713,23.85,2.814,14.615,4.9711,23.8556,2.8067
ID141_2_R5_W0.0367_Ang20,ID141_2_R5_W0.0367.csv,20,14.6341,5.0494,23.42,2.882,14.7081,4.9332,23.7354,2.8463
ID141_2_R5_W0.0367_Ang40,ID141_2_R5_W0.0367.csv,40,14.665,5.2764,22.32,3.017,14.9721,4.8698,23.204,2.9084
ID141_2_R5_W0.0367_Ang60,ID141_2_R5_W0.0367.csv,60,14.6797,5.5465,21.19,3.2,15.2727,4.803,22.61,3.0026
ID141_2_R5_W0.0367_Ang80,ID141_2_R5_W0.0367.csv,80,14.6823,5.6526,20.79,3.306,15.4927,4.6901,22.5011,3.0316
ID142_2_R5_W0.0633_Ang0,ID142_2_R5_W0.0633.csv,0,14.6946,4.2426,27.65,2.015,14.6977,4.2404,27.6522,2.014
ID142_2_R5_W0.0633_Ang20,ID142_2_R5_W0.0633.csv,20,14.7097,4.3023,27.21,2.068,14.81,4.1929,27.5434,2.0413
ID142_2_R5_W0.0633_Ang40,ID142_2_R5_W0.0633.csv,40,14.7333,4.4834,26.03,2.156,15.1186,4.1168,26.9191,2.0863
ID142_2_R5_W0.0633_Ang60,ID142_2_R5_W0.0633.csv,60,14.7674,4.7292,24.56,2.296,15.449,4.0568,26.1607,2.1639
ID142_2_R5_W0.0633_Ang80,ID142_2_R5_W0.0633.csv,80,14.7654,4.9053,23.69,2.354,15.6734,4.039,25.5292,2.2127
ID143_2_R5_W0.09_Ang0,ID143_2_R5_W0.09.csv,0,14.6154,3.763,31.51,1.586,14.6157,3.7643,31.5002,1.5895
ID143_2_R5_W0.09_Ang20,ID143_2_R5_W0.09.csv,20,14.6253,3.8173,31.02,1.617,14.7398,3.7207,31.3348,1.6127
ID143_2_R5_W0.09_Ang40,ID143_2_R5_W0.09.csv,40,14.6639,3.9622,29.73,1.689,15.0639,3.6268,30.7778,1.6392
ID143_2_R5_W0.09_Ang60,ID143_2_R5_W0.09.csv,60,14.7019,4.1718,28.09,1.795,15.4145,3.548,30.0464,1.7133
ID143_2_R5_W0.09_Ang80,ID143_2_R5_W0.09.csv,80,14.7021,4.3179,27.14,1.855,15.6588,3.5158,29.3834,1.7424
ID1440_16_R5.0_W0.01_Ang0,ID1440_16_R5.0_W0.01.csv,0,15.341,12.0684,8.92,12.634,15.307,12.0934,8.9395,12.6459
ID1440_16_R5.0_W0.01_Ang20,ID1440_16_R5.0_W0.01.csv,20,15.3184,12.6652,8.52,13.076,15.2496,12.4212,8.7691,12.7254
ID1440_16_R5.0_W0.01_Ang40,ID1440_16_R5.0_W0.01.csv,40,15.4305,13.6656,7.78,14.638,15.1824,12.8076,8.5801,13.1815
ID1440_16_R5.0_W0.01_Ang60,ID1440_16_R5.0_W0.01.csv,60,15.1663,16.3894,6.72,16.285,14.9682,14.4866,7.8043,13.6603
ID1440_16_R5.0_W0.01_Ang80,ID1440_16_R5.0_W0.01.csv,80,15.1735,17.5434,6.27,17.631,14.8746,15.9273,7.188,13.4227
ID1441_16_R5.0_W0.02_Ang0,ID1441_16_R5.0_W0.02.csv,0,15.7086,11.3205,9.07,9.632,15.7293,11.2988,9.0613,9.5704
ID1441_16_R5.0_W0.02_Ang20,ID1441_16_R5.0_W0.02.csv,20,15.6832,11.8646,8.68,10.031,15.6864,11.5648,8.9013,9.7525
ID1441_16_R5.0_W0.02_Ang40,ID1441_16_R5.0_W0.02.csv,40,15.7377,13.0875,7.81,11.159,15.5381,12.1976,8.6014,10.0262
ID1441_16_R5.0_W0.02_Ang60,ID1441_16_R5.0_W0.02.csv,60,15.6189,15.2445,6.81,12.515,15.3517,13.473,7.9774,10.4505
ID1441_16_R5.0_W0.02_Ang80,ID1441_16_R5.0_W0.02.csv,80,15.6059,16.4898,6.31,13.573,15.2623,14.1697,7.6743,10.6632
ID1442_16_R5.0_W0.03_Ang0,ID1442_16_R5.0_W0.03.csv,0,16.1282,10.2404,9.51,7.732,,,,
ID1442_16_R5.0_W0.03_Ang20,ID1442_16_R5.0_W0.03.csv,20,16.0744,10.0787,9.73,7.542,,,,
ID1443_16_R5.0_W0.04_Ang0,ID1443_16_R5.0_W0.04.csv,0,16.4324,9.9495,9.43,6.854,16.4271,9.947,9.4368,6.8639
ID1443_16_R5.0_W0.04_Ang20,ID1443_16_R5.0_W0.04.csv,20,16.4025,10.5067,8.96,7.17,16.3473,10.2637,9.2351,6.9546
ID1443_16_R5.0_W0.04_Ang40,ID1443_16_R5.0_W0.04.csv,40,16.4034,11.762,8.0,7.98,16.1944,10.9357,8.8321,7.1338
ID1443_16_R5.0_W0.04_Ang60,ID1443_16_R5.0_W0.04.csv,60,16.3387,13.7857,6.88,9.14,15.9184,12.2221,8.1789,7.4865
ID1443_16_R5.0_W0.04_Ang80,ID1443_16_R5.0_W0.04.csv,80,16.3228,15.1684,6.27,9.894,15.775,13.0274,7.8135,7.7081
ID1444_16_R5.0_W0.05_Ang0,ID1444_16_R5.0_W0.05.csv,0,16.7602,9.2162,9.78,5.93,,,,
ID1444_16_R5.0_W0.05_Ang20,ID1444_16_R5.0_W0.05.csv,20,16.6566,9.3135,9.8,5.78,,,,
ID1444_16_R5.0_W0.05_Ang40,ID1444_16_R5.0_W0.05.csv,40,16.6293,8.6511,10.59,5.283,,,,
ID1444_16_R5.0_W0.05_Ang60,ID1444_16_R5.0_W0.05.csv,60,16.6226,5.0577,18.13,3.047,,,,
ID1445_16_R5.0_W0.06_Ang0,ID1445_16_R5.0_W0.06.csv,0,17.013,8.9945,9.73,5.428,17.0105,8.9925,9.7348,5.4441
ID1445_16_R5.0_W0.06_Ang20,ID1445_16_R5.0_W0.06.csv,20,16.9838,9.5118,9.23,5.669,16.9229,9.2933,9.5175,5.5067
ID1445_16_R5.0_W0.06_Ang40,ID1445_16_R5.0_W0.06.csv,40,16.9731,10.7727,8.16,6.36,16.7146,10.0245,9.0445,5.748
ID1445_16_R5.0_W0.06_Ang60,ID1445_16_R5.0_W0.06.csv,60,16.9015,12.7726,6.94,7.31,16.3845,11.3747,8.2953,5.9468
ID1445_16_R5.0_W0.06_Ang80,ID1445_16_R5.0_W0.06.csv,80,16.9131,13.8911,6.37,7.864,16.2699,12.0558,7.9373,6.1192
ID1446_16_R5.0_W0.07_Ang0,ID1446_16_R5.0_W0.07.csv,0,17.2746,8.596,9.87,4.928,17.2833,8.5859,9.8764,4.9461
ID1446_16_R5.0_W0.07_Ang20,ID1446_16_R5.0_W0.07.csv,20,17.2486,9.1065,9.35,5.191,17.1802,8.8917,9.6516,5.0149
ID1446_16_R5.0_W0.07_Ang40,ID1446_16_R5.0_W0.07.csv,40,17.1777,10.5254,8.16,5.784,16.9266,9.7808,9.0391,5.203
ID1446_16_R5.0_W0.07_Ang60,ID1446_16_R5.0_W0.07.csv,60,17.148,12.2835,7.01,6.696,16.6184,10.9671,8.3632,5.4215
ID1446_16_R5.0_W0.07_Ang80,ID1446_16_R5.0_W0.07.csv,80,17.1552,13.4528,6.4,7.151,16.4588,11.7261,7.9743,5.5998
ID144_2_R5_W0.1167_Ang0,ID144_2_R5_W0.1167.csv,0,14.4241,3.3446,36.4,1.333,14.4267,3.3476,36.3558,1.3298
ID144_2_R5_W0.1167_Ang20,ID144_2_R5_W0.1167.csv,20,14.4515,3.3926,35.75,1.361,14.5603,3.3079,36.1199,1.3378
ID144_2_R5_W0.1167_Ang40,ID144_2_R5_W0.1167.csv,40,14.4706,3.5178,34.39,1.421,14.905,3.2134,35.4822,1.3621
ID144_2_R5_W0.1167_Ang60,ID144_2_R5_W0.1167.csv,60,14.4753,3.6833,32.82,1.475,15.307,3.1116,34.7435,1.4
ID144_2_R5_W0.1167_Ang80,ID144_2_R5_W0.1167.csv,80,14.4864,3.8125,31.66,1.518,15.5662,3.0683,34.0707,1.4299
ID145_2_R5_W0.1433_Ang0,ID145_2_R5_W0.1433.csv,0,13.9526,2.9669,43.86,1.093,13.9476,2.9702,43.8379,1.0908
ID145_2_R5_W0.1433_Ang20,ID145_2_R5_W0.1433.csv,20,13.9599,3.0042,43.27,1.107,14.1013,2.9241,43.5642,1.1063
ID145_2_R5_W0.1433_Ang40,ID145_2_R5_W0.1433.csv,40,13.9859,3.1074,41.67,1.153,14.4706,2.8183,42.9221,1.1299
ID145_2_R5_W0.1433_Ang60,ID145_2_R5_W0.1433.csv,60,13.9943,3.2365,39.96,1.204,14.9143,2.7031,42.1275,1.1512
ID145_2_R5_W0.1433_Ang80,ID145_2_R5_W0.1433.csv,80,13.9997,3.3424,38.67,1.232,15.2298,2.6548,41.1349,1.181
ID146_2_R5_W0.17_Ang0,ID146_2_R5_W0.17.csv,0,12.8818,2.5774,59.22,0.87,12.9051,2.5822,58.9017,0.8713
ID146_2_R5_W0.17_Ang20,ID146_2_R5_W0.17.csv,20,12.8853,2.6038,58.59,0.883,13.0449,2.5308,58.818,0.8804
ID146_2_R5_W0.17_Ang40,ID146_2_R5_W0.17.csv,40,12.8933,2.6776,56.91,0.913,13.4244,2.4113,58.2903,0.8971
ID146_2_R5_W0.17_Ang60,ID146_2_R5_W0.17.csv,60,12.9167,2.774,54.73,0.941,13.923,2.2895,57.0726,0.9111
ID146_2_R5_W0.17_Ang80,ID146_2_R5_W0.17.csv,80,12.902,2.8363,53.65,0.961,14.2497,2.2056,56.5595,0.9278
ID147_2_R5_W0.1967_Ang0,ID147_2_R5_W0.1967.csv,0,4.8977,1.9117,552.36,0.375,4.8928,1.9103,553.8915,0.3738
ID147_2_R5_W0.1967_Ang20,ID147_2_R5_W0.1967.csv,20,4.9044,1.9098,551.43,0.377,4.9798,1.8611,548.8553,0.3778
ID147_2_R5_W0.1967_Ang40,ID147_2_R5_W0.1967.csv,40,4.9601,1.916,537.38,0.383,5.2655,1.7274,528.9025,0.3869
ID147_2_R5_W0.1967_Ang60,ID147_2_R5_W0.1967.csv,60,4.9539,1.9304,534.69,0.384,5.4847,1.5796,533.0774,0.3888
ID147_2_R5_W0.1967_Ang80,ID147_2_R5_W0.1967.csv,80,4.9537,1.9342,533.68,0.384,5.6946,1.4833,526.5837,0.4035
ID150_2_R6_W0.01_Ang0,ID150_2_R6_W0.01.csv,0,12.1459,6.9034,24.87,5.747,12.05,6.9317,25.1666,5.664
ID150_2_R6_W0.01_Ang20,ID150_2_R6_W0.01.csv,20,12.0275,7.7261,22.66,5.746,12.0711,7.5328,23.0776,5.6553
ID150_2_R6_W0.01_Ang40,ID150_2_R6_W0.01.csv,40,12.0133,8.0646,21.76,6.043,12.2936,7.474,22.4247,5.8561
ID150_2_R6_W0.01_Ang60,ID150_2_R6_W0.01.csv,60,11.9813,8.4894,20.79,6.369,12.5286,7.414,21.7661,5.9958
ID150_2_R6_W0.01_Ang80,ID150_2_R6_W0.01.csv,80,11.8277,8.6381,20.96,6.485,12.7936,7.3277,21.1199,6.2487
ID151_2_R6_W0.0422_Ang0,ID151_2_R6_W0.0422.csv,0,12.2811,5.8794,28.56,2.841,12.3197,5.889,28.3395,2.8564
ID151_2_R6_W0.0422_Ang20,ID151_2_R6_W0.0422.csv,20,12.296,5.978,28.03,2.892,12.4162,5.8432,28.1196,2.8994
ID151_2_R6_W0.0422_Ang40,ID151_2_R6_W0.0422.csv,40,12.269,6.443,26.12,3.0,12.5778,5.932,26.992,2.9013
ID151_2_R6_W0.0422_Ang60,ID151_2_R6_W0.0422.csv,60,12.263,6.8016,24.76,3.175,12.8612,5.883,26.0302,3.0035
ID151_2_R6_W0.0422_Ang80,ID151_2_R6_W0.0422.csv,80,12.1836,6.9902,24.41,3.277,13.1255,5.8069,25.3201,3.0994
ID152_2_R6_W0.0744_Ang0,ID152_2_R6_W0.0744.csv,0,12.3672,5.1563,32.12,2.025,12.3619,5.1646,32.0946,2.0166
ID152_2_R6_W0.0744_Ang20,ID152_2_R6_W0.0744.csv,20,12.3694,5.2357,31.62,2.064,12.4627,5.1149,31.8845,2.0449
ID152_2_R6_W0.0744_Ang40,ID152_2_R6_W0.0744.csv,40,12.3852,5.4544,30.28,2.195,12.7007,4.9904,31.4666,2.0938
ID152_2_R6_W0.0744_Ang60,ID152_2_R6_W0.0744.csv,60,12.3765,5.7719,28.65,2.291,13.0316,4.9425,30.1785,2.1583
ID152_2_R6_W0.0744_Ang80,ID152_2_R6_W0.0744.csv,80,12.3564,6.0883,27.25,2.328,13.254,4.9837,28.9327,2.2434
ID153_2_R6_W0.1067_Ang0,ID153_2_R6_W0.1067.csv,0,12.2893,4.5548,36.82,1.59,12.2559,4.5387,37.1549,1.5852
ID153_2_R6_W0.1067_Ang20,ID153_2_R6_W0.1067.csv,20,12.2867,4.6173,36.34,1.633,12.3525,4.4787,37.0664,1.6128
ID153_2_R6_W0.1067_Ang40,ID153_2_R6_W0.1067.csv,40,12.3098,4.8061,34.78,1.706,12.6142,4.3529,36.5712,1.6535
ID153_2_R6_W0.1067_Ang60,ID153_2_R6_W0.1067.csv,60,12.2961,5.0487,33.18,1.795,13.0129,4.2842,34.916,1.7307
ID153_2_R6_W0.1067_Ang80,ID153_2_R6_W0.1067.csv,80,12.2761,5.2333,32.12,1.842,13.2341,4.2419,34.0949,1.7591
ID154_2_R6_W0.1389_Ang0,ID154_2_R6_W0.1389.csv,0,12.0063,4.0211,43.7,1.27,12.0193,4.03,43.5087,1.2744
ID154_2_R6_W0.1389_Ang20,ID154_2_R6_W0.1389.csv,20,12.0557,4.103,42.48,1.303,12.1016,3.9631,43.6434,1.2901
ID154_2_R6_W0.1389_Ang40,ID154_2_R6_W0.1389.csv,40,12.0691,4.2461,40.95,1.374,12.3887,3.8286,43.1065,1.3282
ID154_2_R6_W0.1389_Ang60,ID154_2_R6_W0.1389.csv,60,12.0334,4.4411,39.39,1.417,12.794,3.7339,41.4441,1.3696
ID154_2_R6_W0.1389_Ang80,ID154_2_R6_W0.1389.csv,80,12.024,4.5933,38.14,1.441,13.0802,3.6759,40.276,1.4189
ID155_2_R6_W0.1711_Ang0,ID155_2_R6_W0.1711.csv,0,11.5388,3.5497,53.59,1.06,11.5832,3.5566,53.0825,1.0568
ID155_2_R6_W0.1711_Ang20,ID155_2_R6_W0.1711.csv,20,11.5412,3.5865,53.02,1.077,11.6941,3.4948,53.0008,1.0699
ID155_2_R6_W0.1711_Ang40,ID155_2_R6_W0.1711.csv,40,11.5646,3.7046,51.13,1.125,12.0224,3.3604,52.1519,1.0989
ID155_2_R6_W0.1711_Ang60,ID155_2_R6_W0.1711.csv,60,11.5377,3.8611,49.28,1.157,12.4169,3.2195,51.0299,1.1163
ID155_2_R6_W0.1711_Ang80,ID155_2_R6_W0.1711.csv,80,11.5782,4.0024,47.21,1.195,12.6901,3.1409,50.0794,1.1529
ID156_2_R6_W0.2033_Ang0,ID156_2_R6_W0.2033.csv,0,10.6991,3.109,71.17,0.859,10.6776,3.1025,71.6124,0.8646
ID156_2_R6_W0.2033_Ang20,ID156_2_R6_W0.2033.csv,20,10.682,3.1316,70.89,0.876,10.8145,3.0464,71.0953,0.8704
ID156_2_R6_W0.2033_Ang40,ID156_2_R6_W0.2033.csv,40,10.6905,3.2241,68.74,0.89,11.085,2.8838,71.4833,0.8771
ID156_2_R6_W0.2033_Ang60,ID156_2_R6_W0.2033.csv,60,10.6908,3.3374,66.41,0.917,11.5224,2.7232,70.0604,0.8925
ID156_2_R6_W0.2033_Ang80,ID156_2_R6_W0.2033.csv,80,10.6853,3.4316,64.65,0.946,11.8876,2.6305,68.1421,0.9175
ID157_2_R6_W0.2356_Ang0,ID157_2_R6_W0.2356.csv,0,4.8991,2.3386,451.29,0.421,4.8949,2.3364,452.5033,0.42
ID157_2_R6_W0.2356_Ang20,ID157_2_R6_W0.2356.csv,20,4.855,2.3419,458.88,0.416,4.9431,2.2684,457.0169,0.4198
ID157_2_R6_W0.2356_Ang40,ID157_2_R6_W0.2356.csv,40,4.8717,2.3557,453.05,0.421,5.099,2.1162,460.3848,0.4253
ID157_2_R6_W0.2356_Ang60,ID157_2_R6_W0.2356.csv,60,4.8514,2.3729,453.56,0.42,5.3224,1.9303,463.2307,0.4303
ID157_2_R6_W0.2356_Ang80,ID157_2_R6_W0.2356.csv,80,4.8738,2.3843,447.24,0.429,5.5107,1.8119,460.3448,0.4393
ID160_2_R7_W0.01_Ang0,ID160_2_R7_W0.01.csv,0,10.3801,8.3328,28.21,6.049,10.4096,8.3274,28.0715,6.1019
ID160_2_R7_W0.01_Ang20,ID160_2_R7_W0.01.csv,20,10.3515,8.4578,27.95,6.123,10.4868,8.2389,27.9565,6.1589
ID160_2_R7_W0.01_Ang40,ID160_2_R7_W0.01.csv,40,10.3744,8.8343,26.64,6.504,10.6943,8.2039,26.9973,6.3664
ID160_2_R7_W0.01_Ang60,ID160_2_R7_W0.01.csv,60,10.2823,10.2479,23.38,6.929,10.7908,9.0158,24.1286,6.6069
ID160_2_R7_W0.01_Ang80,ID160_2_R7_W0.01.csv,80,10.3016,10.7796,22.14,7.162,10.8962,9.1566,23.3003,6.7135
ID161_2_R7_W0.0478_Ang0,ID161_2_R7_W0.0478.csv,0,10.5858,6.9982,32.3,2.832,10.5976,7.0163,32.145,2.8363
ID161_2_R7_W0.0478_Ang20,ID161_2_R7_W0.0478.csv,20,10.5966,7.1264,31.65,2.909,10.6916,6.966,31.8103,2.8892
ID161_2_R7_W0.0478_Ang40,ID161_2_R7_W0.0478.csv,40,10.5853,7.4408,30.38,3.028,10.9066,6.8984,30.868,2.962
ID161_2_R7_W0.0478_Ang60,ID161_2_R7_W0.0478.csv,60,10.5346,7.7478,29.46,3.205,11.1741,6.7848,29.9004,3.0911
ID161_2_R7_W0.0478_Ang80,ID161_2_R7_W0.0478.csv,80,10.5897,8.5308,26.48,3.298,11.2597,7.1329,28.0106,3.0819
ID162_2_R7_W0.0856_Ang0,ID162_2_R7_W0.0856.csv,0,10.6398,6.1042,36.66,2.021,10.6747,6.089,36.5079,2.0358
ID162_2_R7_W0.0856_Ang20,ID162_2_R7_W0.0856.csv,20,10.6514,6.1927,36.05,2.061,10.7654,6.0441,36.162,2.0528
ID162_2_R7_W0.0856_Ang40,ID162_2_R7_W0.0856.csv,40,10.6896,6.4621,34.3,2.211,11.0192,5.9562,35.0244,2.1362
ID162_2_R7_W0.0856_Ang60,ID162_2_R7_W0.0856.csv,60,10.6285,6.734,33.3,2.291,11.2899,5.8693,33.859,2.2152
ID162_2_R7_W0.0856_Ang80,ID162_2_R7_W0.0856.csv,80,10.6882,7.3433,30.2,2.307,11.4561,6.0523,31.8891,2.2001
ID163_2_R7_W0.1233_Ang0,ID163_2_R7_W0.1233.csv,0,10.5486,5.3658,42.42,1.561,10.5857,5.3843,41.9831,1.5558
ID163_2_R7_W0.1233_Ang20,ID163_2_R7_W0.1233.csv,20,10.5516,5.436,41.85,1.603,10.6929,5.3333,41.5386,1.5858
ID163_2_R7_W0.1233_Ang40,ID163_2_R7_W0.1233.csv,40,10.5831,5.6671,39.91,1.682,11.0031,5.2559,39.8073,1.6541
ID163_2_R7_W0.1233_Ang60,ID163_2_R7_W0.1233.csv,60,10.6305,6.128,36.58,1.721,11.3194,5.2555,37.6163,1.6868
ID163_2_R7_W0.1233_Ang80,ID163_2_R7_W0.1233.csv,80,10.6622,6.3808,34.92,1.79,11.5052,5.211,36.7218,1.7501
ID164_2_R7_W0.1611_Ang0,ID164_2_R7_W0.1611.csv,0,10.3125,4.739,50.26,1.25,10.3524,4.758,49.675,1.2483
ID164_2_R7_W0.1611_Ang20,ID164_2_R7_W0.1611.csv,20,10.3162,4.7987,49.6,1.277,10.4532,4.6953,49.3721,1.2692
ID164_2_R7_W0.1611_Ang40,ID164_2_R7_W0.1611.csv,40,10.3703,4.9895,47.21,1.359,10.8576,4.6306,46.402,1.3439
ID164_2_R7_W0.1611_Ang60,ID164_2_R7_W0.1611.csv,60,10.4247,5.3218,43.8,1.377,11.2407,4.5983,43.5972,1.3678
ID164_2_R7_W0.1611_Ang80,ID164_2_R7_W0.1611.csv,80,10.4387,5.5337,42.01,1.413,11.4484,4.5482,42.4925,1.4082
ID165_2_R7_W0.1989_Ang0,ID165_2_R7_W0.1989.csv,0,9.8863,4.1861,61.91,1.008,9.8801,4.1779,62.1097,1.0112
ID165_2_R7_W0.1989_Ang20,ID165_2_R7_W0.1989.csv,20,9.9029,4.2309,61.05,1.022,9.9025,4.0737,63.4104,1.0053
ID165_2_R7_W0.1989_Ang40,ID165_2_R7_W0.1989.csv,40,9.8615,4.3315,60.13,1.08,10.5509,4.0638,55.9933,1.075
ID165_2_R7_W0.1989_Ang60,ID165_2_R7_W0.1989.csv,60,9.8369,4.5666,57.32,1.104,10.9962,3.9917,52.4811,1.1179
ID165_2_R7_W0.1989_Ang80,ID165_2_R7_W0.1989.csv,80,9.8141,4.6991,55.97,1.124,11.2375,3.9136,51.2536,1.1719
ID166_2_R7_W0.2367_Ang0,ID166_2_R7_W0.2367.csv,0,8.9231,3.5806,88.85,0.804,9.0289,3.6072,86.1396,0.8104
ID166_2_R7_W0.2367_Ang20,ID166_2_R7_W0.2367.csv,20,8.9041,3.6067,88.58,0.814,9.2323,3.5606,83.4632,0.818
ID166_2_R7_W0.2367_Ang40,ID166_2_R7_W0.2367.csv,40,8.9652,3.705,85.06,0.856,9.8572,3.4756,75.0078,0.8745
ID166_2_R7_W0.2367_Ang60,ID166_2_R7_W0.2367.csv,60,8.9798,3.8872,80.81,0.864,10.3802,3.3698,69.7635,0.8929
ID166_2_R7_W0.2367_Ang80,ID166_2_R7_W0.2367.csv,80,9.025,4.0507,76.78,0.856,10.6375,3.3256,67.3112,0.8893
ID167_2_R7_W0.2744_Ang0,ID167_2_R7_W0.2744.csv,0,4.7039,2.7736,412.75,0.442,4.7028,2.7742,412.8359,0.4393
ID167_2_R7_W0.2744_Ang20,ID167_2_R7_W0.2744.csv,20,4.685,2.7828,414.7,0.437,4.7581,2.7116,412.6205,0.437
ID167_2_R7_W0.2744_Ang40,ID167_2_R7_W0.2744.csv,40,4.6438,2.7811,422.35,0.446,5.0729,2.523,390.117,0.4468
ID167_2_R7_W0.2744_Ang60,ID167_2_R7_W0.2744.csv,60,4.6119,2.8196,422.36,0.446,5.4077,2.2832,379.3817,0.4892
ID167_2_R7_W0.2744_Ang80,ID167_2_R7_W0.2744.csv,80,4.7095,2.8804,396.5,0.446,5.8287,2.1671,344.0427,0.5086
ID170_2_R8_W0.01_Ang0,ID170_2_R8_W0.01.csv,0,9.0766,9.6382,31.9,6.252,9.111,9.6564,31.6003,6.3002
ID170_2_R8_W0.01_Ang20,ID170_2_R8_W0.01.csv,20,9.0506,11.2137,27.58,6.566,9.1299,10.9933,27.6426,6.5124
ID170_2_R8_W0.01_Ang40,ID170_2_R8_W0.01.csv,40,9.0032,11.3283,27.59,6.868,9.2972,10.5026,27.9023,6.7436
ID170_2_R8_W0.01_Ang60,ID170_2_R8_W0.01.csv,60,9.0286,11.9878,25.92,7.29,9.4441,10.481,27.0971,6.9344
ID170_2_R8_W0.01_Ang80,ID170_2_R8_W0.01.csv,80,9.0095,12.4431,25.08,7.523,9.5843,10.4837,26.3027,7.0607
ID171_2_R8_W0.0533_Ang0,ID171_2_R8_W0.0533.csv,0,9.3246,8.1176,35.89,2.831,9.3419,8.1011,35.8287,2.8495
ID171_2_R8_W0.0533_Ang20,ID171_2_R8_W0.0533.csv,20,9.3108,8.1964,35.65,2.911,9.4239,8.0423,35.4651,2.8937
ID171_2_R8_W0.0533_Ang40,ID171_2_R8_W0.0533.csv,40,9.2985,8.8591,33.07,3.014,9.596,8.1917,33.5802,2.9275
ID171_2_R8_W0.0533_Ang60,ID171_2_R8_W0.0533.csv,60,9.3149,9.5368,30.61,3.199,9.7702,8.2655,32.1046,3.0535
ID171_2_R8_W0.0533_Ang80,ID171_2_R8_W0.0533.csv,80,9.3376,9.9577,29.17,3.359,9.8909,8.2644,31.3295,3.1266
ID172_2_R8_W0.0967_Ang0,ID172_2_R8_W0.0967.csv,0,9.3996,7.038,40.74,2.017,9.3797,7.0391,40.9022,2.0105
ID172_2_R8_W0.0967_Ang20,ID172_2_R8_W0.0967.csv,20,9.3853,7.1256,40.36,2.06,9.5229,7.011,39.8403,2.0738
ID172_2_R8_W0.0967_Ang40,ID172_2_R8_W0.0967.csv,40,9.4128,7.8348,36.49,2.061,9.702,7.2178,37.2829,2.0294
ID172_2_R8_W0.0967_Ang60,ID172_2_R8_W0.0967.csv,60,9.4261,8.2836,34.42,2.197,9.9069,7.1356,36.1689,2.1043
ID172_2_R8_W0.0967_Ang80,ID172_2_R8_W0.0967.csv,80,9.4113,8.508,33.61,2.284,10.0542,7.0505,35.541,2.1931
ID173_2_R8_W0.14_Ang0,ID173_2_R8_W0.14.csv,0,9.3579,6.2081,46.59,1.588,9.3329,6.2247,46.7183,1.551
ID173_2_R8_W0.14_Ang20,ID173_2_R8_W0.14.csv,20,9.3162,6.2454,46.73,1.614,9.4656,6.1501,45.9687,1.5878
ID173_2_R8_W0.14_Ang40,ID173_2_R8_W0.14.csv,40,9.3877,6.7797,42.39,1.613,9.7266,6.2343,42.9463,1.5939
ID173_2_R8_W0.14_Ang60,ID173_2_R8_W0.14.csv,60,9.4403,7.3289,38.78,1.659,9.928,6.2524,41.1022,1.5802
ID173_2_R8_W0.14_Ang80,ID173_2_R8_W0.14.csv,80,9.4462,7.6111,37.3,1.719,10.0767,6.2184,40.1168,1.617
ID174_2_R8_W0.1833_Ang0,ID174_2_R8_W0.1833.csv,0,9.1416,5.5031,55.08,1.233,9.1889,5.4951,54.5927,1.2702
ID174_2_R8_W0.1833_Ang20,ID174_2_R8_W0.1833.csv,20,9.1594,5.546,54.44,1.299,9.3473,5.4641,53.0582,1.3004
ID174_2_R8_W0.1833_Ang40,ID174_2_R8_W0.1833.csv,40,9.1774,5.9011,50.96,1.302,9.6351,5.4482,50.0814,1.3259
ID174_2_R8_W0.1833_Ang60,ID174_2_R8_W0.1833.csv,60,9.3176,6.4329,45.35,1.315,9.851,5.4169,48.1875,1.2598
ID174_2_R8_W0.1833_Ang80,ID174_2_R8_W0.1833.csv,80,9.3086,6.5896,44.36,1.389,9.9593,5.2098,49.018,1.3231
ID175_2_R8_W0.2267_Ang0,ID175_2_R8_W0.2267.csv,0,8.8299,4.848,67.01,1.04,8.8534,4.8573,66.5312,1.0465
ID175_2_R8_W0.2267_Ang20,ID175_2_R8_W0.2267.csv,20,8.8633,5.0004,64.48,1.02,9.1042,4.9503,61.7341,1.0292
ID175_2_R8_W0.2267_Ang40,ID175_2_R8_W0.2267.csv,40,8.8898,5.2423,61.14,1.023,9.405,4.8255,59.3445,1.0354
ID175_2_R8_W0.2267_Ang60,ID175_2_R8_W0.2267.csv,60,8.9874,5.5346,56.66,1.086,9.6214,4.6339,59.0488,1.0558
ID175_2_R8_W0.2267_Ang80,ID175_2_R8_W0.2267.csv,80,8.9228,5.6242,56.57,1.147,9.6843,4.3921,61.4932,1.0895
ID176_2_R8_W0.27_Ang0,ID176_2_R8_W0.27.csv,0,8.1199,4.1833,91.84,0.831,8.1666,4.1993,90.4456,0.8354
ID176_2_R8_W0.27_Ang20,ID176_2_R8_W0.27.csv,20,8.1508,4.2747,89.19,0.822,8.522,4.2678,81.7239,0.8334
ID176_2_R8_W0.27_Ang40,ID176_2_R8_W0.27.csv,40,8.268,4.5065,82.22,0.833,8.8765,4.1052,78.3126,0.8576
ID176_2_R8_W0.27_Ang60,ID176_2_R8_W0.27.csv,60,8.2061,4.5422,82.81,0.897,8.8282,3.6778,88.3701,0.8925
ID176_2_R8_W0.27_Ang80,ID176_2_R8_W0.27.csv,80,8.1472,4.6366,82.3,0.914,9.0466,3.526,87.7785,0.9096
ID177_2_R8_W0.3133_Ang0,ID177_2_R8_W0.3133.csv,0,4.7046,3.2796,348.96,0.445,4.7365,3.291,343.0801,0.4451
ID177_2_R8_W0.3133_Ang20,ID177_2_R8_W0.3133.csv,20,4.6708,3.3195,349.77,0.434,5.0487,3.2511,305.671,0.4446
ID177_2_R8_W0.3133_Ang40,ID177_2_R8_W0.3133.csv,40,4.5258,3.293,375.54,0.452,4.8449,2.9195,369.6277,0.4753
ID177_2_R8_W0.3133_Ang60,ID177_2_R8_W0.3133.csv,60,4.4695,3.3151,382.5,0.459,5.0647,2.6652,370.5173,0.4847
ID177_2_R8_W0.3133_Ang80,ID177_2_R8_W0.3133.csv,80,4.4941,3.3507,374.3,0.461,5.2749,2.5115,362.4753,0.4901
ID180_2_R9_W0.01_Ang0,ID180_2_R9_W0.01.csv,0,8.076,11.1641,34.79,6.54,8.0672,11.1842,34.8006,6.5361
ID180_2_R9_W0.01_Ang20,ID180_2_R9_W0.01.csv,20,8.0511,12.1819,32.08,6.825,8.1353,11.8162,32.3902,6.7358
ID180_2_R9_W0.01_Ang40,ID180_2_R9_W0.01.csv,40,8.1033,11.8369,32.59,7.109,8.2892,11.0406,33.3902,6.8282
ID180_2_R9_W0.01_Ang60,ID180_2_R9_W0.01.csv,60,8.0976,12.5974,30.67,7.491,8.4121,10.9674,32.6387,6.9868
ID180_2_R9_W0.01_Ang80,ID180_2_R9_W0.01.csv,80,8.0983,13.0865,29.51,7.833,8.5139,11.0022,31.7618,7.1608
ID181_2_R9_W0.0589_Ang0,ID181_2_R9_W0.0589.csv,0,8.3197,9.183,39.85,2.854,8.3331,9.1838,39.7192,2.8715
ID181_2_R9_W0.0589_Ang20,ID181_2_R9_W0.0589.csv,20,8.328,9.4181,38.78,2.929,8.3911,9.0659,39.6819,2.8751
ID181_2_R9_W0.0589_Ang40,ID181_2_R9_W0.0589.csv,40,8.3584,9.8288,36.89,3.113,8.5172,9.0147,38.734,2.9746
ID181_2_R9_W0.0589_Ang60,ID181_2_R9_W0.0589.csv,60,8.3196,10.4097,35.16,3.26,8.7432,8.8916,37.2663,3.0885
ID181_2_R9_W0.0589_Ang80,ID181_2_R9_W0.0589.csv,80,8.3578,10.8187,33.52,3.453,8.8368,8.93,36.3246,3.1772
ID182_2_R9_W0.1078_Ang0,ID182_2_R9_W0.1078.csv,0,8.4323,8.1769,43.57,1.999,8.414,8.1643,43.8243,1.9802
ID182_2_R9_W0.1078_Ang20,ID182_2_R9_W0.1078.csv,20,8.4378,8.3407,42.66,2.043,8.4871,8.0951,43.4412,2.032
ID182_2_R9_W0.1078_Ang40,ID182_2_R9_W0.1078.csv,40,8.4115,8.504,42.1,2.177,8.6223,7.803,43.6648,2.1063
ID182_2_R9_W0.1078_Ang60,ID182_2_R9_W0.1078.csv,60,8.4549,9.0354,39.22,2.351,8.815,7.6565,42.5756,2.1874
ID182_2_R9_W0.1078_Ang80,ID182_2_R9_W0.1078.csv,80,8.4515,9.3881,37.77,2.413,8.9431,7.6437,41.4342,2.218
ID183_2_R9_W0.1567_Ang0,ID183_2_R9_W0.1567.csv,0,8.4176,7.3064,48.93,1.503,8.4196,7.3024,48.9316,1.4966
ID183_2_R9_W0.1567_Ang20,ID183_2_R9_W0.1567.csv,20,8.4029,7.4551,48.12,1.526,8.487,7.2504,48.5028,1.5393
ID183_2_R9_W0.1567_Ang40,ID183_2_R9_W0.1567.csv,40,8.3747,7.4541,48.45,1.688,8.6342,6.8155,49.8543,1.6573
ID183_2_R9_W0.1567_Ang60,ID183_2_R9_W0.1567.csv,60,8.386,7.8964,45.61,1.775,8.8666,6.6676,48.3233,1.7275
ID183_2_R9_W0.1567_Ang80,ID183_2_R9_W0.1567.csv,80,8.3925,8.2041,43.84,1.824,8.9857,6.5928,47.5852,1.7472
ID184_2_R9_W0.2056_Ang0,ID184_2_R9_W0.2056.csv,0,8.3091,6.4971,56.47,1.204,8.3023,6.4982,56.5525,1.1968
ID184_2_R9_W0.2056_Ang20,ID184_2_R9_W0.2056.csv,20,8.2903,6.5499,56.27,1.235,8.388,6.3314,56.862,1.2544
ID184_2_R9_W0.2056_Ang40,ID184_2_R9_W0.2056.csv,40,8.2173,6.5712,57.09,1.342,8.54,6.0189,57.7047,1.3414
ID184_2_R9_W0.2056_Ang60,ID184_2_R9_W0.2056.csv,60,8.305,7.0265,52.27,1.429,8.7724,5.8508,56.2586,1.4087
ID184_2_R9_W0.2056_Ang80,ID184_2_R9_W0.2056.csv,80,8.3422,7.4675,48.74,1.439,8.9561,5.9402,53.1615,1.3812
ID190_2_R10_W0.01_Ang0,ID190_2_R10_W0.01.csv,0,7.2637,13.7237,34.98,7.031,7.2969,13.77,34.5483,7.0314
ID190_2_R10_W0.01_Ang20,ID190_2_R10_W0.01.csv,20,7.2839,13.9045,34.34,7.164,7.3055,13.6146,34.861,7.0747
ID190_2_R10_W0.01_Ang40,ID190_2_R10_W0.01.csv,40,7.3048,14.0117,33.88,7.651,7.4581,12.9334,35.2104,7.3226
ID190_2_R10_W0.01_Ang60,ID190_2_R10_W0.01.csv,60,7.2782,14.8949,32.1,8.094,7.5999,12.9172,33.951,7.6409
ID190_2_R10_W0.01_Ang80,ID190_2_R10_W0.01.csv,80,7.3012,14.3473,33.12,8.133,7.6594,12.0214,35.9166,7.5829
ID191_2_R10_W0.0644_Ang0,ID191_2_R10_W0.0644.csv,0,7.5377,10.6502,41.86,2.917,7.5172,10.6529,42.0782,2.9105
ID191_2_R10_W0.0644_Ang20,ID191_2_R10_W0.0644.csv,20,7.5454,10.9976,40.46,2.913,7.5522,10.7182,41.435,2.8466
ID191_2_R10_W0.0644_Ang40,ID191_2_R10_W0.0644.csv,40,7.529,10.9947,40.64,3.119,7.6805,10.0131,42.8837,2.9954
ID191_2_R10_W0.0644_Ang60,ID191_2_R10_W0.0644.csv,60,7.5312,11.6574,38.31,3.321,7.8593,9.9387,41.2611,3.1068
ID191_2_R10_W0.0644_Ang80,ID191_2_R10_W0.0644.csv,80,7.5331,12.1419,36.76,3.468,7.9627,9.9884,39.9964,3.1795
ID192_2_R10_W0.1189_Ang0,ID192_2_R10_W0.1189.csv,0,7.6063,9.1394,47.9,1.965,7.6007,9.129,48.0297,1.9635
ID192_2_R10_W0.1189_Ang20,ID192_2_R10_W0.1189.csv,20,7.6353,9.3814,46.31,1.997,7.6205,9.1223,47.8163,1.9425
ID192_2_R10_W0.1189_Ang40,ID192_2_R10_W0.1189.csv,40,7.6098,9.4973,46.06,2.182,7.7788,8.6237,48.5429,2.1031
ID192_2_R10_W0.1189_Ang60,ID192_2_R10_W0.1189.csv,60,7.6294,10.0439,43.33,2.317,7.9428,8.4928,47.2756,2.1662
ID192_2_R10_W0.1189_Ang80,ID192_2_R10_W0.1189.csv,80,7.6268,10.4467,41.68,2.491,8.0735,8.4711,45.8752,2.2188
ID193_2_R10_W0.1733_Ang0,ID193_2_R10_W0.1733.csv,0,7.5947,8.0119,54.81,1.545,7.6018,8.0331,54.5667,1.5326
ID193_2_R10_W0.1733_Ang20,ID193_2_R10_W0.1733.csv,20,7.6116,8.149,53.65,1.541,7.6011,7.8464,55.8744,1.5286
ID193_2_R10_W0.1733_Ang40,ID193_2_R10_W0.1733.csv,40,7.5637,8.3377,53.1,1.666,7.7647,7.5122,55.927,1.6503
ID193_2_R10_W0.1733_Ang60,ID193_2_R10_W0.1733.csv,60,7.6555,9.0261,47.88,1.756,7.99,7.5949,52.2429,1.6534
ID193_2_R10_W0.1733_Ang80,ID193_2_R10_W0.1733.csv,80,7.5868,9.1448,48.12,1.83,8.0967,7.2848,53.0407,1.7606
ID194_2_R10_W0.2278_Ang0,ID194_2_R10_W0.2278.csv,0,7.5186,7.2751,61.59,1.183,7.5128,7.262,61.798,1.1818
ID194_2_R10_W0.2278_Ang20,ID194_2_R10_W0.2278.csv,20,7.5248,7.2772,61.47,1.268,7.392,6.8786,67.3937,1.217
ID194_2_R10_W0.2278_Ang40,ID194_2_R10_W0.2278.csv,40,7.4952,7.3963,60.96,1.362,7.5656,6.4977,68.1079,1.2932
ID194_2_R10_W0.2278_Ang60,ID194_2_R10_W0.2278.csv,60,7.5561,7.9915,55.52,1.432,7.8502,6.5385,62.8631,1.3136
ID194_2_R10_W0.2278_Ang80,ID194_2_R10_W0.2278.csv,80,7.5524,8.3006,53.5,1.466,8.0122,6.4725,60.9627,1.3626
ID195_2_R10_W0.2822_Ang0,ID195_2_R10_W0.2822.csv,0,7.3418,6.5127,72.16,0.917,7.3357,6.5116,72.2879,0.9183
ID195_2_R10_W0.2822_Ang20,ID195_2_R10_W0.2822.csv,20,7.3274,6.4196,73.49,1.037,7.1095,5.9895,83.6692,1.0071
ID195_2_R10_W0.2822_Ang40,ID195_2_R10_W0.2822.csv,40,7.3362,6.6682,70.58,1.097,7.429,5.8688,78.2046,1.0198
ID195_2_R10_W0.2822_Ang60,ID195_2_R10_W0.2822.csv,60,7.3549,7.0206,66.7,1.147,7.669,5.6012,76.8921,1.0786
ID195_2_R10_W0.2822_Ang80,ID195_2_R10_W0.2822.csv,80,7.3574,7.2584,64.47,1.193,7.8026,5.4741,76.0071,1.0803
ID196_2_R10_W0.3367_Ang0,ID196_2_R10_W0.3367.csv,0,6.8086,5.5208,98.98,0.773,6.843,5.5529,97.4159,0.7821
ID196_2_R10_W0.3367_Ang20,ID196_2_R10_W0.3367.csv,20,6.8582,5.6202,95.82,0.792,6.5255,5.2145,114.0768,0.7632
ID196_2_R10_W0.3367_Ang40,ID196_2_R10_W0.3367.csv,40,6.7995,5.6795,96.47,0.861,6.8621,4.936,108.9801,0.8274
ID196_2_R10_W0.3367_Ang60,ID196_2_R10_W0.3367.csv,60,6.8812,6.0339,88.66,0.862,7.224,4.7616,101.9378,0.8314
ID196_2_R10_W0.3367_Ang80,ID196_2_R10_W0.3367.csv,80,6.8379,6.1126,88.63,0.922,7.2994,4.4764,106.2036,0.8751
ID197_2_R10_W0.3911_Ang0,ID197_2_R10_W0.3911.csv,0,3.8407,4.04,425.05,0.488,3.8153,4.0452,430.1728,0.4918
ID197_2_R10_W0.3911_Ang20,ID197_2_R10_W0.3911.csv,20,3.8397,4.068,422.35,0.503,3.7697,3.9192,454.7977,0.4859
ID197_2_R10_W0.3911_Ang40,ID197_2_R10_W0.3911.csv,40,3.8453,4.103,417.51,0.413,4.0216,3.6384,430.4506,0.5966
ID197_2_R10_W0.3911_Ang60,ID197_2_R10_W0.3911.csv,60,3.8505,4.155,411.18,0.523,4.219,3.3423,425.7676,0.5162
ID197_2_R10_W0.3911_Ang80,ID197_2_R10_W0.3911.csv,80,3.859,4.1942,405.54,0.523,4.3874,3.128,420.6931,0.5292
ID20_1_R3_W0.01_Ang0,ID20_1_R3_W0.01.csv,0,17.4674,1.8991,43.72,1.669,17.4747,1.8996,43.6671,1.6718
ID20_1_R3_W0.01_Ang20,ID20_1_R3_W0.01.csv,20,17.6263,1.9485,41.84,1.809,17.7007,1.8589,43.4901,1.6891
ID20_1_R3_W0.01_Ang40,ID20_1_R3_W0.01.csv,40,18.0332,2.0985,37.12,2.211,18.3181,1.7667,42.7295,1.7346
ID20_1_R3_W0.01_Ang60,ID20_1_R3_W0.01.csv,60,18.5079,2.3207,31.86,2.791,19.0667,1.6722,41.6682,1.7898
ID20_1_R3_W0.01_Ang80,ID20_1_R3_W0.01.csv,80,18.8103,2.5006,28.63,3.27,19.5734,1.614,40.9632,1.8531
ID220_3_R3_W0.01_Ang20,ID220_3_R3_W0.01.csv,20,18.4138,2.7483,27.18,3.572,18.4505,2.6739,27.8277,3.4675
ID220_3_R3_W0.01_Ang40,ID220_3_R3_W0.01.csv,40,18.4374,2.0722,35.96,2.725,18.6842,4.0616,17.8644,5.4086
ID221_3_R3_W0.0189_Ang0,ID221_3_R3_W0.0189.csv,0,18.7329,2.3817,30.31,2.715,18.7305,2.3816,30.3163,2.719
ID221_3_R3_W0.0189_Ang20,ID221_3_R3_W0.0189.csv,20,18.7554,2.4444,29.46,2.812,18.777,2.3761,30.2358,2.7317
ID221_3_R3_W0.0189_Ang40,ID221_3_R3_W0.0189.csv,40,18.6723,2.6798,27.11,2.979,18.8414,2.4179,29.5106,2.7183
ID221_3_R3_W0.0189_Ang60,ID221_3_R3_W0.0189.csv,60,18.6903,2.8961,25.04,3.237,18.9708,2.4054,29.2602,2.7354
ID221_3_R3_W0.0189_Ang80,ID221_3_R3_W0.0189.csv,80,18.6995,3.0526,23.73,3.436,19.0539,2.3973,29.1037,2.7693
ID222_3_R3_W0.0278_Ang0,ID222_3_R3_W0.0278.csv,0,18.9343,2.1924,32.23,2.253,18.9264,2.1918,32.263,2.2562
ID222_3_R3_W0.0278_Ang20,ID222_3_R3_W0.0278.csv,20,18.9414,2.2514,31.36,2.319,18.9892,2.188,32.106,2.2447
ID222_3_R3_W0.0278_Ang40,ID222_3_R3_W0.0278.csv,40,18.9386,2.4249,29.12,2.486,19.1219,2.1766,31.8271,2.2511
ID222_3_R3_W0.0278_Ang60,ID222_3_R3_W0.0278.csv,60,18.9029,2.6688,26.56,2.684,19.2115,2.208,31.0824,2.2592
ID222_3_R3_W0.0278_Ang80,ID222_3_R3_W0.0278.csv,80,18.9249,2.8144,25.13,2.859,19.2936,2.1927,31.0345,2.2771
ID223_3_R3_W0.0367_Ang0,ID223_3_R3_W0.0367.csv,0,19.0269,2.0488,34.15,1.941,19.0344,2.0484,34.1302,1.9254
ID223_3_R3_W0.0367_Ang20,ID223_3_R3_W0.0367.csv,20,19.0415,2.1027,33.22,2.007,19.0877,2.04,34.0798,1.9387
ID223_3_R3_W0.0367_Ang40,ID223_3_R3_W0.0367.csv,40,19.0699,2.2511,30.94,2.165,19.2405,2.0242,33.8028,1.9434
ID223_3_R3_W0.0367_Ang60,ID223_3_R3_W0.0367.csv,60,19.0382,2.4815,28.16,2.341,19.3813,2.0419,33.0251,1.967
ID223_3_R3_W0.0367_Ang80,ID223_3_R3_W0.0367.csv,80,19.0562,2.6115,26.71,2.485,19.4799,2.0246,32.9709,1.9899
ID224_3_R3_W0.0456_Ang0,ID224_3_R3_W0.0456.csv,0,19.0642,1.9119,36.45,1.711,19.0652,1.9112,36.4631,1.6985
ID224_3_R3_W0.0456_Ang20,ID224_3_R3_W0.0456.csv,20,19.0704,1.9622,35.5,1.766,19.1111,1.9031,36.4422,1.7158
ID224_3_R3_W0.0456_Ang40,ID224_3_R3_W0.0456.csv,40,19.0852,2.101,33.1,1.901,19.2802,1.8851,36.1478,1.7408
ID224_3_R3_W0.0456_Ang60,ID224_3_R3_W0.0456.csv,60,19.0796,2.3156,30.05,2.057,19.4312,1.9042,35.2312,1.7194
ID224_3_R3_W0.0456_Ang80,ID224_3_R3_W0.0456.csv,80,19.1098,2.4344,28.49,2.187,19.5397,1.8826,35.2418,1.7457
ID225_3_R3_W0.0544_Ang0,ID225_3_R3_W0.0544.csv,0,18.9444,1.7903,39.42,1.543,18.9517,1.7906,39.3873,1.5462
ID225_3_R3_W0.0544_Ang20,ID225_3_R3_W0.0544.csv,20,18.9608,1.837,38.35,1.596,19.0129,1.7823,39.3152,1.554
ID225_3_R3_W0.0544_Ang40,ID225_3_R3_W0.0544.csv,40,18.9767,1.9941,35.27,1.695,19.19,1.7899,38.4284,1.5331
ID225_3_R3_W0.0544_Ang60,ID225_3_R3_W0.0544.csv,60,19.0003,2.1555,32.55,1.839,19.392,1.7706,38.0418,1.5514
ID225_3_R3_W0.0544_Ang80,ID225_3_R3_W0.0544.csv,80,19.0182,2.2699,30.85,1.956,19.512,1.7528,37.9576,1.589
ID226_3_R3_W0.0633_Ang0,ID226_3_R3_W0.0633.csv,0,18.5562,1.6989,43.3,1.366,18.571,1.6958,43.3106,1.3639
ID226_3_R3_W0.0633_Ang20,ID226_3_R3_W0.0633.csv,20,18.5738,1.7388,42.23,1.394,18.6427,1.6865,43.2162,1.3642
ID226_3_R3_W0.0633_Ang40,ID226_3_R3_W0.0633.csv,40,18.573,1.8578,39.53,1.493,18.8087,1.6687,42.9085,1.358
ID226_3_R3_W0.0633_Ang60,ID226_3_R3_W0.0633.csv,60,18.6034,1.998,36.63,1.637,19.0118,1.6451,42.5981,1.3745
ID226_3_R3_W0.0633_Ang80,ID226_3_R3_W0.0633.csv,80,18.6211,2.0916,34.93,1.726,19.1424,1.6231,42.5899,1.4058
ID230_3_R4_W0.01_Ang0,ID230_3_R4_W0.01.csv,0,13.8339,3.7433,35.36,3.867,13.8353,3.7419,35.3643,3.8758
ID230_3_R4_W0.01_Ang20,ID230_3_R4_W0.01.csv,20,13.8336,3.8471,34.41,3.983,13.893,3.7345,35.1414,3.8793
ID230_3_R4_W0.01_Ang40,ID230_3_R4_W0.01.csv,40,13.7272,4.3425,30.96,4.351,13.8739,3.9273,33.5083,4.0009
ID230_3_R4_W0.01_Ang60,ID230_3_R4_W0.01.csv,60,13.8175,4.4492,29.82,4.663,14.0861,3.7056,34.4506,3.9572
ID230_3_R4_W0.01_Ang80,ID230_3_R4_W0.01.csv,80,13.8152,4.6869,28.32,4.925,14.1439,3.6954,34.2641,3.9964
ID231_3_R4_W0.0222_Ang0,ID231_3_R4_W0.0222.csv,0,14.1033,3.3576,37.93,2.806,14.092,3.3608,37.9533,2.8033
ID231_3_R4_W0.0222_Ang20,ID231_3_R4_W0.0222.csv,20,14.1033,3.4523,36.89,2.891,14.1324,3.3569,37.7812,2.8109
ID231_3_R4_W0.0222_Ang40,ID231_3_R4_W0.0222.csv,40,14.1003,3.7007,34.43,3.112,14.2291,3.3362,37.5008,2.8467
ID231_3_R4_W0.0222_Ang60,ID231_3_R4_W0.0222.csv,60,14.0989,4.0162,31.73,3.395,14.3332,3.3258,37.0728,2.8703
ID231_3_R4_W0.0222_Ang80,ID231_3_R4_W0.0222.csv,80,14.1032,4.2303,30.1,3.603,14.4074,3.3051,36.9218,2.8915
ID232_3_R4_W0.0344_Ang0,ID232_3_R4_W0.0344.csv,0,14.2883,3.0769,40.32,2.281,14.2779,3.0813,40.3246,2.2648
ID232_3_R4_W0.0344_Ang20,ID232_3_R4_W0.0344.csv,20,14.2873,3.1659,39.2,2.345,14.322,3.0723,40.1945,2.2743
ID232_3_R4_W0.0344_Ang40,ID232_3_R4_W0.0344.csv,40,14.278,3.3963,36.59,2.532,14.4369,3.0547,39.7856,2.2958
ID232_3_R4_W0.0344_Ang60,ID232_3_R4_W0.0344.csv,60,14.2904,3.694,33.58,2.77,14.5612,3.039,39.3113,2.3408
ID232_3_R4_W0.0344_Ang80,ID232_3_R4_W0.0344.csv,80,14.2927,3.8993,31.8,2.947,14.6405,3.0217,39.1099,2.3573
ID233_3_R4_W0.0467_Ang0,ID233_3_R4_W0.0467.csv,0,14.3821,2.8429,43.08,1.924,14.4021,2.8415,42.9778,1.9291
ID233_3_R4_W0.0467_Ang20,ID233_3_R4_W0.0467.csv,20,14.3891,2.9226,41.86,1.989,14.4589,2.8336,42.7594,1.9421
ID233_3_R4_W0.0467_Ang40,ID233_3_R4_W0.0467.csv,40,14.3986,3.1432,38.87,2.143,14.576,2.8134,42.3767,1.9638
ID233_3_R4_W0.0467_Ang60,ID233_3_R4_W0.0467.csv,60,14.4069,3.41,35.79,2.357,14.6956,2.7959,41.9513,1.9844
ID233_3_R4_W0.0467_Ang80,ID233_3_R4_W0.0467.csv,80,14.4054,3.5993,33.91,2.507,14.7714,2.7812,41.7406,1.9973
ID234_3_R4_W0.0589_Ang0,ID234_3_R4_W0.0589.csv,0,14.4344,2.6455,45.96,1.69,14.4295,2.6459,45.9789,1.6841
ID234_3_R4_W0.0589_Ang20,ID234_3_R4_W0.0589.csv,20,14.4376,2.7197,44.68,1.747,14.4793,2.6369,45.8196,1.6965
ID234_3_R4_W0.0589_Ang40,ID234_3_R4_W0.0589.csv,40,14.4335,2.9197,41.64,1.884,14.6121,2.6133,45.3966,1.7122
ID234_3_R4_W0.0589_Ang60,ID234_3_R4_W0.0589.csv,60,14.4379,3.1721,38.31,2.061,14.7542,2.5959,44.8254,1.7287
ID234_3_R4_W0.0589_Ang80,ID234_3_R4_W0.0589.csv,80,14.4528,3.3476,36.22,2.194,14.8507,2.5767,44.5737,1.7397
ID235_3_R4_W0.0711_Ang0,ID235_3_R4_W0.0711.csv,0,14.4426,2.5123,48.34,1.526,14.4478,2.5124,48.3002,1.5263
ID235_3_R4_W0.0711_Ang20,ID235_3_R4_W0.0711.csv,20,14.3628,2.5492,48.17,1.53,14.4223,2.4685,49.3329,1.4914
ID235_3_R4_W0.0711_Ang40,ID235_3_R4_W0.0711.csv,40,14.3829,2.7318,44.82,1.67,14.5732,2.4439,48.8025,1.5261
ID235_3_R4_W0.0711_Ang60,ID235_3_R4_W0.0711.csv,60,14.3962,2.9607,41.28,1.816,14.7257,2.4196,48.2784,1.5413
ID235_3_R4_W0.0711_Ang80,ID235_3_R4_W0.0711.csv,80,14.3919,3.126,39.12,1.91,14.8285,2.3975,48.05,1.5451
ID236_3_R4_W0.0833_Ang0,ID236_3_R4_W0.0833.csv,0,14.2094,2.3438,53.53,1.353,14.2131,2.3442,53.4888,1.3432
ID236_3_R4_W0.0833_Ang20,ID236_3_R4_W0.0833.csv,20,14.2267,2.4043,52.05,1.399,14.2785,2.3297,53.3311,1.3644
ID236_3_R4_W0.0833_Ang40,ID236_3_R4_W0.0833.csv,40,14.1501,2.534,49.92,1.477,14.3231,2.2698,54.3981,1.3346
ID236_3_R4_W0.0833_Ang60,ID236_3_R4_W0.0833.csv,60,14.1483,2.7342,46.28,1.59,14.4885,2.2418,53.8254,1.3404
ID236_3_R4_W0.0833_Ang80,ID236_3_R4_W0.0833.csv,80,14.1306,2.8733,44.15,1.692,14.5925,2.215,53.7048,1.3658
ID240_3_R5_W0.01_Ang0,ID240_3_R5_W0.01.csv,0,10.9911,5.1369,40.82,4.305,10.9938,5.1375,40.7938,4.3152
ID240_3_R5_W0.01_Ang20,ID240_3_R5_W0.01.csv,20,10.998,5.2744,39.7,4.431,11.0259,5.1214,40.684,4.3366
ID240_3_R5_W0.01_Ang40,ID240_3_R5_W0.01.csv,40,11.0903,5.3804,38.28,4.809,11.1183,4.8985,41.8309,4.3796
ID240_3_R5_W0.01_Ang60,ID240_3_R5_W0.01.csv,60,11.1381,5.807,35.16,5.248,11.1193,4.8687,42.0796,4.4145
ID240_3_R5_W0.01_Ang80,ID240_3_R5_W0.01.csv,80,10.9972,6.605,31.71,5.491,11.1637,5.2806,38.4898,4.4769
ID241_3_R5_W0.0256_Ang0,ID241_3_R5_W0.0256.csv,0,11.3104,4.3714,45.3,2.905,11.3016,4.3792,45.2858,2.9093
ID241_3_R5_W0.0256_Ang20,ID241_3_R5_W0.0256.csv,20,11.3121,4.4989,44.0,2.986,11.3174,4.3807,45.1439,2.8951
ID241_3_R5_W0.0256_Ang40,ID241_3_R5_W0.0256.csv,40,11.3324,4.8055,41.05,3.22,11.3723,4.3517,45.0072,2.9147
ID241_3_R5_W0.0256_Ang60,ID241_3_R5_W0.0256.csv,60,11.3711,5.2172,37.55,3.536,11.4148,4.3373,44.8214,2.9718
ID241_3_R5_W0.0256_Ang80,ID241_3_R5_W0.0256.csv,80,11.415,5.4919,35.4,3.788,11.421,4.3087,45.0698,3.0002
ID242_3_R5_W0.0411_Ang0,ID242_3_R5_W0.0411.csv,0,11.4828,3.9937,48.1,2.279,11.4553,3.9983,48.2781,2.2743
ID242_3_R5_W0.0411_Ang20,ID242_3_R5_W0.0411.csv,20,11.4776,4.109,46.8,2.341,11.5034,3.988,47.9995,2.2821
ID242_3_R5_W0.0411_Ang40,ID242_3_R5_W0.0411.csv,40,11.4938,4.4105,43.47,2.543,11.5721,3.9671,47.6806,2.3061
ID242_3_R5_W0.0411_Ang60,ID242_3_R5_W0.0411.csv,60,11.5436,4.783,39.74,2.81,11.6279,3.9492,47.4385,2.3278
ID242_3_R5_W0.0411_Ang80,ID242_3_R5_W0.0411.csv,80,11.5717,5.0495,37.46,3.006,11.6476,3.9188,47.6444,2.3409
ID243_3_R5_W0.0567_Ang0,ID243_3_R5_W0.0567.csv,0,11.5951,3.6659,51.39,1.922,11.5944,3.6769,51.2458,1.9049
ID243_3_R5_W0.0567_Ang20,ID243_3_R5_W0.0567.csv,20,11.6138,3.7652,49.88,1.977,11.6213,3.6575,51.2796,1.8983
ID243_3_R5_W0.0567_Ang40,ID243_3_R5_W0.0567.csv,40,11.638,4.0501,46.18,2.147,11.7016,3.6361,50.8768,1.9307
ID243_3_R5_W0.0567_Ang60,ID243_3_R5_W0.0567.csv,60,11.6297,4.3916,42.65,2.384,11.7616,3.6073,50.7614,1.966
ID243_3_R5_W0.0567_Ang80,ID243_3_R5_W0.0567.csv,80,11.6519,4.6428,40.18,2.53,11.7856,3.5929,50.757,1.9506
ID244_3_R5_W0.0722_Ang0,ID244_3_R5_W0.0722.csv,0,11.6374,3.4299,54.53,1.647,11.6381,3.4255,54.5952,1.6404
ID244_3_R5_W0.0722_Ang20,ID244_3_R5_W0.0722.csv,20,11.6343,3.5111,53.3,1.697,11.683,3.4057,54.4913,1.654
ID244_3_R5_W0.0722_Ang40,ID244_3_R5_W0.0722.csv,40,11.6634,3.7617,49.5,1.869,11.7666,3.3719,54.2583,1.6675
ID244_3_R5_W0.0722_Ang60,ID244_3_R5_W0.0722.csv,60,11.677,4.0855,45.47,2.051,11.8451,3.3472,53.9366,1.7005
ID244_3_R5_W0.0722_Ang80,ID244_3_R5_W0.0722.csv,80,11.7202,4.3216,42.67,2.187,11.8608,3.3221,54.2004,1.6958
ID245_3_R5_W0.0878_Ang0,ID245_3_R5_W0.0878.csv,0,11.6025,3.1808,59.16,1.453,11.6,3.1795,59.2061,1.4489
ID245_3_R5_W0.0878_Ang20,ID245_3_R5_W0.0878.csv,20,11.6139,3.2796,57.26,1.495,11.6475,3.1756,58.7961,1.4514
ID245_3_R5_W0.0878_Ang40,ID245_3_R5_W0.0878.csv,40,11.6445,3.5102,53.22,1.634,11.732,3.1389,58.6295,1.4754
ID245_3_R5_W0.0878_Ang60,ID245_3_R5_W0.0878.csv,60,11.6617,3.8045,48.96,1.813,11.803,3.1028,58.6006,1.4954
ID245_3_R5_W0.0878_Ang80,ID245_3_R5_W0.0878.csv,80,11.6833,4.0127,46.25,1.924,11.8396,3.075,58.7658,1.515
ID246_3_R5_W0.1033_Ang0,ID246_3_R5_W0.1033.csv,0,11.3957,2.9612,65.87,1.3,11.4101,2.9624,65.677,1.3113
ID246_3_R5_W0.1033_Ang20,ID246_3_R5_W0.1033.csv,20,11.4101,3.0399,64.0,1.337,11.4504,2.9456,65.5875,1.3038
ID246_3_R5_W0.1033_Ang40,ID246_3_R5_W0.1033.csv,40,11.4401,3.254,59.48,1.447,11.5349,2.9063,65.5044,1.3197
ID246_3_R5_W0.1033_Ang60,ID246_3_R5_W0.1033.csv,60,11.4711,3.5177,54.72,1.608,11.6456,2.8683,65.1171,1.3531
ID246_3_R5_W0.1033_Ang80,ID246_3_R5_W0.1033.csv,80,11.4626,3.6968,52.15,1.691,11.6772,2.8385,65.4439,1.3492
ID247_3_R5_W0.1189_Ang0,ID247_3_R5_W0.1189.csv,0,7.3462,2.7188,172.64,0.953,7.3867,2.7206,170.6389,0.9523
ID247_3_R5_W0.1189_Ang20,ID247_3_R5_W0.1189.csv,20,7.3605,2.7465,170.24,0.973,7.3513,2.6951,173.9177,0.9576
ID247_3_R5_W0.1189_Ang40,ID247_3_R5_W0.1189.csv,40,7.2821,2.8114,169.9,0.994,7.511,2.6113,171.9428,0.9691
ID247_3_R5_W0.1189_Ang60,ID247_3_R5_W0.1189.csv,60,7.7762,2.9264,143.14,1.058,8.0267,2.5323,155.2577,0.9996
ID247_3_R5_W0.1189_Ang80,ID247_3_R5_W0.1189.csv,80,7.7756,2.985,140.36,1.092,8.028,2.4733,158.9077,1.0006
ID250_3_R6_W0.01_Ang0,ID250_3_R6_W0.01.csv,0,9.201,5.9819,50.02,4.591,9.1134,6.0074,50.7686,4.5689
ID250_3_R6_W0.01_Ang20,ID250_3_R6_W0.01.csv,20,9.1993,6.1664,48.54,4.747,9.1646,5.9894,50.3533,4.6091
ID250_3_R6_W0.01_Ang40,ID250_3_R6_W0.01.csv,40,9.1527,7.0904,42.65,5.127,9.2519,6.4231,46.0721,4.7149
ID250_3_R6_W0.01_Ang60,ID250_3_R6_W0.01.csv,60,9.1151,7.9697,38.25,5.626,9.28,6.6919,43.9536,4.8341
ID250_3_R6_W0.01_Ang80,ID250_3_R6_W0.01.csv,80,9.1094,8.3664,36.49,5.913,9.3285,6.6702,43.6393,4.8596
ID251_3_R6_W0.0289_Ang0,ID251_3_R6_W0.0289.csv,0,9.417,5.3302,53.59,2.923,9.4346,5.3198,53.4939,2.9375
ID251_3_R6_W0.0289_Ang20,ID251_3_R6_W0.0289.csv,20,9.3746,5.4987,52.42,3.013,9.4953,5.3338,52.6729,2.9587
ID251_3_R6_W0.0289_Ang40,ID251_3_R6_W0.0289.csv,40,9.4081,6.2772,45.59,3.24,9.4962,5.6683,49.5553,2.9501
ID251_3_R6_W0.0289_Ang60,ID251_3_R6_W0.0289.csv,60,9.4207,6.801,41.97,3.536,9.5657,5.6534,48.9667,3.0077
ID251_3_R6_W0.0289_Ang80,ID251_3_R6_W0.0289.csv,80,9.4641,6.7398,41.96,3.793,9.6428,5.2854,51.5412,3.0503
ID252_3_R6_W0.0478_Ang0,ID252_3_R6_W0.0478.csv,0,9.604,4.8574,56.54,2.235,9.6158,4.8554,56.4207,2.2485
ID252_3_R6_W0.0478_Ang20,ID252_3_R6_W0.0478.csv,20,9.6216,4.9977,54.75,2.343,9.641,4.8426,56.2746,2.2605
ID252_3_R6_W0.0478_Ang40,ID252_3_R6_W0.0478.csv,40,9.6345,5.4838,49.76,2.521,9.7096,4.9308,54.4911,2.2858
ID252_3_R6_W0.0478_Ang60,ID252_3_R6_W0.0478.csv,60,9.6589,5.9778,45.42,2.777,9.7554,4.9151,54.1516,2.3164
ID252_3_R6_W0.0478_Ang80,ID252_3_R6_W0.0478.csv,80,9.6665,6.3109,42.95,2.976,9.8276,4.9043,53.477,2.348
ID253_3_R6_W0.0667_Ang0,ID253_3_R6_W0.0667.csv,0,9.6969,4.4682,60.29,1.875,9.7023,4.4596,60.3394,1.8824
ID253_3_R6_W0.0667_Ang20,ID253_3_R6_W0.0667.csv,20,9.7038,4.8316,55.68,1.903,9.7289,4.6859,57.1102,1.8508
ID253_3_R6_W0.0667_Ang40,ID253_3_R6_W0.0667.csv,40,9.7492,5.0434,52.84,2.132,9.796,4.5275,58.3026,1.9074
ID253_3_R6_W0.0667_Ang60,ID253_3_R6_W0.0667.csv,60,9.7802,5.4866,48.27,2.354,9.8492,4.4886,58.1745,1.9484
ID253_3_R6_W0.0667_Ang80,ID253_3_R6_W0.0667.csv,80,9.7804,5.8144,45.54,2.495,9.9103,4.4756,57.6256,1.945
ID254_3_R6_W0.0856_Ang0,ID254_3_R6_W0.0856.csv,0,9.7488,4.134,64.47,1.642,9.7438,4.135,64.5221,1.6217
ID254_3_R6_W0.0856_Ang20,ID254_3_R6_W0.0856.csv,20,9.7579,4.533,58.69,1.591,9.7824,4.3879,60.3244,1.5417
ID254_3_R6_W0.0856_Ang40,ID254_3_R6_W0.0856.csv,40,9.7985,4.6711,56.48,1.833,9.8271,4.1782,62.7769,1.6356
ID254_3_R6_W0.0856_Ang60,ID254_3_R6_W0.0856.csv,60,9.8286,5.0777,51.64,2.025,9.8724,4.1434,62.7249,1.6481
ID254_3_R6_W0.0856_Ang80,ID254_3_R6_W0.0856.csv,80,9.8383,5.3802,48.64,2.173,9.9386,4.1299,62.0949,1.6527
ID255_3_R6_W0.1044_Ang0,ID255_3_R6_W0.1044.csv,0,9.6965,3.8486,70.0,1.429,9.6911,3.8545,69.9736,1.4303
ID255_3_R6_W0.1044_Ang20,ID255_3_R6_W0.1044.csv,20,9.7468,4.0373,66.04,1.482,9.7856,3.9199,67.4816,1.4335
ID255_3_R6_W0.1044_Ang40,ID255_3_R6_W0.1044.csv,40,9.7843,4.3414,60.95,1.61,9.8073,3.8716,68.0223,1.4369
ID255_3_R6_W0.1044_Ang60,ID255_3_R6_W0.1044.csv,60,9.7928,4.7742,55.33,1.733,9.9478,3.9025,65.5905,1.4251
ID255_3_R6_W0.1044_Ang80,ID255_3_R6_W0.1044.csv,80,9.8413,4.985,52.46,1.921,9.9267,3.8023,67.6054,1.4583
ID256_3_R6_W0.1233_Ang0,ID256_3_R6_W0.1233.csv,0,9.5058,3.5776,78.36,1.271,9.4963,3.5851,78.3494,1.2628
ID256_3_R6_W0.1233_Ang20,ID256_3_R6_W0.1233.csv,20,9.5672,3.7538,73.72,1.312,9.6188,3.6381,75.2527,1.2759
ID256_3_R6_W0.1233_Ang40,ID256_3_R6_W0.1233.csv,40,9.6267,4.0188,68.01,1.422,9.6836,3.5938,75.1639,1.2907
ID256_3_R6_W0.1233_Ang60,ID256_3_R6_W0.1233.csv,60,9.6605,4.3474,62.43,1.559,9.7037,3.5383,76.0273,1.2764
ID256_3_R6_W0.1233_Ang80,ID256_3_R6_W0.1233.csv,80,9.6738,4.5795,59.1,1.652,9.7951,3.5183,75.0396,1.2951
ID257_3_R6_W0.1422_Ang0,ID257_3_R6_W0.1422.csv,0,7.507,3.2822,136.94,1.029,7.5063,3.2816,136.9933,1.0251
ID257_3_R6_W0.1422_Ang20,ID257_3_R6_W0.1422.csv,20,7.5103,3.4166,131.44,1.017,7.5717,3.333,132.5631,1.0009
ID257_3_R6_W0.1422_Ang40,ID257_3_R6_W0.1422.csv,40,7.3352,3.5323,133.28,1.058,7.6154,3.2399,134.8133,1.0188
ID257_3_R6_W0.1422_Ang60,ID257_3_R6_W0.1422.csv,60,7.4492,3.6892,123.73,1.111,8.0124,3.1541,125.0937,1.023
ID257_3_R6_W0.1422_Ang80,ID257_3_R6_W0.1422.csv,80,7.5069,3.8664,116.26,1.136,8.1618,3.1222,121.7876,0.9955
ID260_3_R7_W0.01_Ang0,ID260_3_R7_W0.01.csv,0,7.8268,7.1825,57.57,4.898,7.8473,7.1775,57.3092,4.9075
ID260_3_R7_W0.01_Ang20,ID260_3_R7_W0.01.csv,20,7.7857,7.7536,53.89,5.072,7.9514,7.4721,53.6172,5.0165
ID260_3_R7_W0.01_Ang40,ID260_3_R7_W0.01.csv,40,7.7425,8.2643,51.13,5.421,8.0246,7.4387,52.8809,5.0736
ID260_3_R7_W0.01_Ang60,ID260_3_R7_W0.01.csv,60,7.7306,8.5157,49.77,5.979,8.096,7.1078,54.3703,5.1211
ID260_3_R7_W0.01_Ang80,ID260_3_R7_W0.01.csv,80,7.8036,9.4374,44.08,6.221,8.0845,7.4578,51.9669,5.1206
ID261_3_R7_W0.0322_Ang0,ID261_3_R7_W0.0322.csv,0,8.1029,6.2732,61.5,2.971,8.0887,6.2758,61.69,2.9689
ID261_3_R7_W0.0322_Ang20,ID261_3_R7_W0.0322.csv,20,7.9703,6.7121,59.41,3.097,8.196,6.4884,58.1163,3.0705
ID261_3_R7_W0.0322_Ang40,ID261_3_R7_W0.0322.csv,40,7.9835,7.1742,55.4,3.295,8.2843,6.4322,57.381,3.0642
ID261_3_R7_W0.0322_Ang60,ID261_3_R7_W0.0322.csv,60,8.0137,7.7689,50.77,3.644,8.3245,6.4249,56.893,3.1325
ID261_3_R7_W0.0322_Ang80,ID261_3_R7_W0.0322.csv,80,8.0679,7.8913,49.31,3.879,8.3439,6.196,58.7212,3.0904
ID262_3_R7_W0.0544_Ang0,ID262_3_R7_W0.0544.csv,0,8.244,5.7027,65.35,2.245,8.2327,5.7279,65.2481,2.256
ID262_3_R7_W0.0544_Ang20,ID262_3_R7_W0.0544.csv,20,8.2065,6.2758,59.93,2.283,8.2936,6.0728,60.6399,2.2357
ID262_3_R7_W0.0544_Ang40,ID262_3_R7_W0.0544.csv,40,8.1411,6.5098,58.71,2.47,8.4003,5.8545,61.3149,2.2903
ID262_3_R7_W0.0544_Ang60,ID262_3_R7_W0.0544.csv,60,8.1848,7.0656,53.52,2.757,8.4742,5.8192,60.6148,2.3414
ID262_3_R7_W0.0544_Ang80,ID262_3_R7_W0.0544.csv,80,8.2551,7.3006,50.91,2.997,8.486,5.6633,62.1101,2.3776
ID263_3_R7_W0.0767_Ang0,ID263_3_R7_W0.0767.csv,0,8.335,5.2836,69.01,1.874,8.34,5.2716,69.0814,1.8852
ID263_3_R7_W0.0767_Ang20,ID263_3_R7_W0.0767.csv,20,8.3325,5.8249,62.63,1.842,8.3719,5.6493,63.9728,1.7949
ID263_3_R7_W0.0767_Ang40,ID263_3_R7_W0.0767.csv,40,8.3022,6.0804,60.44,2.034,8.4916,5.4414,64.5568,1.8967
ID263_3_R7_W0.0767_Ang60,ID263_3_R7_W0.0767.csv,60,8.3103,6.4967,56.46,2.276,8.5619,5.3449,64.6489,1.9224
ID263_3_R7_W0.0767_Ang80,ID263_3_R7_W0.0767.csv,80,8.3471,6.7233,54.07,2.461,8.5917,5.2074,65.8959,1.9517
ID264_3_R7_W0.0989_Ang0,ID264_3_R7_W0.0989.csv,0,8.3686,4.8764,74.17,1.599,8.3599,4.8782,74.2971,1.5948
ID264_3_R7_W0.0989_Ang20,ID264_3_R7_W0.0989.csv,20,8.3802,5.1405,70.17,1.624,8.4309,4.9817,71.5347,1.5814
ID264_3_R7_W0.0989_Ang40,ID264_3_R7_W0.0989.csv,40,8.3799,5.7456,62.78,1.684,8.5202,5.1359,67.9395,1.5376
ID264_3_R7_W0.0989_Ang60,ID264_3_R7_W0.0989.csv,60,8.3022,5.9785,61.47,1.942,8.6366,4.9226,68.9867,1.6723
ID264_3_R7_W0.0989_Ang80,ID264_3_R7_W0.0989.csv,80,8.3835,6.2193,57.95,2.126,8.6646,4.7875,70.4738,1.6927
ID265_3_R7_W0.1211_Ang0,ID265_3_R7_W0.1211.csv,0,8.3315,4.5368,80.44,1.398,8.3447,4.5313,80.2789,1.41
ID265_3_R7_W0.1211_Ang20,ID265_3_R7_W0.1211.csv,20,8.3658,4.6609,77.65,1.452,8.3594,4.5226,80.1498,1.4124
ID265_3_R7_W0.1211_Ang40,ID265_3_R7_W0.1211.csv,40,8.3901,5.352,67.23,1.45,8.5323,4.7888,72.6579,1.3253
ID265_3_R7_W0.1211_Ang60,ID265_3_R7_W0.1211.csv,60,8.2573,5.3983,68.82,1.743,8.6475,4.4479,76.1551,1.4847
ID265_3_R7_W0.1211_Ang80,ID265_3_R7_W0.1211.csv,80,8.3344,5.7322,63.62,1.86,8.6741,4.4175,76.2108,1.5156
ID266_3_R7_W0.1433_Ang0,ID266_3_R7_W0.1433.csv,0,8.1705,4.2219,89.88,1.235,8.1869,4.2268,89.412,1.2411
ID266_3_R7_W0.1433_Ang20,ID266_3_R7_W0.1433.csv,20,8.1832,4.3306,87.35,1.268,8.2456,4.2078,88.5404,1.2409
ID266_3_R7_W0.1433_Ang40,ID266_3_R7_W0.1433.csv,40,7.8514,4.5398,90.51,1.347,8.5054,4.1506,84.3601,1.3181
ID266_3_R7_W0.1433_Ang60,ID266_3_R7_W0.1433.csv,60,8.1297,4.9804,76.95,1.536,8.5357,4.1086,84.6185,1.3089
ID266_3_R7_W0.1433_Ang80,ID266_3_R7_W0.1433.csv,80,8.2382,5.2938,70.5,1.611,8.5639,4.071,84.8391,1.3089
ID267_3_R7_W0.1656_Ang0,ID267_3_R7_W0.1656.csv,0,6.9194,3.877,136.46,1.043,6.957,3.8758,135.0292,1.0587
ID267_3_R7_W0.1656_Ang20,ID267_3_R7_W0.1656.csv,20,7.03,4.0497,126.56,1.007,7.135,3.9453,126.1174,0.9962
ID267_3_R7_W0.1656_Ang40,ID267_3_R7_W0.1656.csv,40,6.9241,4.1419,127.56,1.114,7.0633,3.7617,134.9707,1.0653
ID267_3_R7_W0.1656_Ang60,ID267_3_R7_W0.1656.csv,60,6.9158,4.3697,121.2,1.198,7.1147,3.6617,136.6607,1.0719
ID267_3_R7_W0.1656_Ang80,ID267_3_R7_W0.1656.csv,80,7.0815,4.597,109.88,1.217,7.2636,3.6234,132.499,1.0509
ID270_3_R8_W0.01_Ang0,ID270_3_R8_W0.01.csv,0,6.8883,8.2875,64.42,5.179,6.8853,8.2934,64.4263,5.1713
ID270_3_R8_W0.01_Ang20,ID270_3_R8_W0.01.csv,20,6.9143,8.9475,59.22,5.386,6.8907,8.708,61.2629,5.2634
ID270_3_R8_W0.01_Ang40,ID270_3_R8_W0.01.csv,40,6.8435,9.1366,59.2,5.736,7.0048,8.2009,62.9495,5.2358
ID270_3_R8_W0.01_Ang60,ID270_3_R8_W0.01.csv,60,6.8093,9.6349,56.7,6.212,6.9615,8.1357,64.2455,5.3388
ID270_3_R8_W0.01_Ang80,ID270_3_R8_W0.01.csv,80,6.7084,11.3443,49.62,6.433,7.1334,8.8709,56.1152,5.4771
ID271_3_R8_W0.0356_Ang0,ID271_3_R8_W0.0356.csv,0,7.1234,7.2004,69.33,3.021,7.1176,7.2213,69.2394,3.0312
ID271_3_R8_W0.0356_Ang20,ID271_3_R8_W0.0356.csv,20,7.1463,7.3834,67.18,3.132,7.1183,7.1762,69.6621,3.0389
ID271_3_R8_W0.0356_Ang40,ID271_3_R8_W0.0356.csv,40,7.1273,8.4653,58.9,3.319,7.1726,7.6567,64.3051,3.0084
ID271_3_R8_W0.0356_Ang60,ID271_3_R8_W0.0356.csv,60,7.1541,8.9948,55.02,3.659,7.1901,7.513,65.2161,3.0455
ID271_3_R8_W0.0356_Ang80,ID271_3_R8_W0.0356.csv,80,7.1154,9.6903,51.63,3.87,7.2995,7.5728,62.7766,3.1228
ID272_3_R8_W0.0611_Ang0,ID272_3_R8_W0.0611.csv,0,7.2631,6.5621,73.17,2.264,7.2388,6.5721,73.5538,2.2608
ID272_3_R8_W0.0611_Ang20,ID272_3_R8_W0.0611.csv,20,7.2833,6.7492,70.75,2.385,7.2492,6.5479,73.6149,2.296
ID272_3_R8_W0.0611_Ang40,ID272_3_R8_W0.0611.csv,40,7.2554,7.262,66.26,2.565,7.3465,6.5036,72.1655,2.3505
ID272_3_R8_W0.0611_Ang60,ID272_3_R8_W0.0611.csv,60,7.2963,8.1277,58.54,2.861,7.4047,6.6631,69.3351,2.3888
ID272_3_R8_W0.0611_Ang80,ID272_3_R8_W0.0611.csv,80,7.2078,8.81,55.34,2.967,7.4962,6.7584,66.6976,2.3713
ID273_3_R8_W0.0867_Ang0,ID273_3_R8_W0.0867.csv,0,7.3474,6.046,77.61,1.89,7.3214,6.0304,78.3615,1.9063
ID273_3_R8_W0.0867_Ang20,ID273_3_R8_W0.0867.csv,20,7.3265,6.2107,75.98,1.942,7.3812,6.0105,77.3523,1.9226
ID273_3_R8_W0.0867_Ang40,ID273_3_R8_W0.0867.csv,40,7.331,6.6671,70.69,2.115,7.4628,5.9569,76.3519,1.932
ID273_3_R8_W0.0867_Ang60,ID273_3_R8_W0.0867.csv,60,7.3948,7.4743,61.98,2.314,7.5173,6.0901,73.6016,1.9297
ID273_3_R8_W0.0867_Ang80,ID273_3_R8_W0.0867.csv,80,7.3278,7.7144,61.15,2.487,7.5847,5.9143,74.4479,1.9966
ID274_3_R8_W0.1122_Ang0,ID274_3_R8_W0.1122.csv,0,7.3603,5.5825,83.76,1.624,7.3685,5.5797,83.6142,1.6624
ID274_3_R8_W0.1122_Ang20,ID274_3_R8_W0.1122.csv,20,7.3764,5.7628,80.78,1.675,7.4116,5.5687,82.8078,1.6349
ID274_3_R8_W0.1122_Ang40,ID274_3_R8_W0.1122.csv,40,7.3645,6.188,75.48,1.813,7.5095,5.5131,81.4744,1.6588
ID274_3_R8_W0.1122_Ang60,ID274_3_R8_W0.1122.csv,60,7.4499,6.8908,66.23,2.002,7.5727,5.6197,78.6012,1.6644
ID274_3_R8_W0.1122_Ang80,ID274_3_R8_W0.1122.csv,80,7.3708,7.1036,65.64,2.202,7.647,5.4281,79.8005,1.7085
ID275_3_R8_W0.1378_Ang0,ID275_3_R8_W0.1378.csv,0,7.3461,5.1771,90.67,1.403,7.3492,5.1846,90.4569,1.395
ID275_3_R8_W0.1378_Ang20,ID275_3_R8_W0.1378.csv,20,7.3814,5.3505,86.89,1.46,7.3904,5.1677,89.7435,1.435
ID275_3_R8_W0.1378_Ang40,ID275_3_R8_W0.1378.csv,40,7.3542,5.7222,81.85,1.539,7.5136,5.1127,87.7597,1.4437
ID275_3_R8_W0.1378_Ang60,ID275_3_R8_W0.1378.csv,60,7.4334,6.3961,71.67,1.712,7.6036,5.1929,84.3706,1.4508
ID275_3_R8_W0.1378_Ang80,ID275_3_R8_W0.1378.csv,80,7.3824,6.6028,70.39,1.857,7.6475,5.0337,86.0413,1.4983
ID276_3_R8_W0.1633_Ang0,ID276_3_R8_W0.1633.csv,0,7.2012,4.8094,101.56,1.264,7.1808,4.811,102.1072,1.2621
ID276_3_R8_W0.1633_Ang20,ID276_3_R8_W0.1633.csv,20,7.2281,4.9466,98.01,1.279,7.3114,4.8067,98.5812,1.2734
ID276_3_R8_W0.1633_Ang40,ID276_3_R8_W0.1633.csv,40,7.2875,5.4246,87.93,1.356,7.4534,4.8511,93.9909,1.2727
ID276_3_R8_W0.1633_Ang60,ID276_3_R8_W0.1633.csv,60,7.3468,5.9922,78.32,1.485,7.5317,4.8509,92.0516,1.2813
ID276_3_R8_W0.1633_Ang80,ID276_3_R8_W0.1633.csv,80,7.2368,6.044,80.02,1.652,7.5484,4.6447,95.7135,1.3538
ID277_3_R8_W0.1889_Ang0,ID277_3_R8_W0.1889.csv,0,6.2523,4.6451,139.5,0.948,6.2398,4.6496,139.9198,0.9425
ID277_3_R8_W0.1889_Ang20,ID277_3_R8_W0.1889.csv,20,6.1457,4.5833,146.33,1.044,6.2248,4.4493,146.925,1.0541
ID277_3_R8_W0.1889_Ang40,ID277_3_R8_W0.1889.csv,40,5.6176,4.6339,173.22,1.082,6.0283,4.2483,164.073,1.0706
ID277_3_R8_W0.1889_Ang60,ID277_3_R8_W0.1889.csv,60,5.7767,4.8615,156.14,1.177,6.0893,4.1166,165.9482,1.0659
ID277_3_R8_W0.1889_Ang80,ID277_3_R8_W0.1889.csv,80,5.69,5.0004,156.46,1.194,6.1745,4.0332,164.7387,1.0799
ID280_3_R9_W0.01_Ang0,ID280_3_R9_W0.01.csv,0,6.1346,9.4513,71.22,5.419,6.1254,9.4333,71.5664,5.3837
ID280_3_R9_W0.01_Ang20,ID280_3_R9_W0.01.csv,20,6.1178,9.6463,70.16,5.548,6.1442,9.393,71.4342,5.4379
ID280_3_R9_W0.01_Ang40,ID280_3_R9_W0.01.csv,40,6.0967,11.5976,58.76,6.063,6.1071,10.5993,64.0756,5.5713
ID280_3_R9_W0.01_Ang60,ID280_3_R9_W0.01.csv,60,6.0806,12.6064,54.35,6.576,6.1579,10.6576,62.679,5.6311
ID280_3_R9_W0.01_Ang80,ID280_3_R9_W0.01.csv,80,6.0403,13.2603,52.36,7.013,6.2382,10.5052,61.9601,5.7294
ID281_3_R9_W0.0389_Ang0,ID281_3_R9_W0.0389.csv,0,6.3586,8.0563,77.76,3.021,6.3842,8.0568,77.1371,3.0409
ID281_3_R9_W0.0389_Ang20,ID281_3_R9_W0.0389.csv,20,6.3181,9.2963,68.26,3.05,6.3332,9.0334,69.9097,2.9826
ID281_3_R9_W0.0389_Ang40,ID281_3_R9_W0.0389.csv,40,6.2675,9.3613,68.88,3.278,6.4213,8.4364,72.818,3.052
ID281_3_R9_W0.0389_Ang60,ID281_3_R9_W0.0389.csv,60,6.1612,10.1215,65.93,3.624,6.5511,8.3617,70.5866,3.1973
ID281_3_R9_W0.0389_Ang80,ID281_3_R9_W0.0389.csv,80,6.2137,10.9471,59.93,3.738,6.5418,8.5799,68.9852,3.2658
ID282_3_R9_W0.0678_Ang0,ID282_3_R9_W0.0678.csv,0,6.4617,8.0937,74.96,2.183,6.4612,8.0908,74.9921,2.1971
ID282_3_R9_W0.0678_Ang20,ID282_3_R9_W0.0678.csv,20,6.4364,7.927,77.13,2.306,6.544,7.6195,77.6305,2.2634
ID282_3_R9_W0.0678_Ang40,ID282_3_R9_W0.0678.csv,40,6.4412,8.4938,71.88,2.485,6.5634,7.6149,77.2183,2.2919
ID282_3_R9_W0.0678_Ang60,ID282_3_R9_W0.0678.csv,60,6.2265,8.7129,74.99,2.722,6.7399,7.19,77.5545,2.4263
ID282_3_R9_W0.0678_Ang80,ID282_3_R9_W0.0678.csv,80,6.3081,9.5762,66.47,2.828,6.7219,7.4692,75.0549,2.3837
ID283_3_R9_W0.0967_Ang0,ID283_3_R9_W0.0967.csv,0,6.5489,7.3986,79.83,1.731,6.5479,7.3961,79.8802,1.7252
ID283_3_R9_W0.0967_Ang20,ID283_3_R9_W0.0967.csv,20,6.4786,7.0307,85.84,1.911,6.6487,6.7365,85.0605,1.911
ID283_3_R9_W0.0967_Ang40,ID283_3_R9_W0.0967.csv,40,6.3718,7.43,83.97,2.034,6.6503,6.7221,85.2008,1.8917
ID283_3_R9_W0.0967_Ang60,ID283_3_R9_W0.0967.csv,60,6.3015,8.0093,79.64,2.211,6.822,6.5999,82.4662,2.0147
ID283_3_R9_W0.0967_Ang80,ID283_3_R9_W0.0967.csv,80,6.3028,8.4109,75.81,2.405,6.8422,6.6047,81.9224,2.0443
ID284_3_R9_W0.1256_Ang0,ID284_3_R9_W0.1256.csv,0,6.607,6.4748,89.62,1.565,6.607,6.4629,89.7861,1.5729
ID284_3_R9_W0.1256_Ang20,ID284_3_R9_W0.1256.csv,20,6.6062,6.7877,85.51,1.592,6.6676,6.5161,87.4402,1.5778
ID284_3_R9_W0.1256_Ang40,ID284_3_R9_W0.1256.csv,40,6.3745,6.8417,91.11,1.752,6.6601,6.188,92.283,1.6202
ID284_3_R9_W0.1256_Ang60,ID284_3_R9_W0.1256.csv,60,6.315,7.3652,86.24,1.923,6.8664,6.0859,88.2783,1.7691
ID284_3_R9_W0.1256_Ang80,ID284_3_R9_W0.1256.csv,80,6.3069,7.7443,82.23,2.011,6.8873,6.103,87.4971,1.722
ID285_3_R9_W0.1544_Ang0,ID285_3_R9_W0.1544.csv,0,6.6133,6.0042,96.46,1.377,6.6069,6.0187,96.4149,1.3661
ID285_3_R9_W0.1544_Ang20,ID285_3_R9_W0.1544.csv,20,6.6259,6.2685,92.04,1.421,6.6724,6.0377,94.2325,1.3985
ID285_3_R9_W0.1544_Ang40,ID285_3_R9_W0.1544.csv,40,6.3291,6.3458,99.65,1.522,6.6308,5.7411,100.3489,1.4168
ID285_3_R9_W0.1544_Ang60,ID285_3_R9_W0.1544.csv,60,6.2735,6.8105,94.5,1.673,6.8412,5.6764,95.3456,1.5149
ID285_3_R9_W0.1544_Ang80,ID285_3_R9_W0.1544.csv,80,6.3122,7.1865,88.46,1.746,6.8859,5.6715,94.1947,1.4965
ID286_3_R9_W0.1833_Ang0,ID286_3_R9_W0.1833.csv,0,6.5349,5.6824,104.38,1.192,6.5295,5.6816,104.5716,1.1801
ID286_3_R9_W0.1833_Ang20,ID286_3_R9_W0.1833.csv,20,6.3659,5.5881,111.86,1.258,6.5831,5.3887,108.4648,1.3153
ID286_3_R9_W0.1833_Ang40,ID286_3_R9_W0.1833.csv,40,6.2462,5.8921,110.19,1.348,6.5686,5.3382,109.977,1.2483
ID286_3_R9_W0.1833_Ang60,ID286_3_R9_W0.1833.csv,60,6.2341,6.3309,102.95,1.445,6.7826,5.2556,104.7671,1.3378
ID286_3_R9_W0.1833_Ang80,ID286_3_R9_W0.1833.csv,80,6.2723,6.6698,96.53,1.53,6.8109,5.2201,104.6055,1.3153
ID287_3_R9_W0.2122_Ang0,ID287_3_R9_W0.2122.csv,0,5.4665,4.966,170.69,1.073,5.5418,4.9701,165.9467,1.0866
ID287_3_R9_W0.2122_Ang20,ID287_3_R9_W0.2122.csv,20,5.7824,5.3838,140.71,0.982,5.9075,5.2375,138.5847,0.9669
ID287_3_R9_W0.2122_Ang40,ID287_3_R9_W0.2122.csv,40,5.5725,5.4945,148.46,1.079,5.9525,4.9939,143.1516,1.0327
ID287_3_R9_W0.2122_Ang60,ID287_3_R9_W0.2122.csv,60,5.4254,5.6417,152.54,1.156,6.0221,4.7778,146.1905,1.0884
ID287_3_R9_W0.2122_Ang80,ID287_3_R9_W0.2122.csv,80,5.5062,5.8727,142.27,1.189,6.0877,4.7254,144.6432,1.0676
ID290_3_R10_W0.01_Ang0,ID290_3_R10_W0.01.csv,0,5.478,10.6516,79.25,5.71,5.468,10.61,79.8502,5.6927
ID290_3_R10_W0.01_Ang20,ID290_3_R10_W0.01.csv,20,5.509,10.7714,77.49,5.923,5.5184,10.4693,79.4512,5.76
ID290_3_R10_W0.01_Ang40,ID290_3_R10_W0.01.csv,40,5.4503,11.5101,74.08,6.331,5.6394,10.3379,77.0441,5.8865
ID290_3_R10_W0.01_Ang60,ID290_3_R10_W0.01.csv,60,5.3963,12.4619,69.8,6.717,5.6893,10.345,75.6456,5.9136
ID290_3_R10_W0.01_Ang80,ID290_3_R10_W0.01.csv,80,5.4014,13.7941,62.94,7.256,5.6931,10.8514,72.0207,6.0268
ID291_3_R10_W0.0422_Ang0,ID291_3_R10_W0.0422.csv,0,5.717,9.1591,84.62,3.083,5.7497,9.124,83.9767,3.0713
ID291_3_R10_W0.0422_Ang20,ID291_3_R10_W0.0422.csv,20,5.7647,9.2681,82.24,3.171,5.7428,9.0068,85.2744,3.0701
ID291_3_R10_W0.0422_Ang40,ID291_3_R10_W0.0422.csv,40,5.7317,10.0123,77.01,3.44,5.8169,8.9706,83.452,3.136
ID291_3_R10_W0.0422_Ang60,ID291_3_R10_W0.0422.csv,60,5.6802,10.8657,72.25,3.73,5.8986,8.9337,81.4915,3.1794
ID291_3_R10_W0.0422_Ang80,ID291_3_R10_W0.0422.csv,80,5.6749,12.0311,65.37,3.931,5.9206,9.2802,77.8662,3.1979
ID292_3_R10_W0.0744_Ang0,ID292_3_R10_W0.0744.csv,0,5.8523,8.2603,89.53,2.287,5.8418,8.2527,89.9387,2.2776
ID292_3_R10_W0.0744_Ang20,ID292_3_R10_W0.0744.csv,20,5.8858,8.4127,86.91,2.415,5.8721,8.2017,89.5665,2.3391
ID292_3_R10_W0.0744_Ang40,ID292_3_R10_W0.0744.csv,40,5.8356,9.1072,81.67,2.579,5.9211,8.1516,88.6324,2.3641
ID292_3_R10_W0.0744_Ang60,ID292_3_R10_W0.0744.csv,60,5.8101,9.8805,75.94,2.823,6.0016,8.0849,86.9812,2.4065
ID292_3_R10_W0.0744_Ang80,ID292_3_R10_W0.0744.csv,80,5.8162,10.4704,71.51,3.021,6.056,8.0418,85.8859,2.4561
ID293_3_R10_W0.1067_Ang0,ID293_3_R10_W0.1067.csv,0,5.9368,7.4535,96.42,1.913,5.9163,7.449,97.1499,1.8878
ID293_3_R10_W0.1067_Ang20,ID293_3_R10_W0.1067.csv,20,5.9763,7.7248,91.81,1.989,5.9239,7.4981,96.266,1.8963
ID293_3_R10_W0.1067_Ang40,ID293_3_R10_W0.1067.csv,40,5.9299,8.8004,81.85,2.036,5.9772,7.8874,89.8909,1.839
ID293_3_R10_W0.1067_Ang60,ID293_3_R10_W0.1067.csv,60,5.9234,9.4648,76.28,2.279,6.0546,7.7181,89.5276,1.8831
ID293_3_R10_W0.1067_Ang80,ID293_3_R10_W0.1067.csv,80,5.903,9.7158,74.82,2.497,6.1165,7.4195,91.2559,1.999
ID294_3_R10_W0.1389_Ang0,ID294_3_R10_W0.1389.csv,0,5.9497,6.9962,102.28,1.588,5.9333,7.008,102.6739,1.5993
ID294_3_R10_W0.1389_Ang20,ID294_3_R10_W0.1389.csv,20,6.0005,7.3509,95.7,1.607,5.9829,7.1559,98.8897,1.5542
ID294_3_R10_W0.1389_Ang40,ID294_3_R10_W0.1389.csv,40,5.9884,8.2082,86.05,1.705,6.03,7.3314,95.0206,1.5156
ID294_3_R10_W0.1389_Ang60,ID294_3_R10_W0.1389.csv,60,5.9749,9.1081,77.9,1.806,6.0852,7.4067,92.3573,1.4982
ID294_3_R10_W0.1389_Ang80,ID294_3_R10_W0.1389.csv,80,5.9381,9.2148,77.96,2.022,6.1556,7.0625,94.6542,1.6182
ID295_3_R10_W0.1711_Ang0,ID295_3_R10_W0.1711.csv,0,5.9001,6.434,113.09,1.423,5.8979,6.458,112.7575,1.409
ID295_3_R10_W0.1711_Ang20,ID295_3_R10_W0.1711.csv,20,5.9916,6.824,103.4,1.422,6.0026,6.6361,105.9382,1.3704
ID295_3_R10_W0.1711_Ang40,ID295_3_R10_W0.1711.csv,40,5.9533,7.5245,94.98,1.473,6.0644,6.6916,102.9287,1.3642
ID295_3_R10_W0.1711_Ang60,ID295_3_R10_W0.1711.csv,60,5.9653,8.0818,88.08,1.667,6.0883,6.5329,104.6031,1.3846
ID295_3_R10_W0.1711_Ang80,ID295_3_R10_W0.1711.csv,80,5.9599,8.5595,83.31,1.777,6.1584,6.5404,102.1166,1.4129
ID296_3_R10_W0.2033_Ang0,ID296_3_R10_W0.2033.csv,0,5.815,6.0236,124.36,1.254,5.7933,5.9945,125.9021,1.2621
ID296_3_R10_W0.2033_Ang20,ID296_3_R10_W0.2033.csv,20,5.9047,6.324,114.88,1.228,5.9177,6.1694,117.2438,1.1884
ID296_3_R10_W0.2033_Ang40,ID296_3_R10_W0.2033.csv,40,5.8532,6.968,106.11,1.275,6.0043,6.2103,113.1372,1.1765
ID296_3_R10_W0.2033_Ang60,ID296_3_R10_W0.2033.csv,60,5.7888,7.1862,105.19,1.464,6.0353,5.8822,118.2241,1.2775
ID296_3_R10_W0.2033_Ang80,ID296_3_R10_W0.2033.csv,80,5.93,8.1529,88.35,1.492,6.1113,6.2226,108.9957,1.1614
ID297_3_R10_W0.2356_Ang0,ID297_3_R10_W0.2356.csv,0,4.9268,5.5285,188.76,1.053,4.901,5.5004,191.7251,1.0506
ID297_3_R10_W0.2356_Ang20,ID297_3_R10_W0.2356.csv,20,5.1791,5.7605,163.94,1.067,5.1225,5.5748,173.1624,1.0342
ID297_3_R10_W0.2356_Ang40,ID297_3_R10_W0.2356.csv,40,5.279,6.3481,143.18,1.043,5.4148,5.7216,150.9969,0.9619
ID297_3_R10_W0.2356_Ang60,ID297_3_R10_W0.2356.csv,60,5.2472,6.6946,137.42,1.125,5.4735,5.5336,152.7921,0.9918
ID297_3_R10_W0.2356_Ang80,ID297_3_R10_W0.2356.csv,80,5.105,6.6459,146.25,1.296,5.3157,5.1847,172.9033,1.082
ID30_1_R4_W0.01_Ang0,ID30_1_R4_W0.01.csv,0,13.4017,2.6382,53.46,1.863,13.38,2.6398,53.5996,1.8599
ID30_1_R4_W0.01_Ang20,ID30_1_R4_W0.01.csv,20,13.5154,2.715,51.08,2.028,13.552,2.5889,53.2745,1.8778
ID30_1_R4_W0.01_Ang40,ID30_1_R4_W0.01.csv,40,13.8181,2.9378,45.16,2.481,14.0206,2.4616,52.3464,1.9316
ID30_1_R4_W0.01_Ang60,ID30_1_R4_W0.01.csv,60,14.1493,3.2675,38.72,3.139,14.6028,2.3363,50.8442,2.006
ID30_1_R4_W0.01_Ang80,ID30_1_R4_W0.01.csv,80,14.3785,3.5376,34.63,3.676,14.9917,2.2644,49.772,2.0505
ID313_4_R2_W0.04_Ang0,ID313_4_R2_W0.04.csv,0,19.4627,1.0191,65.61,0.999,19.4703,1.0193,65.5544,1.0014
ID313_4_R2_W0.04_Ang20,ID313_4_R2_W0.04.csv,20,19.5003,1.0361,64.29,1.03,19.5825,1.0091,65.4574,0.9983
ID313_4_R2_W0.04_Ang40,ID313_4_R2_W0.04.csv,40,19.6208,1.0784,61.01,1.117,19.9447,0.9797,64.9967,1.0107
ID313_4_R2_W0.04_Ang60,ID313_4_R2_W0.04.csv,60,19.7447,1.1206,57.98,1.255,,,,
ID313_4_R2_W0.04_Ang80,ID313_4_R2_W0.04.csv,80,19.8758,1.1678,54.91,1.317,,,,
ID314_4_R2_W0.05_Ang0,ID314_4_R2_W0.05.csv,0,17.9077,0.9166,86.17,0.82,17.9008,0.9164,86.2578,0.8197
ID314_4_R2_W0.05_Ang20,ID314_4_R2_W0.05.csv,20,17.9608,0.9277,84.65,0.846,18.0384,0.9051,86.0142,0.8244
ID314_4_R2_W0.05_Ang40,ID314_4_R2_W0.05.csv,40,18.0877,0.9583,80.79,0.923,18.3903,0.8748,85.6141,0.8371
ID314_4_R2_W0.05_Ang60,ID314_4_R2_W0.05.csv,60,18.1828,0.9978,76.78,1.01,18.8326,0.8429,84.73,0.8478
ID314_4_R2_W0.05_Ang80,ID314_4_R2_W0.05.csv,80,18.2515,1.0241,74.25,1.074,19.1199,0.8209,84.4118,0.8559
ID315_4_R2_W0.06_Ang0,ID315_4_R2_W0.06.csv,0,13.214,0.796,182.24,0.6,13.2039,0.7956,182.6085,0.5967
ID315_4_R2_W0.06_Ang20,ID315_4_R2_W0.06.csv,20,13.2679,0.8001,179.85,0.617,13.3282,0.7827,182.1826,0.6032
ID315_4_R2_W0.06_Ang40,ID315_4_R2_W0.06.csv,40,13.3691,0.814,174.1,0.662,13.6051,0.7502,182.4253,0.6072
ID315_4_R2_W0.06_Ang60,ID315_4_R2_W0.06.csv,60,13.5364,0.8344,165.67,0.724,14.1922,0.717,175.4019,0.6245
ID315_4_R2_W0.06_Ang80,ID315_4_R2_W0.06.csv,80,13.2307,0.8368,172.93,0.733,14.2939,0.6932,178.8452,0.6154
ID320_4_R3_W0.01_Ang0,ID320_4_R3_W0.01.csv,0,14.4099,2.4038,50.75,2.531,14.422,2.4011,50.7202,2.5297
ID320_4_R3_W0.01_Ang20,ID320_4_R3_W0.01.csv,20,14.4359,2.4562,49.49,2.606,14.4916,2.3865,50.5411,2.5372
ID320_4_R3_W0.01_Ang40,ID320_4_R3_W0.01.csv,40,14.4082,2.5586,47.69,2.807,14.6297,2.3131,51.1647,2.559
ID320_4_R3_W0.01_Ang60,ID320_4_R3_W0.01.csv,60,14.4704,2.7247,44.4,3.076,14.8553,2.2704,50.5569,2.579
ID320_4_R3_W0.01_Ang80,ID320_4_R3_W0.01.csv,80,14.4963,2.84,42.44,3.264,15.0086,2.2384,50.2364,2.6156
ID321_4_R3_W0.0256_Ang0,ID321_4_R3_W0.0256.csv,0,14.3306,2.066,59.7,1.671,14.3252,2.0663,59.738,1.6696
ID321_4_R3_W0.0256_Ang20,ID321_4_R3_W0.0256.csv,20,14.3521,2.1072,58.36,1.713,14.419,2.0498,59.4365,1.6735
ID321_4_R3_W0.0256_Ang40,ID321_4_R3_W0.0256.csv,40,14.4145,2.2275,54.73,1.888,14.6151,2.0131,58.9063,1.6988
ID321_4_R3_W0.0256_Ang60,ID321_4_R3_W0.0256.csv,60,14.4272,2.3421,51.96,2.064,14.8146,1.952,59.1274,1.7342
ID321_4_R3_W0.0256_Ang80,ID321_4_R3_W0.0256.csv,80,14.4643,2.4351,49.72,2.203,14.9718,1.9206,58.8375,1.7376
ID322_4_R3_W0.0411_Ang0,ID322_4_R3_W0.0411.csv,0,14.0756,1.8326,69.76,1.268,14.0647,1.8328,69.8673,1.2595
ID322_4_R3_W0.0411_Ang20,ID322_4_R3_W0.0411.csv,20,14.1039,1.8664,68.23,1.309,14.1582,1.8162,69.5766,1.2707
ID322_4_R3_W0.0411_Ang40,ID322_4_R3_W0.0411.csv,40,14.2019,1.9573,64.16,1.437,14.3648,1.7729,69.2412,1.2905
ID322_4_R3_W0.0411_Ang60,ID322_4_R3_W0.0411.csv,60,14.1578,2.0598,61.35,1.564,14.587,1.715,69.413,1.2963
ID322_4_R3_W0.0411_Ang80,ID322_4_R3_W0.0411.csv,80,14.2008,2.1359,58.81,1.667,14.7791,1.6841,68.8628,1.3029
ID323_4_R3_W0.0567_Ang0,ID323_4_R3_W0.0567.csv,0,13.5736,1.6423,83.71,1.023,13.5643,1.6418,83.8551,1.0144
ID323_4_R3_W0.0567_Ang20,ID323_4_R3_W0.0567.csv,20,13.5996,1.6711,81.96,1.059,13.6637,1.6214,83.6787,1.0221
ID323_4_R3_W0.0567_Ang40,ID323_4_R3_W0.0567.csv,40,13.7078,1.7422,77.37,1.155,13.8967,1.5805,82.9895,1.03
ID323_4_R3_W0.0567_Ang60,ID323_4_R3_W0.0567.csv,60,13.645,1.8182,74.83,1.257,14.1057,1.5155,84.0037,1.0392
ID323_4_R3_W0.0567_Ang80,ID323_4_R3_W0.0567.csv,80,13.6675,1.8816,72.07,1.335,14.3173,1.4836,83.2919,1.0526
ID324_4_R3_W0.0722_Ang0,ID324_4_R3_W0.0722.csv,0,12.6681,1.472,107.23,0.831,12.6627,1.4709,107.3997,0.83
ID324_4_R3_W0.0722_Ang20,ID324_4_R3_W0.0722.csv,20,12.6876,1.4938,105.34,0.858,12.7666,1.4531,106.9511,0.8437
ID324_4_R3_W0.0722_Ang40,ID324_4_R3_W0.0722.csv,40,12.7834,1.5496,100.03,0.945,13.0061,1.407,106.4237,0.849
ID324_4_R3_W0.0722_Ang60,ID324_4_R3_W0.0722.csv,60,12.6691,1.6051,98.32,1.012,13.1771,1.3447,108.4821,0.8479
ID324_4_R3_W0.0722_Ang80,ID324_4_R3_W0.0722.csv,80,12.7278,1.6545,94.51,1.077,13.3758,1.3102,108.0573,0.8506
ID325_4_R3_W0.0878_Ang0,ID325_4_R3_W0.0878.csv,0,10.2778,1.2833,186.85,0.647,10.3033,1.2806,186.3232,0.6485
ID325_4_R3_W0.0878_Ang20,ID325_4_R3_W0.0878.csv,20,10.3184,1.2947,183.75,0.662,10.3865,1.2596,186.4041,0.6524
ID325_4_R3_W0.0878_Ang40,ID325_4_R3_W0.0878.csv,40,10.3906,1.325,177.06,0.721,10.5822,1.2082,187.2157,0.6563
ID325_4_R3_W0.0878_Ang60,ID325_4_R3_W0.0878.csv,60,10.6016,1.4056,160.34,0.758,11.0688,1.1884,173.97,0.636
ID325_4_R3_W0.0878_Ang80,ID325_4_R3_W0.0878.csv,80,10.5144,1.4063,162.93,0.827,11.1111,1.1314,181.3479,0.6635
ID330_4_R4_W0.01_Ang0,ID330_4_R4_W0.01.csv,0,10.9249,3.4467,61.57,2.827,10.9321,3.4476,61.4763,2.8299
ID330_4_R4_W0.01_Ang20,ID330_4_R4_W0.01.csv,20,10.9657,3.5119,59.98,2.933,11.0012,3.4129,61.3238,2.8566
ID330_4_R4_W0.01_Ang40,ID330_4_R4_W0.01.csv,40,11.0082,3.7101,56.34,3.205,11.1207,3.3682,60.8102,2.9063
ID330_4_R4_W0.01_Ang60,ID330_4_R4_W0.01.csv,60,11.0812,3.9582,52.12,3.519,11.2553,3.3179,60.2643,2.9409
ID330_4_R4_W0.01_Ang80,ID330_4_R4_W0.01.csv,80,11.127,4.1263,49.58,3.751,11.3321,3.2803,60.1321,2.967
ID331_4_R4_W0.0311_Ang0,ID331_4_R4_W0.0311.csv,0,10.875,2.8569,74.97,1.704,10.8894,2.8526,74.8848,1.7057
ID331_4_R4_W0.0311_Ang20,ID331_4_R4_W0.0311.csv,20,10.9572,2.9582,71.32,1.783,11.0142,2.8705,72.74,1.7357
ID331_4_R4_W0.0311_Ang40,ID331_4_R4_W0.0311.csv,40,11.0125,3.1264,66.81,1.936,11.1507,2.8244,72.1288,1.7403
ID331_4_R4_W0.0311_Ang60,ID331_4_R4_W0.0311.csv,60,11.0719,3.3281,62.09,2.134,11.3233,2.7642,71.4689,1.761
ID331_4_R4_W0.0311_Ang80,ID331_4_R4_W0.0311.csv,80,11.1227,3.5777,57.23,2.269,11.4946,2.7953,68.5839,1.7838
ID332_4_R4_W0.0522_Ang0,ID332_4_R4_W0.0522.csv,0,10.6893,2.5064,88.45,1.264,10.6824,2.5129,88.3332,1.255
ID332_4_R4_W0.0522_Ang20,ID332_4_R4_W0.0522.csv,20,10.795,2.5966,83.71,1.339,10.837,2.5275,85.3364,1.2929
ID332_4_R4_W0.0522_Ang40,ID332_4_R4_W0.0522.csv,40,10.8713,2.7326,78.43,1.471,10.9962,2.4703,84.8036,1.3115
ID332_4_R4_W0.0522_Ang60,ID332_4_R4_W0.0522.csv,60,10.9284,2.8988,73.17,1.636,11.1736,2.4046,84.3741,1.3434
ID332_4_R4_W0.0522_Ang80,ID332_4_R4_W0.0522.csv,80,11.0081,3.1108,67.2,1.675,11.3983,2.4215,80.513,1.2968
ID333_4_R4_W0.0733_Ang0,ID333_4_R4_W0.0733.csv,0,10.2599,2.2362,107.61,1.014,10.2621,2.2326,107.7339,1.0037
ID333_4_R4_W0.0733_Ang20,ID333_4_R4_W0.0733.csv,20,10.4968,2.3601,97.41,1.015,10.5451,2.2904,99.4551,0.9872
ID333_4_R4_W0.0733_Ang40,ID333_4_R4_W0.0733.csv,40,10.5606,2.4486,92.76,1.157,10.6979,2.2162,99.8684,1.0285
ID333_4_R4_W0.0733_Ang60,ID333_4_R4_W0.0733.csv,60,10.6464,2.6152,85.45,1.246,10.9459,2.1619,97.7906,1.0236
ID333_4_R4_W0.0733_Ang80,ID333_4_R4_W0.0733.csv,80,10.7009,2.6895,82.25,1.373,11.0477,2.1068,98.5081,1.0424
ID334_4_R4_W0.0944_Ang0,ID334_4_R4_W0.0944.csv,0,9.543,1.9881,139.9,0.806,9.5212,1.9884,140.5245,0.7982
ID334_4_R4_W0.0944_Ang20,ID334_4_R4_W0.0944.csv,20,9.6727,2.0303,133.35,0.858,9.6329,1.9751,138.2114,0.8117
ID334_4_R4_W0.0944_Ang40,ID334_4_R4_W0.0944.csv,40,9.9078,2.1714,118.84,0.926,10.0673,1.9652,127.177,0.8276
ID334_4_R4_W0.0944_Ang60,ID334_4_R4_W0.0944.csv,60,9.9913,2.2825,111.17,1.032,10.2994,1.8954,125.9827,0.8451
ID334_4_R4_W0.0944_Ang80,ID334_4_R4_W0.0944.csv,80,10.0084,2.3273,108.66,1.125,10.3274,1.8325,129.6043,0.8533
ID335_4_R4_W0.1156_Ang0,ID335_4_R4_W0.1156.csv,0,7.8959,1.7486,232.36,0.622,7.8889,1.7481,232.8275,0.6223
ID335_4_R4_W0.1156_Ang20,ID335_4_R4_W0.1156.csv,20,7.9155,1.7648,229.08,0.643,7.974,1.7216,231.3931,0.6234
ID335_4_R4_W0.1156_Ang40,ID335_4_R4_W0.1156.csv,40,7.9969,1.8126,218.53,0.693,8.1575,1.6527,230.327,0.627
ID335_4_R4_W0.1156_Ang60,ID335_4_R4_W0.1156.csv,60,8.0807,1.8662,207.87,0.762,8.386,1.5739,228.8537,0.6388
ID335_4_R4_W0.1156_Ang80,ID335_4_R4_W0.1156.csv,80,8.1426,1.9097,200.06,0.817,8.5366,1.5226,228.2901,0.6387
ID340_4_R5_W0.01_Ang0,ID340_4_R5_W0.01.csv,0,8.8156,4.4877,72.63,3.155,8.8233,4.483,72.5781,3.1518
ID340_4_R5_W0.01_Ang20,ID340_4_R5_W0.01.csv,20,8.7461,4.3921,75.39,3.189,8.7997,4.2784,76.4578,3.1139
ID340_4_R5_W0.01_Ang40,ID340_4_R5_W0.01.csv,40,8.8382,4.6885,69.16,3.514,8.9204,4.2281,75.2875,3.1878
ID340_4_R5_W0.01_Ang60,ID340_4_R5_W0.01.csv,60,8.9249,5.1699,61.51,3.92,9.0792,4.3011,71.4437,3.2678
ID340_4_R5_W0.01_Ang80,ID340_4_R5_W0.01.csv,80,8.9633,5.42,58.17,4.177,9.1564,4.2816,70.5649,3.2658
ID341_4_R5_W0.0367_Ang0,ID341_4_R5_W0.0367.csv,0,8.8404,3.6871,87.9,1.759,8.8563,3.6914,87.4892,1.759
ID341_4_R5_W0.0367_Ang20,ID341_4_R5_W0.0367.csv,20,8.8413,3.7698,85.96,1.807,8.9174,3.6628,86.9678,1.7557
ID341_4_R5_W0.0367_Ang40,ID341_4_R5_W0.0367.csv,40,8.9367,4.0782,77.77,1.974,9.0608,3.6603,84.2921,1.7807
ID341_4_R5_W0.0367_Ang60,ID341_4_R5_W0.0367.csv,60,8.9973,4.3407,72.09,2.192,9.1749,3.5847,83.9427,1.814
ID341_4_R5_W0.0367_Ang80,ID341_4_R5_W0.0367.csv,80,9.0439,4.5375,68.25,2.367,9.2625,3.5445,83.2953,1.8327
ID342_4_R5_W0.0633_Ang0,ID342_4_R5_W0.0633.csv,0,8.6975,3.234,103.54,1.266,8.7074,3.2307,103.4118,1.271
ID342_4_R5_W0.0633_Ang20,ID342_4_R5_W0.0633.csv,20,8.7184,3.303,100.89,1.31,8.7678,3.2067,102.7553,1.2753
ID342_4_R5_W0.0633_Ang40,ID342_4_R5_W0.0633.csv,40,8.7997,3.4753,94.13,1.45,8.9031,3.1309,102.0696,1.2992
ID342_4_R5_W0.0633_Ang60,ID342_4_R5_W0.0633.csv,60,8.927,3.7732,84.24,1.606,9.0934,3.1042,98.6808,1.318
ID342_4_R5_W0.0633_Ang80,ID342_4_R5_W0.0633.csv,80,8.9718,3.9346,79.98,1.734,9.1706,3.0549,98.5951,1.3383
ID343_4_R5_W0.09_Ang0,ID343_4_R5_W0.09.csv,0,8.3836,2.8649,125.8,1.007,8.3941,2.8675,125.3692,0.9984
ID343_4_R5_W0.09_Ang20,ID343_4_R5_W0.09.csv,20,8.4097,2.9185,122.72,1.049,8.4482,2.8399,124.9715,0.9998
ID343_4_R5_W0.09_Ang40,ID343_4_R5_W0.09.csv,40,8.5266,3.0697,113.5,1.156,8.5962,2.7702,123.7428,1.0217
ID343_4_R5_W0.09_Ang60,ID343_4_R5_W0.09.csv,60,8.6683,3.3168,101.64,1.261,8.8335,2.7314,118.848,1.0253
ID343_4_R5_W0.09_Ang80,ID343_4_R5_W0.09.csv,80,8.7255,3.4522,96.37,1.372,8.8869,2.6687,120.1799,1.0354
ID344_4_R5_W0.1167_Ang0,ID344_4_R5_W0.1167.csv,0,7.852,2.5554,160.77,0.818,7.8527,2.5584,160.5585,0.8176
ID344_4_R5_W0.1167_Ang20,ID344_4_R5_W0.1167.csv,20,7.8404,2.581,159.65,0.846,7.908,2.5184,160.8394,0.8242
ID344_4_R5_W0.1167_Ang40,ID344_4_R5_W0.1167.csv,40,7.9195,2.6978,149.71,0.927,8.0742,2.443,159.0459,0.8397
ID344_4_R5_W0.1167_Ang60,ID344_4_R5_W0.1167.csv,60,8.053,2.8486,137.12,1.043,8.1901,2.3547,160.3728,0.855
ID344_4_R5_W0.1167_Ang80,ID344_4_R5_W0.1167.csv,80,8.1398,2.9515,129.53,1.133,8.2672,2.297,161.3447,0.8699
ID345_4_R5_W0.1433_Ang0,ID345_4_R5_W0.1433.csv,0,6.5821,2.2234,262.97,0.628,6.5638,2.2234,264.4343,0.6265
ID345_4_R5_W0.1433_Ang20,ID345_4_R5_W0.1433.csv,20,6.6191,2.2523,256.69,0.656,6.6265,2.1925,263.1109,0.6306
ID345_4_R5_W0.1433_Ang40,ID345_4_R5_W0.1433.csv,40,6.7109,2.3083,243.66,0.724,6.7329,2.1093,264.9082,0.6383
ID345_4_R5_W0.1433_Ang60,ID345_4_R5_W0.1433.csv,60,6.7211,2.3845,235.16,0.761,6.8897,2.0067,265.9255,0.649
ID345_4_R5_W0.1433_Ang80,ID345_4_R5_W0.1433.csv,80,6.7637,2.4366,227.24,0.815,7.02,1.9487,263.7582,0.6545
ID350_4_R6_W0.01_Ang0,ID350_4_R6_W0.01.csv,0,7.3067,5.3364,88.91,3.331,7.3174,5.3441,88.5216,3.3395
ID350_4_R6_W0.01_Ang20,ID350_4_R6_W0.01.csv,20,7.3944,5.8277,79.49,3.505,7.445,5.6559,80.7997,3.4121
ID350_4_R6_W0.01_Ang40,ID350_4_R6_W0.01.csv,40,7.4234,6.1565,74.66,3.83,7.5388,5.5798,79.8758,3.4793
ID350_4_R6_W0.01_Ang60,ID350_4_R6_W0.01.csv,60,7.4101,6.4265,71.78,4.174,7.6581,5.379,80.297,3.5549
ID350_4_R6_W0.01_Ang80,ID350_4_R6_W0.01.csv,80,7.3746,6.4527,72.18,4.334,7.702,5.1376,83.1127,3.5239
ID351_4_R6_W0.0422_Ang0,ID351_4_R6_W0.0422.csv,0,7.4281,4.4763,102.56,1.752,7.4212,4.4695,102.9038,1.7507
ID351_4_R6_W0.0422_Ang20,ID351_4_R6_W0.0422.csv,20,7.4938,4.7728,94.51,1.797,7.4891,4.6399,97.3351,1.7487
ID351_4_R6_W0.0422_Ang40,ID351_4_R6_W0.0422.csv,40,7.5156,5.1604,86.9,1.98,7.6582,4.6365,93.1524,1.7886
ID351_4_R6_W0.0422_Ang60,ID351_4_R6_W0.0422.csv,60,7.5477,5.4335,81.83,2.152,7.7751,4.46,93.9485,1.8105
ID351_4_R6_W0.0422_Ang80,ID351_4_R6_W0.0422.csv,80,7.5658,5.583,79.26,2.332,7.8421,4.3421,94.8579,1.8196
ID352_4_R6_W0.0744_Ang0,ID352_4_R6_W0.0744.csv,0,7.2968,3.8974,122.07,1.27,7.3061,3.9064,121.4779,1.2562
ID352_4_R6_W0.0744_Ang20,ID352_4_R6_W0.0744.csv,20,7.3646,3.9863,117.16,1.309,7.3181,3.8881,121.6481,1.2601
ID352_4_R6_W0.0744_Ang40,ID352_4_R6_W0.0744.csv,40,7.4292,4.3201,106.23,1.408,7.5576,3.8961,113.8259,1.2614
ID352_4_R6_W0.0744_Ang60,ID352_4_R6_W0.0744.csv,60,7.5219,4.774,93.78,1.538,7.7546,3.9217,107.4098,1.2658
ID352_4_R6_W0.0744_Ang80,ID352_4_R6_W0.0744.csv,80,7.5251,4.9293,90.75,1.663,7.8535,3.8098,107.7973,1.3014
ID353_4_R6_W0.1067_Ang0,ID353_4_R6_W0.1067.csv,0,6.9815,3.4368,151.21,0.985,7.0212,3.433,149.6726,1.0008
ID353_4_R6_W0.1067_Ang20,ID353_4_R6_W0.1067.csv,20,7.0624,3.5135,144.54,1.03,7.0652,3.421,148.3347,0.9906
ID353_4_R6_W0.1067_Ang40,ID353_4_R6_W0.1067.csv,40,7.1896,3.7006,132.42,1.169,7.0712,3.3554,150.9776,0.9804
ID353_4_R6_W0.1067_Ang60,ID353_4_R6_W0.1067.csv,60,7.2838,4.0763,117.13,1.22,7.5476,3.3649,132.1438,1.0085
ID353_4_R6_W0.1067_Ang80,ID353_4_R6_W0.1067.csv,80,7.3277,4.2971,109.78,1.287,7.6824,3.3268,129.01,0.995
ID354_4_R6_W0.1389_Ang0,ID354_4_R6_W0.1389.csv,0,6.5371,3.0647,193.41,0.805,6.5502,3.0677,192.4535,0.8055
ID354_4_R6_W0.1389_Ang20,ID354_4_R6_W0.1389.csv,20,6.6366,3.1301,183.73,0.847,6.606,3.0437,190.7032,0.8107
ID354_4_R6_W0.1389_Ang40,ID354_4_R6_W0.1389.csv,40,6.8114,3.3402,163.45,0.916,6.7309,3.0312,184.4517,0.8019
ID354_4_R6_W0.1389_Ang60,ID354_4_R6_W0.1389.csv,60,6.8147,3.5006,155.81,0.998,7.0767,2.9219,173.1049,0.8197
ID354_4_R6_W0.1389_Ang80,ID354_4_R6_W0.1389.csv,80,6.8032,3.6064,151.75,1.071,7.2183,2.8493,170.6228,0.8511
ID355_4_R6_W0.1711_Ang0,ID355_4_R6_W0.1711.csv,0,5.7785,2.7924,271.66,0.607,5.7919,2.7815,271.4663,0.6072
ID355_4_R6_W0.1711_Ang20,ID355_4_R6_W0.1711.csv,20,5.84,2.82,263.38,0.635,5.8243,2.7411,272.4124,0.6054
ID355_4_R6_W0.1711_Ang40,ID355_4_R6_W0.1711.csv,40,6.014,2.9629,236.37,0.704,6.0711,2.7087,253.7134,0.6091
ID355_4_R6_W0.1711_Ang60,ID355_4_R6_W0.1711.csv,60,6.0364,3.097,224.47,0.768,6.2703,2.582,249.523,0.6211
ID355_4_R6_W0.1711_Ang80,ID355_4_R6_W0.1711.csv,80,5.9127,3.1353,231.09,0.788,6.3986,2.4849,248.9729,0.6341
ID360_4_R7_W0.01_Ang0,ID360_4_R7_W0.01.csv,0,6.313,6.3736,99.72,3.61,6.2927,6.3971,99.9959,3.582
ID360_4_R7_W0.01_Ang20,ID360_4_R7_W0.01.csv,20,6.387,6.474,95.91,3.747,6.2856,6.4136,99.9641,3.6301
ID360_4_R7_W0.01_Ang40,ID360_4_R7_W0.01.csv,40,6.446,7.4902,81.39,4.128,6.4502,6.8612,88.7361,3.7234
ID360_4_R7_W0.01_Ang60,ID360_4_R7_W0.01.csv,60,6.4365,8.2855,73.79,4.608,6.5799,6.917,84.5843,3.8799
ID360_4_R7_W0.01_Ang80,ID360_4_R7_W0.01.csv,80,6.4374,8.0087,76.32,4.774,6.6086,6.3906,90.7579,3.8375
ID361_4_R7_W0.0478_Ang0,ID361_4_R7_W0.0478.csv,0,6.3941,5.2968,116.97,1.757,6.4429,5.2946,115.2489,1.7653
ID361_4_R7_W0.0478_Ang20,ID361_4_R7_W0.0478.csv,20,6.446,5.415,112.58,1.856,6.4499,5.2943,115.0083,1.791
ID361_4_R7_W0.0478_Ang40,ID361_4_R7_W0.0478.csv,40,6.5488,6.0504,97.62,2.008,6.5837,5.489,106.4675,1.786
ID361_4_R7_W0.0478_Ang60,ID361_4_R7_W0.0478.csv,60,6.5663,6.6141,88.82,2.202,6.7128,5.4652,102.8561,1.8128
ID361_4_R7_W0.0478_Ang80,ID361_4_R7_W0.0478.csv,80,6.5961,6.8575,84.9,2.377,6.7697,5.3546,103.2222,1.8364
ID362_4_R7_W0.0856_Ang0,ID362_4_R7_W0.0856.csv,0,6.3381,4.6213,136.44,1.255,6.3142,4.6073,137.895,1.2686
ID362_4_R7_W0.0856_Ang20,ID362_4_R7_W0.0856.csv,20,6.3659,4.7291,132.17,1.306,6.393,4.602,134.6742,1.2555
ID362_4_R7_W0.0856_Ang40,ID362_4_R7_W0.0856.csv,40,6.487,5.091,118.24,1.434,6.5504,4.6089,128.088,1.2772
ID362_4_R7_W0.0856_Ang60,ID362_4_R7_W0.0856.csv,60,6.556,5.6233,104.8,1.562,6.6945,4.6386,121.8467,1.2614
ID362_4_R7_W0.0856_Ang80,ID362_4_R7_W0.0856.csv,80,6.582,5.8773,99.48,1.694,6.7731,4.5695,120.836,1.2735
ID363_4_R7_W0.1233_Ang0,ID363_4_R7_W0.1233.csv,0,6.2321,4.1822,155.94,1.007,6.2225,4.1762,156.6501,1.046
ID363_4_R7_W0.1233_Ang20,ID363_4_R7_W0.1233.csv,20,6.2802,4.309,149.04,0.99,6.3109,4.2045,151.2673,0.9707
ID363_4_R7_W0.1233_Ang40,ID363_4_R7_W0.1233.csv,40,6.3422,4.5272,139.1,1.096,6.4109,4.1063,150.0892,0.9854
ID363_4_R7_W0.1233_Ang60,ID363_4_R7_W0.1233.csv,60,6.4101,4.9621,124.23,1.2,6.5727,4.0757,143.8639,0.9528
ID363_4_R7_W0.1233_Ang80,ID363_4_R7_W0.1233.csv,80,6.4372,5.0718,120.53,1.333,6.6439,3.9491,145.3085,0.9997
ID364_4_R7_W0.1611_Ang0,ID364_4_R7_W0.1611.csv,0,5.9106,3.7574,192.97,0.783,5.9088,3.7526,193.3345,0.7875
ID364_4_R7_W0.1611_Ang20,ID364_4_R7_W0.1611.csv,20,5.9395,3.8092,188.5,0.826,5.9316,3.7153,193.773,0.7784
ID364_4_R7_W0.1611_Ang40,ID364_4_R7_W0.1611.csv,40,6.0524,4.075,169.69,0.871,6.1237,3.6771,183.7013,0.7559
ID364_4_R7_W0.1611_Ang60,ID364_4_R7_W0.1611.csv,60,6.0544,4.2507,162.57,0.983,6.2438,3.51,185.1134,0.7976
ID364_4_R7_W0.1611_Ang80,ID364_4_R7_W0.1611.csv,80,6.0363,4.3567,159.56,1.062,6.3067,3.4141,186.5322,0.8183
ID365_4_R7_W0.1989_Ang0,ID365_4_R7_W0.1989.csv,0,5.1444,3.3624,284.65,0.581,5.1438,3.3617,284.78,0.5847
ID365_4_R7_W0.1989_Ang20,ID365_4_R7_W0.1989.csv,20,5.1274,3.3949,283.8,0.609,5.2573,3.3131,276.6209,0.6011
ID365_4_R7_W0.1989_Ang40,ID365_4_R7_W0.1989.csv,40,5.0955,3.4749,280.76,0.677,5.381,3.1557,277.2183,0.6465
ID365_4_R7_W0.1989_Ang60,ID365_4_R7_W0.1989.csv,60,5.028,3.5548,281.87,0.734,5.5189,3.0017,277.0577,0.6381
ID365_4_R7_W0.1989_Ang80,ID365_4_R7_W0.1989.csv,80,5.0063,3.599,280.82,0.788,5.5758,2.8853,282.3745,0.6659
ID370_4_R8_W0.01_Ang0,ID370_4_R8_W0.01.csv,0,5.5963,8.334,97.05,3.909,5.6106,8.2994,96.9549,3.9112
ID370_4_R8_W0.01_Ang20,ID370_4_R8_W0.01.csv,20,5.5643,8.3574,97.89,3.983,5.6663,8.0807,97.6304,3.9343
ID370_4_R8_W0.01_Ang40,ID370_4_R8_W0.01.csv,40,5.4988,8.2402,101.67,4.294,5.7575,7.3887,103.4197,3.9881
ID370_4_R8_W0.01_Ang60,ID370_4_R8_W0.01.csv,60,5.5431,8.7107,94.64,4.68,5.7907,7.3482,102.8014,4.0393
ID370_4_R8_W0.01_Ang80,ID370_4_R8_W0.01.csv,80,5.4687,8.797,96.28,4.931,5.848,6.8922,107.4634,4.0073
ID371_4_R8_W0.0533_Ang0,ID371_4_R8_W0.0533.csv,0,5.6824,6.2672,125.17,1.75,5.6677,6.2683,125.7979,1.7444
ID371_4_R8_W0.0533_Ang20,ID371_4_R8_W0.0533.csv,20,5.7183,6.7381,114.97,1.809,5.7494,6.5119,117.6783,1.7695
ID371_4_R8_W0.0533_Ang40,ID371_4_R8_W0.0533.csv,40,5.7022,6.931,112.4,1.977,5.8348,6.1967,120.0665,1.7992
ID371_4_R8_W0.0533_Ang60,ID371_4_R8_W0.0533.csv,60,5.7429,7.3875,103.96,2.195,5.9221,6.0784,118.8237,1.8499
ID371_4_R8_W0.0533_Ang80,ID371_4_R8_W0.0533.csv,80,5.6327,7.3483,108.65,2.388,5.9628,5.7359,124.2073,1.916
ID372_4_R8_W0.0967_Ang0,ID372_4_R8_W0.0967.csv,0,5.634,5.4405,146.68,1.241,5.631,5.4426,146.7811,1.2262
ID372_4_R8_W0.0967_Ang20,ID372_4_R8_W0.0967.csv,20,5.7101,5.5906,138.96,1.318,5.6777,5.468,143.7015,1.2656
ID372_4_R8_W0.0967_Ang40,ID372_4_R8_W0.0967.csv,40,5.6847,5.9527,131.68,1.43,5.8219,5.3225,140.4092,1.2944
ID372_4_R8_W0.0967_Ang60,ID372_4_R8_W0.0967.csv,60,5.7206,6.3382,122.12,1.58,5.9163,5.2261,138.4687,1.3038
ID372_4_R8_W0.0967_Ang80,ID372_4_R8_W0.0967.csv,80,5.5615,6.3075,129.84,1.659,5.9219,4.9652,145.4746,1.3254
ID373_4_R8_W0.14_Ang0,ID373_4_R8_W0.14.csv,0,5.5528,4.8899,168.01,0.982,5.5381,4.9003,168.5334,0.9661
ID373_4_R8_W0.14_Ang20,ID373_4_R8_W0.14.csv,20,5.5778,5.0229,162.09,0.999,5.5871,4.8819,166.2178,0.9503
ID373_4_R8_W0.14_Ang40,ID373_4_R8_W0.14.csv,40,5.5449,5.2668,156.42,1.084,5.7148,4.7181,164.3902,0.9928
ID373_4_R8_W0.14_Ang60,ID373_4_R8_W0.14.csv,60,5.453,5.4026,157.67,1.191,5.8123,4.5473,164.8903,1.0199
ID373_4_R8_W0.14_Ang80,ID373_4_R8_W0.14.csv,80,5.5117,5.6719,147.01,1.341,5.8166,4.4183,169.4545,1.0648
ID374_4_R8_W0.1833_Ang0,ID374_4_R8_W0.1833.csv,0,5.2003,4.3714,214.27,0.729,5.2011,4.3751,214.0251,0.7222
ID374_4_R8_W0.1833_Ang20,ID374_4_R8_W0.1833.csv,20,5.2339,4.4825,206.28,0.759,5.3599,4.3396,203.1789,0.7586
ID374_4_R8_W0.1833_Ang40,ID374_4_R8_W0.1833.csv,40,5.1611,4.5955,206.93,0.835,5.4637,4.1736,203.3073,0.7879
ID374_4_R8_W0.1833_Ang60,ID374_4_R8_W0.1833.csv,60,5.0556,4.6952,211.08,0.909,5.5781,4.0063,203.1944,0.8171
ID374_4_R8_W0.1833_Ang80,ID374_4_R8_W0.1833.csv,80,5.1498,4.9195,194.15,1.023,5.6082,3.8933,206.8634,0.8298
ID375_4_R8_W0.2267_Ang0,ID375_4_R8_W0.2267.csv,0,4.1947,3.6395,395.55,0.614,4.1914,3.6466,395.3924,0.6109
ID375_4_R8_W0.2267_Ang20,ID375_4_R8_W0.2267.csv,20,4.3782,3.8004,347.72,0.621,4.5273,3.7251,331.7635,0.6168
ID375_4_R8_W0.2267_Ang40,ID375_4_R8_W0.2267.csv,40,4.4819,3.9774,317.04,0.656,4.7707,3.6744,302.8966,0.6024
ID375_4_R8_W0.2267_Ang60,ID375_4_R8_W0.2267.csv,60,4.5147,4.1258,301.21,0.717,4.897,3.531,299.1424,0.5955
ID375_4_R8_W0.2267_Ang80,ID375_4_R8_W0.2267.csv,80,4.3371,4.0063,336.12,0.797,4.4955,3.181,394.0252,0.6367
ID380_4_R9_W0.01_Ang0,ID380_4_R9_W0.01.csv,0,4.9279,8.3497,124.92,3.958,4.8811,8.2853,128.3176,3.9165
ID380_4_R9_W0.01_Ang20,ID380_4_R9_W0.01.csv,20,4.8708,8.4596,126.21,4.049,4.9759,8.3181,122.9916,4.0289
ID380_4_R9_W0.01_Ang40,ID380_4_R9_W0.01.csv,40,5.0208,9.6185,104.47,4.583,5.0232,8.9319,112.3933,4.1618
ID380_4_R9_W0.01_Ang60,ID380_4_R9_W0.01.csv,60,4.9811,10.9886,92.91,5.005,5.1821,9.1337,103.27,4.291
ID380_4_R9_W0.01_Ang80,ID380_4_R9_W0.01.csv,80,4.9598,11.1259,92.55,5.284,5.2404,8.7638,105.2486,4.3332
ID381_4_R9_W0.0589_Ang0,ID381_4_R9_W0.0589.csv,0,5.0904,7.0599,138.46,1.761,5.0634,7.0678,139.7859,1.7573
ID381_4_R9_W0.0589_Ang20,ID381_4_R9_W0.0589.csv,20,5.0434,7.222,137.89,1.786,5.1479,7.0305,135.9545,1.7646
ID381_4_R9_W0.0589_Ang40,ID381_4_R9_W0.0589.csv,40,5.115,8.1118,119.35,1.972,5.2285,7.2703,127.4484,1.7887
ID381_4_R9_W0.0589_Ang60,ID381_4_R9_W0.0589.csv,60,5.0074,8.0817,125.0,2.151,5.3288,6.7692,131.7795,1.8535
ID381_4_R9_W0.0589_Ang80,ID381_4_R9_W0.0589.csv,80,5.1272,8.7639,109.95,2.33,5.3552,6.8336,129.2531,1.8517
ID382_4_R9_W0.1078_Ang0,ID382_4_R9_W0.1078.csv,0,5.0843,6.2442,156.93,1.238,5.071,6.2588,157.3871,1.2347
ID382_4_R9_W0.1078_Ang20,ID382_4_R9_W0.1078.csv,20,4.9425,6.1888,167.55,1.248,5.1523,6.0587,157.4918,1.2742
ID382_4_R9_W0.1078_Ang40,ID382_4_R9_W0.1078.csv,40,5.0797,6.8902,142.48,1.355,5.2323,6.1669,150.0348,1.235
ID382_4_R9_W0.1078_Ang60,ID382_4_R9_W0.1078.csv,60,5.0654,7.2062,137.0,1.549,5.3352,5.9171,150.3972,1.332
ID382_4_R9_W0.1078_Ang80,ID382_4_R9_W0.1078.csv,80,5.0979,7.5422,129.23,1.664,5.3941,5.8211,149.5563,1.33
ID383_4_R9_W0.1567_Ang0,ID383_4_R9_W0.1567.csv,0,4.9584,9.3779,109.86,0.967,4.9588,9.3499,110.1734,0.9673
ID383_4_R9_W0.1567_Ang20,ID383_4_R9_W0.1567.csv,20,4.8792,5.576,190.82,0.959,5.0322,5.4385,183.9273,0.9438
ID383_4_R9_W0.1567_Ang40,ID383_4_R9_W0.1567.csv,40,4.923,5.9643,175.24,1.024,5.1383,5.3918,177.9355,0.9417
ID383_4_R9_W0.1567_Ang60,ID383_4_R9_W0.1567.csv,60,4.9517,6.3849,161.8,1.152,5.252,5.2353,175.4099,0.9891
ID383_4_R9_W0.1567_Ang80,ID383_4_R9_W0.1567.csv,80,4.7878,6.1821,178.74,1.304,5.0508,4.8153,206.2069,1.0471
ID384_4_R9_W0.2056_Ang0,ID384_4_R9_W0.2056.csv,0,4.6306,4.8569,243.22,0.778,4.6343,4.8673,242.3166,0.7659
ID384_4_R9_W0.2056_Ang20,ID384_4_R9_W0.2056.csv,20,4.5612,4.9271,247.11,0.763,4.7319,4.8206,234.6723,0.7621
ID384_4_R9_W0.2056_Ang40,ID384_4_R9_W0.2056.csv,40,4.609,5.1766,230.35,0.822,4.9005,4.7766,220.8248,0.753
ID384_4_R9_W0.2056_Ang60,ID384_4_R9_W0.2056.csv,60,4.7026,5.5465,206.51,0.907,5.0026,4.6341,218.4165,0.7532
ID384_4_R9_W0.2056_Ang80,ID384_4_R9_W0.2056.csv,80,4.5521,5.3414,228.86,1.128,4.5053,4.1454,301.0463,0.7999
ID385_4_R9_W0.2544_Ang0,ID385_4_R9_W0.2544.csv,0,3.6918,4.0918,454.19,0.602,3.6851,4.0899,456.0762,0.6101
ID385_4_R9_W0.2544_Ang20,ID385_4_R9_W0.2544.csv,20,3.7572,4.1325,434.21,0.631,3.7303,4.0425,450.3034,0.5775
ID385_4_R9_W0.2544_Ang40,ID385_4_R9_W0.2544.csv,40,3.7042,4.2349,435.92,0.665,3.8719,3.9016,433.0672,0.6193
ID385_4_R9_W0.2544_Ang60,ID385_4_R9_W0.2544.csv,60,4.0045,4.5435,347.66,0.769,3.8938,3.734,447.4267,0.5971
ID385_4_R9_W0.2544_Ang80,ID385_4_R9_W0.2544.csv,80,3.9992,4.6743,338.82,0.787,3.9627,3.6023,447.7833,0.5995
ID390_4_R10_W0.01_Ang0,ID390_4_R10_W0.01.csv,0,4.2952,8.8062,155.91,3.925,4.2777,8.7834,157.6042,3.9039
ID390_4_R10_W0.01_Ang20,ID390_4_R10_W0.01.csv,20,4.4191,9.3058,139.38,4.21,4.3442,9.048,148.3426,4.0379
ID390_4_R10_W0.01_Ang40,ID390_4_R10_W0.01.csv,40,4.517,11.4739,108.2,4.799,4.552,10.3767,117.8078,4.3384
ID390_4_R10_W0.01_Ang60,ID390_4_R10_W0.01.csv,60,4.523,12.1776,101.68,5.236,4.6088,10.2095,116.8066,4.4086
ID390_4_R10_W0.01_Ang80,ID390_4_R10_W0.01.csv,80,4.4766,12.2788,102.94,5.495,4.7003,9.5966,119.4718,4.4518
ID391_4_R10_W0.0644_Ang0,ID391_4_R10_W0.0644.csv,0,4.4853,7.4232,169.62,1.715,4.4613,7.4014,171.9529,1.7259
ID391_4_R10_W0.0644_Ang20,ID391_4_R10_W0.0644.csv,20,4.5113,7.6784,162.09,1.777,4.5521,7.5084,162.8074,1.7311
ID391_4_R10_W0.0644_Ang40,ID391_4_R10_W0.0644.csv,40,4.6425,8.6656,135.62,1.966,4.6425,7.8498,149.7173,1.77
ID391_4_R10_W0.0644_Ang60,ID391_4_R10_W0.0644.csv,60,4.5933,9.2126,130.32,2.12,4.786,7.7071,143.4835,1.8261
ID391_4_R10_W0.0644_Ang80,ID391_4_R10_W0.0644.csv,80,4.6563,10.1555,115.04,2.345,4.835,7.888,137.3669,1.8512
ID392_4_R10_W0.1189_Ang0,ID392_4_R10_W0.1189.csv,0,4.3662,6.4161,207.09,1.382,4.3687,6.4367,206.1879,1.2327
ID392_4_R10_W0.1189_Ang20,ID392_4_R10_W0.1189.csv,20,4.5166,6.9301,179.18,1.259,4.624,6.7923,174.4131,1.2386
ID392_4_R10_W0.1189_Ang40,ID392_4_R10_W0.1189.csv,40,4.5818,7.5191,160.47,1.368,4.7165,6.8346,166.6037,1.2559
ID392_4_R10_W0.1189_Ang60,ID392_4_R10_W0.1189.csv,60,4.6516,8.1993,142.77,1.583,4.7784,6.7991,163.1601,1.2132
ID392_4_R10_W0.1189_Ang80,ID392_4_R10_W0.1189.csv,80,4.6786,8.3907,137.92,1.708,4.7923,6.5861,167.4688,1.2837
ID393_4_R10_W0.1733_Ang0,ID393_4_R10_W0.1733.csv,0,4.3464,5.9435,225.6,0.945,4.3276,5.9264,228.222,0.9376
ID393_4_R10_W0.1733_Ang20,ID393_4_R10_W0.1733.csv,20,4.3939,6.159,213.03,0.966,4.5275,6.0483,204.3107,0.9585
ID393_4_R10_W0.1733_Ang40,ID393_4_R10_W0.1733.csv,40,4.4981,6.6869,187.22,1.034,4.6285,6.0444,195.6162,0.9293
ID393_4_R10_W0.1733_Ang60,ID393_4_R10_W0.1733.csv,60,4.4018,6.7695,193.12,1.215,4.3925,5.5552,236.332,0.9648
ID393_4_R10_W0.1733_Ang80,ID393_4_R10_W0.1733.csv,80,4.5463,7.2773,168.4,1.32,4.6514,5.6533,207.0988,0.9825
ID394_4_R10_W0.2278_Ang0,ID394_4_R10_W0.2278.csv,0,3.823,5.0786,341.26,0.766,3.8405,5.0752,338.3851,0.7745
ID394_4_R10_W0.2278_Ang20,ID394_4_R10_W0.2278.csv,20,4.1369,5.4618,270.99,0.78,4.2099,5.3282,268.24,0.7559
ID394_4_R10_W0.2278_Ang40,ID394_4_R10_W0.2278.csv,40,4.2339,5.8464,241.7,0.825,4.3879,5.3162,247.4676,0.732
ID394_4_R10_W0.2278_Ang60,ID394_4_R10_W0.2278.csv,60,4.1843,6.074,238.19,0.92,4.2904,4.9897,275.7851,0.7337
ID394_4_R10_W0.2278_Ang80,ID394_4_R10_W0.2278.csv,80,4.2679,6.3889,217.66,1.021,4.3536,4.8687,274.4967,0.7417
ID395_4_R10_W0.2822_Ang0,ID395_4_R10_W0.2822.csv,0,3.3127,4.5513,507.17,0.611,3.2642,4.5355,524.1654,0.5937
ID395_4_R10_W0.2822_Ang20,ID395_4_R10_W0.2822.csv,20,3.3274,4.5829,499.22,0.646,3.3293,4.4762,510.5207,0.6212
ID395_4_R10_W0.2822_Ang40,ID395_4_R10_W0.2822.csv,40,3.3559,4.7731,471.21,0.729,3.3816,4.2795,517.6179,0.6297
ID395_4_R10_W0.2822_Ang60,ID395_4_R10_W0.2822.csv,60,3.3554,4.8781,461.21,0.742,3.433,4.0995,524.2666,0.6086
ID395_4_R10_W0.2822_Ang80,ID395_4_R10_W0.2822.csv,80,3.3927,5.012,439.07,0.788,3.4907,3.9486,526.4562,0.6273
ID40_1_R5_W0.01_Ang0,ID40_1_R5_W0.01.csv,0,10.98,3.4716,60.52,2.1,10.9593,3.4755,60.6816,2.1166
ID40_1_R5_W0.01_Ang20,ID40_1_R5_W0.01.csv,20,11.0759,3.5722,57.8,2.273,11.0981,3.4081,60.3422,2.136
ID40_1_R5_W0.01_Ang40,ID40_1_R5_W0.01.csv,40,11.2995,3.885,51.07,2.785,11.4808,3.2499,59.1325,2.1919
ID40_1_R5_W0.01_Ang60,ID40_1_R5_W0.01.csv,60,11.5465,4.3394,43.78,3.506,11.9308,3.1012,57.3818,2.2781
ID40_1_R5_W0.01_Ang80,ID40_1_R5_W0.01.csv,80,11.718,4.7244,39.05,4.095,12.2394,3.0201,55.9886,2.3492
ID420_5_R3_W0.01_Ang0,ID420_5_R3_W0.01.csv,0,18.0292,2.1377,36.45,2.688,18.0285,2.1382,36.4483,2.7012
ID420_5_R3_W0.01_Ang20,ID420_5_R3_W0.01.csv,20,18.0492,2.1935,35.45,2.791,18.1438,2.1189,36.3138,2.7155
ID420_5_R3_W0.01_Ang40,ID420_5_R3_W0.01.csv,40,18.1348,2.3394,32.92,3.049,18.4437,2.0672,36.0212,2.7541
ID420_5_R3_W0.01_Ang60,ID420_5_R3_W0.01.csv,60,18.2213,2.5269,30.19,3.381,18.803,2.0167,35.5259,2.7915
ID420_5_R3_W0.01_Ang80,ID420_5_R3_W0.01.csv,80,18.2972,2.6607,28.44,3.613,18.9978,1.9804,35.4384,2.8279
ID421_5_R3_W0.0256_Ang0,ID421_5_R3_W0.0256.csv,0,17.9802,1.8378,42.63,1.787,17.9661,1.8384,42.6876,1.7915
ID421_5_R3_W0.0256_Ang20,ID421_5_R3_W0.0256.csv,20,18.0159,1.8826,41.45,1.852,18.1045,1.8158,42.5589,1.799
ID421_5_R3_W0.0256_Ang40,ID421_5_R3_W0.0256.csv,40,18.1046,2.0036,38.57,2.025,18.46,1.7627,42.1695,1.8217
ID421_5_R3_W0.0256_Ang60,ID421_5_R3_W0.0256.csv,60,18.2117,2.1586,35.38,2.25,18.8773,1.7086,41.6032,1.8581
ID421_5_R3_W0.0256_Ang80,ID421_5_R3_W0.0256.csv,80,18.2725,2.2699,33.42,2.404,19.1374,1.6715,41.3768,1.8732
ID422_5_R3_W0.0411_Ang0,ID422_5_R3_W0.0411.csv,0,17.6539,1.6216,50.12,1.335,17.6414,1.6218,50.1843,1.3292
ID422_5_R3_W0.0411_Ang20,ID422_5_R3_W0.0411.csv,20,17.6941,1.6588,48.77,1.377,17.801,1.5995,49.9765,1.3367
ID422_5_R3_W0.0411_Ang40,ID422_5_R3_W0.0411.csv,40,17.7927,1.7574,45.53,1.512,18.1923,1.5446,49.5501,1.3623
ID422_5_R3_W0.0411_Ang60,ID422_5_R3_W0.0411.csv,60,17.8976,1.8874,41.9,1.669,18.6522,1.4874,48.9494,1.3824
ID422_5_R3_W0.0411_Ang80,ID422_5_R3_W0.0411.csv,80,17.9692,1.976,39.7,1.795,18.9647,1.448,48.6392,1.4076
ID423_5_R3_W0.0567_Ang0,ID423_5_R3_W0.0567.csv,0,16.8613,1.4483,61.52,1.067,16.8616,1.4477,61.5427,1.0651
ID423_5_R3_W0.0567_Ang20,ID423_5_R3_W0.0567.csv,20,16.8624,1.4678,60.69,1.105,17.0023,1.4145,61.9478,1.0713
ID423_5_R3_W0.0567_Ang40,ID423_5_R3_W0.0567.csv,40,16.9816,1.5419,56.97,1.208,17.4321,1.3563,61.458,1.0947
ID423_5_R3_W0.0567_Ang60,ID423_5_R3_W0.0567.csv,60,17.0652,1.6426,52.95,1.313,17.9483,1.2948,60.7267,1.1156
ID423_5_R3_W0.0567_Ang80,ID423_5_R3_W0.0567.csv,80,17.1432,1.7071,50.49,1.416,18.2915,1.2524,60.4489,1.1386
ID424_5_R3_W0.0722_Ang0,ID424_5_R3_W0.0722.csv,0,14.3812,1.2493,98.04,0.857,14.3979,1.2503,97.7307,0.8492
ID424_5_R3_W0.0722_Ang20,ID424_5_R3_W0.0722.csv,20,14.4394,1.2647,96.06,0.884,14.5638,1.2218,97.7457,0.8565
ID424_5_R3_W0.0722_Ang40,ID424_5_R3_W0.0722.csv,40,14.5567,1.3258,90.17,0.923,15.0212,1.1715,95.8281,0.8571
ID424_5_R3_W0.0722_Ang60,ID424_5_R3_W0.0722.csv,60,14.6396,1.3841,85.39,0.986,15.5523,1.1009,95.1279,0.8683
ID424_5_R3_W0.0722_Ang80,ID424_5_R3_W0.0722.csv,80,14.2983,1.4144,87.6,0.997,15.8286,1.0604,95.3391,0.8579
ID430_5_R4_W0.01_Ang0,ID430_5_R4_W0.01.csv,0,13.5689,2.977,46.21,3.005,13.5713,2.974,46.2442,2.9987
ID430_5_R4_W0.01_Ang20,ID430_5_R4_W0.01.csv,20,13.5825,3.0535,44.97,3.113,13.6602,2.95,46.0154,3.0104
ID430_5_R4_W0.01_Ang40,ID430_5_R4_W0.01.csv,40,13.6236,3.2622,41.83,3.406,13.8917,2.8825,45.5366,3.0692
ID430_5_R4_W0.01_Ang60,ID430_5_R4_W0.01.csv,60,13.6696,3.5372,38.32,3.762,14.183,2.8151,44.7312,3.146
ID430_5_R4_W0.01_Ang80,ID430_5_R4_W0.01.csv,80,13.6994,3.7304,36.18,4.021,14.3692,2.7723,44.2522,3.1772
ID431_5_R4_W0.0311_Ang0,ID431_5_R4_W0.0311.csv,0,13.6764,2.525,53.63,1.841,13.6725,2.5275,53.61,1.8271
ID431_5_R4_W0.0311_Ang20,ID431_5_R4_W0.0311.csv,20,13.7013,2.5827,52.24,1.911,13.7675,2.4964,53.5328,1.8377
ID431_5_R4_W0.0311_Ang40,ID431_5_R4_W0.0311.csv,40,13.7719,2.7562,48.45,2.083,14.0315,2.4327,52.8873,1.8634
ID431_5_R4_W0.0311_Ang60,ID431_5_R4_W0.0311.csv,60,13.8423,2.981,44.35,2.328,14.3463,2.3603,52.1419,1.9194
ID431_5_R4_W0.0311_Ang80,ID431_5_R4_W0.0311.csv,80,13.8846,3.1388,41.86,2.506,14.549,2.311,51.7801,1.9368
ID432_5_R4_W0.0522_Ang0,ID432_5_R4_W0.0522.csv,0,13.5802,2.2401,61.31,1.372,13.5553,2.249,61.2962,1.3773
ID432_5_R4_W0.0522_Ang20,ID432_5_R4_W0.0522.csv,20,13.6131,2.2963,59.52,1.428,13.6653,2.2177,61.1652,1.392
ID432_5_R4_W0.0522_Ang40,ID432_5_R4_W0.0522.csv,40,13.5888,2.4092,56.94,1.563,13.88,2.1127,62.2326,1.4019
ID432_5_R4_W0.0522_Ang60,ID432_5_R4_W0.0522.csv,60,13.6459,2.5983,52.35,1.732,14.2558,2.0401,61.0961,1.4377
ID432_5_R4_W0.0522_Ang80,ID432_5_R4_W0.0522.csv,80,13.6967,2.7312,49.44,1.867,14.5001,1.9898,60.5474,1.4597
ID433_5_R4_W0.0733_Ang0,ID433_5_R4_W0.0733.csv,0,13.0177,1.9871,75.22,1.092,13.0054,1.9854,75.4288,1.0893
ID433_5_R4_W0.0733_Ang20,ID433_5_R4_W0.0733.csv,20,13.0374,2.0277,73.49,1.131,13.1251,1.9531,75.2851,1.093
ID433_5_R4_W0.0733_Ang40,ID433_5_R4_W0.0733.csv,40,12.9455,2.1168,71.4,1.22,13.2802,1.8542,77.4577,1.1085
ID433_5_R4_W0.0733_Ang60,ID433_5_R4_W0.0733.csv,60,12.9874,2.2538,66.63,1.351,13.6987,1.7701,76.2562,1.1326
ID433_5_R4_W0.0733_Ang80,ID433_5_R4_W0.0733.csv,80,13.0134,2.3563,63.48,1.431,13.9791,1.7182,75.4398,1.1357
ID434_5_R4_W0.0944_Ang0,ID434_5_R4_W0.0944.csv,0,11.4287,1.7592,110.24,0.838,11.4491,1.7563,110.0233,0.8379
ID434_5_R4_W0.0944_Ang20,ID434_5_R4_W0.0944.csv,20,11.4609,1.7843,108.08,0.866,11.5757,1.7239,109.6585,0.8456
ID434_5_R4_W0.0944_Ang40,ID434_5_R4_W0.0944.csv,40,11.1861,1.8181,111.35,0.913,11.5442,1.6033,118.5463,0.8432
ID434_5_R4_W0.0944_Ang60,ID434_5_R4_W0.0944.csv,60,11.2512,1.9007,105.27,0.992,11.9607,1.504,117.7315,0.8564
ID434_5_R4_W0.0944_Ang80,ID434_5_R4_W0.0944.csv,80,11.2847,1.9586,101.56,1.042,12.2592,1.4438,116.7344,0.87
ID440_5_R5_W0.01_Ang0,ID440_5_R5_W0.01.csv,0,10.8902,3.9281,54.37,3.305,10.9169,3.923,54.1781,3.3151
ID440_5_R5_W0.01_Ang20,ID440_5_R5_W0.01.csv,20,10.9446,4.1936,50.43,3.462,11.0246,4.0353,51.6459,3.3708
ID440_5_R5_W0.01_Ang40,ID440_5_R5_W0.01.csv,40,10.9715,4.2995,48.94,3.8,11.182,3.7963,53.363,3.4155
ID440_5_R5_W0.01_Ang60,ID440_5_R5_W0.01.csv,60,11.0946,4.6493,44.26,4.238,11.3467,3.7108,53.0183,3.4703
ID440_5_R5_W0.01_Ang80,ID440_5_R5_W0.01.csv,80,11.1717,4.9041,41.39,4.566,11.4303,3.6514,53.0971,3.4833
ID441_5_R5_W0.0367_Ang0,ID441_5_R5_W0.0367.csv,0,11.0648,3.2828,63.02,1.864,11.0678,3.2816,63.0139,1.8634
ID441_5_R5_W0.0367_Ang20,ID441_5_R5_W0.0367.csv,20,11.0904,3.3676,61.15,1.933,11.1379,3.2461,62.904,1.8776
ID441_5_R5_W0.0367_Ang40,ID441_5_R5_W0.0367.csv,40,11.155,3.6018,56.52,2.135,11.3796,3.1615,61.872,1.9149
ID441_5_R5_W0.0367_Ang60,ID441_5_R5_W0.0367.csv,60,11.2512,3.8951,51.37,2.39,11.5875,3.0705,61.4399,1.9503
ID441_5_R5_W0.0367_Ang80,ID441_5_R5_W0.0367.csv,80,11.2992,4.1058,48.32,2.584,11.7316,3.0092,61.161,1.9958
ID442_5_R5_W0.0633_Ang0,ID442_5_R5_W0.0633.csv,0,10.918,2.8564,74.39,1.373,10.92,2.8607,74.256,1.3713
ID442_5_R5_W0.0633_Ang20,ID442_5_R5_W0.0633.csv,20,10.9587,2.928,72.04,1.418,11.0115,2.8161,74.1815,1.3756
ID442_5_R5_W0.0633_Ang40,ID442_5_R5_W0.0633.csv,40,11.0414,3.1122,66.76,1.569,11.2536,2.7283,73.3096,1.3968
ID442_5_R5_W0.0633_Ang60,ID442_5_R5_W0.0633.csv,60,11.1231,3.3517,61.08,1.756,11.5105,2.6299,72.6957,1.426
ID442_5_R5_W0.0633_Ang80,ID442_5_R5_W0.0633.csv,80,11.1726,3.5266,57.54,1.893,11.6903,2.5674,72.1934,1.46
ID443_5_R5_W0.09_Ang0,ID443_5_R5_W0.09.csv,0,10.4261,2.5157,92.63,1.074,10.4561,2.5214,91.8892,1.0729
ID443_5_R5_W0.09_Ang20,ID443_5_R5_W0.09.csv,20,10.4975,2.5749,89.27,1.108,10.5765,2.4823,91.2206,1.0763
ID443_5_R5_W0.09_Ang40,ID443_5_R5_W0.09.csv,40,10.5749,2.7246,83.14,1.217,10.827,2.3832,90.6705,1.0891
ID443_5_R5_W0.09_Ang60,ID443_5_R5_W0.09.csv,60,10.6728,2.9123,76.36,1.362,11.115,2.2796,89.943,1.1112
ID443_5_R5_W0.09_Ang80,ID443_5_R5_W0.09.csv,80,10.7283,3.0464,72.24,1.475,11.2937,2.2132,89.7311,1.1236
ID444_5_R5_W0.1167_Ang0,ID444_5_R5_W0.1167.csv,0,9.1767,2.2175,135.64,0.813,9.1176,2.2102,137.8664,0.8185
ID444_5_R5_W0.1167_Ang20,ID444_5_R5_W0.1167.csv,20,9.3566,2.2901,126.34,0.83,9.4362,2.2051,129.0079,0.8184
ID444_5_R5_W0.1167_Ang40,ID444_5_R5_W0.1167.csv,40,9.4309,2.3772,119.8,0.918,9.7124,2.0888,128.5521,0.8435
ID444_5_R5_W0.1167_Ang60,ID444_5_R5_W0.1167.csv,60,9.5014,2.4931,112.54,1.012,10.0133,1.9668,128.4494,0.8596
ID444_5_R5_W0.1167_Ang80,ID444_5_R5_W0.1167.csv,80,9.5513,2.5852,107.4,1.063,10.2064,1.8882,128.7782,0.8642
ID450_5_R6_W0.01_Ang0,ID450_5_R6_W0.01.csv,0,9.0111,4.8096,64.86,3.557,9.0848,4.8228,63.6382,3.5745
ID450_5_R6_W0.01_Ang20,ID450_5_R6_W0.01.csv,20,9.1967,5.4056,55.4,3.793,9.2368,5.218,56.8983,3.677
ID450_5_R6_W0.01_Ang40,ID450_5_R6_W0.01.csv,40,9.2395,5.7961,51.19,4.172,9.3551,5.1329,56.3866,3.7356
ID450_5_R6_W0.01_Ang60,ID450_5_R6_W0.01.csv,60,9.3134,6.1809,47.25,4.603,9.4993,4.9525,56.6813,3.7875
ID450_5_R6_W0.01_Ang80,ID450_5_R6_W0.01.csv,80,9.363,6.2832,45.99,4.933,9.524,4.6992,59.427,3.778
ID451_5_R6_W0.0422_Ang0,ID451_5_R6_W0.0422.csv,0,9.2131,4.0068,74.48,1.851,9.2484,3.9924,74.1769,1.8587
ID451_5_R6_W0.0422_Ang20,ID451_5_R6_W0.0422.csv,20,9.375,4.2524,67.77,1.962,9.4032,4.1014,69.8474,1.8863
ID451_5_R6_W0.0422_Ang40,ID451_5_R6_W0.0422.csv,40,9.4415,4.55,62.45,2.156,9.5587,4.0121,69.0979,1.9074
ID451_5_R6_W0.0422_Ang60,ID451_5_R6_W0.0422.csv,60,9.4967,4.9481,56.76,2.412,9.7391,3.906,68.3714,1.9437
ID451_5_R6_W0.0422_Ang80,ID451_5_R6_W0.0422.csv,80,9.5636,5.2233,53.02,2.604,9.8373,3.8368,68.222,1.9599
ID452_5_R6_W0.0744_Ang0,ID452_5_R6_W0.0744.csv,0,9.1306,3.4599,87.82,1.351,9.1079,3.4579,88.3071,1.349
ID452_5_R6_W0.0744_Ang20,ID452_5_R6_W0.0744.csv,20,9.2836,3.6139,81.33,1.432,9.3345,3.4884,83.3358,1.3869
ID452_5_R6_W0.0744_Ang40,ID452_5_R6_W0.0744.csv,40,9.3676,3.866,74.66,1.589,9.497,3.3861,82.9419,1.409
ID452_5_R6_W0.0744_Ang60,ID452_5_R6_W0.0744.csv,60,9.4814,4.1743,67.5,1.772,9.6422,3.2687,83.351,1.4051
ID452_5_R6_W0.0744_Ang80,ID452_5_R6_W0.0744.csv,80,9.5131,4.4715,62.6,1.907,9.8347,3.2509,80.5596,1.4065
ID453_5_R6_W0.1067_Ang0,ID453_5_R6_W0.1067.csv,0,8.733,3.051,108.86,1.069,8.7236,3.0431,109.3776,1.0662
ID453_5_R6_W0.1067_Ang20,ID453_5_R6_W0.1067.csv,20,8.9707,3.2194,97.77,1.094,9.0434,3.1003,99.9038,1.0593
ID453_5_R6_W0.1067_Ang40,ID453_5_R6_W0.1067.csv,40,9.0587,3.4221,90.2,1.195,9.2286,2.9912,99.4304,1.0608
ID453_5_R6_W0.1067_Ang60,ID453_5_R6_W0.1067.csv,60,9.1505,3.6706,82.42,1.347,9.4268,2.8631,99.5589,1.0812
ID453_5_R6_W0.1067_Ang80,ID453_5_R6_W0.1067.csv,80,9.1909,3.871,77.46,1.445,9.5693,2.7837,99.3728,1.084
ID454_5_R6_W0.1389_Ang0,ID454_5_R6_W0.1389.csv,0,7.6913,2.6866,159.38,0.798,7.689,2.6821,159.748,0.8092
ID454_5_R6_W0.1389_Ang20,ID454_5_R6_W0.1389.csv,20,7.7786,2.7332,153.17,0.833,7.8198,2.6359,157.1482,0.8166
ID454_5_R6_W0.1389_Ang40,ID454_5_R6_W0.1389.csv,40,8.1191,2.9669,129.52,0.912,8.3503,2.5961,139.9302,0.8369
ID454_5_R6_W0.1389_Ang60,ID454_5_R6_W0.1389.csv,60,8.1975,3.1412,120.0,0.993,8.5854,2.4531,140.0857,0.8291
ID454_5_R6_W0.1389_Ang80,ID454_5_R6_W0.1389.csv,80,8.2112,3.214,116.89,1.096,8.598,2.3235,147.466,0.8724
ID460_5_R7_W0.01_Ang0,ID460_5_R7_W0.01.csv,0,7.7539,5.6928,74.01,3.814,7.73,5.7007,74.3611,3.8085
ID460_5_R7_W0.01_Ang20,ID460_5_R7_W0.01.csv,20,7.8581,6.119,67.04,4.025,7.8969,5.8998,68.8487,3.9024
ID460_5_R7_W0.01_Ang40,ID460_5_R7_W0.01.csv,40,7.8944,7.099,57.25,4.424,8.0637,6.2631,62.1987,4.0063
ID460_5_R7_W0.01_Ang60,ID460_5_R7_W0.01.csv,60,7.9167,7.5924,53.23,4.968,8.1935,6.0613,62.2502,4.1269
ID460_5_R7_W0.01_Ang80,ID460_5_R7_W0.01.csv,80,7.9271,7.5331,53.51,5.266,8.2989,5.6089,65.5727,4.0958
ID461_5_R7_W0.0478_Ang0,ID461_5_R7_W0.0478.csv,0,7.9823,4.732,84.01,1.88,7.9594,4.7391,84.3698,1.8754
ID461_5_R7_W0.0478_Ang20,ID461_5_R7_W0.0478.csv,20,8.0393,4.8605,80.63,1.963,8.0364,4.6844,83.7275,1.9047
ID461_5_R7_W0.0478_Ang40,ID461_5_R7_W0.0478.csv,40,8.0375,5.203,75.36,2.175,8.2317,4.5561,82.0494,1.9618
ID461_5_R7_W0.0478_Ang60,ID461_5_R7_W0.0478.csv,60,8.1442,6.1165,62.44,2.37,8.4427,4.8099,73.8818,1.9374
ID461_5_R7_W0.0478_Ang80,ID461_5_R7_W0.0478.csv,80,8.1473,6.3821,59.79,2.572,8.5607,4.674,73.9489,1.9748
ID462_5_R7_W0.0856_Ang0,ID462_5_R7_W0.0856.csv,0,7.8615,4.0854,100.32,1.336,7.8321,4.0957,100.8223,1.3274
ID462_5_R7_W0.0856_Ang20,ID462_5_R7_W0.0856.csv,20,7.9408,4.1982,95.69,1.399,7.95,4.0518,98.913,1.3463
ID462_5_R7_W0.0856_Ang40,ID462_5_R7_W0.0856.csv,40,8.08,4.5823,84.67,1.556,8.2152,4.008,93.6414,1.3693
ID462_5_R7_W0.0856_Ang60,ID462_5_R7_W0.0856.csv,60,8.1083,4.9836,77.31,1.711,8.4402,3.8933,91.3306,1.4021
ID462_5_R7_W0.0856_Ang80,ID462_5_R7_W0.0856.csv,80,8.1502,5.4719,69.69,1.761,8.6083,3.9589,86.3445,1.3609
ID463_5_R7_W0.1233_Ang0,ID463_5_R7_W0.1233.csv,0,7.4923,3.6101,124.99,1.04,7.5298,3.6032,123.9869,1.0483
ID463_5_R7_W0.1233_Ang20,ID463_5_R7_W0.1233.csv,20,7.5786,3.701,119.16,1.091,7.6263,3.5599,122.3403,1.054
ID463_5_R7_W0.1233_Ang40,ID463_5_R7_W0.1233.csv,40,7.7475,3.9902,105.76,1.188,7.9102,3.4893,116.0185,1.0533
ID463_5_R7_W0.1233_Ang60,ID463_5_R7_W0.1233.csv,60,7.8571,4.3668,93.96,1.298,8.2231,3.3888,110.5397,1.0456
ID463_5_R7_W0.1233_Ang80,ID463_5_R7_W0.1233.csv,80,7.8476,4.582,89.76,1.364,8.4217,3.321,107.5408,1.0629
ID464_5_R7_W0.1611_Ang0,ID464_5_R7_W0.1611.csv,0,6.72,3.1738,176.74,0.808,6.7055,3.1585,178.3548,0.8096
ID464_5_R7_W0.1611_Ang20,ID464_5_R7_W0.1611.csv,20,6.7363,3.2176,173.49,0.838,6.8815,3.1055,172.2433,0.8263
ID464_5_R7_W0.1611_Ang40,ID464_5_R7_W0.1611.csv,40,6.9566,3.4409,152.11,0.9,7.1173,3.0166,165.7631,0.8285
ID464_5_R7_W0.1611_Ang60,ID464_5_R7_W0.1611.csv,60,6.9933,3.6732,141.0,0.97,7.5378,2.8813,154.7229,0.8289
ID464_5_R7_W0.1611_Ang80,ID464_5_R7_W0.1611.csv,80,7.1345,3.944,126.17,0.982,7.7747,2.8539,146.8349,0.7983
ID470_5_R8_W0.01_Ang0,ID470_5_R8_W0.01.csv,0,6.7618,6.5298,84.84,4.006,6.7737,6.5079,84.8305,3.9944
ID470_5_R8_W0.01_Ang20,ID470_5_R8_W0.01.csv,20,6.8148,7.0609,77.25,4.228,6.971,6.7899,76.7681,4.1229
ID470_5_R8_W0.01_Ang40,ID470_5_R8_W0.01.csv,40,6.8776,7.6181,70.29,4.634,7.0853,6.6679,75.6717,4.1736
ID470_5_R8_W0.01_Ang60,ID470_5_R8_W0.01.csv,60,6.9056,8.5712,61.97,5.119,7.2738,6.7514,70.9125,4.3062
ID470_5_R8_W0.01_Ang80,ID470_5_R8_W0.01.csv,80,6.9329,8.7306,60.36,5.519,7.3041,6.4629,73.4642,4.3387
ID471_5_R8_W0.0533_Ang0,ID471_5_R8_W0.0533.csv,0,6.988,5.4011,96.04,1.908,6.9797,5.4202,95.9289,1.9114
ID471_5_R8_W0.0533_Ang20,ID471_5_R8_W0.0533.csv,20,7.0714,5.9637,84.94,1.922,7.1582,5.728,86.3026,1.8821
ID471_5_R8_W0.0533_Ang40,ID471_5_R8_W0.0533.csv,40,7.0394,6.1844,82.65,2.172,7.3131,5.3859,87.939,1.9615
ID471_5_R8_W0.0533_Ang60,ID471_5_R8_W0.0533.csv,60,7.1424,6.7257,73.83,2.425,7.5136,5.2381,85.6575,2.0196
ID471_5_R8_W0.0533_Ang80,ID471_5_R8_W0.0533.csv,80,7.1782,7.1604,68.65,2.631,7.5508,5.1709,85.9184,2.0214
ID472_5_R8_W0.0967_Ang0,ID472_5_R8_W0.0967.csv,0,6.8213,4.6705,116.56,1.324,6.8665,4.6843,114.6906,1.3264
ID472_5_R8_W0.0967_Ang20,ID472_5_R8_W0.0967.csv,20,7.069,5.1725,98.0,1.303,7.1458,4.9775,99.6614,1.2677
ID472_5_R8_W0.0967_Ang40,ID472_5_R8_W0.0967.csv,40,6.9927,5.26,98.49,1.525,7.274,4.6029,104.0069,1.3553
ID472_5_R8_W0.0967_Ang60,ID472_5_R8_W0.0967.csv,60,7.1282,5.819,85.67,1.673,7.5303,4.5135,98.9699,1.3992
ID472_5_R8_W0.0967_Ang80,ID472_5_R8_W0.0967.csv,80,7.1485,6.071,81.65,1.87,7.5823,4.3692,100.8427,1.438
ID473_5_R8_W0.14_Ang0,ID473_5_R8_W0.14.csv,0,6.5373,4.1418,143.1,0.961,6.5452,4.0975,144.3018,1.0137
ID473_5_R8_W0.14_Ang20,ID473_5_R8_W0.14.csv,20,6.7098,4.3071,130.63,1.059,6.7725,4.1461,133.1997,1.0356
ID473_5_R8_W0.14_Ang40,ID473_5_R8_W0.14.csv,40,6.7347,4.6255,120.74,1.127,7.1095,4.0606,123.4186,1.0292
ID473_5_R8_W0.14_Ang60,ID473_5_R8_W0.14.csv,60,6.9156,5.0609,104.65,1.258,7.3742,3.9138,119.0175,1.0686
ID473_5_R8_W0.14_Ang80,ID473_5_R8_W0.14.csv,80,6.9777,5.2889,98.37,1.404,7.465,3.7841,120.1206,1.0968
ID474_5_R8_W0.1833_Ang0,ID474_5_R8_W0.1833.csv,0,5.9172,3.5976,201.09,0.83,5.8616,3.5898,205.3683,0.8164
ID474_5_R8_W0.1833_Ang20,ID474_5_R8_W0.1833.csv,20,6.2525,3.8549,168.08,0.811,6.217,3.725,175.9384,0.7847
ID474_5_R8_W0.1833_Ang40,ID474_5_R8_W0.1833.csv,40,6.0236,4.0418,172.72,0.847,6.4378,3.5345,172.9171,0.7979
ID474_5_R8_W0.1833_Ang60,ID474_5_R8_W0.1833.csv,60,5.7447,3.968,193.43,0.946,6.5061,3.1534,189.7659,0.8651
ID474_5_R8_W0.1833_Ang80,ID474_5_R8_W0.1833.csv,80,6.1793,4.3768,151.57,1.056,6.7075,3.1245,180.1927,0.864
ID480_5_R9_W0.01_Ang0,ID480_5_R9_W0.01.csv,0,6.0656,7.5227,91.52,4.228,6.0651,7.5153,91.6252,4.2291
ID480_5_R9_W0.01_Ang20,ID480_5_R9_W0.01.csv,20,6.1531,8.4024,79.63,4.477,6.225,8.0681,81.0189,4.3374
ID480_5_R9_W0.01_Ang40,ID480_5_R9_W0.01.csv,40,6.1226,8.7139,77.55,4.873,6.3102,7.7101,82.5078,4.414
ID480_5_R9_W0.01_Ang60,ID480_5_R9_W0.01.csv,60,6.0552,10.093,68.45,5.247,6.4898,7.8928,76.1975,4.5128
ID480_5_R9_W0.01_Ang80,ID480_5_R9_W0.01.csv,80,6.026,9.3893,74.29,5.601,6.5211,7.0369,84.6478,4.5107
ID481_5_R9_W0.0589_Ang0,ID481_5_R9_W0.0589.csv,0,6.178,6.1087,108.64,1.9,6.2863,6.1333,104.5071,1.9325
ID481_5_R9_W0.0589_Ang20,ID481_5_R9_W0.0589.csv,20,6.3386,6.657,94.7,1.952,6.4104,6.4148,96.0911,1.8925
ID481_5_R9_W0.0589_Ang40,ID481_5_R9_W0.0589.csv,40,6.3272,6.9843,90.59,2.152,6.5252,6.1498,96.7371,1.9487
ID481_5_R9_W0.0589_Ang60,ID481_5_R9_W0.0589.csv,60,6.2282,7.3251,89.15,2.439,6.6696,5.7075,99.7695,2.0652
ID481_5_R9_W0.0589_Ang80,ID481_5_R9_W0.0589.csv,80,6.2813,7.7749,82.57,2.605,6.7489,5.6587,98.2783,2.0849
ID482_5_R9_W0.1078_Ang0,ID482_5_R9_W0.1078.csv,0,6.1268,5.2884,127.6,1.334,6.1669,5.3236,125.1126,1.3322
ID482_5_R9_W0.1078_Ang20,ID482_5_R9_W0.1078.csv,20,6.3113,5.6745,112.07,1.365,6.4039,5.4747,112.8228,1.3105
ID482_5_R9_W0.1078_Ang40,ID482_5_R9_W0.1078.csv,40,6.2554,5.9455,108.88,1.535,6.5345,5.2499,112.9983,1.3494
ID482_5_R9_W0.1078_Ang60,ID482_5_R9_W0.1078.csv,60,6.2478,6.3442,102.28,1.723,6.551,4.871,121.1741,1.433
ID482_5_R9_W0.1078_Ang80,ID482_5_R9_W0.1078.csv,80,6.2658,6.673,96.69,1.904,6.7214,4.8006,116.7941,1.4871
ID483_5_R9_W0.1567_Ang0,ID483_5_R9_W0.1567.csv,0,5.7753,4.631,163.99,1.021,5.8809,4.6362,157.9741,1.0376
ID483_5_R9_W0.1567_Ang20,ID483_5_R9_W0.1567.csv,20,5.5775,4.6909,173.58,1.026,6.0416,4.5344,153.043,1.0742
ID483_5_R9_W0.1567_Ang40,ID483_5_R9_W0.1567.csv,40,5.6447,4.9373,161.02,1.117,6.2537,4.3856,147.6857,1.088
ID483_5_R9_W0.1567_Ang60,ID483_5_R9_W0.1567.csv,60,5.9613,5.4451,130.9,1.32,6.3014,4.1847,152.4428,1.1211
ID483_5_R9_W0.1567_Ang80,ID483_5_R9_W0.1567.csv,80,5.9879,5.719,123.53,1.415,6.424,4.0729,150.7028,1.1222
ID484_5_R9_W0.2056_Ang0,ID484_5_R9_W0.2056.csv,0,5.2182,4.0439,230.03,0.811,5.3175,4.0613,220.5743,0.8155
ID484_5_R9_W0.2056_Ang20,ID484_5_R9_W0.2056.csv,20,5.2214,4.1178,225.63,0.831,5.3499,3.9805,222.3372,0.8079
ID484_5_R9_W0.2056_Ang40,ID484_5_R9_W0.2056.csv,40,5.1959,4.2993,218.23,0.885,5.5868,3.7778,214.8184,0.8367
ID484_5_R9_W0.2056_Ang60,ID484_5_R9_W0.2056.csv,60,5.448,4.7715,178.85,0.957,5.8431,3.6626,202.5648,0.8303
ID484_5_R9_W0.2056_Ang80,ID484_5_R9_W0.2056.csv,80,5.369,4.7791,183.87,1.059,5.8668,3.4289,214.6288,0.8719
ID490_5_R10_W0.01_Ang0,ID490_5_R10_W0.01.csv,0,5.5017,8.1892,102.19,4.408,5.3837,8.2349,106.1235,4.3462
ID490_5_R10_W0.01_Ang20,ID490_5_R10_W0.01.csv,20,5.4038,9.2351,93.93,4.593,5.6402,8.8805,89.663,4.5628
ID490_5_R10_W0.01_Ang40,ID490_5_R10_W0.01.csv,40,5.3436,9.8408,90.15,4.966,5.7717,8.6204,88.2066,4.6253
ID490_5_R10_W0.01_Ang60,ID490_5_R10_W0.01.csv,60,5.3511,10.3559,85.42,5.434,5.8425,8.1992,90.5041,4.6927
ID490_5_R10_W0.01_Ang80,ID490_5_R10_W0.01.csv,80,5.4251,10.8111,79.61,6.324,5.8706,8.1354,90.3441,4.7541
ID491_5_R10_W0.0644_Ang0,ID491_5_R10_W0.0644.csv,0,5.7445,7.0514,108.86,1.898,5.6938,7.0851,110.2782,1.8725
ID491_5_R10_W0.0644_Ang20,ID491_5_R10_W0.0644.csv,20,5.5388,7.2845,113.35,1.925,5.8394,6.9274,107.2332,1.9075
ID491_5_R10_W0.0644_Ang40,ID491_5_R10_W0.0644.csv,40,5.4892,7.489,112.25,2.151,5.9348,6.4863,110.8745,2.0134
ID491_5_R10_W0.0644_Ang60,ID491_5_R10_W0.0644.csv,60,5.5329,8.0943,102.22,2.402,6.0056,6.3041,111.406,2.0542
ID491_5_R10_W0.0644_Ang80,ID491_5_R10_W0.0644.csv,80,5.6666,8.6577,91.12,2.676,6.0774,6.265,109.4685,2.0574
ID492_5_R10_W0.1189_Ang0,ID492_5_R10_W0.1189.csv,0,5.5648,5.8706,139.33,1.316,5.4302,5.8445,146.9824,1.3026
ID492_5_R10_W0.1189_Ang20,ID492_5_R10_W0.1189.csv,20,5.3177,5.9624,150.24,1.349,5.7233,5.7512,134.4599,1.3811
ID492_5_R10_W0.1189_Ang40,ID492_5_R10_W0.1189.csv,40,5.4347,6.4495,132.97,1.528,5.8198,5.5858,133.8879,1.4373
ID492_5_R10_W0.1189_Ang60,ID492_5_R10_W0.1189.csv,60,5.5013,6.9582,120.28,1.683,5.9375,5.4007,133.0395,1.4342
ID492_5_R10_W0.1189_Ang80,ID492_5_R10_W0.1189.csv,80,5.6091,7.3906,108.94,1.954,6.0169,5.2951,132.1347,1.4698
ID493_5_R10_W0.1733_Ang0,ID493_5_R10_W0.1733.csv,0,5.201,5.0982,183.67,0.992,5.2038,5.095,183.5948,1.0056
ID493_5_R10_W0.1733_Ang20,ID493_5_R10_W0.1733.csv,20,5.066,5.158,191.35,1.044,5.37,5.0023,175.5997,1.058
ID493_5_R10_W0.1733_Ang40,ID493_5_R10_W0.1733.csv,40,5.3298,5.628,158.44,1.157,5.5319,4.8411,170.9822,1.0937
ID493_5_R10_W0.1733_Ang60,ID493_5_R10_W0.1733.csv,60,5.2885,6.0221,150.39,1.259,5.7159,4.6621,166.3012,1.0976
ID493_5_R10_W0.1733_Ang80,ID493_5_R10_W0.1733.csv,80,5.3975,6.3172,137.63,1.403,5.705,4.487,173.4474,1.105
ID494_5_R10_W0.2278_Ang0,ID494_5_R10_W0.2278.csv,0,4.7363,4.561,247.57,0.794,4.794,4.5762,240.8441,0.7924
ID494_5_R10_W0.2278_Ang20,ID494_5_R10_W0.2278.csv,20,4.8708,4.7791,223.4,0.783,5.0477,4.603,215.9765,0.7758
ID494_5_R10_W0.2278_Ang40,ID494_5_R10_W0.2278.csv,40,4.9105,5.0041,209.93,0.878,5.1335,4.2952,223.7883,0.8399
ID494_5_R10_W0.2278_Ang60,ID494_5_R10_W0.2278.csv,60,4.7073,5.0537,226.19,0.982,5.2535,3.9478,232.4854,0.8944
ID494_5_R10_W0.2278_Ang80,ID494_5_R10_W0.2278.csv,80,4.9889,5.5154,184.52,1.056,5.3915,3.9215,222.2138,0.9048
ID50_1_R6_W0.01_Ang0,ID50_1_R6_W0.01.csv,0,9.2258,4.1925,70.98,2.214,9.1912,4.2131,71.17,2.1926
ID50_1_R6_W0.01_Ang20,ID50_1_R6_W0.01.csv,20,9.3397,4.3394,66.92,2.394,9.3146,4.1499,70.3527,2.2015
ID50_1_R6_W0.01_Ang40,ID50_1_R6_W0.01.csv,40,9.5657,4.8194,57.44,2.989,9.6815,4.0353,66.97,2.3326
ID50_1_R6_W0.01_Ang60,ID50_1_R6_W0.01.csv,60,9.8308,5.4745,47.88,3.772,10.0699,3.9023,64.0127,2.4401
ID50_1_R6_W0.01_Ang80,ID50_1_R6_W0.01.csv,80,10.0023,5.9682,42.42,4.417,10.2884,3.8041,62.9057,2.4895
ID520_6_R3_W0.01_Ang0,ID520_6_R3_W0.01.csv,0,13.5094,5.6197,24.7,7.882,13.4941,5.6308,24.7048,7.8601
ID520_6_R3_W0.01_Ang20,ID520_6_R3_W0.01.csv,20,13.4984,5.6845,24.46,7.957,13.5154,5.6255,24.6503,7.8973
ID520_6_R3_W0.01_Ang40,ID520_6_R3_W0.01.csv,40,13.4635,5.8272,23.98,8.117,13.5968,5.599,24.4715,7.9761
ID520_6_R3_W0.01_Ang60,ID520_6_R3_W0.01.csv,60,13.4138,6.0027,23.45,8.33,13.6587,5.5778,24.3422,8.0134
ID520_6_R3_W0.01_Ang80,ID520_6_R3_W0.01.csv,80,13.3734,6.1268,23.12,8.425,13.7206,5.5458,24.2621,8.0235
ID521_6_R3_W0.0156_Ang0,ID521_6_R3_W0.0156.csv,0,13.7424,5.1396,26.1,6.58,13.7349,5.146,26.0929,6.5723
ID521_6_R3_W0.0156_Ang20,ID521_6_R3_W0.0156.csv,20,13.7261,5.1964,25.87,6.634,13.7635,5.1334,26.0479,6.5988
ID521_6_R3_W0.0156_Ang40,ID521_6_R3_W0.0156.csv,40,13.7001,5.3249,25.34,6.804,13.8164,5.1153,25.9404,6.6514
ID521_6_R3_W0.0156_Ang60,ID521_6_R3_W0.0156.csv,60,13.6634,5.4887,24.72,6.969,13.8935,5.1076,25.6922,6.6829
ID521_6_R3_W0.0156_Ang80,ID521_6_R3_W0.0156.csv,80,13.6449,5.6015,24.29,7.116,13.9685,5.0747,25.5818,6.7631
ID522_6_R3_W0.0211_Ang0,ID522_6_R3_W0.0211.csv,0,13.9765,4.7193,27.48,5.689,13.9829,4.7231,27.4297,5.7042
ID522_6_R3_W0.0211_Ang20,ID522_6_R3_W0.0211.csv,20,13.9692,4.7796,27.16,5.75,14.0071,4.7231,27.3351,5.7124
ID522_6_R3_W0.0211_Ang40,ID522_6_R3_W0.0211.csv,40,13.9505,4.9122,26.5,5.907,14.0801,4.7074,27.1425,5.7842
ID522_6_R3_W0.0211_Ang60,ID522_6_R3_W0.0211.csv,60,13.9109,5.0737,25.8,6.027,14.132,4.6875,27.0579,5.8152
ID522_6_R3_W0.0211_Ang80,ID522_6_R3_W0.0211.csv,80,13.8923,5.1772,25.35,6.143,14.1799,4.6742,26.9518,5.8091
ID523_6_R3_W0.0267_Ang0,ID523_6_R3_W0.0267.csv,0,14.2078,4.3499,28.85,5.029,14.2029,4.3475,28.8833,5.0261
ID523_6_R3_W0.0267_Ang20,ID523_6_R3_W0.0267.csv,20,14.2011,4.4009,28.54,5.107,14.2274,4.3517,28.7561,5.0592
ID523_6_R3_W0.0267_Ang40,ID523_6_R3_W0.0267.csv,40,14.169,4.5375,27.81,5.215,14.2918,4.3402,28.5728,5.0893
ID523_6_R3_W0.0267_Ang60,ID523_6_R3_W0.0267.csv,60,14.1169,4.6857,27.13,5.347,14.3794,4.3265,28.3154,5.1751
ID523_6_R3_W0.0267_Ang80,ID523_6_R3_W0.0267.csv,80,14.1,4.7884,26.61,5.428,14.4236,4.3066,28.2717,5.1825
ID524_6_R3_W0.0322_Ang0,ID524_6_R3_W0.0322.csv,0,14.3858,4.0262,30.4,4.508,14.3851,4.0276,30.3927,4.5144
ID524_6_R3_W0.0322_Ang20,ID524_6_R3_W0.0322.csv,20,14.3686,4.0743,30.11,4.552,14.4148,4.024,30.2946,4.5352
ID524_6_R3_W0.0322_Ang40,ID524_6_R3_W0.0322.csv,40,14.3446,4.2059,29.27,4.661,14.4826,4.0164,30.0683,4.5632
ID524_6_R3_W0.0322_Ang60,ID524_6_R3_W0.0322.csv,60,14.3017,4.3415,28.52,4.799,14.5557,3.997,29.9121,4.5909
ID524_6_R3_W0.0322_Ang80,ID524_6_R3_W0.0322.csv,80,14.2753,4.4322,28.04,4.864,14.6157,3.9805,29.7892,4.6412
ID525_6_R3_W0.0378_Ang0,ID525_6_R3_W0.0378.csv,0,14.5364,3.7314,32.13,4.08,14.5348,3.7318,32.1295,4.0645
ID525_6_R3_W0.0378_Ang20,ID525_6_R3_W0.0378.csv,20,14.5291,3.774,31.8,4.153,14.5757,3.724,32.0165,4.1269
ID525_6_R3_W0.0378_Ang40,ID525_6_R3_W0.0378.csv,40,14.4957,3.894,30.96,4.236,14.6582,3.7142,31.7404,4.1506
ID525_6_R3_W0.0378_Ang60,ID525_6_R3_W0.0378.csv,60,14.455,4.0302,30.08,4.366,14.7351,3.6974,31.5529,4.1933
ID525_6_R3_W0.0378_Ang80,ID525_6_R3_W0.0378.csv,80,14.4309,4.1133,29.57,4.432,14.7894,3.6808,31.4629,4.2065
ID526_6_R3_W0.0433_Ang0,ID526_6_R3_W0.0433.csv,0,14.6564,3.4685,34.0,3.762,14.6561,3.4692,33.9921,3.7797
ID526_6_R3_W0.0433_Ang20,ID526_6_R3_W0.0433.csv,20,14.6472,3.5124,33.61,3.796,14.6898,3.4625,33.9018,3.7744
ID526_6_R3_W0.0433_Ang40,ID526_6_R3_W0.0433.csv,40,14.6043,3.6188,32.82,3.883,14.7694,3.4441,33.7166,3.811
ID526_6_R3_W0.0433_Ang60,ID526_6_R3_W0.0433.csv,60,14.564,3.7092,32.2,4.007,14.8641,3.4249,33.4747,3.8467
ID526_6_R3_W0.0433_Ang80,ID526_6_R3_W0.0433.csv,80,14.5391,3.8231,31.34,4.068,14.9211,3.4085,33.3794,3.8425
ID527_6_R3_W0.0489_Ang0,ID527_6_R3_W0.0489.csv,0,14.7549,3.2095,36.25,3.481,14.7433,3.2044,36.3674,3.466
ID527_6_R3_W0.0489_Ang20,ID527_6_R3_W0.0489.csv,20,14.7293,3.2468,35.96,3.522,14.7834,3.1996,36.224,3.4859
ID527_6_R3_W0.0489_Ang40,ID527_6_R3_W0.0489.csv,40,14.6958,3.3464,35.05,3.605,14.8832,3.179,35.9718,3.5238
ID527_6_R3_W0.0489_Ang60,ID527_6_R3_W0.0489.csv,60,14.6386,3.43,34.46,3.689,14.9661,3.1564,35.829,3.5534
ID527_6_R3_W0.0489_Ang80,ID527_6_R3_W0.0489.csv,80,14.64,3.445,34.31,3.711,15.0482,3.0665,36.4774,3.4915
ID528_6_R3_W0.0544_Ang0,ID528_6_R3_W0.0544.csv,0,14.787,2.9634,39.09,3.22,14.7824,2.9624,39.1291,3.2186
ID528_6_R3_W0.0544_Ang20,ID528_6_R3_W0.0544.csv,20,14.7712,3.005,38.63,3.235,14.8196,2.9561,39.0168,3.2135
ID528_6_R3_W0.0544_Ang40,ID528_6_R3_W0.0544.csv,40,14.7173,3.0843,37.92,3.325,14.9159,2.9351,38.79,3.246
ID528_6_R3_W0.0544_Ang60,ID528_6_R3_W0.0544.csv,60,14.6775,3.1787,36.99,3.421,15.0317,2.9111,38.5086,3.2769
ID528_6_R3_W0.0544_Ang80,ID528_6_R3_W0.0544.csv,80,14.6601,3.18,37.06,3.454,15.0995,2.8297,39.2617,3.2442
ID529_6_R3_W0.06_Ang0,ID529_6_R3_W0.06.csv,0,14.7555,2.7247,42.7,2.969,14.7631,2.7234,42.6754,2.9676
ID529_6_R3_W0.06_Ang20,ID529_6_R3_W0.06.csv,20,14.7392,2.763,42.2,3.007,14.7903,2.7149,42.6507,2.9807
ID529_6_R3_W0.06_Ang40,ID529_6_R3_W0.06.csv,40,14.6823,2.8379,41.4,3.073,14.8969,2.6958,42.3408,3.0087
ID529_6_R3_W0.06_Ang60,ID529_6_R3_W0.06.csv,60,14.6452,2.9257,40.37,3.172,15.01,2.673,42.0616,3.0249
ID529_6_R3_W0.06_Ang80,ID529_6_R3_W0.06.csv,80,14.6304,2.9327,40.35,3.176,15.1249,2.5967,42.6422,3.0262
ID530_6_R4_W0.01_Ang0,ID530_6_R4_W0.01.csv,0,9.9516,7.9378,32.22,8.607,9.9649,7.8889,32.3354,8.605
ID530_6_R4_W0.01_Ang20,ID530_6_R4_W0.01.csv,20,9.9675,8.0447,31.69,8.737,9.9872,7.8602,32.3089,8.6185
ID530_6_R4_W0.01_Ang40,ID530_6_R4_W0.01.csv,40,9.9737,8.6034,29.6,9.086,10.0686,8.2415,30.3179,8.8712
ID530_6_R4_W0.01_Ang60,ID530_6_R4_W0.01.csv,60,9.901,8.8781,29.1,9.328,10.1286,8.1752,30.2025,8.9804
ID530_6_R4_W0.01_Ang80,ID530_6_R4_W0.01.csv,80,9.8045,9.4383,27.92,9.618,10.0144,8.6418,29.227,9.2408
ID531_6_R4_W0.0178_Ang0,ID531_6_R4_W0.0178.csv,0,10.1371,7.0562,34.93,6.76,10.1755,7.0732,34.5871,6.781
ID531_6_R4_W0.0178_Ang20,ID531_6_R4_W0.0178.csv,20,10.1891,7.5394,32.36,7.071,10.2146,7.4385,32.637,7.0101
ID531_6_R4_W0.0178_Ang40,ID531_6_R4_W0.0178.csv,40,10.1899,7.7625,31.43,7.258,10.2648,7.4178,32.4091,7.0144
ID531_6_R4_W0.0178_Ang60,ID531_6_R4_W0.0178.csv,60,10.1551,7.9988,30.71,7.419,10.3191,7.3494,32.3671,7.0457
ID531_6_R4_W0.0178_Ang80,ID531_6_R4_W0.0178.csv,80,10.0941,8.3136,29.9,7.522,10.3142,7.5416,31.5725,7.1539
ID532_6_R4_W0.0256_Ang0,ID532_6_R4_W0.0256.csv,0,10.4189,6.7337,34.65,5.909,10.394,6.7412,34.7808,5.8616
ID532_6_R4_W0.0256_Ang20,ID532_6_R4_W0.0256.csv,20,10.4154,6.8343,34.17,5.966,10.4135,6.7472,34.6194,5.8747
ID532_6_R4_W0.0256_Ang40,ID532_6_R4_W0.0256.csv,40,10.4107,7.0522,33.14,6.112,10.461,6.7254,34.417,5.8943
ID532_6_R4_W0.0256_Ang60,ID532_6_R4_W0.0256.csv,60,10.3485,7.4368,31.81,6.238,10.5157,6.8847,33.2718,5.9707
ID532_6_R4_W0.0256_Ang80,ID532_6_R4_W0.0256.csv,80,10.342,7.5942,31.19,6.352,10.5405,6.8614,33.2282,5.9977
ID533_6_R4_W0.0333_Ang0,ID533_6_R4_W0.0333.csv,0,10.5828,6.1603,36.71,5.091,10.6084,6.1881,36.3736,5.1179
ID533_6_R4_W0.0333_Ang20,ID533_6_R4_W0.0333.csv,20,10.603,6.2586,36.0,5.181,10.6092,6.1739,36.4519,5.1225
ID533_6_R4_W0.0333_Ang40,ID533_6_R4_W0.0333.csv,40,10.5933,6.4678,34.9,5.285,10.6913,6.1627,35.9589,5.1698
ID533_6_R4_W0.0333_Ang60,ID533_6_R4_W0.0333.csv,60,10.5999,6.7117,33.59,5.457,10.7244,6.1526,35.7959,5.1765
ID533_6_R4_W0.0333_Ang80,ID533_6_R4_W0.0333.csv,80,10.5496,6.9719,32.65,5.539,10.7482,6.2766,34.9339,5.2013
ID534_6_R4_W0.0411_Ang0,ID534_6_R4_W0.0411.csv,0,10.7445,5.6844,38.6,4.508,10.7043,5.65,39.1273,4.4674
ID534_6_R4_W0.0411_Ang20,ID534_6_R4_W0.0411.csv,20,10.7632,5.7842,37.8,4.574,10.7706,5.6714,38.5014,4.5087
ID534_6_R4_W0.0411_Ang40,ID534_6_R4_W0.0411.csv,40,10.7664,5.9749,36.57,4.698,10.8299,5.668,38.1037,4.527
ID534_6_R4_W0.0411_Ang60,ID534_6_R4_W0.0411.csv,60,10.7328,6.2889,34.97,4.846,10.8838,5.7701,37.0592,4.6022
ID534_6_R4_W0.0411_Ang80,ID534_6_R4_W0.0411.csv,80,10.7303,6.4171,34.28,4.917,10.9214,5.7426,36.9802,4.6072
ID535_6_R4_W0.0489_Ang0,ID535_6_R4_W0.0489.csv,0,10.8651,5.2442,40.92,4.041,10.8653,5.2421,40.931,4.0438
ID535_6_R4_W0.0489_Ang20,ID535_6_R4_W0.0489.csv,20,10.898,5.3357,39.97,4.118,10.906,5.2394,40.6465,4.0675
ID535_6_R4_W0.0489_Ang40,ID535_6_R4_W0.0489.csv,40,10.9181,5.5247,38.46,4.22,10.9861,5.2202,40.2036,4.0986
ID535_6_R4_W0.0489_Ang60,ID535_6_R4_W0.0489.csv,60,10.879,5.8165,36.8,4.377,11.0259,5.3148,39.2036,4.1465
ID535_6_R4_W0.0489_Ang80,ID535_6_R4_W0.0489.csv,80,10.8718,5.9357,36.1,4.426,11.0719,5.2861,39.0897,4.1716
ID536_6_R4_W0.0567_Ang0,ID536_6_R4_W0.0567.csv,0,10.9669,4.8333,43.57,3.669,10.9863,4.8515,43.2576,3.6995
ID536_6_R4_W0.0567_Ang20,ID536_6_R4_W0.0567.csv,20,11.0043,4.9245,42.48,3.738,11.0323,4.8436,42.9678,3.7049
ID536_6_R4_W0.0567_Ang40,ID536_6_R4_W0.0567.csv,40,11.0255,5.1059,40.81,3.844,11.0958,4.8272,42.6214,3.7351
ID536_6_R4_W0.0567_Ang60,ID536_6_R4_W0.0567.csv,60,11.0033,5.3652,39.0,3.984,11.1602,4.8891,41.5974,3.7636
ID536_6_R4_W0.0567_Ang80,ID536_6_R4_W0.0567.csv,80,10.9785,5.4811,38.34,4.035,11.2047,4.8705,41.4259,3.8136
ID537_6_R4_W0.0644_Ang0,ID537_6_R4_W0.0644.csv,0,11.0284,4.4555,46.74,3.367,11.0414,4.4531,46.6579,3.354
ID537_6_R4_W0.0644_Ang20,ID537_6_R4_W0.0644.csv,20,11.0789,4.5407,45.45,3.424,11.0953,4.4704,46.0274,3.3757
ID537_6_R4_W0.0644_Ang40,ID537_6_R4_W0.0644.csv,40,11.0852,4.7948,42.99,3.541,11.1726,4.5349,44.7467,3.4373
ID537_6_R4_W0.0644_Ang60,ID537_6_R4_W0.0644.csv,60,11.0518,5.0238,41.28,3.636,11.2407,4.5724,43.844,3.4688
ID537_6_R4_W0.0644_Ang80,ID537_6_R4_W0.0644.csv,80,11.2251,4.7758,42.09,3.802,11.3041,4.195,47.2536,3.4925
ID538_6_R4_W0.0722_Ang0,ID538_6_R4_W0.0722.csv,0,11.0637,4.1047,50.41,3.114,11.0753,4.1092,50.255,3.1034
ID538_6_R4_W0.0722_Ang20,ID538_6_R4_W0.0722.csv,20,11.115,4.1747,49.11,3.173,11.1302,4.0919,49.97,3.132
ID538_6_R4_W0.0722_Ang40,ID538_6_R4_W0.0722.csv,40,11.1332,4.4119,46.32,3.271,11.2391,4.1737,48.0457,3.1787
ID538_6_R4_W0.0722_Ang60,ID538_6_R4_W0.0722.csv,60,11.1197,4.5641,44.89,3.357,11.3172,4.1377,47.797,3.1787
ID538_6_R4_W0.0722_Ang80,ID538_6_R4_W0.0722.csv,80,11.1024,4.6567,44.13,3.412,11.368,4.0986,47.8234,3.2045
ID539_6_R4_W0.08_Ang0,ID539_6_R4_W0.08.csv,0,11.0308,3.745,55.59,2.855,11.0361,3.751,55.4445,2.8651
ID539_6_R4_W0.08_Ang20,ID539_6_R4_W0.08.csv,20,11.1123,3.8293,53.57,2.955,11.1496,3.7662,54.1027,2.9401
ID539_6_R4_W0.08_Ang40,ID539_6_R4_W0.08.csv,40,11.147,3.9692,51.36,3.033,11.2416,3.7464,53.5012,2.926
ID539_6_R4_W0.08_Ang60,ID539_6_R4_W0.08.csv,60,11.1081,4.1883,49.01,3.094,11.3102,3.7801,52.383,2.9434
ID539_6_R4_W0.08_Ang80,ID539_6_R4_W0.08.csv,80,11.0959,4.2736,48.14,3.147,11.3654,3.7443,52.3727,2.9544
ID540_6_R5_W0.01_Ang0,ID540_6_R5_W0.01.csv,0,7.9785,10.6028,37.53,9.706,7.975,10.5709,37.6761,9.7008
ID540_6_R5_W0.01_Ang20,ID540_6_R5_W0.01.csv,20,7.9783,10.778,36.92,9.829,7.9735,10.6743,37.3258,9.7726
ID540_6_R5_W0.01_Ang40,ID540_6_R5_W0.01.csv,40,8.0375,10.954,35.8,10.126,7.9103,10.5857,38.2419,9.6751
ID540_6_R5_W0.01_Ang60,ID540_6_R5_W0.01.csv,60,8.0108,11.2613,35.05,10.358,7.9337,10.4717,38.4301,9.692
ID540_6_R5_W0.01_Ang80,ID540_6_R5_W0.01.csv,80,7.7902,12.733,32.78,10.724,7.8559,11.7473,34.9393,10.1567
ID541_6_R5_W0.02_Ang0,ID541_6_R5_W0.02.csv,0,8.2442,9.6131,38.77,7.378,8.2359,9.6385,38.7442,7.3317
ID541_6_R5_W0.02_Ang20,ID541_6_R5_W0.02.csv,20,8.2354,9.7476,38.32,7.468,8.2472,9.4858,39.2602,7.2961
ID541_6_R5_W0.02_Ang40,ID541_6_R5_W0.02.csv,40,8.1721,10.4559,36.28,7.649,8.1347,10.1798,37.6023,7.4452
ID541_6_R5_W0.02_Ang60,ID541_6_R5_W0.02.csv,60,8.2524,10.4075,35.74,7.861,8.1844,9.916,38.1358,7.353
ID541_6_R5_W0.02_Ang80,ID541_6_R5_W0.02.csv,80,8.0791,11.209,34.62,8.019,8.123,10.3603,37.0536,7.5495
ID542_6_R5_W0.03_Ang0,ID542_6_R5_W0.03.csv,0,8.358,8.6344,42.0,5.966,8.3733,8.6606,41.7159,5.9843
ID542_6_R5_W0.03_Ang20,ID542_6_R5_W0.03.csv,20,8.3829,8.8451,40.75,6.087,8.4215,8.5553,41.7475,6.0446
ID542_6_R5_W0.03_Ang40,ID542_6_R5_W0.03.csv,40,8.3414,9.3462,38.95,6.267,8.5015,8.7734,39.9466,6.1883
ID542_6_R5_W0.03_Ang60,ID542_6_R5_W0.03.csv,60,8.3156,10.0008,36.63,3.963,8.3524,9.3321,38.9079,6.1382
ID542_6_R5_W0.03_Ang80,ID542_6_R5_W0.03.csv,80,8.2566,10.2691,36.18,6.57,8.344,9.4611,38.4549,6.2319
ID543_6_R5_W0.04_Ang0,ID543_6_R5_W0.04.csv,0,8.5006,7.8249,44.8,5.145,8.4815,7.8023,45.1315,5.1524
ID543_6_R5_W0.04_Ang20,ID543_6_R5_W0.04.csv,20,8.4221,7.9019,45.19,5.136,8.6405,7.7435,43.8152,5.2287
ID543_6_R5_W0.04_Ang40,ID543_6_R5_W0.04.csv,40,8.521,8.5285,40.91,5.382,8.6565,8.0539,41.9707,5.3131
ID543_6_R5_W0.04_Ang60,ID543_6_R5_W0.04.csv,60,8.5122,8.7335,40.03,5.57,8.7407,8.0046,41.4202,5.415
ID543_6_R5_W0.04_Ang80,ID543_6_R5_W0.04.csv,80,8.3933,9.4757,37.95,5.618,8.5379,8.6424,40.2074,5.3452
ID544_6_R5_W0.05_Ang0,ID544_6_R5_W0.05.csv,0,8.6121,7.1614,47.69,4.481,8.6106,7.1877,47.5314,4.4977
ID544_6_R5_W0.05_Ang20,ID544_6_R5_W0.05.csv,20,8.4958,7.2213,48.6,4.503,8.7935,7.1241,45.9822,4.6685
ID544_6_R5_W0.05_Ang40,ID544_6_R5_W0.05.csv,40,8.63,7.8161,43.51,4.716,8.8103,7.3722,44.2657,4.698
ID544_6_R5_W0.05_Ang60,ID544_6_R5_W0.05.csv,60,8.6917,7.7853,43.07,4.99,8.9485,7.0312,44.9898,4.8869
ID544_6_R5_W0.05_Ang80,ID544_6_R5_W0.05.csv,80,8.5351,8.7027,39.95,4.928,8.7118,7.8803,42.3532,4.6805
ID545_6_R5_W0.06_Ang0,ID545_6_R5_W0.06.csv,0,8.7047,6.5648,50.92,4.041,8.7203,6.5693,50.7053,4.0299
ID545_6_R5_W0.06_Ang20,ID545_6_R5_W0.06.csv,20,8.631,6.8718,49.48,4.053,8.8408,6.8148,47.5563,4.1253
ID545_6_R5_W0.06_Ang40,ID545_6_R5_W0.06.csv,40,8.7111,7.1969,46.38,4.241,8.9132,6.7826,47.0083,4.1938
ID545_6_R5_W0.06_Ang60,ID545_6_R5_W0.06.csv,60,8.7594,7.4361,44.4,4.467,9.0238,6.6908,46.4918,4.3573
ID545_6_R5_W0.06_Ang80,ID545_6_R5_W0.06.csv,80,8.6603,8.0088,42.17,4.391,8.8619,7.2049,44.7667,4.1808
ID546_6_R5_W0.07_Ang0,ID546_6_R5_W0.07.csv,0,8.7738,6.1018,53.93,3.543,8.778,6.0938,53.946,3.5473
ID546_6_R5_W0.07_Ang20,ID546_6_R5_W0.07.csv,20,8.7701,6.5508,50.27,3.691,8.8862,6.4545,49.6986,3.7117
ID546_6_R5_W0.07_Ang40,ID546_6_R5_W0.07.csv,40,8.7713,6.624,49.7,3.753,8.9905,6.2426,50.201,3.713
ID546_6_R5_W0.07_Ang60,ID546_6_R5_W0.07.csv,60,8.8251,6.8957,47.17,3.936,9.0807,6.2115,49.4544,3.778
ID546_6_R5_W0.07_Ang80,ID546_6_R5_W0.07.csv,80,8.7847,7.2649,45.18,3.984,9.0361,6.4745,47.9152,3.8072
ID547_6_R5_W0.08_Ang0,ID547_6_R5_W0.08.csv,0,8.8125,5.5867,58.38,3.305,8.8924,5.6304,56.8945,3.3654
ID547_6_R5_W0.08_Ang20,ID547_6_R5_W0.08.csv,20,8.8364,6.1634,52.63,3.3,8.9171,6.1057,52.1744,3.3059
ID547_6_R5_W0.08_Ang40,ID547_6_R5_W0.08.csv,40,8.8298,6.2196,52.24,3.43,9.0196,5.9055,52.7243,3.4056
ID547_6_R5_W0.08_Ang60,ID547_6_R5_W0.08.csv,60,8.8586,6.3347,50.96,3.524,9.1595,5.6927,53.0377,3.4601
ID547_6_R5_W0.08_Ang80,ID547_6_R5_W0.08.csv,80,8.8956,6.5946,48.54,3.683,9.1859,5.8092,51.675,3.5121
ID548_6_R5_W0.09_Ang0,ID548_6_R5_W0.09.csv,0,8.8501,5.1086,63.31,3.08,8.8374,5.1209,63.335,3.0977
ID548_6_R5_W0.09_Ang20,ID548_6_R5_W0.09.csv,20,8.8257,5.3696,60.56,3.06,8.915,5.3074,60.0504,3.0617
ID548_6_R5_W0.09_Ang40,ID548_6_R5_W0.09.csv,40,8.89,5.9096,54.23,3.095,9.0192,5.609,55.5163,3.0327
ID548_6_R5_W0.09_Ang60,ID548_6_R5_W0.09.csv,60,8.8992,5.947,53.78,3.261,9.1597,5.3795,56.1222,3.1651
ID548_6_R5_W0.09_Ang80,ID548_6_R5_W0.09.csv,80,8.9374,6.052,52.4,3.377,9.236,5.3109,55.912,3.2604
ID549_6_R5_W0.1_Ang0,ID549_6_R5_W0.1.csv,0,8.7854,4.6756,70.19,2.78,8.7941,4.6747,70.0656,2.7972
ID549_6_R5_W0.1_Ang20,ID549_6_R5_W0.1.csv,20,8.9113,4.9682,64.2,2.825,8.8832,4.8473,66.2216,2.7909
ID549_6_R5_W0.1_Ang40,ID549_6_R5_W0.1.csv,40,8.8691,5.3792,59.86,2.813,9.0252,5.125,60.6778,2.7651
ID549_6_R5_W0.1_Ang80,ID549_6_R5_W0.1.csv,80,8.9389,5.5479,57.14,3.096,9.255,4.8506,60.9662,2.9915
ID550_6_R6_W0.01_Ang0,ID550_6_R6_W0.01.csv,0,6.5964,13.0123,44.74,10.5,6.5666,12.9853,45.238,10.3813
ID550_6_R6_W0.01_Ang20,ID550_6_R6_W0.01.csv,20,6.5848,13.1554,44.41,10.563,6.5863,12.989,44.9551,10.455
ID550_6_R6_W0.01_Ang40,ID550_6_R6_W0.01.csv,40,6.542,14.5051,40.8,10.909,6.5492,14.2025,41.5813,10.6924
ID550_6_R6_W0.01_Ang60,ID550_6_R6_W0.01.csv,60,6.6418,14.5373,39.5,11.396,6.6154,13.665,42.3567,10.7311
ID550_6_R6_W0.01_Ang80,ID550_6_R6_W0.01.csv,80,6.4542,16.2389,37.44,11.63,6.4773,15.1758,39.7833,10.9635
ID551_6_R6_W0.0222_Ang0,ID551_6_R6_W0.0222.csv,0,6.8454,11.4246,47.32,7.534,6.8164,11.5375,47.252,7.45
ID551_6_R6_W0.0222_Ang20,ID551_6_R6_W0.0222.csv,20,6.8326,11.5951,46.79,7.57,6.8589,11.4949,46.8407,7.5167
ID551_6_R6_W0.0222_Ang40,ID551_6_R6_W0.0222.csv,40,6.8983,12.0186,44.29,7.879,6.8986,11.5484,46.0894,7.6038
ID551_6_R6_W0.0222_Ang60,ID551_6_R6_W0.0222.csv,60,6.8511,12.3328,43.76,7.993,6.9775,11.5018,45.2355,7.7073
ID551_6_R6_W0.0222_Ang80,ID551_6_R6_W0.0222.csv,80,6.8436,12.6575,42.73,8.141,7.0093,11.4792,44.9133,7.8022
ID552_6_R6_W0.0344_Ang0,ID552_6_R6_W0.0344.csv,0,6.9927,10.4087,49.77,6.059,7.0207,10.426,49.2901,6.0849
ID552_6_R6_W0.0344_Ang20,ID552_6_R6_W0.0344.csv,20,6.9987,10.5247,49.14,6.127,7.0008,10.3983,49.7028,6.0531
ID552_6_R6_W0.0344_Ang40,ID552_6_R6_W0.0344.csv,40,6.9995,11.3388,45.6,6.319,7.0118,10.9195,47.1821,6.0732
ID552_6_R6_W0.0344_Ang60,ID552_6_R6_W0.0344.csv,60,6.987,11.2208,46.24,6.435,7.1112,10.3884,48.2184,6.2001
ID552_6_R6_W0.0344_Ang80,ID552_6_R6_W0.0344.csv,80,6.9557,11.248,46.55,6.639,7.0803,10.1962,49.5556,6.1801
ID553_6_R6_W0.0467_Ang0,ID553_6_R6_W0.0467.csv,0,7.0893,9.3418,53.95,5.187,7.1034,9.3966,53.4233,5.1924
ID553_6_R6_W0.0467_Ang20,ID553_6_R6_W0.0467.csv,20,7.1595,9.6166,51.39,5.318,7.1161,9.3343,53.5894,5.2018
ID553_6_R6_W0.0467_Ang40,ID553_6_R6_W0.0467.csv,40,7.1697,10.2779,47.94,5.456,7.1278,9.8562,50.5845,5.1619
ID553_6_R6_W0.0467_Ang60,ID553_6_R6_W0.0467.csv,60,7.1449,10.7085,46.34,5.523,7.2005,9.8268,49.7173,5.2071
ID553_6_R6_W0.0467_Ang80,ID553_6_R6_W0.0467.csv,80,7.081,11.1082,45.48,5.537,7.203,10.0386,48.6333,5.2138
ID554_6_R6_W0.0589_Ang0,ID554_6_R6_W0.0589.csv,0,7.1741,8.533,57.68,4.455,7.2108,8.5926,56.6951,4.5072
ID554_6_R6_W0.0589_Ang20,ID554_6_R6_W0.0589.csv,20,7.3118,8.8491,53.54,4.631,7.2444,8.5635,56.3618,4.5225
ID554_6_R6_W0.0589_Ang40,ID554_6_R6_W0.0589.csv,40,7.3004,9.4637,50.22,4.762,7.1954,8.9124,54.8958,4.4672
ID554_6_R6_W0.0589_Ang60,ID554_6_R6_W0.0589.csv,60,7.2612,9.837,48.84,4.84,7.3131,9.0412,52.3854,4.5654
ID554_6_R6_W0.0589_Ang80,ID554_6_R6_W0.0589.csv,80,7.2074,10.1536,48.02,4.945,7.3042,9.1751,51.7473,4.6023
ID555_6_R6_W0.0711_Ang0,ID555_6_R6_W0.0711.csv,0,7.3678,7.8914,59.13,4.075,7.2693,7.8279,61.2369,4.0947
ID555_6_R6_W0.0711_Ang20,ID555_6_R6_W0.0711.csv,20,7.3793,7.9963,58.17,4.133,7.4566,7.9513,57.2953,4.1559
ID555_6_R6_W0.0711_Ang40,ID555_6_R6_W0.0711.csv,40,7.4238,8.6882,52.9,4.346,7.3198,8.2436,57.3488,4.1683
ID555_6_R6_W0.0711_Ang60,ID555_6_R6_W0.0711.csv,60,7.3506,8.9619,52.31,4.354,7.3513,8.234,56.9254,4.0838
ID555_6_R6_W0.0711_Ang80,ID555_6_R6_W0.0711.csv,80,7.3201,9.129,51.78,4.455,7.3139,7.9825,59.3207,4.0099
ID556_6_R6_W0.0833_Ang0,ID556_6_R6_W0.0833.csv,0,7.3757,7.1991,64.68,3.664,7.3736,7.2504,64.2573,3.6815
ID556_6_R6_W0.0833_Ang20,ID556_6_R6_W0.0833.csv,20,7.5382,7.714,57.79,3.9,7.4487,7.6117,59.9794,3.7749
ID556_6_R6_W0.0833_Ang40,ID556_6_R6_W0.0833.csv,40,7.4861,7.967,56.73,3.898,7.4269,7.624,60.2346,3.6735
ID556_6_R6_W0.0833_Ang60,ID556_6_R6_W0.0833.csv,60,7.4178,8.3242,55.3,4.0,7.4405,7.4859,61.1215,3.6785
ID556_6_R6_W0.0833_Ang80,ID556_6_R6_W0.0833.csv,80,7.3565,8.4215,55.58,4.007,7.517,7.528,59.548,3.7283
ID557_6_R6_W0.0956_Ang0,ID557_6_R6_W0.0956.csv,0,7.4043,6.6568,69.41,3.359,7.398,6.6544,69.5499,3.3776
ID557_6_R6_W0.0956_Ang20,ID557_6_R6_W0.0956.csv,20,7.5824,7.0683,62.33,3.585,7.4942,7.01,64.3384,3.4239
ID557_6_R6_W0.0956_Ang40,ID557_6_R6_W0.0956.csv,40,7.5295,7.3389,60.88,3.612,7.422,6.8305,67.3211,3.278
ID557_6_R6_W0.0956_Ang60,ID557_6_R6_W0.0956.csv,60,7.406,7.7609,59.51,3.551,7.5935,7.083,62.0216,3.4544
ID557_6_R6_W0.0956_Ang80,ID557_6_R6_W0.0956.csv,80,7.4641,7.6809,59.19,3.746,7.5737,6.7953,64.9861,3.3835
ID558_6_R6_W0.1078_Ang0,ID558_6_R6_W0.1078.csv,0,7.4208,6.1441,74.86,3.083,7.4571,6.185,73.6479,3.1338
ID558_6_R6_W0.1078_Ang20,ID558_6_R6_W0.1078.csv,20,7.6061,6.6396,65.94,3.214,7.5167,6.5773,68.1614,3.0599
ID558_6_R6_W0.1078_Ang40,ID558_6_R6_W0.1078.csv,40,7.4863,6.6765,67.7,3.27,7.5113,6.2739,71.5606,3.0619
ID558_6_R6_W0.1078_Ang60,ID558_6_R6_W0.1078.csv,60,7.4103,6.9576,66.3,3.285,7.7106,6.2483,68.1878,3.1882
ID558_6_R6_W0.1078_Ang80,ID558_6_R6_W0.1078.csv,80,7.4501,7.2524,62.93,3.336,7.625,6.3569,68.5363,3.1089
ID559_6_R6_W0.12_Ang0,ID559_6_R6_W0.12.csv,0,7.5011,5.6358,79.88,2.821,7.5456,5.6341,78.9641,2.8742
ID559_6_R6_W0.12_Ang20,ID559_6_R6_W0.12.csv,20,7.6056,6.1155,71.6,2.916,7.4835,6.026,75.0594,2.7426
ID559_6_R6_W0.12_Ang40,ID559_6_R6_W0.12.csv,40,7.392,6.3399,73.12,2.792,7.6406,6.1065,71.0546,2.8189
ID559_6_R6_W0.12_Ang60,ID559_6_R6_W0.12.csv,60,7.4044,6.334,72.94,2.98,7.6829,5.7319,74.8673,2.9136
ID559_6_R6_W0.12_Ang80,ID559_6_R6_W0.12.csv,80,7.4522,6.6861,68.22,3.062,7.5775,5.7848,76.2612,2.7746
ID560_6_R7_W0.01_Ang0,ID560_6_R7_W0.01.csv,0,5.5721,16.9451,48.15,11.426,5.5999,16.9792,47.5727,11.5754
ID560_6_R7_W0.01_Ang20,ID560_6_R7_W0.01.csv,20,5.5638,17.5966,46.5,11.641,5.5631,17.5244,46.7043,11.5546
ID560_6_R7_W0.01_Ang40,ID560_6_R7_W0.01.csv,40,5.5736,16.7788,48.6,11.519,5.6246,16.4982,48.531,11.4714
ID560_6_R7_W0.01_Ang60,ID560_6_R7_W0.01.csv,60,5.5397,18.5077,44.6,12.116,5.5721,17.4221,46.8276,11.6184
ID560_6_R7_W0.01_Ang80,ID560_6_R7_W0.01.csv,80,5.5294,18.4358,44.94,12.179,5.6315,17.141,46.5965,11.6902
ID561_6_R7_W0.0244_Ang0,ID561_6_R7_W0.0244.csv,0,5.7093,16.0377,48.45,7.796,5.7061,16.0204,48.5612,7.7929
ID561_6_R7_W0.0244_Ang20,ID561_6_R7_W0.0244.csv,20,5.7014,16.1831,48.15,7.851,5.71,16.0655,48.3593,7.8089
ID561_6_R7_W0.0244_Ang40,ID561_6_R7_W0.0244.csv,40,5.6955,16.528,47.25,8.0,5.7205,16.0018,48.3726,7.8434
ID561_6_R7_W0.0244_Ang60,ID561_6_R7_W0.0244.csv,60,5.7658,15.5754,48.92,8.14,5.8979,14.632,49.7665,7.9332
ID561_6_R7_W0.0244_Ang80,ID561_6_R7_W0.0244.csv,80,5.7299,16.3519,47.18,8.302,5.8771,15.1322,48.4636,8.0831
ID562_6_R7_W0.0389_Ang0,ID562_6_R7_W0.0389.csv,0,5.8789,14.2502,51.43,6.09,5.8848,14.2529,51.3178,6.0896
ID562_6_R7_W0.0389_Ang20,ID562_6_R7_W0.0389.csv,20,5.8799,14.3981,50.89,6.138,5.9029,14.1807,51.2632,6.092
ID562_6_R7_W0.0389_Ang40,ID562_6_R7_W0.0389.csv,40,5.9699,13.7358,51.74,6.295,6.049,13.0605,53.0041,6.1864
ID562_6_R7_W0.0389_Ang60,ID562_6_R7_W0.0389.csv,60,5.977,14.1363,50.16,6.532,6.0583,13.1259,52.5796,6.2241
ID562_6_R7_W0.0389_Ang80,ID562_6_R7_W0.0389.csv,80,5.8529,15.4413,47.89,6.593,5.971,14.1561,50.1887,6.2887
ID563_6_R7_W0.0533_Ang0,ID563_6_R7_W0.0533.csv,0,6.1068,11.8549,57.29,5.107,6.1166,11.8656,57.0593,5.1005
ID563_6_R7_W0.0533_Ang20,ID563_6_R7_W0.0533.csv,20,6.1411,12.0483,55.75,5.218,6.1265,11.8787,56.8121,5.1024
ID563_6_R7_W0.0533_Ang40,ID563_6_R7_W0.0533.csv,40,6.1314,12.489,53.95,5.4,6.1776,11.7718,56.3837,5.1819
ID563_6_R7_W0.0533_Ang60,ID563_6_R7_W0.0533.csv,60,6.1019,13.1218,51.85,5.561,6.1834,12.0803,54.8415,5.2959
ID563_6_R7_W0.0533_Ang80,ID563_6_R7_W0.0533.csv,80,6.0369,13.8001,50.36,5.519,6.1361,12.5007,53.8168,5.1752
ID564_6_R7_W0.0678_Ang0,ID564_6_R7_W0.0678.csv,0,6.2217,11.1227,58.83,4.51,6.2189,11.0926,59.0444,4.5021
ID564_6_R7_W0.0678_Ang20,ID564_6_R7_W0.0678.csv,20,6.2316,11.2924,57.76,4.603,6.2322,11.1119,58.6904,4.5365
ID564_6_R7_W0.0678_Ang40,ID564_6_R7_W0.0678.csv,40,6.2333,11.6491,55.96,4.712,6.2573,11.1236,58.1596,4.5826
ID564_6_R7_W0.0678_Ang60,ID564_6_R7_W0.0678.csv,60,6.2284,11.9898,54.46,4.935,6.2968,11.0443,57.8448,4.6758
ID564_6_R7_W0.0678_Ang80,ID564_6_R7_W0.0678.csv,80,6.2152,12.2561,53.5,5.004,6.2921,11.0233,58.0411,4.599
ID565_6_R7_W0.0822_Ang0,ID565_6_R7_W0.0822.csv,0,6.3055,10.1418,62.82,4.032,6.3217,10.1624,62.3706,4.0462
ID565_6_R7_W0.0822_Ang20,ID565_6_R7_W0.0822.csv,20,6.3169,10.3345,61.42,4.106,6.3267,10.1993,62.0467,4.0448
ID565_6_R7_W0.0822_Ang40,ID565_6_R7_W0.0822.csv,40,6.3325,10.6784,59.15,4.243,6.355,10.1466,61.8136,4.0806
ID565_6_R7_W0.0822_Ang60,ID565_6_R7_W0.0822.csv,60,6.2504,11.484,56.46,4.226,6.3368,10.5976,59.5241,4.0366
ID565_6_R7_W0.0822_Ang80,ID565_6_R7_W0.0822.csv,80,6.3216,11.2439,56.37,4.478,6.4111,10.0716,61.1902,4.1123
ID566_6_R7_W0.0967_Ang0,ID566_6_R7_W0.0967.csv,0,6.3765,9.2438,67.39,3.649,6.3929,9.2855,66.7471,3.6545
ID566_6_R7_W0.0967_Ang20,ID566_6_R7_W0.0967.csv,20,6.403,9.4317,65.51,3.697,6.3973,9.2917,66.6124,3.636
ID566_6_R7_W0.0967_Ang40,ID566_6_R7_W0.0967.csv,40,6.4151,9.7474,63.15,3.854,6.432,9.2461,66.2191,3.6844
ID566_6_R7_W0.0967_Ang60,ID566_6_R7_W0.0967.csv,60,6.3932,10.2604,60.4,3.878,6.4505,9.4564,64.3753,3.6245
ID566_6_R7_W0.0967_Ang80,ID566_6_R7_W0.0967.csv,80,6.392,10.4405,59.38,3.967,6.4785,9.3699,64.4108,3.6436
ID567_6_R7_W0.1111_Ang0,ID567_6_R7_W0.1111.csv,0,6.4683,8.4995,71.23,3.347,6.4577,8.4953,71.5008,3.3507
ID567_6_R7_W0.1111_Ang20,ID567_6_R7_W0.1111.csv,20,6.4474,8.6546,70.41,3.338,6.4281,8.4768,72.3174,3.274
ID567_6_R7_W0.1111_Ang40,ID567_6_R7_W0.1111.csv,40,6.4825,8.9442,67.39,3.497,6.478,8.4138,71.7403,3.3223
ID567_6_R7_W0.1111_Ang60,ID567_6_R7_W0.1111.csv,60,6.4492,9.5001,64.11,3.512,6.5219,8.7063,68.401,3.3023
ID567_6_R7_W0.1111_Ang80,ID567_6_R7_W0.1111.csv,80,6.4418,9.6579,63.2,3.629,6.5588,8.591,68.5403,3.3565
ID568_6_R7_W0.1256_Ang0,ID568_6_R7_W0.1256.csv,0,6.492,7.787,77.18,3.106,6.4815,7.7492,77.8088,3.0932
ID568_6_R7_W0.1256_Ang20,ID568_6_R7_W0.1256.csv,20,6.4667,7.9475,76.22,3.08,6.3836,7.6189,81.5859,2.9376
ID568_6_R7_W0.1256_Ang40,ID568_6_R7_W0.1256.csv,40,6.4956,8.3859,71.59,3.13,6.4994,7.8027,76.8492,2.9723
ID568_6_R7_W0.1256_Ang60,ID568_6_R7_W0.1256.csv,60,6.4825,8.7584,68.82,3.214,6.5616,7.9048,74.4279,2.9882
ID568_6_R7_W0.1256_Ang80,ID568_6_R7_W0.1256.csv,80,6.4682,8.9534,67.62,3.29,6.5901,7.9052,73.7799,3.02
ID569_6_R7_W0.14_Ang0,ID569_6_R7_W0.14.csv,0,6.4991,7.2066,83.22,2.803,6.4901,7.1925,83.6104,2.7968
ID569_6_R7_W0.14_Ang20,ID569_6_R7_W0.14.csv,20,6.4095,7.3273,84.15,2.698,6.509,7.2623,82.3275,2.7153
ID569_6_R7_W0.14_Ang40,ID569_6_R7_W0.14.csv,40,6.4941,7.5892,79.14,2.86,6.4206,6.9,89.0521,2.6564
ID569_6_R7_W0.14_Ang60,ID569_6_R7_W0.14.csv,60,6.4913,8.0401,74.77,2.916,6.5809,7.2259,80.9432,2.7262
ID569_6_R7_W0.14_Ang80,ID569_6_R7_W0.14.csv,80,6.4812,8.1556,73.94,2.997,6.5935,7.0681,82.4338,2.7318
ID570_6_R8_W0.01_Ang0,ID570_6_R8_W0.01.csv,0,4.9133,19.6499,53.4,12.23,4.9055,19.68,53.4874,12.1593
ID570_6_R8_W0.01_Ang20,ID570_6_R8_W0.01.csv,20,4.8641,20.0418,53.42,12.203,4.9179,19.6652,53.2567,12.2021
ID570_6_R8_W0.01_Ang40,ID570_6_R8_W0.01.csv,40,4.8263,20.4912,53.07,12.332,4.9728,19.5756,52.3276,12.3532
ID570_6_R8_W0.01_Ang60,ID570_6_R8_W0.01.csv,60,4.7622,20.6582,54.07,12.554,4.9425,19.45,53.3121,12.3035
ID570_6_R8_W0.01_Ang80,ID570_6_R8_W0.01.csv,80,4.7401,21.7366,51.86,12.559,4.9553,20.1227,51.2642,12.5411
ID571_6_R8_W0.0267_Ang0,ID571_6_R8_W0.0267.csv,0,5.1708,16.3953,57.78,7.968,5.1759,16.3787,57.7279,7.9482
ID571_6_R8_W0.0267_Ang20,ID571_6_R8_W0.0267.csv,20,4.9931,18.5839,54.67,7.905,5.0022,18.3523,55.1595,7.8448
ID571_6_R8_W0.0267_Ang40,ID571_6_R8_W0.0267.csv,40,5.0295,18.5784,53.9,8.112,5.0899,17.7636,55.0417,7.9456
ID571_6_R8_W0.0267_Ang60,ID571_6_R8_W0.0267.csv,60,5.0222,18.0499,55.64,8.1,5.1474,17.0887,55.9433,7.9072
ID571_6_R8_W0.0267_Ang80,ID571_6_R8_W0.0267.csv,80,5.0453,18.5963,53.51,9.076,5.2017,16.9561,55.2105,8.1073
ID572_6_R8_W0.0433_Ang0,ID572_6_R8_W0.0433.csv,0,5.2726,14.9951,60.76,6.096,5.3005,14.9298,60.3875,6.1626
ID572_6_R8_W0.0433_Ang20,ID572_6_R8_W0.0433.csv,20,5.2359,15.6598,59.0,6.057,5.2615,15.4185,59.3447,6.0553
ID572_6_R8_W0.0433_Ang40,ID572_6_R8_W0.0433.csv,40,5.1605,16.843,56.47,6.291,5.1925,16.3131,57.59,6.1556
ID572_6_R8_W0.0433_Ang60,ID572_6_R8_W0.0433.csv,60,5.1311,17.3251,55.53,6.355,5.2118,16.2873,57.2546,6.1817
ID572_6_R8_W0.0433_Ang80,ID572_6_R8_W0.0433.csv,80,5.1247,17.7512,54.33,6.527,5.2308,16.2732,56.8889,6.2007
ID573_6_R8_W0.06_Ang0,ID573_6_R8_W0.06.csv,0,5.3991,13.4128,64.79,5.098,5.4221,13.4018,64.2895,5.1222
ID573_6_R8_W0.06_Ang20,ID573_6_R8_W0.06.csv,20,5.3792,14.0084,62.49,5.19,5.401,13.8542,62.6767,5.1583
ID573_6_R8_W0.06_Ang40,ID573_6_R8_W0.06.csv,40,5.3309,14.6544,60.82,5.28,5.3941,14.121,61.6515,5.2236
ID573_6_R8_W0.06_Ang60,ID573_6_R8_W0.06.csv,60,5.2763,15.5857,58.38,5.298,5.3689,14.5655,60.3308,5.1462
ID573_6_R8_W0.06_Ang80,ID573_6_R8_W0.06.csv,80,5.2676,15.9385,57.27,5.427,5.3803,14.5404,60.1803,5.1737
ID574_6_R8_W0.0767_Ang0,ID574_6_R8_W0.0767.csv,0,5.4771,12.6546,66.73,4.48,5.4662,12.6674,66.9247,4.5586
ID574_6_R8_W0.0767_Ang20,ID574_6_R8_W0.0767.csv,20,5.4639,12.7905,66.34,4.536,5.4728,12.5689,67.2851,4.4751
ID574_6_R8_W0.0767_Ang40,ID574_6_R8_W0.0767.csv,40,5.4295,13.8485,62.05,4.546,5.4473,13.2107,64.6179,4.4221
ID574_6_R8_W0.0767_Ang60,ID574_6_R8_W0.0767.csv,60,5.4094,14.2943,60.56,4.646,5.4607,13.1459,64.6174,4.3828
ID574_6_R8_W0.0767_Ang80,ID574_6_R8_W0.0767.csv,80,5.4085,14.5717,59.43,4.712,5.4653,13.1682,64.4002,4.3865
ID575_6_R8_W0.0933_Ang0,ID575_6_R8_W0.0933.csv,0,5.551,11.4685,71.68,3.957,5.5251,11.3678,72.9935,3.9128
ID575_6_R8_W0.0933_Ang20,ID575_6_R8_W0.0933.csv,20,5.5404,11.9832,68.86,3.936,5.54,11.7026,70.5236,3.8874
ID575_6_R8_W0.0933_Ang40,ID575_6_R8_W0.0933.csv,40,5.525,12.6442,65.63,4.045,5.5538,12.0337,68.2438,3.9213
ID575_6_R8_W0.0933_Ang60,ID575_6_R8_W0.0933.csv,60,5.512,13.094,63.67,4.108,5.5539,12.0399,68.2061,3.9118
ID575_6_R8_W0.0933_Ang80,ID575_6_R8_W0.0933.csv,80,5.5071,13.4061,62.3,4.219,5.5488,12.0163,68.4656,3.8994
ID576_6_R8_W0.11_Ang0,ID576_6_R8_W0.11.csv,0,5.586,10.4321,77.82,3.503,5.5467,10.2752,80.1283,3.4834
ID576_6_R8_W0.11_Ang20,ID576_6_R8_W0.11.csv,20,5.6027,11.1465,72.4,3.517,5.6063,10.8794,74.0758,3.495
ID576_6_R8_W0.11_Ang40,ID576_6_R8_W0.11.csv,40,5.5886,11.5903,69.97,3.646,5.6658,11.0048,71.7023,3.5738
ID576_6_R8_W0.11_Ang60,ID576_6_R8_W0.11.csv,60,5.6058,11.9688,67.35,3.745,5.6241,10.947,73.1542,3.5158
ID576_6_R8_W0.11_Ang80,ID576_6_R8_W0.11.csv,80,5.5984,12.2588,65.93,3.867,5.6662,11.0263,71.5527,3.5487
ID577_6_R8_W0.1267_Ang0,ID577_6_R8_W0.1267.csv,0,5.6347,9.7412,81.9,3.194,5.6265,9.7047,82.4491,3.1663
ID577_6_R8_W0.1267_Ang20,ID577_6_R8_W0.1267.csv,20,5.6744,10.3042,76.35,3.224,5.6781,10.0834,77.9155,3.1873
ID577_6_R8_W0.1267_Ang40,ID577_6_R8_W0.1267.csv,40,5.6424,10.6093,74.99,3.277,5.7379,10.0553,76.5127,3.2658
ID577_6_R8_W0.1267_Ang60,ID577_6_R8_W0.1267.csv,60,5.6737,11.002,71.52,3.45,5.6716,9.9147,79.4234,3.1865
ID577_6_R8_W0.1267_Ang80,ID577_6_R8_W0.1267.csv,80,5.6604,11.2385,70.35,3.494,5.7368,9.9363,77.459,3.244
ID578_6_R8_W0.1433_Ang0,ID578_6_R8_W0.1433.csv,0,5.624,8.9186,89.79,2.831,5.6781,9.0227,87.0742,2.8696
ID578_6_R8_W0.1433_Ang20,ID578_6_R8_W0.1433.csv,20,5.7026,9.3441,83.36,2.927,5.7258,9.1861,84.1079,2.9033
ID578_6_R8_W0.1433_Ang40,ID578_6_R8_W0.1433.csv,40,5.6804,9.7134,80.82,2.977,5.771,9.1514,83.11,2.964
ID578_6_R8_W0.1433_Ang60,ID578_6_R8_W0.1433.csv,60,5.7066,10.0768,77.19,3.137,5.7441,9.0461,84.8675,2.9331
ID578_6_R8_W0.1433_Ang80,ID578_6_R8_W0.1433.csv,80,5.6884,10.3414,75.7,3.171,5.7948,9.1386,82.5432,2.9352
ID579_6_R8_W0.16_Ang0,ID579_6_R8_W0.16.csv,0,5.6542,8.232,96.25,2.561,5.666,8.2075,96.1348,2.5806
ID579_6_R8_W0.16_Ang20,ID579_6_R8_W0.16.csv,20,5.7091,8.503,91.4,2.656,5.729,8.3069,92.9054,2.6583
ID579_6_R8_W0.16_Ang40,ID579_6_R8_W0.16.csv,40,5.6931,8.7989,88.82,2.73,5.7981,8.297,90.8119,2.7273
ID579_6_R8_W0.16_Ang60,ID579_6_R8_W0.16.csv,60,5.6936,9.1188,85.69,2.919,5.717,8.0983,95.7006,2.6461
ID579_6_R8_W0.16_Ang80,ID579_6_R8_W0.16.csv,80,5.6953,9.3126,83.85,2.885,5.8065,8.1757,91.8932,2.7142
ID580_6_R9_W0.01_Ang0,ID580_6_R9_W0.01.csv,0,4.308,22.6081,60.37,12.69,4.3283,22.4282,60.2864,12.6776
ID580_6_R9_W0.01_Ang20,ID580_6_R9_W0.01.csv,20,4.3631,21.7244,61.25,12.787,4.3308,21.69,62.2663,12.576
ID580_6_R9_W0.01_Ang40,ID580_6_R9_W0.01.csv,40,4.2955,24.3084,56.48,13.285,4.3045,23.4471,58.3049,12.9574
ID580_6_R9_W0.01_Ang60,ID580_6_R9_W0.01.csv,60,4.2471,25.8382,54.35,13.761,4.2793,24.167,57.2365,13.1041
ID580_6_R9_W0.01_Ang80,ID580_6_R9_W0.01.csv,80,4.2462,26.0372,53.96,13.957,4.3007,24.1068,56.8107,13.243
ID581_6_R9_W0.0289_Ang0,ID581_6_R9_W0.0289.csv,0,4.513,18.9551,65.61,7.694,4.5318,18.8781,65.3352,7.7859
ID581_6_R9_W0.0289_Ang20,ID581_6_R9_W0.0289.csv,20,4.5392,19.2765,63.78,7.991,4.5155,18.9667,65.4992,7.8342
ID581_6_R9_W0.0289_Ang40,ID581_6_R9_W0.0289.csv,40,4.5115,20.8122,59.8,8.263,4.5361,19.882,61.9183,8.0474
ID581_6_R9_W0.0289_Ang60,ID581_6_R9_W0.0289.csv,60,4.4796,21.6736,58.24,8.452,4.5366,20.1487,61.0855,8.0826
ID581_6_R9_W0.0289_Ang80,ID581_6_R9_W0.0289.csv,80,4.5135,21.673,57.37,9.037,4.5216,19.7918,62.5998,7.9922
ID582_6_R9_W0.0478_Ang0,ID582_6_R9_W0.0478.csv,0,4.6365,16.5731,71.1,5.874,4.6221,16.5231,71.7585,5.8506
ID582_6_R9_W0.0478_Ang20,ID582_6_R9_W0.0478.csv,20,4.6262,18.5197,63.91,6.126,4.6394,18.3238,64.2233,6.0953
ID582_6_R9_W0.0478_Ang40,ID582_6_R9_W0.0478.csv,40,4.6483,18.4949,63.39,6.229,4.7045,17.558,65.1843,6.166
ID582_6_R9_W0.0478_Ang60,ID582_6_R9_W0.0478.csv,60,4.6427,19.1332,61.42,6.357,4.6878,17.8073,64.7298,6.0781
ID582_6_R9_W0.0478_Ang80,ID582_6_R9_W0.0478.csv,80,4.633,19.6166,60.16,6.543,4.6592,17.835,65.4239,5.9943
ID583_6_R9_W0.0667_Ang0,ID583_6_R9_W0.0667.csv,0,4.7218,16.424,69.17,4.937,4.7221,16.4363,69.1139,4.9248
ID583_6_R9_W0.0667_Ang20,ID583_6_R9_W0.0667.csv,20,4.7185,16.8764,67.41,5.024,4.7708,16.4415,67.6892,5.0923
ID583_6_R9_W0.0667_Ang40,ID583_6_R9_W0.0667.csv,40,4.7415,17.03,66.16,5.28,4.8045,16.0244,68.48,5.2207
ID583_6_R9_W0.0667_Ang60,ID583_6_R9_W0.0667.csv,60,4.7493,17.3308,64.8,5.396,4.7878,16.0233,68.964,5.1366
ID583_6_R9_W0.0667_Ang80,ID583_6_R9_W0.0667.csv,80,4.7465,17.819,63.1,5.553,4.7737,16.2637,68.3453,5.1109
ID584_6_R9_W0.0856_Ang0,ID584_6_R9_W0.0856.csv,0,4.8081,14.9753,73.17,4.255,4.8044,14.9925,73.1974,4.2161
ID584_6_R9_W0.0856_Ang20,ID584_6_R9_W0.0856.csv,20,4.8019,15.3925,71.37,4.342,4.8402,14.9848,72.1533,4.3593
ID584_6_R9_W0.0856_Ang40,ID584_6_R9_W0.0856.csv,40,4.7839,15.8749,69.72,4.453,4.8706,14.9243,71.5451,4.4127
ID584_6_R9_W0.0856_Ang60,ID584_6_R9_W0.0856.csv,60,4.8373,15.833,68.37,4.744,4.8838,14.5043,73.2207,4.4551
ID584_6_R9_W0.0856_Ang80,ID584_6_R9_W0.0856.csv,80,4.823,16.2968,66.82,4.731,4.8783,14.6475,72.6682,4.4109
ID585_6_R9_W0.1044_Ang0,ID585_6_R9_W0.1044.csv,0,4.8812,13.4505,79.04,3.769,4.8906,13.4316,78.8472,3.7463
ID585_6_R9_W0.1044_Ang20,ID585_6_R9_W0.1044.csv,20,4.9189,13.9003,75.31,3.897,4.9352,13.6674,76.0931,3.911
ID585_6_R9_W0.1044_Ang40,ID585_6_R9_W0.1044.csv,40,4.8864,14.3549,73.9,3.98,4.9688,13.5415,75.7647,3.9547
ID585_6_R9_W0.1044_Ang60,ID585_6_R9_W0.1044.csv,60,4.9057,14.8406,70.92,4.128,4.9775,13.6508,74.8964,3.9534
ID585_6_R9_W0.1044_Ang80,ID585_6_R9_W0.1044.csv,80,4.8973,14.8606,71.07,4.372,4.9552,13.089,78.8149,3.9101
ID586_6_R9_W0.1233_Ang0,ID586_6_R9_W0.1233.csv,0,4.9622,12.4402,82.69,3.398,4.985,12.4715,81.7317,3.4358
ID586_6_R9_W0.1233_Ang20,ID586_6_R9_W0.1233.csv,20,5.0071,12.7422,79.29,3.575,5.0125,12.6223,79.8714,3.4965
ID586_6_R9_W0.1233_Ang40,ID586_6_R9_W0.1233.csv,40,4.9594,13.0545,78.89,3.609,5.0385,12.3216,80.9772,3.5825
ID586_6_R9_W0.1233_Ang60,ID586_6_R9_W0.1233.csv,60,4.9657,13.6209,75.42,3.699,5.0611,12.4738,79.2769,3.5847
ID586_6_R9_W0.1233_Ang80,ID586_6_R9_W0.1233.csv,80,4.9616,13.8974,74.04,3.762,5.0684,12.4457,79.2294,3.5884
ID587_6_R9_W0.1422_Ang0,ID587_6_R9_W0.1422.csv,0,5.0218,11.5018,87.33,3.068,5.0397,11.5337,86.4686,3.1051
ID587_6_R9_W0.1422_Ang20,ID587_6_R9_W0.1422.csv,20,5.0701,11.6497,84.58,3.226,5.0798,11.5002,85.3574,3.2022
ID587_6_R9_W0.1422_Ang40,ID587_6_R9_W0.1422.csv,40,4.9613,12.0077,85.7,3.181,5.0978,11.3912,85.5653,3.194
ID587_6_R9_W0.1422_Ang60,ID587_6_R9_W0.1422.csv,60,5.0177,12.5389,80.24,3.342,5.1131,11.3341,85.4821,3.224
ID587_6_R9_W0.1422_Ang80,ID587_6_R9_W0.1422.csv,80,5.0063,12.7151,79.48,3.421,5.1321,11.3968,84.3863,3.2267
ID588_6_R9_W0.1611_Ang0,ID588_6_R9_W0.1611.csv,0,5.0473,10.3223,96.33,2.889,5.0425,10.3218,96.5141,2.8798
ID588_6_R9_W0.1611_Ang20,ID588_6_R9_W0.1611.csv,20,5.0828,10.5707,92.75,2.934,5.0916,10.3718,94.2051,2.9185
ID588_6_R9_W0.1611_Ang40,ID588_6_R9_W0.1611.csv,40,4.9838,10.917,93.42,2.919,5.111,10.3304,93.8675,2.904
ID588_6_R9_W0.1611_Ang60,ID588_6_R9_W0.1611.csv,60,5.0473,11.4416,86.9,3.031,5.1403,10.2456,93.5672,2.9172
ID588_6_R9_W0.1611_Ang80,ID588_6_R9_W0.1611.csv,80,5.0348,11.6188,86.0,3.11,5.1645,10.2485,92.6665,2.9369
ID589_6_R9_W0.18_Ang0,ID589_6_R9_W0.18.csv,0,5.0327,9.4668,105.64,2.535,5.0429,9.4419,105.4919,2.6119
ID589_6_R9_W0.18_Ang20,ID589_6_R9_W0.18.csv,20,5.0819,9.6163,102.0,2.679,5.0924,9.4015,103.895,2.6707
ID589_6_R9_W0.18_Ang40,ID589_6_R9_W0.18.csv,40,4.9522,9.9211,104.11,2.6,5.1111,9.3932,103.2284,2.6544
ID589_6_R9_W0.18_Ang60,ID589_6_R9_W0.18.csv,60,5.0182,10.3796,96.91,2.496,5.1115,9.1935,105.4524,2.6156
ID589_6_R9_W0.18_Ang80,ID589_6_R9_W0.18.csv,80,5.0045,10.5369,95.98,2.814,5.1337,9.1025,105.5888,2.6627
ID590_6_R10_W0.01_Ang0,ID590_6_R10_W0.01.csv,0,3.8061,27.5628,63.44,13.582,3.8158,27.632,62.9578,13.6897
ID590_6_R10_W0.01_Ang20,ID590_6_R10_W0.01.csv,20,3.8079,27.6537,63.17,13.701,3.8225,27.6222,62.7597,13.7359
ID590_6_R10_W0.01_Ang40,ID590_6_R10_W0.01.csv,40,3.7945,28.4054,61.93,13.96,3.8238,27.5639,62.8496,13.6806
ID590_6_R10_W0.01_Ang60,ID590_6_R10_W0.01.csv,60,3.803,28.7724,60.87,14.087,3.8392,27.619,62.2229,13.7579
ID590_6_R10_W0.01_Ang80,ID590_6_R10_W0.01.csv,80,3.7901,29.4219,59.93,14.424,3.8597,27.5448,61.728,13.92
ID591_6_R10_W0.0311_Ang0,ID591_6_R10_W0.0311.csv,0,4.0277,22.5183,69.34,7.914,4.0383,22.6314,68.6324,7.9408
ID591_6_R10_W0.0311_Ang20,ID591_6_R10_W0.0311.csv,20,4.0405,22.8702,67.84,8.08,4.0555,22.6618,67.9618,8.0865
ID591_6_R10_W0.0311_Ang40,ID591_6_R10_W0.0311.csv,40,4.0148,23.7371,66.2,8.186,4.0503,23.2325,66.4618,8.106
ID591_6_R10_W0.0311_Ang60,ID591_6_R10_W0.0311.csv,60,4.0158,23.6485,66.42,8.343,4.0875,22.3775,67.7509,8.1044
ID591_6_R10_W0.0311_Ang80,ID591_6_R10_W0.0311.csv,80,4.0002,24.8695,63.65,8.608,4.0704,23.2771,65.681,8.2237
ID592_6_R10_W0.0522_Ang0,ID592_6_R10_W0.0522.csv,0,4.2147,19.874,71.75,6.089,4.1943,19.8721,72.4572,6.0799
ID592_6_R10_W0.0522_Ang20,ID592_6_R10_W0.0522.csv,20,4.1817,20.4847,70.71,6.073,4.1689,20.405,71.4272,6.0646
ID592_6_R10_W0.0522_Ang40,ID592_6_R10_W0.0522.csv,40,4.1731,20.8767,69.67,6.234,4.1924,20.4289,70.5444,6.1709
ID592_6_R10_W0.0522_Ang60,ID592_6_R10_W0.0522.csv,60,4.1624,21.5012,68.0,6.37,4.2018,20.4093,70.2987,6.1413
ID592_6_R10_W0.0522_Ang80,ID592_6_R10_W0.0522.csv,80,4.1582,21.8991,66.9,6.547,4.2185,20.324,70.0344,6.1784
ID593_6_R10_W0.0733_Ang0,ID593_6_R10_W0.0733.csv,0,4.2665,18.2347,76.31,5.019,4.276,18.341,75.534,5.0034
ID593_6_R10_W0.0733_Ang20,ID593_6_R10_W0.0733.csv,20,4.2854,18.5349,74.42,5.051,4.2719,18.2804,75.9308,5.0059
ID593_6_R10_W0.0733_Ang40,ID593_6_R10_W0.0733.csv,40,4.2687,18.6776,74.42,5.266,4.2974,18.228,75.2476,5.1117
ID593_6_R10_W0.0733_Ang60,ID593_6_R10_W0.0733.csv,60,4.2667,19.2387,72.33,5.438,4.3189,18.1546,74.8016,5.1708
ID593_6_R10_W0.0733_Ang80,ID593_6_R10_W0.0733.csv,80,4.2664,19.8442,70.13,5.5,4.3163,18.3142,74.2383,5.138
ID594_6_R10_W0.0944_Ang0,ID594_6_R10_W0.0944.csv,0,4.3815,16.3317,80.79,4.713,4.3704,16.3162,81.277,4.4674
ID594_6_R10_W0.0944_Ang20,ID594_6_R10_W0.0944.csv,20,4.3927,16.796,78.16,4.43,4.3598,16.6539,80.017,4.2869
ID594_6_R10_W0.0944_Ang40,ID594_6_R10_W0.0944.csv,40,4.3739,17.3184,76.45,4.529,4.3792,16.7715,78.7542,4.3128
ID594_6_R10_W0.0944_Ang60,ID594_6_R10_W0.0944.csv,60,4.3592,17.7613,75.05,4.603,4.4013,16.7867,77.8937,4.3431
ID594_6_R10_W0.0944_Ang80,ID594_6_R10_W0.0944.csv,80,4.3609,18.2279,73.07,4.814,4.4146,16.7398,77.6433,4.4211
ID595_6_R10_W0.1156_Ang0,ID595_6_R10_W0.1156.csv,0,4.441,14.836,86.57,3.811,4.4334,14.8059,87.0444,3.8528
ID595_6_R10_W0.1156_Ang20,ID595_6_R10_W0.1156.csv,20,4.4784,15.4856,81.56,3.919,4.4252,15.262,84.7536,3.7805
ID595_6_R10_W0.1156_Ang40,ID595_6_R10_W0.1156.csv,40,4.4425,15.7839,81.32,4.038,4.4563,15.449,82.5635,3.8282
ID595_6_R10_W0.1156_Ang60,ID595_6_R10_W0.1156.csv,60,4.4447,16.3277,78.53,4.119,4.4785,15.3101,82.4873,3.841
ID595_6_R10_W0.1156_Ang80,ID595_6_R10_W0.1156.csv,80,4.4214,16.7148,77.52,4.199,4.4818,15.2514,82.6849,3.8782
ID596_6_R10_W0.1367_Ang0,ID596_6_R10_W0.1367.csv,0,4.4951,13.6361,91.93,3.432,4.4993,13.6738,91.5096,3.4211
ID596_6_R10_W0.1367_Ang20,ID596_6_R10_W0.1367.csv,20,4.5279,14.213,86.93,3.48,4.4883,14.035,89.5902,3.3621
ID596_6_R10_W0.1367_Ang40,ID596_6_R10_W0.1367.csv,40,4.4974,14.4026,86.95,3.674,4.5242,13.9929,88.4384,3.4136
ID596_6_R10_W0.1367_Ang60,ID596_6_R10_W0.1367.csv,60,4.4869,14.696,85.62,3.764,4.6208,13.0526,90.8896,3.6165
ID596_6_R10_W0.1367_Ang80,ID596_6_R10_W0.1367.csv,80,4.4832,15.3049,82.34,3.837,4.553,13.8971,87.9255,3.4949
ID597_6_R10_W0.1578_Ang0,ID597_6_R10_W0.1578.csv,0,4.5318,12.618,97.75,3.071,4.5284,12.5918,98.0997,3.0555
ID597_6_R10_W0.1578_Ang20,ID597_6_R10_W0.1578.csv,20,4.4686,13.4466,94.34,2.95,4.5325,13.4142,91.9189,2.9561
ID597_6_R10_W0.1578_Ang40,ID597_6_R10_W0.1578.csv,40,4.5448,13.2481,92.57,3.302,4.5564,12.6877,96.1635,3.0874
ID597_6_R10_W0.1578_Ang60,ID597_6_R10_W0.1578.csv,60,4.5249,13.6935,90.34,3.443,4.6002,12.6872,94.3464,3.3647
ID597_6_R10_W0.1578_Ang80,ID597_6_R10_W0.1578.csv,80,4.5429,14.0365,87.44,3.517,4.6131,12.7294,93.5092,3.1687
ID598_6_R10_W0.1789_Ang0,ID598_6_R10_W0.1789.csv,0,4.2763,9.5866,144.49,2.922,4.3038,9.6547,141.643,2.9857
ID598_6_R10_W0.1789_Ang20,ID598_6_R10_W0.1789.csv,20,4.3814,10.5276,125.34,2.857,4.339,10.1901,132.0358,2.7427
ID598_6_R10_W0.1789_Ang40,ID598_6_R10_W0.1789.csv,40,4.5344,11.9352,103.22,2.895,4.6023,11.5904,103.1771,2.8089
ID598_6_R10_W0.1789_Ang60,ID598_6_R10_W0.1789.csv,60,4.5046,12.3049,101.45,3.06,4.6679,11.2836,103.0285,3.0445
ID598_6_R10_W0.1789_Ang80,ID598_6_R10_W0.1789.csv,80,4.5243,12.8283,96.47,3.046,4.6739,11.5593,100.311,2.9078
ID599_6_R10_W0.2_Ang0,ID599_6_R10_W0.2.csv,0,4.2329,8.6075,164.24,2.748,4.2393,8.5513,164.8252,2.7698
ID599_6_R10_W0.2_Ang20,ID599_6_R10_W0.2.csv,20,4.3567,9.9417,134.24,2.56,4.3773,9.6487,137.0138,2.5201
ID599_6_R10_W0.2_Ang40,ID599_6_R10_W0.2.csv,40,4.5522,9.9537,122.8,3.241,4.5656,9.4123,129.1079,3.0062
ID599_6_R10_W0.2_Ang60,ID599_6_R10_W0.2.csv,60,4.4028,10.9875,118.93,2.668,4.6232,10.2271,115.8807,2.6918
ID599_6_R10_W0.2_Ang80,ID599_6_R10_W0.2.csv,80,4.4118,11.1837,116.36,2.701,4.6722,10.3904,111.6759,2.6999
ID60_1_R7_W0.01_Ang0,ID60_1_R7_W0.01.csv,0,7.981,4.9967,79.59,2.396,7.9839,4.9906,79.6267,2.4014
ID60_1_R7_W0.01_Ang20,ID60_1_R7_W0.01.csv,20,8.1413,5.343,71.53,2.619,8.1659,5.0912,74.6137,2.4481
ID60_1_R7_W0.01_Ang40,ID60_1_R7_W0.01.csv,40,8.3162,5.85,62.61,3.211,8.4151,4.8945,73.0831,2.5252
ID60_1_R7_W0.01_Ang60,ID60_1_R7_W0.01.csv,60,8.5129,6.5877,53.06,4.045,8.7129,4.6925,71.1071,2.6153
ID60_1_R7_W0.01_Ang80,ID60_1_R7_W0.01.csv,80,8.6034,6.9307,49.38,4.727,8.8255,4.4094,73.7535,2.6342
ID640_8_R5_W0.01_Ang0,ID640_8_R5_W0.01.csv,0,18.6401,16.8746,4.32,16.346,18.726,16.8471,4.2877,16.4595
ID640_8_R5_W0.01_Ang20,ID640_8_R5_W0.01.csv,20,18.6085,18.1407,4.03,16.04,18.6247,17.7803,4.107,15.7152
ID640_8_R5_W0.01_Ang40,ID640_8_R5_W0.01.csv,40,18.5906,20.2313,3.62,17.833,18.3887,19.0243,3.9376,16.0711
ID640_8_R5_W0.01_Ang60,ID640_8_R5_W0.01.csv,60,18.5679,22.6658,3.24,23.642,18.1115,20.8102,3.7107,16.9989
ID640_8_R5_W0.01_Ang80,ID640_8_R5_W0.01.csv,80,18.5568,24.744,2.97,30.255,17.9201,22.2797,3.5404,16.8322
ID641_8_R5_W0.02_Ang0,ID641_8_R5_W0.02.csv,0,19.0163,15.5147,4.51,11.826,19.129,15.447,4.4814,12.0836
ID641_8_R5_W0.02_Ang20,ID641_8_R5_W0.02.csv,20,18.9233,17.0975,4.14,12.163,18.8874,16.7022,4.2513,11.827
ID641_8_R5_W0.02_Ang40,ID641_8_R5_W0.02.csv,40,18.8843,19.3566,3.67,13.596,18.6434,18.1958,4.0051,12.065
ID641_8_R5_W0.02_Ang60,ID641_8_R5_W0.02.csv,60,18.7947,21.6635,3.31,16.728,18.3326,19.9504,3.7778,12.3571
ID641_8_R5_W0.02_Ang80,ID641_8_R5_W0.02.csv,80,18.8185,23.386,3.06,15.99,18.1054,21.435,3.6049,12.2274
ID642_8_R5_W0.03_Ang0,ID642_8_R5_W0.03.csv,0,19.2392,14.7802,4.63,9.522,19.333,14.7564,4.5926,9.5069
ID642_8_R5_W0.03_Ang20,ID642_8_R5_W0.03.csv,20,19.2352,15.5667,4.4,10.104,19.2014,15.2289,4.5113,9.804
ID642_8_R5_W0.03_Ang40,ID642_8_R5_W0.03.csv,40,19.0924,18.3641,3.78,10.976,18.8475,17.3617,4.1072,9.7749
ID642_8_R5_W0.03_Ang60,ID642_8_R5_W0.03.csv,60,19.0453,20.8517,3.35,12.158,18.5099,19.2796,3.8347,9.9182
ID642_8_R5_W0.03_Ang80,ID642_8_R5_W0.03.csv,80,18.9968,22.2843,3.15,13.819,18.2938,20.6778,3.6604,10.0708
ID643_8_R5_W0.04_Ang0,ID643_8_R5_W0.04.csv,0,19.4478,14.1752,4.72,8.677,19.4756,14.1363,4.7242,8.7029
ID643_8_R5_W0.04_Ang20,ID643_8_R5_W0.04.csv,20,19.4265,14.9679,4.48,8.803,19.3656,14.6098,4.6231,8.4842
ID643_8_R5_W0.04_Ang40,ID643_8_R5_W0.04.csv,40,19.2973,17.7328,3.84,9.424,19.0129,16.782,4.1754,8.4792
ID643_8_R5_W0.04_Ang60,ID643_8_R5_W0.04.csv,60,19.245,20.2218,3.38,10.529,18.642,18.7872,3.8797,8.5972
ID643_8_R5_W0.04_Ang80,ID643_8_R5_W0.04.csv,80,19.3128,20.4549,3.32,11.093,18.4851,19.4346,3.8144,8.6451
ID644_8_R5_W0.05_Ang0,ID644_8_R5_W0.05.csv,0,19.7738,13.0389,4.97,7.761,19.7715,13.0151,4.9787,7.7619
ID644_8_R5_W0.05_Ang20,ID644_8_R5_W0.05.csv,20,19.6119,14.4532,4.56,7.673,19.5605,14.1523,4.6779,7.6132
ID644_8_R5_W0.05_Ang40,ID644_8_R5_W0.05.csv,40,19.5357,16.4311,4.04,8.833,19.2115,15.5499,4.4136,7.7808
ID644_8_R5_W0.05_Ang60,ID644_8_R5_W0.05.csv,60,19.3956,19.6182,3.43,9.167,18.7786,18.3926,3.9055,7.5636
ID644_8_R5_W0.05_Ang80,ID644_8_R5_W0.05.csv,80,19.4499,19.9626,3.35,9.784,18.5601,19.148,3.8402,7.696
ID645_8_R5_W0.06_Ang0,ID645_8_R5_W0.06.csv,0,19.8951,12.7768,5.01,6.706,19.8932,12.7681,5.0131,6.7701
ID645_8_R5_W0.06_Ang20,ID645_8_R5_W0.06.csv,20,19.8844,13.5059,4.74,7.249,19.7277,13.2515,4.9116,6.9705
ID645_8_R5_W0.06_Ang40,ID645_8_R5_W0.06.csv,40,19.6826,16.0916,4.06,7.6,19.3114,15.224,4.4615,6.7512
ID645_8_R5_W0.06_Ang60,ID645_8_R5_W0.06.csv,60,19.5525,19.1838,3.45,8.493,18.8681,17.9325,3.9677,6.9318
ID645_8_R5_W0.06_Ang80,ID645_8_R5_W0.06.csv,80,19.5899,19.8967,3.32,9.033,18.6345,18.9712,3.8451,6.9453
ID646_8_R5_W0.07_Ang0,ID646_8_R5_W0.07.csv,0,19.9982,12.4452,5.09,6.954,,,,
ID646_8_R5_W0.07_Ang20,ID646_8_R5_W0.07.csv,20,19.9574,13.1961,4.82,7.031,19.9122,12.8848,4.9582,6.7536
ID646_8_R5_W0.07_Ang40,ID646_8_R5_W0.07.csv,40,19.7988,15.6549,4.13,7.11,19.4584,14.8,4.5203,6.3717
ID646_8_R5_W0.07_Ang60,ID646_8_R5_W0.07.csv,60,19.6768,18.4869,3.54,7.695,18.9844,17.407,4.0376,6.2344
ID646_8_R5_W0.07_Ang80,ID646_8_R5_W0.07.csv,80,19.6315,20.1168,3.27,8.109,18.6865,19.1535,3.7873,6.2798
ID647_8_R5_W0.08_Ang40,ID647_8_R5_W0.08.csv,40,19.8971,15.3579,4.17,6.536,19.5555,14.5066,4.566,5.7755
ID647_8_R5_W0.08_Ang60,ID647_8_R5_W0.08.csv,60,19.7688,18.2448,3.55,7.155,19.0689,17.2261,4.0439,5.8007
ID647_8_R5_W0.08_Ang80,ID647_8_R5_W0.08.csv,80,19.7563,19.2058,3.38,7.642,18.7517,18.5583,3.8817,5.9249
ID648_8_R5_W0.09_Ang40,ID648_8_R5_W0.09.csv,40,,,,,19.6328,14.1097,4.6576,5.5149
ID648_8_R5_W0.09_Ang60,ID648_8_R5_W0.09.csv,60,19.8896,17.6368,3.63,6.663,19.1311,16.6994,4.1444,5.4082
ID648_8_R5_W0.09_Ang80,ID648_8_R5_W0.09.csv,80,19.8611,18.6673,3.44,7.366,18.7834,18.3931,3.9034,5.5167
ID649_8_R5_W0.1_Ang40,ID649_8_R5_W0.1.csv,40,,,,,19.7559,13.8551,4.6842,5.3044
ID649_8_R5_W0.1_Ang60,ID649_8_R5_W0.1.csv,60,19.9797,17.3033,3.67,6.274,19.2129,16.4264,4.1774,5.1317
ID649_8_R5_W0.1_Ang80,ID649_8_R5_W0.1.csv,80,19.9448,18.358,3.47,6.724,18.8531,18.0176,3.9553,5.3529
ID650_8_R6_W0.01_Ang0,ID650_8_R6_W0.01.csv,0,15.6553,19.7832,5.22,16.137,15.5757,19.9808,5.2256,16.1747
ID650_8_R6_W0.01_Ang20,ID650_8_R6_W0.01.csv,20,15.597,20.8152,5.0,17.908,15.5037,20.5333,5.1323,17.3216
ID650_8_R6_W0.01_Ang40,ID650_8_R6_W0.01.csv,40,15.4959,23.5747,4.47,18.915,15.4009,22.452,4.7566,17.1273
ID650_8_R6_W0.01_Ang60,ID650_8_R6_W0.01.csv,60,15.5304,24.5124,4.28,29.68,15.2349,23.6366,4.6172,20.7191
ID650_8_R6_W0.01_Ang80,ID650_8_R6_W0.01.csv,80,15.4686,30.4162,3.48,22.277,14.9159,28.117,4.0492,17.5854
ID651_8_R6_W0.0222_Ang0,ID651_8_R6_W0.0222.csv,0,15.8775,18.3633,5.47,15.131,15.8862,18.5569,5.4087,15.1218
ID651_8_R6_W0.0222_Ang20,ID651_8_R6_W0.0222.csv,20,15.8148,19.6129,5.16,13.564,15.8319,19.368,5.2179,13.1797
ID651_8_R6_W0.0222_Ang40,ID651_8_R6_W0.0222.csv,40,15.7468,21.1814,4.82,14.972,15.6964,20.3795,5.0448,13.1655
ID651_8_R6_W0.0222_Ang60,ID651_8_R6_W0.0222.csv,60,15.7597,22.1903,4.6,15.975,15.5266,22.0722,4.7604,12.6499
ID651_8_R6_W0.0222_Ang80,ID651_8_R6_W0.0222.csv,80,15.6883,28.5165,3.61,15.666,15.1183,26.8109,4.1335,12.3523
ID652_8_R6_W0.0344_Ang0,ID652_8_R6_W0.0344.csv,0,16.108,16.2812,6.0,13.197,16.2971,16.2898,5.8547,13.5904
ID652_8_R6_W0.0344_Ang20,ID652_8_R6_W0.0344.csv,20,16.0369,17.5579,5.61,14.257,16.0469,17.3758,5.6613,13.5371
ID652_8_R6_W0.0344_Ang40,ID652_8_R6_W0.0344.csv,40,15.972,19.5924,5.07,16.477,15.8552,19.2711,5.2286,13.2248
ID652_8_R6_W0.0344_Ang60,ID652_8_R6_W0.0344.csv,60,16.0415,21.8827,4.5,11.711,15.5119,21.2593,4.9518,9.6273
ID652_8_R6_W0.0344_Ang80,ID652_8_R6_W0.0344.csv,80,15.9323,27.8446,3.58,12.729,15.248,26.2672,4.1476,9.8589
ID653_8_R6_W0.0467_Ang0,ID653_8_R6_W0.0467.csv,0,16.2787,17.2215,5.55,8.238,16.2638,17.3358,5.524,8.1664
ID653_8_R6_W0.0467_Ang20,ID653_8_R6_W0.0467.csv,20,16.2031,17.3406,5.56,9.505,16.2277,17.0529,5.6406,9.2175
ID653_8_R6_W0.0467_Ang40,ID653_8_R6_W0.0467.csv,40,16.1136,18.5545,5.26,17.394,16.0182,18.3668,5.375,13.1846
ID653_8_R6_W0.0467_Ang60,ID653_8_R6_W0.0467.csv,60,16.0869,22.6742,4.32,11.568,15.6513,21.8621,4.7299,9.0912
ID653_8_R6_W0.0467_Ang80,ID653_8_R6_W0.0467.csv,80,16.1441,26.7535,3.63,10.935,15.3214,25.3799,4.2516,8.3146
ID654_8_R6_W0.0589_Ang0,ID654_8_R6_W0.0589.csv,0,16.3922,16.4028,5.75,7.442,16.4519,16.4213,5.699,7.5767
ID654_8_R6_W0.0589_Ang20,ID654_8_R6_W0.0589.csv,20,16.3432,17.2364,5.5,8.084,16.3513,16.8861,5.6106,7.9113
ID654_8_R6_W0.0589_Ang40,ID654_8_R6_W0.0589.csv,40,16.2941,18.1703,5.25,11.104,16.2003,17.8221,5.4155,9.1054
ID654_8_R6_W0.0589_Ang60,ID654_8_R6_W0.0589.csv,60,16.2784,21.0276,4.55,11.099,15.7685,20.7693,4.905,8.9157
ID654_8_R6_W0.0589_Ang80,ID654_8_R6_W0.0589.csv,80,16.2787,26.4411,3.62,10.017,15.4214,25.2192,4.2234,7.557
ID655_8_R6_W0.0711_Ang0,ID655_8_R6_W0.0711.csv,0,16.4784,16.0669,5.81,6.36,16.6252,16.0464,5.7112,6.4386
ID655_8_R6_W0.0711_Ang20,ID655_8_R6_W0.0711.csv,20,16.5117,16.0611,5.78,8.056,16.4875,15.9346,5.8478,7.7928
ID655_8_R6_W0.0711_Ang40,ID655_8_R6_W0.0711.csv,40,16.3896,18.4989,5.1,8.242,16.2573,17.9004,5.3541,7.0697
ID655_8_R6_W0.0711_Ang60,ID655_8_R6_W0.0711.csv,60,16.3986,20.7443,4.54,9.355,15.8269,20.4798,4.9377,7.3706
ID655_8_R6_W0.0711_Ang80,ID655_8_R6_W0.0711.csv,80,16.4056,25.9731,3.62,8.672,15.4948,24.6537,4.2794,6.5631
ID656_8_R6_W0.0833_Ang0,ID656_8_R6_W0.0833.csv,0,16.7212,15.0142,6.03,7.72,16.7626,15.0144,6.0041,7.7047
ID656_8_R6_W0.0833_Ang20,ID656_8_R6_W0.0833.csv,20,16.657,15.9471,5.72,7.124,16.6655,15.6796,5.8166,6.8595
ID656_8_R6_W0.0833_Ang40,ID656_8_R6_W0.0833.csv,40,16.5957,17.894,5.14,9.96,16.3348,17.3626,5.4676,8.11
ID656_8_R6_W0.0833_Ang60,ID656_8_R6_W0.0833.csv,60,16.4438,20.5428,4.56,9.043,15.927,20.3322,4.9112,7.1467
ID656_8_R6_W0.0833_Ang80,ID656_8_R6_W0.0833.csv,80,16.51,25.3437,3.67,9.397,15.5866,24.5628,4.2448,6.0854
ID657_8_R6_W0.0956_Ang0,ID657_8_R6_W0.0956.csv,0,16.7889,14.4174,6.23,6.254,16.858,14.3894,6.1942,6.3549
ID657_8_R6_W0.0956_Ang20,ID657_8_R6_W0.0956.csv,20,16.7716,15.3393,5.87,6.617,16.762,15.0481,5.9912,6.3561
ID657_8_R6_W0.0956_Ang40,ID657_8_R6_W0.0956.csv,40,16.6077,16.7922,5.47,8.785,16.4242,16.5736,5.6657,7.2816
ID657_8_R6_W0.0956_Ang60,ID657_8_R6_W0.0956.csv,60,16.5223,20.1178,4.61,8.673,16.0158,20.0895,4.9155,6.7924
ID657_8_R6_W0.0956_Ang80,ID657_8_R6_W0.0956.csv,80,16.5667,24.8157,3.72,7.313,15.6399,24.0034,4.3142,5.566
ID658_8_R6_W0.1078_Ang0,ID658_8_R6_W0.1078.csv,0,16.8864,14.2309,6.24,5.627,16.9897,14.1867,6.1857,5.6684
ID658_8_R6_W0.1078_Ang20,ID658_8_R6_W0.1078.csv,20,16.8201,14.9393,5.99,6.389,16.8738,14.6515,6.072,6.1423
ID658_8_R6_W0.1078_Ang40,ID658_8_R6_W0.1078.csv,40,16.7661,17.0156,5.3,7.006,16.4582,16.6823,5.6056,5.9789
ID658_8_R6_W0.1078_Ang60,ID658_8_R6_W0.1078.csv,60,16.6982,19.8886,4.57,7.332,16.0133,19.852,4.9759,5.9781
ID658_8_R6_W0.1078_Ang80,ID658_8_R6_W0.1078.csv,80,16.6574,23.0619,3.96,7.062,15.6835,23.1846,4.4418,5.4836
ID659_8_R6_W0.12_Ang0,ID659_8_R6_W0.12.csv,0,16.9697,13.9147,6.32,5.827,17.0302,13.9675,6.253,5.9101
ID659_8_R6_W0.12_Ang20,ID659_8_R6_W0.12.csv,20,16.9528,13.9472,6.32,7.346,16.9403,13.7389,6.4246,6.8162
ID659_8_R6_W0.12_Ang40,ID659_8_R6_W0.12.csv,40,16.8102,15.9244,5.63,8.748,16.5741,15.8597,5.8142,6.9571
ID659_8_R6_W0.12_Ang60,ID659_8_R6_W0.12.csv,60,16.7323,19.7631,4.58,7.514,16.1303,19.7799,4.9219,6.2907
ID659_8_R6_W0.12_Ang80,ID659_8_R6_W0.12.csv,80,16.6894,23.942,3.8,6.114,15.7719,23.8136,4.2761,4.8318
ID660_8_R7_W0.01_Ang0,ID660_8_R7_W0.01.csv,0,13.4826,21.4479,6.5,17.376,13.4891,21.5315,6.4655,17.5152
ID660_8_R7_W0.01_Ang20,ID660_8_R7_W0.01.csv,20,13.3364,24.7831,5.75,18.67,13.2591,24.3887,5.9077,18.0779
ID660_8_R7_W0.01_Ang40,ID660_8_R7_W0.01.csv,40,13.3937,25.3131,5.58,21.87,13.1647,24.2685,6.0225,19.0661
ID660_8_R7_W0.01_Ang60,ID660_8_R7_W0.01.csv,60,13.3411,28.996,4.91,22.442,12.9861,27.3946,5.483,18.5836
ID660_8_R7_W0.01_Ang80,ID660_8_R7_W0.01.csv,80,13.3106,35.2544,4.06,23.777,12.743,32.5029,4.7993,18.734
ID661_8_R7_W0.0244_Ang0,ID661_8_R7_W0.0244.csv,0,13.5479,21.8939,6.3,13.981,13.6002,21.8111,6.2788,13.9001
ID661_8_R7_W0.0244_Ang20,ID661_8_R7_W0.0244.csv,20,13.5652,20.7686,6.63,19.404,13.6696,20.4957,6.614,18.4928
ID661_8_R7_W0.0244_Ang40,ID661_8_R7_W0.0244.csv,40,13.4219,23.5242,5.98,18.752,13.47,23.0698,6.0515,15.6265
ID661_8_R7_W0.0244_Ang60,ID661_8_R7_W0.0244.csv,60,13.4771,27.5715,5.06,19.214,13.1942,26.5262,5.4853,14.471
ID661_8_R7_W0.0244_Ang80,ID661_8_R7_W0.0244.csv,80,13.4561,32.0828,4.36,16.895,12.9817,29.9776,5.014,13.3184
ID662_8_R7_W0.0389_Ang0,ID662_8_R7_W0.0389.csv,0,13.7522,20.8929,6.41,10.142,13.7988,21.0799,6.3109,10.264
ID662_8_R7_W0.0389_Ang20,ID662_8_R7_W0.0389.csv,20,13.668,20.4895,6.62,12.565,13.8293,20.2088,6.5539,12.1996
ID662_8_R7_W0.0389_Ang40,ID662_8_R7_W0.0389.csv,40,13.6779,20.9359,6.47,23.663,13.6651,21.4557,6.3223,17.7463
ID662_8_R7_W0.0389_Ang60,ID662_8_R7_W0.0389.csv,60,13.6219,25.0147,5.46,10.899,13.427,24.8224,5.6603,9.3359
ID662_8_R7_W0.0389_Ang80,ID662_8_R7_W0.0389.csv,80,13.7354,30.7456,4.37,13.198,13.1178,28.9174,5.0905,10.5589
ID663_8_R7_W0.0533_Ang0,ID663_8_R7_W0.0533.csv,0,13.9344,19.1714,6.8,12.089,14.0079,19.2247,6.7149,12.2121
ID663_8_R7_W0.0533_Ang20,ID663_8_R7_W0.0533.csv,20,13.8279,20.1682,6.57,9.839,13.9767,19.8531,6.5313,9.659
ID663_8_R7_W0.0533_Ang40,ID663_8_R7_W0.0533.csv,40,13.8031,22.0736,6.02,16.465,13.7323,21.6536,6.2033,12.6462
ID663_8_R7_W0.0533_Ang60,ID663_8_R7_W0.0533.csv,60,13.8385,27.1309,4.88,12.676,13.4104,25.6257,5.4965,10.0541
ID663_8_R7_W0.0533_Ang80,ID663_8_R7_W0.0533.csv,80,13.8256,30.7328,4.31,10.81,13.2036,29.0255,5.0058,8.6897
ID664_8_R7_W0.0678_Ang0,ID664_8_R7_W0.0678.csv,0,14.0487,18.6839,6.87,7.906,14.1577,18.705,6.7562,8.005
ID664_8_R7_W0.0678_Ang20,ID664_8_R7_W0.0678.csv,20,14.049,19.7529,6.5,8.49,14.0823,19.3295,6.608,8.2415
ID664_8_R7_W0.0678_Ang40,ID664_8_R7_W0.0678.csv,40,14.0555,21.1116,6.07,11.418,13.8461,20.5402,6.4325,9.3696
ID664_8_R7_W0.0678_Ang60,ID664_8_R7_W0.0678.csv,60,13.9462,25.9899,5.01,11.861,13.5095,24.7974,5.597,9.1449
ID664_8_R7_W0.0678_Ang80,ID664_8_R7_W0.0678.csv,80,13.9616,29.8303,4.36,9.478,13.2733,28.3554,5.0705,7.5681
ID665_8_R7_W0.0822_Ang0,ID665_8_R7_W0.0822.csv,0,14.1603,18.5387,6.81,6.452,14.2717,18.462,6.7361,6.5164
ID665_8_R7_W0.0822_Ang20,ID665_8_R7_W0.0822.csv,20,14.1084,18.9291,6.72,8.224,14.1782,18.8602,6.6811,7.8297
ID665_8_R7_W0.0822_Ang40,ID665_8_R7_W0.0822.csv,40,14.0835,21.6914,5.89,9.72,13.9014,20.9502,6.2566,8.0676
ID665_8_R7_W0.0822_Ang60,ID665_8_R7_W0.0822.csv,60,14.0237,25.1776,5.12,8.876,13.546,24.2427,5.6943,7.1929
ID665_8_R7_W0.0822_Ang80,ID665_8_R7_W0.0822.csv,80,14.0564,28.7087,4.47,8.362,13.3252,27.7675,5.1375,6.5398
ID666_8_R7_W0.0967_Ang0,ID666_8_R7_W0.0967.csv,0,14.2935,17.5952,7.05,6.388,14.4193,17.4643,6.9759,6.5783
ID666_8_R7_W0.0967_Ang20,ID666_8_R7_W0.0967.csv,20,14.2367,18.7189,6.68,7.287,14.289,18.3629,6.7561,7.106
ID666_8_R7_W0.0967_Ang40,ID666_8_R7_W0.0967.csv,40,14.186,21.6106,5.82,7.499,14.0348,20.693,6.2145,6.7114
ID666_8_R7_W0.0967_Ang60,ID666_8_R7_W0.0967.csv,60,14.1401,25.4014,4.99,8.92,13.6755,24.2482,5.5857,7.2742
ID666_8_R7_W0.0967_Ang80,ID666_8_R7_W0.0967.csv,80,14.1481,28.6438,4.42,7.96,13.4098,27.5538,5.1122,6.307
ID667_8_R7_W0.1111_Ang0,ID667_8_R7_W0.1111.csv,0,14.3798,17.0209,7.2,6.664,14.5107,16.944,7.0998,6.7504
ID667_8_R7_W0.1111_Ang20,ID667_8_R7_W0.1111.csv,20,14.349,18.2163,6.75,5.825,14.4086,17.823,6.8456,5.7327
ID667_8_R7_W0.1111_Ang40,ID667_8_R7_W0.1111.csv,40,14.2969,20.9647,5.91,6.679,14.1049,20.1391,6.3221,5.9444
ID667_8_R7_W0.1111_Ang60,ID667_8_R7_W0.1111.csv,60,14.2333,24.8031,5.04,6.941,13.7453,24.0512,5.5744,5.6785
ID667_8_R7_W0.1111_Ang80,ID667_8_R7_W0.1111.csv,80,14.2271,27.8627,4.49,7.127,13.474,27.1717,5.1349,5.5155
ID668_8_R7_W0.1256_Ang0,ID668_8_R7_W0.1256.csv,0,14.4573,16.4009,7.39,6.041,14.5478,16.4413,7.2796,6.0619
ID668_8_R7_W0.1256_Ang20,ID668_8_R7_W0.1256.csv,20,14.3657,16.4014,7.48,9.379,14.4842,16.4414,7.3437,8.7581
ID668_8_R7_W0.1256_Ang40,ID668_8_R7_W0.1256.csv,40,14.3962,20.5554,5.95,6.85,14.1274,19.7488,6.4265,5.8688
ID668_8_R7_W0.1256_Ang60,ID668_8_R7_W0.1256.csv,60,14.3419,24.2164,5.09,6.803,13.7144,23.395,5.7566,5.5704
ID668_8_R7_W0.1256_Ang80,ID668_8_R7_W0.1256.csv,80,14.3106,26.6188,4.65,7.041,13.4687,26.2743,5.3144,5.4141
ID669_8_R7_W0.14_Ang0,ID669_8_R7_W0.14.csv,0,14.5753,16.3519,7.29,5.89,14.5915,16.3512,7.2759,5.9084
ID669_8_R7_W0.14_Ang20,ID669_8_R7_W0.14.csv,20,14.5033,15.8549,7.6,10.567,14.5321,15.7717,7.6051,9.7749
ID669_8_R7_W0.14_Ang40,ID669_8_R7_W0.14.csv,40,14.4366,19.8861,6.11,6.259,14.1557,19.08,6.6252,5.331
ID669_8_R7_W0.14_Ang60,ID669_8_R7_W0.14.csv,60,14.3346,22.5988,5.45,10.037,13.8071,22.2096,5.9827,8.2332
ID669_8_R7_W0.14_Ang80,ID669_8_R7_W0.14.csv,80,14.3501,26.9929,4.56,6.206,13.5432,26.7233,5.1678,4.7712
ID670_8_R8_W0.01_Ang0,ID670_8_R8_W0.01.csv,0,11.6297,29.3286,6.39,18.351,11.6891,29.4085,6.3038,18.6036
ID670_8_R8_W0.01_Ang20,ID670_8_R8_W0.01.csv,20,11.7373,23.64,7.78,18.61,11.8203,23.2624,7.7934,18.3245
ID670_8_R8_W0.01_Ang40,ID670_8_R8_W0.01.csv,40,11.6053,30.2444,6.22,20.043,11.6931,28.7761,6.438,18.62
ID670_8_R8_W0.01_Ang60,ID670_8_R8_W0.01.csv,60,11.624,35.2111,5.32,22.268,11.3965,32.9809,5.9134,18.8664
ID670_8_R8_W0.01_Ang80,ID670_8_R8_W0.01.csv,80,11.6147,40.0589,4.69,24.328,11.1994,37.2373,5.4234,19.324
ID671_8_R8_W0.0267_Ang0,ID671_8_R8_W0.0267.csv,0,11.9274,26.8825,6.62,11.975,11.8747,27.1093,6.6264,12.0356
ID671_8_R8_W0.0267_Ang20,ID671_8_R8_W0.0267.csv,20,11.9758,22.0523,8.01,18.642,12.0128,21.8203,8.0444,17.6213
ID671_8_R8_W0.0267_Ang40,ID671_8_R8_W0.0267.csv,40,11.8216,26.5521,6.83,25.006,11.8015,26.7768,6.7922,19.3449
ID671_8_R8_W0.0267_Ang60,ID671_8_R8_W0.0267.csv,60,11.9051,30.9895,5.77,16.591,11.6053,29.9939,6.2704,13.2873
ID671_8_R8_W0.0267_Ang80,ID671_8_R8_W0.0267.csv,80,11.8498,31.6622,5.7,15.05,11.4123,31.7908,6.1177,11.9361
ID672_8_R8_W0.0433_Ang0,ID672_8_R8_W0.0433.csv,0,12.099,25.4447,6.8,9.44,12.092,25.3986,6.8207,9.3989
ID672_8_R8_W0.0433_Ang20,ID672_8_R8_W0.0433.csv,20,12.0975,22.1406,7.82,9.859,12.1956,21.7694,7.8232,9.794
ID672_8_R8_W0.0433_Ang40,ID672_8_R8_W0.0433.csv,40,12.0531,24.7976,7.03,24.314,11.9448,25.2654,7.0268,17.9566
ID672_8_R8_W0.0433_Ang60,ID672_8_R8_W0.0433.csv,60,12.0373,31.7762,5.5,16.643,11.6954,30.2605,6.1198,12.9004
ID672_8_R8_W0.0433_Ang80,ID672_8_R8_W0.0433.csv,80,12.0237,32.4493,5.4,12.054,11.5137,32.2574,5.9235,9.6438
ID673_8_R8_W0.06_Ang0,ID673_8_R8_W0.06.csv,0,12.2739,23.8587,7.05,7.906,12.2362,23.8969,7.0796,7.9547
ID673_8_R8_W0.06_Ang20,ID673_8_R8_W0.06.csv,20,12.2557,21.2404,7.94,10.433,12.2745,20.6862,8.1274,9.9942
ID673_8_R8_W0.06_Ang40,ID673_8_R8_W0.06.csv,40,12.1649,25.0244,6.84,16.081,12.0469,24.6761,7.0731,12.4446
ID673_8_R8_W0.06_Ang60,ID673_8_R8_W0.06.csv,60,12.2134,29.8986,5.68,13.324,11.7917,28.6299,6.3631,10.9079
ID673_8_R8_W0.06_Ang80,ID673_8_R8_W0.06.csv,80,12.2168,33.9782,4.99,11.028,11.6157,32.9227,5.7023,8.973
ID674_8_R8_W0.0767_Ang0,ID674_8_R8_W0.0767.csv,0,12.4043,23.0664,7.14,6.943,12.3477,23.208,7.1586,7.0167
ID674_8_R8_W0.0767_Ang20,ID674_8_R8_W0.0767.csv,20,12.392,21.054,7.83,7.275,12.4123,20.6886,7.947,6.9866
ID674_8_R8_W0.0767_Ang40,ID674_8_R8_W0.0767.csv,40,12.2948,23.758,7.05,7.928,12.1724,23.2158,7.3638,7.0008
ID674_8_R8_W0.0767_Ang60,ID674_8_R8_W0.0767.csv,60,12.201,27.5819,6.17,8.336,11.9163,27.8772,6.3989,7.1025
ID674_8_R8_W0.0767_Ang80,ID674_8_R8_W0.0767.csv,80,12.2213,30.6905,5.53,8.75,11.6867,31.6437,5.861,6.888
ID675_8_R8_W0.0933_Ang0,ID675_8_R8_W0.0933.csv,0,12.4864,22.3805,7.26,6.208,12.48,22.3393,7.2802,6.2594
ID675_8_R8_W0.0933_Ang20,ID675_8_R8_W0.0933.csv,20,12.4661,20.5619,7.93,7.448,12.4979,20.0416,8.0916,7.032
ID675_8_R8_W0.0933_Ang40,ID675_8_R8_W0.0933.csv,40,12.3999,24.0887,6.84,7.811,12.2595,23.4989,7.1722,6.817
ID675_8_R8_W0.0933_Ang60,ID675_8_R8_W0.0933.csv,60,12.3567,29.0707,5.71,10.93,11.9121,28.258,6.3172,8.9376
ID675_8_R8_W0.0933_Ang80,ID675_8_R8_W0.0933.csv,80,12.2892,31.6135,5.31,8.198,11.7409,32.3293,5.6839,6.6445
ID676_8_R8_W0.11_Ang0,ID676_8_R8_W0.11.csv,0,12.627,21.2509,7.48,6.469,12.6022,21.2619,7.5014,6.5182
ID676_8_R8_W0.11_Ang20,ID676_8_R8_W0.11.csv,20,12.4731,19.8199,8.21,9.769,12.6067,19.6444,8.1134,9.1594
ID676_8_R8_W0.11_Ang40,ID676_8_R8_W0.11.csv,40,12.4111,22.2898,7.38,10.775,12.3404,22.2241,7.4844,8.4106
ID676_8_R8_W0.11_Ang60,ID676_8_R8_W0.11.csv,60,12.4153,28.482,5.77,10.288,11.9752,27.8809,6.3353,8.293
ID676_8_R8_W0.11_Ang80,ID676_8_R8_W0.11.csv,80,12.3607,30.3678,5.46,8.371,11.7858,31.3164,5.823,6.7529
ID677_8_R8_W0.1267_Ang0,ID677_8_R8_W0.1267.csv,0,12.6931,20.0387,7.85,5.646,12.708,20.2696,7.7382,5.6122
ID677_8_R8_W0.1267_Ang20,ID677_8_R8_W0.1267.csv,20,12.5411,19.433,8.29,7.551,12.6832,19.0459,8.2676,7.189
ID677_8_R8_W0.1267_Ang40,ID677_8_R8_W0.1267.csv,40,12.5119,22.3253,7.25,8.691,12.3862,22.0992,7.4712,7.0832
ID677_8_R8_W0.1267_Ang60,ID677_8_R8_W0.1267.csv,60,12.56,28.8846,5.56,6.886,12.0152,28.1665,6.2294,5.6104
ID677_8_R8_W0.1267_Ang80,ID677_8_R8_W0.1267.csv,80,12.4416,29.7244,5.51,6.957,11.8022,31.0454,5.8575,5.3691
ID678_8_R8_W0.1433_Ang0,ID678_8_R8_W0.1433.csv,0,12.7875,19.5166,7.94,5.021,12.7744,19.5696,7.9319,4.9605
ID678_8_R8_W0.1433_Ang20,ID678_8_R8_W0.1433.csv,20,12.6523,18.7088,8.46,9.149,12.717,18.4618,8.4839,8.7194
ID678_8_R8_W0.1433_Ang40,ID678_8_R8_W0.1433.csv,40,12.6275,22.7651,6.98,8.498,12.4419,22.2962,7.3389,6.7528
ID678_8_R8_W0.1433_Ang60,ID678_8_R8_W0.1433.csv,60,12.4934,25.9129,6.26,6.772,12.0844,26.4911,6.5478,5.5098
ID678_8_R8_W0.1433_Ang80,ID678_8_R8_W0.1433.csv,80,12.4607,28.9735,5.63,6.524,11.8344,30.2396,5.981,5.3755
ID679_8_R8_W0.16_Ang0,ID679_8_R8_W0.16.csv,0,12.8503,19.1869,7.99,4.539,12.8493,19.1437,8.0141,4.5134
ID679_8_R8_W0.16_Ang20,ID679_8_R8_W0.16.csv,20,12.6917,18.1006,8.69,10.624,12.8181,17.9616,8.5832,10.1226
ID679_8_R8_W0.16_Ang40,ID679_8_R8_W0.16.csv,40,12.6278,21.0017,7.56,10.607,12.5396,21.0368,7.6576,7.9957
ID679_8_R8_W0.16_Ang60,ID679_8_R8_W0.16.csv,60,12.5557,25.7036,6.25,9.881,12.1718,26.3246,6.4949,7.4465
ID679_8_R8_W0.16_Ang80,ID679_8_R8_W0.16.csv,80,12.5419,28.8999,5.57,6.454,11.901,30.8606,5.7953,5.4801
ID680_8_R9_W0.01_Ang0,ID680_8_R9_W0.01.csv,0,10.4605,25.5142,9.07,18.163,10.5562,25.4292,8.9392,18.3399
ID680_8_R9_W0.01_Ang20,ID680_8_R9_W0.01.csv,20,10.3848,26.9876,8.7,17.773,10.5259,26.4998,8.6274,17.7086
ID680_8_R9_W0.01_Ang40,ID680_8_R9_W0.01.csv,40,10.3561,29.7699,7.93,19.895,10.3623,28.7593,8.2025,18.1851
ID680_8_R9_W0.01_Ang60,ID680_8_R9_W0.01.csv,60,10.3796,34.1145,6.89,21.643,10.1347,32.9198,7.4914,18.2873
ID680_8_R9_W0.01_Ang80,ID680_8_R9_W0.01.csv,80,10.3311,40.5209,5.86,25.244,10.0286,38.2561,6.5835,20.0292
ID681_8_R9_W0.0289_Ang0,ID681_8_R9_W0.0289.csv,0,10.6643,24.1613,9.22,22.984,10.7064,24.1092,9.1659,23.0451
ID681_8_R9_W0.0289_Ang20,ID681_8_R9_W0.0289.csv,20,10.5479,32.2912,7.05,12.488,10.5503,31.7241,7.1734,12.3204
ID681_8_R9_W0.0289_Ang40,ID681_8_R9_W0.0289.csv,40,10.5704,27.0752,8.37,29.484,10.53,27.7443,8.2339,22.0088
ID681_8_R9_W0.0289_Ang60,ID681_8_R9_W0.0289.csv,60,10.5624,33.9154,6.69,17.724,10.2891,32.8336,7.2874,14.069
ID681_8_R9_W0.0289_Ang80,ID681_8_R9_W0.0289.csv,80,10.5533,38.7482,5.87,17.596,10.1662,36.4378,6.7263,14.0315
ID682_8_R9_W0.0478_Ang0,ID682_8_R9_W0.0478.csv,0,10.7586,23.6025,9.27,16.783,10.9214,23.705,8.9587,17.1142
ID682_8_R9_W0.0478_Ang20,ID682_8_R9_W0.0478.csv,20,10.7962,29.8863,7.27,10.425,10.6637,29.7485,7.4879,10.0397
ID682_8_R9_W0.0478_Ang40,ID682_8_R9_W0.0478.csv,40,10.6713,26.9906,8.24,18.424,10.6826,27.1985,8.1609,14.2798
ID682_8_R9_W0.0478_Ang60,ID682_8_R9_W0.0478.csv,60,10.7065,32.8695,6.72,14.945,10.3851,31.883,7.3664,11.9169
ID682_8_R9_W0.0478_Ang80,ID682_8_R9_W0.0478.csv,80,10.64,36.258,6.17,12.493,10.2854,36.1714,6.6197,10.0948
ID683_8_R9_W0.0667_Ang0,ID683_8_R9_W0.0667.csv,0,10.8972,22.6368,9.42,16.335,11.071,22.6633,9.1189,16.3304
ID683_8_R9_W0.0667_Ang20,ID683_8_R9_W0.0667.csv,20,10.9422,27.5183,7.69,8.221,10.8526,27.1807,7.9125,8.1378
ID683_8_R9_W0.0667_Ang40,ID683_8_R9_W0.0667.csv,40,10.8392,30.1341,7.15,10.576,10.7319,29.051,7.5705,8.9707
ID683_8_R9_W0.0667_Ang60,ID683_8_R9_W0.0667.csv,60,10.7812,34.0806,6.39,14.529,10.4927,32.4327,7.0938,11.1236
ID683_8_R9_W0.0667_Ang80,ID683_8_R9_W0.0667.csv,80,10.7582,38.2677,5.72,11.173,10.3371,36.5921,6.4782,9.09
ID684_8_R9_W0.0856_Ang0,ID684_8_R9_W0.0856.csv,0,11.0036,22.9237,9.13,8.748,11.1723,22.7825,8.9075,8.7901
ID684_8_R9_W0.0856_Ang20,ID684_8_R9_W0.0856.csv,20,11.033,26.3796,7.89,7.63,10.9873,25.9691,8.0798,7.4786
ID684_8_R9_W0.0856_Ang40,ID684_8_R9_W0.0856.csv,40,11.0054,30.1755,6.93,8.219,10.7926,28.6523,7.5897,7.3484
ID684_8_R9_W0.0856_Ang60,ID684_8_R9_W0.0856.csv,60,10.9287,33.8167,6.27,10.643,10.532,32.2062,7.0906,8.5541
ID684_8_R9_W0.0856_Ang80,ID684_8_R9_W0.0856.csv,80,10.922,37.2616,5.7,9.409,10.3322,35.6749,6.6511,7.4283
ID685_8_R9_W0.1044_Ang0,ID685_8_R9_W0.1044.csv,0,11.1326,21.9935,9.29,7.869,11.2412,21.9327,9.1396,7.8793
ID685_8_R9_W0.1044_Ang20,ID685_8_R9_W0.1044.csv,20,11.1313,26.0052,7.86,6.437,11.0464,25.6005,8.1086,6.2871
ID685_8_R9_W0.1044_Ang40,ID685_8_R9_W0.1044.csv,40,11.0344,30.0998,6.91,7.301,10.8735,28.6912,7.4671,6.4221
ID685_8_R9_W0.1044_Ang60,ID685_8_R9_W0.1044.csv,60,11.0156,34.1412,6.11,7.98,10.6295,32.7136,6.8531,6.5579
ID685_8_R9_W0.1044_Ang80,ID685_8_R9_W0.1044.csv,80,10.9578,34.3822,6.14,9.127,10.4331,34.5748,6.7306,6.6021
ID686_8_R9_W0.1233_Ang0,ID686_8_R9_W0.1233.csv,0,11.1673,21.7657,9.33,8.06,11.3374,21.4967,9.1673,8.1618
ID686_8_R9_W0.1233_Ang20,ID686_8_R9_W0.1233.csv,20,11.2147,25.4835,7.9,6.186,11.1096,25.1361,8.1649,5.8649
ID686_8_R9_W0.1233_Ang40,ID686_8_R9_W0.1233.csv,40,11.1337,28.9579,7.06,6.498,10.9256,27.4742,7.7237,5.7831
ID686_8_R9_W0.1233_Ang60,ID686_8_R9_W0.1233.csv,60,11.0775,34.3721,6.01,7.088,10.6676,32.7892,6.7885,5.6342
ID686_8_R9_W0.1233_Ang80,ID686_8_R9_W0.1233.csv,80,11.0526,35.8604,5.78,8.089,10.495,35.1674,6.5394,6.5839
ID687_8_R9_W0.1422_Ang0,ID687_8_R9_W0.1422.csv,0,11.2813,20.7223,9.6,9.234,11.3729,20.8232,9.4049,9.4214
ID687_8_R9_W0.1422_Ang20,ID687_8_R9_W0.1422.csv,20,11.2766,24.3434,8.18,5.341,11.2014,24.019,8.405,5.2087
ID687_8_R9_W0.1422_Ang40,ID687_8_R9_W0.1422.csv,40,11.1931,27.5573,7.34,6.342,11.0156,26.3047,7.9359,5.6252
ID687_8_R9_W0.1422_Ang60,ID687_8_R9_W0.1422.csv,60,11.1166,30.7094,6.67,7.945,10.7053,30.269,7.302,6.4933
ID687_8_R9_W0.1422_Ang80,ID687_8_R9_W0.1422.csv,80,11.0883,34.3654,5.99,8.323,10.507,34.8592,6.5821,5.6439
ID688_8_R9_W0.1611_Ang0,ID688_8_R9_W0.1611.csv,0,11.3522,20.6055,9.54,6.255,11.4267,20.4772,9.4738,6.3178
ID688_8_R9_W0.1611_Ang20,ID688_8_R9_W0.1611.csv,20,11.3491,23.8397,8.25,4.873,11.2869,23.3289,8.5231,4.7684
ID688_8_R9_W0.1611_Ang40,ID688_8_R9_W0.1611.csv,40,11.2686,27.4401,7.27,5.496,11.064,26.2963,7.8691,4.9177
ID688_8_R9_W0.1611_Ang60,ID688_8_R9_W0.1611.csv,60,11.2294,31.2709,6.42,6.819,10.7446,30.5329,7.1861,5.6871
ID688_8_R9_W0.1611_Ang80,ID688_8_R9_W0.1611.csv,80,11.1944,35.4259,5.71,6.562,10.5181,34.42,6.652,5.2168
ID689_8_R9_W0.18_Ang0,ID689_8_R9_W0.18.csv,0,11.3805,20.0469,9.76,6.777,11.5225,19.7856,9.6427,7.0199
ID689_8_R9_W0.18_Ang20,ID689_8_R9_W0.18.csv,20,11.3845,22.8491,8.55,4.832,11.3644,22.4966,8.7183,4.8939
ID689_8_R9_W0.18_Ang40,ID689_8_R9_W0.18.csv,40,11.3052,26.3429,7.52,5.992,11.1352,25.3733,8.0513,5.2591
ID689_8_R9_W0.18_Ang60,ID689_8_R9_W0.18.csv,60,11.2458,31.2547,6.41,5.966,10.7972,30.4801,7.1286,5.0144
ID689_8_R9_W0.18_Ang80,ID689_8_R9_W0.18.csv,80,11.2196,34.0865,5.9,6.519,10.5584,34.043,6.6745,4.8868
ID690_8_R10_W0.01_Ang0,ID690_8_R10_W0.01.csv,0,9.2782,28.7551,10.23,18.526,9.5297,28.1195,9.919,19.0753
ID690_8_R10_W0.01_Ang20,ID690_8_R10_W0.01.csv,20,9.3549,29.3945,9.85,22.292,9.4551,28.9124,9.8,21.5036
ID690_8_R10_W0.01_Ang40,ID690_8_R10_W0.01.csv,40,9.2808,32.2694,9.11,27.898,9.3283,31.9099,9.1225,23.605
ID690_8_R10_W0.01_Ang60,ID690_8_R10_W0.01.csv,60,9.2907,40.2925,7.28,25.002,9.0646,38.7356,7.9584,20.6012
ID690_8_R10_W0.01_Ang80,ID690_8_R10_W0.01.csv,80,9.3339,42.667,6.81,25.682,8.9615,40.6887,7.7519,20.5439
ID691_8_R10_W0.0311_Ang0,ID691_8_R10_W0.0311.csv,0,9.5283,27.1074,10.29,11.362,9.7074,26.9446,9.9761,11.9553
ID691_8_R10_W0.0311_Ang20,ID691_8_R10_W0.0311.csv,20,9.6021,27.0108,10.17,16.329,9.574,26.6744,10.36,15.3214
ID691_8_R10_W0.0311_Ang40,ID691_8_R10_W0.0311.csv,40,9.5556,27.5886,10.06,30.6,9.4877,28.3827,9.9143,22.5373
ID691_8_R10_W0.0311_Ang60,ID691_8_R10_W0.0311.csv,60,9.4904,39.4498,7.13,19.773,9.1987,37.1016,8.0685,15.4951
ID691_8_R10_W0.0311_Ang80,ID691_8_R10_W0.0311.csv,80,9.5006,41.9189,6.69,16.132,9.0729,40.4845,7.6008,12.8777
ID692_8_R10_W0.0522_Ang0,ID692_8_R10_W0.0522.csv,0,9.7092,26.5488,10.12,9.366,9.8217,26.2854,9.9897,9.4854
ID692_8_R10_W0.0522_Ang20,ID692_8_R10_W0.0522.csv,20,9.7588,25.8696,10.28,20.67,9.7385,25.7427,10.3753,19.0662
ID692_8_R10_W0.0522_Ang40,ID692_8_R10_W0.0522.csv,40,9.6594,29.9153,9.08,16.081,9.5544,29.3417,9.4568,13.0239
ID692_8_R10_W0.0522_Ang60,ID692_8_R10_W0.0522.csv,60,9.6405,39.7147,6.86,27.66,9.3788,36.4911,7.8914,19.1097
ID692_8_R10_W0.0522_Ang80,ID692_8_R10_W0.0522.csv,80,9.6045,43.6993,6.28,12.989,9.1976,41.2785,7.2539,10.6033
ID693_8_R10_W0.0733_Ang0,ID693_8_R10_W0.0733.csv,0,9.7992,24.5724,10.74,8.761,9.9244,24.4526,10.5173,8.8742
ID693_8_R10_W0.0733_Ang20,ID693_8_R10_W0.0733.csv,20,9.8557,25.7588,10.12,12.469,9.8302,25.5502,10.2593,11.9425
ID693_8_R10_W0.0733_Ang40,ID693_8_R10_W0.0733.csv,40,9.8679,29.1917,8.91,17.654,9.6205,28.7023,9.5351,14.0665
ID693_8_R10_W0.0733_Ang60,ID693_8_R10_W0.0733.csv,60,9.7226,37.7724,7.09,9.794,9.4264,36.7126,7.7649,7.9729
ID693_8_R10_W0.0733_Ang80,ID693_8_R10_W0.0733.csv,80,9.7415,41.9031,6.37,10.095,9.2609,41.4698,7.122,7.8573
ID694_8_R10_W0.0944_Ang0,ID694_8_R10_W0.0944.csv,0,9.8578,24.514,10.63,6.858,10.0722,24.2947,10.2774,7.0457
ID694_8_R10_W0.0944_Ang20,ID694_8_R10_W0.0944.csv,20,9.9302,25.388,10.12,12.709,9.9721,25.1002,10.1482,11.9653
ID694_8_R10_W0.0944_Ang40,ID694_8_R10_W0.0944.csv,40,9.9077,28.3849,9.09,15.24,9.7387,28.2544,9.4526,11.9584
ID694_8_R10_W0.0944_Ang60,ID694_8_R10_W0.0944.csv,60,9.8846,34.8198,7.45,9.511,9.4597,34.1702,8.284,8.0884
ID694_8_R10_W0.0944_Ang80,ID694_8_R10_W0.0944.csv,80,9.8154,39.8702,6.59,8.801,9.3236,40.3193,7.227,7.0965
ID695_8_R10_W0.1156_Ang0,ID695_8_R10_W0.1156.csv,0,10.0312,23.3964,10.76,12.194,10.0899,23.4207,10.6235,12.4085
ID695_8_R10_W0.1156_Ang20,ID695_8_R10_W0.1156.csv,20,10.0094,25.3578,9.97,8.677,10.0696,25.15,9.9329,8.219
ID695_8_R10_W0.1156_Ang40,ID695_8_R10_W0.1156.csv,40,9.9794,27.9167,9.11,13.196,9.7596,27.7273,9.5912,10.5261
ID695_8_R10_W0.1156_Ang60,ID695_8_R10_W0.1156.csv,60,9.9354,34.2134,7.5,9.704,9.5057,33.6482,8.3313,8.4142
ID695_8_R10_W0.1156_Ang80,ID695_8_R10_W0.1156.csv,80,9.9046,37.9286,6.81,8.359,9.3178,37.7955,7.7192,7.3669
ID696_8_R10_W0.1367_Ang0,ID696_8_R10_W0.1367.csv,0,10.0378,22.9197,10.97,7.657,10.2147,23.0417,10.5359,8.0763
ID696_8_R10_W0.1367_Ang20,ID696_8_R10_W0.1367.csv,20,10.0168,24.106,10.47,6.696,10.1583,23.7648,10.3291,6.8557
ID696_8_R10_W0.1367_Ang40,ID696_8_R10_W0.1367.csv,40,10.0928,27.7086,8.97,13.917,9.8282,27.3529,9.5872,10.8493
ID696_8_R10_W0.1367_Ang60,ID696_8_R10_W0.1367.csv,60,9.9864,33.5366,7.57,9.673,9.5675,33.2463,8.3233,8.3876
ID696_8_R10_W0.1367_Ang80,ID696_8_R10_W0.1367.csv,80,9.9578,37.1179,6.88,7.597,9.3676,37.9043,7.6154,6.7024
ID697_8_R10_W0.1578_Ang0,ID697_8_R10_W0.1578.csv,0,10.1639,22.1042,11.09,10.11,10.2139,22.1728,10.9505,10.4659
ID697_8_R10_W0.1578_Ang20,ID697_8_R10_W0.1578.csv,20,10.0963,23.9112,10.39,6.636,10.221,23.3963,10.3634,6.7865
ID697_8_R10_W0.1578_Ang40,ID697_8_R10_W0.1578.csv,40,10.1233,27.4864,8.99,9.853,9.8781,26.8863,9.6551,7.9737
ID697_8_R10_W0.1578_Ang60,ID697_8_R10_W0.1578.csv,60,10.0141,32.7321,7.72,7.068,9.6298,33.3285,8.1958,5.9632
ID697_8_R10_W0.1578_Ang80,ID697_8_R10_W0.1578.csv,80,10.0346,38.8665,6.47,7.002,9.4148,38.6836,7.3873,6.1857
ID698_8_R10_W0.1789_Ang0,ID698_8_R10_W0.1789.csv,0,10.1742,22.0779,11.08,6.873,10.2963,22.1862,10.7695,6.9085
ID698_8_R10_W0.1789_Ang20,ID698_8_R10_W0.1789.csv,20,10.1851,23.5834,10.35,6.941,10.2664,23.1634,10.3753,7.1169
ID698_8_R10_W0.1789_Ang40,ID698_8_R10_W0.1789.csv,40,10.182,26.9032,9.08,12.018,9.9175,26.4129,9.7503,9.4756
ID698_8_R10_W0.1789_Ang60,ID698_8_R10_W0.1789.csv,60,10.1316,35.6138,6.93,6.368,9.6535,34.8715,7.7947,5.1965
ID698_8_R10_W0.1789_Ang80,ID698_8_R10_W0.1789.csv,80,10.0788,37.7376,6.61,7.021,9.432,38.2597,7.442,5.4591
ID699_8_R10_W0.2_Ang0,ID699_8_R10_W0.2.csv,0,10.2329,21.3373,11.34,6.788,10.363,21.3516,11.0468,7.0532
ID699_8_R10_W0.2_Ang20,ID699_8_R10_W0.2.csv,20,10.2472,22.4679,10.74,7.126,10.3013,22.1851,10.7595,7.0498
ID699_8_R10_W0.2_Ang40,ID699_8_R10_W0.2.csv,40,10.1857,25.8754,9.44,9.876,10.0093,25.8514,9.7803,7.6762
ID699_8_R10_W0.2_Ang60,ID699_8_R10_W0.2.csv,60,10.1257,31.6979,7.79,8.092,9.6719,32.3522,8.3698,7.0608
ID699_8_R10_W0.2_Ang80,ID699_8_R10_W0.2.csv,80,10.0883,35.5732,7.0,6.502,9.4769,37.4395,7.5332,5.6214
ID70_1_R8_W0.01_Ang0,ID70_1_R8_W0.01.csv,0,6.9743,5.7093,91.21,2.52,6.9914,5.6972,90.9593,2.5196
ID70_1_R8_W0.01_Ang20,ID70_1_R8_W0.01.csv,20,7.2268,6.3229,76.71,2.788,7.2574,6.0247,79.8251,2.6029
ID70_1_R8_W0.01_Ang40,ID70_1_R8_W0.01.csv,40,7.2934,6.8006,70.02,3.382,7.42,5.6645,81.2211,2.6423
ID70_1_R8_W0.01_Ang60,ID70_1_R8_W0.01.csv,60,7.3885,7.4545,62.25,4.282,7.6839,5.2766,81.3063,2.7901
ID70_1_R8_W0.01_Ang80,ID70_1_R8_W0.01.csv,80,7.5441,8.2051,54.24,4.987,7.8317,5.1686,79.9013,2.8061
ID720_9_R3_W0.01_Ang0,ID720_9_R3_W0.01.csv,0,18.2796,19.2034,3.95,28.099,18.2826,19.22,3.9429,28.0932
ID720_9_R3_W0.01_Ang20,ID720_9_R3_W0.01.csv,20,18.2815,19.5265,3.88,28.554,18.2448,19.3701,3.9285,28.1409
ID720_9_R3_W0.01_Ang40,ID720_9_R3_W0.01.csv,40,18.279,20.2672,3.74,29.626,18.1843,19.7353,3.8815,28.3503
ID720_9_R3_W0.01_Ang60,ID720_9_R3_W0.01.csv,60,18.2459,21.3459,3.56,31.153,18.0775,20.2836,3.8214,28.9237
ID720_9_R3_W0.01_Ang80,ID720_9_R3_W0.01.csv,80,18.2727,21.75,3.49,31.901,18.1208,20.2942,3.8011,28.8359
ID721_9_R3_W0.0172_Ang0,ID721_9_R3_W0.0172.csv,0,19.2855,16.7001,4.08,23.028,19.2972,16.6588,4.0833,23.0798
ID721_9_R3_W0.0172_Ang20,ID721_9_R3_W0.0172.csv,20,19.3444,16.905,4.0,23.524,19.2898,16.7702,4.0593,23.1048
ID721_9_R3_W0.0172_Ang40,ID721_9_R3_W0.0172.csv,40,19.3076,17.6853,3.84,24.662,19.1951,17.1195,4.0157,23.4417
ID721_9_R3_W0.0172_Ang60,ID721_9_R3_W0.0172.csv,60,18.9177,19.6157,3.61,25.457,18.7057,18.6437,3.8829,23.4503
ID721_9_R3_W0.0172_Ang80,ID721_9_R3_W0.0172.csv,80,18.9526,20.0647,3.51,26.201,18.6911,18.7018,3.8769,23.4626
ID722_9_R3_W0.0244_Ang0,ID722_9_R3_W0.0244.csv,0,19.8766,15.47,4.14,19.777,19.9431,15.4543,4.121,19.9496
ID722_9_R3_W0.0244_Ang20,ID722_9_R3_W0.0244.csv,20,19.8886,15.7411,4.07,20.005,19.913,15.549,4.1084,19.9324
ID722_9_R3_W0.0244_Ang40,ID722_9_R3_W0.0244.csv,40,19.8762,16.5124,3.88,21.14,19.8055,15.922,4.0557,20.0021
ID722_9_R3_W0.0244_Ang60,ID722_9_R3_W0.0244.csv,60,19.7616,17.7021,3.66,21.847,19.5042,16.7192,3.9826,19.9247
ID722_9_R3_W0.0244_Ang80,ID722_9_R3_W0.0244.csv,80,19.5682,18.7249,3.53,22.794,19.2361,17.4102,3.9319,20.317
ID730_9_R4_W0.01_Ang0,ID730_9_R4_W0.01.csv,0,14.0866,23.908,5.34,32.028,14.0428,24.1432,5.3203,32.0652
ID730_9_R4_W0.01_Ang20,ID730_9_R4_W0.01.csv,20,14.1003,24.234,5.26,31.917,14.0485,24.2521,5.2922,31.6766
ID730_9_R4_W0.01_Ang40,ID730_9_R4_W0.01.csv,40,13.7695,26.6811,5.01,33.378,13.8469,25.7662,5.1272,32.3671
ID730_9_R4_W0.01_Ang60,ID730_9_R4_W0.01.csv,60,13.8395,27.6594,4.78,35.563,13.8627,26.1367,5.043,32.3889
ID730_9_R4_W0.01_Ang80,ID730_9_R4_W0.01.csv,80,13.5492,30.2911,4.56,35.285,13.4835,28.2928,4.9245,32.2061
ID731_9_R4_W0.02_Ang0,ID731_9_R4_W0.02.csv,0,14.3835,22.9719,5.33,23.726,14.3297,23.1232,5.3348,23.624
ID731_9_R4_W0.02_Ang20,ID731_9_R4_W0.02.csv,20,14.343,23.4102,5.26,24.229,14.3201,23.3629,5.2872,23.8897
ID731_9_R4_W0.02_Ang40,ID731_9_R4_W0.02.csv,40,14.3638,24.3093,5.05,25.109,14.31,23.6873,5.2221,23.88
ID731_9_R4_W0.02_Ang60,ID731_9_R4_W0.02.csv,60,14.3182,25.4135,4.86,25.964,14.3484,24.0617,5.1134,24.3233
ID731_9_R4_W0.02_Ang80,ID731_9_R4_W0.02.csv,80,14.0894,27.6657,4.61,27.182,14.0613,25.7414,4.9769,24.6811
ID732_9_R4_W0.03_Ang0,ID732_9_R4_W0.03.csv,0,14.8339,21.0551,5.47,20.646,14.8317,21.1331,5.4487,20.8291
ID732_9_R4_W0.03_Ang20,ID732_9_R4_W0.03.csv,20,14.8393,21.5268,5.34,21.133,14.8306,21.3664,5.39,20.8132
ID732_9_R4_W0.03_Ang40,ID732_9_R4_W0.03.csv,40,14.8007,22.5645,5.12,21.765,14.7937,21.8955,5.2861,20.6409
ID732_9_R4_W0.03_Ang60,ID732_9_R4_W0.03.csv,60,14.762,23.6857,4.91,23.692,14.7677,22.3283,5.2019,20.85
ID732_9_R4_W0.03_Ang80,ID732_9_R4_W0.03.csv,80,14.6459,25.0178,4.72,22.933,14.6257,23.3023,5.0817,20.2294
ID733_9_R4_W0.04_Ang0,ID733_9_R4_W0.04.csv,0,15.297,19.6225,5.52,17.311,15.2966,19.7482,5.4818,17.2944
ID733_9_R4_W0.04_Ang20,ID733_9_R4_W0.04.csv,20,15.2529,20.0807,5.42,17.688,15.2841,20.0142,5.4178,17.6103
ID733_9_R4_W0.04_Ang40,ID733_9_R4_W0.04.csv,40,15.2062,21.0506,5.2,18.257,15.2455,20.4674,5.3247,17.5803
ID733_9_R4_W0.04_Ang60,ID733_9_R4_W0.04.csv,60,15.1355,22.6106,4.89,19.493,15.1478,21.3687,5.1661,17.869
ID733_9_R4_W0.04_Ang80,ID733_9_R4_W0.04.csv,80,15.017,23.0768,4.87,21.302,15.0292,22.0429,5.0875,17.9333
ID734_9_R4_W0.05_Ang0,ID734_9_R4_W0.05.csv,0,15.6007,18.8704,5.52,15.957,15.6196,18.9104,5.4904,15.9453
ID734_9_R4_W0.05_Ang20,ID734_9_R4_W0.05.csv,20,15.6028,19.3427,5.38,15.986,15.6219,19.1305,5.4256,15.6567
ID734_9_R4_W0.05_Ang40,ID734_9_R4_W0.05.csv,40,15.6619,19.8331,5.21,17.084,15.7001,19.0313,5.3996,16.1952
ID734_9_R4_W0.05_Ang60,ID734_9_R4_W0.05.csv,60,15.5496,21.3636,4.9,17.234,15.5132,20.0754,5.2429,15.9475
ID734_9_R4_W0.05_Ang80,ID734_9_R4_W0.05.csv,80,15.4482,22.5669,4.7,17.784,15.3961,20.6941,5.1638,15.976
ID735_9_R4_W0.06_Ang0,ID735_9_R4_W0.06.csv,0,15.9686,17.6751,5.62,14.695,16.0361,17.6864,5.5694,14.8211
ID735_9_R4_W0.06_Ang20,ID735_9_R4_W0.06.csv,20,16.0704,17.7253,5.53,14.631,16.2087,17.3541,5.5557,14.535
ID735_9_R4_W0.06_Ang40,ID735_9_R4_W0.06.csv,40,16.1103,18.6196,5.24,15.229,16.1719,17.8102,5.4381,14.7622
ID735_9_R4_W0.06_Ang60,ID735_9_R4_W0.06.csv,60,15.9275,20.1984,4.94,16.022,15.9331,18.8707,5.2875,14.7189
ID735_9_R4_W0.06_Ang80,ID735_9_R4_W0.06.csv,80,15.84,21.6972,4.65,16.682,15.638,19.9595,5.1895,14.7168
ID736_9_R4_W0.07_Ang0,ID736_9_R4_W0.07.csv,0,16.3998,16.7606,5.62,13.651,16.4094,16.8321,5.5887,13.6267
ID736_9_R4_W0.07_Ang20,ID736_9_R4_W0.07.csv,20,16.3831,17.2308,5.48,13.763,16.3468,17.0464,5.5609,13.5091
ID736_9_R4_W0.07_Ang40,ID736_9_R4_W0.07.csv,40,16.3515,18.1154,5.23,14.322,16.3022,17.5242,5.4389,13.7093
ID736_9_R4_W0.07_Ang60,ID736_9_R4_W0.07.csv,60,16.3193,19.2192,4.95,15.321,16.2375,18.0692,5.317,13.8584
ID736_9_R4_W0.07_Ang80,ID736_9_R4_W0.07.csv,80,16.2807,20.3846,4.69,15.972,16.1333,18.6784,5.2102,14.0588
ID737_9_R4_W0.08_Ang0,ID737_9_R4_W0.08.csv,0,16.7706,15.8984,5.66,12.555,16.771,16.0535,5.6099,12.7953
ID737_9_R4_W0.08_Ang20,ID737_9_R4_W0.08.csv,20,16.6995,16.3362,5.56,12.823,16.7545,16.1607,5.5836,12.9237
ID737_9_R4_W0.08_Ang40,ID737_9_R4_W0.08.csv,40,16.6834,17.543,5.19,13.53,16.6027,16.9083,5.4348,12.9
ID737_9_R4_W0.08_Ang60,ID737_9_R4_W0.08.csv,60,16.6741,18.6484,4.89,14.321,16.5134,17.4939,5.3098,12.9911
ID737_9_R4_W0.08_Ang80,ID737_9_R4_W0.08.csv,80,16.6713,19.3587,4.71,14.94,16.4495,17.8372,5.2482,12.8849
ID738_9_R4_W0.09_Ang0,ID738_9_R4_W0.09.csv,0,17.1717,15.0983,5.69,11.991,17.2269,15.1104,5.6487,11.9489
ID738_9_R4_W0.09_Ang20,ID738_9_R4_W0.09.csv,20,17.082,15.7341,5.52,12.296,17.0621,15.5168,5.6076,12.0249
ID738_9_R4_W0.09_Ang40,ID738_9_R4_W0.09.csv,40,17.1523,16.3467,5.27,12.898,17.0406,15.8745,5.495,12.3347
ID738_9_R4_W0.09_Ang60,ID738_9_R4_W0.09.csv,60,17.0733,17.5978,4.94,13.511,16.8864,16.5967,5.3524,12.3391
ID738_9_R4_W0.09_Ang80,ID738_9_R4_W0.09.csv,80,17.0254,18.6841,4.68,14.026,16.7715,17.1933,5.2377,12.3621
ID739_9_R4.0_W0.1_Ang0,ID739_9_R4.0_W0.1.csv,0,17.4247,14.6938,5.68,11.27,17.4264,14.7358,5.6604,11.3047
ID739_9_R4.0_W0.1_Ang20,ID739_9_R4.0_W0.1.csv,20,17.4073,15.0723,5.55,11.474,17.3879,14.9316,5.611,11.3463
ID739_9_R4.0_W0.1_Ang40,ID739_9_R4.0_W0.1.csv,40,17.4074,16.0208,5.22,12.16,17.2695,15.407,5.5127,11.3922
ID739_9_R4.0_W0.1_Ang60,ID739_9_R4.0_W0.1.csv,60,17.436,17.1484,4.86,13.083,17.1397,16.1185,5.3495,11.6922
ID739_9_R4.0_W0.1_Ang80,ID739_9_R4.0_W0.1.csv,80,17.4384,17.7766,4.69,13.745,17.0966,16.4328,5.2736,11.8722
ID740_9_R5.0_W0.01_Ang0,ID740_9_R5.0_W0.01.csv,0,11.16,30.3948,6.69,35.142,11.1006,30.5229,6.7348,34.4318
ID740_9_R5.0_W0.01_Ang20,ID740_9_R5.0_W0.01.csv,20,11.1554,30.8277,6.6,35.14,11.1419,30.8659,6.6107,34.8217
ID740_9_R5.0_W0.01_Ang40,ID740_9_R5.0_W0.01.csv,40,10.8856,34.1658,6.26,35.419,10.9028,33.1932,6.4197,34.3965
ID740_9_R5.0_W0.01_Ang60,ID740_9_R5.0_W0.01.csv,60,10.9559,35.1514,6.0,37.532,10.903,33.6255,6.337,35.0469
ID740_9_R5.0_W0.01_Ang80,ID740_9_R5.0_W0.01.csv,80,10.7376,38.1095,5.76,38.024,10.75,35.4648,6.1806,34.9484
ID741_9_R5.0_W0.0228_Ang0,ID741_9_R5.0_W0.0228.csv,0,11.604,27.6738,6.8,26.002,11.699,27.3765,6.7603,26.6311
ID741_9_R5.0_W0.0228_Ang20,ID741_9_R5.0_W0.0228.csv,20,11.399,29.4582,6.62,24.972,11.4107,29.5595,6.5814,25.1602
ID741_9_R5.0_W0.0228_Ang40,ID741_9_R5.0_W0.0228.csv,40,11.3584,30.9095,6.35,25.682,11.3271,30.3263,6.51,24.8733
ID741_9_R5.0_W0.0228_Ang60,ID741_9_R5.0_W0.0228.csv,60,11.2686,33.4678,5.96,26.492,11.1745,31.8793,6.3632,24.875
ID741_9_R5.0_W0.0228_Ang80,ID741_9_R5.0_W0.0228.csv,80,11.1127,35.6792,5.75,28.772,11.0253,33.7416,6.1758,24.8904
ID742_9_R5.0_W0.0356_Ang0,ID742_9_R5.0_W0.0356.csv,0,11.7506,27.2099,6.74,19.936,11.7778,27.1673,6.7215,19.8256
ID742_9_R5.0_W0.0356_Ang20,ID742_9_R5.0_W0.0356.csv,20,11.7465,27.788,6.61,20.092,11.7532,27.4713,6.675,20.0276
ID742_9_R5.0_W0.0356_Ang40,ID742_9_R5.0_W0.0356.csv,40,11.6546,29.4304,6.34,21.0,11.6323,28.6096,6.5433,20.078
ID742_9_R5.0_W0.0356_Ang60,ID742_9_R5.0_W0.0356.csv,60,11.6592,31.0154,6.01,21.573,11.5476,29.5217,6.4344,19.898
ID742_9_R5.0_W0.0356_Ang80,ID742_9_R5.0_W0.0356.csv,80,11.5325,33.0703,5.76,22.32,11.3967,30.9808,6.2949,19.9667
ID743_9_R5.0_W0.0483_Ang0,ID743_9_R5.0_W0.0483.csv,0,11.9617,26.4993,6.68,16.74,11.9589,26.5101,6.6811,16.838
ID743_9_R5.0_W0.0483_Ang20,ID743_9_R5.0_W0.0483.csv,20,11.9821,26.8201,6.58,17.116,11.9726,26.58,6.6483,16.9213
ID743_9_R5.0_W0.0483_Ang40,ID743_9_R5.0_W0.0483.csv,40,11.934,28.4659,6.25,17.922,11.8504,27.7195,6.5071,17.1127
ID743_9_R5.0_W0.0483_Ang60,ID743_9_R5.0_W0.0483.csv,60,11.8894,30.344,5.91,18.73,11.7428,28.8227,6.3733,17.1736
ID743_9_R5.0_W0.0483_Ang80,ID743_9_R5.0_W0.0483.csv,80,11.8925,31.359,5.71,19.593,11.7086,29.3471,6.296,17.4645
ID744_9_R5.0_W0.0611_Ang0,ID744_9_R5.0_W0.0611.csv,0,12.6381,22.9393,6.91,16.719,12.5804,23.0005,6.9585,16.2807
ID744_9_R5.0_W0.0611_Ang20,ID744_9_R5.0_W0.0611.csv,20,12.2397,25.796,6.55,15.273,12.1907,25.666,6.6409,14.9979
ID744_9_R5.0_W0.0611_Ang40,ID744_9_R5.0_W0.0611.csv,40,12.2371,27.0368,6.26,15.915,12.1342,26.2095,6.5639,15.2193
ID744_9_R5.0_W0.0611_Ang60,ID744_9_R5.0_W0.0611.csv,60,12.2585,28.394,5.94,17.049,12.0893,26.8668,6.451,15.5108
ID744_9_R5.0_W0.0611_Ang80,ID744_9_R5.0_W0.0611.csv,80,12.2631,29.5204,5.71,17.472,12.0175,27.4359,6.3928,15.402
ID745_9_R5.0_W0.0739_Ang0,ID745_9_R5.0_W0.0739.csv,0,12.8279,21.9865,7.0,14.375,12.8743,21.9816,6.9524,14.4471
ID745_9_R5.0_W0.0739_Ang20,ID745_9_R5.0_W0.0739.csv,20,12.7553,23.0293,6.76,14.249,12.7542,22.8922,6.8021,13.9541
ID745_9_R5.0_W0.0739_Ang40,ID745_9_R5.0_W0.0739.csv,40,12.6927,24.584,6.4,14.707,12.6053,23.8845,6.6745,13.9357
ID745_9_R5.0_W0.0739_Ang60,ID745_9_R5.0_W0.0739.csv,60,12.6115,26.7326,5.96,15.411,12.397,25.3235,6.5085,13.9309
ID745_9_R5.0_W0.0739_Ang80,ID745_9_R5.0_W0.0739.csv,80,12.6236,27.7625,5.73,16.168,12.344,25.8766,6.4242,14.0485
ID746_9_R5.0_W0.0867_Ang0,ID746_9_R5.0_W0.0867.csv,0,13.2064,20.4528,7.1,14.08,13.2539,20.527,7.0246,14.5395
ID746_9_R5.0_W0.0867_Ang20,ID746_9_R5.0_W0.0867.csv,20,13.1724,21.1733,6.89,13.724,13.1599,21.0682,6.9424,13.5411
ID746_9_R5.0_W0.0867_Ang40,ID746_9_R5.0_W0.0867.csv,40,13.1606,22.4708,6.51,14.956,13.0646,21.6488,6.8551,13.8828
ID746_9_R5.0_W0.0867_Ang60,ID746_9_R5.0_W0.0867.csv,60,13.3101,23.4779,6.09,17.01,13.0117,22.2454,6.7256,14.4034
ID746_9_R5.0_W0.0867_Ang80,ID746_9_R5.0_W0.0867.csv,80,13.0157,25.948,5.76,15.615,12.6756,24.0625,6.5518,13.1015
ID747_9_R5.0_W0.0994_Ang0,ID747_9_R5.0_W0.0994.csv,0,13.4686,19.6784,7.1,13.216,13.5108,19.5698,7.0907,13.1471
ID747_9_R5.0_W0.0994_Ang20,ID747_9_R5.0_W0.0994.csv,20,13.4524,20.1818,6.94,12.842,13.4724,19.8454,7.0322,12.588
ID747_9_R5.0_W0.0994_Ang40,ID747_9_R5.0_W0.0994.csv,40,13.4546,21.2269,6.59,14.181,13.4305,20.4142,6.879,13.0092
ID747_9_R5.0_W0.0994_Ang60,ID747_9_R5.0_W0.0994.csv,60,13.5619,21.8552,6.3,19.248,13.3888,20.8226,6.7861,14.8122
ID747_9_R5.0_W0.0994_Ang80,ID747_9_R5.0_W0.0994.csv,80,13.3877,24.4186,5.79,14.881,13.0662,22.4458,6.61,12.4858
ID748_9_R5.0_W0.1122_Ang0,ID748_9_R5.0_W0.1122.csv,0,13.792,18.4116,7.23,11.946,13.782,18.7734,7.1035,11.8783
ID748_9_R5.0_W0.1122_Ang20,ID748_9_R5.0_W0.1122.csv,20,13.7732,18.9269,7.05,12.356,13.7689,18.8665,7.0819,12.2154
ID748_9_R5.0_W0.1122_Ang40,ID748_9_R5.0_W0.1122.csv,40,13.8032,19.9188,6.67,13.706,13.74,19.3749,6.9251,12.6322
ID748_9_R5.0_W0.1122_Ang60,ID748_9_R5.0_W0.1122.csv,60,13.7194,21.6454,6.22,13.766,13.5386,20.4311,6.7639,12.0533
ID748_9_R5.0_W0.1122_Ang80,ID748_9_R5.0_W0.1122.csv,80,13.6664,23.2907,5.82,13.939,13.3311,21.4881,6.633,11.7028
ID749_9_R5.0_W0.125_Ang0,ID749_9_R5.0_W0.125.csv,0,14.0691,17.6818,7.24,11.238,14.0486,17.9771,7.1392,11.6187
ID749_9_R5.0_W0.125_Ang20,ID749_9_R5.0_W0.125.csv,20,14.0842,18.0824,7.06,11.797,14.0164,18.1646,7.0981,11.6911
ID749_9_R5.0_W0.125_Ang40,ID749_9_R5.0_W0.125.csv,40,14.0388,19.275,6.67,12.172,14.0069,18.7013,6.9038,11.8346
ID749_9_R5.0_W0.125_Ang60,ID749_9_R5.0_W0.125.csv,60,13.9653,21.1236,6.15,12.743,13.7233,19.8692,6.7693,11.5835
ID749_9_R5.0_W0.125_Ang80,ID749_9_R5.0_W0.125.csv,80,13.949,22.4076,5.81,13.148,13.584,20.69,6.6347,11.2834
ID750_9_R6.0_W0.01_Ang0,ID750_9_R6.0_W0.01.csv,0,9.3331,36.6944,7.92,38.522,9.289,36.8909,7.9577,38.1995
ID750_9_R6.0_W0.01_Ang20,ID750_9_R6.0_W0.01.csv,20,9.3132,37.5235,7.78,38.442,9.2615,37.389,7.8982,37.8537
ID750_9_R6.0_W0.01_Ang40,ID750_9_R6.0_W0.01.csv,40,8.8815,44.904,7.15,38.688,8.7807,44.5181,7.3798,37.3578
ID750_9_R6.0_W0.01_Ang60,ID750_9_R6.0_W0.01.csv,60,9.0652,44.1983,6.97,40.582,8.95,42.2965,7.4764,37.5361
ID750_9_R6.0_W0.01_Ang80,ID750_9_R6.0_W0.01.csv,80,8.8164,49.1196,6.63,41.74,8.6698,46.8562,7.1922,37.6164
ID751_9_R6.0_W0.0256_Ang0,ID751_9_R6.0_W0.0256.csv,0,9.7206,33.1661,8.08,26.963,9.8316,32.8784,7.9705,27.4786
ID751_9_R6.0_W0.0256_Ang20,ID751_9_R6.0_W0.0256.csv,20,9.6907,33.7531,7.99,28.475,9.8211,33.0876,7.937,28.6355
ID751_9_R6.0_W0.0256_Ang40,ID751_9_R6.0_W0.0256.csv,40,9.6689,34.9958,7.74,30.685,9.822,33.4582,7.8476,29.523
ID751_9_R6.0_W0.0256_Ang60,ID751_9_R6.0_W0.0256.csv,60,9.3764,40.5526,7.1,27.147,9.4095,38.4479,7.4411,25.7774
ID751_9_R6.0_W0.0256_Ang80,ID751_9_R6.0_W0.0256.csv,80,9.2281,44.9275,6.62,28.157,9.1245,42.1967,7.2101,25.4962
ID752_9_R6.0_W0.0411_Ang0,ID752_9_R6.0_W0.0411.csv,0,10.0485,30.7393,8.16,20.998,10.1792,30.4494,8.0285,21.5566
ID752_9_R6.0_W0.0411_Ang20,ID752_9_R6.0_W0.0411.csv,20,10.048,31.2173,8.04,20.928,10.1437,30.9508,7.9538,21.4246
ID752_9_R6.0_W0.0411_Ang40,ID752_9_R6.0_W0.0411.csv,40,10.046,32.5507,7.71,21.904,10.1534,31.2099,7.8727,21.6751
ID752_9_R6.0_W0.0411_Ang60,ID752_9_R6.0_W0.0411.csv,60,9.8083,37.1314,7.09,21.617,9.6552,35.9139,7.5659,19.9321
ID752_9_R6.0_W0.0411_Ang80,ID752_9_R6.0_W0.0411.csv,80,9.8461,36.3835,7.18,23.909,9.8704,34.3176,7.5762,21.1476
ID753_9_R6.0_W0.0567_Ang0,ID753_9_R6.0_W0.0567.csv,0,10.3744,28.3057,8.31,21.021,10.4235,28.2189,8.2618,21.5371
ID753_9_R6.0_W0.0567_Ang20,ID753_9_R6.0_W0.0567.csv,20,10.335,29.1094,8.15,19.515,10.48,28.3185,8.1442,19.6855
ID753_9_R6.0_W0.0567_Ang40,ID753_9_R6.0_W0.0567.csv,40,10.4042,30.3626,7.71,19.016,10.502,29.0408,7.9084,18.2615
ID753_9_R6.0_W0.0567_Ang60,ID753_9_R6.0_W0.0567.csv,60,10.1839,33.6459,7.26,18.721,10.1772,31.7713,7.6975,17.4115
ID753_9_R6.0_W0.0567_Ang80,ID753_9_R6.0_W0.0567.csv,80,10.1131,27.6193,8.97,33.496,10.1507,32.5283,7.5577,18.3948
ID754_9_R6.0_W0.0722_Ang0,ID754_9_R6.0_W0.0722.csv,0,10.6798,26.7229,8.31,16.177,10.7157,26.8345,8.2206,16.8367
ID754_9_R6.0_W0.0722_Ang20,ID754_9_R6.0_W0.0722.csv,20,10.65,27.0988,8.24,16.79,10.7082,26.9504,8.1967,16.9045
ID754_9_R6.0_W0.0722_Ang40,ID754_9_R6.0_W0.0722.csv,40,10.6561,28.4373,7.84,17.131,10.7415,27.5391,7.9719,17.2223
ID754_9_R6.0_W0.0722_Ang60,ID754_9_R6.0_W0.0722.csv,60,10.6175,30.0403,7.48,19.853,10.5308,29.2516,7.8086,17.3678
ID754_9_R6.0_W0.0722_Ang80,ID754_9_R6.0_W0.0722.csv,80,10.5391,31.2533,7.3,22.477,10.434,30.1628,7.7138,16.337
ID755_9_R6.0_W0.0878_Ang0,ID755_9_R6.0_W0.0878.csv,0,10.955,25.0486,8.43,16.371,11.0134,24.9975,8.3542,16.5748
ID755_9_R6.0_W0.0878_Ang20,ID755_9_R6.0_W0.0878.csv,20,10.9907,25.381,8.26,14.598,11.0124,25.3441,8.2414,14.7347
ID755_9_R6.0_W0.0878_Ang40,ID755_9_R6.0_W0.0878.csv,40,11.0446,26.5887,7.81,15.792,11.1058,25.6488,8.0071,15.5244
ID755_9_R6.0_W0.0878_Ang60,ID755_9_R6.0_W0.0878.csv,60,10.8419,29.2967,7.36,16.447,10.8578,27.5532,7.798,15.0859
ID755_9_R6.0_W0.0878_Ang80,ID755_9_R6.0_W0.0878.csv,80,10.6981,30.1024,7.35,19.622,10.6207,29.3338,7.6553,14.7864
ID756_9_R6.0_W0.1033_Ang0,ID756_9_R6.0_W0.1033.csv,0,11.1994,23.9006,8.45,13.3,11.3126,23.6641,8.3642,13.8726
ID756_9_R6.0_W0.1033_Ang20,ID756_9_R6.0_W0.1033.csv,20,11.2298,24.3539,8.25,14.566,11.2098,24.2823,8.3015,14.5215
ID756_9_R6.0_W0.1033_Ang40,ID756_9_R6.0_W0.1033.csv,40,11.3069,25.229,7.85,14.742,11.2664,24.7526,8.062,14.3501
ID756_9_R6.0_W0.1033_Ang60,ID756_9_R6.0_W0.1033.csv,60,11.0828,27.7391,7.43,16.342,11.1277,26.0847,7.8423,14.2943
ID756_9_R6.0_W0.1033_Ang80,ID756_9_R6.0_W0.1033.csv,80,11.1448,28.774,7.09,15.895,10.9278,27.0452,7.8431,13.9408
ID757_9_R6.0_W0.1189_Ang0,ID757_9_R6.0_W0.1189.csv,0,11.5388,22.4526,8.47,14.001,11.5622,22.6209,8.3762,14.0874
ID757_9_R6.0_W0.1189_Ang20,ID757_9_R6.0_W0.1189.csv,20,11.5835,22.8322,8.27,14.092,11.6594,22.4091,8.315,13.9141
ID757_9_R6.0_W0.1189_Ang40,ID757_9_R6.0_W0.1189.csv,40,11.5919,23.9786,7.86,14.187,11.6225,23.1993,8.0828,13.5742
ID757_9_R6.0_W0.1189_Ang60,ID757_9_R6.0_W0.1189.csv,60,11.4671,25.9139,7.43,17.131,11.4201,24.8236,7.8241,13.9246
ID757_9_R6.0_W0.1189_Ang80,ID757_9_R6.0_W0.1189.csv,80,11.3035,28.4878,6.96,14.75,11.066,26.6172,7.7713,12.5423
ID758_9_R6.0_W0.1344_Ang0,ID758_9_R6.0_W0.1344.csv,0,11.8546,21.2136,8.5,12.964,11.8688,21.3643,8.4166,13.3635
ID758_9_R6.0_W0.1344_Ang20,ID758_9_R6.0_W0.1344.csv,20,11.8087,21.8074,8.33,13.405,11.8307,21.6169,8.372,13.3645
ID758_9_R6.0_W0.1344_Ang40,ID758_9_R6.0_W0.1344.csv,40,11.7085,23.3253,7.92,13.925,11.6913,22.9571,8.0723,13.5347
ID758_9_R6.0_W0.1344_Ang60,ID758_9_R6.0_W0.1344.csv,60,11.79,24.5796,7.41,15.158,11.7889,23.307,7.8199,14.8358
ID758_9_R6.0_W0.1344_Ang80,ID758_9_R6.0_W0.1344.csv,80,11.57,27.3859,6.91,16.267,11.3497,25.186,7.8075,12.31
ID759_9_R6.0_W0.15_Ang0,ID759_9_R6.0_W0.15.csv,0,12.1822,20.1103,8.49,13.539,12.1553,20.2691,8.4582,13.0303
ID759_9_R6.0_W0.15_Ang20,ID759_9_R6.0_W0.15.csv,20,12.022,21.0833,8.31,12.754,12.0317,20.8831,8.379,12.7484
ID759_9_R6.0_W0.15_Ang40,ID759_9_R6.0_W0.15.csv,40,11.9539,22.4333,7.9,13.819,11.8419,21.8256,8.2762,12.8416
ID759_9_R6.0_W0.15_Ang60,ID759_9_R6.0_W0.15.csv,60,12.1015,22.7609,7.6,17.975,11.9688,22.123,7.9927,14.4481
ID759_9_R6.0_W0.15_Ang80,ID759_9_R6.0_W0.15.csv,80,11.7239,26.5195,6.95,12.83,11.4486,24.6718,7.8332,11.0026
ID760_9_R7.0_W0.01_Ang0,ID760_9_R7.0_W0.01.csv,0,7.4358,52.9082,8.66,39.326,7.4411,52.9025,8.6476,39.1058
ID760_9_R7.0_W0.01_Ang20,ID760_9_R7.0_W0.01.csv,20,7.4418,53.6703,8.52,40.917,7.414,53.5495,8.6056,40.206
ID760_9_R7.0_W0.01_Ang40,ID760_9_R7.0_W0.01.csv,40,7.8361,46.3383,8.9,43.086,7.8853,44.6052,9.133,41.7954
ID760_9_R7.0_W0.01_Ang60,ID760_9_R7.0_W0.01.csv,60,7.8341,47.4162,8.7,47.03,7.8284,45.753,9.0339,42.0343
ID760_9_R7.0_W0.01_Ang80,ID760_9_R7.0_W0.01.csv,80,7.4556,59.6972,7.63,44.465,7.3471,56.4346,8.3151,39.916
ID761_9_R7.0_W0.0283_Ang0,ID761_9_R7.0_W0.0283.csv,0,8.3093,38.5173,9.52,28.351,8.3715,38.0971,9.4873,28.7194
ID761_9_R7.0_W0.0283_Ang20,ID761_9_R7.0_W0.0283.csv,20,8.2586,39.9128,9.3,28.215,8.3237,39.0446,9.3636,28.2645
ID761_9_R7.0_W0.0283_Ang40,ID761_9_R7.0_W0.0283.csv,40,8.2891,40.9237,9.01,30.28,8.2854,39.5941,9.3192,28.6289
ID761_9_R7.0_W0.0283_Ang60,ID761_9_R7.0_W0.0283.csv,60,8.2496,42.1098,8.84,35.855,8.298,40.3221,9.1234,29.5031
ID761_9_R7.0_W0.0283_Ang80,ID761_9_R7.0_W0.0283.csv,80,8.1929,47.9702,7.87,35.98,8.05,43.7901,8.9263,27.0487
ID762_9_R7.0_W0.0467_Ang0,ID762_9_R7.0_W0.0467.csv,0,8.5713,36.2132,9.52,21.154,8.6495,35.7242,9.4777,21.2192
ID762_9_R7.0_W0.0467_Ang20,ID762_9_R7.0_W0.0467.csv,20,8.5737,36.6651,9.4,22.306,8.6591,35.5671,9.4982,22.1592
ID762_9_R7.0_W0.0467_Ang40,ID762_9_R7.0_W0.0467.csv,40,8.5933,37.4134,9.17,25.625,8.6112,36.4788,9.3642,23.3877
ID762_9_R7.0_W0.0467_Ang60,ID762_9_R7.0_W0.0467.csv,60,8.5439,39.2661,8.84,29.447,8.4699,38.5606,9.1567,23.1961
ID762_9_R7.0_W0.0467_Ang80,ID762_9_R7.0_W0.0467.csv,80,8.6195,43.0201,7.93,28.712,8.4336,39.5043,9.0151,22.4844
ID763_9_R7.0_W0.065_Ang0,ID763_9_R7.0_W0.065.csv,0,8.9091,32.3143,9.88,24.244,9.1352,30.8021,9.8542,25.1218
ID763_9_R7.0_W0.065_Ang20,ID763_9_R7.0_W0.065.csv,20,8.9139,32.5786,9.79,24.93,9.0941,31.0601,9.8608,24.7601
ID763_9_R7.0_W0.065_Ang40,ID763_9_R7.0_W0.065.csv,40,9.0352,34.2406,9.06,21.496,8.8763,33.4679,9.6062,19.1122
ID763_9_R7.0_W0.065_Ang60,ID763_9_R7.0_W0.065.csv,60,8.9112,37.2191,8.57,20.93,8.7161,35.8052,9.3121,17.7093
ID763_9_R7.0_W0.065_Ang80,ID763_9_R7.0_W0.065.csv,80,8.7409,41.0031,8.09,19.146,8.5765,38.141,9.0287,16.6762
ID764_9_R7.0_W0.0833_Ang0,ID764_9_R7.0_W0.0833.csv,0,9.1105,31.123,9.81,19.054,9.2279,30.5345,9.742,19.1923
ID764_9_R7.0_W0.0833_Ang20,ID764_9_R7.0_W0.0833.csv,20,9.1216,31.4133,9.69,19.199,9.1438,30.9667,9.7833,18.6309
ID764_9_R7.0_W0.0833_Ang40,ID764_9_R7.0_W0.0833.csv,40,9.0096,34.3721,9.08,16.986,8.9818,33.2926,9.4312,15.7441
ID764_9_R7.0_W0.0833_Ang60,ID764_9_R7.0_W0.0833.csv,60,9.0329,36.2769,8.56,18.216,8.8701,34.6075,9.3028,15.7884
ID764_9_R7.0_W0.0833_Ang80,ID764_9_R7.0_W0.0833.csv,80,8.8774,39.7028,8.1,16.939,8.7137,36.9215,9.0356,15.1426
ID765_9_R7.0_W0.1017_Ang0,ID765_9_R7.0_W0.1017.csv,0,9.3908,28.5768,10.05,21.572,9.5692,27.7329,9.9746,22.4523
ID765_9_R7.0_W0.1017_Ang20,ID765_9_R7.0_W0.1017.csv,20,9.3379,29.0716,9.99,21.719,9.5413,28.2488,9.8496,21.3578
ID765_9_R7.0_W0.1017_Ang40,ID765_9_R7.0_W0.1017.csv,40,9.2249,32.5943,9.13,15.127,9.1671,31.5989,9.5391,14.0612
ID765_9_R7.0_W0.1017_Ang60,ID765_9_R7.0_W0.1017.csv,60,9.3643,33.2653,8.68,17.184,9.314,31.0301,9.4099,15.2528
ID765_9_R7.0_W0.1017_Ang80,ID765_9_R7.0_W0.1017.csv,80,9.1583,37.1783,8.12,16.427,8.9187,34.61,9.2011,13.4601
ID766_9_R7.0_W0.12_Ang0,ID766_9_R7.0_W0.12.csv,0,9.5875,27.1625,10.15,21.224,9.7326,26.635,10.04,22.4516
ID766_9_R7.0_W0.12_Ang20,ID766_9_R7.0_W0.12.csv,20,9.6806,27.6236,9.78,18.602,9.6164,27.5964,9.9258,17.7477
ID766_9_R7.0_W0.12_Ang40,ID766_9_R7.0_W0.12.csv,40,9.4459,31.3307,9.06,14.045,9.3016,30.5698,9.5771,13.1649
ID766_9_R7.0_W0.12_Ang60,ID766_9_R7.0_W0.12.csv,60,9.5221,32.5587,8.58,18.227,9.3639,30.7648,9.3902,14.6193
ID766_9_R7.0_W0.12_Ang80,ID766_9_R7.0_W0.12.csv,80,9.5407,34.5502,8.05,18.707,9.3555,31.4896,9.1905,14.6007
ID767_9_R7.0_W0.1383_Ang0,ID767_9_R7.0_W0.1383.csv,0,9.9172,25.7012,10.02,14.46,9.8615,26.2561,9.9203,13.7974
ID767_9_R7.0_W0.1383_Ang20,ID767_9_R7.0_W0.1383.csv,20,9.9065,26.1987,9.85,16.344,9.8186,26.343,9.9742,15.7336
ID767_9_R7.0_W0.1383_Ang40,ID767_9_R7.0_W0.1383.csv,40,9.4741,31.452,8.97,12.474,9.3832,30.1227,9.5509,11.4594
ID767_9_R7.0_W0.1383_Ang60,ID767_9_R7.0_W0.1383.csv,60,9.4895,33.0238,8.52,14.564,9.3343,31.3209,9.282,12.1336
ID767_9_R7.0_W0.1383_Ang80,ID767_9_R7.0_W0.1383.csv,80,9.4938,34.6689,8.11,13.566,9.2927,32.1617,9.1205,11.691
ID768_9_R7.0_W0.1567_Ang0,ID768_9_R7.0_W0.1567.csv,0,10.0989,24.838,10.0,15.682,10.2536,24.38,9.8822,16.1323
ID768_9_R7.0_W0.1567_Ang20,ID768_9_R7.0_W0.1567.csv,20,10.0043,26.3323,9.61,13.363,10.009,25.9801,9.7324,13.0314
ID768_9_R7.0_W0.1567_Ang40,ID768_9_R7.0_W0.1567.csv,40,9.8502,28.6565,9.11,12.79,9.7589,27.4667,9.6834,11.8174
ID768_9_R7.0_W0.1567_Ang60,ID768_9_R7.0_W0.1567.csv,60,9.7871,31.5269,8.39,12.579,9.5521,29.55,9.3947,10.8942
ID768_9_R7.0_W0.1567_Ang80,ID768_9_R7.0_W0.1567.csv,80,9.7378,32.9833,8.1,12.932,9.4773,30.5203,9.2401,10.8941
ID769_9_R7.0_W0.175_Ang0,ID769_9_R7.0_W0.175.csv,0,10.438,23.1179,10.06,13.721,10.4617,23.169,9.9891,14.1322
ID769_9_R7.0_W0.175_Ang20,ID769_9_R7.0_W0.175.csv,20,10.3196,23.895,9.95,15.636,10.2911,23.8453,10.0302,14.8749
ID769_9_R7.0_W0.175_Ang40,ID769_9_R7.0_W0.175.csv,40,10.2527,26.1469,9.22,13.305,10.1292,25.5359,9.6681,12.5603
ID769_9_R7.0_W0.175_Ang60,ID769_9_R7.0_W0.175.csv,60,10.3368,27.3991,8.65,16.129,10.1137,26.1259,9.4786,13.608
ID769_9_R7.0_W0.175_Ang80,ID769_9_R7.0_W0.175.csv,80,10.1766,29.7732,8.22,13.973,9.9971,27.267,9.2952,12.1214
ID770_9_R8.0_W0.01_Ang0,ID770_9_R8.0_W0.01.csv,0,6.8851,51.8377,10.31,42.582,6.8493,52.0977,10.364,42.2314
ID770_9_R8.0_W0.01_Ang20,ID770_9_R8.0_W0.01.csv,20,6.9841,49.6142,10.47,45.306,6.958,49.5598,10.557,44.5618
ID770_9_R8.0_W0.01_Ang40,ID770_9_R8.0_W0.01.csv,40,6.9493,51.0873,10.27,50.177,6.9417,50.446,10.4203,46.9813
ID770_9_R8.0_W0.01_Ang60,ID770_9_R8.0_W0.01.csv,60,6.8584,56.4928,9.53,48.574,6.7756,55.0377,10.025,44.1153
ID770_9_R8.0_W0.01_Ang80,ID770_9_R8.0_W0.01.csv,80,6.8383,58.7866,9.21,47.443,6.7525,55.7971,9.9565,43.4546
ID771_9_R8.0_W0.0311_Ang0,ID771_9_R8.0_W0.0311.csv,0,7.3196,44.0847,10.72,26.758,7.3262,44.3016,10.6529,26.9249
ID771_9_R8.0_W0.0311_Ang20,ID771_9_R8.0_W0.0311.csv,20,7.3178,44.1634,10.71,28.65,7.3665,44.0494,10.5967,28.7338
ID771_9_R8.0_W0.0311_Ang40,ID771_9_R8.0_W0.0311.csv,40,7.3437,43.1293,10.89,39.399,7.3472,43.7726,10.7201,34.447
ID771_9_R8.0_W0.0311_Ang60,ID771_9_R8.0_W0.0311.csv,60,7.3757,43.5522,10.69,45.192,7.3255,45.615,10.3481,32.5139
ID771_9_R8.0_W0.0311_Ang80,ID771_9_R8.0_W0.0311.csv,80,7.2519,53.2628,9.04,31.414,7.1003,50.3766,9.9738,27.3798
ID772_9_R8.0_W0.0522_Ang0,ID772_9_R8.0_W0.0522.csv,0,7.4743,41.8497,10.83,20.965,7.5139,42.0743,10.6632,21.2156
ID772_9_R8.0_W0.0522_Ang20,ID772_9_R8.0_W0.0522.csv,20,7.455,42.3339,10.77,22.624,7.4999,41.9188,10.7428,22.4318
ID772_9_R8.0_W0.0522_Ang40,ID772_9_R8.0_W0.0522.csv,40,7.498,44.0217,10.23,23.205,7.4311,43.3921,10.5711,21.9512
ID772_9_R8.0_W0.0522_Ang60,ID772_9_R8.0_W0.0522.csv,60,7.4986,45.2048,9.97,29.809,7.3811,44.6935,10.4028,23.3788
ID772_9_R8.0_W0.0522_Ang80,ID772_9_R8.0_W0.0522.csv,80,7.4208,49.7642,9.24,22.825,7.3132,47.0136,10.0739,20.2437
ID773_9_R8.0_W0.0733_Ang0,ID773_9_R8.0_W0.0733.csv,0,7.6256,40.9437,10.64,16.676,7.5941,41.128,10.6794,16.4164
ID773_9_R8.0_W0.0733_Ang20,ID773_9_R8.0_W0.0733.csv,20,7.7837,39.2842,10.64,18.47,7.6923,39.7257,10.7761,17.9298
ID773_9_R8.0_W0.0733_Ang40,ID773_9_R8.0_W0.0733.csv,40,7.8049,41.0284,10.13,18.639,7.6676,40.3651,10.6738,17.5223
ID773_9_R8.0_W0.0733_Ang60,ID773_9_R8.0_W0.0733.csv,60,7.8058,42.8038,9.71,19.457,7.6482,41.3606,10.4697,17.8716
ID773_9_R8.0_W0.0733_Ang80,ID773_9_R8.0_W0.0733.csv,80,7.7511,46.2716,9.11,22.22,7.5517,42.7704,10.3851,18.0472
ID774_9_R8.0_W0.0944_Ang0,ID774_9_R8.0_W0.0944.csv,0,7.9259,37.1882,10.84,16.788,7.8915,36.9626,11.0041,16.3243
ID774_9_R8.0_W0.0944_Ang20,ID774_9_R8.0_W0.0944.csv,20,7.8224,39.3914,10.51,15.025,7.7758,38.7303,10.8169,14.4871
ID774_9_R8.0_W0.0944_Ang40,ID774_9_R8.0_W0.0944.csv,40,7.9792,38.8453,10.24,16.528,7.8984,37.9596,10.6964,15.7197
ID774_9_R8.0_W0.0944_Ang60,ID774_9_R8.0_W0.0944.csv,60,7.964,41.2947,9.67,19.945,7.8151,39.8134,10.417,16.6399
ID774_9_R8.0_W0.0944_Ang80,ID774_9_R8.0_W0.0944.csv,80,7.8758,43.9931,9.28,19.94,7.7351,40.9094,10.3488,16.703
ID775_9_R8.0_W0.1156_Ang0,ID775_9_R8.0_W0.1156.csv,0,7.9302,37.1215,10.85,12.537,7.9755,37.0228,10.756,12.4895
ID775_9_R8.0_W0.1156_Ang20,ID775_9_R8.0_W0.1156.csv,20,7.9094,38.5712,10.5,13.083,7.9142,37.858,10.6824,12.7603
ID775_9_R8.0_W0.1156_Ang40,ID775_9_R8.0_W0.1156.csv,40,8.0159,38.5454,10.23,14.994,7.9809,37.3477,10.6482,14.1725
ID775_9_R8.0_W0.1156_Ang60,ID775_9_R8.0_W0.1156.csv,60,7.9417,42.1123,9.54,15.51,7.8588,39.5999,10.3571,13.3971
ID775_9_R8.0_W0.1156_Ang80,ID775_9_R8.0_W0.1156.csv,80,7.9421,43.2904,9.28,15.316,7.8316,40.2872,10.251,13.095
ID776_9_R8.0_W0.1367_Ang0,ID776_9_R8.0_W0.1367.csv,0,8.1937,34.5624,10.92,12.204,8.2217,34.2241,10.9494,12.1255
ID776_9_R8.0_W0.1367_Ang20,ID776_9_R8.0_W0.1367.csv,20,8.2129,34.928,10.75,12.175,8.2143,34.8109,10.7841,12.1167
ID776_9_R8.0_W0.1367_Ang40,ID776_9_R8.0_W0.1367.csv,40,8.2413,36.7713,10.14,14.131,8.1893,35.3928,10.6716,13.4062
ID776_9_R8.0_W0.1367_Ang60,ID776_9_R8.0_W0.1367.csv,60,8.1874,39.2415,9.63,13.581,8.0691,37.1676,10.4672,12.2433
ID776_9_R8.0_W0.1367_Ang80,ID776_9_R8.0_W0.1367.csv,80,8.1776,42.1043,9.0,15.01,7.9975,38.4646,10.2962,12.3665
ID777_9_R8.0_W0.1578_Ang0,ID777_9_R8.0_W0.1578.csv,0,8.4922,31.654,11.1,11.639,8.4579,32.1733,11.0057,11.7111
ID777_9_R8.0_W0.1578_Ang20,ID777_9_R8.0_W0.1578.csv,20,8.5226,32.0772,10.87,12.752,8.4292,32.5583,10.9499,12.2205
ID777_9_R8.0_W0.1578_Ang40,ID777_9_R8.0_W0.1578.csv,40,8.4404,34.7745,10.22,12.353,8.3396,34.0219,10.7051,11.3742
ID777_9_R8.0_W0.1578_Ang60,ID777_9_R8.0_W0.1578.csv,60,8.5211,35.7783,9.75,15.585,8.4004,33.9117,10.5851,13.8695
ID777_9_R8.0_W0.1578_Ang80,ID777_9_R8.0_W0.1578.csv,80,8.4597,38.9934,9.08,14.321,8.228,36.2047,10.3345,11.9051
ID778_9_R8.0_W0.1789_Ang0,ID778_9_R8.0_W0.1789.csv,0,8.7474,29.4345,11.25,13.257,8.7323,29.5841,11.2287,13.3441
ID778_9_R8.0_W0.1789_Ang20,ID778_9_R8.0_W0.1789.csv,20,8.7939,29.9103,10.95,13.233,8.7239,30.1631,11.0343,13.1685
ID778_9_R8.0_W0.1789_Ang40,ID778_9_R8.0_W0.1789.csv,40,8.6314,33.1381,10.26,12.143,8.5722,32.1335,10.7274,11.1872
ID778_9_R8.0_W0.1789_Ang60,ID778_9_R8.0_W0.1789.csv,60,8.7984,33.7245,9.7,15.705,8.6013,32.1389,10.6533,13.3695
ID778_9_R8.0_W0.1789_Ang80,ID778_9_R8.0_W0.1789.csv,80,8.6223,37.1949,9.16,13.619,8.4536,34.3567,10.3168,11.7538
ID779_9_R8.0_W0.2_Ang0,ID779_9_R8.0_W0.2.csv,0,8.9115,28.058,11.37,13.154,8.9631,28.0236,11.2513,12.96
ID779_9_R8.0_W0.2_Ang20,ID779_9_R8.0_W0.2.csv,20,9.0202,27.9784,11.13,14.127,8.9647,28.113,11.2115,13.222
ID779_9_R8.0_W0.2_Ang40,ID779_9_R8.0_W0.2.csv,40,8.9636,30.39,10.37,14.449,8.8844,29.5064,10.876,13.5435
ID779_9_R8.0_W0.2_Ang60,ID779_9_R8.0_W0.2.csv,60,8.8976,33.0232,9.69,12.808,8.7059,31.104,10.7447,11.4808
ID779_9_R8.0_W0.2_Ang80,ID779_9_R8.0_W0.2.csv,80,8.9239,34.4735,9.23,15.224,8.7153,32.1075,10.3864,12.7997
ID780_9_R9.0_W0.01_Ang0,ID780_9_R9.0_W0.01.csv,0,6.0047,57.219,12.28,55.317,6.1417,55.5996,12.0779,57.2999
ID780_9_R9.0_W0.01_Ang20,ID780_9_R9.0_W0.01.csv,20,6.0336,56.7569,12.26,58.379,6.0554,56.422,12.2436,56.9565
ID780_9_R9.0_W0.01_Ang40,ID780_9_R9.0_W0.01.csv,40,6.0467,59.8552,11.57,54.656,6.0234,59.312,11.7711,49.8248
ID780_9_R9.0_W0.01_Ang60,ID780_9_R9.0_W0.01.csv,60,5.9801,63.3274,11.18,63.382,5.909,63.8156,11.368,50.3919
ID780_9_R9.0_W0.01_Ang80,ID780_9_R9.0_W0.01.csv,80,5.7659,75.2173,10.13,54.835,5.7223,73.1029,10.582,45.2593
ID781_9_R9.0_W0.0339_Ang0,ID781_9_R9.0_W0.0339.csv,0,6.379,52.1961,11.93,28.147,6.3234,52.778,12.0029,27.5544
ID781_9_R9.0_W0.0339_Ang20,ID781_9_R9.0_W0.0339.csv,20,6.4671,50.8614,11.91,29.241,6.3812,51.245,12.139,28.7118
ID781_9_R9.0_W0.0339_Ang40,ID781_9_R9.0_W0.0339.csv,40,6.394,51.7,11.98,35.573,6.4144,51.249,12.0127,31.8291
ID781_9_R9.0_W0.0339_Ang60,ID781_9_R9.0_W0.0339.csv,60,6.2228,61.6535,10.61,27.985,6.2562,57.654,11.2252,26.3188
ID781_9_R9.0_W0.0339_Ang80,ID781_9_R9.0_W0.0339.csv,80,6.2012,60.4441,10.9,34.902,6.1744,60.1783,11.0411,27.1391
ID782_9_R9.0_W0.0578_Ang0,ID782_9_R9.0_W0.0578.csv,0,6.5081,49.6063,12.06,20.085,6.5498,49.5734,11.9107,19.9995
ID782_9_R9.0_W0.0578_Ang20,ID782_9_R9.0_W0.0578.csv,20,6.467,50.901,11.9,19.39,6.6051,49.3848,11.7568,20.0017
ID782_9_R9.0_W0.0578_Ang40,ID782_9_R9.0_W0.0578.csv,40,6.5656,49.8424,11.79,26.352,6.7102,47.8751,11.7505,24.6495
ID782_9_R9.0_W0.0578_Ang60,ID782_9_R9.0_W0.0578.csv,60,6.5045,53.9234,11.1,24.092,6.5168,51.5758,11.5643,20.8421
ID782_9_R9.0_W0.0578_Ang80,ID782_9_R9.0_W0.0578.csv,80,6.667,56.14,10.15,39.943,6.5727,51.1152,11.471,23.0749
ID783_9_R9.0_W0.0817_Ang0,ID783_9_R9.0_W0.0817.csv,0,6.7573,44.0383,12.6,19.7,6.873,43.8565,12.2268,20.4664
ID783_9_R9.0_W0.0817_Ang20,ID783_9_R9.0_W0.0817.csv,20,6.7695,45.1104,12.25,18.326,6.8556,44.6117,12.0809,18.5572
ID783_9_R9.0_W0.0817_Ang40,ID783_9_R9.0_W0.0817.csv,40,6.7889,46.8266,11.74,20.222,6.8321,46.1662,11.7547,19.3184
ID783_9_R9.0_W0.0817_Ang60,ID783_9_R9.0_W0.0817.csv,60,6.7855,50.2504,10.95,18.15,6.7468,48.1819,11.5494,17.2276
ID783_9_R9.0_W0.0817_Ang80,ID783_9_R9.0_W0.0817.csv,80,6.6542,56.4629,10.13,19.734,6.5684,52.321,11.2213,16.6699
ID784_9_R9.0_W0.1056_Ang0,ID784_9_R9.0_W0.1056.csv,0,6.8813,42.9207,12.46,14.793,6.9839,42.8927,12.1077,15.195
ID784_9_R9.0_W0.1056_Ang20,ID784_9_R9.0_W0.1056.csv,20,6.8946,43.842,12.15,14.532,6.9475,43.3039,12.1187,14.2954
ID784_9_R9.0_W0.1056_Ang40,ID784_9_R9.0_W0.1056.csv,40,6.9217,45.6654,11.58,15.423,6.9304,43.9952,11.9872,14.8931
ID784_9_R9.0_W0.1056_Ang60,ID784_9_R9.0_W0.1056.csv,60,6.9799,46.4834,11.19,18.8,6.9846,44.649,11.6291,16.1251
ID784_9_R9.0_W0.1056_Ang80,ID784_9_R9.0_W0.1056.csv,80,6.9195,49.7531,10.63,22.698,6.8268,47.3296,11.4834,16.6036
ID785_9_R9.0_W0.1294_Ang0,ID785_9_R9.0_W0.1294.csv,0,7.0352,41.6385,12.29,12.917,7.0807,41.3966,12.2046,13.0795
ID785_9_R9.0_W0.1294_Ang20,ID785_9_R9.0_W0.1294.csv,20,7.0478,42.2302,12.08,12.959,7.0916,41.7465,12.065,13.1776
ID785_9_R9.0_W0.1294_Ang40,ID785_9_R9.0_W0.1294.csv,40,6.9922,45.3009,11.44,13.268,7.0154,43.4355,11.8491,12.7791
ID785_9_R9.0_W0.1294_Ang60,ID785_9_R9.0_W0.1294.csv,60,7.0705,46.3611,10.93,15.957,6.9678,44.39,11.7533,13.4368
ID785_9_R9.0_W0.1294_Ang80,ID785_9_R9.0_W0.1294.csv,80,7.0769,48.6041,10.41,16.263,7.0085,45.1155,11.4305,14.1568
ID786_9_R9.0_W0.1533_Ang0,ID786_9_R9.0_W0.1533.csv,0,7.3784,36.1595,12.87,18.142,7.4627,36.2664,12.5414,18.477
ID786_9_R9.0_W0.1533_Ang20,ID786_9_R9.0_W0.1533.csv,20,7.3536,37.5931,12.46,15.819,7.5581,36.3626,12.1945,16.6184
ID786_9_R9.0_W0.1533_Ang40,ID786_9_R9.0_W0.1533.csv,40,7.2595,40.8697,11.76,14.674,7.2678,40.18,11.9351,13.8129
ID786_9_R9.0_W0.1533_Ang60,ID786_9_R9.0_W0.1533.csv,60,7.3962,37.0398,12.5,29.512,7.3591,39.1936,11.9337,18.4636
ID786_9_R9.0_W0.1533_Ang80,ID786_9_R9.0_W0.1533.csv,80,7.261,45.93,10.46,14.896,7.1283,42.998,11.5936,12.6018
ID787_9_R9.0_W0.1772_Ang0,ID787_9_R9.0_W0.1772.csv,0,7.3923,37.0642,12.51,10.887,7.4912,36.576,12.3409,11.2585
ID787_9_R9.0_W0.1772_Ang20,ID787_9_R9.0_W0.1772.csv,20,7.453,36.1557,12.61,13.14,7.6121,35.2617,12.3975,13.8593
ID787_9_R9.0_W0.1772_Ang40,ID787_9_R9.0_W0.1772.csv,40,7.4197,38.8084,11.86,13.15,7.4608,37.6903,12.0737,12.3754
ID787_9_R9.0_W0.1772_Ang60,ID787_9_R9.0_W0.1772.csv,60,7.4457,15.3035,29.86,5.861,7.2949,118.1466,4.0289,35.4057
ID788_9_R9.0_W0.2011_Ang0,ID788_9_R9.0_W0.2011.csv,0,7.6185,34.4072,12.68,11.757,7.7101,34.0669,12.5081,12.459
ID788_9_R9.0_W0.2011_Ang20,ID788_9_R9.0_W0.2011.csv,20,7.7118,33.0575,12.88,15.631,7.8245,33.0825,12.5062,15.615
ID788_9_R9.0_W0.2011_Ang40,ID788_9_R9.0_W0.2011.csv,40,7.6202,36.9872,11.79,13.502,7.616,35.8266,12.1894,12.3116
ID788_9_R9.0_W0.2011_Ang60,ID788_9_R9.0_W0.2011.csv,60,7.6198,39.0795,11.16,13.31,7.5753,37.4812,11.7768,12.9244
ID788_9_R9.0_W0.2011_Ang80,ID788_9_R9.0_W0.2011.csv,80,7.5791,41.5987,10.6,13.05,7.4656,38.99,11.6563,11.1297
ID789_9_R9.0_W0.225_Ang0,ID789_9_R9.0_W0.225.csv,0,7.8067,33.0275,12.58,10.864,7.8184,32.8689,12.6073,10.8454
ID789_9_R9.0_W0.225_Ang20,ID789_9_R9.0_W0.225.csv,20,7.9026,31.9826,12.68,13.43,8.0751,31.1871,12.4558,13.7955
ID789_9_R9.0_W0.225_Ang40,ID789_9_R9.0_W0.225.csv,40,7.7806,35.4495,11.8,12.925,7.8016,34.2056,12.1667,12.2834
ID789_9_R9.0_W0.225_Ang60,ID789_9_R9.0_W0.225.csv,60,7.8198,37.4807,11.05,14.433,7.7245,35.7242,11.8834,12.3557
ID789_9_R9.0_W0.225_Ang80,ID789_9_R9.0_W0.225.csv,80,7.8522,40.2772,10.2,16.346,7.6783,36.6603,11.7197,12.787
ID790_9_R10.0_W0.01_Ang0,ID790_9_R10.0_W0.01.csv,0,5.4963,61.3515,13.67,58.048,5.4373,62.7999,13.6431,57.2253
ID790_9_R10.0_W0.01_Ang20,ID790_9_R10.0_W0.01.csv,20,5.2116,77.2705,12.07,46.025,5.1898,76.6623,12.2678,45.3115
ID790_9_R10.0_W0.01_Ang40,ID790_9_R10.0_W0.01.csv,40,5.2357,78.4016,11.79,49.817,5.1897,76.7554,12.253,47.079
ID790_9_R10.0_W0.01_Ang60,ID790_9_R10.0_W0.01.csv,60,5.2368,81.9246,11.27,51.349,5.1563,79.463,11.9892,47.2086
ID790_9_R10.0_W0.01_Ang80,ID790_9_R10.0_W0.01.csv,80,5.1978,85.1655,11.01,50.93,5.156,80.3203,11.8626,46.6606
ID791_9_R10.0_W0.0367_Ang0,ID791_9_R10.0_W0.0367.csv,0,5.8159,55.5982,13.47,27.675,5.8624,55.7762,13.2141,28.1094
ID791_9_R10.0_W0.0367_Ang20,ID791_9_R10.0_W0.0367.csv,20,5.6016,65.295,12.36,26.153,5.551,65.4629,12.5574,25.7598
ID791_9_R10.0_W0.0367_Ang40,ID791_9_R10.0_W0.0367.csv,40,5.5689,68.3445,11.95,27.11,5.5448,66.411,12.4058,25.8714
ID791_9_R10.0_W0.0367_Ang60,ID791_9_R10.0_W0.0367.csv,60,5.5884,70.7402,11.47,28.065,5.5068,67.5781,12.3606,25.7062
ID791_9_R10.0_W0.0367_Ang80,ID791_9_R10.0_W0.0367.csv,80,5.5666,73.7993,11.08,32.056,5.4922,69.7717,12.0355,26.0959
ID792_9_R10.0_W0.0633_Ang0,ID792_9_R10.0_W0.0633.csv,0,6.0773,51.6401,13.28,21.227,6.004,52.454,13.3962,20.9481
ID792_9_R10.0_W0.0633_Ang20,ID792_9_R10.0_W0.0633.csv,20,5.8652,56.723,12.98,19.438,5.8925,56.8167,12.8401,19.7233
ID792_9_R10.0_W0.0633_Ang40,ID792_9_R10.0_W0.0633.csv,40,5.8514,59.1339,12.51,22.326,5.8729,57.4136,12.7915,20.8863
ID792_9_R10.0_W0.0633_Ang60,ID792_9_R10.0_W0.0633.csv,60,5.8272,64.0596,11.64,22.53,5.7217,61.4335,12.5946,19.5441
ID792_9_R10.0_W0.0633_Ang80,ID792_9_R10.0_W0.0633.csv,80,5.7935,66.5732,11.34,22.483,5.7389,62.8573,12.2356,19.5219
ID793_9_R10.0_W0.09_Ang0,ID793_9_R10.0_W0.09.csv,0,6.3435,45.5834,13.81,18.868,6.4502,44.9038,13.5584,19.8745
ID793_9_R10.0_W0.09_Ang20,ID793_9_R10.0_W0.09.csv,20,6.0225,51.919,13.45,22.511,6.1525,50.5093,13.2483,22.2998
ID793_9_R10.0_W0.09_Ang40,ID793_9_R10.0_W0.09.csv,40,6.1252,52.9299,12.76,18.624,6.22,50.5692,12.9472,19.0165
ID793_9_R10.0_W0.09_Ang60,ID793_9_R10.0_W0.09.csv,60,6.0501,59.3469,11.66,18.148,5.942,56.8628,12.6168,16.3134
ID793_9_R10.0_W0.09_Ang80,ID793_9_R10.0_W0.09.csv,80,6.0911,59.0458,11.56,19.927,5.9794,56.2568,12.5938,16.663
ID794_9_R10.0_W0.1167_Ang0,ID794_9_R10.0_W0.1167.csv,0,6.5734,42.0513,13.94,17.823,6.5529,42.8677,13.7609,18.4384
ID794_9_R10.0_W0.1167_Ang20,ID794_9_R10.0_W0.1167.csv,20,6.3544,46.4486,13.51,15.875,6.4388,46.0541,13.2665,16.7752
ID794_9_R10.0_W0.1167_Ang40,ID794_9_R10.0_W0.1167.csv,40,6.3384,48.9678,12.88,16.771,6.4349,47.0797,12.9934,16.3946
ID794_9_R10.0_W0.1167_Ang60,ID794_9_R10.0_W0.1167.csv,60,6.2799,53.9562,11.9,16.06,6.1797,51.4368,12.8951,14.6716
ID794_9_R10.0_W0.1167_Ang80,ID794_9_R10.0_W0.1167.csv,80,6.2093,57.2475,11.48,17.094,6.1416,53.5508,12.5403,14.5777
ID795_9_R10.0_W0.1433_Ang0,ID795_9_R10.0_W0.1433.csv,0,6.5593,40.4995,14.54,21.298,6.6188,40.3276,14.3376,21.8358
ID795_9_R10.0_W0.1433_Ang20,ID795_9_R10.0_W0.1433.csv,20,6.4523,45.3935,13.4,13.82,6.4359,45.6367,13.4001,13.581
ID795_9_R10.0_W0.1433_Ang40,ID795_9_R10.0_W0.1433.csv,40,6.436,47.3694,12.91,16.326,6.4637,46.183,13.1281,15.6306
ID795_9_R10.0_W0.1433_Ang60,ID795_9_R10.0_W0.1433.csv,60,6.3912,51.9947,11.93,14.422,6.2976,49.719,12.846,12.9802
ID795_9_R10.0_W0.1433_Ang80,ID795_9_R10.0_W0.1433.csv,80,6.469,53.0344,11.41,16.603,6.3013,49.9271,12.7776,14.4566
ID796_9_R10.0_W0.17_Ang0,ID796_9_R10.0_W0.17.csv,0,6.8309,38.8134,13.99,14.223,6.7979,39.5737,13.8512,13.9363
ID796_9_R10.0_W0.17_Ang20,ID796_9_R10.0_W0.17.csv,20,6.6149,42.8769,13.5,14.867,6.5908,42.6338,13.6777,14.163
ID796_9_R10.0_W0.17_Ang40,ID796_9_R10.0_W0.17.csv,40,6.6443,41.6309,13.78,20.537,6.7178,41.4905,13.5281,18.8442
ID796_9_R10.0_W0.17_Ang60,ID796_9_R10.0_W0.17.csv,60,6.6245,46.6674,12.37,15.363,6.6137,44.0748,13.1389,14.1695
ID796_9_R10.0_W0.17_Ang80,ID796_9_R10.0_W0.17.csv,80,6.6915,50.0526,11.3,17.646,6.5249,46.5448,12.7826,14.4873
ID797_9_R10.0_W0.1967_Ang0,ID797_9_R10.0_W0.1967.csv,0,6.9416,36.7067,14.32,15.739,6.9954,37.0823,13.9589,15.7565
ID797_9_R10.0_W0.1967_Ang20,ID797_9_R10.0_W0.1967.csv,20,6.7804,39.5009,13.95,13.895,6.8883,38.6557,13.8104,15.0345
ID797_9_R10.0_W0.1967_Ang40,ID797_9_R10.0_W0.1967.csv,40,6.7707,41.6691,13.26,16.01,6.7351,41.2436,13.5391,14.7413
ID797_9_R10.0_W0.1967_Ang60,ID797_9_R10.0_W0.1967.csv,60,6.7943,46.1028,11.9,15.036,6.6365,43.7189,13.155,12.9969
ID797_9_R10.0_W0.1967_Ang80,ID797_9_R10.0_W0.1967.csv,80,6.7636,48.139,11.5,14.289,6.5814,45.1448,12.9537,12.4834
ID798_9_R10.0_W0.2233_Ang0,ID798_9_R10.0_W0.2233.csv,0,7.0854,35.7319,14.12,13.56,7.0476,36.9629,13.7974,13.2519
ID798_9_R10.0_W0.2233_Ang20,ID798_9_R10.0_W0.2233.csv,20,6.9381,37.7736,13.93,12.704,6.9864,37.5936,13.8044,12.7465
ID798_9_R10.0_W0.2233_Ang40,ID798_9_R10.0_W0.2233.csv,40,6.9102,40.6663,13.04,13.399,6.8835,39.6189,13.4935,12.6462
ID798_9_R10.0_W0.2233_Ang60,ID798_9_R10.0_W0.2233.csv,60,6.8881,43.1979,12.36,13.963,6.8347,41.2017,13.1608,12.915
ID798_9_R10.0_W0.2233_Ang80,ID798_9_R10.0_W0.2233.csv,80,6.9046,45.7186,11.62,14.718,6.8347,42.3435,12.8059,12.9825
ID799_9_R10.0_W0.25_Ang0,ID799_9_R10.0_W0.25.csv,0,7.3442,32.6975,14.36,16.693,7.4434,31.8559,14.3519,16.34
ID799_9_R10.0_W0.25_Ang20,ID799_9_R10.0_W0.25.csv,20,7.2411,35.4287,13.64,14.354,7.2387,34.3156,14.0874,13.543
ID799_9_R10.0_W0.25_Ang40,ID799_9_R10.0_W0.25.csv,40,7.0998,38.2555,13.14,13.574,7.1315,36.6357,13.5948,13.5163
ID799_9_R10.0_W0.25_Ang60,ID799_9_R10.0_W0.25.csv,60,7.2651,40.0695,11.98,16.146,7.1057,37.4281,13.4039,14.2838
ID799_9_R10.0_W0.25_Ang80,ID799_9_R10.0_W0.25.csv,80,7.1665,43.7687,11.27,15.882,7.0128,39.8863,12.9133,13.1349
ID80_1_R9_W0.01_Ang0,ID80_1_R9_W0.01.csv,0,6.2518,6.449,100.5,2.696,6.2037,6.4802,101.5654,2.6696
ID80_1_R9_W0.01_Ang20,ID80_1_R9_W0.01.csv,20,6.2332,6.6955,97.37,2.935,6.3679,6.3442,98.4618,2.7096
ID80_1_R9_W0.01_Ang40,ID80_1_R9_W0.01.csv,40,6.3232,7.2901,86.9,3.563,6.5984,6.0617,95.9766,2.7822
ID80_1_R9_W0.01_Ang60,ID80_1_R9_W0.01.csv,60,6.6533,8.8082,64.96,4.489,6.8672,6.2247,86.2905,2.8696
ID80_1_R9_W0.01_Ang80,ID80_1_R9_W0.01.csv,80,6.7454,9.6551,57.66,5.244,7.043,6.1022,83.6839,2.9502
ID830_10_R4.0_W0.01_Ang0,ID830_10_R4.0_W0.01.csv,0,16.8736,18.5373,4.8,25.617,16.8359,18.5378,4.8207,25.2792
ID830_10_R4.0_W0.01_Ang20,ID830_10_R4.0_W0.01.csv,20,16.839,19.0511,4.69,26.186,16.8363,18.7417,4.768,25.532
ID830_10_R4.0_W0.01_Ang40,ID830_10_R4.0_W0.01.csv,40,16.8884,20.0448,4.43,27.371,16.7115,19.3798,4.6802,25.5283
ID830_10_R4.0_W0.01_Ang60,ID830_10_R4.0_W0.01.csv,60,16.8283,21.4191,4.18,29.069,16.6821,20.0416,4.5416,26.307
ID830_10_R4.0_W0.01_Ang80,ID830_10_R4.0_W0.01.csv,80,16.7678,22.537,4.0,30.28,16.558,20.733,4.4562,26.5296
ID831_10_R4.0_W0.02_Ang0,ID831_10_R4.0_W0.02.csv,0,18.3498,14.6606,5.13,21.782,18.5443,14.1879,5.1916,22.036
ID831_10_R4.0_W0.02_Ang20,ID831_10_R4.0_W0.02.csv,20,18.3024,15.3016,4.94,22.462,18.4907,14.5472,5.0928,22.3021
ID831_10_R4.0_W0.02_Ang40,ID831_10_R4.0_W0.02.csv,40,18.4486,15.8541,4.69,24.494,18.3121,15.0092,5.0328,21.7229
ID831_10_R4.0_W0.02_Ang60,ID831_10_R4.0_W0.02.csv,60,17.5475,19.455,4.23,22.384,17.3267,18.2872,4.6138,20.1665
ID831_10_R4.0_W0.02_Ang80,ID831_10_R4.0_W0.02.csv,80,17.5508,20.2531,4.06,23.383,17.2786,18.6867,4.5404,20.447
ID832_10_R4.0_W0.03_Ang0,ID832_10_R4.0_W0.03.csv,0,19.1336,13.3825,5.17,16.348,19.1114,13.3289,5.2031,16.1258
ID832_10_R4.0_W0.03_Ang20,ID832_10_R4.0_W0.03.csv,20,19.0792,13.8454,5.03,16.803,19.0497,13.5709,5.1434,16.2677
ID832_10_R4.0_W0.03_Ang40,ID832_10_R4.0_W0.03.csv,40,19.2424,14.6257,4.68,18.302,18.909,14.1654,5.0012,16.6029
ID832_10_R4.0_W0.03_Ang60,ID832_10_R4.0_W0.03.csv,60,19.2859,15.7108,4.33,19.225,18.6452,15.2059,4.7918,16.7582
ID832_10_R4.0_W0.03_Ang80,ID832_10_R4.0_W0.03.csv,80,18.2443,18.6821,4.07,19.548,17.8481,17.3607,4.5803,16.7704
ID833_10_R4.0_W0.04_Ang0,ID833_10_R4.0_W0.04.csv,0,19.792,12.1949,5.3,14.673,,,,
ID833_10_R4.0_W0.04_Ang20,ID833_10_R4.0_W0.04.csv,20,19.8348,12.567,5.12,14.17,19.8087,12.3625,5.2218,14.0203
ID833_10_R4.0_W0.04_Ang40,ID833_10_R4.0_W0.04.csv,40,19.7621,13.7164,4.73,15.903,19.4276,13.2986,5.0466,14.4208
ID833_10_R4.0_W0.04_Ang60,ID833_10_R4.0_W0.04.csv,60,19.5426,15.3369,4.32,16.267,19.0289,14.5352,4.8127,14.6337
ID833_10_R4.0_W0.04_Ang80,ID833_10_R4.0_W0.04.csv,80,18.8852,17.3031,4.1,17.096,18.389,16.2253,4.6167,14.6721
ID834_10_R4.0_W0.05_Ang0,ID834_10_R4.0_W0.05.csv,0,19.8711,12.1365,5.29,12.524,19.9058,12.1179,5.2754,12.5989
ID834_10_R4.0_W0.05_Ang20,ID834_10_R4.0_W0.05.csv,20,19.8192,12.5846,5.12,13.005,19.8273,12.357,5.2144,12.9256
ID834_10_R4.0_W0.05_Ang40,ID834_10_R4.0_W0.05.csv,40,19.9846,13.33,4.76,13.46,19.8253,12.713,5.0694,12.5257
ID834_10_R4.0_W0.05_Ang60,ID834_10_R4.0_W0.05.csv,60,,,,,19.5683,13.6558,4.8442,12.9619
ID834_10_R4.0_W0.05_Ang80,ID834_10_R4.0_W0.05.csv,80,19.5167,16.1072,4.13,15.441,18.8853,15.2356,4.6616,13.0558
ID835_10_R4.0_W0.06_Ang60,ID835_10_R4.0_W0.06.csv,60,,,,,19.9795,13.0935,4.85,12.033
ID835_10_R4.0_W0.06_Ang80,ID835_10_R4.0_W0.06.csv,80,,,,,19.3687,14.4228,4.68,11.934
ID836_10_R4.0_W0.07_Ang80,ID836_10_R4.0_W0.07.csv,80,,,,,19.843,13.7608,4.68,10.994
ID840_10_R5.0_W0.01_Ang0,ID840_10_R5.0_W0.01.csv,0,13.1896,24.6367,5.91,27.625,13.1992,24.6883,5.8891,27.5556
ID840_10_R5.0_W0.01_Ang20,ID840_10_R5.0_W0.01.csv,20,13.3734,24.1939,5.85,28.532,13.2513,24.1047,5.9844,27.6865
ID840_10_R5.0_W0.01_Ang40,ID840_10_R5.0_W0.01.csv,40,13.4039,25.6325,5.5,30.977,13.1876,24.8033,5.8722,28.4137
ID840_10_R5.0_W0.01_Ang60,ID840_10_R5.0_W0.01.csv,60,13.3514,27.0911,5.25,33.307,13.2376,25.3611,5.6997,28.9919
ID840_10_R5.0_W0.01_Ang80,ID840_10_R5.0_W0.01.csv,80,13.221,29.6569,4.89,32.793,12.8879,27.6652,5.5124,28.6563
ID841_10_R5.0_W0.0228_Ang0,ID841_10_R5.0_W0.0228.csv,0,14.0448,20.5854,6.24,20.607,14.0357,20.7038,6.2104,20.7387
ID841_10_R5.0_W0.0228_Ang20,ID841_10_R5.0_W0.0228.csv,20,13.953,21.762,5.98,20.484,13.8951,21.6005,6.0737,20.1508
ID841_10_R5.0_W0.0228_Ang40,ID841_10_R5.0_W0.0228.csv,40,14.0496,22.4325,5.72,22.495,13.9063,21.7669,6.0175,20.9299
ID841_10_R5.0_W0.0228_Ang60,ID841_10_R5.0_W0.0228.csv,60,14.0163,24.0411,5.36,24.025,13.8246,22.6779,5.8443,20.9893
ID841_10_R5.0_W0.0228_Ang80,ID841_10_R5.0_W0.0228.csv,80,13.8801,26.3853,4.98,24.071,13.5536,24.4573,5.638,20.8532
ID842_10_R5.0_W0.0356_Ang0,ID842_10_R5.0_W0.0356.csv,0,14.7346,18.4007,6.34,16.579,14.6351,18.4262,6.4182,16.3028
ID842_10_R5.0_W0.0356_Ang20,ID842_10_R5.0_W0.0356.csv,20,14.7602,18.9162,6.15,18.406,14.6218,18.5833,6.3756,17.2013
ID842_10_R5.0_W0.0356_Ang40,ID842_10_R5.0_W0.0356.csv,40,14.6956,20.2744,5.79,17.819,14.521,19.5959,6.1303,16.6952
ID842_10_R5.0_W0.0356_Ang60,ID842_10_R5.0_W0.0356.csv,60,14.5145,22.3937,5.37,18.941,14.2973,21.0191,5.8955,16.7137
ID842_10_R5.0_W0.0356_Ang80,ID842_10_R5.0_W0.0356.csv,80,14.4425,23.9559,5.07,19.756,14.1058,22.2364,5.7251,16.6918
ID843_10_R5.0_W0.0483_Ang0,ID843_10_R5.0_W0.0483.csv,0,15.1491,16.9357,6.52,14.089,15.097,16.9706,6.5488,14.133
ID843_10_R5.0_W0.0483_Ang20,ID843_10_R5.0_W0.0483.csv,20,15.1667,17.4281,6.32,14.568,15.1057,17.2731,6.4267,14.44
ID843_10_R5.0_W0.0483_Ang40,ID843_10_R5.0_W0.0483.csv,40,15.0084,19.2892,5.83,14.988,14.8329,18.6986,6.1572,14.1021
ID843_10_R5.0_W0.0483_Ang60,ID843_10_R5.0_W0.0483.csv,60,15.0026,20.3872,5.52,16.278,14.9245,19.0151,5.9805,14.7285
ID843_10_R5.0_W0.0483_Ang80,ID843_10_R5.0_W0.0483.csv,80,14.928,22.2389,5.11,16.963,14.5519,20.6785,5.7847,14.4212
ID844_10_R5.0_W0.0611_Ang0,ID844_10_R5.0_W0.0611.csv,0,15.4932,16.0377,6.58,12.373,15.5023,16.0459,6.5688,12.3402
ID844_10_R5.0_W0.0611_Ang20,ID844_10_R5.0_W0.0611.csv,20,15.5106,16.586,6.35,12.739,15.435,16.387,6.4882,12.5111
ID844_10_R5.0_W0.0611_Ang40,ID844_10_R5.0_W0.0611.csv,40,15.5478,17.3742,6.03,13.682,15.4401,16.7253,6.3528,12.7787
ID844_10_R5.0_W0.0611_Ang60,ID844_10_R5.0_W0.0611.csv,60,15.4279,19.4488,5.47,14.435,15.1623,18.3394,6.008,12.6442
ID844_10_R5.0_W0.0611_Ang80,ID844_10_R5.0_W0.0611.csv,80,15.3699,20.8099,5.15,14.927,14.9831,19.4084,5.8136,12.7052
ID845_10_R5.0_W0.0739_Ang0,ID845_10_R5.0_W0.0739.csv,0,16.0074,14.8167,6.67,11.122,15.9974,14.7849,6.6945,11.3075
ID845_10_R5.0_W0.0739_Ang20,ID845_10_R5.0_W0.0739.csv,20,15.9867,15.3146,6.47,11.444,15.915,15.1382,6.6062,11.1129
ID845_10_R5.0_W0.0739_Ang40,ID845_10_R5.0_W0.0739.csv,40,16.0691,16.2224,6.05,12.279,15.9274,15.548,6.4221,11.4639
ID845_10_R5.0_W0.0739_Ang60,ID845_10_R5.0_W0.0739.csv,60,15.8977,18.1196,5.53,12.972,15.6418,17.0759,6.0629,11.7824
ID845_10_R5.0_W0.0739_Ang80,ID845_10_R5.0_W0.0739.csv,80,15.8616,19.4099,5.19,13.762,15.4148,18.1087,5.8868,11.4329
ID846_10_R5.0_W0.0867_Ang0,ID846_10_R5.0_W0.0867.csv,0,16.4518,13.7333,6.81,10.147,16.437,13.7663,6.8105,10.1607
ID846_10_R5.0_W0.0867_Ang20,ID846_10_R5.0_W0.0867.csv,20,16.4503,14.1608,6.61,10.666,16.4382,13.8963,6.7458,10.3896
ID846_10_R5.0_W0.0867_Ang40,ID846_10_R5.0_W0.0867.csv,40,16.4182,15.4132,6.1,11.455,16.2378,14.9079,6.4442,10.5687
ID846_10_R5.0_W0.0867_Ang60,ID846_10_R5.0_W0.0867.csv,60,16.3807,16.8973,5.59,12.163,16.0345,16.0196,6.15,10.5647
ID846_10_R5.0_W0.0867_Ang80,ID846_10_R5.0_W0.0867.csv,80,16.3499,17.9413,5.28,12.474,15.9199,16.8887,5.9178,10.7881
ID847_10_R5_W0.0994_Ang0,ID847_10_R5_W0.0994.csv,0,16.1042,3.733,26.16,3.093,16.0899,3.7388,26.1701,3.0839
ID847_10_R5_W0.0994_Ang20,ID847_10_R5_W0.0994.csv,20,16.1154,3.8321,25.45,3.176,16.0324,3.7935,25.9775,3.0919
ID847_10_R5_W0.0994_Ang40,ID847_10_R5_W0.0994.csv,40,16.1472,4.0939,23.73,3.396,15.8882,3.9368,25.4885,3.1165
ID847_10_R5_W0.0994_Ang60,ID847_10_R5_W0.0994.csv,60,16.1896,4.41,21.91,3.672,15.7267,4.1048,24.9504,3.1464
ID847_10_R5_W0.0994_Ang80,ID847_10_R5_W0.0994.csv,80,16.2207,4.6319,20.78,3.872,15.6243,4.2132,24.6281,3.1661
ID848_10_R5_W0.1122_Ang0,ID848_10_R5_W0.1122.csv,0,16.5492,3.4809,26.57,2.992,,,,
ID848_10_R5_W0.1122_Ang20,ID848_10_R5_W0.1122.csv,20,16.5608,3.5792,25.8,3.077,,,,
ID848_10_R5_W0.1122_Ang40,ID848_10_R5_W0.1122.csv,40,16.5933,3.8335,24.0,3.302,,,,
ID848_10_R5_W0.1122_Ang60,ID848_10_R5_W0.1122.csv,60,16.6381,4.1438,22.08,3.587,,,,
ID848_10_R5_W0.1122_Ang80,ID848_10_R5_W0.1122.csv,80,16.6716,4.3595,20.9,3.839,,,,
ID849_10_R5_W0.125_Ang0,ID849_10_R5_W0.125.csv,0,16.9901,3.252,26.98,2.886,16.9667,3.27,26.9095,2.8327
ID849_10_R5_W0.125_Ang20,ID849_10_R5_W0.125.csv,20,17.0018,3.348,26.17,2.971,16.8961,3.3257,26.68,2.8391
ID849_10_R5_W0.125_Ang40,ID849_10_R5_W0.125.csv,40,17.0354,3.5983,24.26,3.197,16.7186,3.47,26.116,2.8606
ID849_10_R5_W0.125_Ang60,ID849_10_R5_W0.125.csv,60,17.0822,3.9051,22.23,3.483,16.5214,3.642,25.4807,2.8876
ID849_10_R5_W0.125_Ang80,ID849_10_R5_W0.125.csv,80,17.1169,4.1199,20.98,3.71,16.3967,3.751,25.1175,2.905
ID850_10_R6.0_W0.01_Ang0,ID850_10_R6.0_W0.01.csv,0,11.0503,29.547,7.02,29.512,10.9884,29.8311,7.0324,29.5978
ID850_10_R6.0_W0.01_Ang20,ID850_10_R6.0_W0.01.csv,20,10.9461,30.9272,6.84,29.964,10.9455,30.553,6.9202,29.6829
ID850_10_R6.0_W0.01_Ang40,ID850_10_R6.0_W0.01.csv,40,10.9374,32.6867,6.48,31.776,10.8826,31.705,6.746,30.14
ID850_10_R6.0_W0.01_Ang60,ID850_10_R6.0_W0.01.csv,60,10.8945,34.6044,6.17,33.779,10.8499,32.6819,6.5839,30.7911
ID850_10_R6.0_W0.01_Ang80,ID850_10_R6.0_W0.01.csv,80,11.0796,35.5097,5.81,36.429,10.736,33.5671,6.547,30.9036
ID851_10_R6.0_W0.0256_Ang0,ID851_10_R6.0_W0.0256.csv,0,11.548,26.5949,7.14,20.123,11.5186,26.7765,7.1299,20.0971
ID851_10_R6.0_W0.0256_Ang20,ID851_10_R6.0_W0.0256.csv,20,11.543,27.1377,7.01,20.41,11.5236,26.9022,7.0905,20.1106
ID851_10_R6.0_W0.0256_Ang40,ID851_10_R6.0_W0.0256.csv,40,11.5927,28.6115,6.59,21.783,11.4513,27.7745,6.9548,20.3896
ID851_10_R6.0_W0.0256_Ang60,ID851_10_R6.0_W0.0256.csv,60,11.5539,30.3372,6.25,24.653,11.4263,28.6627,6.7688,20.9363
ID851_10_R6.0_W0.0256_Ang80,ID851_10_R6.0_W0.0256.csv,80,11.6674,32.233,5.77,25.756,11.3026,29.8505,6.6425,21.2879
ID852_10_R6.0_W0.0411_Ang0,ID852_10_R6.0_W0.0411.csv,0,12.0537,23.7203,7.35,15.705,12.0414,23.7684,7.35,15.6831
ID852_10_R6.0_W0.0411_Ang20,ID852_10_R6.0_W0.0411.csv,20,12.0175,24.5492,7.14,16.066,12.0341,24.1321,7.248,15.8212
ID852_10_R6.0_W0.0411_Ang40,ID852_10_R6.0_W0.0411.csv,40,12.0321,25.9955,6.73,16.848,11.977,25.0064,7.0615,16.0175
ID852_10_R6.0_W0.0411_Ang60,ID852_10_R6.0_W0.0411.csv,60,12.0729,27.374,6.35,19.331,11.9055,26.1084,6.8448,16.6217
ID852_10_R6.0_W0.0411_Ang80,ID852_10_R6.0_W0.0411.csv,80,12.2751,28.6386,5.87,20.097,11.7938,26.745,6.8091,16.4439
ID853_10_R6.0_W0.0567_Ang0,ID853_10_R6.0_W0.0567.csv,0,12.589,21.0837,7.58,13.554,12.6037,21.1368,7.5441,13.4052
ID853_10_R6.0_W0.0567_Ang20,ID853_10_R6.0_W0.0567.csv,20,12.7912,20.7378,7.47,14.306,12.6871,20.585,7.6448,13.8235
ID853_10_R6.0_W0.0567_Ang40,ID853_10_R6.0_W0.0567.csv,40,12.4906,23.8638,6.8,14.556,12.3851,22.9446,7.1971,13.7739
ID853_10_R6.0_W0.0567_Ang60,ID853_10_R6.0_W0.0567.csv,60,12.5135,25.4844,6.35,16.069,12.2949,24.1646,6.9345,14.1783
ID853_10_R6.0_W0.0567_Ang80,ID853_10_R6.0_W0.0567.csv,80,12.6219,26.8487,5.92,16.946,12.156,25.1105,6.8266,13.9959
ID854_10_R6.0_W0.0722_Ang0,ID854_10_R6.0_W0.0722.csv,0,12.9018,19.8281,7.67,12.119,12.9733,19.7152,7.6337,12.1756
ID854_10_R6.0_W0.0722_Ang20,ID854_10_R6.0_W0.0722.csv,20,13.0276,19.7,7.58,12.623,12.9811,19.5374,7.694,12.2298
ID854_10_R6.0_W0.0722_Ang40,ID854_10_R6.0_W0.0722.csv,40,12.9574,21.6734,6.96,13.473,12.7592,21.1994,7.3396,12.3688
ID854_10_R6.0_W0.0722_Ang60,ID854_10_R6.0_W0.0722.csv,60,12.914,23.7396,6.4,14.072,12.6305,22.6143,7.0213,12.3043
ID854_10_R6.0_W0.0722_Ang80,ID854_10_R6.0_W0.0722.csv,80,13.0804,24.3811,6.07,15.652,12.5689,23.1158,6.9364,12.9686
ID855_10_R6.0_W0.0878_Ang0,ID855_10_R6.0_W0.0878.csv,0,13.4432,17.8468,7.85,11.26,13.4182,17.8417,7.8852,11.3187
ID855_10_R6.0_W0.0878_Ang20,ID855_10_R6.0_W0.0878.csv,20,13.4067,18.3357,7.69,11.222,13.3404,18.2489,7.7994,11.331
ID855_10_R6.0_W0.0878_Ang40,ID855_10_R6.0_W0.0878.csv,40,13.3574,20.3492,6.98,11.803,13.1327,19.7603,7.4325,10.9638
ID855_10_R6.0_W0.0878_Ang60,ID855_10_R6.0_W0.0878.csv,60,13.2942,22.0029,6.51,12.992,13.0199,21.0601,7.0952,11.3756
ID855_10_R6.0_W0.0878_Ang80,ID855_10_R6.0_W0.0878.csv,80,13.5421,22.7525,6.07,14.535,12.9602,21.7875,6.9216,11.7087
ID856_10_R6.0_W0.1033_Ang0,ID856_10_R6.0_W0.1033.csv,0,13.8169,16.522,8.03,10.085,13.8035,16.3101,8.1509,9.9139
ID856_10_R6.0_W0.1033_Ang20,ID856_10_R6.0_W0.1033.csv,20,13.7263,17.4444,7.71,10.212,13.6958,17.1836,7.8587,10.0573
ID856_10_R6.0_W0.1033_Ang40,ID856_10_R6.0_W0.1033.csv,40,13.9739,15.9737,8.12,29.716,14.0349,15.9287,8.0731,21.6396
ID856_10_R6.0_W0.1033_Ang60,ID856_10_R6.0_W0.1033.csv,60,13.8922,20.3086,6.46,12.059,13.3406,19.8055,7.1862,10.2679
ID856_10_R6.0_W0.1033_Ang80,ID856_10_R6.0_W0.1033.csv,80,13.7557,21.8194,6.14,12.767,13.2502,20.9526,6.8859,10.5734
ID857_10_R6.0_W0.1189_Ang0,ID857_10_R6.0_W0.1189.csv,0,14.2993,14.9393,8.29,9.8,14.292,15.0157,8.2586,9.7855
ID857_10_R6.0_W0.1189_Ang20,ID857_10_R6.0_W0.1189.csv,20,14.1443,15.9758,7.93,9.611,14.0797,15.8258,8.074,9.4518
ID857_10_R6.0_W0.1189_Ang40,ID857_10_R6.0_W0.1189.csv,40,14.1146,17.4251,7.3,10.506,14.0226,16.9326,7.6079,9.9136
ID857_10_R6.0_W0.1189_Ang60,ID857_10_R6.0_W0.1189.csv,60,14.2997,19.0602,6.5,11.39,13.6903,18.6907,7.2308,9.6906
ID857_10_R6.0_W0.1189_Ang80,ID857_10_R6.0_W0.1189.csv,80,14.1565,20.2712,6.24,11.703,13.5575,19.8865,6.9298,9.6295
ID858_10_R6.0_W0.1344_Ang0,ID858_10_R6.0_W0.1344.csv,0,14.6549,14.0595,8.39,8.858,14.5891,14.1056,8.4371,8.795
ID858_10_R6.0_W0.1344_Ang20,ID858_10_R6.0_W0.1344.csv,20,14.5893,14.5604,8.17,9.175,14.5373,14.3465,8.3546,9.1201
ID858_10_R6.0_W0.1344_Ang40,ID858_10_R6.0_W0.1344.csv,40,14.5969,16.029,7.42,9.964,14.4189,15.6852,7.7676,9.371
ID858_10_R6.0_W0.1344_Ang60,ID858_10_R6.0_W0.1344.csv,60,14.6095,18.2202,6.51,10.95,14.0591,17.7503,7.2197,9.0811
ID858_10_R6.0_W0.1344_Ang80,ID858_10_R6.0_W0.1344.csv,80,14.5305,19.3569,6.2,11.209,13.8722,19.197,6.8567,9.2217
ID859_10_R6.0_W0.15_Ang0,ID859_10_R6.0_W0.15.csv,0,15.0095,13.2647,8.48,8.324,15.0421,13.1667,8.5025,8.3116
ID859_10_R6.0_W0.15_Ang20,ID859_10_R6.0_W0.15.csv,20,15.0948,13.5609,8.2,8.688,15.1103,13.3516,8.3092,8.5383
ID859_10_R6.0_W0.15_Ang40,ID859_10_R6.0_W0.15.csv,40,14.9716,15.1408,7.46,9.187,14.7635,14.9433,7.777,8.5187
ID859_10_R6.0_W0.15_Ang60,ID859_10_R6.0_W0.15.csv,60,15.0564,17.0835,6.54,10.267,14.4396,16.9251,7.1779,8.6462
ID859_10_R6.0_W0.15_Ang80,ID859_10_R6.0_W0.15.csv,80,14.9973,18.2346,6.18,10.642,14.2062,18.433,6.8091,8.7475
ID860_10_R7_W0.01_Ang0,ID860_10_R7_W0.01.csv,0,1.5916,1717.0058,5.82,6912.496,1.8857,698.0039,10.2056,4451.8662
ID860_10_R7_W0.01_Ang20,ID860_10_R7_W0.01.csv,20,8.7839,11.2487,29.19,10.706,8.7581,11.1826,29.5308,10.5137
ID860_10_R7_W0.01_Ang40,ID860_10_R7_W0.01.csv,40,8.7964,11.7059,27.97,11.174,8.7223,11.3983,29.2103,10.5889
ID860_10_R7_W0.01_Ang60,ID860_10_R7_W0.01.csv,60,8.8119,12.26,26.61,11.758,8.6821,11.6579,28.8251,10.6692
ID860_10_R7_W0.01_Ang80,ID860_10_R7_W0.01.csv,80,8.8219,12.629,25.77,12.133,8.6566,11.8009,28.6441,10.7289
ID861_10_R7_W0.0283_Ang0,ID861_10_R7_W0.0283.csv,0,9.2724,9.6012,30.69,6.944,9.2663,9.6072,30.7065,6.9468
ID861_10_R7_W0.0283_Ang20,ID861_10_R7_W0.0283.csv,20,9.2778,9.7709,30.12,7.074,9.2488,9.6896,30.5603,6.9658
ID861_10_R7_W0.0283_Ang40,ID861_10_R7_W0.0283.csv,40,9.2922,10.2135,28.72,7.416,9.2048,9.9026,30.1896,7.0169
ID861_10_R7_W0.0283_Ang60,ID861_10_R7_W0.0283.csv,60,9.3101,10.7488,27.19,7.829,9.1552,10.1486,29.7782,7.0717
ID861_10_R7_W0.0283_Ang80,ID861_10_R7_W0.0283.csv,80,9.3226,11.102,26.25,8.144,9.1237,10.3119,29.5097,7.1088
ID862_10_R7_W0.0467_Ang0,ID862_10_R7_W0.0467.csv,0,9.6905,8.5252,31.64,5.536,9.6799,8.5493,31.6203,5.4713
ID862_10_R7_W0.0467_Ang20,ID862_10_R7_W0.0467.csv,20,9.6964,8.6878,31.01,5.649,9.6591,8.6295,31.4614,5.4886
ID862_10_R7_W0.0467_Ang40,ID862_10_R7_W0.0467.csv,40,9.7128,9.1165,29.45,5.949,9.6072,8.8392,31.0478,5.5307
ID862_10_R7_W0.0467_Ang60,ID862_10_R7_W0.0467.csv,60,9.7332,9.6295,27.77,6.318,9.5485,9.0847,30.5814,5.578
ID862_10_R7_W0.0467_Ang80,ID862_10_R7_W0.0467.csv,80,9.7477,9.9808,26.71,6.605,9.5111,9.2408,30.3018,5.606
ID863_10_R7_W0.065_Ang0,ID863_10_R7_W0.065.csv,0,10.0825,7.666,32.5,4.517,10.075,7.6715,32.5291,4.5027
ID863_10_R7_W0.065_Ang20,ID863_10_R7_W0.065.csv,20,10.089,7.8291,31.79,4.615,10.0508,7.7548,32.3351,4.515
ID863_10_R7_W0.065_Ang40,ID863_10_R7_W0.065.csv,40,10.1068,8.247,30.07,4.874,9.9897,7.9636,31.8732,4.5503
ID863_10_R7_W0.065_Ang60,ID863_10_R7_W0.065.csv,60,10.1293,8.7492,28.22,5.196,9.921,8.2089,31.3502,4.5916
ID863_10_R7_W0.065_Ang80,ID863_10_R7_W0.065.csv,80,10.1454,9.0918,27.07,5.437,9.8772,8.3586,31.0626,4.6176
ID864_10_R7_W0.0833_Ang0,ID864_10_R7_W0.0833.csv,0,10.2813,7.2786,32.92,4.135,10.2646,7.2961,32.9508,4.0963
ID864_10_R7_W0.0833_Ang20,ID864_10_R7_W0.0833.csv,20,10.2881,7.4359,32.18,4.229,10.2386,7.377,32.7556,4.107
ID864_10_R7_W0.0833_Ang40,ID864_10_R7_W0.0833.csv,40,10.3067,7.8477,30.38,4.476,10.1729,7.5838,32.2747,4.1384
ID864_10_R7_W0.0833_Ang60,ID864_10_R7_W0.0833.csv,60,10.3303,8.3435,28.45,4.783,10.0991,7.8255,31.7366,4.1751
ID864_10_R7_W0.0833_Ang80,ID864_10_R7_W0.0833.csv,80,10.3474,8.6743,27.27,5.003,10.052,7.9847,31.3962,4.1978
ID865_10_R7_W0.1017_Ang0,ID865_10_R7_W0.1017.csv,0,10.6622,6.6089,33.71,3.529,10.6434,6.6179,33.7877,3.4984
ID865_10_R7_W0.1017_Ang20,ID865_10_R7_W0.1017.csv,20,10.6694,6.762,32.91,3.613,10.6134,6.6978,33.5733,3.5117
ID865_10_R7_W0.1017_Ang40,ID865_10_R7_W0.1017.csv,40,10.6894,7.1636,30.95,3.837,10.538,6.9036,33.041,3.5435
ID865_10_R7_W0.1017_Ang60,ID865_10_R7_W0.1017.csv,60,10.7151,7.6475,28.85,4.119,10.4532,7.1457,32.441,3.58
ID865_10_R7_W0.1017_Ang80,ID865_10_R7_W0.1017.csv,80,10.7336,7.9835,27.54,4.328,10.3991,7.2987,32.0927,3.6036
ID866_10_R7_W0.12_Ang0,ID866_10_R7_W0.12.csv,0,11.0449,6.0168,34.51,3.148,11.0291,6.0232,34.573,3.1303
ID866_10_R7_W0.12_Ang20,ID866_10_R7_W0.12.csv,20,11.0525,6.1655,33.63,3.227,10.9945,6.1026,34.338,3.1399
ID866_10_R7_W0.12_Ang40,ID866_10_R7_W0.12.csv,40,11.0739,6.5563,31.51,3.441,10.9077,6.3085,33.7478,3.1673
ID866_10_R7_W0.12_Ang60,ID866_10_R7_W0.12.csv,60,11.1017,7.0329,29.22,3.707,10.8104,6.5512,33.0853,3.1983
ID866_10_R7_W0.12_Ang80,ID866_10_R7_W0.12.csv,80,11.1219,7.3618,27.82,3.914,10.7484,6.7095,32.6787,3.2179
ID867_10_R7.0_W0.1383_Ang0,ID867_10_R7.0_W0.1383.csv,0,12.1191,18.3014,9.42,9.244,12.0785,18.3332,9.4706,9.035
ID867_10_R7.0_W0.1383_Ang20,ID867_10_R7.0_W0.1383.csv,20,12.1036,18.8115,9.19,9.546,12.0548,18.6274,9.3576,9.3482
ID867_10_R7.0_W0.1383_Ang40,ID867_10_R7.0_W0.1383.csv,40,12.1393,20.4446,8.41,10.086,11.9171,19.9361,8.9467,9.1886
ID867_10_R7.0_W0.1383_Ang60,ID867_10_R7.0_W0.1383.csv,60,12.322,22.1934,7.52,13.15,11.779,21.2292,8.5998,10.4918
ID867_10_R7.0_W0.1383_Ang80,ID867_10_R7.0_W0.1383.csv,80,12.1421,24.0682,7.14,11.911,11.6056,23.3327,8.06,9.4482
ID868_10_R7.0_W0.1567_Ang0,ID868_10_R7.0_W0.1567.csv,0,12.5631,16.5038,9.72,8.732,12.4846,16.6875,9.7387,8.5512
ID868_10_R7.0_W0.1567_Ang20,ID868_10_R7.0_W0.1567.csv,20,12.4939,17.3695,9.34,9.017,12.548,16.9866,9.4707,8.7901
ID868_10_R7.0_W0.1567_Ang40,ID868_10_R7.0_W0.1567.csv,40,12.6396,18.2421,8.69,11.913,12.3154,18.1263,9.2137,10.2215
ID868_10_R7.0_W0.1567_Ang60,ID868_10_R7.0_W0.1567.csv,60,12.5491,21.1238,7.61,10.632,12.0727,20.6898,8.4,8.9238
ID868_10_R7.0_W0.1567_Ang80,ID868_10_R7.0_W0.1567.csv,80,12.5817,22.4476,7.13,11.116,11.9584,22.0156,8.0457,8.9499
ID869_10_R7.0_W0.175_Ang0,ID869_10_R7.0_W0.175.csv,0,12.878,15.6378,9.77,8.341,12.9074,15.6228,9.732,8.3423
ID869_10_R7.0_W0.175_Ang20,ID869_10_R7.0_W0.175.csv,20,12.8741,16.3367,9.35,8.589,12.9202,15.9534,9.5116,8.4703
ID869_10_R7.0_W0.175_Ang40,ID869_10_R7.0_W0.175.csv,40,12.8704,17.796,8.59,9.45,12.6007,17.6018,9.0634,8.5597
ID869_10_R7.0_W0.175_Ang60,ID869_10_R7.0_W0.175.csv,60,13.0226,19.2605,7.75,10.766,12.408,19.3482,8.5035,8.8182
ID869_10_R7.0_W0.175_Ang80,ID869_10_R7.0_W0.175.csv,80,12.9101,20.9832,7.24,10.95,12.2659,21.3549,7.8839,8.6983
ID870_10_R8_W0.01_Ang0,ID870_10_R8_W0.01.csv,0,7.6002,13.2565,33.08,11.063,7.5877,13.2802,33.1292,11.0299
ID870_10_R8_W0.01_Ang20,ID870_10_R8_W0.01.csv,20,7.6042,13.4639,32.54,11.245,7.5761,13.3798,32.9838,11.0548
ID870_10_R8_W0.01_Ang40,ID870_10_R8_W0.01.csv,40,7.6149,14.0,31.2,11.719,7.5468,13.6297,32.6312,11.1346
ID870_10_R8_W0.01_Ang60,ID870_10_R8_W0.01.csv,60,7.6279,14.6358,29.74,12.309,7.5136,13.9206,32.232,11.2227
ID870_10_R8_W0.01_Ang80,ID870_10_R8_W0.01.csv,80,7.637,15.0622,28.83,12.747,7.4928,14.0984,32.0026,11.277
ID871_10_R8_W0.0311_Ang0,ID871_10_R8_W0.0311.csv,0,8.0204,11.4921,34.26,7.477,8.0144,11.5168,34.2424,7.4745
ID871_10_R8_W0.0311_Ang20,ID871_10_R8_W0.0311.csv,20,8.025,11.6912,33.64,7.613,8.0001,11.6104,34.088,7.4922
ID871_10_R8_W0.0311_Ang40,ID871_10_R8_W0.0311.csv,40,8.0375,12.2077,32.12,7.959,7.964,11.8579,33.68,7.5461
ID871_10_R8_W0.0311_Ang60,ID871_10_R8_W0.0311.csv,60,8.0529,12.8249,30.46,8.407,7.9232,12.1465,33.2191,7.6095
ID871_10_R8_W0.0311_Ang80,ID871_10_R8_W0.0311.csv,80,8.0636,13.2526,29.4,8.717,7.8973,12.317,32.9746,7.6508
ID872_10_R8_W0.0522_Ang0,ID872_10_R8_W0.0522.csv,0,8.3513,10.3137,35.21,5.957,8.3428,10.3108,35.2964,5.9674
ID872_10_R8_W0.0522_Ang20,ID872_10_R8_W0.0522.csv,20,8.357,10.5177,34.48,6.007,8.3266,10.4155,35.0769,5.8985
ID872_10_R8_W0.0522_Ang40,ID872_10_R8_W0.0522.csv,40,8.3708,11.0216,32.8,6.312,8.2844,10.659,34.6257,5.9449
ID872_10_R8_W0.0522_Ang60,ID872_10_R8_W0.0522.csv,60,8.3879,11.6261,30.97,6.692,8.2369,10.9414,34.1226,5.9974
ID872_10_R8_W0.0522_Ang80,ID872_10_R8_W0.0522.csv,80,8.4001,12.0471,29.8,6.973,8.2065,11.1304,33.7918,6.0304
ID873_10_R8_W0.0733_Ang0,ID873_10_R8_W0.0733.csv,0,8.6614,9.3419,36.14,4.803,8.654,9.3558,36.1518,4.7934
ID873_10_R8_W0.0733_Ang20,ID873_10_R8_W0.0733.csv,20,8.667,9.5333,35.37,4.904,8.6348,9.4521,35.9427,4.8079
ID873_10_R8_W0.0733_Ang40,ID873_10_R8_W0.0733.csv,40,8.6819,10.0172,33.55,5.179,8.5855,9.6807,35.4974,4.8524
ID873_10_R8_W0.0733_Ang60,ID873_10_R8_W0.0733.csv,60,8.7013,10.615,31.52,5.499,8.5313,9.9743,34.8924,4.8911
ID873_10_R8_W0.0733_Ang80,ID873_10_R8_W0.0733.csv,80,8.7147,11.0148,30.28,5.741,8.4962,10.1513,34.5673,4.9194
ID874_10_R8_W0.0944_Ang0,ID874_10_R8_W0.0944.csv,0,8.9547,8.536,37.01,4.003,8.9468,8.5417,37.0473,3.9924
ID874_10_R8_W0.0944_Ang20,ID874_10_R8_W0.0944.csv,20,8.9606,8.718,36.19,4.093,8.9248,8.6358,36.8247,4.0042
ID874_10_R8_W0.0944_Ang40,ID874_10_R8_W0.0944.csv,40,8.977,9.1966,34.18,4.33,8.8693,8.8738,36.2867,4.0387
ID874_10_R8_W0.0944_Ang60,ID874_10_R8_W0.0944.csv,60,8.9979,9.7712,32.02,4.623,8.8069,9.1541,35.676,4.077
ID874_10_R8_W0.0944_Ang80,ID874_10_R8_W0.0944.csv,80,9.0127,10.1718,30.66,4.834,8.767,9.3392,35.2877,4.1006
ID875_10_R8_W0.1156_Ang0,ID875_10_R8_W0.1156.csv,0,9.3886,7.5084,38.27,3.298,9.3864,7.5096,38.2851,3.2889
ID875_10_R8_W0.1156_Ang20,ID875_10_R8_W0.1156.csv,20,9.3951,7.6854,37.34,3.375,9.3597,7.6029,38.0308,3.2991
ID875_10_R8_W0.1156_Ang40,ID875_10_R8_W0.1156.csv,40,9.4133,8.145,35.1,3.584,9.2929,7.8384,37.4204,3.3295
ID875_10_R8_W0.1156_Ang60,ID875_10_R8_W0.1156.csv,60,9.4368,8.7001,32.69,3.846,9.2178,8.1156,36.7334,3.3634
ID875_10_R8_W0.1156_Ang80,ID875_10_R8_W0.1156.csv,80,9.4537,9.0863,31.19,4.029,9.1698,8.2988,36.2995,3.3845
ID876_10_R8_W0.1367_Ang0,ID876_10_R8_W0.1367.csv,0,9.6839,6.9189,39.04,3.011,9.6702,6.9292,39.0914,3.027
ID876_10_R8_W0.1367_Ang20,ID876_10_R8_W0.1367.csv,20,9.6907,7.0906,38.04,3.087,9.6403,7.0194,38.8294,3.0368
ID876_10_R8_W0.1367_Ang40,ID876_10_R8_W0.1367.csv,40,9.7098,7.5409,35.63,3.291,9.565,7.2563,38.1553,3.0643
ID876_10_R8_W0.1367_Ang60,ID876_10_R8_W0.1367.csv,60,9.7349,8.0862,33.05,3.543,9.4807,7.5363,37.3943,3.0959
ID876_10_R8_W0.1367_Ang80,ID876_10_R8_W0.1367.csv,80,9.7532,8.4655,31.46,3.724,9.4269,7.7201,36.9215,3.1163
ID877_10_R8_W0.1578_Ang0,ID877_10_R8_W0.1578.csv,0,9.9627,6.4132,39.79,2.949,9.9599,6.4103,39.8339,2.981
ID877_10_R8_W0.1578_Ang20,ID877_10_R8_W0.1578.csv,20,9.9698,6.5816,38.72,3.027,9.9263,6.5,39.5511,2.9914
ID877_10_R8_W0.1578_Ang40,ID877_10_R8_W0.1578.csv,40,9.9898,7.0224,36.14,3.236,9.8419,6.7366,38.819,3.0185
ID877_10_R8_W0.1578_Ang60,ID877_10_R8_W0.1578.csv,60,10.0165,7.5572,33.41,3.496,9.7475,7.0158,37.9989,3.0494
ID877_10_R8_W0.1578_Ang80,ID877_10_R8_W0.1578.csv,80,10.0361,7.9289,31.72,3.682,9.6874,7.1997,37.4899,3.0695
ID878_10_R8_W0.1789_Ang0,ID878_10_R8_W0.1789.csv,0,10.2841,5.9042,40.56,2.761,10.2774,5.912,40.5633,2.7458
ID878_10_R8_W0.1789_Ang20,ID878_10_R8_W0.1789.csv,20,10.2913,6.068,39.41,2.838,10.2394,6.003,40.2463,2.7555
ID878_10_R8_W0.1789_Ang40,ID878_10_R8_W0.1789.csv,40,10.3124,6.4988,36.65,3.044,10.144,6.2404,39.4468,2.7802
ID878_10_R8_W0.1789_Ang60,ID878_10_R8_W0.1789.csv,60,10.3409,7.0265,33.71,3.302,10.0376,6.5203,38.5577,2.8091
ID878_10_R8_W0.1789_Ang80,ID878_10_R8_W0.1789.csv,80,10.362,7.3928,31.91,3.491,9.9699,6.7059,38.0019,2.828
ID879_10_R8_W0.2_Ang0,ID879_10_R8_W0.2.csv,0,10.6265,5.4316,41.3,2.626,10.6225,5.4321,41.3257,2.6222
ID879_10_R8_W0.2_Ang20,ID879_10_R8_W0.2.csv,20,10.6339,5.5916,40.06,2.703,10.5791,5.525,40.9652,2.6334
ID879_10_R8_W0.2_Ang40,ID879_10_R8_W0.2.csv,40,10.6557,6.013,37.1,2.91,10.4705,5.7646,40.081,2.6582
ID879_10_R8_W0.2_Ang60,ID879_10_R8_W0.2.csv,60,10.6857,6.5297,33.97,3.17,10.3497,6.0491,39.0923,2.6872
ID879_10_R8_W0.2_Ang80,ID879_10_R8_W0.2.csv,80,10.7083,6.8886,32.07,3.358,10.2731,6.2347,38.4966,2.7054
ID880_10_R9.0_W0.01_Ang0,ID880_10_R9.0_W0.01.csv,0,7.2904,45.5485,10.46,37.783,7.2727,45.6513,10.4905,37.5221
ID880_10_R9.0_W0.01_Ang20,ID880_10_R9.0_W0.01.csv,20,7.2508,46.6587,10.33,39.161,7.2366,46.1121,10.4895,38.2814
ID880_10_R9.0_W0.01_Ang40,ID880_10_R9.0_W0.01.csv,40,7.3163,48.1156,9.84,38.144,7.2954,46.1683,10.3084,36.2451
ID880_10_R9.0_W0.01_Ang60,ID880_10_R9.0_W0.01.csv,60,7.3854,50.6727,9.16,41.713,7.2855,47.4658,10.054,36.9304
ID880_10_R9.0_W0.01_Ang80,ID880_10_R9.0_W0.01.csv,80,7.5328,50.7326,8.8,44.554,7.2607,48.5465,9.8974,37.8247
ID881_10_R9_W0.0339_Ang0,ID881_10_R9_W0.0339.csv,0,7.0392,13.5074,37.85,7.746,7.0413,13.4917,37.8673,7.7488
ID881_10_R9_W0.0339_Ang20,ID881_10_R9_W0.0339.csv,20,7.043,13.7315,37.19,7.885,7.029,13.6043,37.6855,7.7713
ID881_10_R9_W0.0339_Ang40,ID881_10_R9_W0.0339.csv,40,7.0534,14.3266,35.54,8.25,6.998,13.89,37.2387,7.8304
ID881_10_R9_W0.0339_Ang60,ID881_10_R9_W0.0339.csv,60,7.0662,15.0371,33.74,8.696,6.9629,14.2231,36.7335,7.8981
ID881_10_R9_W0.0339_Ang80,ID881_10_R9_W0.0339.csv,80,7.0749,15.5201,32.61,8.996,6.9406,14.447,36.397,7.9402
ID882_10_R9.0_W0.0578_Ang0,ID882_10_R9.0_W0.0578.csv,0,8.3222,31.7353,11.52,15.555,8.3747,31.7736,11.3668,15.8154
ID882_10_R9.0_W0.0578_Ang20,ID882_10_R9.0_W0.0578.csv,20,8.25,33.3888,11.15,16.37,8.2969,33.0571,11.1313,16.0295
ID882_10_R9.0_W0.0578_Ang40,ID882_10_R9.0_W0.0578.csv,40,8.2376,35.5385,10.5,17.516,8.2668,34.0253,10.8933,16.2716
ID882_10_R9.0_W0.0578_Ang60,ID882_10_R9.0_W0.0578.csv,60,8.2629,38.7591,9.57,18.213,8.0619,37.3565,10.4328,15.7911
ID882_10_R9.0_W0.0578_Ang80,ID882_10_R9.0_W0.0578.csv,80,8.3579,40.5765,8.94,19.685,7.9868,38.9281,10.2008,16.4908
ID883_10_R9_W0.0817_Ang0,ID883_10_R9_W0.0817.csv,0,7.7,10.6218,40.22,4.589,7.6947,10.6293,40.2484,4.5886
ID883_10_R9_W0.0817_Ang20,ID883_10_R9_W0.0817.csv,20,7.7048,10.8405,39.36,4.685,7.6774,10.7268,40.0625,4.6027
ID883_10_R9_W0.0817_Ang40,ID883_10_R9_W0.0817.csv,40,7.7179,11.3912,37.33,4.938,7.6336,11.0086,39.4867,4.6414
ID883_10_R9_W0.0817_Ang60,ID883_10_R9_W0.0817.csv,60,7.7344,12.061,35.11,5.249,7.5843,11.3222,38.8935,4.6873
ID883_10_R9_W0.0817_Ang80,ID883_10_R9_W0.0817.csv,80,7.746,12.5275,33.7,5.468,7.5528,11.54,38.4792,4.7157
ID884_10_R9_W0.1056_Ang0,ID884_10_R9_W0.1056.csv,0,8.0539,9.3921,41.58,3.621,8.0459,9.4047,41.6056,3.6201
ID884_10_R9_W0.1056_Ang20,ID884_10_R9_W0.1056.csv,20,8.0588,9.6006,40.63,3.713,8.0249,9.5122,41.3509,3.6173
ID884_10_R9_W0.1056_Ang40,ID884_10_R9_W0.1056.csv,40,8.0737,10.1297,38.36,3.903,7.9727,9.7853,40.7242,3.668
ID884_10_R9_W0.1056_Ang60,ID884_10_R9_W0.1056.csv,60,8.092,10.7881,35.86,4.196,7.9141,10.1068,40.0156,3.7039
ID884_10_R9_W0.1056_Ang80,ID884_10_R9_W0.1056.csv,80,8.1051,11.2364,34.32,4.388,7.8766,10.3246,39.5454,3.7285
ID885_10_R9_W0.1294_Ang0,ID885_10_R9_W0.1294.csv,0,8.2813,8.7018,42.45,3.282,8.2771,8.7154,42.4225,3.2815
ID885_10_R9_W0.1294_Ang20,ID885_10_R9_W0.1294.csv,20,8.2868,8.9032,41.43,3.358,8.254,8.8197,42.1559,3.3051
ID885_10_R9_W0.1294_Ang40,ID885_10_R9_W0.1294.csv,40,8.3023,9.4321,38.96,3.566,8.1956,9.0914,41.481,3.324
ID885_10_R9_W0.1294_Ang60,ID885_10_R9_W0.1294.csv,60,8.3221,10.0728,36.31,3.823,8.1301,9.4114,40.7183,3.3585
ID885_10_R9_W0.1294_Ang80,ID885_10_R9_W0.1294.csv,80,8.3364,10.508,34.69,4.007,8.0883,9.6228,40.2372,3.3807
ID886_10_R9_W0.1533_Ang0,ID886_10_R9_W0.1533.csv,0,8.4853,8.1394,43.22,3.179,8.4853,8.147,43.1822,3.1926
ID886_10_R9_W0.1533_Ang20,ID886_10_R9_W0.1533.csv,20,8.4915,8.3445,42.1,3.257,8.46,8.2549,42.873,3.2367
ID886_10_R9_W0.1533_Ang40,ID886_10_R9_W0.1533.csv,40,8.5077,8.8637,39.48,3.466,8.396,8.5315,42.1179,3.2323
ID886_10_R9_W0.1533_Ang60,ID886_10_R9_W0.1533.csv,60,8.5287,9.4928,36.68,3.73,8.3241,8.8523,41.2966,3.2659
ID886_10_R9_W0.1533_Ang80,ID886_10_R9_W0.1533.csv,80,8.5439,9.9298,34.95,3.932,8.2781,9.0549,40.8224,3.2873
ID887_10_R9_W0.1772_Ang0,ID887_10_R9_W0.1772.csv,0,8.8414,7.2838,44.49,2.829,8.8345,7.2893,44.5234,2.8225
ID887_10_R9_W0.1772_Ang20,ID887_10_R9_W0.1772.csv,20,8.8476,7.4701,43.32,2.919,8.8049,7.4072,44.1102,2.8118
ID887_10_R9_W0.1772_Ang40,ID887_10_R9_W0.1772.csv,40,8.8651,7.9931,40.32,3.105,8.7295,7.679,43.2867,2.8452
ID887_10_R9_W0.1772_Ang60,ID887_10_R9_W0.1772.csv,60,8.8878,8.6048,37.27,3.353,8.6453,8.0002,42.3621,2.8735
ID887_10_R9_W0.1772_Ang80,ID887_10_R9_W0.1772.csv,80,8.9045,9.0317,35.37,3.53,8.5916,8.2076,41.8095,2.8929
ID888_10_R9_W0.2011_Ang0,ID888_10_R9_W0.2011.csv,0,9.0961,6.7875,45.1,2.666,9.0885,6.7934,45.1404,2.656
ID888_10_R9_W0.2011_Ang20,ID888_10_R9_W0.2011.csv,20,9.1022,6.9689,43.87,2.743,9.0549,6.8973,44.7911,2.669
ID888_10_R9_W0.2011_Ang40,ID888_10_R9_W0.2011.csv,40,9.12,7.4658,40.79,2.945,8.9709,7.169,43.9049,2.6887
ID888_10_R9_W0.2011_Ang60,ID888_10_R9_W0.2011.csv,60,9.1442,8.0674,37.55,3.188,8.8773,7.4886,42.9219,2.7194
ID888_10_R9_W0.2011_Ang80,ID888_10_R9_W0.2011.csv,80,9.1619,8.4881,35.55,3.365,8.8176,7.6954,42.3359,2.7375
ID889_10_R9_W0.225_Ang0,ID889_10_R9_W0.225.csv,0,9.4908,6.0752,46.29,2.596,9.4869,6.0779,46.3063,2.5975
ID889_10_R9_W0.225_Ang20,ID889_10_R9_W0.225.csv,20,9.497,6.2563,44.89,2.672,9.447,6.1832,45.9024,2.605
ID889_10_R9_W0.225_Ang40,ID889_10_R9_W0.225.csv,40,9.5157,6.7337,41.54,2.878,9.3476,6.4589,44.8829,2.629
ID889_10_R9_W0.225_Ang60,ID889_10_R9_W0.225.csv,60,9.5415,7.322,38.0,3.138,9.2372,6.7834,43.7636,2.6558
ID889_10_R9_W0.225_Ang80,ID889_10_R9_W0.225.csv,80,9.5609,7.7337,35.83,3.323,9.1671,6.9991,43.0661,2.6707
ID890_10_R10_W0.01_Ang0,ID890_10_R10_W0.01.csv,0,5.9639,17.7628,40.09,12.121,5.9707,17.756,40.0166,12.1312
ID890_10_R10_W0.01_Ang20,ID890_10_R10_W0.01.csv,20,5.9669,18.0304,39.46,12.316,5.9621,17.8799,39.855,12.1668
ID890_10_R10_W0.01_Ang40,ID890_10_R10_W0.01.csv,40,5.9748,18.7187,37.91,12.841,5.9402,18.2085,39.4239,12.2444
ID890_10_R10_W0.01_Ang60,ID890_10_R10_W0.01.csv,60,5.9846,19.5417,36.19,13.454,5.9155,18.584,38.9504,12.3567
ID890_10_R10_W0.01_Ang80,ID890_10_R10_W0.01.csv,80,5.9911,20.1018,35.11,13.905,5.9,18.8085,38.6885,12.4187
ID891_10_R10.0_W0.0367_Ang0,ID891_10_R10.0_W0.0367.csv,0,8.1712,26.8793,14.11,28.667,8.2025,26.6247,14.1404,29.0421
ID891_10_R10.0_W0.0367_Ang20,ID891_10_R10.0_W0.0367.csv,20,7.4232,36.104,12.73,29.777,7.3868,36.3636,12.7663,28.449
ID891_10_R10.0_W0.0367_Ang40,ID891_10_R10.0_W0.0367.csv,40,7.0497,45.9395,11.09,24.291,6.9975,44.3913,11.6535,22.1078
ID891_10_R10.0_W0.0367_Ang60,ID891_10_R10.0_W0.0367.csv,60,7.5176,42.8139,10.47,31.678,7.2216,41.5117,11.7003,25.4868
ID891_10_R10.0_W0.0367_Ang80,ID891_10_R10.0_W0.0367.csv,80,7.173,50.088,9.83,27.175,6.9666,46.496,11.2249,21.4239
ID892_10_R10.0_W0.0633_Ang0,ID892_10_R10.0_W0.0633.csv,0,8.0625,27.1006,14.38,33.658,8.3471,24.8362,14.6382,35.2935
ID892_10_R10.0_W0.0633_Ang20,ID892_10_R10.0_W0.0633.csv,20,7.2678,39.7511,12.06,15.349,7.295,39.1648,12.1534,15.4061
ID892_10_R10.0_W0.0633_Ang40,ID892_10_R10.0_W0.0633.csv,40,7.29,42.6372,11.18,16.485,7.2038,41.0388,11.8938,15.1088
ID892_10_R10.0_W0.0633_Ang60,ID892_10_R10.0_W0.0633.csv,60,7.6831,37.9798,11.3,36.842,7.5231,37.3154,11.9939,24.0184
ID892_10_R10.0_W0.0633_Ang80,ID892_10_R10.0_W0.0633.csv,80,7.3777,50.4047,9.23,25.126,7.1744,43.4812,11.3178,17.51
ID893_10_R10.0_W0.09_Ang0,ID893_10_R10.0_W0.09.csv,0,8.8028,23.1356,14.13,16.028,8.9469,22.4284,14.1089,15.7186
ID893_10_R10.0_W0.09_Ang20,ID893_10_R10.0_W0.09.csv,20,8.2812,28.1001,13.14,13.788,8.3848,27.3592,13.1689,14.0013
ID893_10_R10.0_W0.09_Ang40,ID893_10_R10.0_W0.09.csv,40,8.6632,26.9903,12.5,16.98,8.7011,25.1202,13.3189,15.3252
ID893_10_R10.0_W0.09_Ang60,ID893_10_R10.0_W0.09.csv,60,7.5836,41.5437,10.6,15.097,7.4576,39.2373,11.6076,13.1823
ID893_10_R10.0_W0.09_Ang80,ID893_10_R10.0_W0.09.csv,80,7.8215,40.4486,10.24,17.336,7.6082,38.2861,11.4297,14.7209
ID894_10_R10.0_W0.1167_Ang0,ID894_10_R10.0_W0.1167.csv,0,9.0306,21.1549,14.68,19.093,8.9247,22.0556,14.4188,18.7069
ID894_10_R10.0_W0.1167_Ang20,ID894_10_R10.0_W0.1167.csv,20,9.0452,22.5073,13.76,13.342,8.9374,22.8823,13.8585,13.1215
ID894_10_R10.0_W0.1167_Ang40,ID894_10_R10.0_W0.1167.csv,40,8.3101,29.4914,12.44,16.143,8.1371,29.9583,12.7699,14.6664
ID894_10_R10.0_W0.1167_Ang60,ID894_10_R10.0_W0.1167.csv,60,8.1857,34.7674,10.87,17.0,7.8173,34.4782,12.0221,14.3283
ID894_10_R10.0_W0.1167_Ang80,ID894_10_R10.0_W0.1167.csv,80,8.0658,37.787,10.3,15.436,7.7233,37.1724,11.4239,12.8697
ID895_10_R10.0_W0.1433_Ang0,ID895_10_R10.0_W0.1433.csv,0,9.3549,19.8659,14.57,13.109,9.0819,21.0185,14.6111,12.3641
ID895_10_R10.0_W0.1433_Ang20,ID895_10_R10.0_W0.1433.csv,20,9.3475,20.9843,13.81,11.837,9.3707,20.5382,14.0453,11.2107
ID895_10_R10.0_W0.1433_Ang40,ID895_10_R10.0_W0.1433.csv,40,8.2573,30.9573,12.0,14.35,8.0499,31.0091,12.6058,12.5165
ID895_10_R10.0_W0.1433_Ang60,ID895_10_R10.0_W0.1433.csv,60,8.2743,31.0957,11.9,27.608,8.1007,31.0632,12.4266,17.1252
ID895_10_R10.0_W0.1433_Ang80,ID895_10_R10.0_W0.1433.csv,80,8.5737,34.4763,9.99,13.443,7.788,36.6764,11.3867,10.2333
ID896_10_R10.0_W0.17_Ang0,ID896_10_R10.0_W0.17.csv,0,9.585,18.0134,15.31,13.521,9.4645,18.3308,15.4265,13.5251
ID896_10_R10.0_W0.17_Ang20,ID896_10_R10.0_W0.17.csv,20,9.3586,20.3584,14.21,11.259,9.602,19.4036,14.159,10.8325
ID896_10_R10.0_W0.17_Ang40,ID896_10_R10.0_W0.17.csv,40,9.2749,22.7169,12.96,15.066,9.3157,21.8385,13.3654,12.6645
ID896_10_R10.0_W0.17_Ang60,ID896_10_R10.0_W0.17.csv,60,8.6288,30.9866,10.98,16.075,8.2769,30.261,12.2185,13.1958
ID896_10_R10.0_W0.17_Ang80,ID896_10_R10.0_W0.17.csv,80,8.5677,33.9202,10.17,14.889,8.2879,32.4103,11.3779,11.8252
ID897_10_R10.0_W0.1967_Ang0,ID897_10_R10.0_W0.1967.csv,0,9.8401,17.1332,15.27,12.245,9.5474,18.131,15.3266,12.5044
ID897_10_R10.0_W0.1967_Ang20,ID897_10_R10.0_W0.1967.csv,20,9.5378,19.95,13.96,12.746,9.1945,21.3699,14.0211,12.5423
ID897_10_R10.0_W0.1967_Ang40,ID897_10_R10.0_W0.1967.csv,40,9.0565,23.7711,12.99,15.602,8.8684,24.6203,13.0816,13.899
ID897_10_R10.0_W0.1967_Ang60,ID897_10_R10.0_W0.1967.csv,60,9.0104,28.9349,10.78,13.0,8.4309,29.5661,12.0532,11.4878
ID897_10_R10.0_W0.1967_Ang80,ID897_10_R10.0_W0.1967.csv,80,8.9022,31.1941,10.25,13.122,8.3531,31.3806,11.5686,10.9863
ID898_10_R10.0_W0.2233_Ang0,ID898_10_R10.0_W0.2233.csv,0,10.0575,15.7538,15.9,9.185,10.0991,15.8075,15.7114,8.7083
ID898_10_R10.0_W0.2233_Ang20,ID898_10_R10.0_W0.2233.csv,20,8.8884,23.8853,13.42,9.466,8.9523,23.4552,13.4752,9.3857
ID898_10_R10.0_W0.2233_Ang40,ID898_10_R10.0_W0.2233.csv,40,9.7985,19.5082,13.52,12.086,9.7218,20.9898,12.7686,11.2409
ID898_10_R10.0_W0.2233_Ang60,ID898_10_R10.0_W0.2233.csv,60,9.247,25.7808,11.49,11.936,8.8156,27.2434,11.9639,10.8472
ID898_10_R10.0_W0.2233_Ang80,ID898_10_R10.0_W0.2233.csv,80,9.2585,29.1795,10.13,11.119,8.5402,31.2768,11.104,9.7185
ID899_10_R10.0_W0.25_Ang0,ID899_10_R10.0_W0.25.csv,0,10.2622,15.6282,15.39,11.179,10.2281,15.4424,15.6796,10.8558
ID899_10_R10.0_W0.25_Ang20,ID899_10_R10.0_W0.25.csv,20,10.0689,17.6982,14.12,10.903,9.6925,18.6599,14.4498,10.6363
ID899_10_R10.0_W0.25_Ang40,ID899_10_R10.0_W0.25.csv,40,9.7398,21.5827,12.37,10.664,9.2309,22.8701,12.9983,10.8703
ID899_10_R10.0_W0.25_Ang60,ID899_10_R10.0_W0.25.csv,60,3.5472,1312384.7792,1.0,-188.5,8.9047,27.2779,11.7108,9.7097
ID899_10_R10.0_W0.25_Ang80,ID899_10_R10.0_W0.25.csv,80,9.7578,27.2432,9.77,13.071,9.0809,29.7515,10.3246,10.7644
ID90_1_R10_W0.01_Ang0,ID90_1_R10_W0.01.csv,0,5.6127,7.2641,110.69,2.763,5.6034,7.2579,111.1552,2.7587
ID90_1_R10_W0.01_Ang20,ID90_1_R10_W0.01.csv,20,5.5797,7.5477,107.79,2.968,5.7668,7.0813,107.5628,2.7756
ID90_1_R10_W0.01_Ang40,ID90_1_R10_W0.01.csv,40,5.8492,8.4219,87.91,3.714,5.9696,7.0133,101.3521,2.9291
ID90_1_R10_W0.01_Ang60,ID90_1_R10_W0.01.csv,60,5.9645,9.4926,75.01,4.652,6.1933,6.7028,98.524,3.0295
ID90_1_R10_W0.01_Ang80,ID90_1_R10_W0.01.csv,80,5.9694,10.0069,71.04,5.385,6.2586,6.3941,101.1374,3.0528
ID936_11_R4.0_W0.07_Ang0,ID936_11_R4.0_W0.07.csv,0,16.6241,19.3757,4.73,12.263,16.6155,19.5717,4.688,12.6207
ID936_11_R4.0_W0.07_Ang20,ID936_11_R4.0_W0.07.csv,20,16.5852,19.4675,4.73,12.414,16.5361,19.774,4.6847,12.4515
ID936_11_R4.0_W0.07_Ang40,ID936_11_R4.0_W0.07.csv,40,16.6026,19.6618,4.67,12.705,16.4289,20.4424,4.5908,12.9048
ID936_11_R4.0_W0.07_Ang60,ID936_11_R4.0_W0.07.csv,60,16.6049,20.3937,4.5,12.42,16.3089,21.5726,4.4146,12.498
ID936_11_R4.0_W0.07_Ang80,ID936_11_R4.0_W0.07.csv,80,16.6761,20.1179,4.53,16.856,16.3504,21.3196,4.4443,13.6186
ID937_11_R4.0_W0.08_Ang0,ID937_11_R4.0_W0.08.csv,0,16.7717,19.1166,4.71,11.223,16.8161,18.9698,4.722,11.4164
ID937_11_R4.0_W0.08_Ang20,ID937_11_R4.0_W0.08.csv,20,16.7837,19.0614,4.72,11.462,16.7303,19.3322,4.6812,11.2062
ID937_11_R4.0_W0.08_Ang40,ID937_11_R4.0_W0.08.csv,40,16.8868,19.0312,4.67,11.664,16.6682,19.7098,4.6257,11.65
ID937_11_R4.0_W0.08_Ang60,ID937_11_R4.0_W0.08.csv,60,16.8248,19.5844,4.57,11.67,16.5492,20.791,4.4485,11.805
ID937_11_R4.0_W0.08_Ang80,ID937_11_R4.0_W0.08.csv,80,16.8553,19.6983,4.53,12.766,16.4965,21.0616,4.4194,11.8664
ID938_11_R4.0_W0.09_Ang0,ID938_11_R4.0_W0.09.csv,0,17.0433,18.1086,4.82,10.78,17.0527,18.1238,4.8062,10.776
ID938_11_R4.0_W0.09_Ang20,ID938_11_R4.0_W0.09.csv,20,17.0493,18.2386,4.78,10.619,17.0183,18.4621,4.7372,10.6876
ID938_11_R4.0_W0.09_Ang40,ID938_11_R4.0_W0.09.csv,40,17.0452,18.4727,4.72,10.614,16.9086,19.0779,4.644,10.8959
ID938_11_R4.0_W0.09_Ang60,ID938_11_R4.0_W0.09.csv,60,17.0429,18.8702,4.62,11.224,16.7432,20.0888,4.4979,11.2669
ID938_11_R4.0_W0.09_Ang80,ID938_11_R4.0_W0.09.csv,80,16.9781,19.2977,4.55,10.685,16.6257,20.7749,4.4111,11.1033
ID939_11_R4.0_W0.1_Ang0,ID939_11_R4.0_W0.1.csv,0,17.3111,17.3446,4.87,9.941,17.3064,17.4593,4.8439,10.0127
ID939_11_R4.0_W0.1_Ang20,ID939_11_R4.0_W0.1.csv,20,17.2601,17.3851,4.89,9.96,17.2202,17.7296,4.818,9.9336
ID939_11_R4.0_W0.1_Ang40,ID939_11_R4.0_W0.1.csv,40,17.3018,17.5743,4.81,10.072,17.1601,18.3222,4.6949,10.2654
ID939_11_R4.0_W0.1_Ang60,ID939_11_R4.0_W0.1.csv,60,17.2325,18.1831,4.69,9.638,16.9088,19.4381,4.5579,9.9823
ID939_11_R4.0_W0.1_Ang80,ID939_11_R4.0_W0.1.csv,80,17.2909,18.2325,4.65,11.062,16.9551,19.6455,4.4851,10.5159
ID940_11_R5.0_W0.01_Ang0,ID940_11_R5.0_W0.01.csv,0,19.1444,56.3775,1.23,66.799,19.0815,56.0222,1.2418,66.9474
ID940_11_R5.0_W0.01_Ang20,ID940_11_R5.0_W0.01.csv,20,19.0129,61.2431,1.14,67.949,18.9532,62.5998,1.1264,68.8617
ID940_11_R5.0_W0.01_Ang40,ID940_11_R5.0_W0.01.csv,40,19.1004,59.1227,1.17,70.883,19.0044,62.3452,1.1249,74.7543
ID940_11_R5.0_W0.01_Ang60,ID940_11_R5.0_W0.01.csv,60,18.9794,66.2221,1.06,74.085,18.8367,72.1427,1.0,78.4825
ID940_11_R5.0_W0.01_Ang80,ID940_11_R5.0_W0.01.csv,80,19.0866,66.2164,1.05,75.084,18.8418,71.4619,1.0,79.8533
ID941_11_R5.0_W0.0228_Ang0,ID941_11_R5.0_W0.0228.csv,0,19.4337,48.6318,1.38,45.855,19.4937,47.6036,1.4003,46.0131
ID941_11_R5.0_W0.0228_Ang20,ID941_11_R5.0_W0.0228.csv,20,19.2797,54.9624,1.24,48.413,19.2756,55.7453,1.223,48.6291
ID941_11_R5.0_W0.0228_Ang40,ID941_11_R5.0_W0.0228.csv,40,19.2839,57.2176,1.19,48.864,19.1355,60.1225,1.1506,51.0276
ID941_11_R5.0_W0.0228_Ang60,ID941_11_R5.0_W0.0228.csv,60,19.2614,59.2464,1.15,51.518,18.9961,64.3868,1.0902,54.6777
ID941_11_R5.0_W0.0228_Ang80,ID941_11_R5.0_W0.0228.csv,80,19.3874,60.7678,1.11,53.632,19.1008,67.6057,1.027,58.0649
ID942_11_R5.0_W0.0356_Ang0,ID942_11_R5.0_W0.0356.csv,0,19.495,49.614,1.34,37.479,19.4767,49.5783,1.3468,37.3227
ID942_11_R5.0_W0.0356_Ang20,ID942_11_R5.0_W0.0356.csv,20,19.5392,49.831,1.33,38.079,19.5358,50.2873,1.3198,38.2905
ID942_11_R5.0_W0.0356_Ang40,ID942_11_R5.0_W0.0356.csv,40,19.4687,52.204,1.28,38.82,19.3916,55.4321,1.2152,40.2992
ID942_11_R5.0_W0.0356_Ang60,ID942_11_R5.0_W0.0356.csv,60,19.4476,55.3137,1.21,41.481,19.2134,61.1002,1.123,43.6468
ID942_11_R5.0_W0.0356_Ang80,ID942_11_R5.0_W0.0356.csv,80,19.5538,56.3286,1.18,41.09,19.3377,61.8072,1.096,47.292
ID946_11_R5.0_W0.0867_Ang0,ID946_11_R5.0_W0.0867.csv,0,13.3374,23.9659,5.94,12.546,13.2929,23.936,5.9889,12.6849
ID946_11_R5.0_W0.0867_Ang20,ID946_11_R5.0_W0.0867.csv,20,13.3486,24.049,5.91,12.806,13.2405,24.1968,5.9714,12.9073
ID946_11_R5.0_W0.0867_Ang40,ID946_11_R5.0_W0.0867.csv,40,13.3933,24.1964,5.84,13.061,13.2153,25.1579,5.7651,13.2265
ID946_11_R5.0_W0.0867_Ang60,ID946_11_R5.0_W0.0867.csv,60,13.3664,24.107,5.88,14.601,13.2936,25.716,5.5738,14.0919
ID946_11_R5.0_W0.0867_Ang80,ID946_11_R5.0_W0.0867.csv,80,13.3944,23.7415,5.95,14.555,13.2747,25.9386,5.5417,14.1522
ID947_11_R5.0_W0.0994_Ang0,ID947_11_R5.0_W0.0994.csv,0,13.5307,23.1031,5.99,11.356,13.6553,22.7063,5.9826,11.6029
ID947_11_R5.0_W0.0994_Ang20,ID947_11_R5.0_W0.0994.csv,20,13.517,23.1773,5.98,11.546,13.5819,22.9391,5.9861,11.8289
ID947_11_R5.0_W0.0994_Ang40,ID947_11_R5.0_W0.0994.csv,40,13.4902,23.4425,5.94,11.78,13.4817,23.879,5.8363,12.2395
ID947_11_R5.0_W0.0994_Ang60,ID947_11_R5.0_W0.0994.csv,60,13.4854,23.7191,5.87,11.654,13.4047,24.7641,5.6925,12.0709
ID947_11_R5.0_W0.0994_Ang80,ID947_11_R5.0_W0.0994.csv,80,13.4633,23.1691,6.03,13.595,13.3461,26.0112,5.4673,11.8575
ID948_11_R5.0_W0.1122_Ang0,ID948_11_R5.0_W0.1122.csv,0,13.6731,22.1948,6.1,10.552,13.7111,21.8945,6.154,10.6596
ID948_11_R5.0_W0.1122_Ang20,ID948_11_R5.0_W0.1122.csv,20,13.629,22.3335,6.11,10.696,13.7199,22.0371,6.1064,11.073
ID948_11_R5.0_W0.1122_Ang40,ID948_11_R5.0_W0.1122.csv,40,13.661,22.6476,5.99,10.801,13.6887,22.8861,5.9067,11.243
ID948_11_R5.0_W0.1122_Ang60,ID948_11_R5.0_W0.1122.csv,60,13.6552,22.3099,6.09,12.163,13.6461,23.884,5.6953,11.9276
ID948_11_R5.0_W0.1122_Ang80,ID948_11_R5.0_W0.1122.csv,80,13.7309,21.5185,6.24,13.902,13.5859,24.5222,5.5964,11.9034
ID949_11_R5.0_W0.125_Ang0,ID949_11_R5.0_W0.125.csv,0,13.8547,21.3449,6.18,10.003,13.9017,21.3669,6.1343,10.4222
ID949_11_R5.0_W0.125_Ang20,ID949_11_R5.0_W0.125.csv,20,13.8654,21.4415,6.14,10.075,13.8907,21.5253,6.0988,10.1388
ID949_11_R5.0_W0.125_Ang40,ID949_11_R5.0_W0.125.csv,40,13.8949,21.5855,6.08,10.134,13.7945,22.3696,5.9507,10.5357
ID949_11_R5.0_W0.125_Ang60,ID949_11_R5.0_W0.125.csv,60,13.9229,21.8343,5.98,10.291,13.7416,23.3494,5.745,10.576
ID949_11_R5.0_W0.125_Ang80,ID949_11_R5.0_W0.125.csv,80,13.946,57.0473,2.28,-10.874,13.7022,24.074,5.6041,11.2338
ID950_11_R6.0_W0.01_Ang0,ID950_11_R6.0_W0.01.csv,0,15.494,58.1476,1.81,66.36,15.4841,56.3433,1.8751,65.1208
ID950_11_R6.0_W0.01_Ang20,ID950_11_R6.0_W0.01.csv,20,15.3556,58.1175,1.85,66.174,15.271,56.6218,1.9183,64.3812
ID950_11_R6.0_W0.01_Ang40,ID950_11_R6.0_W0.01.csv,40,15.4168,58.9368,1.81,66.573,15.2039,60.6772,1.806,67.7373
ID950_11_R6.0_W0.01_Ang60,ID950_11_R6.0_W0.01.csv,60,15.3401,70.1393,1.53,74.108,15.1285,74.0931,1.4937,75.2523
ID950_11_R6.0_W0.01_Ang80,ID950_11_R6.0_W0.01.csv,80,15.7624,79.5265,1.28,81.303,15.5776,85.0009,1.2281,84.2087
ID951_11_R6.0_W0.0256_Ang0,ID951_11_R6.0_W0.0256.csv,0,15.6845,49.8488,2.07,45.637,15.6616,50.9103,2.0284,45.7983
ID951_11_R6.0_W0.0256_Ang20,ID951_11_R6.0_W0.0256.csv,20,15.5582,48.5089,2.16,48.464,15.5074,51.0464,2.0635,48.966
ID951_11_R6.0_W0.0256_Ang40,ID951_11_R6.0_W0.0256.csv,40,15.4336,50.7457,2.1,45.086,15.4126,55.3614,1.9261,46.109
ID951_11_R6.0_W0.0256_Ang60,ID951_11_R6.0_W0.0256.csv,60,15.578,59.3047,1.76,48.899,15.3069,63.6532,1.6984,48.9069
ID951_11_R6.0_W0.0256_Ang80,ID951_11_R6.0_W0.0256.csv,80,16.001,66.1382,1.5,52.389,15.6568,73.1707,1.4122,54.9291
ID952_11_R6.0_W0.0411_Ang0,ID952_11_R6.0_W0.0411.csv,0,15.9355,44.6698,2.23,51.406,16.0058,44.8532,2.2044,53.2914
ID952_11_R6.0_W0.0411_Ang20,ID952_11_R6.0_W0.0411.csv,20,15.5865,47.0673,2.22,34.566,15.559,46.2474,2.2625,34.4345
ID952_11_R6.0_W0.0411_Ang40,ID952_11_R6.0_W0.0411.csv,40,15.5033,39.6551,2.66,69.472,15.5981,47.4524,2.194,62.5259
ID952_11_R6.0_W0.0411_Ang60,ID952_11_R6.0_W0.0411.csv,60,15.8836,59.299,1.69,43.798,15.6872,65.0564,1.5822,44.2564
ID952_11_R6.0_W0.0411_Ang80,ID952_11_R6.0_W0.0411.csv,80,16.1315,62.1912,1.57,42.33,15.7392,68.1776,1.4998,44.9415
ID953_11_R6.0_W0.0567_Ang0,ID953_11_R6.0_W0.0567.csv,0,15.8954,44.0914,2.27,29.357,16.1672,45.4503,2.1322,31.6357
ID953_11_R6.0_W0.0567_Ang20,ID953_11_R6.0_W0.0567.csv,20,15.6675,40.1353,2.57,43.727,15.639,42.3104,2.4478,43.052
ID953_11_R6.0_W0.0567_Ang40,ID953_11_R6.0_W0.0567.csv,40,15.9338,48.9598,2.04,30.233,15.861,54.3733,1.8518,31.9414
ID953_11_R6.0_W0.0567_Ang60,ID953_11_R6.0_W0.0567.csv,60,16.1113,56.592,1.72,32.851,15.8487,63.0668,1.599,35.1962
ID953_11_R6.0_W0.0567_Ang80,ID953_11_R6.0_W0.0567.csv,80,16.4071,65.5177,1.44,35.092,16.0159,75.2763,1.3118,38.3918
ID954_11_R6.0_W0.0722_Ang0,ID954_11_R6.0_W0.0722.csv,0,16.0618,39.1485,2.51,43.424,16.013,37.577,2.6289,43.5318
ID954_11_R6.0_W0.0722_Ang20,ID954_11_R6.0_W0.0722.csv,20,16.119,41.2827,2.36,47.668,15.9601,41.2474,2.4109,45.536
ID954_11_R6.0_W0.0722_Ang40,ID954_11_R6.0_W0.0722.csv,40,16.0159,46.2217,2.14,41.443,15.7427,47.1327,2.1685,40.7943
ID954_11_R6.0_W0.0722_Ang60,ID954_11_R6.0_W0.0722.csv,60,16.0265,51.4253,1.92,28.462,15.7607,57.0968,1.786,29.8273
ID954_11_R6.0_W0.0722_Ang80,ID954_11_R6.0_W0.0722.csv,80,16.4539,60.4975,1.55,31.211,16.0981,69.3497,1.4094,33.9063
ID955_11_R6.0_W0.0878_Ang0,ID955_11_R6.0_W0.0878.csv,0,16.0393,39.74,2.48,27.784,16.1553,38.4178,2.5262,28.7151
ID955_11_R6.0_W0.0878_Ang20,ID955_11_R6.0_W0.0878.csv,20,15.2422,36.1254,3.02,33.889,15.2662,37.2257,2.9197,32.6021
ID955_11_R6.0_W0.0878_Ang40,ID955_11_R6.0_W0.0878.csv,40,15.1493,37.4188,2.95,31.71,15.26,41.967,2.5919,29.3812
ID955_11_R6.0_W0.0878_Ang60,ID955_11_R6.0_W0.0878.csv,60,15.1464,41.6814,2.65,31.512,14.7843,44.5815,2.5995,30.5209
ID955_11_R6.0_W0.0878_Ang80,ID955_11_R6.0_W0.0878.csv,80,16.4571,55.8418,1.67,26.794,15.9738,66.217,1.4992,28.4123
ID956_11_R6.0_W0.1033_Ang0,ID956_11_R6.0_W0.1033.csv,0,11.4278,27.5873,7.03,12.146,11.3622,28.1928,6.9595,12.1865
ID956_11_R6.0_W0.1033_Ang20,ID956_11_R6.0_W0.1033.csv,20,11.2927,28.7099,6.92,12.196,11.1529,29.6529,6.8675,12.1129
ID956_11_R6.0_W0.1033_Ang40,ID956_11_R6.0_W0.1033.csv,40,11.0772,31.2689,6.6,11.136,11.0053,32.2362,6.4878,11.4208
ID956_11_R6.0_W0.1033_Ang60,ID956_11_R6.0_W0.1033.csv,60,11.1402,30.7837,6.63,11.762,10.9097,33.0997,6.4297,11.6752
ID956_11_R6.0_W0.1033_Ang80,ID956_11_R6.0_W0.1033.csv,80,11.1531,31.4526,6.47,11.739,10.842,34.9303,6.169,11.7253
ID957_11_R6.0_W0.1189_Ang0,ID957_11_R6.0_W0.1189.csv,0,11.4662,26.9625,7.15,11.88,11.5534,26.4552,7.1732,12.1045
ID957_11_R6.0_W0.1189_Ang20,ID957_11_R6.0_W0.1189.csv,20,11.5683,26.5427,7.13,11.654,11.5012,27.1059,7.0646,11.61
ID957_11_R6.0_W0.1189_Ang40,ID957_11_R6.0_W0.1189.csv,40,11.3718,28.2914,6.92,11.31,11.3007,29.2491,6.7813,11.7491
ID957_11_R6.0_W0.1189_Ang60,ID957_11_R6.0_W0.1189.csv,60,11.3098,29.7592,6.65,11.328,11.074,32.3432,6.3862,10.906
ID957_11_R6.0_W0.1189_Ang80,ID957_11_R6.0_W0.1189.csv,80,11.4145,28.8736,6.73,12.683,11.135,31.0481,6.58,12.8714
ID958_11_R6.0_W0.1344_Ang0,ID958_11_R6.0_W0.1344.csv,0,11.512,26.3278,7.26,10.926,11.6114,25.9485,7.2403,11.265
ID958_11_R6.0_W0.1344_Ang20,ID958_11_R6.0_W0.1344.csv,20,11.6572,25.8671,7.21,10.327,11.6714,26.0829,7.1292,10.9061
ID958_11_R6.0_W0.1344_Ang40,ID958_11_R6.0_W0.1344.csv,40,11.5849,26.8738,7.02,10.94,11.516,27.5614,6.93,11.643
ID958_11_R6.0_W0.1344_Ang60,ID958_11_R6.0_W0.1344.csv,60,11.3914,28.7482,6.79,9.803,11.1669,31.2868,6.4925,9.9269
ID958_11_R6.0_W0.1344_Ang80,ID958_11_R6.0_W0.1344.csv,80,11.4857,28.063,6.84,10.893,11.2139,30.3772,6.631,10.8713
ID959_11_R6.0_W0.15_Ang0,ID959_11_R6.0_W0.15.csv,0,11.6787,25.2613,7.35,9.856,11.7502,25.0488,7.3242,9.6732
ID959_11_R6.0_W0.15_Ang20,ID959_11_R6.0_W0.15.csv,20,11.7494,25.2058,7.28,10.363,11.803,25.69,7.0777,10.0213
ID959_11_R6.0_W0.15_Ang40,ID959_11_R6.0_W0.15.csv,40,11.7615,25.312,7.23,10.931,11.71,26.403,6.9964,10.9845
ID959_11_R6.0_W0.15_Ang60,ID959_11_R6.0_W0.15.csv,60,11.6684,26.7247,6.96,9.221,11.3652,29.2442,6.7057,9.2117
ID959_11_R6.0_W0.15_Ang80,ID959_11_R6.0_W0.15.csv,80,11.6303,27.0479,6.92,10.063,11.3819,29.4795,6.6327,9.7639
ID960_11_R7.0_W0.01_Ang0,ID960_11_R7.0_W0.01.csv,0,12.8743,60.8328,2.51,81.232,12.8989,58.2556,2.6134,79.4275
ID960_11_R7.0_W0.01_Ang20,ID960_11_R7.0_W0.01.csv,20,12.706,64.6116,2.43,65.917,12.8328,63.3505,2.428,65.888
ID960_11_R7.0_W0.01_Ang40,ID960_11_R7.0_W0.01.csv,40,12.7851,62.9276,2.46,77.277,12.8572,66.3031,2.3111,76.024
ID960_11_R7.0_W0.01_Ang60,ID960_11_R7.0_W0.01.csv,60,13.048,60.9788,2.44,103.988,12.9712,76.4711,1.9687,89.8971
ID960_11_R7.0_W0.01_Ang80,ID960_11_R7.0_W0.01.csv,80,13.0337,71.3177,2.09,78.4,12.969,82.5118,1.8252,79.3173
ID964_11_R7.0_W0.0833_Ang0,ID964_11_R7.0_W0.0833.csv,0,12.824,43.0377,3.58,25.257,12.9027,43.9731,3.4601,25.6633
ID964_11_R7.0_W0.0833_Ang20,ID964_11_R7.0_W0.0833.csv,20,13.0758,42.34,3.5,35.032,13.0066,43.6731,3.4285,33.6067
ID964_11_R7.0_W0.0833_Ang40,ID964_11_R7.0_W0.0833.csv,40,12.9537,45.0146,3.35,25.114,12.8574,48.6838,3.1474,25.0177
ID964_11_R7.0_W0.0833_Ang60,ID964_11_R7.0_W0.0833.csv,60,13.0538,47.6605,3.12,27.671,12.9477,54.5806,2.7683,27.0262
ID964_11_R7.0_W0.0833_Ang80,ID964_11_R7.0_W0.0833.csv,80,13.0847,56.1556,2.63,33.481,12.9241,59.8919,2.5321,28.8955
ID966_11_R7.0_W0.12_Ang0,ID966_11_R7.0_W0.12.csv,0,9.8611,32.146,8.1,13.692,9.8047,32.1812,8.1878,13.7045
ID966_11_R7.0_W0.12_Ang20,ID966_11_R7.0_W0.12.csv,20,9.7988,32.6286,8.09,12.753,9.7262,33.141,8.0796,12.9224
ID966_11_R7.0_W0.12_Ang40,ID966_11_R7.0_W0.12.csv,40,9.7738,32.7172,8.1,12.534,9.6401,34.5212,7.8957,12.6932
ID966_11_R7.0_W0.12_Ang60,ID966_11_R7.0_W0.12.csv,60,9.7879,33.4512,7.9,12.988,9.6222,35.6538,7.6733,13.4632
ID966_11_R7.0_W0.12_Ang80,ID966_11_R7.0_W0.12.csv,80,9.8218,33.5712,7.82,13.136,9.7203,36.2458,7.3964,12.7616
ID967_11_R7.0_W0.1383_Ang0,ID967_11_R7.0_W0.1383.csv,0,9.928,31.0411,8.28,11.558,9.9406,30.953,8.2816,11.4344
ID967_11_R7.0_W0.1383_Ang20,ID967_11_R7.0_W0.1383.csv,20,9.9622,31.1751,8.19,11.762,9.9935,31.3286,8.0958,11.8054
ID967_11_R7.0_W0.1383_Ang40,ID967_11_R7.0_W0.1383.csv,40,9.9368,31.0236,8.27,13.157,9.7865,32.7191,8.0833,12.0675
ID967_11_R7.0_W0.1383_Ang60,ID967_11_R7.0_W0.1383.csv,60,9.9992,31.2381,8.11,12.258,9.8142,33.9509,7.7461,11.8306
ID967_11_R7.0_W0.1383_Ang80,ID967_11_R7.0_W0.1383.csv,80,10.0113,31.8671,7.93,12.104,9.8094,34.8545,7.5526,12.2464
ID968_11_R7.0_W0.1567_Ang0,ID968_11_R7.0_W0.1567.csv,0,10.0518,30.1788,8.31,10.52,10.022,30.1623,8.3612,11.1197
ID968_11_R7.0_W0.1567_Ang20,ID968_11_R7.0_W0.1567.csv,20,10.072,30.0124,8.32,12.231,10.0177,30.4493,8.2894,12.3488
ID968_11_R7.0_W0.1567_Ang40,ID968_11_R7.0_W0.1567.csv,40,10.0041,30.8828,8.2,10.959,9.8974,31.6467,8.1708,11.1712
ID968_11_R7.0_W0.1567_Ang60,ID968_11_R7.0_W0.1567.csv,60,10.0284,31.0422,8.11,11.131,9.8705,33.1299,7.8477,11.4416
ID968_11_R7.0_W0.1567_Ang80,ID968_11_R7.0_W0.1567.csv,80,10.0046,31.2266,8.1,10.848,9.8169,33.8636,7.7618,11.1649
ID969_11_R7.0_W0.175_Ang0,ID969_11_R7.0_W0.175.csv,0,10.2141,28.8559,8.41,10.227,10.2261,28.5178,8.4939,10.7942
ID969_11_R7.0_W0.175_Ang20,ID969_11_R7.0_W0.175.csv,20,10.1896,29.2852,8.33,10.363,10.219,28.9945,8.3657,10.7763
ID969_11_R7.0_W0.175_Ang40,ID969_11_R7.0_W0.175.csv,40,10.1499,29.1722,8.43,10.842,10.0862,30.4401,8.1797,11.3084
ID969_11_R7.0_W0.175_Ang60,ID969_11_R7.0_W0.175.csv,60,10.1723,29.528,8.29,10.23,10.0275,31.9872,7.8755,11.0277
ID969_11_R7.0_W0.175_Ang80,ID969_11_R7.0_W0.175.csv,80,10.2177,30.3574,7.99,11.426,9.9786,33.0519,7.6966,11.3405
ID970_11_R8.0_W0.01_Ang0,ID970_11_R8.0_W0.01.csv,0,11.424,65.302,2.97,104.842,11.4032,60.1241,3.2399,101.8207
ID970_11_R8.0_W0.01_Ang20,ID970_11_R8.0_W0.01.csv,20,11.3692,71.4779,2.74,74.903,11.3723,70.1108,2.7936,74.1019
ID970_11_R8.0_W0.01_Ang40,ID970_11_R8.0_W0.01.csv,40,11.4079,71.3029,2.73,86.081,11.4269,76.9682,2.5204,85.6012
ID970_11_R8.0_W0.01_Ang60,ID970_11_R8.0_W0.01.csv,60,11.3602,66.9375,2.93,101.784,11.329,83.9855,2.3499,90.7681
ID970_11_R8.0_W0.01_Ang80,ID970_11_R8.0_W0.01.csv,80,11.5945,94.9371,1.98,103.552,11.3466,93.229,2.1104,99.7645
ID971_11_R8.0_W0.0311_Ang0,ID971_11_R8.0_W0.0311.csv,0,11.5841,59.3566,3.18,56.396,11.6719,62.0427,2.9968,57.345
ID971_11_R8.0_W0.0311_Ang20,ID971_11_R8.0_W0.0311.csv,20,11.57,62.0841,3.05,47.789,11.6687,64.7009,2.8753,48.152
ID971_11_R8.0_W0.0311_Ang40,ID971_11_R8.0_W0.0311.csv,40,11.5208,63.112,3.02,49.593,11.5184,70.861,2.6943,49.0862
ID971_11_R8.0_W0.0311_Ang60,ID971_11_R8.0_W0.0311.csv,60,11.619,67.7067,2.77,48.313,11.4616,79.6749,2.4201,50.3238
ID971_11_R8.0_W0.0311_Ang80,ID971_11_R8.0_W0.0311.csv,80,11.7191,77.6466,2.38,55.581,11.5642,88.7698,2.1337,54.8749
ID972_11_R8.0_W0.0522_Ang0,ID972_11_R8.0_W0.0522.csv,0,11.5043,55.1752,3.47,37.39,11.4549,56.0365,3.445,39.3128
ID972_11_R8.0_W0.0522_Ang20,ID972_11_R8.0_W0.0522.csv,20,11.4492,56.2918,3.43,33.876,11.4678,59.3512,3.2453,35.765
ID972_11_R8.0_W0.0522_Ang40,ID972_11_R8.0_W0.0522.csv,40,11.4937,57.1508,3.36,44.506,11.6118,64.5035,2.9125,45.7583
ID972_11_R8.0_W0.0522_Ang60,ID972_11_R8.0_W0.0522.csv,60,11.5283,33.4049,5.71,85.38,11.5482,70.1875,2.7061,55.6104
ID972_11_R8.0_W0.0522_Ang80,ID972_11_R8.0_W0.0522.csv,80,11.7276,68.167,2.7,37.864,11.5118,79.5087,2.404,40.7338
ID973_11_R8.0_W0.0733_Ang0,ID973_11_R8.0_W0.0733.csv,0,11.5462,50.437,3.77,42.115,11.6298,51.1944,3.6582,42.4574
ID973_11_R8.0_W0.0733_Ang20,ID973_11_R8.0_W0.0733.csv,20,11.547,53.9856,3.52,29.21,11.6104,55.6831,3.3746,31.2752
ID973_11_R8.0_W0.0733_Ang40,ID973_11_R8.0_W0.0733.csv,40,11.54,53.9616,3.52,38.08,11.661,60.1688,3.096,36.2705
ID973_11_R8.0_W0.0733_Ang60,ID973_11_R8.0_W0.0733.csv,60,11.5615,58.1249,3.26,41.021,11.4496,66.9581,2.8857,35.818
ID973_11_R8.0_W0.0733_Ang80,ID973_11_R8.0_W0.0733.csv,80,11.5307,66.8419,2.85,38.488,11.3674,72.1069,2.7186,35.5595
ID974_11_R8.0_W0.0944_Ang0,ID974_11_R8.0_W0.0944.csv,0,11.5622,47.1489,4.02,33.998,11.6851,49.6094,3.7395,35.0951
ID974_11_R8.0_W0.0944_Ang20,ID974_11_R8.0_W0.0944.csv,20,11.5682,49.9725,3.79,25.469,11.649,53.1741,3.5104,25.7095
ID974_11_R8.0_W0.0944_Ang40,ID974_11_R8.0_W0.0944.csv,40,11.4761,45.2408,4.25,53.199,11.5805,54.0272,3.496,46.0221
ID974_11_R8.0_W0.0944_Ang60,ID974_11_R8.0_W0.0944.csv,60,11.717,49.2255,3.75,39.788,11.6621,66.5664,2.7979,31.9145
ID974_11_R8.0_W0.0944_Ang80,ID974_11_R8.0_W0.0944.csv,80,11.6818,60.244,3.08,29.547,11.5383,71.9421,2.6447,28.2626
ID975_11_R8.0_W0.1156_Ang0,ID975_11_R8.0_W0.1156.csv,0,11.5974,46.6484,4.04,28.668,11.5895,46.6898,4.0391,28.0181
ID975_11_R8.0_W0.1156_Ang20,ID975_11_R8.0_W0.1156.csv,20,11.5415,47.9448,3.97,24.7,11.5399,48.2855,3.9393,25.5831
ID975_11_R8.0_W0.1156_Ang40,ID975_11_R8.0_W0.1156.csv,40,11.5715,49.9479,3.79,22.821,11.6669,55.6914,3.3415,22.7746
ID975_11_R8.0_W0.1156_Ang60,ID975_11_R8.0_W0.1156.csv,60,11.6363,54.8524,3.41,31.366,11.4218,60.3117,3.2194,30.1244
ID975_11_R8.0_W0.1156_Ang80,ID975_11_R8.0_W0.1156.csv,80,11.5879,56.3475,3.35,24.396,11.3967,65.5746,2.974,24.5145
ID986_11_R9.0_W0.1533_Ang0,ID986_11_R9.0_W0.1533.csv,0,7.6913,41.5834,10.3,12.404,7.6956,41.4542,10.3179,13.0574
ID986_11_R9.0_W0.1533_Ang20,ID986_11_R9.0_W0.1533.csv,20,7.6429,42.122,10.29,11.847,7.5851,41.7772,10.5386,12.4595
ID986_11_R9.0_W0.1533_Ang40,ID986_11_R9.0_W0.1533.csv,40,7.6714,41.2293,10.44,13.699,7.6239,43.1656,10.0959,14.4863
ID986_11_R9.0_W0.1533_Ang60,ID986_11_R9.0_W0.1533.csv,60,7.7416,43.3408,9.75,12.462,7.5435,47.2631,9.4183,12.2015
ID986_11_R9.0_W0.1533_Ang80,ID986_11_R9.0_W0.1533.csv,80,7.5539,44.6246,9.95,15.087,7.381,47.5278,9.7829,13.7767
ID987_11_R9.0_W0.1772_Ang0,ID987_11_R9.0_W0.1772.csv,0,7.8058,40.6017,10.24,11.863,7.8304,40.5333,10.192,12.2514
ID987_11_R9.0_W0.1772_Ang20,ID987_11_R9.0_W0.1772.csv,20,7.6971,40.4819,10.56,12.835,7.7666,39.7624,10.5611,12.9247
ID987_11_R9.0_W0.1772_Ang40,ID987_11_R9.0_W0.1772.csv,40,7.7052,40.6296,10.5,13.527,7.757,41.5706,10.1268,12.9425
ID987_11_R9.0_W0.1772_Ang60,ID987_11_R9.0_W0.1772.csv,60,7.7148,42.4071,10.04,11.182,7.6195,45.8436,9.5171,11.2968
ID987_11_R9.0_W0.1772_Ang80,ID987_11_R9.0_W0.1772.csv,80,7.6433,42.8392,10.12,11.312,7.4492,47.4556,9.619,11.2223
ID988_11_R9.0_W0.2011_Ang0,ID988_11_R9.0_W0.2011.csv,0,7.8674,38.5874,10.61,11.518,8.0586,37.2613,10.4679,12.3698
ID988_11_R9.0_W0.2011_Ang20,ID988_11_R9.0_W0.2011.csv,20,7.8267,38.4382,10.76,12.509,7.8181,38.4296,10.7838,12.5637
ID988_11_R9.0_W0.2011_Ang40,ID988_11_R9.0_W0.2011.csv,40,7.8603,38.3514,10.69,11.194,7.8276,40.0333,10.3267,12.0168
ID988_11_R9.0_W0.2011_Ang60,ID988_11_R9.0_W0.2011.csv,60,7.9234,39.998,10.09,11.994,7.7566,43.5353,9.6705,11.59
ID988_11_R9.0_W0.2011_Ang80,ID988_11_R9.0_W0.2011.csv,80,7.6492,42.078,10.29,9.985,7.4371,45.9638,9.9635,10.179
ID989_11_R9.0_W0.225_Ang0,ID989_11_R9.0_W0.225.csv,0,7.9884,37.9874,10.45,10.805,8.0663,36.2467,10.7404,12.5434
ID989_11_R9.0_W0.225_Ang20,ID989_11_R9.0_W0.225.csv,20,7.8996,37.4254,10.85,11.833,8.009,36.2395,10.8969,12.6169
ID989_11_R9.0_W0.225_Ang40,ID989_11_R9.0_W0.225.csv,40,7.9155,37.6013,10.75,12.044,7.9151,38.4619,10.5122,12.0538
ID989_11_R9.0_W0.225_Ang60,ID989_11_R9.0_W0.225.csv,60,8.0163,38.6323,10.2,10.251,7.8765,42.1424,9.6885,10.8289
ID989_11_R9.0_W0.225_Ang80,ID989_11_R9.0_W0.225.csv,80,7.8327,39.7945,10.38,9.918,7.624,43.887,9.9298,10.9767
ID996_11_R10.0_W0.17_Ang0,ID996_11_R10.0_W0.17.csv,0,6.7623,47.0865,11.76,12.681,6.7238,48.2409,11.6142,12.7408
ID996_11_R10.0_W0.17_Ang20,ID996_11_R10.0_W0.17.csv,20,6.9323,47.9743,10.99,13.855,6.8027,48.5065,11.2843,13.5222
ID996_11_R10.0_W0.17_Ang40,ID996_11_R10.0_W0.17.csv,40,6.7011,51.1301,11.03,10.636,6.6574,53.0804,10.7672,10.9921
ID996_11_R10.0_W0.17_Ang60,ID996_11_R10.0_W0.17.csv,60,6.8349,49.5607,10.94,12.168,6.6825,53.5401,10.5945,11.9049
ID996_11_R10.0_W0.17_Ang80,ID996_11_R10.0_W0.17.csv,80,6.9456,48.6982,10.78,13.33,6.7487,53.0148,10.4908,12.2173
ID997_11_R10.0_W0.1967_Ang0,ID997_11_R10.0_W0.1967.csv,0,6.7966,46.2005,11.87,11.487,6.7757,46.862,11.7738,11.4754
ID997_11_R10.0_W0.1967_Ang20,ID997_11_R10.0_W0.1967.csv,20,6.9173,45.2889,11.69,14.453,6.9163,45.2858,11.6933,14.4285
ID997_11_R10.0_W0.1967_Ang40,ID997_11_R10.0_W0.1967.csv,40,6.8631,48.5609,11.07,9.862,6.8087,50.6709,10.7833,10.0929
ID997_11_R10.0_W0.1967_Ang60,ID997_11_R10.0_W0.1967.csv,60,6.8541,48.214,11.18,10.636,6.7151,52.1092,10.7801,10.3289
ID997_11_R10.0_W0.1967_Ang80,ID997_11_R10.0_W0.1967.csv,80,6.8459,49.6826,10.88,10.386,6.7122,55.0127,10.2198,10.464
ID998_11_R10.0_W0.2233_Ang0,ID998_11_R10.0_W0.2233.csv,0,6.8723,44.7069,12.0,10.249,6.9115,44.6478,11.8766,10.3388
ID998_11_R10.0_W0.2233_Ang20,ID998_11_R10.0_W0.2233.csv,20,7.0797,41.1541,12.28,14.254,7.088,42.5626,11.8456,14.8357
ID998_11_R10.0_W0.2233_Ang40,ID998_11_R10.0_W0.2233.csv,40,6.9994,45.0168,11.49,10.511,6.9909,47.1639,10.9893,10.379
ID998_11_R10.0_W0.2233_Ang60,ID998_11_R10.0_W0.2233.csv,60,7.217,42.1077,11.55,11.24,7.0844,46.1417,10.938,10.9726
ID998_11_R10.0_W0.2233_Ang80,ID998_11_R10.0_W0.2233.csv,80,7.0794,45.4266,11.13,10.232,6.8938,50.7206,10.5083,10.1174
ID999_11_R10.0_W0.25_Ang0,ID999_11_R10.0_W0.25.csv,0,7.0098,42.5599,12.11,10.667,7.0242,42.2224,12.1593,10.1393
ID999_11_R10.0_W0.25_Ang20,ID999_11_R10.0_W0.25.csv,20,7.1169,42.7724,11.69,10.923,7.0979,43.5393,11.5479,10.2928
ID999_11_R10.0_W0.25_Ang40,ID999_11_R10.0_W0.25.csv,40,7.1169,43.0801,11.61,9.881,7.0143,45.4618,11.3247,9.7242
ID999_11_R10.0_W0.25_Ang60,ID999_11_R10.0_W0.25.csv,60,7.168,42.7012,11.55,10.41,7.0479,46.3625,10.9989,10.2236
ID999_11_R10.0_W0.25_Ang80,ID999_11_R10.0_W0.25.csv,80,7.1433,44.172,11.24,10.934,6.9203,49.6973,10.6427,10.789
